song_id,song_name,author,confidence,status,basis,sources,researched_on
1,Ade Ade Aa Roju,,0.00,not_researched,Not yet researched - no lookup was performed for this song.,,
2,Neevu Leni Roju,,0.00,not_researched,Not yet researched - no lookup was performed for this song.,,
3,Enni Tharamulu Sthuthiyinchinaa,,0.00,not_researched,Not yet researched - no lookup was performed for this song.,,
4,Nammadagina Devudavu,,0.00,not_researched,Not yet researched - no lookup was performed for this song.,,
5,Neevu Leka Kshanamainaa,,0.00,not_researched,Not yet researched - no lookup was performed for this song.,,
6,Premaa Ane Maayalo,,0.00,not_researched,Not yet researched - no lookup was performed for this song.,,
7,Neeve Naa Rakshana,,0.00,not_researched,Not yet researched - no lookup was performed for this song.,,
8,El Shamaa,,0.00,not_researched,Not yet researched - no lookup was performed for this song.,,
9,Enduko Nannu Neevu,,0.00,not_researched,Not yet researched - no lookup was performed for this song.,,
10,Prema Yesayyaa Premaa,,0.00,not_researched,Not yet researched - no lookup was performed for this song.,,
11,Kadalakunduvu,,0.00,not_researched,Not yet researched - no lookup was performed for this song.,,
12,Pillalaaraa Naa Maata Vinudi,,0.00,not_researched,Not yet researched - no lookup was performed for this song.,,
13,Aakaasham Amrutha Jallulu,,0.00,not_researched,Not yet researched - no lookup was performed for this song.,,
14,Naa Praanaaniki Praanam,,0.00,not_researched,Not yet researched - no lookup was performed for this song.,,
15,Yesu Devuni Aashrayinchumaa,,0.00,not_researched,Not yet researched - no lookup was performed for this song.,,
16,Ae Baadha Ledu Ae Kashtam Ledu,,0.00,not_researched,Not yet researched - no lookup was performed for this song.,,
17,Noothana Samvathsaramulo,,0.00,not_researched,Not yet researched - no lookup was performed for this song.,,
18,Raakada Prabhuni Raakada,,0.00,not_researched,Not yet researched - no lookup was performed for this song.,,
19,Aaraadhanaa Neeke Aaraadhanaa,,0.00,not_researched,Not yet researched - no lookup was performed for this song.,,
20,Neeve Neeve Naa Thodunna,,0.00,not_researched,Not yet researched - no lookup was performed for this song.,,
21,Daari Thappipothunnaavaa,,0.00,not_researched,Not yet researched - no lookup was performed for this song.,,
22,Enduko Nanninthagaa Neevu,,0.00,not_researched,Not yet researched - no lookup was performed for this song.,,
23,Jaya Jaya Yesu,,0.00,not_researched,Not yet researched - no lookup was performed for this song.,,
24,Ee Loka Yaathraalo,,0.00,not_researched,Not yet researched - no lookup was performed for this song.,,
25,Rakshakudu Vachchinaadu,,0.00,not_researched,Not yet researched - no lookup was performed for this song.,,
26,Cheppanaa Cheppanaa,,0.00,not_researched,Not yet researched - no lookup was performed for this song.,,
27,Vesaarina Manase,,0.00,not_researched,Not yet researched - no lookup was performed for this song.,,
28,Yesu Yesu Yesu,,0.00,not_researched,Not yet researched - no lookup was performed for this song.,,
29,Naa Notan Krottha Paata,,0.00,not_researched,Not yet researched - no lookup was performed for this song.,,
30,Yesayyaa Naa Doraa,,0.00,not_researched,Not yet researched - no lookup was performed for this song.,,
31,Aakaashamandu Neevundagaa,,0.00,not_researched,Not yet researched - no lookup was performed for this song.,,
32,Chiru Divvela Velugulatho,,0.00,not_researched,Not yet researched - no lookup was performed for this song.,,
33,Randi Randi Randayo,,0.00,not_researched,Not yet researched - no lookup was performed for this song.,,
34,O Kraisthavaa Yuvakaa,,0.00,not_researched,Not yet researched - no lookup was performed for this song.,,
35,Entha Madhuramu,,0.00,not_researched,Not yet researched - no lookup was performed for this song.,,
36,Nee Krupa Chaalunayaa,,0.00,not_researched,Not yet researched - no lookup was performed for this song.,,
37,Advitheeya Sathya Devaa,,0.00,not_researched,Not yet researched - no lookup was performed for this song.,,
38,Sameepincharaani Thejassulo,,0.00,not_researched,Not yet researched - no lookup was performed for this song.,,
39,Yesu Naamam,,0.00,not_researched,Not yet researched - no lookup was performed for this song.,,
40,Madhuram Madhuram Naa Priya Yesu,,0.00,not_researched,Not yet researched - no lookup was performed for this song.,,
41,Naa Devunni Nenu Premisthunnaa,,0.00,not_researched,Not yet researched - no lookup was performed for this song.,,
42,Nee Deergha Shaanthame,,0.00,not_researched,Not yet researched - no lookup was performed for this song.,,
43,Nenante Neeku Enthishtamo,,0.00,not_researched,Not yet researched - no lookup was performed for this song.,,
44,Nanu Cherina Nee Prema,,0.00,not_researched,Not yet researched - no lookup was performed for this song.,,
45,Suvaarthanu Prakatimpavaa,,0.00,not_researched,Not yet researched - no lookup was performed for this song.,,
46,Prabhuni Smarinchu,,0.00,not_researched,Not yet researched - no lookup was performed for this song.,,
47,Yavvanulaaraa Meeru,,0.00,not_researched,Not yet researched - no lookup was performed for this song.,,
48,Amma Kosam,,0.00,not_researched,Not yet researched - no lookup was performed for this song.,,
49,Yesayya Naamamlo,,0.00,not_researched,Not yet researched - no lookup was performed for this song.,,
50,Devaadhi Devaa,,0.00,not_researched,Not yet researched - no lookup was performed for this song.,,
51,Sudhaa Madhura Kiranaala,,0.00,not_researched,Not yet researched - no lookup was performed for this song.,,
52,Kreesthulo Jeevinchu Naaku,,0.00,not_researched,Not yet researched - no lookup was performed for this song.,,
53,Kalamulatho Raayagalamaa,,0.00,not_researched,Not yet researched - no lookup was performed for this song.,,
54,Karuninchumu Mamu Parama Pithaa,,0.00,not_researched,Not yet researched - no lookup was performed for this song.,,
55,Nijamaina Draakshaavalli,,0.00,not_researched,Not yet researched - no lookup was performed for this song.,,
56,Manishigaa Puttinodu,,0.00,not_researched,Not yet researched - no lookup was performed for this song.,,
57,Naakai Cheelchabadda,,0.00,not_researched,Not yet researched - no lookup was performed for this song.,,
58,Nede Priyaraagam,,0.00,not_researched,Not yet researched - no lookup was performed for this song.,,
59,Aascharyakarudaa Aalochanakarthaa,,0.00,not_researched,Not yet researched - no lookup was performed for this song.,,
60,Lokaana Eduru Choopulu,,0.00,not_researched,Not yet researched - no lookup was performed for this song.,,
61,Chintha Ledika,,0.00,not_researched,Not yet researched - no lookup was performed for this song.,,
62,Pasi Baaludai,,0.00,not_researched,Not yet researched - no lookup was performed for this song.,,
63,Kanti Paapanu,,0.00,not_researched,Not yet researched - no lookup was performed for this song.,,
64,Naa Priyudu Yesu,,0.00,not_researched,Not yet researched - no lookup was performed for this song.,,
65,Viluvainadi Nee Aayushkaalam,,0.00,not_researched,Not yet researched - no lookup was performed for this song.,,
66,Anjali Ghatiyinthu,,0.00,not_researched,Not yet researched - no lookup was performed for this song.,,
67,Aavedana Nenondanu,,0.00,not_researched,Not yet researched - no lookup was performed for this song.,,
68,Shree Yesundu Janminche,,0.00,not_researched,Not yet researched - no lookup was performed for this song.,,
69,Karuninchi Thirigi Samakoorchu,,0.00,not_researched,Not yet researched - no lookup was performed for this song.,,
70,Yese Naa Parihaari,,0.00,not_researched,Not yet researched - no lookup was performed for this song.,,
71,Kalalaa Unnadi,,0.00,not_researched,Not yet researched - no lookup was performed for this song.,,
72,Nee Challanaina Needalo,,0.00,not_researched,Not yet researched - no lookup was performed for this song.,,
73,Divi Nundi Bhuviki,,0.00,not_researched,Not yet researched - no lookup was performed for this song.,,
74,Maruvani Needu Prematho,,0.00,not_researched,Not yet researched - no lookup was performed for this song.,,
75,Geetham Geetham,,0.00,not_researched,Not yet researched - no lookup was performed for this song.,,
76,Khaamosh Raatho Ki,,0.00,not_researched,Not yet researched - no lookup was performed for this song.,,
77,Yesayyaa Neeke Vandanam,,0.00,not_researched,Not yet researched - no lookup was performed for this song.,,
78,Maadhuryame Naa Prabhutho,,0.00,not_researched,Not yet researched - no lookup was performed for this song.,,
79,Anni Saadhyame Yesulo,,0.00,not_researched,Not yet researched - no lookup was performed for this song.,,
80,Praardhana Shakthi Naaku,,0.00,not_researched,Not yet researched - no lookup was performed for this song.,,
81,Viluve Leni Naa Jeevitham,,0.00,not_researched,Not yet researched - no lookup was performed for this song.,,
82,Mahaathmudaina Naa Prabhu,,0.00,not_researched,Not yet researched - no lookup was performed for this song.,,
83,Neekante Nammadagina,,0.00,not_researched,Not yet researched - no lookup was performed for this song.,,
84,Yehovaaku Sthuthulu Paadandi,,0.00,not_researched,Not yet researched - no lookup was performed for this song.,,
85,Yesuni Prema Yesu Vaartha,,0.00,not_researched,Not yet researched - no lookup was performed for this song.,,
86,Yehovaaye Naa Balamu,,0.00,not_researched,Not yet researched - no lookup was performed for this song.,,
87,Yesu Nannu Preminchinaavu,,0.00,not_researched,Not yet researched - no lookup was performed for this song.,,
88,Yesu Devaa Nanu Konipovaa,,0.00,not_researched,Not yet researched - no lookup was performed for this song.,,
89,Yese Janmincheraa,,0.00,not_researched,Not yet researched - no lookup was performed for this song.,,
90,Ghanamaina Naa Yesayyaa,,0.00,not_researched,Not yet researched - no lookup was performed for this song.,,
91,Naalo Unna Aanandamu,,0.00,not_researched,Not yet researched - no lookup was performed for this song.,,
92,Kanalenu Prabhukela,,0.00,not_researched,Not yet researched - no lookup was performed for this song.,,
93,Nee Prema Naa Jeevithaanni,,0.00,not_researched,Not yet researched - no lookup was performed for this song.,,
94,Ontarivi Kaavu,,0.00,not_researched,Not yet researched - no lookup was performed for this song.,,
95,Mangalame Yesunaku,,0.00,not_researched,Not yet researched - no lookup was performed for this song.,,
96,Aakaasha Mahaakaashambulu,,0.00,not_researched,Not yet researched - no lookup was performed for this song.,,
97,Diviteelu Mandaali,,0.00,not_researched,Not yet researched - no lookup was performed for this song.,,
98,Bhaaratha Deshamaa Yesuke,,0.00,not_researched,Not yet researched - no lookup was performed for this song.,,
99,Krupa Vembadi Krupatho,,0.00,not_researched,Not yet researched - no lookup was performed for this song.,,
100,Agni Mandinchu,,0.00,not_researched,Not yet researched - no lookup was performed for this song.,,
101,Nee Paadaalu Thadapakundaa,,0.00,not_researched,Not yet researched - no lookup was performed for this song.,,
102,Manchi Devudu Naa Yesayyaa,,0.00,not_researched,Not yet researched - no lookup was performed for this song.,,
103,Thodu Lerani Kumilipoku,,0.00,not_researched,Not yet researched - no lookup was performed for this song.,,
104,Sthuthulaku Paathrudaa (Aaraadhana),,0.00,not_researched,Not yet researched - no lookup was performed for this song.,,
105,Naa Mano Nethramu Therachi,,0.00,not_researched,Not yet researched - no lookup was performed for this song.,,
106,Chinnaari Baalagaa,,0.00,not_researched,Not yet researched - no lookup was performed for this song.,,
107,Mana Desham,,0.00,not_researched,Not yet researched - no lookup was performed for this song.,,
108,Naa Naanna Intiki,,0.00,not_researched,Not yet researched - no lookup was performed for this song.,,
109,Heenamaina Brathuku Naadi,,0.00,not_researched,Not yet researched - no lookup was performed for this song.,,
110,Vivaahamannadi,,0.00,not_researched,Not yet researched - no lookup was performed for this song.,,
111,Thandri Naa Yesayyaa,,0.00,not_researched,Not yet researched - no lookup was performed for this song.,,
112,Chaahe Thum Ko,,0.00,not_researched,Not yet researched - no lookup was performed for this song.,,
113,Preminthunu Ninne,,0.00,not_researched,Not yet researched - no lookup was performed for this song.,,
114,Goodu Leni Guvvalaa,,0.00,not_researched,Not yet researched - no lookup was performed for this song.,,
115,Oneness,,0.00,not_researched,Not yet researched - no lookup was performed for this song.,,
116,Solipoyina Manasaa,,0.00,not_researched,Not yet researched - no lookup was performed for this song.,,
117,Nee Jaldaru Vrukshapu,,0.00,not_researched,Not yet researched - no lookup was performed for this song.,,
118,Evarunnaarayyaa,,0.00,not_researched,Not yet researched - no lookup was performed for this song.,,
119,Noothana Parachumu Devaa,,0.00,not_researched,Not yet researched - no lookup was performed for this song.,,
120,Solipovaladu Medley,,0.00,not_researched,Not yet researched - no lookup was performed for this song.,,
121,Krungina Velalo,,0.00,not_researched,Not yet researched - no lookup was performed for this song.,,
122,Yehovaa Naa Kaapari,,0.00,not_researched,Not yet researched - no lookup was performed for this song.,,
123,Oohinchaleni Kaaryamulu,,0.00,not_researched,Not yet researched - no lookup was performed for this song.,,
124,Evaritho Nee Jeevitham,,0.00,not_researched,Not yet researched - no lookup was performed for this song.,,
125,Kreesthuni Swaramu Vindunu,,0.00,not_researched,Not yet researched - no lookup was performed for this song.,,
126,Chakkanaina Daari Neeve,,0.00,not_researched,Not yet researched - no lookup was performed for this song.,,
127,Sahodarulu Aikyatha Kaligi,,0.00,not_researched,Not yet researched - no lookup was performed for this song.,,
128,Yehovaanu Sannuthinchedan,,0.00,not_researched,Not yet researched - no lookup was performed for this song.,,
129,Kummari O Kummari,,0.00,not_researched,Not yet researched - no lookup was performed for this song.,,
130,Priyathama Bandhamaa,,0.00,not_researched,Not yet researched - no lookup was performed for this song.,,
131,Praardhana Yesuni Sandarshana,,0.00,not_researched,Not yet researched - no lookup was performed for this song.,,
132,Aaraadhinchedanu Ninnu,,0.00,not_researched,Not yet researched - no lookup was performed for this song.,,
133,Shreshtamaina Naamam,,0.00,not_researched,Not yet researched - no lookup was performed for this song.,,
134,Devaa Naa Jeevithamidigo,,0.00,not_researched,Not yet researched - no lookup was performed for this song.,,
135,Neethigala Yehovaa Sthuthi,,0.00,not_researched,Not yet researched - no lookup was performed for this song.,,
136,Sthothra Gaanam Chesindi Praanam,,0.00,not_researched,Not yet researched - no lookup was performed for this song.,,
137,Aahaa Yemaanandam,,0.00,not_researched,Not yet researched - no lookup was performed for this song.,,
138,Andaala Thaara,,0.00,not_researched,Not yet researched - no lookup was performed for this song.,,
139,Dhyaaninchuchuntimi,,0.00,not_researched,Not yet researched - no lookup was performed for this song.,,
140,Krupa Krupa Nee Krupa,,0.00,not_researched,Not yet researched - no lookup was performed for this song.,,
141,Sundaramulu Athi Sundaramulu,,0.00,not_researched,Not yet researched - no lookup was performed for this song.,,
142,Parishuddhudu Parishuddhudu,,0.00,not_researched,Not yet researched - no lookup was performed for this song.,,
143,Paadeda Devaa Nee Krupalan,,0.00,not_researched,Not yet researched - no lookup was performed for this song.,,
144,Mokaalla Anubhavamu,,0.00,not_researched,Not yet researched - no lookup was performed for this song.,,
145,Nee Paadaale Naaku Sharanam,,0.00,not_researched,Not yet researched - no lookup was performed for this song.,,
146,Naa Thandri Neeve,,0.00,not_researched,Not yet researched - no lookup was performed for this song.,,
147,Paravashincheda Nee Vaakyamulo,,0.00,not_researched,Not yet researched - no lookup was performed for this song.,,
148,Raavayyaa Yesayyaa,,0.00,not_researched,Not yet researched - no lookup was performed for this song.,,
149,Naa Yesayyaa Naa Rakshakaa,,0.00,not_researched,Not yet researched - no lookup was performed for this song.,,
150,Vetagaani Urilo Nundi,,0.00,not_researched,Not yet researched - no lookup was performed for this song.,,
151,Aaraadhincheda Ninu Madi Pogadeda,,0.00,not_researched,Not yet researched - no lookup was performed for this song.,,
152,Unnatha Sthalamulalo,,0.00,not_researched,Not yet researched - no lookup was performed for this song.,,
153,Janminchinaaduraa Raaju,,0.00,not_researched,Not yet researched - no lookup was performed for this song.,,
154,Vaagdhaanamu,,0.00,not_researched,Not yet researched - no lookup was performed for this song.,,
155,Oohalu Naadu Ootalu,,0.00,not_researched,Not yet researched - no lookup was performed for this song.,,
156,Premalo Paddaanu,,0.00,not_researched,Not yet researched - no lookup was performed for this song.,,
157,Sthuthinchedanu Sthuthinchedanu,,0.00,not_researched,Not yet researched - no lookup was performed for this song.,,
158,Nee Arachethilo Chekkukuntivi,,0.00,not_researched,Not yet researched - no lookup was performed for this song.,,
159,Nee Jeevitham Viluvainadi,,0.00,not_researched,Not yet researched - no lookup was performed for this song.,,
160,Gadachina Kaalamu,,0.00,not_researched,Not yet researched - no lookup was performed for this song.,,
161,Alankarinchunu,,0.00,not_researched,Not yet researched - no lookup was performed for this song.,,
162,Needu Premaku Haddu Ledayaa,,0.00,not_researched,Not yet researched - no lookup was performed for this song.,,
163,Kaluvari Girilo Siluva Dhaariyai,,0.00,not_researched,Not yet researched - no lookup was performed for this song.,,
164,Ninne Preminthunu,,0.00,not_researched,Not yet researched - no lookup was performed for this song.,,
165,O Devaa Daya Choopumayyaa,,0.00,not_researched,Not yet researched - no lookup was performed for this song.,,
166,Putte Yesudu Nedu,,0.00,not_researched,Not yet researched - no lookup was performed for this song.,,
167,Egedanu Ne Cheredanu,,0.00,not_researched,Not yet researched - no lookup was performed for this song.,,
168,Naa Koraku Baliyaina,,0.00,not_researched,Not yet researched - no lookup was performed for this song.,,
169,Siluva Chenthaku Raa,,0.00,not_researched,Not yet researched - no lookup was performed for this song.,,
170,Aakaasham Nee Simhaasanam,,0.00,not_researched,Not yet researched - no lookup was performed for this song.,,
171,Naa Sankata Dukhamulella,,0.00,not_researched,Not yet researched - no lookup was performed for this song.,,
172,Nee Dayalo Nenunna,,0.00,not_researched,Not yet researched - no lookup was performed for this song.,,
173,Meluko Vishwaasi Meluko,,0.00,not_researched,Not yet researched - no lookup was performed for this song.,,
174,Needu Vishwaasyatha,,0.00,not_researched,Not yet researched - no lookup was performed for this song.,,
175,Mahonnathudaa Maa Devaa,,0.00,not_researched,Not yet researched - no lookup was performed for this song.,,
176,Naa Priya Yesu Raa,,0.00,not_researched,Not yet researched - no lookup was performed for this song.,,
177,Saagi Saagi Pommu,,0.00,not_researched,Not yet researched - no lookup was performed for this song.,,
178,Kalvari Giripai Siluva,,0.00,not_researched,Not yet researched - no lookup was performed for this song.,,
179,Entho Sundarudamma Thaanu,,0.00,not_researched,Not yet researched - no lookup was performed for this song.,,
180,Maa Sarvaanidhi Neevayyaa,,0.00,not_researched,Not yet researched - no lookup was performed for this song.,,
181,Naakai Naa Yesu Kattenu,,0.00,not_researched,Not yet researched - no lookup was performed for this song.,,
182,Hosannaa Hallelooyaa,,0.00,not_researched,Not yet researched - no lookup was performed for this song.,,
183,Prabhuvaa Prabhuvaa,,0.00,not_researched,Not yet researched - no lookup was performed for this song.,,
184,Anni Velala Aaraadhana,,0.00,not_researched,Not yet researched - no lookup was performed for this song.,,
185,Naa Korakai Anniyu Chesenu,,0.00,not_researched,Not yet researched - no lookup was performed for this song.,,
186,Kraisthavudaa Sainikudaa,,0.00,not_researched,Not yet researched - no lookup was performed for this song.,,
187,Ibaadath Karo,,0.00,not_researched,Not yet researched - no lookup was performed for this song.,,
188,Bethlehem Puramuna,,0.00,not_researched,Not yet researched - no lookup was performed for this song.,,
189,Entha Prema Yesayyaa,,0.00,not_researched,Not yet researched - no lookup was performed for this song.,,
190,Neelo Samasthamu Saadhyame,,0.00,not_researched,Not yet researched - no lookup was performed for this song.,,
191,Yesuni Naamamulo,,0.00,not_researched,Not yet researched - no lookup was performed for this song.,,
192,Ella Velalandu,,0.00,not_researched,Not yet researched - no lookup was performed for this song.,,
193,Nee Premaku Saati,,0.00,not_researched,Not yet researched - no lookup was performed for this song.,,
194,Ae Reethi Nee Runam,,0.00,not_researched,Not yet researched - no lookup was performed for this song.,,
195,Naatho Neevu Maatlaadinacho,,0.00,not_researched,Not yet researched - no lookup was performed for this song.,,
196,Oka Kshanamainaa Ninnu,,0.00,not_researched,Not yet researched - no lookup was performed for this song.,,
197,Yesu Maatho Neevundagaa,,0.00,not_researched,Not yet researched - no lookup was performed for this song.,,
198,Manchi Snehithudu,,0.00,not_researched,Not yet researched - no lookup was performed for this song.,,
199,O Maanavaaa,,0.00,not_researched,Not yet researched - no lookup was performed for this song.,,
200,Neevu Thappa Naakee Lokamlo,,0.00,not_researched,Not yet researched - no lookup was performed for this song.,,
201,Nee Pilupu,,0.00,not_researched,Not yet researched - no lookup was performed for this song.,,
202,Devuni Prema Idigo,,0.00,not_researched,Not yet researched - no lookup was performed for this song.,,
203,Devudu Manaku Ellappudu,,0.00,not_researched,Not yet researched - no lookup was performed for this song.,,
204,Ontarithanamulo Thoduvai,,0.00,not_researched,Not yet researched - no lookup was performed for this song.,,
205,Viduvavu Nannika,,0.00,not_researched,Not yet researched - no lookup was performed for this song.,,
206,Yesu Kreesthu Puttenu Nedu,,0.00,not_researched,Not yet researched - no lookup was performed for this song.,,
207,Naa Jeevithaanthamu,,0.00,not_researched,Not yet researched - no lookup was performed for this song.,,
208,Naa Thandri,,0.00,not_researched,Not yet researched - no lookup was performed for this song.,,
209,Entha Krupaamayudavu,,0.00,not_researched,Not yet researched - no lookup was performed for this song.,,
210,Andaru Mehchcina Andaala Thaara,,0.00,not_researched,Not yet researched - no lookup was performed for this song.,,
211,Naa Oohakandani Prematho,,0.00,not_researched,Not yet researched - no lookup was performed for this song.,,
212,Naa Yedala Neekunna,,0.00,not_researched,Not yet researched - no lookup was performed for this song.,,
213,Aakaashamandunna Aaseenudaa,,0.00,not_researched,Not yet researched - no lookup was performed for this song.,,
214,Anni Saadhyame Yesuku,,0.00,not_researched,Not yet researched - no lookup was performed for this song.,,
215,Maarina Manasulu,,0.00,not_researched,Not yet researched - no lookup was performed for this song.,,
216,Neeke Naa Aaraadhanaa,,0.00,not_researched,Not yet researched - no lookup was performed for this song.,,
217,Hallelooya Sthuthi Mahima,,0.00,not_researched,Not yet researched - no lookup was performed for this song.,,
218,Raavayya Yesunaadhaa,,0.00,not_researched,Not yet researched - no lookup was performed for this song.,,
219,Nedu Yesu Lechinaadu,,0.00,not_researched,Not yet researched - no lookup was performed for this song.,,
220,Oke Oka Maargamu,,0.00,not_researched,Not yet researched - no lookup was performed for this song.,,
221,Chinni Chinni Chethulatho,,0.00,not_researched,Not yet researched - no lookup was performed for this song.,,
222,Kaalaalu Maarina Gaani,,0.00,not_researched,Not yet researched - no lookup was performed for this song.,,
223,Ninu Polina Vaarevaru,,0.00,not_researched,Not yet researched - no lookup was performed for this song.,,
224,Devude Naakaashrayambu,,0.00,not_researched,Not yet researched - no lookup was performed for this song.,,
225,Maaku Thoduga Neevuntivi,,0.00,not_researched,Not yet researched - no lookup was performed for this song.,,
226,Naa Jeevitha Bhaagasvaami,,0.00,not_researched,Not yet researched - no lookup was performed for this song.,,
227,Immaanuyelu Rakthamu,,0.00,not_researched,Not yet researched - no lookup was performed for this song.,,
228,Sthuthi Paadi Keerthinthumu,,0.00,not_researched,Not yet researched - no lookup was performed for this song.,,
229,Chettu Choosthe Pachchagundi,,0.00,not_researched,Not yet researched - no lookup was performed for this song.,,
230,Vaati Vaati Kaalamuna,,0.00,not_researched,Not yet researched - no lookup was performed for this song.,,
231,Tholakari Vaana,,0.00,not_researched,Not yet researched - no lookup was performed for this song.,,
232,Kanneellatho Pagilina Gundetho,,0.00,not_researched,Not yet researched - no lookup was performed for this song.,,
233,Jayam Jayam,,0.00,not_researched,Not yet researched - no lookup was performed for this song.,,
234,Haallelooyaa Aaraadhana,,0.00,not_researched,Not yet researched - no lookup was performed for this song.,,
235,Hallelooya Hallelooya,,0.00,not_researched,Not yet researched - no lookup was performed for this song.,,
236,Thene Kanna Theeyanainadi,,0.00,not_researched,Not yet researched - no lookup was performed for this song.,,
237,Naa Balamanthaa Neevenayyaa,,0.00,not_researched,Not yet researched - no lookup was performed for this song.,,
238,Jaagrattha Bhakthulaaraa,,0.00,not_researched,Not yet researched - no lookup was performed for this song.,,
239,Nenunnaa Nenunnaa,,0.00,not_researched,Not yet researched - no lookup was performed for this song.,,
240,Eelaatidaa Yesu Prema,,0.00,not_researched,Not yet researched - no lookup was performed for this song.,,
241,Yesu Vale,,0.00,not_researched,Not yet researched - no lookup was performed for this song.,,
242,Gamyam Cheraalani,,0.00,not_researched,Not yet researched - no lookup was performed for this song.,,
243,Kalugunu Gaaka Devuniki Mahima,,0.00,not_researched,Not yet researched - no lookup was performed for this song.,,
244,Gaali Samudrapu Alalaku,,0.00,not_researched,Not yet researched - no lookup was performed for this song.,,
245,Koniyaada Tharame Ninnu,,0.00,not_researched,Not yet researched - no lookup was performed for this song.,,
246,Entha Manchi Devudavesayyaa,,0.00,not_researched,Not yet researched - no lookup was performed for this song.,,
247,Puttinaadanta Yesu Naathudu,,0.00,not_researched,Not yet researched - no lookup was performed for this song.,,
248,Neetho Samamevaru,,0.00,not_researched,Not yet researched - no lookup was performed for this song.,,
249,Varninchalenu Vivarinchalenu,,0.00,not_researched,Not yet researched - no lookup was performed for this song.,,
250,Okasaari Nee Swaramu,,0.00,not_researched,Not yet researched - no lookup was performed for this song.,,
251,Aao Khushi Se,,0.00,not_researched,Not yet researched - no lookup was performed for this song.,,
252,Nyaayaadhipathi,,0.00,not_researched,Not yet researched - no lookup was performed for this song.,,
253,Ammallaaraa O Akkallaaraa,,0.00,not_researched,Not yet researched - no lookup was performed for this song.,,
254,Kalvari Premanu,,0.00,not_researched,Not yet researched - no lookup was performed for this song.,,
255,Sarvaanga Sundaraa,,0.00,not_researched,Not yet researched - no lookup was performed for this song.,,
256,Goppavaadu Kressthu Yesu,,0.00,not_researched,Not yet researched - no lookup was performed for this song.,,
257,Ayyaa Naa Kosam Kalvarilo,,0.00,not_researched,Not yet researched - no lookup was performed for this song.,,
258,Nee Roopam Naalona,,0.00,not_researched,Not yet researched - no lookup was performed for this song.,,
259,Aascharyakarudu Aalochanakartha,,0.00,not_researched,Not yet researched - no lookup was performed for this song.,,
260,Koorchundunu Nee Sannidhilo,,0.00,not_researched,Not yet researched - no lookup was performed for this song.,,
261,Emi Unnaa Lekunnaa,,0.00,not_researched,Not yet researched - no lookup was performed for this song.,,
262,Nuvvante Ishtamu Naa Yesayyaa,,0.00,not_researched,Not yet researched - no lookup was performed for this song.,,
263,Adbhuthakarudaa,,0.00,not_researched,Not yet researched - no lookup was performed for this song.,,
264,Naa Praanamaa Digulenduku,,0.00,not_researched,Not yet researched - no lookup was performed for this song.,,
265,Yese Daivamu,,0.00,not_researched,Not yet researched - no lookup was performed for this song.,,
266,Shuddha Hrudayam,,0.00,not_researched,Not yet researched - no lookup was performed for this song.,,
267,Nallaa Nallaani Cheekati,,0.00,not_researched,Not yet researched - no lookup was performed for this song.,,
268,Yaakobu Baavi Kaada,,0.00,not_researched,Not yet researched - no lookup was performed for this song.,,
269,Vaakyame Shareera Dhaariyai,,0.00,not_researched,Not yet researched - no lookup was performed for this song.,,
270,Yaave,,0.00,not_researched,Not yet researched - no lookup was performed for this song.,,
271,Krupaa Sathya Sampoornudaa,,0.00,not_researched,Not yet researched - no lookup was performed for this song.,,
272,Etthaina Konda Paina,,0.00,not_researched,Not yet researched - no lookup was performed for this song.,,
273,Naa Yesu Raajyamu,,0.00,not_researched,Not yet researched - no lookup was performed for this song.,,
274,Yesu Rakthame Jayamu Jayamuraa,,0.00,not_researched,Not yet researched - no lookup was performed for this song.,,
275,Melainaa Keedainaa,,0.00,not_researched,Not yet researched - no lookup was performed for this song.,,
276,Udayinchinaadu,,0.00,not_researched,Not yet researched - no lookup was performed for this song.,,
277,Hallelooyaa Naa Paata,,0.00,not_researched,Not yet researched - no lookup was performed for this song.,,
278,Rakshimpabadina Neevu,,0.00,not_researched,Not yet researched - no lookup was performed for this song.,,
279,Yesu Raajaa Arpinchedhanayyaa,,0.00,not_researched,Not yet researched - no lookup was performed for this song.,,
280,Gunavathi Aina Bhaarya,,0.00,not_researched,Not yet researched - no lookup was performed for this song.,,
281,Kreesthesu Prabhuvu,,0.00,not_researched,Not yet researched - no lookup was performed for this song.,,
282,Nee Nirnayam,,0.00,not_researched,Not yet researched - no lookup was performed for this song.,,
283,Yavvanudaa,,0.00,not_researched,Not yet researched - no lookup was performed for this song.,,
284,Mahimaku Paathrudaa,,0.00,not_researched,Not yet researched - no lookup was performed for this song.,,
285,Sthuthi Neeke Yesu Raajaa,,0.00,not_researched,Not yet researched - no lookup was performed for this song.,,
286,Yesu Nee Swaroopamunu,,0.00,not_researched,Not yet researched - no lookup was performed for this song.,,
287,Junte Thene Kannaa,,0.00,not_researched,Not yet researched - no lookup was performed for this song.,,
288,Unna Paatuna Vachchuchunnaanu,,0.00,not_researched,Not yet researched - no lookup was performed for this song.,,
289,Siluvalo Saagindi Yaathra,,0.00,not_researched,Not yet researched - no lookup was performed for this song.,,
290,Sarva Yugamulalo Sajeevudavu,,0.00,not_researched,Not yet researched - no lookup was performed for this song.,,
291,Madhuram Madhuram,,0.00,not_researched,Not yet researched - no lookup was performed for this song.,,
292,Rakshakudaa Yesu Prabho,,0.00,not_researched,Not yet researched - no lookup was performed for this song.,,
293,Yesu Raajugaa Vachchuchunnaadu,,0.00,not_researched,Not yet researched - no lookup was performed for this song.,,
294,Bhaaratha Desha Suvaartha,,0.00,not_researched,Not yet researched - no lookup was performed for this song.,,
295,Sthuthiki Paathruda Yesayyaa,,0.00,not_researched,Not yet researched - no lookup was performed for this song.,,
296,Nee Rakthame Nee Rakthame,,0.00,not_researched,Not yet researched - no lookup was performed for this song.,,
297,Ne Yesuni Vembadinthunani,,0.00,not_researched,Not yet researched - no lookup was performed for this song.,,
298,Gunde Nindaa Yesu Unte,,0.00,not_researched,Not yet researched - no lookup was performed for this song.,,
299,Maranamu Gelichenu,,0.00,not_researched,Not yet researched - no lookup was performed for this song.,,
300,Aadiyanthamu Leni Vaadaa,,0.00,not_researched,Not yet researched - no lookup was performed for this song.,,
301,Naa Aashala Pallaki,,0.00,not_researched,Not yet researched - no lookup was performed for this song.,,
302,Karige Koduku,,0.00,not_researched,Not yet researched - no lookup was performed for this song.,,
303,Hosanna Hosannaa,,0.00,not_researched,Not yet researched - no lookup was performed for this song.,,
304,Samayamu Poneeyaka,,0.00,not_researched,Not yet researched - no lookup was performed for this song.,,
305,Enduko Devaa Inthati Premaa,,0.00,not_researched,Not yet researched - no lookup was performed for this song.,,
306,Naa Praanamaa Aelane,,0.00,not_researched,Not yet researched - no lookup was performed for this song.,,
307,Enaleni Prema (Oohinchagalanaa),,0.00,not_researched,Not yet researched - no lookup was performed for this song.,,
308,Neekasaadhyamainadi Ediyu Ledu,,0.00,not_researched,Not yet researched - no lookup was performed for this song.,,
309,Innellu Ilalo,,0.00,not_researched,Not yet researched - no lookup was performed for this song.,,
310,Seeyonu Paatalu Santhoshamugaa,,0.00,not_researched,Not yet researched - no lookup was performed for this song.,,
311,Mammentho Preminchaavu,,0.00,not_researched,Not yet researched - no lookup was performed for this song.,,
312,Yesu Parishuddha Naamamunaku,,0.00,not_researched,Not yet researched - no lookup was performed for this song.,,
313,Aaraadhana Adhika Sthothramu,,0.00,not_researched,Not yet researched - no lookup was performed for this song.,,
314,Yeshu Masih,,0.00,not_researched,Not yet researched - no lookup was performed for this song.,,
315,Siluvalo Bali Aina,,0.00,not_researched,Not yet researched - no lookup was performed for this song.,,
316,Prema Yesuni Prema,,0.00,not_researched,Not yet researched - no lookup was performed for this song.,,
317,Ninnu Kaapaadu Devudu,,0.00,not_researched,Not yet researched - no lookup was performed for this song.,,
318,Siluva Dhyaanam,,0.00,not_researched,Not yet researched - no lookup was performed for this song.,,
319,Aa Dari Chere Daare Kanaraadu,,0.00,not_researched,Not yet researched - no lookup was performed for this song.,,
320,Yehovaa Yire,,0.00,not_researched,Not yet researched - no lookup was performed for this song.,,
321,Gaganamu Cheelchukoni,,0.00,not_researched,Not yet researched - no lookup was performed for this song.,,
322,Sundarudaa Athishayudaa,,0.00,not_researched,Not yet researched - no lookup was performed for this song.,,
323,Devaa Nee Thalampulu,,0.00,not_researched,Not yet researched - no lookup was performed for this song.,,
324,Neevu Thappa Naaku Ilalo,,0.00,not_researched,Not yet researched - no lookup was performed for this song.,,
325,Thappipoyina Gorre,,0.00,not_researched,Not yet researched - no lookup was performed for this song.,,
326,Parishuddhaathmudaa Neeke Vandanam,,0.00,not_researched,Not yet researched - no lookup was performed for this song.,,
327,Nenu Thaggaali Yesu,,0.00,not_researched,Not yet researched - no lookup was performed for this song.,,
328,Raaju Puttenu,,0.00,not_researched,Not yet researched - no lookup was performed for this song.,,
329,Hallelooyaa Yesu Prabhun,,0.00,not_researched,Not yet researched - no lookup was performed for this song.,,
330,Nesthamaa Priya Nesthamaa,,0.00,not_researched,Not yet researched - no lookup was performed for this song.,,
331,Lokamanthata Velugu,,0.00,not_researched,Not yet researched - no lookup was performed for this song.,,
332,Paavuramaa Nee Prema,,0.00,not_researched,Not yet researched - no lookup was performed for this song.,,
333,Yesanna Swaramannaa,,0.00,not_researched,Not yet researched - no lookup was performed for this song.,,
334,Jeevinthu Nenu,,0.00,not_researched,Not yet researched - no lookup was performed for this song.,,
335,Prabhuvaa Neeve Naadu Sharanam,,0.00,not_researched,Not yet researched - no lookup was performed for this song.,,
336,Devaa Nee Goppa Kaaryamulan,,0.00,not_researched,Not yet researched - no lookup was performed for this song.,,
337,Neeve Naa Thodu Unnaavayyaa,,0.00,not_researched,Not yet researched - no lookup was performed for this song.,,
338,Naa Praanamaa Naa Samasthamaa,,0.00,not_researched,Not yet researched - no lookup was performed for this song.,,
339,Neeku Saati Evaru Leru,,0.00,not_researched,Not yet researched - no lookup was performed for this song.,,
340,Sarva Srushtiloni,,0.00,not_researched,Not yet researched - no lookup was performed for this song.,,
341,Kannulundi Choodaleva,,0.00,not_researched,Not yet researched - no lookup was performed for this song.,,
342,Choochithive Naa Kanneetini,,0.00,not_researched,Not yet researched - no lookup was performed for this song.,,
343,O Praardhanaa Supraardhanaa,,0.00,not_researched,Not yet researched - no lookup was performed for this song.,,
344,Thaaraa Velisenu Ee Vela,,0.00,not_researched,Not yet researched - no lookup was performed for this song.,,
345,Hallelooyaa Paadedaaa,,0.00,not_researched,Not yet researched - no lookup was performed for this song.,,
346,Randi Uthsaahinchi Paadudamu,,0.00,not_researched,Not yet researched - no lookup was performed for this song.,,
347,Chali Raathiri Eduru Choose,,0.00,not_researched,Not yet researched - no lookup was performed for this song.,,
348,Aalayamlo Praveshinchandi,,0.00,not_researched,Not yet researched - no lookup was performed for this song.,,
349,Halellooyaa Aanandame,,0.00,not_researched,Not yet researched - no lookup was performed for this song.,,
350,Sakalamu Cheyu,,0.00,not_researched,Not yet researched - no lookup was performed for this song.,,
351,Vandanaalu Yesu,,0.00,not_researched,Not yet researched - no lookup was performed for this song.,,
352,Maargamu Choopumu Intiki,,0.00,not_researched,Not yet researched - no lookup was performed for this song.,,
353,Naa Praanamaa Sannuthinchumaa (Yehovaa),,0.00,not_researched,Not yet researched - no lookup was performed for this song.,,
354,Aasheervaadam,,0.00,not_researched,Not yet researched - no lookup was performed for this song.,,
355,Nee Krupa Chaalunu,,0.00,not_researched,Not yet researched - no lookup was performed for this song.,,
356,Prathigaa (Yesu Yesu),,0.00,not_researched,Not yet researched - no lookup was performed for this song.,,
357,Entha Manchi Devudavayyaa,,0.00,not_researched,Not yet researched - no lookup was performed for this song.,,
358,Keerthinthunu Nee Naamamu,,0.00,not_researched,Not yet researched - no lookup was performed for this song.,,
359,Sthothrabali Arpinchedhamu,,0.00,not_researched,Not yet researched - no lookup was performed for this song.,,
360,Aahaa Aanandame,,0.00,not_researched,Not yet researched - no lookup was performed for this song.,,
361,Yesu Prabhuve,,0.00,not_researched,Not yet researched - no lookup was performed for this song.,,
362,Yesu Unte Chaalu,,0.00,not_researched,Not yet researched - no lookup was performed for this song.,,
363,Parama Thandri Neeke Sthothram,,0.00,not_researched,Not yet researched - no lookup was performed for this song.,,
364,Kaapaade Devudu Yesayyaa,,0.00,not_researched,Not yet researched - no lookup was performed for this song.,,
365,Lekkinchaleni Sthothramul,,0.00,not_researched,Not yet researched - no lookup was performed for this song.,,
366,Varninchalenu,,0.00,not_researched,Not yet researched - no lookup was performed for this song.,,
367,Nammakamaina Naa Prabhu,,0.00,not_researched,Not yet researched - no lookup was performed for this song.,,
368,Naa Pere Theliyani Prajalu,,0.00,not_researched,Not yet researched - no lookup was performed for this song.,,
369,Naakentho Aanandam,,0.00,not_researched,Not yet researched - no lookup was performed for this song.,,
370,Maranamu Nannemi Cheyaledu,,0.00,not_researched,Not yet researched - no lookup was performed for this song.,,
371,Paralokamlo Unna Maa Yesu,,0.00,not_researched,Not yet researched - no lookup was performed for this song.,,
372,Jeevithaanthamu Ne Neetho,,0.00,not_researched,Not yet researched - no lookup was performed for this song.,,
373,Kontha Yedamu Neevainaa,,0.00,not_researched,Not yet researched - no lookup was performed for this song.,,
374,Nee Chethitho Nannu Pattuko,,0.00,not_researched,Not yet researched - no lookup was performed for this song.,,
375,Adhigadhigo Alladhigo,,0.00,not_researched,Not yet researched - no lookup was performed for this song.,,
376,Vachchindi Vachchindi Vachchindi,,0.00,not_researched,Not yet researched - no lookup was performed for this song.,,
377,Devuni Goppa Mahimanu,,0.00,not_researched,Not yet researched - no lookup was performed for this song.,,
378,Nee Preme Naaku Chaalayyaa,,0.00,not_researched,Not yet researched - no lookup was performed for this song.,,
379,Viluvainadi Nee Jeevitham,,0.00,not_researched,Not yet researched - no lookup was performed for this song.,,
380,Ae Thegulu Nee Gudaaramu,,0.00,not_researched,Not yet researched - no lookup was performed for this song.,,
381,Maayaa Loka Chaayallona,,0.00,not_researched,Not yet researched - no lookup was performed for this song.,,
382,Raajula Raaju,,0.00,not_researched,Not yet researched - no lookup was performed for this song.,,
383,Yesayyaa Naa Hrudayaabhilaasha,,0.00,not_researched,Not yet researched - no lookup was performed for this song.,,
384,Sthuthiyinchedaa Nee Naamam,,0.00,not_researched,Not yet researched - no lookup was performed for this song.,,
385,Yehova Naa Aashrayam,,0.00,not_researched,Not yet researched - no lookup was performed for this song.,,
386,Thuppu Patti Povuta Kante,,0.00,not_researched,Not yet researched - no lookup was performed for this song.,,
387,Raajula Raajaa,,0.00,not_researched,Not yet researched - no lookup was performed for this song.,,
388,Naa Deva Prabhuvaa,,0.00,not_researched,Not yet researched - no lookup was performed for this song.,,
389,Thoorupu Dikkuna Chukka Butte,,0.00,not_researched,Not yet researched - no lookup was performed for this song.,,
390,Yesu Manchi Devudu,,0.00,not_researched,Not yet researched - no lookup was performed for this song.,,
391,Yehovaa Naa Kaapari (Loyalalo),,0.00,not_researched,Not yet researched - no lookup was performed for this song.,,
392,Yesu Ninnu Nenu,,0.00,not_researched,Not yet researched - no lookup was performed for this song.,,
393,Devaa Nee Aathmanu,,0.00,not_researched,Not yet researched - no lookup was performed for this song.,,
394,Vidheyathake Ardhamu Cheppina,,0.00,not_researched,Not yet researched - no lookup was performed for this song.,,
395,Nee Chethi Kaaryamulu,,0.00,not_researched,Not yet researched - no lookup was performed for this song.,,
396,Tharachi Tharachi,,0.00,not_researched,Not yet researched - no lookup was performed for this song.,,
397,Krupalanu Thalanchuchu,,0.00,not_researched,Not yet researched - no lookup was performed for this song.,,
398,Kattelapai Nee Shareeram,,0.00,not_researched,Not yet researched - no lookup was performed for this song.,,
399,Maarpu Chendavaa,,0.00,not_researched,Not yet researched - no lookup was performed for this song.,,
400,Raare Choothamu,,0.00,not_researched,Not yet researched - no lookup was performed for this song.,,
401,Choopula Valana Kaligedi,,0.00,not_researched,Not yet researched - no lookup was performed for this song.,,
402,Shaashwathamaa Ee Deham,,0.00,not_researched,Not yet researched - no lookup was performed for this song.,,
403,Parama Thandri,,0.00,not_researched,Not yet researched - no lookup was performed for this song.,,
404,Ekkado Manasu Vellipoyindi,,0.00,not_researched,Not yet researched - no lookup was performed for this song.,,
405,Bhakthulaaraa Smariyinchedamu,,0.00,not_researched,Not yet researched - no lookup was performed for this song.,,
406,Aananda Thailaabhishekamu,,0.00,not_researched,Not yet researched - no lookup was performed for this song.,,
407,Tharaalu Maarinaa Yugaalu Maarinaa,,0.00,not_researched,Not yet researched - no lookup was performed for this song.,,
408,Hrudayapoorvaka Aaraadhana,,0.00,not_researched,Not yet researched - no lookup was performed for this song.,,
409,Andamaina Kshanamu,,0.00,not_researched,Not yet researched - no lookup was performed for this song.,,
410,Aakashaana Thaara Okati,,0.00,not_researched,Not yet researched - no lookup was performed for this song.,,
411,Parugetthedaa Parugetthedaa,,0.00,not_researched,Not yet researched - no lookup was performed for this song.,,
412,Junti Thene Dhaarala Kannaa,,0.00,not_researched,Not yet researched - no lookup was performed for this song.,,
413,Yese Naa Oopiri,,0.00,not_researched,Not yet researched - no lookup was performed for this song.,,
414,Yesu Nan Preminchithivi,,0.00,not_researched,Not yet researched - no lookup was performed for this song.,,
415,Yesu Jananamu,,0.00,not_researched,Not yet researched - no lookup was performed for this song.,,
416,Priya Yesu Nirminchithivi,,0.00,not_researched,Not yet researched - no lookup was performed for this song.,,
417,Yesuni Naamamlo Shakthi,,0.00,not_researched,Not yet researched - no lookup was performed for this song.,,
418,Aakaashamaa Aalakinchumaa,,0.00,not_researched,Not yet researched - no lookup was performed for this song.,,
419,Naalo Undi Nanu Nadipincheti,,0.00,not_researched,Not yet researched - no lookup was performed for this song.,,
420,Samarpana Cheyumu Prabhuvunaku,,0.00,not_researched,Not yet researched - no lookup was performed for this song.,,
421,Chaalaa Goppodu,,0.00,not_researched,Not yet researched - no lookup was performed for this song.,,
422,Keerthi Hallelooyaa,,0.00,not_researched,Not yet researched - no lookup was performed for this song.,,
423,Oka Chethilo Karra,,0.00,not_researched,Not yet researched - no lookup was performed for this song.,,
424,Nibbaram Kaligi,,0.00,not_researched,Not yet researched - no lookup was performed for this song.,,
425,Yesu Rakthamulo,,0.00,not_researched,Not yet researched - no lookup was performed for this song.,,
426,Gurthundipoye Ee Kshanaalalo,,0.00,not_researched,Not yet researched - no lookup was performed for this song.,,
427,Prematho Yesu,,0.00,not_researched,Not yet researched - no lookup was performed for this song.,,
428,Sarvaanga Kavachamu Neeve,,0.00,not_researched,Not yet researched - no lookup was performed for this song.,,
429,Goodu Vidachi Vellina Naade,,0.00,not_researched,Not yet researched - no lookup was performed for this song.,,
430,Nenemainaa Prabhuvaa,,0.00,not_researched,Not yet researched - no lookup was performed for this song.,,
431,Sharanam Sharanam Sharanam Devaa,,0.00,not_researched,Not yet researched - no lookup was performed for this song.,,
432,Shramayainaa Baadhainaa,,0.00,not_researched,Not yet researched - no lookup was performed for this song.,,
433,Christmas Aanandam Vachchenu,,0.00,not_researched,Not yet researched - no lookup was performed for this song.,,
434,Naa Chinni Hrudayamu,,0.00,not_researched,Not yet researched - no lookup was performed for this song.,,
435,Etti Vaado Yesu,,0.00,not_researched,Not yet researched - no lookup was performed for this song.,,
436,Aascharyamaina Prema,,0.00,not_researched,Not yet researched - no lookup was performed for this song.,,
437,Sthuthulaku Paathrudaa (Anni Velalo),,0.00,not_researched,Not yet researched - no lookup was performed for this song.,,
438,Naaku Jeevamai Unna,,0.00,not_researched,Not yet researched - no lookup was performed for this song.,,
439,Jeevithamlo Neelaa Undaalani,,0.00,not_researched,Not yet researched - no lookup was performed for this song.,,
440,Nee Premaku Saati Ledayaa,,0.00,not_researched,Not yet researched - no lookup was performed for this song.,,
441,Bhajana Cheyuchu Bhaktha Paalaka,,0.00,not_researched,Not yet researched - no lookup was performed for this song.,,
442,Raajulaku Raaju Puttenayya,,0.00,not_researched,Not yet researched - no lookup was performed for this song.,,
443,Udayinche Divya Rakshakudu,,0.00,not_researched,Not yet researched - no lookup was performed for this song.,,
444,Krottha Yedu Modalu Bettenu,,0.00,not_researched,Not yet researched - no lookup was performed for this song.,,
445,Yehovaa Nee Naamamu,,0.00,not_researched,Not yet researched - no lookup was performed for this song.,,
446,Sevakulaaraa,,0.00,not_researched,Not yet researched - no lookup was performed for this song.,,
447,Kanureppa Paataina,,0.00,not_researched,Not yet researched - no lookup was performed for this song.,,
448,Painunna Aakaashamandunaa,,0.00,not_researched,Not yet researched - no lookup was performed for this song.,,
449,Nee Sannidhiye Naa,,0.00,not_researched,Not yet researched - no lookup was performed for this song.,,
450,Devaa Paapini,,0.00,not_researched,Not yet researched - no lookup was performed for this song.,,
451,Moodu Naalla Muchchata Kosam,,0.00,not_researched,Not yet researched - no lookup was performed for this song.,,
452,Yehovaa Dayaaludu (Aayanake Kruthagnatha),,0.00,not_researched,Not yet researched - no lookup was performed for this song.,,
453,Aa Bhojana Pankthilo,,0.00,not_researched,Not yet researched - no lookup was performed for this song.,,
454,Sandehamela,,0.00,not_researched,Not yet researched - no lookup was performed for this song.,,
455,Entha Manchi Kaapari,,0.00,not_researched,Not yet researched - no lookup was performed for this song.,,
456,Dinamella Ne Paadinaa,,0.00,not_researched,Not yet researched - no lookup was performed for this song.,,
457,Neethone Ne Nadavaalani,,0.00,not_researched,Not yet researched - no lookup was performed for this song.,,
458,Gaayapadina Nee Cheyi,,0.00,not_researched,Not yet researched - no lookup was performed for this song.,,
459,Evaru Unnaa Lekunnaa,,0.00,not_researched,Not yet researched - no lookup was performed for this song.,,
460,Nyaayaadhipathi Aina Devudu,,0.00,not_researched,Not yet researched - no lookup was performed for this song.,,
461,Ne Brathiki Unnaanante,,0.00,not_researched,Not yet researched - no lookup was performed for this song.,,
462,Rammanuchunnaadu Ninnu,,0.00,not_researched,Not yet researched - no lookup was performed for this song.,,
463,Prema Lenivaadu Paralokaaniki,,0.00,not_researched,Not yet researched - no lookup was performed for this song.,,
464,Cheekatine Tholaginchinadi,,0.00,not_researched,Not yet researched - no lookup was performed for this song.,,
465,O Naavikaa,,0.00,not_researched,Not yet researched - no lookup was performed for this song.,,
466,Evaru Choopinchaleni,,0.00,not_researched,Not yet researched - no lookup was performed for this song.,,
467,Iruvadi Naluguru Peddalatho,,0.00,not_researched,Not yet researched - no lookup was performed for this song.,,
468,Sthuthulapai Aaseenudaa,,0.00,not_researched,Not yet researched - no lookup was performed for this song.,,
469,Naa Stuthula Paina,,0.00,not_researched,Not yet researched - no lookup was performed for this song.,,
470,Maa Inti Peru,,0.00,not_researched,Not yet researched - no lookup was performed for this song.,,
471,Manche Leni Naa Paina,,0.00,not_researched,Not yet researched - no lookup was performed for this song.,,
472,Manalo Prathi Okkari,,0.00,not_researched,Not yet researched - no lookup was performed for this song.,,
473,Yesayya Nee Prema,,0.00,not_researched,Not yet researched - no lookup was performed for this song.,,
474,Ravikoti Thejudu,,0.00,not_researched,Not yet researched - no lookup was performed for this song.,,
475,Naa Hrudayaana Koluvaina,,0.00,not_researched,Not yet researched - no lookup was performed for this song.,,
476,Naa Chinni Hrudayamandu,,0.00,not_researched,Not yet researched - no lookup was performed for this song.,,
477,Banthiyanaga Aadare,,0.00,not_researched,Not yet researched - no lookup was performed for this song.,,
478,Anni Kaalambula,,0.00,not_researched,Not yet researched - no lookup was performed for this song.,,
479,Dikkulenni Thiriginaa,,0.00,not_researched,Not yet researched - no lookup was performed for this song.,,
480,Nenu Pilisthe Paruguna,,0.00,not_researched,Not yet researched - no lookup was performed for this song.,,
481,Sangeetha Naadamutho,,0.00,not_researched,Not yet researched - no lookup was performed for this song.,,
482,Kaluvari Siluva,,0.00,not_researched,Not yet researched - no lookup was performed for this song.,,
483,Nannu Kaadanavani,,0.00,not_researched,Not yet researched - no lookup was performed for this song.,,
484,Nannu Pilachina Devaa,,0.00,not_researched,Not yet researched - no lookup was performed for this song.,,
485,Aadhaaram Neevenayyaa (Medley),,0.00,not_researched,Not yet researched - no lookup was performed for this song.,,
486,Vinumaa Yesuni Jananamu,,0.00,not_researched,Not yet researched - no lookup was performed for this song.,,
487,Chinna Gorrepillanu Nenu,,0.00,not_researched,Not yet researched - no lookup was performed for this song.,,
488,Naa Snehithudaa,,0.00,not_researched,Not yet researched - no lookup was performed for this song.,,
489,Adigo Naa Naava,,0.00,not_researched,Not yet researched - no lookup was performed for this song.,,
490,Yesayyaa Nee Prema,,0.00,not_researched,Not yet researched - no lookup was performed for this song.,,
491,Maaraa Gayaa Sulee Par,,0.00,not_researched,Not yet researched - no lookup was performed for this song.,,
492,Siluvalo Nee Prema,,0.00,not_researched,Not yet researched - no lookup was performed for this song.,,
493,Premisthaa Ninne,,0.00,not_researched,Not yet researched - no lookup was performed for this song.,,
494,Devude Ila Cheretanduku,,0.00,not_researched,Not yet researched - no lookup was performed for this song.,,
495,Raare Raare O Janulaaraa,,0.00,not_researched,Not yet researched - no lookup was performed for this song.,,
496,Yesayyaa Naa Yesayyaa (Raakada),,0.00,not_researched,Not yet researched - no lookup was performed for this song.,,
497,Ammaa Ani Ninnu Piluvanaa,,0.00,not_researched,Not yet researched - no lookup was performed for this song.,,
498,Dhayaaludaa Nee Krupa,,0.00,not_researched,Not yet researched - no lookup was performed for this song.,,
499,Maa Oohalu Puttaka Munupe,,0.00,not_researched,Not yet researched - no lookup was performed for this song.,,
500,Dushtula Aalochana,,0.00,not_researched,Not yet researched - no lookup was performed for this song.,,
501,Yelo Yelo Yelo Antu,,0.00,not_researched,Not yet researched - no lookup was performed for this song.,,
502,Yesu Rakthamu Rakthamu,,0.00,not_researched,Not yet researched - no lookup was performed for this song.,,
503,Naakunna Chinni Aasha,,0.00,not_researched,Not yet researched - no lookup was performed for this song.,,
504,Sajeevudavaina Yesayyaa,,0.00,not_researched,Not yet researched - no lookup was performed for this song.,,
505,O Maanavaa Nee Paapam,,0.00,not_researched,Not yet researched - no lookup was performed for this song.,,
506,Yesayyaa Yesayyaa,,0.00,not_researched,Not yet researched - no lookup was performed for this song.,,
507,Athyunnatha Simhaasanumpai,,0.00,not_researched,Not yet researched - no lookup was performed for this song.,,
508,Kanneeti Loyalalo,,0.00,not_researched,Not yet researched - no lookup was performed for this song.,,
509,Paapiga Nanu Choodaleka,,0.00,not_researched,Not yet researched - no lookup was performed for this song.,,
510,Priyamaina Yesayyaa Premake Roopamaa,,0.00,not_researched,Not yet researched - no lookup was performed for this song.,,
511,Naa Praanamaina Yesu (Aaraadhana),,0.00,not_researched,Not yet researched - no lookup was performed for this song.,,
512,Kammani Bahu Kammani,,0.00,not_researched,Not yet researched - no lookup was performed for this song.,,
513,Nee Raktha Dhaarale,,0.00,not_researched,Not yet researched - no lookup was performed for this song.,,
514,Naa Samasthamu,,0.00,not_researched,Not yet researched - no lookup was performed for this song.,,
515,Brathikeda Nee Kosame,,0.00,not_researched,Not yet researched - no lookup was performed for this song.,,
516,Sarva Chitthambu Needenayyaa,,0.00,not_researched,Not yet researched - no lookup was performed for this song.,,
517,Nee Vaakyame Naa Paadaalaku,,0.00,not_researched,Not yet researched - no lookup was performed for this song.,,
518,Saripodu Aaraadhana,,0.00,not_researched,Not yet researched - no lookup was performed for this song.,,
519,Yesuni Naa Madilo,,0.00,not_researched,Not yet researched - no lookup was performed for this song.,,
520,Emundi Naalonaa,,0.00,not_researched,Not yet researched - no lookup was performed for this song.,,
521,Vijaya Geethamul Paadare,,0.00,not_researched,Not yet researched - no lookup was performed for this song.,,
522,Devaa Nee Saakshigaa,,0.00,not_researched,Not yet researched - no lookup was performed for this song.,,
523,Aaraadhinchedam,,0.00,not_researched,Not yet researched - no lookup was performed for this song.,,
524,Naa Brathuku Dinamulu,,0.00,not_researched,Not yet researched - no lookup was performed for this song.,,
525,Jaagore Jaagore,,0.00,not_researched,Not yet researched - no lookup was performed for this song.,,
526,Sthuthi Madhura Geethamu,,0.00,not_researched,Not yet researched - no lookup was performed for this song.,,
527,Christmas Medley 2,,0.00,not_researched,Not yet researched - no lookup was performed for this song.,,
528,Tharamulu Maaruchunnavi,,0.00,not_researched,Not yet researched - no lookup was performed for this song.,,
529,Naa Jeevitha Vyadhalandu,,0.00,not_researched,Not yet researched - no lookup was performed for this song.,,
530,Lemmu Thejarillumu Ani,,0.00,not_researched,Not yet researched - no lookup was performed for this song.,,
531,Aaraadhana Sthuthi Aaraadhana,,0.00,not_researched,Not yet researched - no lookup was performed for this song.,,
532,Gatha Kaalamantha,,0.00,not_researched,Not yet researched - no lookup was performed for this song.,,
533,Manaserigina Yesayyaa,,0.00,not_researched,Not yet researched - no lookup was performed for this song.,,
534,Maruvagalanaa Maralaa,,0.00,not_researched,Not yet researched - no lookup was performed for this song.,,
535,Neethone Undutaye,,0.00,not_researched,Not yet researched - no lookup was performed for this song.,,
536,Naa Yesu Prabhuvaa,,0.00,not_researched,Not yet researched - no lookup was performed for this song.,,
537,Noraaragaa Chethunu,,0.00,not_researched,Not yet researched - no lookup was performed for this song.,,
538,Dootha Paata Paadudi,,0.00,not_researched,Not yet researched - no lookup was performed for this song.,,
539,Parishuddha Grandhamu,,0.00,not_researched,Not yet researched - no lookup was performed for this song.,,
540,Thaara Velisindi,,0.00,not_researched,Not yet researched - no lookup was performed for this song.,,
541,Athyunnatha Simhaasanumpai (Yesanna),,0.00,not_researched,Not yet researched - no lookup was performed for this song.,,
542,Jyothirmayudaa,,0.00,not_researched,Not yet researched - no lookup was performed for this song.,,
543,Edusthunnaademo Yesayya,,0.00,not_researched,Not yet researched - no lookup was performed for this song.,,
544,Yese Naa Maargamu,,0.00,not_researched,Not yet researched - no lookup was performed for this song.,,
545,Prabhuvaa Kaachithivi,,0.00,not_researched,Not yet researched - no lookup was performed for this song.,,
546,Raajyaalanele Mahaaraaju,,0.00,not_researched,Not yet researched - no lookup was performed for this song.,,
547,Parishuddha Parishuddha,,0.00,not_researched,Not yet researched - no lookup was performed for this song.,,
548,Entha Paapinainanu,,0.00,not_researched,Not yet researched - no lookup was performed for this song.,,
549,Parama Jeevamu,,0.00,not_researched,Not yet researched - no lookup was performed for this song.,,
550,Nee Sannidhilo Ee Aaraadhananu,,0.00,not_researched,Not yet researched - no lookup was performed for this song.,,
551,Shuddhudavayyaa,,0.00,not_researched,Not yet researched - no lookup was performed for this song.,,
552,Devaa Nee Naamam,,0.00,not_researched,Not yet researched - no lookup was performed for this song.,,
553,Aakaasha Pakshulanu Choodandi,,0.00,not_researched,Not yet researched - no lookup was performed for this song.,,
554,Sthuthiyu Mahima (Aaraadhana),,0.00,not_researched,Not yet researched - no lookup was performed for this song.,,
555,Devaa Yehovaa Seeyonulo,,0.00,not_researched,Not yet researched - no lookup was performed for this song.,,
556,Randi Randi Yesuni Yoddaku,,0.00,not_researched,Not yet researched - no lookup was performed for this song.,,
557,Idhigo Devuni Gorrepillaa,,0.00,not_researched,Not yet researched - no lookup was performed for this song.,,
558,Ae Paapamerugani,,0.00,not_researched,Not yet researched - no lookup was performed for this song.,,
559,Manchi Snehithudaa,,0.00,not_researched,Not yet researched - no lookup was performed for this song.,,
560,Sooda Sakkani Baaludammo,,0.00,not_researched,Not yet researched - no lookup was performed for this song.,,
561,Aalochanalo Goppavaadaa,,0.00,not_researched,Not yet researched - no lookup was performed for this song.,,
562,Noothana Hrudayamu,,0.00,not_researched,Not yet researched - no lookup was performed for this song.,,
563,Yesu Kosame Jeeviddaam,,0.00,not_researched,Not yet researched - no lookup was performed for this song.,,
564,Madhuram Ee Shubha Samayam,,0.00,not_researched,Not yet researched - no lookup was performed for this song.,,
565,Ae Reethi Sthuthiyinthunu,,0.00,not_researched,Not yet researched - no lookup was performed for this song.,,
566,Neeve Naa Aasha,,0.00,not_researched,Not yet researched - no lookup was performed for this song.,,
567,Galilaya Theeraana,,0.00,not_researched,Not yet researched - no lookup was performed for this song.,,
568,Saamaanyudavu Kaavu,,0.00,not_researched,Not yet researched - no lookup was performed for this song.,,
569,Jeevamaa Yesayyaa,,0.00,not_researched,Not yet researched - no lookup was performed for this song.,,
570,Snehithudaa Naa Hithudaa,,0.00,not_researched,Not yet researched - no lookup was performed for this song.,,
571,Prabhuni Raakada,,0.00,not_researched,Not yet researched - no lookup was performed for this song.,,
572,Bhayamu Ledu Manaku,,0.00,not_researched,Not yet researched - no lookup was performed for this song.,,
573,Daiva Kutumbam,,0.00,not_researched,Not yet researched - no lookup was performed for this song.,,
574,Aathma Varshamu Maapai,,0.00,not_researched,Not yet researched - no lookup was performed for this song.,,
575,Athyunnathamainadi Yesu Naamam,,0.00,not_researched,Not yet researched - no lookup was performed for this song.,,
576,Krupaamayudaa,,0.00,not_researched,Not yet researched - no lookup was performed for this song.,,
577,Yehovaa Maa Kaapari,,0.00,not_researched,Not yet researched - no lookup was performed for this song.,,
578,Naa Praanamaa Naalo Neevu,,0.00,not_researched,Not yet researched - no lookup was performed for this song.,,
579,Mellani Swarame,,0.00,not_researched,Not yet researched - no lookup was performed for this song.,,
580,Deham Paathadi,,0.00,not_researched,Not yet researched - no lookup was performed for this song.,,
581,Samardhavanthudavaina,,0.00,not_researched,Not yet researched - no lookup was performed for this song.,,
582,Neeke Sthothramulu,,0.00,not_researched,Not yet researched - no lookup was performed for this song.,,
583,Naa Mattukaithe,,0.00,not_researched,Not yet researched - no lookup was performed for this song.,,
584,Devaa Mahonnathudaa,,0.00,not_researched,Not yet researched - no lookup was performed for this song.,,
585,Devaa Naa Mora Aalakinchumaa,,0.00,not_researched,Not yet researched - no lookup was performed for this song.,,
586,Aaraadhinchedamu Aathmatho,,0.00,not_researched,Not yet researched - no lookup was performed for this song.,,
587,Nee Krupa Nithyamundunu,,0.00,not_researched,Not yet researched - no lookup was performed for this song.,,
588,Samaanulavru Prabho,,0.00,not_researched,Not yet researched - no lookup was performed for this song.,,
589,Yesayyaa Kanikarapoornudaa,,0.00,not_researched,Not yet researched - no lookup was performed for this song.,,
590,Sthuthi Gaaname Paadanaa,,0.00,not_researched,Not yet researched - no lookup was performed for this song.,,
591,Kanneere Manishini Baadhisthundi,,0.00,not_researched,Not yet researched - no lookup was performed for this song.,,
592,Jayam Jayam Mana Yesuke,,0.00,not_researched,Not yet researched - no lookup was performed for this song.,,
593,Jeevithamante Maatalu Kaadu,,0.00,not_researched,Not yet researched - no lookup was performed for this song.,,
594,Kanneerelammaa,,0.00,not_researched,Not yet researched - no lookup was performed for this song.,,
595,Idhigo Nenoka Noothana Kriyanu,,0.00,not_researched,Not yet researched - no lookup was performed for this song.,,
596,Nee Dhanamu Nee Ghanamu,,0.00,not_researched,Not yet researched - no lookup was performed for this song.,,
597,Moyaleni Bhaaramantha,,0.00,not_researched,Not yet researched - no lookup was performed for this song.,,
598,Shaashwatha Krupanu,,0.00,not_researched,Not yet researched - no lookup was performed for this song.,,
599,Davalavarnudaa,,0.00,not_researched,Not yet researched - no lookup was performed for this song.,,
600,Maaripovaali Ee Lokamanthaa,,0.00,not_researched,Not yet researched - no lookup was performed for this song.,,
601,Yehovaa Naa Balamaa,,0.00,not_researched,Not yet researched - no lookup was performed for this song.,,
602,Enni Maarlu,,0.00,not_researched,Not yet researched - no lookup was performed for this song.,,
603,Okani Thalli Aadarinchunatlu,,0.00,not_researched,Not yet researched - no lookup was performed for this song.,,
604,Jeevana Tholi Sandhya,,0.00,not_researched,Not yet researched - no lookup was performed for this song.,,
605,Naa Praanamaina Yesu,,0.00,not_researched,Not yet researched - no lookup was performed for this song.,,
606,Vinarandi Naa Priyuni Visheshamu,,0.00,not_researched,Not yet researched - no lookup was performed for this song.,,
607,Maargam Sathyam Jeevam,,0.00,not_researched,Not yet researched - no lookup was performed for this song.,,
608,Siluve Naa Sharaneeynu Raa,,0.00,not_researched,Not yet researched - no lookup was performed for this song.,,
609,Aaraadhana Aaraadhana,,0.00,not_researched,Not yet researched - no lookup was performed for this song.,,
610,Idhe Naa Hrudaya Vaanchana,,0.00,not_researched,Not yet researched - no lookup was performed for this song.,,
611,Nannenthagaano Preminchina Prabhuvaa,,0.00,not_researched,Not yet researched - no lookup was performed for this song.,,
612,Ee Dinam,,0.00,not_researched,Not yet researched - no lookup was performed for this song.,,
613,Nee Charanamule Nammithi,,0.00,not_researched,Not yet researched - no lookup was performed for this song.,,
614,Evaru Nannu Cheyi Vidachinan,,0.00,not_researched,Not yet researched - no lookup was performed for this song.,,
615,Ee Udayamuna,,0.00,not_researched,Not yet researched - no lookup was performed for this song.,,
616,Jeevithamanthaa Nee Prema,,0.00,not_researched,Not yet researched - no lookup was performed for this song.,,
617,Naa Jeevitha Yaathralo,,0.00,not_researched,Not yet researched - no lookup was performed for this song.,,
618,Aanandamugaa Yehovaa Nee,,0.00,not_researched,Not yet researched - no lookup was performed for this song.,,
619,Chitti Potti Paapanu Nenu,,0.00,not_researched,Not yet researched - no lookup was performed for this song.,,
620,Nee Prema Entho,,0.00,not_researched,Not yet researched - no lookup was performed for this song.,,
621,Naa Thalli Nanu Marachinaa,,0.00,not_researched,Not yet researched - no lookup was performed for this song.,,
622,Prabhuni Gruhamu,,0.00,not_researched,Not yet researched - no lookup was performed for this song.,,
623,Bangaaram Adugaledu,,0.00,not_researched,Not yet researched - no lookup was performed for this song.,,
624,Nammadagina Devudaa,,0.00,not_researched,Not yet researched - no lookup was performed for this song.,,
625,Shaaronu Polamulo,,0.00,not_researched,Not yet researched - no lookup was performed for this song.,,
626,Aananda Yaathra,,0.00,not_researched,Not yet researched - no lookup was performed for this song.,,
627,Sarvonnatha Sthalamulalo,,0.00,not_researched,Not yet researched - no lookup was performed for this song.,,
628,Kreesthesu Puttenu,,0.00,not_researched,Not yet researched - no lookup was performed for this song.,,
629,Oka Varamadigithini Yesayyaa,,0.00,not_researched,Not yet researched - no lookup was performed for this song.,,
630,Jagamulanele Shree Yesaa,,0.00,not_researched,Not yet researched - no lookup was performed for this song.,,
631,Sthuthiki Paathrudaa,,0.00,not_researched,Not yet researched - no lookup was performed for this song.,,
632,Neeve Neeve Kaavaali,,0.00,not_researched,Not yet researched - no lookup was performed for this song.,,
633,Shakthi Chetha Kaadu,,0.00,not_researched,Not yet researched - no lookup was performed for this song.,,
634,Aarambhamayyindi Restoration,,0.00,not_researched,Not yet researched - no lookup was performed for this song.,,
635,Devaa Paraloka Doothaali,,0.00,not_researched,Not yet researched - no lookup was performed for this song.,,
636,Yesu Vanti Sundarudu,,0.00,not_researched,Not yet researched - no lookup was performed for this song.,,
637,Porli Porli Paaruthundi,,0.00,not_researched,Not yet researched - no lookup was performed for this song.,,
638,Gira Gira Thirigi,,0.00,not_researched,Not yet researched - no lookup was performed for this song.,,
639,Vandanamu Neeke Naa,,0.00,not_researched,Not yet researched - no lookup was performed for this song.,,
640,Yuddhamu Yehovaade,,0.00,not_researched,Not yet researched - no lookup was performed for this song.,,
641,Oohinchalenayyaa Vivarinchalenayyaa,,0.00,not_researched,Not yet researched - no lookup was performed for this song.,,
642,Nee Kaaryamulu,,0.00,not_researched,Not yet researched - no lookup was performed for this song.,,
643,Aanandinthumu,,0.00,not_researched,Not yet researched - no lookup was performed for this song.,,
644,Jagathiki Velugunu Thechchenule,,0.00,not_researched,Not yet researched - no lookup was performed for this song.,,
645,Kashta Nashtaalainaa,,0.00,not_researched,Not yet researched - no lookup was performed for this song.,,
646,Christmas Medley 3,,0.00,not_researched,Not yet researched - no lookup was performed for this song.,,
647,Raakada Samayamlo,,0.00,not_researched,Not yet researched - no lookup was performed for this song.,,
648,Thellaarindi Vela,,0.00,not_researched,Not yet researched - no lookup was performed for this song.,,
649,Jeevinchuchunnaavanna,,0.00,not_researched,Not yet researched - no lookup was performed for this song.,,
650,Ishraayelu Sainyamulaku,,0.00,not_researched,Not yet researched - no lookup was performed for this song.,,
651,Nee Kantipaapanu,,0.00,not_researched,Not yet researched - no lookup was performed for this song.,,
652,Nee Gnaapakam Anekulanu,,0.00,not_researched,Not yet researched - no lookup was performed for this song.,,
653,Bhedam Emi Ledu,,0.00,not_researched,Not yet researched - no lookup was performed for this song.,,
654,Jayinchuvaarini,,0.00,not_researched,Not yet researched - no lookup was performed for this song.,,
655,Najareyudaa Naa Yesayyaa,,0.00,not_researched,Not yet researched - no lookup was performed for this song.,,
656,Vidipisthaadu Naa Yesudu,,0.00,not_researched,Not yet researched - no lookup was performed for this song.,,
657,Lekkimpaga Tharamaa,,0.00,not_researched,Not yet researched - no lookup was performed for this song.,,
658,Jeevaadhipathivi Neeve,,0.00,not_researched,Not yet researched - no lookup was performed for this song.,,
659,Dinadinambu Yesuku,,0.00,not_researched,Not yet researched - no lookup was performed for this song.,,
660,Aanandame Paramaanandame,,0.00,not_researched,Not yet researched - no lookup was performed for this song.,,
661,Lokamunu Vidachi,,0.00,not_researched,Not yet researched - no lookup was performed for this song.,,
662,Chinthenduku Neeku Digulenduku,,0.00,not_researched,Not yet researched - no lookup was performed for this song.,,
663,Prabhu Yesu Naa Rakshakaa,,0.00,not_researched,Not yet researched - no lookup was performed for this song.,,
664,Neeveyani Nammika,,0.00,not_researched,Not yet researched - no lookup was performed for this song.,,
665,Shaashwathamainadi,,0.00,not_researched,Not yet researched - no lookup was performed for this song.,,
666,Raaraaju Puttaadoi,,0.00,not_researched,Not yet researched - no lookup was performed for this song.,,
667,Lechinaaduraa,,0.00,not_researched,Not yet researched - no lookup was performed for this song.,,
668,Kalavantidi Nee Jeevitham,,0.00,not_researched,Not yet researched - no lookup was performed for this song.,,
669,Elohim Elohim,,0.00,not_researched,Not yet researched - no lookup was performed for this song.,,
670,Entha Jaali Yesuvaa,,0.00,not_researched,Not yet researched - no lookup was performed for this song.,,
671,Vendi Bangaaraala Kanna,,0.00,not_researched,Not yet researched - no lookup was performed for this song.,,
672,Noothana Samvathsaram,,0.00,not_researched,Not yet researched - no lookup was performed for this song.,,
673,Emani Paadanu,,0.00,not_researched,Not yet researched - no lookup was performed for this song.,,
674,Enthati Vaadani Nenu,,0.00,not_researched,Not yet researched - no lookup was performed for this song.,,
675,Raajaadhi Raajaa Raaraa,,0.00,not_researched,Not yet researched - no lookup was performed for this song.,,
676,Nishi Raathri,,0.00,not_researched,Not yet researched - no lookup was performed for this song.,,
677,Devuni Vaarasulam,,0.00,not_researched,Not yet researched - no lookup was performed for this song.,,
678,Naaku Balamu Unnantha Varaku,,0.00,not_researched,Not yet researched - no lookup was performed for this song.,,
679,Shruthi Chesi Ne Paadanaa,,0.00,not_researched,Not yet researched - no lookup was performed for this song.,,
680,Naatho Neevu Maataadinacho,,0.00,not_researched,Not yet researched - no lookup was performed for this song.,,
681,Kalvarilona Chesina Yaagam,,0.00,not_researched,Not yet researched - no lookup was performed for this song.,,
682,Choochithi Nee Momupai,,0.00,not_researched,Not yet researched - no lookup was performed for this song.,,
683,Devudu Neeku Thelusu,,0.00,not_researched,Not yet researched - no lookup was performed for this song.,,
684,Gonthu Etthi Chaatedaanu,,0.00,not_researched,Not yet researched - no lookup was performed for this song.,,
685,Parishuddhudaa Paavanudaa,,0.00,not_researched,Not yet researched - no lookup was performed for this song.,,
686,Devuniki Bhayapadavaa,,0.00,not_researched,Not yet researched - no lookup was performed for this song.,,
687,Anthe Leni Nee Prema Dhaara,,0.00,not_researched,Not yet researched - no lookup was performed for this song.,,
688,Bhoopunaadhi Munupe,,0.00,not_researched,Not yet researched - no lookup was performed for this song.,,
689,Yehovaa Needu Melulanu,,0.00,not_researched,Not yet researched - no lookup was performed for this song.,,
690,Ne Sthuthinchedanu,,0.00,not_researched,Not yet researched - no lookup was performed for this song.,,
691,Paapaaniki Naaku Ae Sambandhamu Ledu,,0.00,not_researched,Not yet researched - no lookup was performed for this song.,,
692,Amoolya Raktham,,0.00,not_researched,Not yet researched - no lookup was performed for this song.,,
693,Kanna Thalli Cherchunatlu,,0.00,not_researched,Not yet researched - no lookup was performed for this song.,,
694,Shuddhudaa Ghanudaa Rakshakudaa,,0.00,not_researched,Not yet researched - no lookup was performed for this song.,,
695,Paadanaa Mounamugaane,,0.00,not_researched,Not yet researched - no lookup was performed for this song.,,
696,Vinnaaraa Vinnaaraa,,0.00,not_researched,Not yet researched - no lookup was performed for this song.,,
697,Kalvari Girilona Silvalo,,0.00,not_researched,Not yet researched - no lookup was performed for this song.,,
698,Mukthi Dhilaaye Yeeshu Naam,,0.00,not_researched,Not yet researched - no lookup was performed for this song.,,
699,Nemmadi Ledaa,,0.00,not_researched,Not yet researched - no lookup was performed for this song.,,
700,Bhoomiyu Daani Sampoornatha,,0.00,not_researched,Not yet researched - no lookup was performed for this song.,,
701,Aashrayudaa Naa Abhishikthudaa,,0.00,not_researched,Not yet researched - no lookup was performed for this song.,,
702,Shiramu Meeda Mulla Saakshigaa,,0.00,not_researched,Not yet researched - no lookup was performed for this song.,,
703,Devaa Yehovaa,,0.00,not_researched,Not yet researched - no lookup was performed for this song.,,
704,Entho Madhuram,,0.00,not_researched,Not yet researched - no lookup was performed for this song.,,
705,Inthavaraku Neevu,,0.00,not_researched,Not yet researched - no lookup was performed for this song.,,
706,Goppa Devudavani,,0.00,not_researched,Not yet researched - no lookup was performed for this song.,,
707,Balamainavaadaa,,0.00,not_researched,Not yet researched - no lookup was performed for this song.,,
708,Shodhanaa Baadhalu,,0.00,not_researched,Not yet researched - no lookup was performed for this song.,,
709,Kaanennadu Nenu Anaathanu,,0.00,not_researched,Not yet researched - no lookup was performed for this song.,,
710,Naa Praanamaa Neeke Vandanam,,0.00,not_researched,Not yet researched - no lookup was performed for this song.,,
711,Thappipoyina Kumaarudanayyaa,,0.00,not_researched,Not yet researched - no lookup was performed for this song.,,
712,Yesayyaa Naa Hrudaya Spandana,,0.00,not_researched,Not yet researched - no lookup was performed for this song.,,
713,Mallelammaa Mallelu,,0.00,not_researched,Not yet researched - no lookup was performed for this song.,,
714,Saakshyamichcheda,,0.00,not_researched,Not yet researched - no lookup was performed for this song.,,
715,Yehovaanu Sthuthiyinchu,,0.00,not_researched,Not yet researched - no lookup was performed for this song.,,
716,Thandri Intlo Ellappudu,,0.00,not_researched,Not yet researched - no lookup was performed for this song.,,
717,Veyi Nollatho Sthuthiyinchinaa,,0.00,not_researched,Not yet researched - no lookup was performed for this song.,,
718,Nee Jeevitham Kshana Bhanguram,,0.00,not_researched,Not yet researched - no lookup was performed for this song.,,
719,Padhe Paadanaa,,0.00,not_researched,Not yet researched - no lookup was performed for this song.,,
720,Kreesthe Sarvaadhikaari,,0.00,not_researched,Not yet researched - no lookup was performed for this song.,,
721,Lechinaadayyaa,,0.00,not_researched,Not yet researched - no lookup was performed for this song.,,
722,Nee Krupanu Goorchi,,0.00,not_researched,Not yet researched - no lookup was performed for this song.,,
723,Naaku Chaalina Devuda Neevu,,0.00,not_researched,Not yet researched - no lookup was performed for this song.,,
724,Enaleni Prema,,0.00,not_researched,Not yet researched - no lookup was performed for this song.,,
725,Raajaa Nee Sannidhilone,,0.00,not_researched,Not yet researched - no lookup was performed for this song.,,
726,O Sadbhakthulaaraa,,0.00,not_researched,Not yet researched - no lookup was performed for this song.,,
727,Bhajiyinthumu Raare Yesuni,,0.00,not_researched,Not yet researched - no lookup was performed for this song.,,
728,Sthothramu Sthuthi Chellinthumu,,0.00,not_researched,Not yet researched - no lookup was performed for this song.,,
729,Premincheda Yesu Raajaa,,0.00,not_researched,Not yet researched - no lookup was performed for this song.,,
730,Avadhule Lenidi,,0.00,not_researched,Not yet researched - no lookup was performed for this song.,,
731,Kalalaanti Brathuku Naadi,,0.00,not_researched,Not yet researched - no lookup was performed for this song.,,
732,Kruthagnathatho Sthuthi Paadeda,,0.00,not_researched,Not yet researched - no lookup was performed for this song.,,
733,Chindindi Raktham,,0.00,not_researched,Not yet researched - no lookup was performed for this song.,,
734,Naatho Maatlaadu Prabhuvaa,,0.00,not_researched,Not yet researched - no lookup was performed for this song.,,
735,Prakaashinche Aa Divya,,0.00,not_researched,Not yet researched - no lookup was performed for this song.,,
736,Aascharyakarudaa (Yesanna),,0.00,not_researched,Not yet researched - no lookup was performed for this song.,,
737,Neeve Naa Praanam Sarvam,,0.00,not_researched,Not yet researched - no lookup was performed for this song.,,
738,Oka Divyamaina Sangathitho,,0.00,not_researched,Not yet researched - no lookup was performed for this song.,,
739,Amoolya Rakthamu Dwaaraa,,0.00,not_researched,Not yet researched - no lookup was performed for this song.,,
740,Ninne Ninne Nammukunnaanayyaa,,0.00,not_researched,Not yet researched - no lookup was performed for this song.,,
741,Janminche Janminche,,0.00,not_researched,Not yet researched - no lookup was performed for this song.,,
742,Nee Paadam Mrokkedan,,0.00,not_researched,Not yet researched - no lookup was performed for this song.,,
743,Mandiramuloniki Raarandi,,0.00,not_researched,Not yet researched - no lookup was performed for this song.,,
744,Aanandamaanandame,,0.00,not_researched,Not yet researched - no lookup was performed for this song.,,
745,Yesu Nee Naamaamruthamu,,0.00,not_researched,Not yet researched - no lookup was performed for this song.,,
746,Isuka Meeda Illu Kattaku,,0.00,not_researched,Not yet researched - no lookup was performed for this song.,,
747,Illalona Panduganta,,0.00,not_researched,Not yet researched - no lookup was performed for this song.,,
748,Naa Priya Desham,,0.00,not_researched,Not yet researched - no lookup was performed for this song.,,
749,Mahima Ghanathaku Arhudavu,,0.00,not_researched,Not yet researched - no lookup was performed for this song.,,
750,Thanuvu Naa Didigo,,0.00,not_researched,Not yet researched - no lookup was performed for this song.,,
751,Sthuthinchi Paadedam,,0.00,not_researched,Not yet researched - no lookup was performed for this song.,,
752,Hrudayamanedu Thalupu Nodda,,0.00,not_researched,Not yet researched - no lookup was performed for this song.,,
753,Kshanikamaina Brathukuraa,,0.00,not_researched,Not yet researched - no lookup was performed for this song.,,
754,Neethi Sooryudavai,,0.00,not_researched,Not yet researched - no lookup was performed for this song.,,
755,Aadhaaram Neevenayyaa,,0.00,not_researched,Not yet researched - no lookup was performed for this song.,,
756,Aahaa Hallelujah,,0.00,not_researched,Not yet researched - no lookup was performed for this song.,,
757,Arpinchuchunitini Yesayyaa,,0.00,not_researched,Not yet researched - no lookup was performed for this song.,,
758,Yesu Naathaa Devaa,,0.00,not_researched,Not yet researched - no lookup was performed for this song.,,
759,Aadhaaram Neevenayyaa (DGS),,0.00,not_researched,Not yet researched - no lookup was performed for this song.,,
760,Manasa Yesu Marana Baadha,,0.00,not_researched,Not yet researched - no lookup was performed for this song.,,
761,Saadhyamu Anni Saadhyamu,,0.00,not_researched,Not yet researched - no lookup was performed for this song.,,
762,Vinare Yo Narulaaraa,,0.00,not_researched,Not yet researched - no lookup was performed for this song.,,
763,Ayyaa Vandanaalu,,0.00,not_researched,Not yet researched - no lookup was performed for this song.,,
764,Sambaraalu Cheseddaamaa,,0.00,not_researched,Not yet researched - no lookup was performed for this song.,,
765,Kshanamaina Gaduvadu,,0.00,not_researched,Not yet researched - no lookup was performed for this song.,,
766,Yesayyaa Naa Praana Naathaa,,0.00,not_researched,Not yet researched - no lookup was performed for this song.,,
767,Devaa Ee Jeevitham,,0.00,not_researched,Not yet researched - no lookup was performed for this song.,,
768,O Sanghamaa Sarvaangamaa,,0.00,not_researched,Not yet researched - no lookup was performed for this song.,,
769,Neevennaallu Rendu Thalampulatho,,0.00,not_researched,Not yet researched - no lookup was performed for this song.,,
770,Nee Jeevitham Neeti Budagaa,,0.00,not_researched,Not yet researched - no lookup was performed for this song.,,
771,Yesu Raaja Naalo Ninnu,,0.00,not_researched,Not yet researched - no lookup was performed for this song.,,
772,Thara Tharaalalo Yuga Yugaalalo,,0.00,not_researched,Not yet researched - no lookup was performed for this song.,,
773,Nannu Brathikinchutaku,,0.00,not_researched,Not yet researched - no lookup was performed for this song.,,
774,Naa Praanamaa Naa Sarvamaa,,0.00,not_researched,Not yet researched - no lookup was performed for this song.,,
775,Neeve Naa Devudavu,,0.00,not_researched,Not yet researched - no lookup was performed for this song.,,
776,Yesu Entho Varaala,,0.00,not_researched,Not yet researched - no lookup was performed for this song.,,
777,Daaveedu Thanayaa Hosannaa,,0.00,not_researched,Not yet researched - no lookup was performed for this song.,,
778,Neevu Thadithe Thalupu Theeyanaa,,0.00,not_researched,Not yet researched - no lookup was performed for this song.,,
779,Anya Janulela,,0.00,not_researched,Not yet researched - no lookup was performed for this song.,,
780,Sadaa Kaalamu Nee Yande,,0.00,not_researched,Not yet researched - no lookup was performed for this song.,,
781,Yese Sathyam,,0.00,not_researched,Not yet researched - no lookup was performed for this song.,,
782,Nee Snehamu,,0.00,not_researched,Not yet researched - no lookup was performed for this song.,,
783,Chaachina Chethulu Neeve,,0.00,not_researched,Not yet researched - no lookup was performed for this song.,,
784,Eruganayyaa Ninneppudu,,0.00,not_researched,Not yet researched - no lookup was performed for this song.,,
785,Andaala Baaludu,,0.00,not_researched,Not yet researched - no lookup was performed for this song.,,
786,Etu Choochinaa,,0.00,not_researched,Not yet researched - no lookup was performed for this song.,,
787,Manchini Panche Daarokati,,0.00,not_researched,Not yet researched - no lookup was performed for this song.,,
788,Mahonnathamaina Seeyonulona,,0.00,not_researched,Not yet researched - no lookup was performed for this song.,,
789,Maa Hrudayamulalo,,0.00,not_researched,Not yet researched - no lookup was performed for this song.,,
790,Chevulu Unnaayaa,,0.00,not_researched,Not yet researched - no lookup was performed for this song.,,
791,Nee Prema Naalo Madhuramainadi,,0.00,not_researched,Not yet researched - no lookup was performed for this song.,,
792,Christmas Shubha Dinam,,0.00,not_researched,Not yet researched - no lookup was performed for this song.,,
793,Naa Kannuletthi Vechiyundunu,,0.00,not_researched,Not yet researched - no lookup was performed for this song.,,
794,Neethi Nyaayamulu,,0.00,not_researched,Not yet researched - no lookup was performed for this song.,,
795,Naa Praanapriyudaa Yesu Raajaa,,0.00,not_researched,Not yet researched - no lookup was performed for this song.,,
796,Naaloni Aasha Naaloni Korika,,0.00,not_researched,Not yet researched - no lookup was performed for this song.,,
797,Choochuchunnaamu Nee Vaipu,,0.00,not_researched,Not yet researched - no lookup was performed for this song.,,
798,Priya Yesu Raajunu,,0.00,not_researched,Not yet researched - no lookup was performed for this song.,,
799,Neevu Chesina Upakaaramulaku,,0.00,not_researched,Not yet researched - no lookup was performed for this song.,,
800,Adhigadhigo Oka Yuddham,,0.00,not_researched,Not yet researched - no lookup was performed for this song.,,
801,Yesuku Yese Ila Saati,,0.00,not_researched,Not yet researched - no lookup was performed for this song.,,
802,Idhenaa Nyaayamidiyenaa,,0.00,not_researched,Not yet researched - no lookup was performed for this song.,,
803,Yoodaa Sthuthi Gothrapu,,0.00,not_researched,Not yet researched - no lookup was performed for this song.,,
804,Vadhiyimpabadina Gorrepillaa,,0.00,not_researched,Not yet researched - no lookup was performed for this song.,,
805,Priya Yesu Mana Koraku,,0.00,not_researched,Not yet researched - no lookup was performed for this song.,,
806,Mana Yesu Bethlahemulo,,0.00,not_researched,Not yet researched - no lookup was performed for this song.,,
807,Aaraadhana Neeke,,0.00,not_researched,Not yet researched - no lookup was performed for this song.,,
808,Naa Geethaaraadhanalo,,0.00,not_researched,Not yet researched - no lookup was performed for this song.,,
809,Kaavalenaa Yesayya Bahumaanamu,,0.00,not_researched,Not yet researched - no lookup was performed for this song.,,
810,Anthaa Naa Meluke,,0.00,not_researched,Not yet researched - no lookup was performed for this song.,,
811,Devuni Sthuthiyinchudi,,0.00,not_researched,Not yet researched - no lookup was performed for this song.,,
812,Aaraadhana Yesu Neeke,,0.00,not_researched,Not yet researched - no lookup was performed for this song.,,
813,Nee Paadamul Ne Cheragaa,,0.00,not_researched,Not yet researched - no lookup was performed for this song.,,
814,Bethlahemulonantaa Sandadi,,0.00,not_researched,Not yet researched - no lookup was performed for this song.,,
815,Naa Jeevitha Kaalamantha,,0.00,not_researched,Not yet researched - no lookup was performed for this song.,,
816,Santhoshamutho Nichchedu Vaarini,,0.00,not_researched,Not yet researched - no lookup was performed for this song.,,
817,Naa Dehamunu,,0.00,not_researched,Not yet researched - no lookup was performed for this song.,,
818,Aashatho Nee Koraku,,0.00,not_researched,Not yet researched - no lookup was performed for this song.,,
819,Aalakinchu Devaa,,0.00,not_researched,Not yet researched - no lookup was performed for this song.,,
820,Sahodarulaaraa,,0.00,not_researched,Not yet researched - no lookup was performed for this song.,,
821,Santhoshame Samaadhaaname,,0.00,not_researched,Not yet researched - no lookup was performed for this song.,,
822,Yesu Prabhuni Sthuthinchuta,,0.00,not_researched,Not yet researched - no lookup was performed for this song.,,
823,Naa Hrudayamulo Nee Maatale,,0.00,not_researched,Not yet researched - no lookup was performed for this song.,,
824,Paralokamu Naa Deshamu,,0.00,not_researched,Not yet researched - no lookup was performed for this song.,,
825,Nammuko Yesayyanu,,0.00,not_researched,Not yet researched - no lookup was performed for this song.,,
826,Maarani Devudavu Neevenayyaa,,0.00,not_researched,Not yet researched - no lookup was performed for this song.,,
827,Entha Premo Naapai,,0.00,not_researched,Not yet researched - no lookup was performed for this song.,,
828,Ee Dinam Sadaa,,0.00,not_researched,Not yet researched - no lookup was performed for this song.,,
829,Ninu Sthuthiyinche Kaaranam,,0.00,not_researched,Not yet researched - no lookup was performed for this song.,,
830,Ambaraanni Daate,,0.00,not_researched,Not yet researched - no lookup was performed for this song.,,
831,Paapamerugani Paavanaathmuni,,0.00,not_researched,Not yet researched - no lookup was performed for this song.,,
832,Yesayya Maata Viluvaina,,0.00,not_researched,Not yet researched - no lookup was performed for this song.,,
833,Naa Chinni Hrudayamlo,,0.00,not_researched,Not yet researched - no lookup was performed for this song.,,
834,Praardhana Praardhana,,0.00,not_researched,Not yet researched - no lookup was performed for this song.,,
835,Daaveedu Vale Naatyamaadi,,0.00,not_researched,Not yet researched - no lookup was performed for this song.,,
836,Naalaanti Chinnalante,,0.00,not_researched,Not yet researched - no lookup was performed for this song.,,
837,Kanuchoopu Meralona,,0.00,not_researched,Not yet researched - no lookup was performed for this song.,,
838,Yesu Rakthame Jayam,,0.00,not_researched,Not yet researched - no lookup was performed for this song.,,
839,Solipovaladu Manassaa,,0.00,not_researched,Not yet researched - no lookup was performed for this song.,,
840,Vijayaseeludaa,,0.00,not_researched,Not yet researched - no lookup was performed for this song.,,
841,Mattinaina Nannu,,0.00,not_researched,Not yet researched - no lookup was performed for this song.,,
842,Anthya Dinamula Yandu,,0.00,not_researched,Not yet researched - no lookup was performed for this song.,,
843,Anni Naamamula Kanna Ghanamaina,,0.00,not_researched,Not yet researched - no lookup was performed for this song.,,
844,Idhiyenayyaa Maa Praardhana,,0.00,not_researched,Not yet researched - no lookup was performed for this song.,,
845,Rakshakundudayinchinaadata,,0.00,not_researched,Not yet researched - no lookup was performed for this song.,,
846,Poojaneeyudesu Prabhu,,0.00,not_researched,Not yet researched - no lookup was performed for this song.,,
847,Vidheyatha Kaligi Jeevinchutaku,,0.00,not_researched,Not yet researched - no lookup was performed for this song.,,
848,Yehovaaye Naa Kaaparigaa,,0.00,not_researched,Not yet researched - no lookup was performed for this song.,,
849,Mahimagala Thandri,,0.00,not_researched,Not yet researched - no lookup was performed for this song.,,
850,Oranna Oranna,,0.00,not_researched,Not yet researched - no lookup was performed for this song.,,
851,Anudinamu Prabhuni,,0.00,not_researched,Not yet researched - no lookup was performed for this song.,,
852,Nee Premalo Nundi Nannu,,0.00,not_researched,Not yet researched - no lookup was performed for this song.,,
853,Nenu Velle Maargamu,,0.00,not_researched,Not yet researched - no lookup was performed for this song.,,
854,Sarva Lokamaa,,0.00,not_researched,Not yet researched - no lookup was performed for this song.,,
855,Ninnu Kaapaaduvaadu Kunukadu,,0.00,not_researched,Not yet researched - no lookup was performed for this song.,,
856,Kaavalivaadaa O Kaavalivaadaa,,0.00,not_researched,Not yet researched - no lookup was performed for this song.,,
857,Nithya Prematho,,0.00,not_researched,Not yet researched - no lookup was performed for this song.,,
858,Devuni Sthuthincha Randi,,0.00,not_researched,Not yet researched - no lookup was performed for this song.,,
859,Okkade Yesu Okkade,,0.00,not_researched,Not yet researched - no lookup was performed for this song.,,
860,Naadantu Lokaana,,0.00,not_researched,Not yet researched - no lookup was performed for this song.,,
861,Prabhuvaa Ninu Keerthinchutaku,,0.00,not_researched,Not yet researched - no lookup was performed for this song.,,
862,Kodavalini Chetha Patti,,0.00,not_researched,Not yet researched - no lookup was performed for this song.,,
863,Neevu Thodundagaa,,0.00,not_researched,Not yet researched - no lookup was performed for this song.,,
864,Prabhu Sannidhilo Aanandame,,0.00,not_researched,Not yet researched - no lookup was performed for this song.,,
865,Andamaina Madhuramaina,,0.00,not_researched,Not yet researched - no lookup was performed for this song.,,
866,Janminche Janambulaku,,0.00,not_researched,Not yet researched - no lookup was performed for this song.,,
867,Facebook YouTube,,0.00,not_researched,Not yet researched - no lookup was performed for this song.,,
868,Neevu Chesina Mellaku,,0.00,not_researched,Not yet researched - no lookup was performed for this song.,,
869,Padamulu Chaalani Prema,,0.00,not_researched,Not yet researched - no lookup was performed for this song.,,
870,Shuddha Raathri,,0.00,not_researched,Not yet researched - no lookup was performed for this song.,,
871,Devuni Yandu Bhakthi,,0.00,not_researched,Not yet researched - no lookup was performed for this song.,,
872,Elaa Maruvagalanayyaa,,0.00,not_researched,Not yet researched - no lookup was performed for this song.,,
873,Nenante Neekenduko,,0.00,not_researched,Not yet researched - no lookup was performed for this song.,,
874,Yesayyaa Nee Maatalu,,0.00,not_researched,Not yet researched - no lookup was performed for this song.,,
875,Choodare Siluvanu,,0.00,not_researched,Not yet researched - no lookup was performed for this song.,,
876,Naa Priyamaina Yesu Prabhu,,0.00,not_researched,Not yet researched - no lookup was performed for this song.,,
877,Naa Sarvam Naa Kota,,0.00,not_researched,Not yet researched - no lookup was performed for this song.,,
878,Ningilo Devudu,,0.00,not_researched,Not yet researched - no lookup was performed for this song.,,
879,Kondalalo Konalalo,,0.00,not_researched,Not yet researched - no lookup was performed for this song.,,
880,Yehovaa Naaku Velugaaye,,0.00,not_researched,Not yet researched - no lookup was performed for this song.,,
881,Suvaarthe Parishkaaram,,0.00,not_researched,Not yet researched - no lookup was performed for this song.,,
882,Devaa Nee Naamam (Kripal Mohan),,0.00,not_researched,Not yet researched - no lookup was performed for this song.,,
883,Phalamulanaashinchina Paraloka Thandri,,0.00,not_researched,Not yet researched - no lookup was performed for this song.,,
884,Naa Praanapriyudaa Naa Yesu Raajaa,,0.00,not_researched,Not yet researched - no lookup was performed for this song.,,
885,Neetho Nenu Naduvaalani,,0.00,not_researched,Not yet researched - no lookup was performed for this song.,,
886,Vandanam,,0.00,not_researched,Not yet researched - no lookup was performed for this song.,,
887,Yugayugaalu Maariponidi,,0.00,not_researched,Not yet researched - no lookup was performed for this song.,,
888,Ae Naamamulo,,0.00,not_researched,Not yet researched - no lookup was performed for this song.,,
889,Naa Kosamaa,,0.00,not_researched,Not yet researched - no lookup was performed for this song.,,
890,Yesayya Naamamu,,0.00,not_researched,Not yet researched - no lookup was performed for this song.,,
891,Bandhamu Neeve,,0.00,not_researched,Not yet researched - no lookup was performed for this song.,,
892,Devaa Ilalona Neevu,,0.00,not_researched,Not yet researched - no lookup was performed for this song.,,
893,Raaraaju Vasthunnaado,,0.00,not_researched,Not yet researched - no lookup was performed for this song.,,
894,Aa Raaje Naa Raaju,,0.00,not_researched,Not yet researched - no lookup was performed for this song.,,
895,Ruchi Choochi Erigithini,,0.00,not_researched,Not yet researched - no lookup was performed for this song.,,
896,Idhigo Devaa Ee Hrudayam,,0.00,not_researched,Not yet researched - no lookup was performed for this song.,,
897,Naa Kanula Vembadi,,0.00,not_researched,Not yet researched - no lookup was performed for this song.,,
898,Naa Jeevam Nee Krupalo,,0.00,not_researched,Not yet researched - no lookup was performed for this song.,,
899,Koti Kaanthula Velugulatho,,0.00,not_researched,Not yet researched - no lookup was performed for this song.,,
900,Janminche Janminche Yesayyaa,,0.00,not_researched,Not yet researched - no lookup was performed for this song.,,
901,Priya Yesu Dehamulo,,0.00,not_researched,Not yet researched - no lookup was performed for this song.,,
902,Devuniki Sthothramu Gaanamu,,0.00,not_researched,Not yet researched - no lookup was performed for this song.,,
903,Kannulatho Choose Ee Lokam,,0.00,not_researched,Not yet researched - no lookup was performed for this song.,,
904,Naadu Jeevamaayene,,0.00,not_researched,Not yet researched - no lookup was performed for this song.,,
905,Nee Krupa Lenicho,,0.00,not_researched,Not yet researched - no lookup was performed for this song.,,
906,Krupaa Kshemamu,,0.00,not_researched,Not yet researched - no lookup was performed for this song.,,
907,Mosithivaa Naa Korakai,,0.00,not_researched,Not yet researched - no lookup was performed for this song.,,
908,Meghaala Paina Mana Yesu,,0.00,not_researched,Not yet researched - no lookup was performed for this song.,,
909,Nee Prema Maadhuryamu,,0.00,not_researched,Not yet researched - no lookup was performed for this song.,,
910,Yesu Raaju Raajula Raajai,,0.00,not_researched,Not yet researched - no lookup was performed for this song.,,
911,Asaadhyamainadi Lene Ledu,,0.00,not_researched,Not yet researched - no lookup was performed for this song.,,
912,Ee Maranamu Kaadu,,0.00,not_researched,Not yet researched - no lookup was performed for this song.,,
913,Immaanuyelu Devudaa,,0.00,not_researched,Not yet researched - no lookup was performed for this song.,,
914,O Yaathrikudaa,,0.00,not_researched,Not yet researched - no lookup was performed for this song.,,
915,Yehovaa Mahima Nee Meeda,,0.00,not_researched,Not yet researched - no lookup was performed for this song.,,
916,Sannuthinthu Yesu Swaami,,0.00,not_researched,Not yet researched - no lookup was performed for this song.,,
917,Bhajiyinthumu Ninu Jagadeeshaa,,0.00,not_researched,Not yet researched - no lookup was performed for this song.,,
918,Entha Pedda Poraatamo,,0.00,not_researched,Not yet researched - no lookup was performed for this song.,,
919,Sthuthi Paadutake,,0.00,not_researched,Not yet researched - no lookup was performed for this song.,,
920,Thoorpu Dikka Chukka Butte,,0.00,not_researched,Not yet researched - no lookup was performed for this song.,,
921,Doshivaa Prabhu,,0.00,not_researched,Not yet researched - no lookup was performed for this song.,,
922,Raajula Raajula Raaju,,0.00,not_researched,Not yet researched - no lookup was performed for this song.,,
923,Neevu Leni Kshanamainaa,,0.00,not_researched,Not yet researched - no lookup was performed for this song.,,
924,Devuni Samukha Jeeva Kavilelo,,0.00,not_researched,Not yet researched - no lookup was performed for this song.,,
925,Nee Naamam Naa Gaanam,,0.00,not_researched,Not yet researched - no lookup was performed for this song.,,
926,Shaashwathamaina Prematho,,0.00,not_researched,Not yet researched - no lookup was performed for this song.,,
927,Sthothram Chellinthumu,,0.00,not_researched,Not yet researched - no lookup was performed for this song.,,
928,Ullaasa Jeevitham,,0.00,not_researched,Not yet researched - no lookup was performed for this song.,,
929,Kanaleni Kanulelanayyaa,,0.00,not_researched,Not yet researched - no lookup was performed for this song.,,
930,Viluvaina Nee Krupa,,0.00,not_researched,Not yet researched - no lookup was performed for this song.,,
931,Kshanamaina Neevu,,0.00,not_researched,Not yet researched - no lookup was performed for this song.,,
932,O Ishraayelu,,0.00,not_researched,Not yet researched - no lookup was performed for this song.,,
933,Premagala Yesayyaa,,0.00,not_researched,Not yet researched - no lookup was performed for this song.,,
934,Uthaka Meeda Thalupu,,0.00,not_researched,Not yet researched - no lookup was performed for this song.,,
935,Unnaadu Devudu Naaku Thodu,,0.00,not_researched,Not yet researched - no lookup was performed for this song.,,
936,Premaa Poornudu,,0.00,not_researched,Not yet researched - no lookup was performed for this song.,,
937,Swachchandha Seeyonu Vaasi,,0.00,not_researched,Not yet researched - no lookup was performed for this song.,,
938,Jeevinchuchunnavaadaa,,0.00,not_researched,Not yet researched - no lookup was performed for this song.,,
939,Choochuchunna Devudavayyaa,,0.00,not_researched,Not yet researched - no lookup was performed for this song.,,
940,Kalvari Siluvalo Yesayya,,0.00,not_researched,Not yet researched - no lookup was performed for this song.,,
941,Maarpuleni Thandrivi,,0.00,not_researched,Not yet researched - no lookup was performed for this song.,,
942,Punarutthaanudaa,,0.00,not_researched,Not yet researched - no lookup was performed for this song.,,
943,Yesayyaa Naa Yesayyaa,,0.00,not_researched,Not yet researched - no lookup was performed for this song.,,
944,Jayamichchina Devuniki,,0.00,not_researched,Not yet researched - no lookup was performed for this song.,,
945,Kaluvari Giri Nundi,,0.00,not_researched,Not yet researched - no lookup was performed for this song.,,
946,Poraatam Aathmeeya Poraatam,,0.00,not_researched,Not yet researched - no lookup was performed for this song.,,
947,Lemmu Thejarillumu Neeku,,0.00,not_researched,Not yet researched - no lookup was performed for this song.,,
948,Aarani Prema Idi,,0.00,not_researched,Not yet researched - no lookup was performed for this song.,,
949,Gaalinchi Choodaraa,,0.00,not_researched,Not yet researched - no lookup was performed for this song.,,
950,Naa Thanuvu Naa Manasu,,0.00,not_researched,Not yet researched - no lookup was performed for this song.,,
951,Neetho Naa Jeevitham,,0.00,not_researched,Not yet researched - no lookup was performed for this song.,,
952,Konda Kona Loya Lothullo,,0.00,not_researched,Not yet researched - no lookup was performed for this song.,,
953,Theeyani Swaraalatho,,0.00,not_researched,Not yet researched - no lookup was performed for this song.,,
954,Yesayya Maata,,0.00,not_researched,Not yet researched - no lookup was performed for this song.,,
955,Endaro Endaru Endaro,,0.00,not_researched,Not yet researched - no lookup was performed for this song.,,
956,Idhi Shubhodayam,,0.00,not_researched,Not yet researched - no lookup was performed for this song.,,
957,Sonthamai Povaali Naa Yesutho,,0.00,not_researched,Not yet researched - no lookup was performed for this song.,,
958,Neeve Naa Snehamu,,0.00,not_researched,Not yet researched - no lookup was performed for this song.,,
959,Aakashame Pattanodu,,0.00,not_researched,Not yet researched - no lookup was performed for this song.,,
960,Srushti Karthaa Yesu Devaa,,0.00,not_researched,Not yet researched - no lookup was performed for this song.,,
961,Ninu Poli Nenu,,0.00,not_researched,Not yet researched - no lookup was performed for this song.,,
962,Evaru Leka Ontarinai,,0.00,not_researched,Not yet researched - no lookup was performed for this song.,,
963,Yese Sarvam,,0.00,not_researched,Not yet researched - no lookup was performed for this song.,,
964,Naa Devuni Gudaaramulo,,0.00,not_researched,Not yet researched - no lookup was performed for this song.,,
965,Devaa Naa Moraalakinchithivi,,0.00,not_researched,Not yet researched - no lookup was performed for this song.,,
966,Nashiyinchu Aathmalenniyo,,0.00,not_researched,Not yet researched - no lookup was performed for this song.,,
967,Naalo Unna Aashalanniyu,,0.00,not_researched,Not yet researched - no lookup was performed for this song.,,
968,Pailam Kodukaa,,0.00,not_researched,Not yet researched - no lookup was performed for this song.,,
969,Novahu Odane Sanghamulo,,0.00,not_researched,Not yet researched - no lookup was performed for this song.,,
970,Ninnu Vembadincheda,,0.00,not_researched,Not yet researched - no lookup was performed for this song.,,
971,Vinavaa Manavi,,0.00,not_researched,Not yet researched - no lookup was performed for this song.,,
972,Krupa Krupa Naa Yesu Krupaa,,0.00,not_researched,Not yet researched - no lookup was performed for this song.,,
973,Naa Yesu Raaju,,0.00,not_researched,Not yet researched - no lookup was performed for this song.,,
974,Ninu Cheraga Naa Madi,,0.00,not_researched,Not yet researched - no lookup was performed for this song.,,
975,Enthentha Bhaaramaaye Aa Siluva,,0.00,not_researched,Not yet researched - no lookup was performed for this song.,,
976,Meeru Bahugaa Phalinchinacho,,0.00,not_researched,Not yet researched - no lookup was performed for this song.,,
977,Vaadabaarani Vishwaasamutho,,0.00,not_researched,Not yet researched - no lookup was performed for this song.,,
978,Karuninchavaa Naa Yesuvaa,,0.00,not_researched,Not yet researched - no lookup was performed for this song.,,
979,Ninnu Thalachi,,0.00,not_researched,Not yet researched - no lookup was performed for this song.,,
980,Sugunaala Sampannudaa,,0.00,not_researched,Not yet researched - no lookup was performed for this song.,,
981,Nee Sannidhilo Santhoshamu,,0.00,not_researched,Not yet researched - no lookup was performed for this song.,,
982,Aaripoye Deepamlaa,,0.00,not_researched,Not yet researched - no lookup was performed for this song.,,
983,Endina Edaari Brathukulo,,0.00,not_researched,Not yet researched - no lookup was performed for this song.,,
984,Naa Kalavaramulanni,,0.00,not_researched,Not yet researched - no lookup was performed for this song.,,
985,Seeyonulo Nundi Neevu,,0.00,not_researched,Not yet researched - no lookup was performed for this song.,,
986,Epaati Daananayaa,,0.00,not_researched,Not yet researched - no lookup was performed for this song.,,
987,Christmas Medley 1,,0.00,not_researched,Not yet researched - no lookup was performed for this song.,,
988,Upavaasamtho Praardhanalo,,0.00,not_researched,Not yet researched - no lookup was performed for this song.,,
989,Sthuthiyu Mahima Ghanatha Neeke,,0.00,not_researched,Not yet researched - no lookup was performed for this song.,,
990,Naaku Nee Krupa Chaalunu,,0.00,not_researched,Not yet researched - no lookup was performed for this song.,,
991,Neevegaa Yesu Neevegaa,,0.00,not_researched,Not yet researched - no lookup was performed for this song.,,
992,Uthsaaha Gaanamu Chesedamu,,0.00,not_researched,Not yet researched - no lookup was performed for this song.,,
993,Ihaloka Paapi Koraku,,0.00,not_researched,Not yet researched - no lookup was performed for this song.,,
994,Sari Cheyumo Devaa,,0.00,not_researched,Not yet researched - no lookup was performed for this song.,,
995,Ghanamaina Veduka,,0.00,not_researched,Not yet researched - no lookup was performed for this song.,,
996,Naa Kanuchoopu Mera,,0.00,not_researched,Not yet researched - no lookup was performed for this song.,,
997,Mem Kraisthavulam,,0.00,not_researched,Not yet researched - no lookup was performed for this song.,,
998,Siluva Chentha Cherina Naadu,,0.00,not_researched,Not yet researched - no lookup was performed for this song.,,
999,Draakshaa Vallivi Neevaithe,,0.00,not_researched,Not yet researched - no lookup was performed for this song.,,
1000,Neethi Sooryudaa Yesu,,0.00,not_researched,Not yet researched - no lookup was performed for this song.,,
1001,Sthothrinchedamu Daiva Kumaaruni,,0.00,not_researched,Not yet researched - no lookup was performed for this song.,,
1002,Shubha Vela Sthothra Bali,,0.00,not_researched,Not yet researched - no lookup was performed for this song.,,
1003,Paavuramaa Sanghamupai,,0.00,not_researched,Not yet researched - no lookup was performed for this song.,,
1004,Antaraani Vaadavantu,,0.00,not_researched,Not yet researched - no lookup was performed for this song.,,
1005,Nijamugaa Mora Pettina,,0.00,not_researched,Not yet researched - no lookup was performed for this song.,,
1006,Dorakunu Samasthamu,,0.00,not_researched,Not yet researched - no lookup was performed for this song.,,
1007,Raajaa Nee Sannidhilone Untaanayyaa,,0.00,not_researched,Not yet researched - no lookup was performed for this song.,,
1008,Aakaashamu Nee Simhaasanam,,0.00,not_researched,Not yet researched - no lookup was performed for this song.,,
1009,Nee Dayalo Nee Krupalo,,0.00,not_researched,Not yet researched - no lookup was performed for this song.,,
1010,Beulah Deshamu Naadi,,0.00,not_researched,Not yet researched - no lookup was performed for this song.,,
1011,Jeeva Naadha Mukthi Daatha,,0.00,not_researched,Not yet researched - no lookup was performed for this song.,,
1012,Thandri Devaa,,0.00,not_researched,Not yet researched - no lookup was performed for this song.,,
1013,Neevu Praardhana Cheyunappudu,,0.00,not_researched,Not yet researched - no lookup was performed for this song.,,
1014,Devaa Nee Sannidhilo,,0.00,not_researched,Not yet researched - no lookup was performed for this song.,,
1015,Sthuthulaku Paathrudu Yesayyaa,,0.00,not_researched,Not yet researched - no lookup was performed for this song.,,
1016,Sarvonnathudaa,,0.00,not_researched,Not yet researched - no lookup was performed for this song.,,
1017,Nannu Neevale Nirminchinanu,,0.00,not_researched,Not yet researched - no lookup was performed for this song.,,
1018,Kuthoohalam Aarbhaatame,,0.00,not_researched,Not yet researched - no lookup was performed for this song.,,
1019,Chirakaala Snehithudaa,,0.00,not_researched,Not yet researched - no lookup was performed for this song.,,
1020,Goodu Leni Guvvanai,,0.00,not_researched,Not yet researched - no lookup was performed for this song.,,
1021,Naa Vedhanalo Naa Baadhalo,,0.00,not_researched,Not yet researched - no lookup was performed for this song.,,
1022,Hrudayaalanele Raaraaju,,0.00,not_researched,Not yet researched - no lookup was performed for this song.,,
1023,Anni Naamamula Kanna,,0.00,not_researched,Not yet researched - no lookup was performed for this song.,,
1024,Kannulanetthi Pairula Choodu,,0.00,not_researched,Not yet researched - no lookup was performed for this song.,,
1025,Nee Paada Sannidhiki,,0.00,not_researched,Not yet researched - no lookup was performed for this song.,,
1026,Raathi Samaadhilo,,0.00,not_researched,Not yet researched - no lookup was performed for this song.,,
1027,Thallilaa Laalinchunu,,0.00,not_researched,Not yet researched - no lookup was performed for this song.,,
1028,Neetho Sneham Cheyaalani,,0.00,not_researched,Not yet researched - no lookup was performed for this song.,,
1029,Virisina Hrudayaalaku,,0.00,not_researched,Not yet researched - no lookup was performed for this song.,,
1030,Gaadaandhakaarapu Loyalo,,0.00,not_researched,Not yet researched - no lookup was performed for this song.,,
1031,Preminchu Devudu,,0.00,not_researched,Not yet researched - no lookup was performed for this song.,,
1032,Maanavulandaru Okkatenani,,0.00,not_researched,Not yet researched - no lookup was performed for this song.,,
1033,Gadichina Kaalamanthaa,,0.00,not_researched,Not yet researched - no lookup was performed for this song.,,
1034,Living Hope (Telugu),,0.00,not_researched,Not yet researched - no lookup was performed for this song.,,
1035,Deevinchaave,,0.00,not_researched,Not yet researched - no lookup was performed for this song.,,
1036,Priya Yesu Naatha,,0.00,not_researched,Not yet researched - no lookup was performed for this song.,,
1037,Ennika Leni Naapai,,0.00,not_researched,Not yet researched - no lookup was performed for this song.,,
1038,Yesayyaa Nee Naamamune,,0.00,not_researched,Not yet researched - no lookup was performed for this song.,,
1039,Nee Vaakyame Nannu Brathikinchenu,,0.00,not_researched,Not yet researched - no lookup was performed for this song.,,
1040,Aaraadhanaa Aaraadhanaa Aathmatho,,0.00,not_researched,Not yet researched - no lookup was performed for this song.,,
1041,Udayamaaye Hrudayamaa,,0.00,not_researched,Not yet researched - no lookup was performed for this song.,,
1042,Gorrepilla Jeeva Grandhamandu,,0.00,not_researched,Not yet researched - no lookup was performed for this song.,,
1043,Aedaa Nuntiviraa,,0.00,not_researched,Not yet researched - no lookup was performed for this song.,,
1044,Aathma Vishayamai,,0.00,not_researched,Not yet researched - no lookup was performed for this song.,,
1045,Nee Naamam Athi Madhuram,,0.00,not_researched,Not yet researched - no lookup was performed for this song.,,
1046,Neevu Chesina Thyaagaanni,,0.00,not_researched,Not yet researched - no lookup was performed for this song.,,
1047,Ninu Paadaalani,,0.00,not_researched,Not yet researched - no lookup was performed for this song.,,
1048,Christmas Aanandam,,0.00,not_researched,Not yet researched - no lookup was performed for this song.,,
1049,Yesayyaa Ninnu Choodaalani,,0.00,not_researched,Not yet researched - no lookup was performed for this song.,,
1050,Doorapu Kondapai,,0.00,not_researched,Not yet researched - no lookup was performed for this song.,,
1051,Moodu Dashaabdaala,,0.00,not_researched,Not yet researched - no lookup was performed for this song.,,
1052,Sthuthiyinthumu,,0.00,not_researched,Not yet researched - no lookup was performed for this song.,,
1053,Chithra Chithraala Vaade,,0.00,not_researched,Not yet researched - no lookup was performed for this song.,,
1054,Sthuthi Paadeda Ne Prathi Dinamu,,0.00,not_researched,Not yet researched - no lookup was performed for this song.,,
1055,Iddarokkatiga Maareti,,0.00,not_researched,Not yet researched - no lookup was performed for this song.,,
1056,Mannegadayyaa Mannegadayyaa,,0.00,not_researched,Not yet researched - no lookup was performed for this song.,,
1057,Ellappudunu Prabhuvunandu,,0.00,not_researched,Not yet researched - no lookup was performed for this song.,,
1058,Nee Swaramu,,0.00,not_researched,Not yet researched - no lookup was performed for this song.,,
1059,Kondala Thattu Naa Kannulu,,0.00,not_researched,Not yet researched - no lookup was performed for this song.,,
1060,Nithyamu Sthuthinchinaa,,0.00,not_researched,Not yet researched - no lookup was performed for this song.,,
1061,Dhanyamu Entho Dhanyamu,,0.00,not_researched,Not yet researched - no lookup was performed for this song.,,
1062,Nee Saakshyamu Edi,,0.00,not_researched,Not yet researched - no lookup was performed for this song.,,
1063,Nannenthagaa Preminchithivo,,0.00,not_researched,Not yet researched - no lookup was performed for this song.,,
1064,Ae Reethi Sthuthiyinthuno,,0.00,not_researched,Not yet researched - no lookup was performed for this song.,,
1065,Melu Cheyaka,,0.00,not_researched,Not yet researched - no lookup was performed for this song.,,
1066,Naa Neethi Neeve,,0.00,not_researched,Not yet researched - no lookup was performed for this song.,,
1067,Advitheeya Sathya Devudu,,0.00,not_researched,Not yet researched - no lookup was performed for this song.,,
1068,Christmas Vachchindayyaa,,0.00,not_researched,Not yet researched - no lookup was performed for this song.,,
1069,Aathma Varshamunu,,0.00,not_researched,Not yet researched - no lookup was performed for this song.,,
1070,Nadavaalani Yesu,,0.00,not_researched,Not yet researched - no lookup was performed for this song.,,
1071,Jeevanadini Naa Hrudayamulo,,0.00,not_researched,Not yet researched - no lookup was performed for this song.,,
1072,Nedu Ikkada Repu Ekkado,,0.00,not_researched,Not yet researched - no lookup was performed for this song.,,
1073,Samvathsaramulu Veluchundagaa,,0.00,not_researched,Not yet researched - no lookup was performed for this song.,,
1074,Andaala Udyaanavanamaa,,0.00,not_researched,Not yet researched - no lookup was performed for this song.,,
1075,Anudinam Aa Prabhuni Varame,,0.00,not_researched,Not yet researched - no lookup was performed for this song.,,
1076,Gaayaamulan Gaayamulan,,0.00,not_researched,Not yet researched - no lookup was performed for this song.,,
1077,Shatha Koti Raagaalu Vallinchina,,0.00,not_researched,Not yet researched - no lookup was performed for this song.,,
1078,Pethuru Vale Nenu,,0.00,not_researched,Not yet researched - no lookup was performed for this song.,,
1079,Maanavudavai Sakala,,0.00,not_researched,Not yet researched - no lookup was performed for this song.,,
1080,Yesayyaa Naa Praana Naathaa Ninu,,0.00,not_researched,Not yet researched - no lookup was performed for this song.,,
1081,Idhigo Devaa Naa Jeevitham,,0.00,not_researched,Not yet researched - no lookup was performed for this song.,,
1082,Amma Kanna Minna,,0.00,not_researched,Not yet researched - no lookup was performed for this song.,,
1083,Yesayyaa Nee Poola Thota,,0.00,not_researched,Not yet researched - no lookup was performed for this song.,,
1084,Naa Jeevam Naa Sarvam,,0.00,not_researched,Not yet researched - no lookup was performed for this song.,,
1085,Nee Premaa Nee Karunaa,,0.00,not_researched,Not yet researched - no lookup was performed for this song.,,
1086,O Kreesthu Sanghamaa,,0.00,not_researched,Not yet researched - no lookup was performed for this song.,,
1087,Chukka Puttindi,,0.00,not_researched,Not yet researched - no lookup was performed for this song.,,
1088,Yesutho Teevigaanu Podamaa,,0.00,not_researched,Not yet researched - no lookup was performed for this song.,,
1089,Brathukuta Nee Kosame,,0.00,not_researched,Not yet researched - no lookup was performed for this song.,,
1090,Nirathamu Sthuthiyinchumu,,0.00,not_researched,Not yet researched - no lookup was performed for this song.,,
1091,Yesu Prabhuvaa Neeve,,0.00,not_researched,Not yet researched - no lookup was performed for this song.,,
1092,Maruvalenayyaa,,0.00,not_researched,Not yet researched - no lookup was performed for this song.,,
1093,Edabaayani Needu Krupa,,0.00,not_researched,Not yet researched - no lookup was performed for this song.,,
1094,Sthuthi Paadanaa Nenu,,0.00,not_researched,Not yet researched - no lookup was performed for this song.,,
1095,Chukka Puttindi 2,,0.00,not_researched,Not yet researched - no lookup was performed for this song.,,
1096,Ambaraaniki Antelaa,,0.00,not_researched,Not yet researched - no lookup was performed for this song.,,
1097,Aaraadhinchedamu Yesayya Naamamunu,,0.00,not_researched,Not yet researched - no lookup was performed for this song.,,
1098,Neeve Nannu Korukunnaavu,,0.00,not_researched,Not yet researched - no lookup was performed for this song.,,
1099,Vaaduko Naa Yesayyaa,,0.00,not_researched,Not yet researched - no lookup was performed for this song.,,
1100,Sthuthi Prashamsa Paaduchu,,0.00,not_researched,Not yet researched - no lookup was performed for this song.,,
1101,Padivelalo Athi Sundarudaa (Aaraadhinthun),,0.00,not_researched,Not yet researched - no lookup was performed for this song.,,
1102,Karthaa Mammunu,,0.00,not_researched,Not yet researched - no lookup was performed for this song.,,
1103,Vachchindi Christmas Vachchindi,,0.00,not_researched,Not yet researched - no lookup was performed for this song.,,
1104,Nee Priya Prabhuni Sevakai,,0.00,not_researched,Not yet researched - no lookup was performed for this song.,,
1105,Nee Koraku Naa Praanam,,0.00,not_researched,Not yet researched - no lookup was performed for this song.,,
1106,Thyaagamentha Chesaavu Devaa,,0.00,not_researched,Not yet researched - no lookup was performed for this song.,,
1107,Ekkadekkado Putti,,0.00,not_researched,Not yet researched - no lookup was performed for this song.,,
1108,Shakthi Chetha Kaadanenu,,0.00,not_researched,Not yet researched - no lookup was performed for this song.,,
1109,Aaraadhana Anduko,,0.00,not_researched,Not yet researched - no lookup was performed for this song.,,
1110,Aa Ningilo Veligindi Oka Thaara,,0.00,not_researched,Not yet researched - no lookup was performed for this song.,,
1111,Needentho Karunaa,,0.00,not_researched,Not yet researched - no lookup was performed for this song.,,
1112,Puvvulaantidi Jeevitham,,0.00,not_researched,Not yet researched - no lookup was performed for this song.,,
1113,Choodaalani Unnadi,,0.00,not_researched,Not yet researched - no lookup was performed for this song.,,
1114,Amoolyamaina Aanimuthyamaa,,0.00,not_researched,Not yet researched - no lookup was performed for this song.,,
1115,Enni Thalachinaa,,0.00,not_researched,Not yet researched - no lookup was performed for this song.,,
1116,Maatlaade Devudavu Neevu,,0.00,not_researched,Not yet researched - no lookup was performed for this song.,,
1117,Nee Chethilo Rottenu Nenayya,,0.00,not_researched,Not yet researched - no lookup was performed for this song.,,
1118,Anni Velala Vinuvaadu,,0.00,not_researched,Not yet researched - no lookup was performed for this song.,,
1119,Shaashwatha Prematho,,0.00,not_researched,Not yet researched - no lookup was performed for this song.,,
1120,Yesu Sarvonnathudaa,,0.00,not_researched,Not yet researched - no lookup was performed for this song.,,
1121,Devaa Naa Devaa Neeve Naa Kaapari,,0.00,not_researched,Not yet researched - no lookup was performed for this song.,,
1122,Aakarshinche Daivamaa,,0.00,not_researched,Not yet researched - no lookup was performed for this song.,,
1123,Ninu Gaaka Mari Denini,,0.00,not_researched,Not yet researched - no lookup was performed for this song.,,
1124,Gatha Kaalamantha Nee Needalona,,0.00,not_researched,Not yet researched - no lookup was performed for this song.,,
1125,Puvvu Virisi Raalinaa,,0.00,not_researched,Not yet researched - no lookup was performed for this song.,,
1126,Sadaa Kaalamu Neetho Nenu,,0.00,not_researched,Not yet researched - no lookup was performed for this song.,,
1127,Udayakaalamu Madhyahaanamu,,0.00,not_researched,Not yet researched - no lookup was performed for this song.,,
1128,Lokamulo Verrivaarini,,0.00,not_researched,Not yet researched - no lookup was performed for this song.,,
1129,Prema Shaashwatha Kaalamundunu,,0.00,not_researched,Not yet researched - no lookup was performed for this song.,,
1130,Hallelooya Paatalatho,,0.00,not_researched,Not yet researched - no lookup was performed for this song.,,
1131,Raajaa Nee Bhavanamulo,,0.00,not_researched,Not yet researched - no lookup was performed for this song.,,
1132,Sarvashakthuni Sthothra Gaanamu,,0.00,not_researched,Not yet researched - no lookup was performed for this song.,,
1133,Choochuchunna Devudavu,,0.00,not_researched,Not yet researched - no lookup was performed for this song.,,
1134,Preethigala Mana Yesu,,0.00,not_researched,Not yet researched - no lookup was performed for this song.,,
1135,Emivvagalanayya Naa Yesayyaa,,0.00,not_researched,Not yet researched - no lookup was performed for this song.,,
1136,Thana Rakthamtho Kadigi,,0.00,not_researched,Not yet researched - no lookup was performed for this song.,,
1137,Prathi Roju Choodaalani,,0.00,not_researched,Not yet researched - no lookup was performed for this song.,,
1138,Neetho Nundani Brathuku,,0.00,not_researched,Not yet researched - no lookup was performed for this song.,,
1139,Nammaku Ilalo,,0.00,not_researched,Not yet researched - no lookup was performed for this song.,,
1140,Sthothrabali Sthothrabali,,0.00,not_researched,Not yet researched - no lookup was performed for this song.,,
1141,Yesayyaa Naakantu,,0.00,not_researched,Not yet researched - no lookup was performed for this song.,,
1142,Parishuddhudaa Parishuddhudaa,,0.00,not_researched,Not yet researched - no lookup was performed for this song.,,
1143,Sthuthinchedanu Ninnu Nenu,,0.00,not_researched,Not yet researched - no lookup was performed for this song.,,
1144,Aahaa Aanandame (Seeyonu),,0.00,not_researched,Not yet researched - no lookup was performed for this song.,,
1145,Enno Enno Melulu Chesaavayyaa,,0.00,not_researched,Not yet researched - no lookup was performed for this song.,,
1146,Rende Rende Daarulu,,0.00,not_researched,Not yet researched - no lookup was performed for this song.,,
1147,Yesayyaa Praana Naathaa,,0.00,not_researched,Not yet researched - no lookup was performed for this song.,,
1148,Aruna Kaanthi Kiranamai,,0.00,not_researched,Not yet researched - no lookup was performed for this song.,,
1149,Aadhaaram Naaku Aadhaaram,,0.00,not_researched,Not yet researched - no lookup was performed for this song.,,
1150,Ne Saageda Yesunitho,,0.00,not_researched,Not yet researched - no lookup was performed for this song.,,
1151,Peda Naruni Roopamu,,0.00,not_researched,Not yet researched - no lookup was performed for this song.,,
1152,Vaadipoka Munde,,0.00,not_researched,Not yet researched - no lookup was performed for this song.,,
1153,Ee Dinamentho,,0.00,not_researched,Not yet researched - no lookup was performed for this song.,,
1154,Saageti Ee Jeeva Yaathralo,,0.00,not_researched,Not yet researched - no lookup was performed for this song.,,
1155,Nee Sannidhilo Nenunna,,0.00,not_researched,Not yet researched - no lookup was performed for this song.,,
1156,Nee Aananda Thailamutho,,0.00,not_researched,Not yet researched - no lookup was performed for this song.,,
1157,Cheekatilo Kaanthivi,,0.00,not_researched,Not yet researched - no lookup was performed for this song.,,
1158,Maaradayaa Nee Prema,,0.00,not_researched,Not yet researched - no lookup was performed for this song.,,
1159,Adagaka Mundhe,,0.00,not_researched,Not yet researched - no lookup was performed for this song.,,
1160,Nashiyinchedi Lokamlo,,0.00,not_researched,Not yet researched - no lookup was performed for this song.,,
1161,Prabhu Yesuni Poojinchedam,,0.00,not_researched,Not yet researched - no lookup was performed for this song.,,
1162,Kani Vini Erugani Karunaku,,0.00,not_researched,Not yet researched - no lookup was performed for this song.,,
1163,Kraisthava Jeevitham,,0.00,not_researched,Not yet researched - no lookup was performed for this song.,,
1164,Krupa Kanikaramula,,0.00,not_researched,Not yet researched - no lookup was performed for this song.,,
1165,Aadedhan Paadedhan,,0.00,not_researched,Not yet researched - no lookup was performed for this song.,,
1166,Nanu Viduvaka Edabaayaka,,0.00,not_researched,Not yet researched - no lookup was performed for this song.,,
1167,Thalavanchaku Nesthamaa,,0.00,not_researched,Not yet researched - no lookup was performed for this song.,,
1168,Adiginadi Konthe Ayinaa,,0.00,not_researched,Not yet researched - no lookup was performed for this song.,,
1169,Yesayya Maata Bangaaru Moota,,0.00,not_researched,Not yet researched - no lookup was performed for this song.,,
1170,Kondala Thattu,,0.00,not_researched,Not yet researched - no lookup was performed for this song.,,
1171,Yavvanaa Janamaa,,0.00,not_researched,Not yet researched - no lookup was performed for this song.,,
1172,Aasha Theera Naa Yesu Swaamini,,0.00,not_researched,Not yet researched - no lookup was performed for this song.,,
1173,Kantipaapalaa Kaachinaavayyaa,,0.00,not_researched,Not yet researched - no lookup was performed for this song.,,
1174,Praardhana Kaligina Jeevitham,,0.00,not_researched,Not yet researched - no lookup was performed for this song.,,
1175,Durdinamulu Raakamunde,,0.00,not_researched,Not yet researched - no lookup was performed for this song.,,
1176,Dinadinamu Vijayamu,,0.00,not_researched,Not yet researched - no lookup was performed for this song.,,
1177,Yesu Neeke Jayam Jayamu,,0.00,not_researched,Not yet researched - no lookup was performed for this song.,,
1178,Gunde Baruvekkipothunnadi,,0.00,not_researched,Not yet researched - no lookup was performed for this song.,,
1179,Ishraayelu Devaa,,0.00,not_researched,Not yet researched - no lookup was performed for this song.,,
1180,Randi Suvaartha Sunaadamutho,,0.00,not_researched,Not yet researched - no lookup was performed for this song.,,
1181,Nee Krupa Naaku Chaalunu,,0.00,not_researched,Not yet researched - no lookup was performed for this song.,,
1182,Anniti Kannaa Praardhane Minna,,0.00,not_researched,Not yet researched - no lookup was performed for this song.,,
1183,Naa Sthuthi Paathrudaa,,0.00,not_researched,Not yet researched - no lookup was performed for this song.,,
1184,Pondithini Nenu,,0.00,not_researched,Not yet researched - no lookup was performed for this song.,,
1185,Appagimpabadina Raathri,,0.00,not_researched,Not yet researched - no lookup was performed for this song.,,
1186,Sthuthiyinchi Keerthinchi,,0.00,not_researched,Not yet researched - no lookup was performed for this song.,,
1187,Gaadaandhakaaramulo Ne Nadachina,,0.00,not_found,Classic hymn. Lyrics on many sites; no writer credited anywhere in results. Likely part of the Andhra Kraisthava Keerthanalu corpus - see the runbook note.,indianchristiansunited.org/lyrics/telugu-christian-songs/gaadaandhakaaramulo-ne-nadachina; songsofzion.org/songs/gaadaandhakaaramulo-ne-nadachina-RA,2026-08-03
1188,Konthasepu Kanabadi,,0.00,not_researched,Not yet researched - no lookup was performed for this song.,,
1189,Christmas Panduga,,0.00,not_researched,Not yet researched - no lookup was performed for this song.,,
1190,Nannu Diddumu Chinna Praayamu,,0.00,not_researched,Not yet researched - no lookup was performed for this song.,,
1191,Aaraadhana Aaraadhana (Chellinchedamu),,0.00,not_researched,Not yet researched - no lookup was performed for this song.,,
1192,Paathaalamlo Aathmala Aartha Naadam,,0.00,not_researched,Not yet researched - no lookup was performed for this song.,,
1193,Devaa Naa Devaa,,0.00,not_researched,Not yet researched - no lookup was performed for this song.,,
1194,Adavi Chetla Naduma,,0.00,not_researched,Not yet researched - no lookup was performed for this song.,,
1195,Odiponivvadu,,0.00,not_researched,Not yet researched - no lookup was performed for this song.,,
1196,Ebinejare,,0.00,not_researched,Not yet researched - no lookup was performed for this song.,,
1197,Santhosha Geethamu Paadedanu,,0.00,not_researched,Not yet researched - no lookup was performed for this song.,,
1198,Divinelu Sthothraarhudaa,,0.00,not_researched,Not yet researched - no lookup was performed for this song.,,
1199,Evaro Thelusaa Yesayyaa,,0.00,not_researched,Not yet researched - no lookup was performed for this song.,,
1200,Naa Yesu Raajaa,,0.00,not_researched,Not yet researched - no lookup was performed for this song.,,
1201,Raaraaju Janminche Ilalona,,0.00,not_researched,Not yet researched - no lookup was performed for this song.,,
1202,Prabhu Mora Vinavaa,,0.00,not_researched,Not yet researched - no lookup was performed for this song.,,
1203,Yehovaa Nanu Karuninchumaa,,0.00,not_researched,Not yet researched - no lookup was performed for this song.,,
1204,Mana Madhyane Unnadi,,0.00,not_researched,Not yet researched - no lookup was performed for this song.,,
1205,Nedo Repo Naa Priyudesu,,0.00,not_researched,Not yet researched - no lookup was performed for this song.,,
1206,Manasulokataaye Bhuvilo,,0.00,not_researched,Not yet researched - no lookup was performed for this song.,,
1207,Nee Krupa Aakaashamu Kannaa,,0.00,not_researched,Not yet researched - no lookup was performed for this song.,,
1208,Vaagdhaanamulanni Neraverchuchunnaadu,,0.00,not_researched,Not yet researched - no lookup was performed for this song.,,
1209,Siluvalo Aa Siluvalo,,0.00,not_researched,Not yet researched - no lookup was performed for this song.,,
1210,Neethone Gadipeyaalani,,0.00,not_researched,Not yet researched - no lookup was performed for this song.,,
1211,Chaatinchudi Manushya Jaathi,,0.00,not_researched,Not yet researched - no lookup was performed for this song.,,
1212,Aalakinchumo Devaa,,0.00,not_researched,Not yet researched - no lookup was performed for this song.,,
1213,Edabaayani Nee Krupa,,0.00,not_researched,Not yet researched - no lookup was performed for this song.,,
1214,Aanandinthu Neelo Devaa,,0.00,not_researched,Not yet researched - no lookup was performed for this song.,,
1215,Nithyam Nilichedi Nee Preme,,0.00,not_researched,Not yet researched - no lookup was performed for this song.,,
1216,Padivelalo Athi Priyudu,,0.00,not_researched,Not yet researched - no lookup was performed for this song.,,
1217,Vikasinchu Pushpamaa,,0.00,not_researched,Not yet researched - no lookup was performed for this song.,,
1218,Bhaasillenu Siluvalo,,0.00,not_researched,Not yet researched - no lookup was performed for this song.,,
1219,Hallelooyaa Ani Paadi,,0.00,not_researched,Not yet researched - no lookup was performed for this song.,,
1220,Emani Ne Paadedan,,0.00,not_researched,Not yet researched - no lookup was performed for this song.,,
1221,Naa Krupa Neeku Chaalani,,0.00,not_researched,Not yet researched - no lookup was performed for this song.,,
1222,Entho Vintha,,0.00,not_researched,Not yet researched - no lookup was performed for this song.,,
1223,Christmas Kaalam,,0.00,not_researched,Not yet researched - no lookup was performed for this song.,,
1224,Naa Chinni Donelo,,0.00,not_researched,Not yet researched - no lookup was performed for this song.,,
1225,Kanta Neerela,,0.00,not_researched,Not yet researched - no lookup was performed for this song.,,
1226,Manchivaadu Goppavaadu,,0.00,not_researched,Not yet researched - no lookup was performed for this song.,,
1227,Brathakaalani Unnaa,,0.00,not_researched,Not yet researched - no lookup was performed for this song.,,
1228,Entha Cheppina Vaakyaminaka Pothivi,,0.00,not_researched,Not yet researched - no lookup was performed for this song.,,
1229,Neeve Aasha Neeve Shwaasa,,0.00,not_researched,Not yet researched - no lookup was performed for this song.,,
1230,Prabhu Yesu Prabhu Yesu,,0.00,not_researched,Not yet researched - no lookup was performed for this song.,,
1231,Nammakamaina Devudavaina,,0.00,not_researched,Not yet researched - no lookup was performed for this song.,,
1232,Purab Dishaa Mein,,0.00,not_researched,Not yet researched - no lookup was performed for this song.,,
1233,Yehovaa Nissy,,0.00,not_researched,Not yet researched - no lookup was performed for this song.,,
1234,Entha Dooramainaa,,0.00,not_researched,Not yet researched - no lookup was performed for this song.,,
1235,Saati Evvaru,,0.00,not_researched,Not yet researched - no lookup was performed for this song.,,
1236,Innaallu Thodugaa,,0.00,not_researched,Not yet researched - no lookup was performed for this song.,,
1237,Hosannanuchu Sthuthi Paaduchu,,0.00,not_researched,Not yet researched - no lookup was performed for this song.,,
1238,Evariki Evaru,,0.00,not_researched,Not yet researched - no lookup was performed for this song.,,
1239,Priya Sanghasthulaaraa,,0.00,not_researched,Not yet researched - no lookup was performed for this song.,,
1240,Santhoshinchudi Yandaru,,0.00,not_researched,Not yet researched - no lookup was performed for this song.,,
1241,Ghanamainavi Nee Kaaryamulu,,0.00,not_researched,Not yet researched - no lookup was performed for this song.,,
1242,Samaadhaana Gruhambulonu,,0.00,not_researched,Not yet researched - no lookup was performed for this song.,,
1243,Sampoornudaa Naa Yesayyaa,,0.00,not_researched,Not yet researched - no lookup was performed for this song.,,
1244,Mulla Kireetamu,,0.00,not_researched,Not yet researched - no lookup was performed for this song.,,
1245,Raajaadhi Raaja,,0.00,not_researched,Not yet researched - no lookup was performed for this song.,,
1246,Devaa Naa Hrudayamutho,,0.00,not_researched,Not yet researched - no lookup was performed for this song.,,
1247,Sannuthinthumo Prabho,,0.00,not_researched,Not yet researched - no lookup was performed for this song.,,
1248,Sari Raarevvaru,,0.00,not_researched,Not yet researched - no lookup was performed for this song.,,
1249,Neeli Aakaashamlo,,0.00,not_researched,Not yet researched - no lookup was performed for this song.,,
1250,Thambura Sithaara Naadamutho,,0.00,not_researched,Not yet researched - no lookup was performed for this song.,,
1251,Jeevithamlo Nerchukunnaanu,,0.00,not_researched,Not yet researched - no lookup was performed for this song.,,
1252,Sameepimparaani Thejassulo,,0.00,not_researched,Not yet researched - no lookup was performed for this song.,,
1253,Dikkulanni Neevele,,0.00,not_researched,Not yet researched - no lookup was performed for this song.,,
1254,Yesu Nee Vaaramu,,0.00,not_researched,Not yet researched - no lookup was performed for this song.,,
1255,Divya Thaara,,0.00,not_researched,Not yet researched - no lookup was performed for this song.,,
1256,Raajulaku Raajaina Ee,,0.00,not_researched,Not yet researched - no lookup was performed for this song.,,
1257,Vevela Doothalatho,,0.00,not_researched,Not yet researched - no lookup was performed for this song.,,
1258,Samayamide Samayamide,,0.00,not_researched,Not yet researched - no lookup was performed for this song.,,
1259,Naa Jeevitha Bhaagaswaamivi,,0.00,not_researched,Not yet researched - no lookup was performed for this song.,,
1260,Entha Adbhuthamaina Krupa,,0.00,not_researched,Not yet researched - no lookup was performed for this song.,,
1261,Mighty Jesus Thodunte,,0.00,not_researched,Not yet researched - no lookup was performed for this song.,,
1262,Aascharya Kaaryamul Cheyunu Yesu,,0.00,not_researched,Not yet researched - no lookup was performed for this song.,,
1263,Kshamaapana Dorikenaa,,0.00,not_researched,Not yet researched - no lookup was performed for this song.,,
1264,Vandanambonarthumo,,0.00,not_researched,Not yet researched - no lookup was performed for this song.,,
1265,Ee Jeevitham Viluvainadi,,0.00,not_researched,Not yet researched - no lookup was performed for this song.,,
1266,Gorrepilla Vivaahothsava,,0.00,not_researched,Not yet researched - no lookup was performed for this song.,,
1267,Neeve Naa Sarvamu,,0.00,not_researched,Not yet researched - no lookup was performed for this song.,,
1268,Ee Tharam Yuvatharam,,0.00,not_researched,Not yet researched - no lookup was performed for this song.,,
1269,Maruvaddu Maruvaddu,,0.00,not_researched,Not yet researched - no lookup was performed for this song.,,
1270,Varshimpanee Varshimpanee,,0.00,not_researched,Not yet researched - no lookup was performed for this song.,,
1271,Sudhooramu Ee Payanamu,,0.00,not_researched,Not yet researched - no lookup was performed for this song.,,
1272,Paradeshulamo Priyulaaraa,,0.00,not_researched,Not yet researched - no lookup was performed for this song.,,
1273,Bethlehemu Puramulo,,0.00,not_researched,Not yet researched - no lookup was performed for this song.,,
1274,Intha Varaku Kaapaadinaavu,,0.00,not_researched,Not yet researched - no lookup was performed for this song.,,
1275,Aathmeeya Gaanaalatho,,0.00,not_researched,Not yet researched - no lookup was performed for this song.,,
1276,Nee Prema Entho Madhuram,,0.00,not_researched,Not yet researched - no lookup was performed for this song.,,
1277,Easter Medley,,0.00,not_researched,Not yet researched - no lookup was performed for this song.,,
1278,Sweekarinchumayaa Naathaa,,0.00,not_researched,Not yet researched - no lookup was performed for this song.,,
1279,Maatlaaade Yesayyaa,,0.00,not_researched,Not yet researched - no lookup was performed for this song.,,
1280,Chaalunayyaa Chaalunayyaa,,0.00,not_researched,Not yet researched - no lookup was performed for this song.,,
1281,Ninu Sthuthinchinaa Chaalu,,0.00,not_researched,Not yet researched - no lookup was performed for this song.,,
1282,Siluva Saakshigaa,,0.00,not_researched,Not yet researched - no lookup was performed for this song.,,
1283,Yesayyaa Nannenduku,,0.00,not_researched,Not yet researched - no lookup was performed for this song.,,
1284,Mahima Neeke Ghanatha Neeke,,0.00,not_researched,Not yet researched - no lookup was performed for this song.,,
1285,Devuniyandu Nireekshana Nunchi,,0.00,not_researched,Not yet researched - no lookup was performed for this song.,,
1286,Neeke Naa Aaraadhana,,0.00,not_researched,Not yet researched - no lookup was performed for this song.,,
1287,Oohaku Andani Kaaryamul,,0.00,not_researched,Not yet researched - no lookup was performed for this song.,,
1288,Aapathkaalamuna,,0.00,not_researched,Not yet researched - no lookup was performed for this song.,,
1289,Krupagala Devaa,,0.00,not_researched,Not yet researched - no lookup was performed for this song.,,
1290,Melulu Nee Melulu,,0.00,not_researched,Not yet researched - no lookup was performed for this song.,,
1291,Enduko Ee Prema,,0.00,not_researched,Not yet researched - no lookup was performed for this song.,,
1292,Devara Nee Deevenalu,,0.00,not_researched,Not yet researched - no lookup was performed for this song.,,
1293,Saagipodunu Aagiponu Nenu,,0.00,not_researched,Not yet researched - no lookup was performed for this song.,,
1294,Nadipisthaadu Naa Devudu,,0.00,not_researched,Not yet researched - no lookup was performed for this song.,,
1295,Ninu Choose Kannulu,,0.00,not_researched,Not yet researched - no lookup was performed for this song.,,
1296,Kaanaraave Alanaati Kanneeti,,0.00,not_researched,Not yet researched - no lookup was performed for this song.,,
1297,Jai Jai Yesu,,0.00,not_researched,Not yet researched - no lookup was performed for this song.,,
1298,Nee Jeevithamulo,,0.00,not_researched,Not yet researched - no lookup was performed for this song.,,
1299,Parama Daivame,,0.00,not_researched,Not yet researched - no lookup was performed for this song.,,
1300,Baala Yesuni Janma Dinam,,0.00,not_researched,Not yet researched - no lookup was performed for this song.,,
1301,Manishi Brathuku Rangula Valayam,,0.00,not_researched,Not yet researched - no lookup was performed for this song.,,
1302,Mahimaanvithamu,,0.00,not_researched,Not yet researched - no lookup was performed for this song.,,
1303,Aakaasha Vaasulaaraa,,0.00,not_researched,Not yet researched - no lookup was performed for this song.,,
1304,Naa Deepamu Yesayyaa,,0.00,not_researched,Not yet researched - no lookup was performed for this song.,,
1305,Siluvanu Gelichina,,0.00,not_researched,Not yet researched - no lookup was performed for this song.,,
1306,Praardhana Vinedi Paavanudaa,,0.00,not_researched,Not yet researched - no lookup was performed for this song.,,
1307,Sundarudaa,,0.00,not_researched,Not yet researched - no lookup was performed for this song.,,
1308,Inthalone Kanabadi,,0.00,not_researched,Not yet researched - no lookup was performed for this song.,,
1309,Nirantharam Neethone,,0.00,not_researched,Not yet researched - no lookup was performed for this song.,,
1310,Sthothramu Sthuthi Sthothramu,,0.00,not_researched,Not yet researched - no lookup was performed for this song.,,
1311,Sthuthinchudi Yehovaa Devuni,,0.00,not_researched,Not yet researched - no lookup was performed for this song.,,
1312,Medi Chettu Paiki Evvarekkaaru,,0.00,not_researched,Not yet researched - no lookup was performed for this song.,,
1313,Nithya Jeevapu Raajyamulo,,0.00,not_researched,Not yet researched - no lookup was performed for this song.,,
1314,Yesuni Thiru Hrudayamaa,,0.00,not_researched,Not yet researched - no lookup was performed for this song.,,
1315,Naa Devuni Krupavalana,,0.00,not_researched,Not yet researched - no lookup was performed for this song.,,
1316,Naa Devaa Neeke Vandanam,,0.00,not_researched,Not yet researched - no lookup was performed for this song.,,
1317,Padivelalo Athi Sundarudaa,,0.00,not_researched,Not yet researched - no lookup was performed for this song.,,
1318,Nannaakarshinchina Nee Sneha Bandham,,0.00,not_researched,Not yet researched - no lookup was performed for this song.,,
1319,Janminchenu Oka Thaara,,0.00,not_researched,Not yet researched - no lookup was performed for this song.,,
1320,Mee Gnaapakaardhamugaa,,0.00,not_researched,Not yet researched - no lookup was performed for this song.,,
1321,Kalyaanam Kamaneeyam,,0.00,not_researched,Not yet researched - no lookup was performed for this song.,,
1322,Nadipinchu Naa Naavaa,,0.00,not_researched,Not yet researched - no lookup was performed for this song.,,
1323,Praanamaa Naa Praanamaa,,0.00,not_researched,Not yet researched - no lookup was performed for this song.,,
1324,Iyyaala Intla Repu Mantla,,0.00,not_researched,Not yet researched - no lookup was performed for this song.,,
1325,Kummari Chethilo,,0.00,not_researched,Not yet researched - no lookup was performed for this song.,,
1326,Prabhu Yesuni Vadanamulo,,0.00,not_researched,Not yet researched - no lookup was performed for this song.,,
1327,Keerthinthu Nee Naamamun,,0.00,not_researched,Not yet researched - no lookup was performed for this song.,,
1328,Devudoka Nagaramu,,0.00,not_researched,Not yet researched - no lookup was performed for this song.,,
1329,Nannenthagaano Preminchenu,,0.00,not_researched,Not yet researched - no lookup was performed for this song.,,
1330,Varsha Dhaaragaa Raava,,0.00,not_researched,Not yet researched - no lookup was performed for this song.,,
1331,Prabhuvaa Nee Paripoornatha Nundi,,0.00,not_researched,Not yet researched - no lookup was performed for this song.,,
1332,Paravaasini Ne Jagamuna,,0.00,not_researched,Not yet researched - no lookup was performed for this song.,,
1333,Viluvainadi Samayamu,,0.00,not_researched,Not yet researched - no lookup was performed for this song.,,
1334,Bheekarundau Maa Yehovaa,,0.00,not_researched,Not yet researched - no lookup was performed for this song.,,
1335,Ambaraaniki Antelaa (Yesayya Puttaadani),,0.00,not_researched,Not yet researched - no lookup was performed for this song.,,
1336,Aashrayamaa Aadhaaramaa,,0.00,not_researched,Not yet researched - no lookup was performed for this song.,,
1337,Aagaka Saagumaa,,0.00,not_researched,Not yet researched - no lookup was performed for this song.,,
1338,Maate Chaalayyaa,,0.00,not_researched,Not yet researched - no lookup was performed for this song.,,
1339,Praaneshwara,,0.00,not_researched,Not yet researched - no lookup was performed for this song.,,
1340,Chinna Chinna Gorrepillanu,,0.00,not_researched,Not yet researched - no lookup was performed for this song.,,
1341,Chinni Manasutho Ninnu,,0.00,not_researched,Not yet researched - no lookup was performed for this song.,,
1342,Ninnantha Devaru,,0.00,not_researched,Not yet researched - no lookup was performed for this song.,,
1343,Veeche Gaalullo,,0.00,not_researched,Not yet researched - no lookup was performed for this song.,,
1344,Jaaligala Daivamaa Yesayyaa,,0.00,not_researched,Not yet researched - no lookup was performed for this song.,,
1345,Prabhuvaa Ne Ninnu Nammi,,0.00,not_researched,Not yet researched - no lookup was performed for this song.,,
1346,Raathri Nedu Rakshakundu,,0.00,not_researched,Not yet researched - no lookup was performed for this song.,,
1347,Nannu Kaavaga Vachchina,,0.00,not_researched,Not yet researched - no lookup was performed for this song.,,
1348,Entho Bhaagyambu,,0.00,not_researched,Not yet researched - no lookup was performed for this song.,,
1349,Andaru Nannu Vidachinaa,,0.00,not_researched,Not yet researched - no lookup was performed for this song.,,
1350,Le Nilabadu,,0.00,not_researched,Not yet researched - no lookup was performed for this song.,,
1351,Bhayamu Chendaku,,0.00,not_researched,Not yet researched - no lookup was performed for this song.,,
1352,Aanandam Neelone,,0.00,not_researched,Not yet researched - no lookup was performed for this song.,,
1353,Preminchedan Adhikamugaa,,0.00,not_researched,Not yet researched - no lookup was performed for this song.,,
1354,Naa Jeevitham Prabhu Neekankitham,,0.00,not_researched,Not yet researched - no lookup was performed for this song.,,
1355,Palukaleni Naaku,,0.00,not_researched,Not yet researched - no lookup was performed for this song.,,
1356,Devaa Maa Kutumbamu,,0.00,not_researched,Not yet researched - no lookup was performed for this song.,,
1357,Snehithudaa Naa Snehithudaa,,0.00,not_researched,Not yet researched - no lookup was performed for this song.,,
1358,Neeve Aashrayadurgam,,0.00,not_researched,Not yet researched - no lookup was performed for this song.,,
1359,Neeku Entha Chesinaa,,0.00,not_researched,Not yet researched - no lookup was performed for this song.,,
1360,Nammakuraa Nammakuraa,,0.00,not_researched,Not yet researched - no lookup was performed for this song.,,
1361,Nee Krupa Leni Kshanamu,,0.00,not_researched,Not yet researched - no lookup was performed for this song.,,
1362,Vinthaina Thaaraka,,0.00,not_researched,Not yet researched - no lookup was performed for this song.,,
1363,Sthuthula Meeda Aaseenudaa,,0.00,not_researched,Not yet researched - no lookup was performed for this song.,,
1364,Andariki Kaavaali,,0.00,not_researched,Not yet researched - no lookup was performed for this song.,,
1365,Idhi Devuni Nirnayamu,,0.00,not_researched,Not yet researched - no lookup was performed for this song.,,
1366,Devunike Mahima,,0.00,not_researched,Not yet researched - no lookup was performed for this song.,,
1367,Yesu Raajaa Neeke,,0.00,not_researched,Not yet researched - no lookup was performed for this song.,,
1368,Yesayyaa Ninnu Preminchuvaaru,,0.00,not_researched,Not yet researched - no lookup was performed for this song.,,
1369,Memu Bhayapadamu,,0.00,not_researched,Not yet researched - no lookup was performed for this song.,,
1370,Nee Chitthamune,,0.00,not_researched,Not yet researched - no lookup was performed for this song.,,
1371,Sthuthi Simhaasanaaseenudaa (Yesu Raajaa),,0.00,not_researched,Not yet researched - no lookup was performed for this song.,,
1372,Hallelooyaa Sthothram,,0.00,not_researched,Not yet researched - no lookup was performed for this song.,,
1373,Abraahaamu Issaaku Yaakobunaku,,0.00,not_researched,Not yet researched - no lookup was performed for this song.,,
1374,Aayane Naa Sangeethamu,,0.00,not_researched,Not yet researched - no lookup was performed for this song.,,
1375,Kruthagnathan Thalavanchi,,0.00,not_researched,Not yet researched - no lookup was performed for this song.,,
1376,Naa Naathudaa,,0.00,not_researched,Not yet researched - no lookup was performed for this song.,,
1377,Kavulakainaa Saadhyamaa,,0.00,not_researched,Not yet researched - no lookup was performed for this song.,,
1378,Praardhana Vinnaavayyaa,,0.00,not_researched,Not yet researched - no lookup was performed for this song.,,
1379,Halle Halle Halle Hallelooyaa,,0.00,not_researched,Not yet researched - no lookup was performed for this song.,,
1380,Naavanni Yangeekarinchumee Devaa,,0.00,not_researched,Not yet researched - no lookup was performed for this song.,,
1381,Prabhuvaa Neelo Jeevinchuta,,0.00,not_researched,Not yet researched - no lookup was performed for this song.,,
1382,Neelo Jeevinchaalani,,0.00,not_researched,Not yet researched - no lookup was performed for this song.,,
1383,Jai Jai Jai Yesayyaa,,0.00,not_researched,Not yet researched - no lookup was performed for this song.,,
1384,Raath Andheri,,0.00,not_researched,Not yet researched - no lookup was performed for this song.,,
1385,Nee Needalona,,0.00,not_researched,Not yet researched - no lookup was performed for this song.,,
1386,Nenellappudu Yehovaa Ninu,,0.00,not_researched,Not yet researched - no lookup was performed for this song.,,
1387,Yesu Rakshakaa,,0.00,not_researched,Not yet researched - no lookup was performed for this song.,,
1388,Neetho Gadipe Prathi Kshanamu,,0.00,not_researched,Not yet researched - no lookup was performed for this song.,,
1389,Sandadi 3,,0.00,not_researched,Not yet researched - no lookup was performed for this song.,,
1390,Sarva Shareerula Devudaa,,0.00,not_researched,Not yet researched - no lookup was performed for this song.,,
1391,Devudu Lokamunu,,0.00,not_researched,Not yet researched - no lookup was performed for this song.,,
1392,Ninnu Choodaga Vachchinaaduraa,,0.00,not_researched,Not yet researched - no lookup was performed for this song.,,
1393,Nibandhanaa Janulam,,0.00,not_researched,Not yet researched - no lookup was performed for this song.,,
1394,Aaraadhanaku Yogyudaa,,0.00,not_researched,Not yet researched - no lookup was performed for this song.,,
1395,Mahaa Ghanudavu Mahonnathudavu,,0.00,not_researched,Not yet researched - no lookup was performed for this song.,,
1396,Aashapadaku Ee Lokam Kosam,,0.00,not_researched,Not yet researched - no lookup was performed for this song.,,
1397,Nee Naamame Eda,,0.00,not_researched,Not yet researched - no lookup was performed for this song.,,
1398,Aakaashambun Doothalu,,0.00,not_researched,Not yet researched - no lookup was performed for this song.,,
1399,Ee Saayankaalamuna,,0.00,not_researched,Not yet researched - no lookup was performed for this song.,,
1400,Mukha Darshanam Chaalayyaa,,0.00,not_researched,Not yet researched - no lookup was performed for this song.,,
1401,Nee Roopu Chooda,,0.00,not_researched,Not yet researched - no lookup was performed for this song.,,
1402,Mahima Neeke Prabhu,,0.00,not_researched,Not yet researched - no lookup was performed for this song.,,
1403,Laali Laali Jolaali,,0.00,not_researched,Not yet researched - no lookup was performed for this song.,,
1404,Nalugakunda Godhumalu,,0.00,not_researched,Not yet researched - no lookup was performed for this song.,,
1405,Aagani Parugulo,,0.00,not_researched,Not yet researched - no lookup was performed for this song.,,
1406,Viduvadhu Maruvadhu,,0.00,not_researched,Not yet researched - no lookup was performed for this song.,,
1407,Nenu Kooda Unnaanayyaa,,0.00,not_researched,Not yet researched - no lookup was performed for this song.,,
1408,Naa Praanapriyudaa Naa Yesayyaa,,0.00,not_researched,Not yet researched - no lookup was performed for this song.,,
1409,Neeve Naa Santhosha Gaanamu,,0.00,not_researched,Not yet researched - no lookup was performed for this song.,,
1410,Yese Naa Aashrayamu,,0.00,not_researched,Not yet researched - no lookup was performed for this song.,,
1411,Yesu Okkade,,0.00,not_researched,Not yet researched - no lookup was performed for this song.,,
1412,Naa Gunde Chappudu Chesthundi,,0.00,not_researched,Not yet researched - no lookup was performed for this song.,,
1413,Nenunu Naa Inti Vaarunu,,0.00,not_researched,Not yet researched - no lookup was performed for this song.,,
1414,Naa Yesayya Prema,,0.00,not_researched,Not yet researched - no lookup was performed for this song.,,
1415,Aascharyakarudu (Rojanthaa),,0.00,not_researched,Not yet researched - no lookup was performed for this song.,,
1416,Veenulaku Vindulu Chese,,0.00,not_researched,Not yet researched - no lookup was performed for this song.,,
1417,Kaluvari Giri Siluvalo,,0.00,not_researched,Not yet researched - no lookup was performed for this song.,,
1418,Shramalandu Neevu,,0.00,not_researched,Not yet researched - no lookup was performed for this song.,,
1419,Silvalo Naakai Kaarchenu,,0.00,not_researched,Not yet researched - no lookup was performed for this song.,,
1420,Andaalu Chinde,,0.00,not_researched,Not yet researched - no lookup was performed for this song.,,
1421,Sumadhura Swaramula Gaanaalatho,,0.00,not_researched,Not yet researched - no lookup was performed for this song.,,
1422,Maananu Maananu,,0.00,not_researched,Not yet researched - no lookup was performed for this song.,,
1423,Nee Pada Sevaye Chaalu,,0.00,not_researched,Not yet researched - no lookup was performed for this song.,,
1424,Sarva Krupaanidhiyagu Prabhuvaa,,0.00,not_researched,Not yet researched - no lookup was performed for this song.,,
1425,Yese Goppa Devudu,,0.00,not_researched,Not yet researched - no lookup was performed for this song.,,
1426,Yesu Neeve Chaalu Naaku,,0.00,not_researched,Not yet researched - no lookup was performed for this song.,,
1427,Aparaadhini Yesayyaa,,0.00,not_researched,Not yet researched - no lookup was performed for this song.,,
1428,Kamaneeyamaina,,0.00,not_researched,Not yet researched - no lookup was performed for this song.,,
1429,Nenu Odiponayaa,,0.00,not_researched,Not yet researched - no lookup was performed for this song.,,
1430,Inti Meeda Nunna,,0.00,not_researched,Not yet researched - no lookup was performed for this song.,,
1431,Cheekatule Nannu,,0.00,not_researched,Not yet researched - no lookup was performed for this song.,,
1432,Nee Challani Needalo,,0.00,not_researched,Not yet researched - no lookup was performed for this song.,,
1433,Ae Gumpulo Nunnaavo,,0.00,not_researched,Not yet researched - no lookup was performed for this song.,,
1434,Thrithvaikamaa,,0.00,not_researched,Not yet researched - no lookup was performed for this song.,,
1435,Nibbaramutho Naa Yesuke,,0.00,not_researched,Not yet researched - no lookup was performed for this song.,,
1436,Oohinchaleni Melulatho Nimpina,,0.00,not_researched,Not yet researched - no lookup was performed for this song.,,
1437,Adugaduguna Raktha Bindhuvule,,0.00,not_researched,Not yet researched - no lookup was performed for this song.,,
1438,Ninne Ninne Ne Koluthunayyaa,,0.00,not_researched,Not yet researched - no lookup was performed for this song.,,
1439,Praardhinchumu,,0.00,not_researched,Not yet researched - no lookup was performed for this song.,,
1440,Theliyadaa Neeku Theliyadaa,,0.00,not_researched,Not yet researched - no lookup was performed for this song.,,
1441,Bethlehemulo Sandadi,,0.00,not_researched,Not yet researched - no lookup was performed for this song.,,
1442,O Yesu Nee Prema,,0.00,not_researched,Not yet researched - no lookup was performed for this song.,,
1443,Kannula Ninduga,,0.00,not_researched,Not yet researched - no lookup was performed for this song.,,
1444,Seeyonulo Sthiramaina,,0.00,not_researched,Not yet researched - no lookup was performed for this song.,,
1445,Intha Kaalam,,0.00,not_researched,Not yet researched - no lookup was performed for this song.,,
1446,Kallallo Kanneerenduku,,0.00,not_researched,Not yet researched - no lookup was performed for this song.,,
1447,Neevu Lenide Nenu Lenu Prabhuvaa,,0.00,not_researched,Not yet researched - no lookup was performed for this song.,,
1448,Naadu Jeevithamu,,0.00,not_researched,Not yet researched - no lookup was performed for this song.,,
1449,Aathma Deepamunu,,0.00,not_researched,Not yet researched - no lookup was performed for this song.,,
1450,Deva Samsthuthi Cheyave,,0.00,not_researched,Not yet researched - no lookup was performed for this song.,,
1451,Maargamulanu Srujinchuvaadu,,0.00,not_researched,Not yet researched - no lookup was performed for this song.,,
1452,Yesayya Paadaalu,,0.00,not_researched,Not yet researched - no lookup was performed for this song.,,
1453,Ae Yogyathaa Leni Nannu,,0.00,not_researched,Not yet researched - no lookup was performed for this song.,,
1454,Idhe Naa Korika,,0.00,not_researched,Not yet researched - no lookup was performed for this song.,,
1455,Gorrepilla Rakthamulo,,0.00,not_researched,Not yet researched - no lookup was performed for this song.,,
1456,Aashraya Durgamaa Naa Yesayyaa,,0.00,not_researched,Not yet researched - no lookup was performed for this song.,,
1457,Mahonnathudaa Nee Krupalo,,0.00,not_researched,Not yet researched - no lookup was performed for this song.,,
1458,Hallelooyani Paadarandi,,0.00,not_researched,Not yet researched - no lookup was performed for this song.,,
1459,Mellani Challani,,0.00,not_researched,Not yet researched - no lookup was performed for this song.,,
1460,Thraahimaam Kreesthu Naatha,,0.00,not_researched,Not yet researched - no lookup was performed for this song.,,
1461,Idhi Kothaku Samayam,,0.00,not_researched,Not yet researched - no lookup was performed for this song.,,
1462,Nannu Gannayya Raave,,0.00,not_researched,Not yet researched - no lookup was performed for this song.,,
1463,Ikanaina Kaani,,0.00,not_researched,Not yet researched - no lookup was performed for this song.,,
1464,Saagilapadi Mrokkedamu,,0.00,not_researched,Not yet researched - no lookup was performed for this song.,,
1465,Naakunnadi Neevenani,,0.00,not_researched,Not yet researched - no lookup was performed for this song.,,
1466,Manasaaraa Poojinchi,,0.00,not_researched,Not yet researched - no lookup was performed for this song.,,
1467,Neelaanti Prema,,0.00,not_researched,Not yet researched - no lookup was performed for this song.,,
1468,Balaparachumu,,0.00,not_researched,Not yet researched - no lookup was performed for this song.,,
1469,Hey Prabhu Yesu,,0.00,not_researched,Not yet researched - no lookup was performed for this song.,,
1470,Kanulunnaa Kaanaleni,,0.00,not_researched,Not yet researched - no lookup was performed for this song.,,
1471,Cheppalenu Baaboi,,0.00,not_researched,Not yet researched - no lookup was performed for this song.,,
1472,Baaludu Kaadammo,,0.00,not_researched,Not yet researched - no lookup was performed for this song.,,
1473,Karuna Choopinchumaa,,0.00,not_researched,Not yet researched - no lookup was performed for this song.,,
1474,Meluko Mahima Raaju,,0.00,not_researched,Not yet researched - no lookup was performed for this song.,,
1475,Maargamu Neevani,,0.00,not_researched,Not yet researched - no lookup was performed for this song.,,
1476,Kalanainaa Ilanainaa,,0.00,not_researched,Not yet researched - no lookup was performed for this song.,,
1477,Cheekati Loyalo,,0.00,not_researched,Not yet researched - no lookup was performed for this song.,,
1478,Sthuthi Paathrudaa Sthothraarhudaa,,0.00,not_researched,Not yet researched - no lookup was performed for this song.,,
1479,Sthuthi Mahima Yesu Neeke,,0.00,not_researched,Not yet researched - no lookup was performed for this song.,,
1480,Raare Mana Yesu Swaamini,,0.00,not_researched,Not yet researched - no lookup was performed for this song.,,
1481,Nenerugudunu Oka Snehithuni,,0.00,not_researched,Not yet researched - no lookup was performed for this song.,,
1482,Aasheervaadambul Maa Meeda,,0.00,not_researched,Not yet researched - no lookup was performed for this song.,,
1483,Brathikiyunnaanante Nee Krupa,,0.00,not_researched,Not yet researched - no lookup was performed for this song.,,
1484,Sthuthi Simhaasanaaseenudaa,,0.00,not_researched,Not yet researched - no lookup was performed for this song.,,
1485,Maa Goppa Devaa,,0.00,not_researched,Not yet researched - no lookup was performed for this song.,,
1486,Sthothrinthumu Ninu,,0.00,not_researched,Not yet researched - no lookup was performed for this song.,,
1487,Nammakamaina Naa Snehithudu,,0.00,not_researched,Not yet researched - no lookup was performed for this song.,,
1488,Sajeeva Saakshulugaa,,0.00,not_researched,Not yet researched - no lookup was performed for this song.,,
1489,Premagala Maa Prabhuvaa,,0.00,not_researched,Not yet researched - no lookup was performed for this song.,,
1490,Naakenno Melulu Chesithive,,0.00,not_researched,Not yet researched - no lookup was performed for this song.,,
1491,Daaveedu Vamshamlo,,0.00,not_researched,Not yet researched - no lookup was performed for this song.,,
1492,Yehova Naa Moralaalinchenu,,0.00,not_researched,Not yet researched - no lookup was performed for this song.,,
1493,Ihamanduna Aa Paramandu,,0.00,not_researched,Not yet researched - no lookup was performed for this song.,,
1494,Aanandamu Prabhu Naakosagenu,,0.00,not_researched,Not yet researched - no lookup was performed for this song.,,
1495,Viduvanu Ninu Edabaayanani,,0.00,not_researched,Not yet researched - no lookup was performed for this song.,,
1496,Oka Kshanamaina,,0.00,not_researched,Not yet researched - no lookup was performed for this song.,,
1497,Em Chesaanayyaa Neekosam,,0.00,not_researched,Not yet researched - no lookup was performed for this song.,,
1498,Devuni Sthuthiyinchi Aaraadhinthumu,,0.00,not_researched,Not yet researched - no lookup was performed for this song.,,
1499,Prabhuvaa Ee Aanandam,,0.00,not_researched,Not yet researched - no lookup was performed for this song.,,
1500,Andhakaara Cherasaalalo,,0.00,not_researched,Not yet researched - no lookup was performed for this song.,,
1501,Saagenu Naa Jeeva Naava,,0.00,not_researched,Not yet researched - no lookup was performed for this song.,,
1502,Paralokame Naa Anthapuram,,0.00,not_researched,Not yet researched - no lookup was performed for this song.,,
1503,Yesayya Rakthamu,,0.00,not_researched,Not yet researched - no lookup was performed for this song.,,
1504,Samastha Janulaaraa,,0.00,not_researched,Not yet researched - no lookup was performed for this song.,,
1505,Parishuddhudavai,,0.00,not_researched,Not yet researched - no lookup was performed for this song.,,
1506,Needu Prema Naalo,,0.00,not_researched,Not yet researched - no lookup was performed for this song.,,
1507,Nija Snehithudaa,,0.00,not_researched,Not yet researched - no lookup was performed for this song.,,
1508,Shilanaina Nannu,,0.00,not_researched,Not yet researched - no lookup was performed for this song.,,
1509,Nuvvevaro Yesu,,0.00,not_researched,Not yet researched - no lookup was performed for this song.,,
1510,Kallundi Choodaleni,,0.00,not_researched,Not yet researched - no lookup was performed for this song.,,
1511,Ae Samayamandainaa,,0.00,not_researched,Not yet researched - no lookup was performed for this song.,,
1512,Prabhu Hastham Naapai Nundi,,0.00,not_researched,Not yet researched - no lookup was performed for this song.,,
1513,Kreesthu Puttenu Hallelooyaa,,0.00,not_researched,Not yet researched - no lookup was performed for this song.,,
1514,Adugudi Meeku Ivvabadunu,,0.00,not_researched,Not yet researched - no lookup was performed for this song.,,
1515,Ae Vaipu Choosinaa,,0.00,not_researched,Not yet researched - no lookup was performed for this song.,,
1516,Eppudo Ekkado Janminchina Meeriruvuru,,0.00,not_researched,Not yet researched - no lookup was performed for this song.,,
1517,Na Pranama Yehovanu Neevu Sannuthinchu,,0.00,not_researched,Not yet researched - no lookup was performed for this song.,,
1518,Naa Yesuu Nee Paadaala Chenthaa,,0.00,not_researched,Not yet researched - no lookup was performed for this song.,,
1519,Nuvvu Leni Nannu Oohinchalenu,,0.00,not_researched,Not yet researched - no lookup was performed for this song.,,
1520,Prabhuvaa Maaku Neevichchina Bahumaanamu,,0.00,not_researched,Not yet researched - no lookup was performed for this song.,,
1521,Raaraaju Janminchinaadu,,0.00,not_researched,Not yet researched - no lookup was performed for this song.,,
1522,Shaashwathamu Kaadu Ee Lokamu,,0.00,not_researched,Not yet researched - no lookup was performed for this song.,,
1523,Thalli Thana Biddanu Marachinaa Gaani,,0.00,not_researched,Not yet researched - no lookup was performed for this song.,,
1524,Neeve Naa Praanamu,,0.00,not_researched,Not yet researched - no lookup was performed for this song.,,
1525,Sudigaalainanu,,0.00,not_researched,Not yet researched - no lookup was performed for this song.,,
1526,Vijaya Geethamu Manasaara,,0.00,not_researched,Not yet researched - no lookup was performed for this song.,,
1527,Kreesthu Puttenu,,0.00,not_researched,Not yet researched - no lookup was performed for this song.,,
1528,Jeevamugala Devuni Sangham,,0.00,not_researched,Not yet researched - no lookup was performed for this song.,,
1529,Neevu Leni Chotedi,,0.00,not_researched,Not yet researched - no lookup was performed for this song.,,
1530,Seeyonu Nee Devuni,,0.00,not_researched,Not yet researched - no lookup was performed for this song.,,
1531,Yesu Neeku Kaavaalani,,0.00,not_researched,Not yet researched - no lookup was performed for this song.,,
1532,Jeevithaanthamu Varaku Neeke,,0.00,not_researched,Not yet researched - no lookup was performed for this song.,,
1533,Ee Sthuthi Neeke,,0.00,not_researched,Not yet researched - no lookup was performed for this song.,,
1534,Evari Kosame Ee Praana Thyaagamu,,0.00,not_researched,Not yet researched - no lookup was performed for this song.,,
1535,Nee Vaakyame Shrama Kolimilo,,0.00,not_researched,Not yet researched - no lookup was performed for this song.,,
1536,Sundaramaina Dhehaalenno,,0.00,not_researched,Not yet researched - no lookup was performed for this song.,,
1537,Deva Daasapaalaka,,0.00,not_researched,Not yet researched - no lookup was performed for this song.,,
1538,Ee Lokamlo Jeevinchedanu,,0.00,not_researched,Not yet researched - no lookup was performed for this song.,,
1539,Kraisthavamoka Mathamu Kaadidi,,0.00,not_researched,Not yet researched - no lookup was performed for this song.,,
1540,Raakadane Railu Bandi,,0.00,not_researched,Not yet researched - no lookup was performed for this song.,,
1541,Naa Kannula Kanneeru,,0.00,not_researched,Not yet researched - no lookup was performed for this song.,,
1542,Pampumu Devaa,,0.00,not_researched,Not yet researched - no lookup was performed for this song.,,
1543,Ellalu Lenidi,,0.00,not_researched,Not yet researched - no lookup was performed for this song.,,
1544,Naa Yesayyaa Naa Sthuthiyaagamu,,0.00,not_researched,Not yet researched - no lookup was performed for this song.,,
1545,Noothanamainadi,,0.00,not_researched,Not yet researched - no lookup was performed for this song.,,
1546,Evaru Sameepinchaleni,,0.00,not_researched,Not yet researched - no lookup was performed for this song.,,
1547,Shaaronu Rojaa Yese,,0.00,not_researched,Not yet researched - no lookup was performed for this song.,,
1548,Naakunna Balamu Saripodayyaa,,0.00,not_researched,Not yet researched - no lookup was performed for this song.,,
1549,Yehovaa Dayaaludu Sarva Shakthimanthudu,,0.00,not_researched,Not yet researched - no lookup was performed for this song.,,
1550,Yesu Raajyamunaku Sainikulam,,0.00,not_researched,Not yet researched - no lookup was performed for this song.,,
1551,Chaalunayya Nee Krupa,,0.00,not_researched,Not yet researched - no lookup was performed for this song.,,
1552,Neeve Neeve Nannu Pilichina,,0.00,not_researched,Not yet researched - no lookup was performed for this song.,,
1553,Hallelooya Paata,,0.00,not_researched,Not yet researched - no lookup was performed for this song.,,
1554,Chirugaali Veechinaa,,0.00,not_researched,Not yet researched - no lookup was performed for this song.,,
1555,Devudu Dehamunu,,0.00,not_researched,Not yet researched - no lookup was performed for this song.,,
1556,Alphaa Omegayaina,,0.00,not_found,"Lyrics confirmed matching on christianlyricz.com, teluguchristianlyrics.in and waytochurch.com ('అల్ఫా ఒమేగయైన – మహిమాన్వితుడా / అద్వితీయ సత్యవంతుడా – నిరంతరం స్తోత్రార్హుడా'). onewaytheonlyway.com does carry an explicit lyricist field — 'పాట రచయిత: హోసన్నా మినిస్ట్రీస్' / 'Lyricist: Hosanna Ministries' — but the value is an organization, not a person, so it does not identify a writer. Other names found are all non-writing roles: John Wesly (singer), Hosanna Ministries (ministry/album source, al",https://onewaytheonlyway.com/alpha-omega-aina/; https://christianlyricz.com/song/alphaa-omegayaina/; https://waytochurch.com/lyrics/song/536/alpha-omega-ayina-mahimanvithuda; https://teluguchristianlyrics.in/alpha-omega-aina/,2026-08-03
1557,Yese Nee Madhilo Undagaa,,0.00,not_found,"Lyrics confirmed matching on cmportal.in — page opens 'యేసే నీ మదిలో ఉండగా / కలతే దరి చేరగ రాదుగా', exactly the given lines. The only name on the page is 'Zani Nethan', the site's publishing account, with a post date of December 10, 2024 — a site byline, not a songwriter. No singer, album, writer, or రచన credit appears. The song is barely indexed elsewhere; no other source carries credits.",https://www.cmportal.in/yese-nee-madhilo-undagaa/; https://www.cmportal.in/telugu-christian-songs-lyrics/,2026-08-03
1558,Madhuram Madhuram Nee Preme,,0.00,not_found,Lyrics widely published across many sites; no site credits a writer.,telugugospellyrics.com/madhuram-madhuram-nee-preme-song-lyrics; christianlyricz.com/2017/08/21/madhuram-madhuram-nee-preme,2026-08-03
1559,Devaadhi Devudu,,0.00,conflicting,TITLE COLLISION: at least three distinct songs share this title (Rev. P. Deeven Kumar / Manna Ministries; Sis. Indira Alluri; Bro. Samy Pachigalla + Ps. Enosh Kumar). Cannot attribute from title alone.,indianchristiansunited.org/lyrics/telugu-christian-songs/devaadhi-devudu; christianlyricz.com/2018/02/17/devaadhi-devudu,2026-08-03
1560,Ishraayelu Raajuve,,0.00,not_found,No authorship information found; results returned different songs sharing the 'Israyelu' theme.,telugusongs4christians.blogspot.com; christianstack.com/lyrics/israyelu-devuda-k-y-ratnam-telugu-christian-lyrics,2026-08-03
1561,Kondalatho Cheppumu,,0.00,not_found,"Lyrics confirmed matching on christianlyricz.com ('కొండలతో చెప్పుము కదిలిపోవాలని / బండలతో మాట్లాడుము కరిగిపోవాలని'). The only credit on the page is the field Artist = అనిల్ కుమార్ (Anil Kumar); the song appears on the album 'Jesus My Life' by Bro. M. Anil Kumar. That is a performer/album credit, not a writing credit — search engines repeatedly asserted 'lyricist Anil Kumar', but I checked both christianlyricz pages and neither states writer, lyricist, or రచన anywhere. No album liner credits foun",https://christianlyricz.com/2018/08/25/kondalatho-cheppumu/; https://christianlyricz.com/song/kondalatho-cheppumu/; https://www.youtube.com/watch?v=GmgPOBS85YY,2026-08-03
1562,Parishuddhudaa Naa Yesayyaa,,0.00,conflicting,Sources disagree: Philip Gariki + Lillyan Christopher vs. Shalom Benhur Manda. Multiple distinct songs share this title.,christianlyricz.com/2016/12/31/parishuddhudaa-naa-yesayyaa,2026-08-03
1563,Neevunte Naaku Chaalu Yesayyaa,Shyam J Vedala,0.60,confirmed,Written by Shyam J Vedala (Sam Vedala); sung by Pastor M Jyothi Raju - singer and writer are distinct here and were not conflated.,cmportal.in/neevunte-naku-chalu-yesayya-brathukantha-song-lyrics-an-in-depth-analysis; lyricstranslate.com/en/pastor-jyothi-raju-neevunte-naku-chalu-yesayya-lyrics.html,2026-08-03
1564,Nirantharamaina Nee Krupalo,Prathap Chilamakuru,0.65,confirmed,"Lyrics match: indexed text reads 'Nirantharamaina Nee Krupalo / Ne Ponduchunna Aanandame Adi / Avadhulu Leni Aanandame Adi', matching the given opening lines. The credit comes from Prathap Chilamakuru's own official Facebook page, whose post credit block reads 'Album :- Nirantharamaina nee krupalo / Music :- jk christopher / Vocals :- hema chandra / Lyric...' — the URL slug truncates exactly at the lyric credit, and repeated independent search passes over that page consistently resolved it to 'L",https://www.facebook.com/prathapchilamakuru/videos/album-nirantharamaina-nee-krupalo-music-jk-christopher-vocals-hema-chandra-lyric/167418427848651/; https://www.youtube.com/watch?v=kMgcS65ylHM,2026-08-03
1565,Naa Praanamaa Sannuthinchumaa,,0.00,conflicting,"Lyrics match, and the match identifies the song: 'నా ప్రాణమా సన్నుతించుమా / పరిశుద్ధ నామమున్ / ఎన్నడూ లేని రీతిగా' is the Telugu rendering of 'Bless the Lord O my soul / worship His holy name / Sing like never before' — i.e. this is a Telugu version of '10,000 Reasons (Bless the Lord)'. Rival candidates: (a) Matt Redman and Jonas Myrin, the documented writers of the original English song; (b) Kenny Edwards, whom onewaytheonlyway.com describes as having 'translated and sung' the Telugu version — ","https://onewaytheonlyway.com/naa-pranama-sannuthinchuma/; https://en.wikipedia.org/wiki/10,000_Reasons_(Bless_the_Lord); https://christianlyricz.com/2017/10/15/naa-praanamaa-sannuthinchumaa-2/",2026-08-03
1566,Kaalam Samayam Naadenantu,,0.00,not_found,"Lyrics confirmed matching on christianlyricz.com, waytochurch.com and onewaytheonlyway.com ('కాలం సమయం నాదేనంటూ అనుకుంటున్నావా / రోజులు అన్ని నావేనంటూ జీవిస్తున్నావా'). None of the three lists any writer, lyricist, or composer. christianlyricz shows only Category=Correction; waytochurch shows only song number and post date; onewaytheonlyway's only byline is 'Tyson Paul', the site's own post author, not the songwriter.",https://christianlyricz.com/2016/10/11/kaalam-samayam-naadenantu/; https://waytochurch.com/lyrics/song/6150; https://onewaytheonlyway.com/kaalam-samayam-nadenantu/,2026-08-03
1567,Srushtikarthavaina Yehovaa,,0.00,not_found,Searched. Lyrics published on many sites; sources explicitly carry no songwriter or composer credit.,christianlyricz.com/2018/08/18/srushtikarthavaina-yehovaa; onewaytheonlyway.com/srushtikarthavaina-yehova,2026-08-03
1568,Ooruko Naa Praanamaa,Dr. Asher Andrew,0.85,confirmed,"Lyrics credited to Dr. Asher Andrew (music: Pranam Kamlakhar). Modern 2022 release, consistent credits across lyric sites.",christianlyricx.in/2022/12/song-lyrics-ooruko-naa-praanamaa-song.html; christianlyriczs.in/2022/12/ooruko-naa-praanamaa-song-lyrics.html,2026-08-03
1569,Cheyi Pattuko,,0.00,conflicting,TITLE COLLISION: at least three distinct versions (Vijay Solonki 2023; Jonah Samuel / Young Holy Team; V. Alfred Sudhakar). Cannot attribute from title alone.,onewaytheonlyway.com/cheyi-pattuko; christianlyricz.com/2015/07/11/cheyi-pattuko,2026-08-03
1570,Ankitham Prabhu Naa Jeevitham,Rev. Dr. Jyothi Raju,0.70,confirmed,"Credited as writer; corroborated by a second site indexing the song under Jyothi Raju. Sung by Sis. Sharon, music by Bro. JK Christopher.",christianlyricz.com/2016/08/26/ankitham-prabhu-naa-jeevitham; christianlyricx.in/2022/03/ankitham-prabhu-naa-jeevitham.html,2026-08-03
1571,Aahaa Mahaathma,పంతగాని పరదేశి (Pantagani Paradesi),0.85,confirmed,"Lyrics verified: christianlyricz.com and teluguchristianlyrics.in both open with 'ఆహా మహాత్మ హా శరణ్య – హా విమోచకా / ద్రోహ రహిత చంపె నిను నా – దోషమే కదా', exactly matching the supplied opening lines. waytochurch.com entry #2987 carries an explicit Author field reading 'పంతగాని పరదేశి', album 'Andhra Kristava Keerthanalu', category Good Friday / 'క్రీస్తు సిలువమీఁద పల్కిన యేడు మాటలు'. christianlyricz.com groups the same lyric under 'పంతగాని పరదేశి', and vmclyric.com's entry credits the lyrics to ",https://waytochurch.com/lyrics/song/2987/aahaa-mahaathma-haa-sharanyaa; https://christianlyricz.com/2017/03/14/aahaa-mahaathma/; https://www.vmclyric.com/2021/04/aaha-mahatma-song-lyrics.html; https://teluguchristianlyrics.in/aaha-mahaathma/,2026-08-03
1572,Ee Udayam Shubha Udayam,,0.00,not_found,"Lyrics confirmed matching on teluguchristianlyrics.in — page opens with 'ఈ ఉదయం – శుభ ఉదయం / ప్రభువే నాకొసగిన – ఆనంద సమయం', exactly the given opening. That page lists no writer, lyricist, singer, or album whatsoever. The indianchristiansunited.org listing was unreachable (404). No source anywhere credits a lyricist.",https://teluguchristianlyrics.in/ee-udayam-shubha/; https://teluguchristianlyrics.in/telugu-chirstian-lyrics-list/,2026-08-03
1573,Ne Yesuni Velugulo,,0.00,not_found,"Lyrics confirmed matching on christianlyricz.com and waytochurch.com (నే యేసుని వెలుగులో నడిచెదను / రాత్రింబగలాయనతో నడిచెదను). No page carries a writer credit. christianlyricz shows only Category=Praise and Collection=సీయోను గీతాలు (Songs of Zion); waytochurch shows only Album='Zion Songs Telugu', no author field; Sajeeva Vahini lists it as 'Unknown Artist'. 'Songs of Zion / సీయోను గీతాలు' is a hymnal collection, not a writer. Search engines suggested 'Songs of Zion' as the author; rejected as a",https://christianlyricz.com/2015/11/21/ne-yesuni-velgulo/; https://waytochurch.com/lyrics/song/3978; https://lyrics.sajeevavahini.com/lyrics/Lyrics.aspx?s=2839,2026-08-03
1574,Yesu Goriya Pillani Nenu,,0.00,not_researched,Not yet researched - no lookup was performed for this song.,,
1575,O Prabhuvaa O Prabhuvaa,,0.00,not_found,"Lyrics verified: 'ఓ ప్రభువా… ఓ ప్రభువా… / నీవే నా మంచి కాపరివి' matched on four sources (telugusongs4christians #547, christianlyricz.com, waytochurch.com song 811, sajeevavahini). No source anywhere gives a writing credit. christianlyricz.com attributes it only to 'హోసన్నా మినిస్ట్రీస్' (Hosanna Ministries), which is a ministry/publisher, not a named writer; sajeevavahini lists it under 'Unknown Artist'; waytochurch.com and telugusongs4christians.blogspot.com show lyrics with no author, lyricis",https://christianlyricz.com/2016/09/26/o-prabhuvaa-o-prabhuvaa/; https://waytochurch.com/lyrics/song/811/o-prabuva-o-prabuvanive; https://telugusongs4christians.blogspot.com/2020/03/547-o-prabhuva-o-phrabhuva.html; https://lyrics.sajeevavahini.com/lyrics/Lyrics.aspx?s=1789,2026-08-03
1578,Hosanna Paadedam Devuni Daasulam,,0.00,not_found,Searched. No song by this exact title found with a writing credit; results returned several unrelated 'Hosanna' songs by different writers.,christianstack.com/lyrics/hosanna-joel-kodali-hadlee-xavier-telugu-christian-lyrics; christiantelugulyrics.com/hosanna-ministries,2026-08-03
1579,Hosanna Mahonnathudu,,0.00,not_researched,Not yet researched - no lookup was performed for this song.,,
1580,Kreesthu Lechenu Halleluya,,0.00,not_researched,Not yet researched - no lookup was performed for this song.,,
1582,Mahonnathuda Nee Chaatuna,,0.00,not_researched,Not yet researched - no lookup was performed for this song.,,
1583,Velasenule Gaganaana Thoorpu Thaara,,0.00,not_researched,Not yet researched - no lookup was performed for this song.,,
1584,Christmas Mashup 5.0,,0.00,not_researched,Not yet researched - no lookup was performed for this song.,,
1585,Nee Krupaatishayamunu Anunityamu,Dr. Asher Andrew,0.85,confirmed,"Written, tuned and sung by Dr. Asher Andrew (music: John Pradeep); released 2024-12-29.",peacetheories.in/songs/nee-krupatishayamu-song-lyrics-telugu-christian-song-dr-asher-andrew; christianstack.com/lyrics/nee-krupatishayamu-asher-andrew-telugu-christian-lyrics,2026-08-03
1586,Udayamu raathriyu Hallelujah,,0.00,not_researched,Not yet researched - no lookup was performed for this song.,,
1587,Megha sthambamaina sannidhini,,0.00,not_researched,Not yet researched - no lookup was performed for this song.,,
1589,Rakshana Aunnathyamu,,0.00,not_found,"Lyrics verified on a single source: lyricsagape1.blogspot.com hosts a post 'RAKSHNA AUNNATHYAMU RAKSHKUDAE TELUGU LYRICS' whose pallavi is 'రక్షణ ఔన్నత్యము రక్షకుడే తెలుపును | పర్వత శిఖర శ్రేణులవలెనే నిశ్చలమైనది', matching the given opening lines exactly. That page carries no author, lyricist, composer, hymnal name or hymn number. Repeated searches in Telugu script and multiple transliterations found no other page carrying this song and no writing credit anywhere; it is not indexed in the Andhra",https://lyricsagape1.blogspot.com/,2026-08-03
1590,Madhuramainadi Naa Yesu Prema,,0.00,not_researched,Not yet researched - no lookup was performed for this song.,,
1591,Sharoonu Rojaave Naa Praana Snehame,,0.00,not_researched,Not yet researched - no lookup was performed for this song.,,
1592,Sarvannathuni chaatuna,,0.00,not_found,"Song located and lyrics confirmed: waytochurch.com entry #3202 opens with 'సర్వోన్నతుని చాటున నివసించెడి వాడే' and its third line is 'పరమ ధన్యత యిదియే', matching the supplied opening lines. That page lists Album 'Zion Songs Telugu' (Seeyonu Geethamulu), Category 'కీర్తనలు Zion', reference Psalm 91 — the Author/Writer field is empty. Searched Telugu and transliterated forms of the incipit across sajeevavahini, christianlyricz, christiandatahouse, christsquare, songsofzion and general web search; ",https://waytochurch.com/lyrics/song/3202; https://waytochurch.com/lyrics/list/telugu-%E0%B0%B8,2026-08-03
1593,Raajula Raajaa Raanaiyunnavaadaa,,0.00,not_researched,Not yet researched - no lookup was performed for this song.,,
1594,Guide My Boat,,0.00,not_researched,Not yet researched - no lookup was performed for this song.,,
1596,Yuda Raja Simham Tirigi Lechenu,,0.00,not_researched,Not yet researched - no lookup was performed for this song.,,
1597,Punaruddhaanudaa Vijayaseeludaa,,0.00,conflicting,"Sources disagree: Pastor Anand (Sthuthi Aarathana Vol 1) vs. Sasam Mercy (2016, lyricist+composer).",telugugospellyrics.com/punarutthanudaa-vijayashiludaa-song-lyrics; christianlyricx.in/2022/07/punarudhanuda-vijayaseeluda-telugu.html,2026-08-03
1599,Dhanyavaadhamutho Stuthi Paadedhanu,,0.00,not_researched,Not yet researched - no lookup was performed for this song.,,
1600,Randi Yehovaanu Goorchi,Freddy Paul,0.50,confirmed,"Credited as lyricist in search results. SINGLE source only, not corroborated - verify before trusting.",waytochurch.blogspot.com/2014/10/randi-yehovaanu-gurchi-lyrics-bm.html; christianlyricz.com/2026/05/21/randi-yehovaanu-goorchi,2026-08-03
1601,Arhata lekunna preminchavu,Pastor M. Jyothi Raju,0.60,confirmed,"Lyrics verified: opening 'అర్హత లేకున్న ప్రేమించావు / ఇది కేవలం నీ కృపయే / యోగ్యత లేకున్న హెచ్చించావు' matched exactly on six independent lyric pages. lyricsread.com states verbatim 'lyrics written by Pastor M. Jyothi Raju' (separately from 'sung by' and 'music composed by'); telugugospellyrics.com lists a credits table with Lyricist: Ps. Jyothi Raju, year 2026. Caveat lowering confidence: both crediting sites assign lyricist, music director and singer to the same person, a pattern typical of ag",https://www.lyricsread.com/arhatha-lekunna-preminchavu-lyrics-pastor-m-jyothi-raju/; https://telugugospellyrics.com/arhatha-lekunna-preminchavu-song-lyrics/; https://christiantelugulyrics.com/arhatha-lekunna-preminchavu-song-lyrics/,2026-08-03
1602,Ye Raagamo Theliyadu,,0.00,not_researched,Not yet researched - no lookup was performed for this song.,,
1603,Aaraadhinthu Ninnu Devaa,,0.00,conflicting,"Sources disagree: Ps. K. Ratnam (writer, tune Bro. Palilvea Nova) vs. Ps. Jyothi Raju. Needs lyric-level disambiguation.",worldtamilchristians.com/blog/aradhinthu-ninnu-deva-feat-lillyan-christopher; christianstack.com/lyrics/aradhinthu-ninnu-deva-jyothi-raju-telugu-christian-lyrics,2026-08-03
