wtc_id,title_en,title_te,english,telugu_chars,english_chars,telugu_stanzas,english_stanzas,author,library_status,url
3,పరిశుద్ద పరిశుద్ద ప్రభువా,పరిశుద్ద పరిశుద్ద ప్రభువా,full,363,483,4,4,-,in_library_contained,https://waytochurch.com/lyrics/song/3
4,andhaala thaara arudenche naaki,అందాల తార అరుదెన్ఛె నాకై,none,785,0,3,0,A B  Masilamani,in_library_contained,https://waytochurch.com/lyrics/song/4
5,aparaadini yesaiah,అపరాదిని యేసయ్యా,none,624,0,5,0,,in_library_exact,https://waytochurch.com/lyrics/song/5
6,aadedhan paadehan,ఆడెదన్ పాడెదన్,partial,1063,603,2,0,,missing,https://waytochurch.com/lyrics/song/6
7,athyunatha simhasanamu pai,అత్యునత సింహాసనము పై,none,630,0,4,0,,in_library_contained,https://waytochurch.com/lyrics/song/7
8,anni namamula kanna pai namamu,అన్ని నమముల కన్న పై నమము,none,977,0,3,0,,in_library_lyric_line,https://waytochurch.com/lyrics/song/8
9,aaradhinchedan ninnu naa yesaiah,"ఆరాధించెదను నిన్ను, నా యేసయ్య",none,534,0,2,0,,in_library_contained,https://waytochurch.com/lyrics/song/9
21,alayamlo pravesinchandi andharu,ఆలయంలో ప్రవేశించండి అందరూ,none,498,0,2,0,,in_library_exact,https://waytochurch.com/lyrics/song/21
22,ascharya mina prema,ఆశ్చర్యమైన ప్రేమ కల్వరిలోని ప్రేమ,none,560,0,4,0,,in_library_exact,https://waytochurch.com/lyrics/song/22
23,aaha mahaanandame,ఆహా మహానందమే ఇహ పరంబులన్,none,545,0,3,0,,missing,https://waytochurch.com/lyrics/song/23
24,idi kothaku samayam,ఇది కోతకు సమయం పనివారి తరుణం ప్రార్ధన చేయుదమా,none,365,0,3,0,,in_library_exact,https://waytochurch.com/lyrics/song/24
25,udhayakanthi rekalo,ఉదయ కాంతి రేఖలో బెత్లెహేము పురమున,none,417,0,2,0,,missing,https://waytochurch.com/lyrics/song/25
26,unnanthamyna prema dm,ఉన్నతమైన ప్రేమ అత్యున్నతమైన ప్రేమ,none,478,0,2,0,,missing,https://waytochurch.com/lyrics/song/26
27,unnathamyna sthalamulalo cm,ఉన్నతమైన స్థలములలో ఉన్నతుడా మా దేవా,none,744,0,3,0,,missing,https://waytochurch.com/lyrics/song/27
28,oohala kandhani lokamulo,ఊహల కందని లోకములో ఉన్నత సింహాసనమందు,none,376,0,2,0,,missing,https://waytochurch.com/lyrics/song/28
29,enduko naninthaaga neevu,ఎందుకో నన్నింతగ నీవు ప్రేమించితివో దేవా,full,682,806,0,0,,in_library_exact,https://waytochurch.com/lyrics/song/29
30,enni thalachina,ఎన్ని తలచినా ఏది అడిగినా జరిగేది నీ చిత్తమే,none,979,0,3,0,,in_library_contained,https://waytochurch.com/lyrics/song/30
31,oka saari aalochinchava,ఒకసారి ఆలోచించవా ఓ సోదరా,none,478,0,3,0,,missing,https://waytochurch.com/lyrics/song/31
32,o neethi suryuda,ఓ నీతి సూర్యుడా క్రీస్తేసు నాథుడా,none,397,0,2,0,,missing,https://waytochurch.com/lyrics/song/32
33,o yesu divya prema,ఓ యేసు నీ దివ్య ప్రేమ వివరింప నాకు తరమా,none,307,0,2,0,,missing,https://waytochurch.com/lyrics/song/33
34,oranna oranna,ఓరన్న ఓరన్న యేసుకు సాటివేరే లేరన్న లేరన్న,none,646,0,3,0,,in_library_exact,https://waytochurch.com/lyrics/song/34
35,kanumaa siluva pai,కనుమా సిలువపై క్రీస్తేసుడు పొందిన శ్రమలు,none,703,0,2,0,,missing,https://waytochurch.com/lyrics/song/35
36,kaluvari girilona,కల్వరిగిరిలోన సిల్వలో శ్రీయేసు పలు బాధలొందెను,none,276,0,2,0,,in_library_contained,https://waytochurch.com/lyrics/song/36
37,kaluvari giri siluvalo,కలువరి గిరి సిలువలో పలు శ్రమలు పొందిన దైవమా,none,729,0,2,0,,in_library_exact,https://waytochurch.com/lyrics/song/37
38,halleluaya ani paduuchu,హల్లెలుయా అని పాడుచు క్రుపామయా నీకు స్తోత్రము,none,463,0,2,0,,missing,https://waytochurch.com/lyrics/song/38
39,kristhu nedu lechenu,క్రీస్తు నేడు లేచెను ఆ ఆ ఆ హల్లెలూయ,none,548,0,4,0,,missing,https://waytochurch.com/lyrics/song/39
40,Prema kaligi sathyamu palukuchu,ప్రేమ కలిగి సత్యము పలుకుచు,full,412,517,0,0,Pastor N J Simon,missing,https://waytochurch.com/lyrics/song/40
41,ghanamainavi nee kaaryamulu naa yedala,ఘనమైనవి నీ కార్యములు నా యెడల,full,819,1041,0,0,,in_library_exact,https://waytochurch.com/lyrics/song/41
42,gesthemane thota,గెత్సేమనే తోటలో ప్రార్ధింప నేర్పితివా,none,348,0,2,0,,missing,https://waytochurch.com/lyrics/song/42
43,chirakaala snehithudaa,చిరకాల స్నేహితుడా నా హృదయాన సన్నిహితుడా,none,569,0,3,0,,in_library_exact,https://waytochurch.com/lyrics/song/43
44,jayamu kristhu jaya jaya livigo,జయము క్రీస్తూ జయ జయ లివిగో,none,480,0,2,0,,missing,https://waytochurch.com/lyrics/song/44
45,jayahe jayahe,జయహే జయహే జయహే జయహే జయ జయ దేవ సుథ,none,828,0,3,0,,missing,https://waytochurch.com/lyrics/song/45
46,jeeva nadhini,జీవనదిని నా హృదయములో ప్రవహింప చేయుమయా,none,224,0,0,0,,in_library_contained,https://waytochurch.com/lyrics/song/46
47,dhevuni vaarasulam,దేవుని వారసులం ప్రేమ నివాసులము,none,488,0,3,0,,in_library_exact,https://waytochurch.com/lyrics/song/47
48,divam prema swaroopam,దైవం ప్రేమ స్వరూపం ప్రేమకు భాష్యం శ్రీయేసుడే – అవనిలో,none,578,0,2,0,,missing,https://waytochurch.com/lyrics/song/48
49,nannethagano preminchinaavu,నన్నెంతగానో ప్రేమించెను నన్నెంతగానో కరుణించెను,none,650,0,4,0,,in_library_exact,https://waytochurch.com/lyrics/song/49
50,naa pere theliyani,నా పేరే తెలియని ప్రజలు ఎందరో ఉన్నారు,none,440,0,3,0,,in_library_exact,https://waytochurch.com/lyrics/song/50
51,naa yesu raju,నా యేసు రాజుతో నేను సాగి పోదును,none,979,0,3,0,,missing,https://waytochurch.com/lyrics/song/51
52,nine preminthunu,నిన్నే ప్రేమింతును నిన్నే ప్రేమింతును యేసు,none,683,0,3,0,,in_library_exact,https://waytochurch.com/lyrics/song/52
53,nithyudyna dhevuni thodu o,నిత్యుడైన దేవుని తోడు నీడ నీపై ఉడును,none,361,0,3,0,,missing,https://waytochurch.com/lyrics/song/53
54,neeti yuta yodha,నీటి యూట యొద్ద నాట బడితిమి వేరుతన్ని ఎదిగి ఫలియింతుము,none,413,0,3,0,,missing,https://waytochurch.com/lyrics/song/54
55,neeti vaagula koraku,నీటి వాగుల కొరకు దుప్పి ఆశించునట్లు,none,528,0,2,0,,in_library_exact,https://waytochurch.com/lyrics/song/55
56,neevu nirminchina dhevalayamulo,నీవు నిర్మించిన దేవాలయములో నీతో జత పనివారము,none,606,0,3,0,,missing,https://waytochurch.com/lyrics/song/56
57,nee swaramu vinipinchu,నీ స్వరము వినిపించు ప్రభువా నీ దాసుడాలకించున్,none,536,0,4,0,,in_library_exact,https://waytochurch.com/lyrics/song/57
58,neelakasamlona nigikegasina thaara,నీలాకాశంలోన నింగికెగసె తార,none,458,0,2,0,,missing,https://waytochurch.com/lyrics/song/58
59,nee siluvalone naa mukthi,నీ శిలువలోనే నా ముక్తీ నీ నీడలోనే నా జీవితం,none,563,0,2,0,,missing,https://waytochurch.com/lyrics/song/59
60,neevunte naaku chaalu,నీవుంటే నాకు చాలు యేసయ్యా నీ వెంటే నేను వుంటా నేసయ్యా,full,971,420,4,4,,in_library_fuzzy,https://waytochurch.com/lyrics/song/60
61,nenu papino prabhuva,నే పాపినో ప్రభువా నను కావుమా దేవా,none,361,0,2,0,,missing,https://waytochurch.com/lyrics/song/61
62,parama jeevamu naaku,పరమ జీవము నాకు నివ్వ తిరిగి లేచెను నాతో నుండ,none,519,0,4,0,,in_library_exact,https://waytochurch.com/lyrics/song/62
63,parama pavanuda mariya,పరమ పావనుడు మరియ తనయుడు అవతరించెనే శుభ దినాన,none,397,0,2,0,,missing,https://waytochurch.com/lyrics/song/63
64,prabhuva ni karyamulu ab,ప్రభువా నీ కార్యములు ఆశ్చర్య కరమైనవి,none,784,0,2,0,,in_library_exact,https://waytochurch.com/lyrics/song/64
65,padedhamu vededhamu cm,పాడెదము వేడెదము యేసు నామము,none,323,0,3,0,,missing,https://waytochurch.com/lyrics/song/65
66,pradhana vinedi pavanuda,ప్రార్ధన వినెడి పావనుడా ప్రార్ధన మాకు నేర్పుమయా,none,538,0,4,0,,missing,https://waytochurch.com/lyrics/song/66
68,mahodayam subhodayam,మహోదయం శుభోదయం సర్వలోకాని కరుణోదయం,none,394,0,2,0,,missing,https://waytochurch.com/lyrics/song/68
69,maranamu gelichina mana prabhuvu,మరణము గెలిచెను మన ప్రభువు – మనుజాళి రక్షణ కోసమూ,none,520,0,1,0,,in_library_exact,https://waytochurch.com/lyrics/song/69
70,mandhalo cherani gorrelenno,మందలో చేరని గొర్రెలెన్నో కోట్ల కొలదిగా కలవు యిల,none,449,0,3,0,,missing,https://waytochurch.com/lyrics/song/70
71,yehova na kapari,యెహోవ నా కాపరి యెహోవ నా ఊపిరి నాకు లేమి ఏమి,none,427,0,3,0,,missing,https://waytochurch.com/lyrics/song/71
72,yehova ni namamu,యెహోవా నీ నామము ఎంతో బలమైనది,none,500,0,4,0,,in_library_exact,https://waytochurch.com/lyrics/song/72
73,yesu rakthamu rakthamu,యేసు రక్తము రక్తము రక్తము యేసు రక్తము రక్తము రక్తము,none,1088,0,3,0,,missing,https://waytochurch.com/lyrics/song/73
74,yehova dhayaludu,యెహోవా దయాళుడు,none,431,0,3,0,,in_library_exact,https://waytochurch.com/lyrics/song/74
75,yesu ni krupalo,యేసు నీ క్రుపలో మము కాపాడుము దేవా,none,420,0,2,0,,missing,https://waytochurch.com/lyrics/song/75
76,randeho vinarandeho,రండహో వినరండహో శుభ వార్త ఒకటి వినిపించెదం,none,543,0,3,0,,missing,https://waytochurch.com/lyrics/song/76
77,randi yehova,రండి యెహోవాను గూర్చి ఉత్సాహగానము చేయుదము,none,459,0,3,0,,in_library_fuzzy,https://waytochurch.com/lyrics/song/77
78,rakada samayamulo,రాకడ సమయములో కడబూర శబ్దంలో,none,290,0,2,0,,missing,https://waytochurch.com/lyrics/song/78
79,ruchi choochi yerigithini,రుచి చూచి ఎరిగితిని యెహోవా ఉత్తముడనియు,none,462,0,4,0,,in_library_exact,https://waytochurch.com/lyrics/song/79
80,lekhaleni chukalenno,లెక్కలేని చుక్కలెన్నో చక్కగా వెలుగుచుండ,none,721,0,3,0,,missing,https://waytochurch.com/lyrics/song/80
81,lekhimpaleni sthotramul,లెక్కింపలేని స్తోత్రముల్ దేవా ఎల్లప్పుడు నే పాడెదన్,none,416,0,3,0,,missing,https://waytochurch.com/lyrics/song/81
82,vijaya gosha vinipinchenu,విజయ ఘోష వినిపించెను విశ్వమంత గళము లెత్తి వినిపించర స్తోత్ర గీతముల్,none,1211,0,2,0,,missing,https://waytochurch.com/lyrics/song/82
83,vimochakudu mana prabhu,విమోచకుడు మన యేసు ప్రభువు అవతరించిన శుభ దినమే,none,530,0,2,0,,missing,https://waytochurch.com/lyrics/song/83
84,sadaa kalamu neetho nenu,సదా కాలము నీతో నేను జీవించెదను యేసయ్యా,none,846,0,2,0,,in_library_exact,https://waytochurch.com/lyrics/song/84
85,samipincha rani tejassulo,సమీపించరాని తెజేస్సులోనీవు వశియించువాడవయా,none,465,0,0,0,,in_library_fuzzy,https://waytochurch.com/lyrics/song/85
86,sarvakrupa nidi yagu prabhuva,సర్వకృపానిధియగు ప్రభువా సకల చరాచర సంతోషమా,none,420,0,3,0,,in_library_exact,https://waytochurch.com/lyrics/song/86
87,sagipodhunu nenu aagi ponu nenu,సాగి పోదును ఆగి పోను నేను,none,498,0,3,0,,in_library_exact,https://waytochurch.com/lyrics/song/87
88,silvalo naakai karchenu,సిల్వలో నాకై కార్చెను యేసు రక్తము,none,751,0,4,0,,in_library_exact,https://waytochurch.com/lyrics/song/88
89,siluva yende needhu prema,సిలువయందె నీదు ప్రేమ తెలిసికొంటినో ప్రభు,none,245,0,2,0,,missing,https://waytochurch.com/lyrics/song/89
90,srusti kartha yesuni sthutinchedamu,సృష్టికర్త యేసుని స్తుతించెదము సర్వసృష్టియు ప్రభు క్రియలే,none,527,0,3,0,,missing,https://waytochurch.com/lyrics/song/90
91,srustipitha sarvonatha,సృష్టి పితా సర్వో న్నతా సమర్పింతున్ సర్వస్వమున్,none,413,0,4,0,,missing,https://waytochurch.com/lyrics/song/91
92,stotram chellinthumu,స్తోత్రం చెల్లింతుము స్తుతి స్తోత్రం చెల్లింతుము,none,631,0,0,0,,in_library_exact,https://waytochurch.com/lyrics/song/92
93,sri yesu geethi paadana,శ్రీ యేసు గీతి పాడవా ఆ సిల్వ ప్రేమ చాటవా,none,355,0,2,0,,missing,https://waytochurch.com/lyrics/song/93
94,halleluya stuti mahima,హల్లెలూయ స్తుతి మహిమ ఎల్లప్పుడు దేవుని కిచ్చెదము,none,347,0,2,0,,in_library_exact,https://waytochurch.com/lyrics/song/94
95,halleluya yesu prabhun,హల్లెలూయ యేసు ప్రభున్ ఎల్లరు స్తుతియించుడి,none,946,0,5,0,,in_library_exact,https://waytochurch.com/lyrics/song/95
96,halleluya padedha prabhu ninu koniyadedhan fm,హల్లేలూయ పాడెద ప్రభు నిన్ను కొనియాడెదన్,none,544,0,3,0,,in_library_exact,https://waytochurch.com/lyrics/song/96
107,ayane na sangeetham,ఆయెనె నా సంగీతము బలమైన కోటయును,none,477,0,3,0,,in_library_exact,https://waytochurch.com/lyrics/song/107
108,abrahamu devuda,అబ్రహాము దేవుడవు ఇస్సాకు దేవుడవు,none,644,0,3,0,,missing,https://waytochurch.com/lyrics/song/108
109,aaradhana adhika stotram,ఆరాధన అధిక స్తోత్రము నా యేసుకే నేనర్పింతును,none,306,0,2,0,,in_library_exact,https://waytochurch.com/lyrics/song/109
110,చాటించుడి మనుష్య జాతి కేసు నామము చాటించుడి యవశ్య యేసు ప్రేమ సారము,చాటించుడి మనుష్య జాతి కేసు నామము చాటించుడి యవశ్య యేసు ప్రేమ సారము,none,481,0,2,0,,in_library_fuzzy,https://waytochurch.com/lyrics/song/110
111,chintha ledika yesu puttenu,చింత లేదిక యేసు పుట్టెను,none,552,0,4,0,,in_library_exact,https://waytochurch.com/lyrics/song/111
112,chudumu gesthemane,చూడుము గెత్సెమనె తోటలో నా ప్రియుడు,none,691,0,6,0,,missing,https://waytochurch.com/lyrics/song/112
113,deva mahonnathuda,దేవా మహోన్నతుడా మహిమా ప్రకాశితుడా,none,314,0,2,0,,in_library_exact,https://waytochurch.com/lyrics/song/113
114,deva nee yavaranam,దేవా నీ యావరణం మాకెంతో శ్రేయస్కరం,none,665,0,3,0,,missing,https://waytochurch.com/lyrics/song/114
115,deva samsthuthi cheyave manasa,దేవ సంస్తుతి చేయవే మనసా శ్రీమంతుడగు యెహోవ సంస్తుతి,none,1688,0,11,0,,in_library_contained,https://waytochurch.com/lyrics/song/115
116,dhevara nee dheevenalu,దేవర నీ దీవెనలు ధారళముగను వీరలపై,none,925,0,8,0,,in_library_exact,https://waytochurch.com/lyrics/song/116
117,dhevuni sthuthiyinchudi ellapudu,దేవుని స్తుతియించుడి యెల్లాప్పుడు దేవుని స్తతియించుడి ఆ,none,1008,0,9,0,,missing,https://waytochurch.com/lyrics/song/117
118,dhevuni upakarambulalona,దేవుని ఉపకారంబులలోన దేనిని మరువకుము,none,414,0,3,0,,missing,https://waytochurch.com/lyrics/song/118
119,dhevuni yandhu nireekshana,దేవుని యందు నిరీక్షణనుంచి ఆయనను స్తుతించు నా ప్రాణమా,none,773,0,7,0,,in_library_exact,https://waytochurch.com/lyrics/song/119
120,dhevuniki stotramu ganamu cheyutaye,దేవునికి స్తోత్రము గానము చేయుటయే మంచిది,none,574,0,5,0,,in_library_exact,https://waytochurch.com/lyrics/song/120
121,dhootha paata paadudi,దూత పాట పాడుడి రక్షకున్ స్తుతించుడి ఆ ప్రభుండు,none,547,0,3,0,,in_library_contained,https://waytochurch.com/lyrics/song/121
122,goppa dhevudavani shakthi,గొప్పా దేవుడవని శక్తి సంపన్నుడని గలమెత్తి నిన్ను నేను గాణమాడెదన్,none,534,0,2,0,,in_library_fuzzy,https://waytochurch.com/lyrics/song/122
123,halleluya ani paadi sthuthimpanu,హల్లెలూయ యని పాడి స్తుతింపను రారె జనులారా మనసారా ఊరూర,none,691,0,4,0,,in_library_exact,https://waytochurch.com/lyrics/song/123
124,halleluya paata yesaiah paata,హల్లేలూయ పాట యెసయ్య పాట,none,310,0,2,0,,in_library_exact,https://waytochurch.com/lyrics/song/124
125,idhigo dheva naa jeevitham,ఇదిగో దేవా నా జీవితం ఆపాద మస్తకం నీకంకితం,none,703,0,3,0,,in_library_exact,https://waytochurch.com/lyrics/song/125
126,Varninchaleni thyaagam oodaarpu nondhani vainam,వర్ణించలేని త్యాగం ఓదార్పు నొందని వైనం,full,1463,1765,0,0,Dr Y Vijay Kumar,missing,https://waytochurch.com/lyrics/song/126
127,kanna thalli cherchunatlu,కన్నతల్లి చేర్చునట్లు నన్ను చేర్చు నా ప్రియుడు,none,310,0,4,0,,in_library_exact,https://waytochurch.com/lyrics/song/127
128,kristhulo jeevinchu naaku,క్రీస్తులో జీవించు నాకు ఎల్లాప్పుడు జయముండును,none,440,0,3,0,,in_library_exact,https://waytochurch.com/lyrics/song/128
129,krotha yedu modalu bettenu,క్రొత్త యెడు మొదలు బెట్టెను మన బ్రతుకు నందు క్రొత్త యెడు,none,975,0,5,0,,in_library_contained,https://waytochurch.com/lyrics/song/129
130,krupa sathya sampurnuda,కృపా సత్యా సంపూర్ణుడా,none,531,0,3,0,,in_library_exact,https://waytochurch.com/lyrics/song/130
131,krupalanu thalanchuchu,కృపలను తలంచుచు ఆయుష్కాలమంతా ప్రభుని కృతజ్ఞతతో స్తుతింతున్,none,611,0,5,0,,in_library_contained,https://waytochurch.com/lyrics/song/131
132,krupamayuda neelona,కృపామయుడా నీలోనా నివసింప జేసినందునా,none,564,0,4,0,Bro  Yesanna,in_library_exact,https://waytochurch.com/lyrics/song/132
133,kummari o kummari,కుమ్మరి ఓ కుమ్మరి జగదుత్పత్తిధారి,none,354,0,3,0,,missing,https://waytochurch.com/lyrics/song/133
134,kuthuhala marbhatame,కుతూహల మార్భాటమే నా యేసుని సన్నిధిలో,none,560,0,4,0,,missing,https://waytochurch.com/lyrics/song/134
135,maa oohalu puttaka munupe,మా ఊహలు పుట్టక మునుపే మా సర్వమునెరిగిన దేవ,none,572,0,2,0,,in_library_exact,https://waytochurch.com/lyrics/song/135
136,mahima neeke prabhu,మహిమ నీకె ప్రభూ ఘనత నీకె ప్రభూ స్తుతీ ఘనత మహిమయు,none,647,0,0,0,,missing,https://waytochurch.com/lyrics/song/136
137,mahonnathuda ni krupalo,మహోన్నతుడా నీ కృపలో నేను నివసించుట నా జీవిత ధన్యతైయున్నది,none,401,0,3,0,Bro  Yesanna,in_library_contained,https://waytochurch.com/lyrics/song/137
138,mangalame yesunaku x,మంగళమే యేసునకు మనుజావతారునకు,none,498,0,4,0,,in_library_exact,https://waytochurch.com/lyrics/song/138
139,manulu manikyamulunna,మణులు మాణిక్యములున్న మేడమిద్దెలు ఎన్నున్నా,none,527,0,3,0,,missing,https://waytochurch.com/lyrics/song/139
140,naa jeevitha yatralo,నా జీవిత యాత్రలో ప్రభువా నీ పాదమే శరణం,none,417,0,3,0,,in_library_exact,https://waytochurch.com/lyrics/song/140
141,naa prana priyuda,నా ప్రాణ ప్రియుడా యేసు రాజా అర్పింతును నా హృదయార్పణ,none,628,0,4,0,,in_library_exact,https://waytochurch.com/lyrics/song/141
142,naa sthuthi paathruda,నా స్తుతి పాత్రుడా నా యెసయ్యా నా ఆరాధనకు,none,395,0,3,0,Bro  Yesanna,in_library_contained,https://waytochurch.com/lyrics/song/142
143,nadipinchu na naava,నడిపించు నా నావ నడి సంద్రమున దేవా,none,1115,0,6,0,A B  Masilamani,in_library_exact,https://waytochurch.com/lyrics/song/143
144,ne saagedha yesunitho,నే సాగెద యేసునితో నా జీవిత కాలమంత,none,574,0,5,0,,in_library_exact,https://waytochurch.com/lyrics/song/144
145,nedo repo naa priyudesu,నేడో రేపో నా ప్రియుడేసు మేఘాల మీద ఏతెంచును,none,495,0,3,0,,in_library_exact,https://waytochurch.com/lyrics/song/145
146,nee chethitho nannu pattuko,నీ చేతితో నన్ను పట్టుకో నీఆత్మతో నన్ను నడుపు,none,421,0,3,0,,in_library_exact,https://waytochurch.com/lyrics/song/146
147,nee rakthame,నీ రక్తమే నీ రక్తమేనన్ శుద్ధీకరించున్ నీ రక్తమే నా బలము,none,691,0,5,0,,in_library_exact,https://waytochurch.com/lyrics/song/147
148,neeve naa dhevudavu,నీవే నా దేవుడవు ఆరాధింతను,none,308,0,0,0,Bro  Kripal Mohan,in_library_exact,https://waytochurch.com/lyrics/song/148
149,ho happy christmas happy christmas,హో హ్యాప్పీ క్రిస్మస్ హ్యాప్పీ క్రిస్మస్,full,613,676,0,0,,in_library_exact,https://waytochurch.com/lyrics/song/149
150,neevu chesina upakaaramulaku,నీవు చేసిన ఉపకారములకు నేనేమి చెల్లింతును,none,584,0,4,0,,in_library_exact,https://waytochurch.com/lyrics/song/150
151,nuthana geethamu paadedhanu,నూతన గీతము పాడెదను నా ప్రియుడేసునిలో,none,489,0,3,0,,missing,https://waytochurch.com/lyrics/song/151
152,o prabhuva neeve,ఓ ప్రభువా ఓ ప్రభువా నీవే నా మంచి కాపరివి నీవే నా మంచి కాపరివి,none,323,0,2,0,,missing,https://waytochurch.com/lyrics/song/152
153,o sadbhakthulara,ఓ సద్భక్తులారా లోక రక్షకుండు బెత్లె్హేమందు నేడు,none,601,0,4,0,,in_library_contained,https://waytochurch.com/lyrics/song/153
154,prabhuva neelo jeevinchuta ab,ప్రభువా నీలో జీవించుట కృపా బాహుళ్యమే నా యెడ కృపాబాహుళ్యమే,partial,512,631,4,3,Bro  Yesanna,missing,https://waytochurch.com/lyrics/song/154
155,pradhana yesuni sandharshana,ప్రార్ధన యేసుని సందర్శన పరమ తండ్రితో సంభాషణ,none,848,0,7,0,,in_library_exact,https://waytochurch.com/lyrics/song/155
156,prema yesuni prema,ప్రేమ యేసుని ప్రేమ అది ఎవ్వరు కొలువలేనిది,none,610,0,4,0,,in_library_exact,https://waytochurch.com/lyrics/song/156
157,rakshakundudhayinchi nadata,రక్షకుండుదయించి నాడట మన కొరకు బరమ రక్షకుండుదయించి,none,673,0,5,0,,missing,https://waytochurch.com/lyrics/song/157
158,randi yuchahinchi paadudhamu,రండి యుత్చాహించి పాడుదము రక్షణదుర్గము మన ప్రభువే,none,604,0,5,0,,missing,https://waytochurch.com/lyrics/song/158
159,saswathaa mynadhi neevu naayada,శాశ్వాతామైనదీ నీవు నా యెడ చూపినా కృప,none,525,0,4,0,,in_library_exact,https://waytochurch.com/lyrics/song/159
160,siluva chentha cherina nade,సిలువ చెంత చేరిననాడు కలుషములను కడిగివేయు,none,542,0,4,0,,in_library_contained,https://waytochurch.com/lyrics/song/160
161,stothra rupamagu krotha,స్తోత్రరూపమగు క్రొత్త గీతంబులన్ నా నోటనుంచెను నా యేసయ్యా,none,698,0,4,0,,missing,https://waytochurch.com/lyrics/song/161
162,sthuthi yagamu na yesuke,స్తుతి యాగము నా యేసుకే అర్పించెదను ఎల్లప్పుడు,none,661,0,5,0,,missing,https://waytochurch.com/lyrics/song/162
163,sthuthinchedanu stuthinchedanu,స్తుతించెదనుస్తుతించెదనూ,none,870,0,5,0,,in_library_exact,https://waytochurch.com/lyrics/song/163
164,sthuthincheda nee namam,స్తుతియించెదా నీ నామం దేవా అనుదినం,none,351,0,3,0,,in_library_exact,https://waytochurch.com/lyrics/song/164
165,వందనం బొనర్తుమో ప్రభో ప్రభో,వందనం బొనర్తుమో ప్రభో ప్రభో,none,757,0,5,0,,in_library_exact,https://waytochurch.com/lyrics/song/165
166,viswasa vanithalamu,విశ్వాస వనితలము ప్రభు యేసు ముద్రికలం,none,605,0,2,0,,missing,https://waytochurch.com/lyrics/song/166
167,yehova naa moralalinchenu,యెహోవా నా మొర లాలించను దన మహా దయనుననుగణీంచెను,none,755,0,5,0,,in_library_exact,https://waytochurch.com/lyrics/song/167
168,yehova ye naa kaapariga,యెహోవాయే నా కాపరిగా నాకేమి కొదువగునూ,none,503,0,4,0,,in_library_exact,https://waytochurch.com/lyrics/song/168
169,yese na parihaari,యేసే నా పరిహారి ప్రియ యేసే నా పరిహారి,none,683,0,5,0,,in_library_exact,https://waytochurch.com/lyrics/song/169
170,yesu rajula rajai,యేసు రాజు రాజుల రాజై త్వరగా వచ్చుచుండె త్వరగ,none,439,0,3,0,,in_library_contained,https://waytochurch.com/lyrics/song/170
171,yesutho teeviganu podama,యేసుతో ఠీవిగాను అడ్డుగా వచ్చువైరి గెల్వను,none,631,0,4,0,,missing,https://waytochurch.com/lyrics/song/171
172,yogyudavo yogyudavo,యోగ్యుడవో యోగ్యుడవో యేసు ప్రభో నీవె యోగ్యుడవో,none,507,0,3,0,"Bro  Raj , micheal paul",missing,https://waytochurch.com/lyrics/song/172
173,kaneerelamma karuninchu yesu ninu,కన్నీరేలమ్మ కరుణించు యేసు నిన్ను విడువబోడమ్మా,none,482,0,1,0,,in_library_exact,https://waytochurch.com/lyrics/song/173
174,shudhdhaa hrudhaayam kalugajeyumu,శుద్దా హ్రుదాయమ్ కలుగజెయుము,full,385,442,2,2,,missing,https://waytochurch.com/lyrics/song/174
175,nee premaye naku chalu,ణీ ప్రెమయె నకు చలు,full,401,478,0,0,,missing,https://waytochurch.com/lyrics/song/175
176,neevennallu rendu thalampulatho,నీవెన్నాళ్ళు రెండు తలంపులతో,full,446,523,0,0,,in_library_exact,https://waytochurch.com/lyrics/song/176
177,sri yesundu janminche reyilo,శ్రీ యేసుండు జన్మించె రేయిలో ||||,full,665,558,0,0,,in_library_exact,https://waytochurch.com/lyrics/song/177
178,shudhdhaa hrudayam,శుద్ధ హృదయం కలుగజేయుము,full,450,555,0,0,,in_library_exact,https://waytochurch.com/lyrics/song/178
179,shaashwathamu kaadu,శాశ్వతము కాదు ఈ లోకము,full,544,665,0,0,,in_library_exact,https://waytochurch.com/lyrics/song/179
180,vetakaani urilo nundi,వేటకాని ఉరిలో నుండి,full,314,401,0,0,,missing,https://waytochurch.com/lyrics/song/180
181,adavi chetla naduma,అడవి చెట్ల నడుమ – ఒక జల్దరు వృక్షం వలె,full,453,555,0,0,,in_library_exact,https://waytochurch.com/lyrics/song/181
182,adiginadi konthe ainaa,అడిగినది కొంతే అయినా,full,843,1054,0,0,,in_library_exact,https://waytochurch.com/lyrics/song/182
183,adugudi meeku ivvabadunu,అడుగుడి మీకు ఇవ్వబడును,full,624,738,0,0,,in_library_exact,https://waytochurch.com/lyrics/song/183
184,ade ade aa roju,అదే అదే ఆ రోజు,full,638,743,0,0,,in_library_exact,https://waytochurch.com/lyrics/song/184
185,anudinamu prabhuni,అనుదినము ప్రభుని స్తుతియించెదము,full,368,431,0,0,,in_library_exact,https://waytochurch.com/lyrics/song/185
186,arpinchuchuntini yesayyaa,అర్పించుచుంటిని యేసయ్యా,full,376,440,0,0,,in_library_exact,https://waytochurch.com/lyrics/song/186
187,andaala udyaanavanamaa,అందాల ఉద్యానవనమా,full,458,560,0,0,,in_library_exact,https://waytochurch.com/lyrics/song/187
188,aakaashamandunna aaseenudaa,ఆఅకాశమన్డున్న ఆఅసీనుడా,full,362,427,0,0,,missing,https://waytochurch.com/lyrics/song/188
189,aathma deepamunu,ఆత్మ దీపమును,full,292,343,0,0,,in_library_exact,https://waytochurch.com/lyrics/song/189
190,aananda yaathra,ఇది ఆత్మీయ యాత్ర,full,443,585,0,0,bro yesanna,missing,https://waytochurch.com/lyrics/song/190
191,aanandamu prabhu naakosagenu,ఆనందము ప్రభు నాకొసగెను,full,423,507,0,0,,in_library_exact,https://waytochurch.com/lyrics/song/191
192,aayane naa sangeethamu balamaina kotayunu,ఆయనే నా సంగీతము బలమైన కోటయును,full,468,573,0,0,,in_library_exact,https://waytochurch.com/lyrics/song/192
193,aascharyakarudu aalochanakartha,ఆశ్చర్యకరుడు ఆలోచనకర్త,full,450,588,0,0,,in_library_exact,https://waytochurch.com/lyrics/song/193
194,aasheervaadambul maa meeda,ఆశీర్వాదంబుల్ మా మీద,full,400,478,0,0,,in_library_exact,https://waytochurch.com/lyrics/song/194
195,aanandamugaa yehovaa nee krupaalanni,ఆనందముగా యెహోవా నీ కృపలన్ని,full,549,674,0,0,,in_library_exact,https://waytochurch.com/lyrics/song/195
196,aahaa yemaanandam aahaa yemaanandamu,ఆహా యేమానందం ఆహా యేమానందము,full,433,524,0,0,,in_library_exact,https://waytochurch.com/lyrics/song/196
197,idiyenayya maa praarthana,ఇదియేనయ్య మా ప్రార్థన,full,443,540,0,0,,in_library_exact,https://waytochurch.com/lyrics/song/197
198,ide naa korika,ఇదే నా కోరిక,full,371,456,0,0,,in_library_exact,https://waytochurch.com/lyrics/song/198
199,ihamanduna aa paramandu naaku,ఇహమందున ఆ పరమందు నాకు,full,835,1034,0,0,,in_library_exact,https://waytochurch.com/lyrics/song/199
200,illalona panduganta kallalona kaanthulanta,ఇళ్లలోన పండుగంట కళ్ళలోన కాంతులంట,full,1102,1300,0,0,,in_library_exact,https://waytochurch.com/lyrics/song/200
201,intha kaalam needu krupalo kaachina devaa,ఇంత కాలం నీదు కృపలో కాచిన దేవా (2),full,321,397,0,0,,in_library_exact,https://waytochurch.com/lyrics/song/201
202,inthalone kanabadi anthalone maayamayye,ఇంతలోనే కనబడి అంతలోనే మాయమయ్యే,full,508,629,0,0,,in_library_exact,https://waytochurch.com/lyrics/song/202
203,oohinchaleni melulatho nimpina,ఊహించలేని మేలులతో నింపిన,full,417,504,0,0,,in_library_exact,https://waytochurch.com/lyrics/song/203
204,enni maarlu neevu daiva vaakyamunu vini,ఎన్ని మార్లు నీవు దైవ వాక్యమును విని,full,742,887,0,0,,in_library_exact,https://waytochurch.com/lyrics/song/204
205,evariki evaru ee lokamlo,ఎవరికి ఎవరు ఈ లోకంలో,full,409,464,0,0,,in_library_exact,https://waytochurch.com/lyrics/song/205
206,entha madhuramu yesuni prema,ఎంత మధురము యేసుని ప్రేమ,full,331,363,0,0,,in_library_exact,https://waytochurch.com/lyrics/song/206
207,entha manchi devudavayyaa yesayyaa,ఎంత మంచి దేవుడవయ్యా యేసయ్యా,full,524,642,0,0,,in_library_exact,https://waytochurch.com/lyrics/song/207
208,ae vaipu choosinaa yudhdha vaarthalegaa,ఏ వైపు చూసినా యుద్ధ వార్తలేగా,full,599,751,0,0,,in_library_exact,https://waytochurch.com/lyrics/song/208
209,o maanavaa nijamedo erugavaa,ఓ మానవా నిజమేదో ఎరుగవా,full,459,563,0,0,,in_library_exact,https://waytochurch.com/lyrics/song/209
210,kanulunnaa kaanaleni chevulunnaa vinaleni,కనులున్నా కానలేని చెవులున్నా వినలేని ||||,full,695,805,0,0,,in_library_exact,https://waytochurch.com/lyrics/song/210
211,kalamulatho raayagalamaa,కలములతో రాయగలమా,full,461,581,0,0,,in_library_exact,https://waytochurch.com/lyrics/song/211
212,kaluvarigirilo siluvadhaariyai,కలువరిగిరిలో సిలువధారియై,full,386,466,0,0,,in_library_exact,https://waytochurch.com/lyrics/song/212
213,kalyaanam kamaneeyam,కల్యాణం కమనీయం,full,442,552,0,0,,missing,https://waytochurch.com/lyrics/song/213
214,kraisthavamoka mathamu kaadidi,క్రైస్తవమొక మతము కాదిది,full,469,577,0,0,,in_library_exact,https://waytochurch.com/lyrics/song/214
215,gamyam cheraalani neetho undaalani,గమ్యం చేరాలని నీతో ఉండాలని,full,596,687,0,0,,in_library_exact,https://waytochurch.com/lyrics/song/215
216,gaadaandhakaarapu loyalo,గాడాంధకారపు లోయలో,full,388,489,0,0,,in_library_exact,https://waytochurch.com/lyrics/song/216
217,chithra chithraala vaade mana yesayya,చిత్ర చిత్రాల వాడే మన యేసయ్య,full,386,475,0,0,,in_library_exact,https://waytochurch.com/lyrics/song/217
218,cheyi pattuko naa cheyi pattuko,చేయి పట్టుకో నా చేయి పట్టుకో,full,360,447,0,0,,in_library_exact,https://waytochurch.com/lyrics/song/218
219,janminchenu oka thaara,జన్మించెను ఒక తార,full,444,513,0,0,,in_library_exact,https://waytochurch.com/lyrics/song/219
220,junti thene dhaarala kannaa,జుంటి తేనె ధారల కన్నా,full,534,663,0,0,,in_library_exact,https://waytochurch.com/lyrics/song/220
221,jayam jayam jayam jayam,జయం జయం జయం జయం,full,256,311,0,0,,in_library_exact,https://waytochurch.com/lyrics/song/221
222,tharatharaalalo yugayugaalalo jagajagaalalo,తరతరాలలో యుగయుగాలలో జగజగాలలో,full,244,294,0,0,,in_library_exact,https://waytochurch.com/lyrics/song/222
223,thallilaa laalinchunu thandrilaa preminchunu,తల్లిలా లాలించును తండ్రిలా ప్రేమించును,full,515,619,0,0,,in_library_exact,https://waytochurch.com/lyrics/song/223
224,thoorpu diku chukka butte,తూర్పు దిక్కు చుక్క బుట్టె,full,442,503,0,0,,in_library_exact,https://waytochurch.com/lyrics/song/224
225,daari thappi pothunnaavaa vishwaasi,దారి తప్పి పోతున్నావా విశ్వాసి,full,498,577,0,0,,in_library_exact,https://waytochurch.com/lyrics/song/225
226,dinamella ne paadinaa keerthinchinaa,దినమెల్ల నే పాడినా కీర్తించినా,full,430,499,0,0,,in_library_exact,https://waytochurch.com/lyrics/song/226
227,deva nee goppa kaaryamulan,దేవా నీ గొప్పకార్యములన్ – మదిన్ తలచి స్తుతించెదం,full,504,620,0,0,,in_library_exact,https://waytochurch.com/lyrics/song/227
228,najareyudaa naa yesayya,నజరేయుడా నా యేసయ్య,full,478,597,0,0,,in_library_exact,https://waytochurch.com/lyrics/song/228
229,nadipinchu naa naavaa nadi sandramuna devaa,నడిపించు నా నావా నడి సంద్రమున దేవా,full,1016,1288,0,0,,in_library_exact,https://waytochurch.com/lyrics/song/229
230,nannenthagaano preminchina prabhuvaa,నన్నెంతగానో ప్రేమించిన ప్రభువా,full,553,636,0,0,,in_library_exact,https://waytochurch.com/lyrics/song/230
231,nammakamaina naa snehithudu,నమ్మకమైన నా స్నేహితుడు,full,516,632,0,0,,in_library_exact,https://waytochurch.com/lyrics/song/231
232,naa kanula vembadi kanneeru raaneeyaka,నా కనుల వెంబడి కన్నీరు రానీయక,full,345,432,0,0,,in_library_exact,https://waytochurch.com/lyrics/song/232
233,naa kosamaa ee siluva yaagamu,నా కోసమా ఈ సిలువ యాగము,full,494,632,0,0,,in_library_exact,https://waytochurch.com/lyrics/song/233
234,naa gunde chappudu chesthundi neeke sthothramani,నా గుండె చప్పుడు చేస్తుంది నీకే స్తోత్రమని,full,452,562,0,0,,in_library_exact,https://waytochurch.com/lyrics/song/234
235,athyunnathamaina simhaasanampai,అత్యున్నతమైన సింహాసనంపై,full,616,676,0,0,Sukumar,in_library_exact,https://waytochurch.com/lyrics/song/235
236,naa naathudaa naa yullamichchithi neeku,నా నాథుడా నా యుల్లమిచ్చితి నీకు,full,612,726,0,0,,in_library_exact,https://waytochurch.com/lyrics/song/236
237,naa neethi neeve naa khyaathi neeve,నా నీతి నీవే నా ఖ్యాతి నీవే,full,813,976,0,0,,in_library_exact,https://waytochurch.com/lyrics/song/237
238,naa praanamaa naalo neevu,నా ప్రాణమా నాలో నీవు,full,614,754,0,0,,in_library_exact,https://waytochurch.com/lyrics/song/238
239,naa praanamaa yesayyaa naa dhyaanamaa yesayyaa,నా ప్రాణమా యేసయ్యా… నా ధ్యానమా యేసయ్యా,full,562,696,0,0,,in_library_exact,https://waytochurch.com/lyrics/song/239
240,naa praanamaa yehovaanu neevu sannuthinchumu,నా ప్రాణమా యెహోవాను నీవు సన్నుతించుము,full,745,907,0,0,,missing,https://waytochurch.com/lyrics/song/240
241,naa praanaaniki praanam neevenayyaa,నా ప్రాణానికి ప్రాణం నీవేనయ్యా,full,626,723,0,0,,in_library_exact,https://waytochurch.com/lyrics/song/241
242,naa mano nethramu therachi,నా మనో నేత్రము తెరచి,full,431,499,0,0,,in_library_exact,https://waytochurch.com/lyrics/song/242
243,naa yesayyaa naa rakshakaa,నా యేసయ్యా నా రక్షకా,full,253,295,0,0,,in_library_exact,https://waytochurch.com/lyrics/song/243
244,naa yesuu nee paadaala chenthaa,నా యేసూ నీ పాదాల చెంతా,full,465,566,0,0,,in_library_exact,https://waytochurch.com/lyrics/song/244
245,naaku nee krupa chaalunu priyudaa,నాకు నీ కృప చాలును ప్రియుడా,full,348,429,0,0,,in_library_exact,https://waytochurch.com/lyrics/song/245
246,naatho maatlaadu prabhuvaa neeve maatlaadumayyaa,నాతో మాట్లాడు ప్రభువా – నీవే మాట్లాడుమయ్యా (2),full,338,404,0,0,,in_library_exact,https://waytochurch.com/lyrics/song/246
247,naadantuu lokaana edi ledayya,నాదంటూ లోకాన ఏదీ లేదయ్యా,full,394,486,0,0,,in_library_exact,https://waytochurch.com/lyrics/song/247
248,naadu jeevamaayene naa samasthamu,నాదు జీవమాయెనే నా సమస్తము,full,570,677,0,0,,in_library_exact,https://waytochurch.com/lyrics/song/248
249,nithyamu sthuthinchinaa,నిత్యము స్తుతించినా,full,422,520,0,0,,in_library_exact,https://waytochurch.com/lyrics/song/249
250,ninu choose kannulu naaku immayyaa,నిను చూసే కన్నులు నాకు ఇమ్మయ్యా,full,422,495,0,0,,in_library_exact,https://waytochurch.com/lyrics/song/250
251,ninnu kaapaadu devudu,నిన్ను కాపాడు దేవుడు,full,428,518,0,0,,in_library_exact,https://waytochurch.com/lyrics/song/251
252,ninne ninne nammukunnaanayya,నిన్నే నిన్నే నమ్ముకున్నానయ్య,full,444,502,0,0,,in_library_exact,https://waytochurch.com/lyrics/song/252
253,nee krupa naaku chaalunu,నీ కృప నాకు చాలును,full,371,458,0,0,bro yesanna,in_library_exact,https://waytochurch.com/lyrics/song/253
254,nee chethilo rottenu nenayya,నీ చేతిలో రొట్టెను నేనయ్య విరువు యేసయ్యా,full,357,414,0,0,,in_library_exact,https://waytochurch.com/lyrics/song/254
255,nee dhanamu nee ghanamu prabhu yesude,నీ ధనము నీ ఘనము ప్రభు యేసుదే,full,539,709,0,0,,in_library_exact,https://waytochurch.com/lyrics/song/255
256,nee premalo nundi nannu edabaapu vaarevaru,నీ ప్రేమలో నుండి నన్ను ఎడబాపు వారెవరు,full,571,666,0,0,,in_library_exact,https://waytochurch.com/lyrics/song/256
257,nee premaa nee karunaa,నీ ప్రేమా నీ కరుణా చాలునయ్యా నా జీవితాన,full,526,647,0,0,,in_library_exact,https://waytochurch.com/lyrics/song/257
258,nee roopu chooda nenaashapadithi,నీ రూపు చూడ నేనాశపడితి,full,463,566,0,0,,in_library_exact,https://waytochurch.com/lyrics/song/258
259,nee vaakyame naa paadaalaku deepamu,నీ వాక్యమే నా పాదాలకు దీపము,full,390,480,0,0,,in_library_exact,https://waytochurch.com/lyrics/song/259
260,neekante nammadagina devudevarayyaa,నీకంటె నమ్మదగిన దేవుడెవరయ్యా,full,361,445,0,0,,in_library_exact,https://waytochurch.com/lyrics/song/260
261,neeku ishtudigaa ilalo ne undaalani,నీకు ఇష్టుడిగా ఇలలో నే ఉండాలని,full,561,665,0,0,,missing,https://waytochurch.com/lyrics/song/261
262,padamulu chaalani prema idi,పదములు చాలని ప్రేమ ఇది,full,553,647,0,0,,in_library_exact,https://waytochurch.com/lyrics/song/262
263,padivelalo athipriyudu,పదివేలలో అతిప్రియుడు,full,457,554,0,0,,in_library_exact,https://waytochurch.com/lyrics/song/263
264,padivelalo athisundarudaa,పదివేలలో అతిసుందరుడా,full,359,446,0,0,,in_library_exact,https://waytochurch.com/lyrics/song/264
265,pondithini nenu prabhuvaa nee nundi,పొందితిని నేను ప్రభువా నీ నుండి,full,747,922,0,0,,in_library_exact,https://waytochurch.com/lyrics/song/265
266,prabhu yesu naa rakshakaa,ప్రభు యేసు నా రక్షకా,full,935,1084,0,0,,in_library_exact,https://waytochurch.com/lyrics/song/266
267,prabhu yesuni vadanamulo naa devudu kanipinche,ప్రభు యేసుని వదనములో – నా దేవుడు కనిపించె,full,603,728,0,0,,in_library_exact,https://waytochurch.com/lyrics/song/267
268,priya yesu nirminchithivi,ప్రియ యేసు నిర్మించితివి,full,452,548,0,0,,in_library_exact,https://waytochurch.com/lyrics/song/268
269,priya yesu raajunu ne choochina chaalu,ప్రియ యేసు రాజును నే చూచిన చాలు,full,705,844,0,0,,in_library_exact,https://waytochurch.com/lyrics/song/269
270,preminchedan adhikamugaa,ప్రేమించెదన్ అధికముగా,full,324,392,0,0,,in_library_exact,https://waytochurch.com/lyrics/song/270
271,brathakaalani unnaa brathakalekunnaa,బ్రతకాలని ఉన్నా బ్రతకలేకున్నా,full,539,651,0,0,,in_library_exact,https://waytochurch.com/lyrics/song/271
272,bangaram adugaledu vajraalani adugaledu,బంగారం అడుగలేదు వజ్రాల్ని అడుగలేదు,partial,738,680,2,0,,in_library_exact,https://waytochurch.com/lyrics/song/272
273,bethlehem puramuna chithrambu kalige,బేత్లేహేం పురమున చిత్రంబు కలిగె,full,676,848,0,0,,in_library_exact,https://waytochurch.com/lyrics/song/273
274,bhajana cheyuchu bhakthapaalaka,భజన చేయుచు భక్తపాలక,full,478,606,0,0,,in_library_exact,https://waytochurch.com/lyrics/song/274
275,bheekarundau maa yehovaa peeta medutan goodare,భీకరుండౌ మా యెహోవా – పీఠ మెదుటన్ గూడరే,full,587,684,0,0,,in_library_exact,https://waytochurch.com/lyrics/song/275
276,mahima ghanathaku arhudavu,మహిమ ఘనతకు అర్హుడవు,full,364,478,0,0,,in_library_exact,https://waytochurch.com/lyrics/song/276
277,maargamu choopumu intiki naa thandri intiki,మార్గము చూపుము ఇంటికి నా తండ్రి ఇంటికి,full,600,731,0,0,,in_library_exact,https://waytochurch.com/lyrics/song/277
278,maaripovaali ee lokamanthaa,మారిపోవాలి ఈ లోకమంతా,full,540,666,0,0,,in_library_exact,https://waytochurch.com/lyrics/song/278
279,moodu dashaabdaala vaivaahika jeevithaanni,మూడు దశాబ్దాల వైవాహిక జీవితాన్ని,full,388,488,0,0,,in_library_exact,https://waytochurch.com/lyrics/song/279
280,moodunaalla muchchata kosam,మూడునాళ్ళ ముచ్చట కోసం,full,691,860,0,0,,in_library_exact,https://waytochurch.com/lyrics/song/280
281,yudhdhamu yehovaade,యుద్ధము యెహోవాదే ||||,full,419,503,0,0,,in_library_exact,https://waytochurch.com/lyrics/song/281
282,yehovaa naa balamaa,యెహోవా నా బలమా,full,1124,1375,0,0,,in_library_exact,https://waytochurch.com/lyrics/song/282
283,yehovaaku sthuthulu paadandi,యెహోవాకు స్తుతులు పాడండి – మీరు,full,555,685,0,0,,in_library_exact,https://waytochurch.com/lyrics/song/283
284,yehovaanu sthuthiyinchu,యెహోవాను స్తుతియించు – ప్రభువును ఘనపరచు,full,656,829,0,0,,in_library_exact,https://waytochurch.com/lyrics/song/284
285,yesayyaa nee naamamune,యేసయ్యా నీ నామమునే కీర్తించెదన్,full,347,429,0,0,,in_library_exact,https://waytochurch.com/lyrics/song/285
286,yesu jananamu,యేసు జననము లోకానికెంతో వరము,full,316,383,0,0,,in_library_exact,https://waytochurch.com/lyrics/song/286
287,yesu ninnu nenu,యేసు నిన్ను నేను చూడలేను,full,399,471,0,0,,in_library_exact,https://waytochurch.com/lyrics/song/287
288,yesu maatho neevundagaa,యేసు మాతో నీవుండగా,full,281,340,0,0,father sj berchams,in_library_exact,https://waytochurch.com/lyrics/song/288
289,yesu rakthamulo,యేసు రక్తములో నాకు జయమే జయము,full,565,711,0,0,,in_library_exact,https://waytochurch.com/lyrics/song/289
290,yesu sarvonnathudaa,యేసు సర్వోన్నతుడా… క్రీస్తు సర్వశక్తిమంతుడా…,full,585,719,0,0,,in_library_exact,https://waytochurch.com/lyrics/song/290
291,yesuni naa madilo sweekarinchaanu,యేసుని నా మదిలో స్వీకరించాను,full,669,760,0,0,,in_library_exact,https://waytochurch.com/lyrics/song/291
292,yese naa aashrayamu,యేసే నా ఆశ్రయము,full,491,591,0,0,,in_library_exact,https://waytochurch.com/lyrics/song/292
293,rammanuchunnaadu ninnu prabhu yesu,రమ్మనుచున్నాడు నిన్ను ప్రభు యేసు,full,519,628,0,0,,in_library_exact,https://waytochurch.com/lyrics/song/293
294,raajulaku raaju puttenannayya,రాజులకు రాజు పుట్టేనయ్య ||||,full,375,447,0,0,,in_library_lyric_line,https://waytochurch.com/lyrics/song/294
295,raaraaju janminchinaadu,రారాజు జన్మించినాడు,full,581,690,0,0,,in_library_exact,https://waytochurch.com/lyrics/song/295
296,rende rende daarulu,రెండే రెండే దారులు,full,776,924,0,0,,in_library_exact,https://waytochurch.com/lyrics/song/296
297,samarpana cheyumu prabhuvunaku,సమర్పణ చేయుము ప్రభువునకు,full,408,498,0,0,,in_library_exact,https://waytochurch.com/lyrics/song/297
298,saagilapadi mrokkedamu,సాగిలపడి మ్రొక్కెదము సత్యముతో ఆత్మలో,full,517,607,0,0,,in_library_exact,https://waytochurch.com/lyrics/song/298
299,saakshyamichcheda,సాక్ష్యమిచ్చెద మన స్వామి యేసు దేవుడంచు,full,795,1038,0,0,,in_library_exact,https://waytochurch.com/lyrics/song/299
300,siluvalo bali aina devuni gorrepilla,సిలువలో బలి అయిన దేవుని గొర్రెపిల్ల,full,301,349,0,0,,in_library_exact,https://waytochurch.com/lyrics/song/300
301,siluvalo saagindi yaathra,సిలువలో సాగింది యాత్ర,full,422,496,0,0,,in_library_exact,https://waytochurch.com/lyrics/song/301
302,seeyonu paatalu santhoshamugaa,సీయోను పాటలు సంతోషముగా,full,563,690,0,0,,in_library_exact,https://waytochurch.com/lyrics/song/302
303,sugunaala sampannudaa,సుగుణాల సంపన్నుడా – స్తుతి గానాల వారసుడా,full,423,526,0,0,Bro  Yesanna,in_library_exact,https://waytochurch.com/lyrics/song/303
304,sthuthiyu mahima ghantha neeke,స్తుతియు మహిమ ఘనత నీకే,full,673,813,0,0,,in_library_exact,https://waytochurch.com/lyrics/song/304
305,sthuthula meeda aaseenudaa,స్తుతుల మీద ఆసీనుడా,full,209,273,0,0,,in_library_exact,https://waytochurch.com/lyrics/song/305
306,sthuthula meeda hallelujah,స్తుతుల మీద ఆసీనుడా,full,359,420,0,0,,in_library_exact,https://waytochurch.com/lyrics/song/306
307,solipovaladu manassaa,సోలిపోవలదు మనస్సా సోలిపోవలదు,full,388,447,0,0,,in_library_exact,https://waytochurch.com/lyrics/song/307
308,sthothrinthumu ninu maadu thandri,స్తోత్రింతుము నిను మాదు తండ్రి,full,690,825,0,0,,in_library_exact,https://waytochurch.com/lyrics/song/308
309,ascharyakarudu alochanakartha nithyudagu thandri,ఆశ్చర్యకరుడు ఆలోచనకర్త,none,687,0,0,0,,in_library_exact,https://waytochurch.com/lyrics/song/309
310,shudhudu ghanudu rakshakudu,శుద్ధుడ ఘనుడ రక్షకుడ,none,295,0,0,0,,in_library_exact,https://waytochurch.com/lyrics/song/310
311,bethlehemulo sandhadi,బేత్లెహేములో సందడి పశుల పాకలో సందడి,none,427,0,0,0,,in_library_exact,https://waytochurch.com/lyrics/song/311
312,dheva ni namam entho balamynadhi,దేవ నీ నామం ఎంతో బలమైనది,none,371,0,0,0,,missing,https://waytochurch.com/lyrics/song/312
313,dheva ni namam balamynadhi ni namam,దేవా నీ నామం బలమైనది నీ నామం,full,295,308,0,0,Bro  Kripal Mohan,in_library_exact,https://waytochurch.com/lyrics/song/313
314,emmanuelu rakthamu,ఇమ్మానుయేలు రక్తము ఇంపైన యూటగు,none,533,0,0,0,,in_library_exact,https://waytochurch.com/lyrics/song/314
315,naa jeevitha kalamantha,నా జీవిత కాలమంత,none,630,0,0,0,,missing,https://waytochurch.com/lyrics/song/315
316,naa thandri neeve,నా తండ్రి నీవే నా దేవుడవు నీవే,none,687,0,0,0,,in_library_exact,https://waytochurch.com/lyrics/song/316
317,neeve naa oopiri,నీవే నా ఊపిరి,none,218,0,0,0,,missing,https://waytochurch.com/lyrics/song/317
318,jagatiki punaadi vaeyaka mundae janiyinchina praema,జగతికి పునాది వేయక ముందే జనియించిన ప్రేమ,full,900,1072,0,0,Dr  Amsumathi mary,missing,https://waytochurch.com/lyrics/song/318
319,yesuni roopamloniki maaripovaali,యేసుని రూపం లోనికి మారాలి,none,563,0,0,0,,in_library_exact,https://waytochurch.com/lyrics/song/319
320,ae vyaktinainaa ae sthitiyandainaa entagaanoe praeminchu praema,ఏ వ్యక్తినైనా ఏ స్థితియందైనా ఎంతగానో ప్రేమించు ప్రేమ,full,984,1189,0,0,Dr  Amsumathi mary,missing,https://waytochurch.com/lyrics/song/320
321,సృష్టికర్త యేసు దేవ సర్వలోకం నీమాట వినునూ,సృష్టికర్త యేసు దేవ సర్వలోకం నీమాట వినునూ,none,528,0,0,0,,in_library_exact,https://waytochurch.com/lyrics/song/321
322,viluvaina praemaloe vanchana laedu,విలువైన ప్రేమలో వంచన లేదు,full,371,484,0,0,,in_library_exact,https://waytochurch.com/lyrics/song/322
323,oohaku andani praema naa yaesu praema,ఊహకు అందని ప్రేమ నా యేసు ప్రేమ,full,576,714,0,0,rev  aakumarthi daniel,missing,https://waytochurch.com/lyrics/song/323
324,srustikarthavyna yehova,సృష్టి కర్తవైన యెహోవా,none,575,0,2,0,Bro  Yesanna,in_library_exact,https://waytochurch.com/lyrics/song/324
325,velpulalo bahu ghanudu,వేల్పులలో బహు ఘనుడా యేసయ్యా,none,694,0,3,0,Bro  Yesanna,missing,https://waytochurch.com/lyrics/song/325
326,jeevinchuchunnadhi nenu khadhu,జీవించుచున్నది నేను కాదు,none,450,0,3,0,Bro  Yesanna,in_library_contained,https://waytochurch.com/lyrics/song/326
327,neethi nayamulu jariginchu naa yesaiah,నీతి న్యాయములు జరిగించు నా యేసయ్యా,none,602,0,3,0,Bro  Yesanna,in_library_exact,https://waytochurch.com/lyrics/song/327
328,dheva ni krupa nirantharam,దేవా నీ కృప నిరంతరం మారనిదెపుడు నా ప్రభువా,none,568,0,3,0,,missing,https://waytochurch.com/lyrics/song/328
329,sariraarevaru naa priyudyna yesayaku,సరిరారెవ్వరూ నా ప్రియుడైన యేసయ్యకు,none,739,0,1,0,Bro  Yesanna,in_library_exact,https://waytochurch.com/lyrics/song/329
330,naa prana priyudavu neeve,నా ప్రాణ ప్రియుడవు నీవే నా ప్రాణ నాధుడ నీవే,none,361,0,1,0,Bro  Yesanna,missing,https://waytochurch.com/lyrics/song/330
331,praneswara prabhu dhiva kumara,ప్రాణేశ్వర ప్రభు దైవకుమార,none,450,0,1,0,Bro  Yesanna,in_library_exact,https://waytochurch.com/lyrics/song/331
332,saswatha krupanu nenu thalanchaga,శాశ్వత కృపను నేను తలంచగా,none,425,0,3,0,Bro  Yesanna,in_library_exact,https://waytochurch.com/lyrics/song/332
333,naa jeevam nee krupalo,నా జీవం నీ కృపలో దాచితివే నా జీవితకాలమంతా,partial,440,797,3,0,Bro  Yesanna,in_library_exact,https://waytochurch.com/lyrics/song/333
334,nee preme nannu aadharinchenu,నీ ప్రేమే నను ఆదరించేను,none,476,0,2,0,Bro  Yesanna,missing,https://waytochurch.com/lyrics/song/334
335,sthuthi paathruda sthothrahurda,స్తుతి పాత్రుడా స్తోత్రార్హుడా,none,566,0,1,0,Bro  Yesanna,in_library_exact,https://waytochurch.com/lyrics/song/335
336,sannuthichedanu dhayaludavu,సన్నుతించెదను దయాళుడవు నీవని,none,382,0,2,0,Bro  Yesanna,missing,https://waytochurch.com/lyrics/song/336
337,aascharyakarudaa naa aalochanakartha,ఆశ్చర్యాకరుడా నా ఆలోచన కర్తవు,partial,427,506,3,0,Bro  Yesanna,in_library_exact,https://waytochurch.com/lyrics/song/337
338,yesu anu namame naa madhura,యేసు అను నామమే నా మధుర గానమే,none,511,0,3,0,Bro  Yesanna,missing,https://waytochurch.com/lyrics/song/338
339,halleluya yesaiah,హల్లెలూయా యేసయ్యా,none,545,0,3,0,Bro  Yesanna,missing,https://waytochurch.com/lyrics/song/339
340,dheva naa dhevudavu neeve,దేవా నా దేవుడవు నీవే,none,504,0,1,0,Bro  Yesanna,missing,https://waytochurch.com/lyrics/song/340
341,aanandame prabhu yesuni,ఆనందమే ప్రభు యేసుని స్తుతించుట ఆత్మానంద గీతమే పాడెదా,none,483,0,3,0,Bro  Yesanna,missing,https://waytochurch.com/lyrics/song/341
342,premamaya yesu prabhuvaa,ప్రేమమయా యేసు ప్రభువా నిన్నే స్తుతింతును ప్రభువా,none,744,0,3,0,Bro  Yesanna,missing,https://waytochurch.com/lyrics/song/342
343,aanandam yesutho,ఆనందం యేసుతో ఆనందం,none,384,0,2,0,Bro  Yesanna,missing,https://waytochurch.com/lyrics/song/343
344,naa vedhanalo vedhikithini,నా వేదనలో వెదకితిని,none,362,0,2,0,Bro  Yesanna,missing,https://waytochurch.com/lyrics/song/344
345,sarvonathuda neeve naaku,సర్వోన్నతుడా నీవే నాకు ఆశ్రయదుర్గము,none,437,0,3,0,Bro  Yesanna,in_library_exact,https://waytochurch.com/lyrics/song/345
346,vandhanamu neeke,వందనము నీకే నా వందనము,partial,625,755,3,0,Bro  Yesanna,in_library_exact,https://waytochurch.com/lyrics/song/346
347,maadhuryame naa prabhutho,మాధుర్యమే నా ప్రభుతో జీవితం,partial,445,588,3,0,Bro  Yesanna,in_library_exact,https://waytochurch.com/lyrics/song/347
348,yemani varninthu,ఏమని వర్ణింతు నీ కృపను ఏరులై పారెనె నా గుండెలోన,none,359,0,3,0,Bro  Yesanna,missing,https://waytochurch.com/lyrics/song/348
349,nithyudaa nee sanidhi,నిత్యుడా నీ సన్నిధి నిండుగా నా తోడూ,none,426,0,3,0,Bro  Yesanna,missing,https://waytochurch.com/lyrics/song/349
350,tejovaasula swasthyamandhu,తేజోవాసుల స్వాస్థ్యమందు నను చేర్చుటే,none,518,0,4,0,Bro  Yesanna,missing,https://waytochurch.com/lyrics/song/350
351,sthuthi simhasanaseenudavu,స్తుతి సింహాసనాసీనుడవు,none,535,0,2,0,Bro  Yesanna,missing,https://waytochurch.com/lyrics/song/351
352,anadhilo niyaminchabadina,అనాదిలో నియమించబడిన గొర్రెపిల్ల,none,388,0,2,0,Bro  Yesanna,missing,https://waytochurch.com/lyrics/song/352
353,prabhuvaa nee samukhamandhu,ప్రభువా నీ సముఖము నందు,none,473,0,3,0,Bro  Yesanna,missing,https://waytochurch.com/lyrics/song/353
354,nithyudagu naa thandri,నిత్యుడగు నా తండ్రి నీకే స్తోత్రము,none,446,0,3,0,Bro  Yesanna,missing,https://waytochurch.com/lyrics/song/354
355,nee krupa bahulyame,నీ కృప బాహుళ్యమే నా జీవిత ఆధారమే,none,256,0,2,0,Bro  Yesanna,missing,https://waytochurch.com/lyrics/song/355
356,aascharyakarudaa needhu krupa,ఆశ్చర్యకరుడా నీదు కృపా అనుదినం అనుభవించెద,none,401,0,3,0,Bro  Yesanna,missing,https://waytochurch.com/lyrics/song/356
357,evarunnaru ee lokamulo,ఎవరున్నారు ఈ లోకంలో,none,322,0,1,0,Bro  Yesanna,missing,https://waytochurch.com/lyrics/song/357
358,yuddha veerulam manam,యుద్ధ వీరులం మనము యుద్ధ వీరులం,none,477,0,2,0,Bro  Yesanna,missing,https://waytochurch.com/lyrics/song/358
359,seeyonulo naa yesutho,సీయోనులో నా యేసుతో,none,303,0,2,0,Bro  Yesanna,missing,https://waytochurch.com/lyrics/song/359
360,naa jeevitham neekankitham,నా జీవితం నీకంకితం,none,231,0,2,0,Bro  Yesanna,missing,https://waytochurch.com/lyrics/song/360
361,sooryuni dharinchi,సూర్యుని ధరించి చంద్రుని మీద నిలిచి,none,330,0,3,0,Bro  Yesanna,missing,https://waytochurch.com/lyrics/song/361
362,oohalu naadhu ootalu,ఊహలు నాదు ఊటలు,none,370,0,1,0,Bro  Yesanna,in_library_exact,https://waytochurch.com/lyrics/song/362
363,yesaiah naa nirikshana aadharama,యేసయ్యా,none,291,0,1,0,Bro  Yesanna,unusable-title,https://waytochurch.com/lyrics/song/363
364,noothana yerushalem,నూతన యెరుషలేమ్ దిగి వచ్చుచున్నది,none,844,0,3,0,Bro  Yesanna,missing,https://waytochurch.com/lyrics/song/364
365,nanu viduvaka dhachithivi,నను విడువక యెడబాయక,none,553,0,1,0,Bro  Yesanna,missing,https://waytochurch.com/lyrics/song/365
366,kalavaripadi ne kondalavypu,కలవర పడి నే కొండల వైపు నా కన్నులెత్తుదునా,none,563,0,1,0,Bro  Yesanna,missing,https://waytochurch.com/lyrics/song/366
367,naa prana priyuda yesaiah,నా ప్రియుడా యెసయ్యా నీ కృప లేనిదే నే బ్రతుకలేను,none,541,0,2,0,Bro  Yesanna,missing,https://waytochurch.com/lyrics/song/367
368,naa pranathma sareeram,నా ప్రాణ ఆత్మ శరీరం అంకితం నీకే ప్రభూ,none,298,0,1,0,Bro  Yesanna,missing,https://waytochurch.com/lyrics/song/368
369,naa yesu raaja naa aaradhyadhyvama,నా యేసు రాజా నా ఆరాధ్య దైవమా,partial,429,612,3,0,Bro  Yesanna,in_library_exact,https://waytochurch.com/lyrics/song/369
370,yesaiah naa priya,యేసయ్యా నాప్రియా,none,362,0,1,0,Bro  Yesanna,missing,https://waytochurch.com/lyrics/song/370
371,nenu velle maargamu,నేను వెళ్ళే మార్గము నా యేసుకే తెలియును,none,641,0,0,0,Bro  Yesanna,in_library_exact,https://waytochurch.com/lyrics/song/371
372,yeguruthunnandhi vijaya,ఎగురుతున్నది విజయ పతాకం యేసు రక్తమే మా జీవిత విజయం,none,615,0,1,0,Bro  Yesanna,missing,https://waytochurch.com/lyrics/song/372
373,anthyadhinamula yendu memundaga,అంత్య దినములందు మేం ఉండగా నీ ఆత్మా కుమ్మరింపు నీయుమా,none,999,0,1,0,Bro  Anil Kumar,missing,https://waytochurch.com/lyrics/song/373
374,dhevudu maapakshamuna vundaga,దేవుడు మా పక్షమున ఉండగా మాకు విరోధి ఎవడు,none,944,0,1,0,Bro  Anil Kumar,missing,https://waytochurch.com/lyrics/song/374
375,idhigo vinuma lokama,ఇదిగో వినుమా ఓ లోకమా త్వరలో ప్రభువు రానుండెను,none,2167,0,1,0,Bro  Anil Kumar,missing,https://waytochurch.com/lyrics/song/375
376,israelunu kaapaadu devudu,ఇశ్రాయేలును కాపాడు దేవుడు కునుకడు నిద్రపోడెన్నడు,none,2739,0,0,0,Bro  Anil Kumar,missing,https://waytochurch.com/lyrics/song/376
377,jaya pataakam yegaraali,జయ పతాకం ఎగరాలి ఈ దేశం సొంతం కావాలి,none,809,0,1,0,Bro  Anil Kumar,missing,https://waytochurch.com/lyrics/song/377
378,jayahe jayahe kristhesu,జయహే జయహే క్రీస్తేసు ప్రభుకు జయహే జయహే జయహే రారాజు ప్రభుకు జయహే,none,1578,0,0,0,Bro  Anil Kumar,missing,https://waytochurch.com/lyrics/song/378
379,naa neethi neeve,నా నీతి నీవే నా ఖ్యాతి నీవే నా దైవమా యేసయా,none,1512,0,2,0,Bro  Anil Kumar,in_library_contained,https://waytochurch.com/lyrics/song/379
380,cheddaamaa poraatam,చేద్దామా పోరాటం ఆత్మీయ పోరాటం అపవాది శక్తులతో అనుదినము పోరాటం,none,1318,0,0,0,Bro  Anil Kumar,missing,https://waytochurch.com/lyrics/song/380
381,nibbaram kaligi,నిబ్బరం కలిగి ధైర్యముగుండు దిగులు పడకు జడియకు ఎపుడు,none,2681,0,6,0,Bro  Anil Kumar,in_library_fuzzy,https://waytochurch.com/lyrics/song/381
382,lokamunu jayinchina,లోకమును జయించిన విజయము విశ్వాసమే ఈ లోకమును జయించిన విజయము విశ్వాసమే,none,1203,0,0,0,Bro  Anil Kumar,missing,https://waytochurch.com/lyrics/song/382
383,nee rakthame paapa parihaaram,లోక పాపమును మోసుకెళ్ళిన దేవుని గొర్రె పిల్ల,none,1467,0,0,0,Bro  Anil Kumar,missing,https://waytochurch.com/lyrics/song/383
384,veerudu lechenu,వీరుడే లేచెను మరణపు ముల్లును విరచి సాధ్యమా మంటికి ప్రభువునే వుంచను అణచి,none,2543,0,3,0,Bro  Anil Kumar,missing,https://waytochurch.com/lyrics/song/384
385,visvasa veerulam,విశ్వాస వీరులం క్రీస్తు శిష్యులం దేవునికే మేం వారసులం,none,2090,0,2,0,Bro  Anil Kumar,missing,https://waytochurch.com/lyrics/song/385
386,yesayya lone unnadhi manaku rakshana,యేసయ్యలోనే ఉన్నది మనకు రక్షణ నిరీక్షణ,none,2253,0,1,0,Bro  Anil Kumar,missing,https://waytochurch.com/lyrics/song/386
387,maargam satyam jeevam,మార్గం సత్యం జీవం క్రీస్తేసని చాటేద్దాం చేయి చేయి కలిపి ప్రభు రాజ్యం కట్టేద్దాం,none,691,0,0,0,Bro  Anil Kumar,missing,https://waytochurch.com/lyrics/song/387
388,yuddha veeruda,యుద్ధ వీరుడా కదులు ముందుకు పాలు తేనెలా నగరుకు,none,1233,0,3,0,Bro  Anil Kumar,in_library_exact,https://waytochurch.com/lyrics/song/388
389,yesu dhevuni aaradhikulam,యేసు దేవుని ఆరాధికులం వెనుక చూడని సైనికులం,none,1352,0,0,0,Bro  Anil Kumar,missing,https://waytochurch.com/lyrics/song/389
390,shuddha hrudhayam,శుద్ధ హృదయం కలుగజేయుము,none,537,0,1,0,Bro  Anil Kumar,in_library_exact,https://waytochurch.com/lyrics/song/390
391,జీసస్ జీసస్,జీసస్ జీసస్,none,1007,0,0,0,Bro  Anil Kumar,missing,https://waytochurch.com/lyrics/song/391
392,yuddhamu yehovadhe,రాజులు మనకెవ్వరు లేరు శూరులు మనకెవ్వరు లేరు,none,621,0,2,0,Bro  Anil Kumar,in_library_contained,https://waytochurch.com/lyrics/song/392
393,prabhu naamam,ప్రభు నామం నా ఆశ్రయమే ఆయనను స్తుతించెదను ప్రభు మహిమ నా జీవితమే ఆయనను వెంబడింతును,none,622,0,0,0,Bro  Anil Kumar,missing,https://waytochurch.com/lyrics/song/393
394,krupa krupa naa yesu krupa,కృప కృప నా యేసు కృప కృప కృప కృప,none,3012,0,3,0,Bro  Anil Kumar,in_library_exact,https://waytochurch.com/lyrics/song/394
395,kondharemo gurralantu,కొందరేమో గుర్రాలంటూ కొందరేమో రథాలంటూ అబ్బురంగా అతిశయపడతారు,none,2745,0,0,0,Bro  Anil Kumar,missing,https://waytochurch.com/lyrics/song/395
396,jayaminkaa manaderaa,జయమింకా మనదేరా జయ ధ్వనినే చేసేయ్ రా ప్రేమించే యేసునిలో అత్యధికపు జయమేరా,none,1939,0,1,0,Bro  Anil Kumar,missing,https://waytochurch.com/lyrics/song/396
397,yesuni yandali aanandame,యేసుని యందలి ఆనందమే మాకు బలము,none,2344,0,0,0,Bro  Anil Kumar,missing,https://waytochurch.com/lyrics/song/397
398,yehovaa maa balamaa neeve kadha naa dheema,యెహోవా మా బలమా నీవే కదా నా ధీమా,none,2335,0,0,0,Bro  Anil Kumar,missing,https://waytochurch.com/lyrics/song/398
399,paraakramamu gala baladyuda,పరాక్రమము గల బలాడ్యుడా నీ కంటికి కనిపించే నీ చెవులకు వినిపించే,none,3066,0,0,0,Bro  Anil Kumar,missing,https://waytochurch.com/lyrics/song/399
400,idiye samayam,ఇదియే సమయం ఇక లేరా నేస్తం ప్రభుకై రగిలే జ్వాలై,none,2365,0,0,0,Bro  Anil Kumar,missing,https://waytochurch.com/lyrics/song/400
401,holy holy holy,హోలీ హోలీ హోలీ హోలీ హోలీ హోలీ హోలీ హోలీ,none,2725,0,0,0,Bro  Anil Kumar,in_library_exact,https://waytochurch.com/lyrics/song/401
402,entho vintha entho chintha,ఎంతో వింత ఎంతో చింత యేసునాధున్ మరణమంత,none,581,0,0,0,,missing,https://waytochurch.com/lyrics/song/402
403,aha mahathma haa sareera,ఆహా మహాత్మ హా శరణ్యాహా విమోచకద్రోహ,none,631,0,0,0,,in_library_contained,https://waytochurch.com/lyrics/song/403
404,yevaru chesiri puvuu lanuu,యెవరు చెసిరి పువుఉలనుఉ,full,297,353,3,3,,missing,https://waytochurch.com/lyrics/song/404
418,Kantipaapanu naa kantaneeru choodalevu,నీ కంటిపాపనూ నా కంటనీరు చూడలేవు,full,443,522,0,0,Joshua Shaik,in_library_exact,https://waytochurch.com/lyrics/song/418
453,e samayamandhaina,ఏ సమయమందైన ఏ స్ధలమందైన,none,572,0,0,0,,missing,https://waytochurch.com/lyrics/song/453
496,aanandham aanandham,ఆనంధం –ఆనంధం –ధినధినం ఆనంధం రారాజు నా స్వంతమాయెనే –,none,531,0,3,0,,missing,https://waytochurch.com/lyrics/song/496
497,aanandha maanandha maayenu,ఆనంధ మానంధ మాయెను – నాధు ప్రియ కుమారుని యంధు,none,907,0,5,0,,missing,https://waytochurch.com/lyrics/song/497
498,niitigala yohoavaa sthuthi mii,నీతిగల యొహోవా స్థుథి మీ – యాథ్మథో నర్పించుదిమీ యాథ్మథో,none,705,0,0,0,,missing,https://waytochurch.com/lyrics/song/498
499,dhaeva dhivyanantha prabhaava,ధేవ ధివ్యనంథ ప్రభావ మాంపాహి ఘన యోహోవా స్థావర జంగమ,none,866,0,0,0,,missing,https://waytochurch.com/lyrics/song/499
500,gaanamu chaeyudu sukiirthananu y,ఘానము చేయుదు సుకీర్థననుఒహోవను గూరిచి క్రొథ గాను రక్థి గాను,none,799,0,1,0,,missing,https://waytochurch.com/lyrics/song/500
501,anni kalambula nunna yehova,ఆన్ని కాలంబులనున్న యోహోవాని న్నెన్నథరంబయో కన్న థంద్రి – వన్నె,none,811,0,0,0,,missing,https://waytochurch.com/lyrics/song/501
502,halleluya sthotram,హల్లెలూయ స్తోత్రం,none,553,0,2,0,,missing,https://waytochurch.com/lyrics/song/502
503,yesu ni krupalo,యేసు నీ క్రుపలో,none,444,0,2,0,,missing,https://waytochurch.com/lyrics/song/503
504,manchi sakshiga marchumu,మంచి సాక్షిగ మార్చుము,none,1134,0,2,0,,missing,https://waytochurch.com/lyrics/song/504
505,devaa neeku sthotramu,దేవా నీకు స్తోత్రము,none,223,0,0,0,,missing,https://waytochurch.com/lyrics/song/505
506,priyathama bandhama naa hrudayapu,ప్రియతమా బంధమ నా హృదయపు ఆశ్రయ దుర్గమ అనుదినం అనుక్షణం నీ వొడిలో,full,603,822,0,2,,missing,https://waytochurch.com/lyrics/song/506
507,bharatha desama yesuke,భారత దేశమా యేసుకే నా భారత దేశమా ప్రియయేసుకే,none,1927,0,0,0,,in_library_exact,https://waytochurch.com/lyrics/song/507
508,nannenthaga preminchithivo,నన్నెంతగా ప్రేమించితివో,partial,657,712,2,0,,in_library_exact,https://waytochurch.com/lyrics/song/508
509,aradinchedanu ninnu,ఆరాధించెదను నిన్ను నా యేసయ్య ఆత్మతో సత్యముతో,none,335,0,2,0,,in_library_exact,https://waytochurch.com/lyrics/song/509
510,sruthi chesi ne padana,శృతి చేసి నే పాడనా స్తోత్రగీతం,none,500,0,2,0,,in_library_exact,https://waytochurch.com/lyrics/song/510
511,neevu leni roju asalu,నీవు లేని రోజు అసలు రోజే కాదయా,none,304,0,1,0,,in_library_exact,https://waytochurch.com/lyrics/song/511
512,punarudhanuda naa yesayya,పునరుత్థానుడ నా యేసయ్య మరణము గెలిచి బ్రతికించితివి నన్ను,none,523,0,0,0,,in_library_exact,https://waytochurch.com/lyrics/song/512
513,yudhaa sthuthi gotrapu simhama,యూదా స్తుతి గోత్రపు సింహమా,none,416,0,0,0,,in_library_exact,https://waytochurch.com/lyrics/song/513
514,suryuni dharinchi,సూర్యుని ధరించి చంద్రుని మీద నిలిచి,none,291,0,3,0,,missing,https://waytochurch.com/lyrics/song/514
515,sthuthiki paathruda,స్తుతికి పాత్రుడా స్తోత్రార్హుడా,none,342,0,2,0,,missing,https://waytochurch.com/lyrics/song/515
516,nee krupa naku chalunu,నీ కృపా నాకు చాలును నీ కృప లేనిదే నే బ్రతుకలేను,none,721,0,0,0,,in_library_exact,https://waytochurch.com/lyrics/song/516
517,palle pallello pattanala moolallo,పల్లె పల్లెల్లో పట్టణాల మూలల్లో,none,554,0,0,0,,missing,https://waytochurch.com/lyrics/song/517
518,musalamma muchatlu,ముసలమ్మ ముచ్చట్లు కట్టిపెట్టి,none,656,0,0,0,,missing,https://waytochurch.com/lyrics/song/518
519,manasara pujenchi,మనసార పూజించి నిన్ను ఆరాధిస్తా,none,359,0,1,0,"Bro  Raj , micheal paul",in_library_fuzzy,https://waytochurch.com/lyrics/song/519
520,mahimaswarupuda,మహిమ స్వరూపుడా మృత్యుంజయుడా,none,486,0,0,0,,missing,https://waytochurch.com/lyrics/song/520
521,dayagala hrudayudavu,దయగల హృదయుడవు,none,675,0,2,0,,missing,https://waytochurch.com/lyrics/song/521
522,nee sallani soope,నీ సల్లని సూపే ఓ యేసయ్యా,none,435,0,3,0,,missing,https://waytochurch.com/lyrics/song/522
523,yedabaayani deva,ఎడబాయని దేవా ఇమ్మానుయేలు ప్రభువా,none,397,0,2,0,,missing,https://waytochurch.com/lyrics/song/523
524,gadachina kaalamantha,గడచిన కాలమంతా నిలిచితివి నా చెంత,none,491,0,1,0,,missing,https://waytochurch.com/lyrics/song/524
525,ambhara veedhilo tharaka,అంబరవీధిలో తారక వెలసెను తూర్పున వింతగా,none,254,0,2,0,,missing,https://waytochurch.com/lyrics/song/525
526,krupayu satyamu kalisi,మహిమ రూపము మనిషి ఆయెను బాలయేసునిగా,none,264,0,2,0,,missing,https://waytochurch.com/lyrics/song/526
527,aakashamlo kotha chukka puttindi,ఆకాశంలో కొత్త చుక్క పుట్టింది,none,194,0,2,0,,missing,https://waytochurch.com/lyrics/song/527
528,andhari chevulu gingurumanela,అందరి చెవులు గింగురుమనేలా అంతట చాటి చెప్పాలా,none,345,0,1,0,,missing,https://waytochurch.com/lyrics/song/528
529,ooruko hrudayama neelo,ఊరుకో హృదయమా నీలో మత్సరమా,none,312,0,1,0,,missing,https://waytochurch.com/lyrics/song/529
530,unnathamaina rajyapu vasi,ఉన్నతమైన రాజ్యపువాసీ యేసయ్యా,none,641,0,2,0,,missing,https://waytochurch.com/lyrics/song/530
531,sahasa kaaryalu cheya galige,సహసకర్యాలు చేయగలిగే దేవుని హస్తము,none,365,0,2,0,,missing,https://waytochurch.com/lyrics/song/531
532,o manavuda melukonumu,ఓ మానవుడా మేలుకొనుము నిదురయేలరా,none,383,0,2,0,,missing,https://waytochurch.com/lyrics/song/532
533,aagipodhu na pata,ఆగిపోదు నా పాట గమ్యం చేరేదాక,none,460,0,0,0,,missing,https://waytochurch.com/lyrics/song/533
534,ananthamunundi ananthamu varaku,ఆనన్తము నున్డి అనన్తము వరకు జీవిన్చు ఢెవ,full,490,554,0,0,,missing,https://waytochurch.com/lyrics/song/534
535,jeevithamlo neela undalani,జీవితంలో నీలా ఉండాలని యేసు నాలో ఎంతో ఆశున్నది,full,366,377,0,0,,in_library_exact,https://waytochurch.com/lyrics/song/535
536,alpha omega ayina mahimanvithuda,అల్ఫా ఒమేగా అయినా మహిమాన్వితుడా,full,646,895,0,0,,in_library_fuzzy,https://waytochurch.com/lyrics/song/536
537,gadachina kalamu krupalo mamu,హల్లెలూయ స్తోత్రం యేసయ్య,none,476,0,0,0,,in_library_exact,https://waytochurch.com/lyrics/song/537
538,halleluya sthotram,హల్లెలూయ స్తోత్రం యేసయ్య కృప చాలును నీ కృప చాలును,none,288,0,0,0,,missing,https://waytochurch.com/lyrics/song/538
539,gurileni payanam dari cherakunte,గురిలేని పయనం దరి చేరకుంటే,none,466,0,0,0,,missing,https://waytochurch.com/lyrics/song/539
540,naa thandri ninu nenu,నా తండ్రీ నిను నేను మరువలేను,none,374,0,0,0,,missing,https://waytochurch.com/lyrics/song/540
541,chitikina naa jeevitham,చితికిన నా జీవితము చినిగిన ఓ కాగితము,none,487,0,0,0,,missing,https://waytochurch.com/lyrics/song/541
542,phalamulu kaligina shishyuniga nannu,ఫలములు కలిగిన శిష్యునిగా నన్ను మార్చితివా,none,394,0,0,0,,missing,https://waytochurch.com/lyrics/song/542
543,modhata nee sthithi konchame ainanu,మొదట నీ స్థితి కొంచెమే అయినను,none,480,0,0,0,,missing,https://waytochurch.com/lyrics/song/543
544,nannu evvaru kadilinchaleru,నన్ను ఎవ్వరు కదిలించలేరు దేనికి ఆ శక్తి లేదు,none,396,0,0,0,,missing,https://waytochurch.com/lyrics/song/544
545,aashalanni nee meedhane,ఆశలన్నీ నీ మీదనే తీర్చవా ప్రభూ,none,467,0,0,0,,missing,https://waytochurch.com/lyrics/song/545
546,naa balamu nannu,నా బలము నన్ను విడిచిపోయినా,none,415,0,1,0,,missing,https://waytochurch.com/lyrics/song/546
547,neeve na rakshana neeve nireekshana,నీవే నా రక్షణ నీవే నిరీక్షణ,none,312,0,0,0,,in_library_exact,https://waytochurch.com/lyrics/song/547
548,krutagnatato samarpanato,కృతజ్ఞతతో సమర్పణతో ఆయన సన్నిది చేరెదము,none,361,0,0,0,,missing,https://waytochurch.com/lyrics/song/548
549,pashushalalo neevu,పశుశాలలో నీవు పవళించినావు పరమాత్ముడవు నీవు,none,218,0,0,0,,missing,https://waytochurch.com/lyrics/song/549
550,satvikuda deenulanu karuninche,సాత్వీకుడా దీనులను కరుణించే నా యేసయ్య,none,418,0,0,0,,missing,https://waytochurch.com/lyrics/song/550
551,nee bahu balamu ennadaina,నీ బాహుబలము ఎన్నడైన దూరమాయెనా,none,618,0,0,0,,missing,https://waytochurch.com/lyrics/song/551
552,arbhatamutho pradhana dootha,ఆర్భాటముతో ప్రధాన దూత శబ్ధముతో దేవుని బూరతో,none,508,0,0,0,Bro  Yesanna,missing,https://waytochurch.com/lyrics/song/552
553,chatali jagatilo devuni keerthi,చాటాలి జగతిలో దేవుని కీర్తి కావాలి మనిషికి దేవుని నీతి,none,536,0,0,0,Bro  Yesanna,missing,https://waytochurch.com/lyrics/song/553
554,bethlahemulo sandhadi pasuvula pakalo,బెత్లేహేములోనంట సందడి పశువుల పాకలో సందడి,none,622,0,0,0,,in_library_exact,https://waytochurch.com/lyrics/song/554
555,christmas panduga vachenule,క్రీస్మస్ పండుగ వచ్చేనులే నేడు యేసయ్య జన్మ దినం వచ్చేనులే,none,505,0,0,0,,in_library_exact,https://waytochurch.com/lyrics/song/555
556,yennaluga,ఎన్నాళ్ళుగా ఎన్నేళ్ళుగా నా నీరిక్షనా,none,434,0,0,0,,missing,https://waytochurch.com/lyrics/song/556
557,yenduko nannu neevu,ఎందుకో నన్ను నీవు ప్రేమించినావు దేవా,none,444,0,0,0,bro p issac,in_library_fuzzy,https://waytochurch.com/lyrics/song/557
558,anuragalu kuripinche,అనురాగాలు కురిపించే నీ ప్రేమ తలచి,none,525,0,0,0,Bro  Yesanna,missing,https://waytochurch.com/lyrics/song/558
559,makutam dharinchina maharaju,రాజాధి రాజ రవి కోటి తేజ రమణీయ సామ్రాజ్య పరిపాలక,full,505,748,0,0,Bro  Yesanna,in_library_exact,https://waytochurch.com/lyrics/song/559
560,nindu manasutho ninne aaradhinchuta,నిండు మనసుతో నిన్నే ఆరాదించుట నీ సంకల్పం,none,555,0,0,0,Bro  Yesanna,missing,https://waytochurch.com/lyrics/song/560
561,laali laali laalamma laali,లాలి లాలి లాలి లాలమ్మ లాలీ,none,348,0,0,0,,missing,https://waytochurch.com/lyrics/song/561
562,santhosham naku santhosham,సంతోషం నాకు సంతోషం యేసు నాలో ఉంటే సంతోషం,none,368,0,1,0,,missing,https://waytochurch.com/lyrics/song/562
563,sharon roja yese,షారోను రోజా యేసే పరిపూర్ణ సుందరుడు,none,463,0,0,0,,in_library_exact,https://waytochurch.com/lyrics/song/563
564,sudhinam sarva janulaku,సుధినం సర్వ జనులకు సమధానం సర్వ జగతికి,none,460,0,0,0,,in_library_exact,https://waytochurch.com/lyrics/song/564
565,andala udyana vanama,అందాల ఉద్యన వనమా ఓ క్రెస్తవా సంఘామా,full,461,563,0,0,,in_library_exact,https://waytochurch.com/lyrics/song/565
566,ambaraniki antela,అంబరానికి అంటేలా సంబరాలతో చాటాల,full,321,370,3,3,Bro  AR Stevenson,in_library_exact,https://waytochurch.com/lyrics/song/566
567,athi thvaralo,అతి త్వరలో వచ్చుచున్నాడు యేసయ్య మేఘాసీనుడిగా,full,421,477,3,3,Bro Raj prakash paul,missing,https://waytochurch.com/lyrics/song/567
568,allaneredallo,అల్లనేరేడల్లో అల్లనేరేడల్లో,full,392,423,4,4,,in_library_exact,https://waytochurch.com/lyrics/song/568
569,aa jali premanu,ఆ జాలి ప్రేమను గమనింపకుందువా,full,520,589,2,2,Bro Raj prakash paul,missing,https://waytochurch.com/lyrics/song/569
570,agaka saguma,ఆగక సాగుమా సేవలో సేవకా,full,240,272,2,2,Bro Raj prakash paul,in_library_contained,https://waytochurch.com/lyrics/song/570
571,atmaparisuddatmuda,ఆత్మపరిశుద్దాత్ముడా నాలో నివసించుము,full,514,575,3,3,,missing,https://waytochurch.com/lyrics/song/571
572,anamda samvatsaram,ఆనంద సంవత్సరం ఆశీర్వద కాలం,none,416,0,3,0,Bro  Sean pachigalla,in_library_exact,https://waytochurch.com/lyrics/song/572
573,anamdame prabu,ఆనందమే ప్రభు యేసుని స్తుతించుట,full,346,389,3,3,Bro  Satish Kumar,missing,https://waytochurch.com/lyrics/song/573
574,aradhana sthuthi,ఆరాధన స్తుతి ఆరాధన,full,319,376,2,2,Bro  Samuel Karmoji,in_library_exact,https://waytochurch.com/lyrics/song/574
575,aradhana aradhana,ఆరాధనా ఆరాధనా,full,192,203,2,2,,in_library_exact,https://waytochurch.com/lyrics/song/575
576,Ikyaparachumayya ee vadhuvarulanu,ఐక్యపరచుమయ్యా ఈ వధూవరులను,full,440,529,3,3,Bro  AR Stevenson,missing,https://waytochurch.com/lyrics/song/576
577,andariki kaavaali,అందరికి కావాలి యేసయ్య రక్తము,full,490,586,3,3,,in_library_exact,https://waytochurch.com/lyrics/song/577
578,ammallaara o akkallaara,అమ్మల్లారా ఓ అక్కల్లారా,full,689,748,0,0,,in_library_exact,https://waytochurch.com/lyrics/song/578
579,aakaashamandunna,ఆకాశమందున్న ఆసీనుడా,full,315,389,0,3,,in_library_exact,https://waytochurch.com/lyrics/song/579
580,aalayamlo praveshinchandi,ఆలయంలో ప్రవేశించండి అందరూ,full,482,630,2,2,,in_library_exact,https://waytochurch.com/lyrics/song/580
581,bangaram kante,బంగారం కంటె ఎంతోష్టమైనది,full,237,273,0,2,,in_library_exact,https://waytochurch.com/lyrics/song/581
582,bangaram tandri,బంగారం తండ్రి నా యేసయ్యా,full,436,473,3,3,,missing,https://waytochurch.com/lyrics/song/582
583,brathikeda ni kosame,బ్రతికెద నీ కోసమే నా ధ్యానమే,full,513,574,2,2,Bro Raj prakash paul,missing,https://waytochurch.com/lyrics/song/583
584,barathadesa suvarta,భారతదేశ సువార్త సంఘమా భువిదివి సంగమమా,full,473,540,3,3,,in_library_exact,https://waytochurch.com/lyrics/song/584
585,barathadesama yesuke,భారతదేశమా యేసుకే,full,903,1076,3,3,,in_library_exact,https://waytochurch.com/lyrics/song/585
586,balaparachumu,బలపరచుము స్థిరపరచుము నా ప్రార్ధనకు బదులీయుమూ,full,370,428,2,2,,in_library_fuzzy,https://waytochurch.com/lyrics/song/586
587,bale bale mata,బలె బలె మాట బంగారు మాట బైబిల్ మాట యేసు మాట,full,123,142,2,2,,missing,https://waytochurch.com/lyrics/song/587
588,baibilu gramdham,బైబిలు గ్రంధం ద్వారబంధం పరలోక పరమపురికి,full,369,444,3,3,Bro  AR Stevenson,missing,https://waytochurch.com/lyrics/song/588
589,brathiki chastava,బ్రతికి చస్తావా చచ్చి బ్రతుకుతావా,full,649,722,2,2,Bro  PD Sundar Rao,missing,https://waytochurch.com/lyrics/song/589
590,bajiyintumu ninu jagadisa sri yesa ma rakshanakarta,భజియింతుము నిను జగదీశా శ్రీ యేసా మా రక్షణకర్త,full,295,351,2,2,,in_library_exact,https://waytochurch.com/lyrics/song/590
591,bayapadaku,భయపడకు భయపడకు నీ పయనం సాగించు,full,373,418,2,2,Bro  Akumarthi Daniel,missing,https://waytochurch.com/lyrics/song/591
592,bayamu chemdaku,భయము చెందకు భక్తుడా ఈ మాయలోక ఛాయాలు చూచినపుడు,full,574,644,3,3,,in_library_fuzzy,https://waytochurch.com/lyrics/song/592
593,chalu chalu,చాలు చాలు చాలు,full,189,200,2,2,,missing,https://waytochurch.com/lyrics/song/593
594,chalunayya chalunayya,చాలునయ్యా చాలునయ్యా,full,619,671,2,2,,in_library_exact,https://waytochurch.com/lyrics/song/594
595,chirudipamalle veligimdi lokam aa velugu korake vechimdi,చిరుదీపమల్లె వెలిగింది లోకం ఆ వెలుగు కొరకే వేచింది లోకం,full,280,320,2,2,,missing,https://waytochurch.com/lyrics/song/595
596,chalina devudavu yesu chalina devuda nivu,చాలిన దేవుడవు యేసు చాలిన దేవుడ నీవు,full,464,540,3,3,Bro  Akumarthi Daniel,missing,https://waytochurch.com/lyrics/song/596
597,chirunagavu momu,చిరునగవు మోము తోడా,full,369,468,2,2,Ashirvad Luke,missing,https://waytochurch.com/lyrics/song/597
598,chikati loyalo nenu padiyumdaga,చీకటి లోయలో నేను పడియుండగా,full,765,854,2,2,Bro  JK Christopher,in_library_exact,https://waytochurch.com/lyrics/song/598
599,chudalani undi yesuni cheralani,చూడాలని ఉంది యేసుని చేరాలని ఉంది,full,412,465,1,1,,missing,https://waytochurch.com/lyrics/song/599
600,chettu choosthe pachchagundi,చెట్టు చూస్తే పచ్చగుంది,full,835,1031,5,5,,in_library_exact,https://waytochurch.com/lyrics/song/600
601,dahamu gonnavaralara,దాహము గొన్నవారలారా దాహము తీర్చుకొనండి,full,395,444,3,3,,missing,https://waytochurch.com/lyrics/song/601
602,deyyama daivama deyyama daivama telusuko nestama,దెయ్యమా దైవమ తెలుసుకొ నేస్తమ,full,858,858,2,2,Bro  PD Sundar Rao,missing,https://waytochurch.com/lyrics/song/602
603,deva nikemittunu e dinuralanu asahayuralanu,దేవా నీకేమిత్తును ఈ దనురాలను అసహాయురాలను,full,300,320,2,2,Bro  John Wesley,missing,https://waytochurch.com/lyrics/song/603
604,devudamte nikishtama,దేవుడంటే నీకిష్టమా ఏ కష్టానికైన సిద్ధమా,full,761,848,2,2,,missing,https://waytochurch.com/lyrics/song/604
605,devuni yamdu nirikshana numchi,దేవుని యందు నిరీక్షణ నుంచి,full,600,668,7,7,,in_library_exact,https://waytochurch.com/lyrics/song/605
606,ఓ సద్భక్తులారా లోకరక్షకుండు,,full,570,638,4,4,,in_library_exact,https://waytochurch.com/lyrics/song/606
607,silent night holy night [Telugu],శుద్ధరాత్రి సద్ధణంగ నందఱు నిద్రప,full,363,391,3,3,,in_library_contained,https://waytochurch.com/lyrics/song/607
608,తేజో మహా ప్రకాశ ప్రధాత శతకోట,,full,327,374,3,3,,missing,https://waytochurch.com/lyrics/song/608
609,ఎంత మంచి దేవుడవయ్యా చింత లన,,full,357,392,3,3,,missing,https://waytochurch.com/lyrics/song/609
610,ఎంత ప్రేమ యేసయ్యా ద్రోహినైన నా కొరక,,full,570,644,2,2,,in_library_exact,https://waytochurch.com/lyrics/song/610
611,గురిలేని బ్రతుకిది దరిచేర్చవా నా ప్,,full,331,358,3,3,,missing,https://waytochurch.com/lyrics/song/611
612,హల్లెలుయ హొసన్నహొ జయజయ విజయమహొ,,full,455,533,2,2,,in_library_exact,https://waytochurch.com/lyrics/song/612
613,ఇదిగో దేవా నా జీవితం ఆపాద మస్తకం నీ,,full,606,690,3,3,,in_library_contained,https://waytochurch.com/lyrics/song/613
614,నిను చూడని క్షణము నీతో నుండని బ్రతు,,full,479,514,2,2,,in_library_contained,https://waytochurch.com/lyrics/song/614
615,ఆ ఆ ఆ ఆ ఆ,,full,541,579,2,2,,unusable-title,https://waytochurch.com/lyrics/song/615
616,చాలిన దేవుడవు యేసు చాలిన దేవుడ నీవు,,full,464,540,3,3,,missing,https://waytochurch.com/lyrics/song/616
617,చాలు చాలు చాలు నాకు యేసు చాలు చ,,full,189,200,2,2,,missing,https://waytochurch.com/lyrics/song/617
618,చాలునయ్యా చాలునయ్యా నీ క్రప నాక,,full,619,671,2,2,,missing,https://waytochurch.com/lyrics/song/618
619,చేయి పట్టుకో నా చేయి పట్టుకో జా,,full,270,308,2,2,,in_library_contained,https://waytochurch.com/lyrics/song/619
620,చీకటి లోయలో నేను పడియుండగా నేవే,,full,765,854,2,2,,in_library_contained,https://waytochurch.com/lyrics/song/620
621,చిరకాల స్నేహితుడా నా హ్రుదయాన సన్ని,,full,527,572,3,3,,missing,https://waytochurch.com/lyrics/song/621
622,చిరుదీపమల్లె వెలిగింది లోకం ఆ వెలుగ,,full,280,320,2,2,,missing,https://waytochurch.com/lyrics/song/622
623,చిరునగవు మోము తోడా భవ దివ్య భజన,,full,369,468,2,2,,missing,https://waytochurch.com/lyrics/song/623
624,చూడాలని ఉంది యేసుని చేరాలని ఉంది,,full,412,465,1,1,,missing,https://waytochurch.com/lyrics/song/624
625,దాహము గొన్నవారలారా దాహము తీర్చుకొనం,,full,395,444,3,3,,missing,https://waytochurch.com/lyrics/song/625
626,దైవనిర్ణయం ఈ పరిణయం రమణీయం అతిమ,,full,319,377,2,2,Dr A R Stevenson,missing,https://waytochurch.com/lyrics/song/626
627,దేవా నీ నామమ్ బలమైనది నీ నామమ్,,full,158,170,0,0,,in_library_fuzzy,https://waytochurch.com/lyrics/song/627
628,దేవా నీకేమిత్తును ఈ దనురాలను అసహాయు,,full,300,320,2,2,,missing,https://waytochurch.com/lyrics/song/628
629,దేవరనీ దీవెనలు ధారళముగను వీరలపై,,full,807,918,8,8,అల్లారి పెదవీరాస్వామి,in_library_exact,https://waytochurch.com/lyrics/song/629
630,దేవుడంటే నీకిష్టమా ఏ కష్టానికైన సిద,,full,761,848,2,2,,missing,https://waytochurch.com/lyrics/song/630
631,దేవుడే కనిపించి నీకేమి కావాలని అడిగ,,full,555,628,2,2,,missing,https://waytochurch.com/lyrics/song/631
632,దేవుడెవరు దేవుడెవరు దేవుడెవరని సం,,full,458,500,2,2,,missing,https://waytochurch.com/lyrics/song/632
633,దేవుడు మనకు ఎల్లప్పుడు తోడుగ నున్నా,,full,677,755,7,7,,in_library_contained,https://waytochurch.com/lyrics/song/633
634,దేవుడు మాపక్షమున ఉండగా మాకు విరోది,,full,487,558,2,2,,missing,https://waytochurch.com/lyrics/song/634
635,దేవుని ప్రేమలో కొనసాగుమా ఓ సోదరా ఓ,,full,391,442,2,2,,missing,https://waytochurch.com/lyrics/song/635
636,దేవుని సముఖ జీవ కవిలెలో నీ పేరున్నద,,full,668,751,5,5,,in_library_contained,https://waytochurch.com/lyrics/song/636
637,దేవుని సన్నిధిలో సంపూర్ణ సంతోషం,,full,445,496,2,2,,missing,https://waytochurch.com/lyrics/song/637
638,దేవుని వారసులం ప్రేమ నివాసులము,,full,469,553,3,3,,in_library_exact,https://waytochurch.com/lyrics/song/638
639,దేవుని యందు నిరీక్షణ నుంచి ఆయనన,,full,600,668,7,7,,in_library_contained,https://waytochurch.com/lyrics/song/639
640,దేవునికి స్తోత్రము గానము చేయుటయే మం,,full,672,745,8,8,,in_library_contained,https://waytochurch.com/lyrics/song/640
641,దెయ్యమా దైవమా తెలుసుకో నేస్తమా,,full,780,858,2,2,,missing,https://waytochurch.com/lyrics/song/641
642,ధన్యము ఎంతో ధన్యము యేసయ్యను కలిగిన,,full,477,529,5,5,,in_library_contained,https://waytochurch.com/lyrics/song/642
643,ధ్యానించుము దివారాత్రము దేవుని ధర్మ,,full,334,379,2,2,,missing,https://waytochurch.com/lyrics/song/643
644,దినదినంబు యేసుకు దగ్గరగా చేరుతా,,full,460,507,4,4,,in_library_exact,https://waytochurch.com/lyrics/song/644
645,ఈ పరిణయ శుభవేళ స్వాగతంనవ వరుడా,,full,440,518,2,2,Dr A R Stevenson,missing,https://waytochurch.com/lyrics/song/645
646,ఏ సాటి లేని యేసుని ప్రేమ ఎప్పుడైనా,,full,438,497,3,3,,missing,https://waytochurch.com/lyrics/song/646
647,ఈ తరం యువతరం ప్రభు యేసుకే అంకితం,,full,715,767,2,2,,in_library_exact,https://waytochurch.com/lyrics/song/647
648,ఎక్కడెక్కడో పుట్టి ఎక్కడెక్కడో పెరి,,full,437,483,3,3,,in_library_contained,https://waytochurch.com/lyrics/song/648
649,ఏమని పాడను ఏమని పొగడను నాదు దేవ,,full,365,399,2,2,,in_library_contained,https://waytochurch.com/lyrics/song/649
650,ఎండిన ఎడారి బ్రతుకులో నిండైన ఆశ,,full,444,505,3,3,,in_library_contained,https://waytochurch.com/lyrics/song/650
651,ఎందుకో నన్నింతగా నీవు ప్రేమించితివో,,full,506,549,4,4,,in_library_contained,https://waytochurch.com/lyrics/song/651
652,ఎన్నెలో ఎన్నెలా కన్నుల్లో ఎన్నెలా,,full,407,441,4,4,,missing,https://waytochurch.com/lyrics/song/652
653,ఎన్నిరోజులగునో యేసుని సువార్త అ,,full,281,309,0,0,,missing,https://waytochurch.com/lyrics/song/653
654,ఎంత ఆశ్చర్యకరుడో యన్నా ఎంచలేము మా య,,full,535,609,4,4,,missing,https://waytochurch.com/lyrics/song/654
655,ఎంత మధురము యేసుని ప్రేమ ఎంత మధు,,full,469,528,4,4,,in_library_contained,https://waytochurch.com/lyrics/song/655
656,ఎంత మధురము యేసువాక్యము నా జీవిత,,full,335,399,3,3,,in_library_contained,https://waytochurch.com/lyrics/song/656
657,ఎంతో సుందరుడమ్మతాను నేనెంతో ముర,,full,411,488,3,3,,in_library_contained,https://waytochurch.com/lyrics/song/657
658,ఎవరో తెలుసా యేసయ్యా చెబుతా నేడు,,full,373,431,3,3,,in_library_contained,https://waytochurch.com/lyrics/song/658
659,గమ్యం చేరాలని నీతో ఉండాలని పగలు రేయ,,full,661,720,2,2,,in_library_contained,https://waytochurch.com/lyrics/song/659
660,గర్భఫలము దేవుడిచ్చు బహుమానం కుమ,,full,562,637,2,2,,missing,https://waytochurch.com/lyrics/song/660
661,గిలాదులో గుగ్గిలము లేదా ఎక్కడా,,full,293,318,2,2,,missing,https://waytochurch.com/lyrics/song/661
662,గొప్ప దేవుడవని శక్తి సంపన్నుడని,,full,473,514,2,2,,in_library_exact,https://waytochurch.com/lyrics/song/662
663,గురియొద్దకే పరుగిడుచుంటిని క్రీస్తు,,full,631,698,3,3,,missing,https://waytochurch.com/lyrics/song/663
664,హే హే మనసంతా నిండే హే హే ఎంతో ఆనందం,,full,371,418,2,2,,in_library_exact,https://waytochurch.com/lyrics/song/664
665,ఇదే నా కోరిక నవజీవన రాగమాలిక,,full,272,316,3,3,,in_library_contained,https://waytochurch.com/lyrics/song/665
666,ఇది కోతకు సమయం పనివారి తరుణం ప్రార్,,full,313,352,3,3,,in_library_contained,https://waytochurch.com/lyrics/song/666
667,ఇంతటి ప్రేమను వింతగ చూపను ఎంతటివాడన,,full,274,324,2,2,,in_library_contained,https://waytochurch.com/lyrics/song/667
668,ఇంతలోనే కనబడి అంతలోనే మాయమయ్యే,,full,464,516,2,2,,in_library_exact,https://waytochurch.com/lyrics/song/668
669,జాగెల యువక రావేల త్వరగ నీరాక కో,,full,443,515,2,2,,missing,https://waytochurch.com/lyrics/song/669
670,జనించె నేడు దివ్య బాలుడు నిజంబు,,full,424,497,3,3,,missing,https://waytochurch.com/lyrics/song/670
671,జయ జయ యేసు జయ యేసు జయ జయ క్రీస్తు జ,,full,596,709,5,6,,in_library_contained,https://waytochurch.com/lyrics/song/671
672,జయ రాజు యేసు జండ క్రింద సేవకు వస్తి,,full,392,456,3,3,,missing,https://waytochurch.com/lyrics/song/672
673,జయహే జయహే జయహే జయహే జయ,,full,693,815,5,5,,missing,https://waytochurch.com/lyrics/song/673
674,జయహే జయహే క్రీస్తేసు ప్రభువుకే జయహే,,full,878,1046,4,4,,missing,https://waytochurch.com/lyrics/song/674
675,జయము నీదే జయము నీదే ఓ సేవకుడా సోద,,full,470,526,5,5,,in_library_prefix,https://waytochurch.com/lyrics/song/675
676,జయశీలుడా మా యేసయ్యా జీవించు వాడా మె,,full,523,551,3,3,,missing,https://waytochurch.com/lyrics/song/676
677,జీవనదిని నా హృదయములో ప్రవహింప చేయుమ,,full,215,250,4,4,,in_library_contained,https://waytochurch.com/lyrics/song/677
678,జీవిత యాత్రలో నాదు గురి నీవెగా నీకు,,full,454,487,2,2,,missing,https://waytochurch.com/lyrics/song/678
679,జీవితంలో నీలా ఉండాలని యేసు నాలో ఎంత,,full,374,416,2,2,,in_library_contained,https://waytochurch.com/lyrics/song/679
680,జీవితాంతమునే నీతో నడవాలని ఎన్నడ,,full,734,795,2,2,,in_library_contained,https://waytochurch.com/lyrics/song/680
681,జో జో లాలి బాల యేసు లాలి నన,,full,421,463,2,2,,missing,https://waytochurch.com/lyrics/song/681
682,జో లాలి జో మరియతనయుడా జో లాలి జ,,full,384,431,2,2,,missing,https://waytochurch.com/lyrics/song/682
683,జుంటె తేనె ధారలకన్న యేసు నామమే మధుర,,full,453,526,3,3,,in_library_exact,https://waytochurch.com/lyrics/song/683
684,జ్యోతిర్మయుడా నా ప్రాణ ప్రియుడా స్త,,full,385,422,3,3,,in_library_contained,https://waytochurch.com/lyrics/song/684
685,కడవరి దినములలో రావాలి ఉజ్జీవం య,,full,554,638,2,2,,missing,https://waytochurch.com/lyrics/song/685
686,కలలో ఆ రాత్రి మదిలో ఊహలలో తలపుల,,full,608,704,2,2,,missing,https://waytochurch.com/lyrics/song/686
687,కలవంటిది నీ జీవితము కడుస్వల్పకాలము,,full,480,540,2,2,,in_library_exact,https://waytochurch.com/lyrics/song/687
688,కల్వరి స్వరము నీ కొరకే సుమధుర స్వరమ,,full,697,784,3,3,,missing,https://waytochurch.com/lyrics/song/688
689,కల్వరిగిరిపై సిలువ భారము భరించితివా,,full,455,508,3,3,,missing,https://waytochurch.com/lyrics/song/689
690,కళ్యాణం కమనీయం ఈ సమయం అతి మధురం,,full,356,412,3,3,Dr A R Stevenson,in_library_exact,https://waytochurch.com/lyrics/song/690
691,కళ్యాణమే వైబోగం కమనీయ కాంతుల దీపం,,full,327,402,3,3,,missing,https://waytochurch.com/lyrics/song/691
692,కనలేని కనులేలనయ్యా వినలేని చెవులేలన,,full,576,650,4,5,,in_library_contained,https://waytochurch.com/lyrics/song/692
693,కనిపించదాయె కనుచూపులోన ఒక ఆశ నా,,full,292,325,2,2,,missing,https://waytochurch.com/lyrics/song/693
694,కన్నీటితో పాదలనె కడగన నా హృదయము,,full,310,387,2,2,,missing,https://waytochurch.com/lyrics/song/694
695,కన్నులుండి చూడలేవా యేసు మహిమను,,full,417,473,2,2,,in_library_exact,https://waytochurch.com/lyrics/song/695
696,కనుమూయక ముందే తెలుసుకో ఓ నిజాన్ని,,full,756,807,2,2,,missing,https://waytochurch.com/lyrics/song/696
697,కట్టెలపై నీ శరీరం కనిపించదు గంటకు మ,,full,459,488,2,2,,in_library_contained,https://waytochurch.com/lyrics/song/697
698,కీర్తనీయుడా నా షాలేము రాజా వధిం,,full,379,409,2,2,,missing,https://waytochurch.com/lyrics/song/698
699,కోటి కిరణముల కాంతిని మించిన శాంతివి,,full,328,364,2,2,,missing,https://waytochurch.com/lyrics/song/699
700,క్రీస్తు మహిమకే మా ప్రాణం మా జీవం మ,,full,512,573,2,2,,missing,https://waytochurch.com/lyrics/song/700
701,క్రీస్తు నేడు పుట్టెనె రక్షణ దొరికె,,full,447,481,2,2,,missing,https://waytochurch.com/lyrics/song/701
702,క్రీస్తు విరోధులపై సింహగర్జన క్,,full,550,604,2,2,,missing,https://waytochurch.com/lyrics/song/702
703,క్రొత్త యేడు మొదలు బెట్టెను మన బ్రత,,full,863,955,5,5,,in_library_contained,https://waytochurch.com/lyrics/song/703
704,మధురం అమరం నీ ప్రేమ యేసు అమృత ధార న,,full,572,627,2,2,,missing,https://waytochurch.com/lyrics/song/704
705,మధురం మధురం నా ప్రియ యేసునీ ప్,,full,403,475,0,0,,in_library_contained,https://waytochurch.com/lyrics/song/705
706,మధురమైనది నా యేసు ప్రేమ మరపురాన,,full,386,439,2,2,,in_library_contained,https://waytochurch.com/lyrics/song/706
707,మహిమ గల తండ్రి మంచి వ్యవసాయకుడు,,full,462,527,2,2,,in_library_exact,https://waytochurch.com/lyrics/song/707
708,మహిమ ప్రభునీకే ఘనత ప్రభు నీకే,,full,363,412,2,2,,in_library_fuzzy,https://waytochurch.com/lyrics/song/708
709,మహిమోన్నతుడు మహిమాన్వితుడు మరణం,,full,387,427,2,2,,missing,https://waytochurch.com/lyrics/song/709
710,మనసున్న మంచిదేవా నీ మనసును నాకిచ్చా,,full,519,608,3,3,,missing,https://waytochurch.com/lyrics/song/710
711,మానవుడా కారణజన్ముడా నీ జన్మకు కారణ,,full,472,529,2,2,,missing,https://waytochurch.com/lyrics/song/711
712,మనిషీ ఓ మనిషీ ఓ మనిషీ నీవెవరు య,,full,435,492,3,3,,missing,https://waytochurch.com/lyrics/song/712
713,మార్గం జీవం నీవే దేవా నిన్ను స్తుతి,,full,359,387,0,0,,in_library_contained,https://waytochurch.com/lyrics/song/713
714,మార్గం సత్యం జీవం క్రీస్తేసని చ,,full,359,396,0,0,,missing,https://waytochurch.com/lyrics/song/714
715,మరియ తనయుడట మనుజ రూపుడట మాన వాళ,,full,196,236,2,2,,in_library_contained,https://waytochurch.com/lyrics/song/715
716,మాటాడు నా ప్రభువా నాతో మాటాడు నా ప్,,full,292,330,2,2,,missing,https://waytochurch.com/lyrics/song/716
717,మట్టివిరా వట్టివిరా మన్నువురా మన్నవ,,full,698,723,6,6,,missing,https://waytochurch.com/lyrics/song/717
718,మాయలోకం మాయలోకం తెలుసుకో ఇది మాయలోక,,full,447,504,2,2,,missing,https://waytochurch.com/lyrics/song/718
719,మేడున్నా మిద్దున్నా పెద్ద గద్దెమీద,,full,352,385,3,3,,in_library_contained,https://waytochurch.com/lyrics/song/719
720,మెనే మెనే టెకేల్ ఉఫార్సీన్ మెనే మెన,,full,321,333,2,2,,missing,https://waytochurch.com/lyrics/song/720
721,నా ఆశ నీతో ఉండాలని నా ఆశ నీలా ఉ,,full,495,537,2,2,,missing,https://waytochurch.com/lyrics/song/721
722,నా దీపము యేసయ్యా నీవు వెలిగించినావు,,full,412,476,3,3,,in_library_exact,https://waytochurch.com/lyrics/song/722
723,నా హృదయము వింతగ మారెను యేసు,,full,293,314,4,4,,missing,https://waytochurch.com/lyrics/song/723
725,నా జీవిత యాత్రలో ప్రభువా నీ పాదమే శ,,full,324,380,3,3,,in_library_contained,https://waytochurch.com/lyrics/song/725
726,నా కనుల వెంబడి కన్నీరు రానీయకా న,,full,464,502,2,2,,in_library_contained,https://waytochurch.com/lyrics/song/726
727,నా కెంతో ఆనందం నీ సన్నిధి ప్రభువా,,full,309,345,2,2,,in_library_exact,https://waytochurch.com/lyrics/song/727
728,నా నీతి నీవే నా ఖ్యాతి నీవే నా దైవమ,,full,800,869,3,3,,in_library_contained,https://waytochurch.com/lyrics/song/728
729,నా నోటన్ క్రొత్త పాట నా యేసు ఇచ్చె,,partial,845,463,10,5,,in_library_contained,https://waytochurch.com/lyrics/song/729
730,నా పాదములకు దీపం నా త్రోవలకు వెలుగు,,full,355,401,2,2,,missing,https://waytochurch.com/lyrics/song/730
731,నా పేరే తెలియని ప్రజలు ఎందరో ఉన్నార,,full,407,446,2,2,,in_library_exact,https://waytochurch.com/lyrics/song/731
732,నా ప్రాణ ప్రియుడా నా యేసు ప్రభువా,,full,291,318,2,2,,missing,https://waytochurch.com/lyrics/song/732
733,నా ప్రాణం నా సర్వం అంతరంగమున సమస్తమ,,full,241,277,2,2,,missing,https://waytochurch.com/lyrics/song/733
734,నా ప్రాణానికి ప్రాణం నీవే యేసయ్యా,,full,606,658,2,2,,missing,https://waytochurch.com/lyrics/song/734
735,నా ప్రియ యేసు రాజా ఆదుకో నన్నెపుడు,,full,400,456,3,3,,missing,https://waytochurch.com/lyrics/song/735
736,నా ప్రియుడు నా స్నేహితుడు అతి మ,,full,414,455,3,3,,missing,https://waytochurch.com/lyrics/song/736
737,నా రాజా నా దేవా స్తొత్ర గీతం పాడెదన,,full,321,354,0,2,,missing,https://waytochurch.com/lyrics/song/737
738,నా వేదనలో వెదకితిని శ్రీయేసుని పాదా,,full,266,289,2,2,,missing,https://waytochurch.com/lyrics/song/738
739,నా యేసయ్యా నా రక్షకా నా నమ్మదగి,,full,331,344,2,2,,in_library_contained,https://waytochurch.com/lyrics/song/739
740,నా యేసు రాజు నాకై పుట్టిన రోజు,,full,394,400,2,2,,in_library_exact,https://waytochurch.com/lyrics/song/740
741,నా యేసుని సన్నిధిలోనే నా జీవితం అర్,,full,358,392,2,2,,missing,https://waytochurch.com/lyrics/song/741
742,నాది నాది అంటు వాదులాట నీకెందుకు,,full,571,627,3,3,,missing,https://waytochurch.com/lyrics/song/742
743,నడిపిస్తాడు నా దేవుడు శ్రమలోనైనా నన,,full,423,483,3,3,Dr AR Stevenson,in_library_contained,https://waytochurch.com/lyrics/song/743
744,నాదు జీవ మాయనే నా సమస్తము నా సర,,full,505,553,3,3,,in_library_contained,https://waytochurch.com/lyrics/song/744
745,నాదు జీవమాయనే నా సమస్తము నా సర్,,full,342,385,2,2,,in_library_contained,https://waytochurch.com/lyrics/song/745
746,నజరేయుడా నా యేసయ్యా ఎన్నియుగాలకైనా,,full,410,456,3,3,,in_library_exact,https://waytochurch.com/lyrics/song/746
747,నాకు జీవమైనయున్న నా జీవమా నాకు,,full,433,489,2,2,,missing,https://waytochurch.com/lyrics/song/747
748,నాలో నిన్ను చూడనీ నీతో బ్రతుకు సాగన,,full,318,356,2,2,,missing,https://waytochurch.com/lyrics/song/748
749,నాలోన అణువణువున నీవని నీలోన నన్,,full,513,592,3,3,,missing,https://waytochurch.com/lyrics/song/749
750,నాలోని ఆశా జ్యోతి నీవే నా ప్రభువా న,,full,283,326,2,2,,missing,https://waytochurch.com/lyrics/song/750
751,నమ్మవద్దు నమ్మవద్దు ఈ మాయలోకం నమ్మవ,,full,691,751,6,6,,missing,https://waytochurch.com/lyrics/song/751
752,నమ్మి నమ్మి మనుష్యులను నీవు నమ్మి న,,full,499,554,3,3,,missing,https://waytochurch.com/lyrics/song/752
753,నన్నాకర్షించిన నీ స్నేహబంధం ఆత్మీయ,,full,438,513,2,2,,in_library_contained,https://waytochurch.com/lyrics/song/753
754,నన్ను దిద్దుము చిన్న ప్రాయము సన్నుత,,full,529,589,5,5,,in_library_contained,https://waytochurch.com/lyrics/song/754
755,నన్ను విడిపించి నా నన్ను రక్షించినా,,full,362,389,2,2,,missing,https://waytochurch.com/lyrics/song/755
756,నను ప్రేమించిన యేసయ్యా నిన్ను నేను,,full,438,495,3,3,,missing,https://waytochurch.com/lyrics/song/756
757,నశియించు ఆత్మలెన్నియో చేజారిపోవుచుం,,full,374,410,2,2,,in_library_contained,https://waytochurch.com/lyrics/song/757
758,నాతో మాట్లాడు ప్రభువా నీవే మాట్లాడు,,full,257,278,3,3,,in_library_contained,https://waytochurch.com/lyrics/song/758
759,నాతో నీవు మాట్లడినచో నే బ్రతికెదను,,full,402,426,0,0,,in_library_fuzzy,https://waytochurch.com/lyrics/song/759
760,నావన్ని అంగీకరించుమీ దేవా నన్నెపుడు,,full,628,718,8,8,,missing,https://waytochurch.com/lyrics/song/760
761,నేడో రేపో యేసు రాకడ కాలం సమయం ఎ,,full,556,588,2,2,,missing,https://waytochurch.com/lyrics/song/761
762,నీలా లేరెవ్వరు నీకు సాటెవ్వరు మహా ద,,full,331,370,2,2,,missing,https://waytochurch.com/lyrics/song/762
763,నీవే నా ఆకర్షణ నీవే నా నిరీక్షణ నీవ,,full,395,459,2,2,,missing,https://waytochurch.com/lyrics/song/763
764,నీవు చేసిన ఉపకారములకు నేనేమి చెల్లి,,full,488,552,4,4,,in_library_contained,https://waytochurch.com/lyrics/song/764
765,నేనెందుకని నీ సొత్తుగా మారితిని,,full,505,564,3,3,,missing,https://waytochurch.com/lyrics/song/765
766,నేను వెళ్ళేమార్గము నాయేసుకే తెలియున,,full,408,449,3,3,,in_library_exact,https://waytochurch.com/lyrics/song/766
767,నెరవేరుగురుతు లవి యన్నియు పరిపూర్ణమ,,full,466,512,4,4,,missing,https://waytochurch.com/lyrics/song/767
768,నేసాగెద యేసునితో నా జీవిత కాలమంతా,,full,263,298,3,3,,in_library_exact,https://waytochurch.com/lyrics/song/768
769,నీ మధిలో నను తలచు ప్రభువా న,,full,370,424,3,3,,missing,https://waytochurch.com/lyrics/song/769
770,నీ ఆరాధన హృదయ ఆలాపనా ఆత్మతో సత్,,full,280,334,2,2,,missing,https://waytochurch.com/lyrics/song/770
771,నీ చేతితో నన్ను పట్టుకో నీ ఆత్మతో న,,full,367,395,3,3,,in_library_contained,https://waytochurch.com/lyrics/song/771
772,నీ దేవుడేడంచు నన్నడుగుచున్నారు,,full,607,683,4,4,,missing,https://waytochurch.com/lyrics/song/772
773,నీ జీవితములో గమ్యంబు ఏదో ఒకసారి యోచ,,full,484,547,4,4,,in_library_contained,https://waytochurch.com/lyrics/song/773
774,నీ కష్టాలన్నీ బాధలన్నీ శ్రమలన్నీ తీ,,full,368,395,2,2,,missing,https://waytochurch.com/lyrics/song/774
775,నీ కృప చాలును నీ ప్రేమ చాలును న,,full,488,536,2,2,,in_library_contained,https://waytochurch.com/lyrics/song/775
776,నీ మాటలతో నా బ్రతుకు బ్రతికిస్తావని,,full,392,437,0,0,,missing,https://waytochurch.com/lyrics/song/776
777,నీ ముఖము మనోహరము నీ స్వరము మాధుర్యమ,,full,452,530,3,3,,missing,https://waytochurch.com/lyrics/song/777
778,నీ నామము పరిశుద్ధబడిలో దిద్ది నేర్చ,,full,269,320,2,2,,missing,https://waytochurch.com/lyrics/song/778
779,నీ నామమునే కొనియాడెదను నీ సన్నిధిలో,,full,528,567,2,2,,missing,https://waytochurch.com/lyrics/song/779
780,నీ ప్రేమా నీ కరుణా చాలునయా నా,,full,510,557,3,3,,missing,https://waytochurch.com/lyrics/song/780
781,నీ ప్రేమయే నాకు చాలు నీతోడు నాకుంటే,,full,498,532,2,2,,missing,https://waytochurch.com/lyrics/song/781
782,నీ రాజ్యం శాశ్వాత రాజ్యం నీ పరిపాలన,,full,410,465,2,2,,missing,https://waytochurch.com/lyrics/song/782
783,నీ వాక్యమే నన్ను బ్రతికించెను భ,,full,491,555,3,3,,in_library_contained,https://waytochurch.com/lyrics/song/783
784,నీ వంటి వారు ఎవరు ఈ లోకంలో యేసయ్యా,,full,434,477,3,3,,missing,https://waytochurch.com/lyrics/song/784
785,నీ వుంటే చాలు నీ వుంటే చాలు నీ వుంట,,full,810,851,5,5,,missing,https://waytochurch.com/lyrics/song/785
786,నీధనము నీఘనము ప్రభు యేసుదే నీ ద,,full,597,696,5,5,,in_library_contained,https://waytochurch.com/lyrics/song/786
787,నిజమైన దేవుడు ఎన్నడు విడువడు చే,,full,377,431,3,3,,missing,https://waytochurch.com/lyrics/song/787
788,నీకన్నా లోకాన నా కెవరున్నారయ్యా,,full,337,352,4,4,,missing,https://waytochurch.com/lyrics/song/788
789,నిక్కమురా లోకము చెడ్డదిరా తక్షణమే మ,,full,552,612,2,2,,missing,https://waytochurch.com/lyrics/song/789
790,నీకున్న భారమంత ప్రభుపై నుంచు కలవర చ,,full,421,498,6,6,,missing,https://waytochurch.com/lyrics/song/790
791,నిండు మనసుతో నిన్ను ప్రేమింతును,,full,546,599,2,2,,missing,https://waytochurch.com/lyrics/song/791
792,నింగిలోని చందురుడా మందగాచే ఇందురుడా,,full,909,1014,3,3,,missing,https://waytochurch.com/lyrics/song/792
793,నిన్న నేడు రేపు మారని దేవుడు నీవు,,full,496,537,3,3,,in_library_lyric_line,https://waytochurch.com/lyrics/song/793
794,నిన్నే ప్రేమింతును నే వెనుతిరుగా,,full,564,1176,4,8,,missing,https://waytochurch.com/lyrics/song/794
795,నిన్నె వెదకెద నీకై బ్రదికెదా యే,,full,371,398,2,2,,missing,https://waytochurch.com/lyrics/song/795
796,నిన్ను చూడాలి నితో నడవాలి మాటలా,,full,354,414,2,2,,missing,https://waytochurch.com/lyrics/song/796
797,నిరంతరం నీతోనే జీవించాలనే ఆశ నన్నిల,,full,536,598,3,3,,in_library_contained,https://waytochurch.com/lyrics/song/797
798,నీతో సమమెవరు నీలా ప్రేమించేదెవరు,,full,650,723,3,3,,in_library_exact,https://waytochurch.com/lyrics/song/798
799,నీతి న్యాయములు ప్రేమించువాడు నా యేస,,full,332,362,3,3,,missing,https://waytochurch.com/lyrics/song/799
800,నీటి వాగుల కొరకు దుప్పి ఆశించునట్లు,,full,645,702,3,3,,in_library_exact,https://waytochurch.com/lyrics/song/800
801,నీటియూట యొద్ద నాటబడితిమి వేరుతన్ని,,full,353,391,3,3,,missing,https://waytochurch.com/lyrics/song/801
802,నీతోనే ఆనందం నీలోనే అతిశయం నీతోన,,full,450,496,2,2,,missing,https://waytochurch.com/lyrics/song/802
803,నీవే చాలయ్యా యేసు నీవే చాలయ్యా,,full,539,579,2,2,,missing,https://waytochurch.com/lyrics/song/803
804,నీవే నా దేవుడవు ఆరాధింతును నీవే,,full,295,330,2,2,,in_library_contained,https://waytochurch.com/lyrics/song/804
805,నీవే నన్నుకోరుకొన్నావు నీవే నన్ను చ,,full,455,482,2,2,,in_library_contained,https://waytochurch.com/lyrics/song/805
806,నీవుంటే నాకు చాలు యేసయ్యా నీవెం,,full,383,420,4,4,,in_library_contained,https://waytochurch.com/lyrics/song/806
807,ఓ హో హో ఓ ఓ ఓ ఓ ఓ ఓ,,full,430,477,2,2,,missing,https://waytochurch.com/lyrics/song/807
808,ఓ నేస్తమా ఈ శుభవార్త తెలియునా,,full,581,613,2,2,,missing,https://waytochurch.com/lyrics/song/808
809,ఓఓహో క్రైస్తవుడా ఓహోహో విశ్వాసి,,full,418,453,2,2,,missing,https://waytochurch.com/lyrics/song/809
810,ఓ పెండ్లి వరుడా ఓ పెండ్లి వధువా,,full,396,422,2,2,,missing,https://waytochurch.com/lyrics/song/810
811,ఓ ప్రభువా ఓ ప్రభువా నీవే నా మంచ,,full,353,392,3,3,,in_library_contained,https://waytochurch.com/lyrics/song/811
812,ఓ ప్రియ నావిక నా జీవితం నీ కంకితం,,full,289,311,2,2,,missing,https://waytochurch.com/lyrics/song/812
813,ఓ ప్రియ యువకా నమ్మకు నీ యౌవ్వనం,,full,419,461,3,3,,missing,https://waytochurch.com/lyrics/song/813
814,ఓ తల్లి కన్నను ఓ తండ్రి కన్నను,,full,587,615,2,2,,in_library_contained,https://waytochurch.com/lyrics/song/814
815,పాదములే చాలును పాపలోకములో నాకేమ,,full,228,267,3,3,,missing,https://waytochurch.com/lyrics/song/815
816,పాడెద నేనొక నూతన గీతం పాడెద మనసారా,,full,239,291,2,2,,missing,https://waytochurch.com/lyrics/song/816
817,పై నుండి దిగివచ్చె యెరుషలేమా నీ,,full,482,565,2,2,,missing,https://waytochurch.com/lyrics/song/817
818,పరదేశుల మో ప్రియులారా మన పుర మిదిగా,,full,586,677,10,10,,in_library_contained,https://waytochurch.com/lyrics/song/818
819,పరలోకమందున్న తండ్రీ పరిశుద్ధుడవ,,full,338,397,3,3,,in_library_contained,https://waytochurch.com/lyrics/song/819
820,పరమగీతం పాడనా ప్రభుని ప్రేమను ప,,full,391,420,2,2,,missing,https://waytochurch.com/lyrics/song/820
821,పరిశుద్ధ పరిశుద్ధ పరిశుద్ధ ప్రభువా,,full,313,367,4,4,,in_library_exact,https://waytochurch.com/lyrics/song/821
822,పోదాము పోదాము పయనమోదాము సువార్త,,full,288,318,3,3,,missing,https://waytochurch.com/lyrics/song/822
823,ప్రభు నామం నా ఆశ్రయమే ఆయనను స్తుతియ,,full,422,462,4,4,,missing,https://waytochurch.com/lyrics/song/823
824,ప్రభు సన్నిధిలో ఆనందమే ఉల్లాసమే అను,,full,352,392,2,2,,in_library_contained,https://waytochurch.com/lyrics/song/824
825,ప్రభుని స్తుతింప పరుగిడి రావా ప,,full,243,267,2,2,,missing,https://waytochurch.com/lyrics/song/825
826,ప్రభువా ఈ ఆనందం నాలో కలిగిన వైనం,,full,435,487,2,2,,in_library_exact,https://waytochurch.com/lyrics/song/826
827,ప్రభువా నీ కార్యములు ఆశ్చర్యకరమైనవి,,full,452,493,2,2,,in_library_exact,https://waytochurch.com/lyrics/song/827
828,ప్రాణేశ్వరా ప్రభు యేసునా జీవితమ,,full,210,231,2,2,,in_library_contained,https://waytochurch.com/lyrics/song/828
829,ప్రార్ధన వినెడి పావనుడా ప్రార్ధ,,full,449,512,4,4,,missing,https://waytochurch.com/lyrics/song/829
830,ప్రతి ఉదయం పాడేద నీ గానం నా దేవ,,full,181,201,2,2,,in_library_contained,https://waytochurch.com/lyrics/song/830
831,ప్రేమ ప్రేమ నా యేసుని ప్రేమ ప్ర,,full,889,1037,0,0,,missing,https://waytochurch.com/lyrics/song/831
832,ప్రేమ యేసుని ప్రేమ అది ఎవ్వరు కొలువ,,full,406,440,3,3,,in_library_contained,https://waytochurch.com/lyrics/song/832
833,ప్రేమలేని లోకమా ప్రేమ ఎరుగని జనమా,,full,354,375,2,2,,missing,https://waytochurch.com/lyrics/song/833
834,premapanche gunamenidani prana mich,ప్రేమపంచే గుణమెనీదని ప్రాణ మిచ్చిన,full,450,506,2,2,"Philip , Sharon, Music: Bro  J K Christopher",missing,https://waytochurch.com/lyrics/song/834
835,ప్రేమించావు నన్ను పోషించావు నాక,,full,359,405,2,2,,missing,https://waytochurch.com/lyrics/song/835
836,ప్రియ యేసురాజును నే చూచిన చాలు,,full,582,636,0,4,,in_library_exact,https://waytochurch.com/lyrics/song/836
837,పుడమి పులకించే నీ రాకతో ప్రభూ ప,,full,512,582,2,2,,in_library_contained,https://waytochurch.com/lyrics/song/837
838,పువ్వు కింత పరిమళమా ఒక రాజూకింత,,full,281,322,2,2,,in_library_contained,https://waytochurch.com/lyrics/song/838
839,రాజా నీ సన్నిధి లోనే దొరికెనే ఆనంద,,full,509,586,2,2,,in_library_contained,https://waytochurch.com/lyrics/song/839
840,రక్షకుండుదయించినాఁడఁటమనకొరకుఁబ,,full,569,642,5,5,,in_library_fuzzy,https://waytochurch.com/lyrics/song/840
841,రమ్మానుచున్నాడు నిన్ను ప్రభు యేసు,,full,442,505,4,4,,in_library_exact,https://waytochurch.com/lyrics/song/841
842,రండి రండి యేసు పిలిచెను ఆత్మరక్షణ్,,full,409,457,3,3,,missing,https://waytochurch.com/lyrics/song/842
843,రండి సువార్త సునాదముతో రంజిలు సిలువ,,full,563,643,4,5,,in_library_contained,https://waytochurch.com/lyrics/song/843
844,రండి యుత్సహించి పాడుదుము రక్షణ దుర్,,full,525,593,5,5,,missing,https://waytochurch.com/lyrics/song/844
845,రావయ్య యేసునాధా మా రక్షణ మార్గము,,full,332,377,4,4,,missing,https://waytochurch.com/lyrics/song/845
846,రోజంతా నీ పాద చెంత నేనుండ నా కో,,full,451,500,2,2,,in_library_contained,https://waytochurch.com/lyrics/song/846
847,రోషం కలిగిన క్రైస్తవుడా హద్దులే నీక,,full,394,430,3,3,,in_library_contained,https://waytochurch.com/lyrics/song/847
848,సదాకాలము నీతో నేను జీవించెదను యేసయ్,,full,297,313,2,2,,in_library_contained,https://waytochurch.com/lyrics/song/848
849,సాగెద నేను యేసునిలో శ్రమయైన కరువైనా,,full,339,394,2,2,,in_library_exact,https://waytochurch.com/lyrics/song/849
850,సాగేటి ఈ జీవ యాత్రలోరేగేటి పెను తుఫ,,full,436,479,2,2,,missing,https://waytochurch.com/lyrics/song/850
851,సాగిలపడి మ్రొక్కెదము సత్యముతో ఆత్మత,,full,702,770,6,7,,in_library_fuzzy,https://waytochurch.com/lyrics/song/851
852,సజీవ యాగముగ సర్వాంగ హొమముగా చేయ,,full,321,370,2,3,,in_library_contained,https://waytochurch.com/lyrics/song/852
853,సకల శాస్త్రాలను అధిగమించిన నీ వాక్య,,full,292,326,3,3,,missing,https://waytochurch.com/lyrics/song/853
854,సమానులెవరు ప్రభో నీ సమానులెవరు ప్రభ,,full,318,373,4,4,,in_library_exact,https://waytochurch.com/lyrics/song/854
855,సంకీర్తన నా స్తుతికీర్తన సంభాషన,,full,594,687,2,2,,in_library_contained,https://waytochurch.com/lyrics/song/855
856,సంపూర్ణమైన నీ క్రుప శాశ్వతమైనది నీ,,full,321,359,2,2,,missing,https://waytochurch.com/lyrics/song/856
858,సన్నుతింతు యేసు స్వామి నిన్ను అనుది,,full,373,421,0,0,,in_library_contained,https://waytochurch.com/lyrics/song/858
859,సర్వ క్రుపానిధీయగు ప్రభువా సకల చరాచ,,full,463,529,3,3,,missing,https://waytochurch.com/lyrics/song/859
860,సర్వ సృష్టికి రాజైన దేవా తేజోసంపన్న,,full,281,314,2,2,,in_library_contained,https://waytochurch.com/lyrics/song/860
861,సర్వ యుగములలో సజీవుడవుసరిపోల్చ,,full,518,591,3,3,Pastor John Wesley,in_library_contained,https://waytochurch.com/lyrics/song/861
862,సర్వచిత్తంబు నీదేనయ్యా స్వరూపమిచ్చు,,full,588,645,2,3,,in_library_contained,https://waytochurch.com/lyrics/song/862
863,శాశ్వతమైన ప్రేమకు పాత్రుని చేసి,,full,450,505,2,2,,missing,https://waytochurch.com/lyrics/song/863
864,సత్యమునకు మేం సాక్షులము క్రీస్తుకు,,full,526,570,2,2,,missing,https://waytochurch.com/lyrics/song/864
865,షారోను వనములో పూసిన పుష్పమై లోయ,,full,582,681,3,3,,missing,https://waytochurch.com/lyrics/song/865
866,సిలువ యోధులం సిలువ యోధులం క్రీస,,full,361,423,2,2,,missing,https://waytochurch.com/lyrics/song/866
867,సిలువచెంత చేరిననాడు కలుషములను కడిగి,,full,453,522,4,4,,in_library_contained,https://waytochurch.com/lyrics/song/867
868,సిలువలో ఆ సిలువలో ఆ ఘోర కల్వరిలో,,full,557,628,3,3,,in_library_exact,https://waytochurch.com/lyrics/song/868
869,సిలువలో నాకై శ్రమనొంది నీ ప్రేమ బాహ,,full,339,387,2,2,,in_library_contained,https://waytochurch.com/lyrics/song/869
870,సిలువను మోస్తు సాగుతాం విప్లవ జ్వాల,,full,402,420,2,2,,in_library_contained,https://waytochurch.com/lyrics/song/870
871,సిల్వలో నాకై కార్చెను యేసు రక్తము,,full,643,708,4,4,,in_library_exact,https://waytochurch.com/lyrics/song/871
872,సింహాసనాసీనుడా యూదా గోత్రపు సింహమా,,full,516,583,2,3,,missing,https://waytochurch.com/lyrics/song/872
873,శ్రీ యేసు నీదు నామమందు అర్పించిన మా,,full,497,575,3,3,,missing,https://waytochurch.com/lyrics/song/873
874,శ్రీకరుండ శ్రీయేసునాధా శ్రీమంతుడవు,,full,382,419,0,0,Pastor M jyothi Raj,in_library_contained,https://waytochurch.com/lyrics/song/874
875,సృష్టి కర్త యేసు దేవా సర్వ లోకం నీ,,full,444,500,2,2,,in_library_contained,https://waytochurch.com/lyrics/song/875
876,శృతిచేసి నే పాడనా స్తోత్రగీతం భ,,full,335,379,2,2,,in_library_contained,https://waytochurch.com/lyrics/song/876
877,స్తుతి పాత్రుడా స్తోత్రార్హుడా స్తు,,full,362,380,2,2,,in_library_contained,https://waytochurch.com/lyrics/song/877
878,స్తుతి ఆరాధన పరిశుద్దునకే జీవాధ,,full,229,258,0,0,,missing,https://waytochurch.com/lyrics/song/878
879,స్తుతి నైవేద్యం అందుకో యేసయ్యా,,full,353,372,2,2,,missing,https://waytochurch.com/lyrics/song/879
880,స్తుతి సింహాసనాసీనుడా యేసురాజా దివ్,,full,375,411,2,3,,in_library_contained,https://waytochurch.com/lyrics/song/880
881,స్తుతి స్తోత్రార్హుడా యేసురాజా,,full,381,411,3,3,,in_library_exact,https://waytochurch.com/lyrics/song/881
882,స్తుతికి పాత్రుడా స్తొత్రార్హుడా,,full,401,447,2,2,,missing,https://waytochurch.com/lyrics/song/882
883,స్తుతియు ఘనతయు మహిమ నిరతము యేసు,,full,548,603,2,2,,missing,https://waytochurch.com/lyrics/song/883
884,స్తుతులకు పాత్రుడు ఘనతకు అర్హుడు,,full,209,217,0,0,,in_library_exact,https://waytochurch.com/lyrics/song/884
885,శుద్ధ హృదయం కలుగ జేయుము నాల,,full,398,434,0,0,,in_library_contained,https://waytochurch.com/lyrics/song/885
886,సుదినం సర్వజనులకు సమాధానం సర్వ జగతి,,full,389,450,3,3,,in_library_contained,https://waytochurch.com/lyrics/song/886
887,సుగుణ శీలుడు సుందర రూపుడు యేసునాధుడ,,full,302,335,3,3,,in_library_exact,https://waytochurch.com/lyrics/song/887
888,తల్లి మరచిన మరువని దేవా తండ్రి విడచ,,full,424,475,2,2,,missing,https://waytochurch.com/lyrics/song/888
889,తల్లిలా లాలించును తండ్రిలా ప్రేమించ,,full,485,532,2,2,,in_library_contained,https://waytochurch.com/lyrics/song/889
890,తంబుర నాద స్వరములతోడ తగువిదిని,,full,391,459,3,3,,missing,https://waytochurch.com/lyrics/song/890
891,తండ్రి కుమార శుద్ధాత్ముడా త్రియేక ద,,full,214,224,0,0,,missing,https://waytochurch.com/lyrics/song/891
892,తండ్రి పరమ తండ్రి నీవే మా ప్రియ తండ,,full,340,397,2,2,,missing,https://waytochurch.com/lyrics/song/892
893,తరతరాలలో యుగయుగాలలో జగజగాలలో,,full,392,418,4,4,,in_library_exact,https://waytochurch.com/lyrics/song/893
894,తేజస్సంబంధులారా క్రీస్తుని ధరించుకొ,,full,593,638,3,3,,missing,https://waytochurch.com/lyrics/song/894
895,తేనెకన్న తీయనైనది నా యేసు ప్రేమ,,full,336,364,2,2,,in_library_contained,https://waytochurch.com/lyrics/song/895
896,తేనియకంటెను యేసుని నామం దివ్యమధురమౌ,,full,537,603,3,3,,missing,https://waytochurch.com/lyrics/song/896
897,తొలకరివాన దీవెనలు కురిపించు వాన,,full,389,447,2,2,,in_library_exact,https://waytochurch.com/lyrics/song/897
898,తుఫాను వీచిన వేళ అలజడి రేగిన వేళ,,full,371,403,2,2,,missing,https://waytochurch.com/lyrics/song/898
899,ఉదయించినాఁడు క్రీస్తుఁడు నేఁడు ఉదయి,,full,523,615,2,2,,missing,https://waytochurch.com/lyrics/song/899
900,ఊహకు అందని ప్రేమ నా యేసు ప్రేమా,,full,502,549,2,2,,missing,https://waytochurch.com/lyrics/song/900
901,ఉత్తముడని దేవుని రుచి చూచి యేసు,,full,465,526,3,3,,missing,https://waytochurch.com/lyrics/song/901
902,వందనం నీకే వందనం నీకే,,full,75,97,0,0,,in_library_contained,https://waytochurch.com/lyrics/song/902
903,వెంబడింతును నా యేసుని ఎల్లవేళలలో,,full,391,425,2,2,,in_library_exact,https://waytochurch.com/lyrics/song/903
904,వెండి బంగారాలకన్న మిన్న అయినది,,full,413,463,2,2,,in_library_exact,https://waytochurch.com/lyrics/song/904
905,విడువని దేవుడ నీవే మా మంచి యేసయ్యా,,full,486,535,0,2,,missing,https://waytochurch.com/lyrics/song/905
906,విలువైన ప్రేమలో వంచన లేదు కల్వరి ప్,,full,398,458,2,2,,in_library_contained,https://waytochurch.com/lyrics/song/906
907,విలువైనది ఈ జీవితం అన్ని వేళల ఆ,,full,493,577,0,0,,missing,https://waytochurch.com/lyrics/song/907
908,వినయవిధేయత భక్తి స్త్రీకి అలంకారం,,full,374,420,2,2,,missing,https://waytochurch.com/lyrics/song/908
909,వివాహమన్నది పవిత్రమైనదిఘనుడైన,,full,310,349,3,3,,in_library_contained,https://waytochurch.com/lyrics/song/909
910,యవ్వన క్రైస్తవ జనమా క్రీస్తుని ప్రే,,full,343,382,3,3,,missing,https://waytochurch.com/lyrics/song/910
911,యెహొవా కొరకు ఎదురుచూడు మనసా సిగ,,full,319,363,2,2,,in_library_contained,https://waytochurch.com/lyrics/song/911
912,యెహొవ నా మొర లాలి౦చెను దన మహా దయను,,full,658,735,0,0,,missing,https://waytochurch.com/lyrics/song/912
913,యెహొవా నీ నామము ఎంతో బలమైనది,,full,423,478,5,5,,in_library_exact,https://waytochurch.com/lyrics/song/913
914,యేసన్న స్వరమన్నా నీవెపుడైనా విన్నావ,,full,403,465,4,4,,in_library_fuzzy,https://waytochurch.com/lyrics/song/914
915,యేసయ్యా ప్రియమైన మా రక్షకా నీదు,,full,308,339,2,2,,in_library_contained,https://waytochurch.com/lyrics/song/915
916,యేసయ్య నను కొరుకున్న నిజస్నేహితుడా,,full,623,701,3,3,,missing,https://waytochurch.com/lyrics/song/916
917,యేసే సత్యం యేసే నిత్యం యేసే సర్వం జ,,full,332,364,2,2,,missing,https://waytochurch.com/lyrics/song/917
918,యేసు దేవుని ఆరాధికులం వెనుక చూడని స,,full,726,800,3,3,,missing,https://waytochurch.com/lyrics/song/918
919,యేసు క్రీస్తు జననము దేవ దేవుని బహుమ,,full,297,314,2,2,,in_library_contained,https://waytochurch.com/lyrics/song/919
920,యేసు నా సొంతం నేటికి ఏనాటికి,,full,126,127,0,0,,missing,https://waytochurch.com/lyrics/song/920
921,యేసూ నీ కృపలో నను రక్షించితివా నీ న,,full,343,386,2,2,,missing,https://waytochurch.com/lyrics/song/921
922,యేసు రక్తము ప్రభు యేసు రక్తము,,full,557,619,2,2,,in_library_exact,https://waytochurch.com/lyrics/song/922
923,యేసు సామి నీకు నేను నా సమస్త మిత్తు,,full,451,465,3,4,,missing,https://waytochurch.com/lyrics/song/923
924,యేసు వార్త చాటుదాం రమ్ము ఓ సోదరా,,full,585,631,2,2,,missing,https://waytochurch.com/lyrics/song/924
925,యేసుదేవా నను కొనిపోవా నీ రాజ్యముకై,,full,614,670,2,2,,in_library_contained,https://waytochurch.com/lyrics/song/925
926,యేసునాధా దేవా వందనాలు రాజా వందనాలు,,full,425,466,2,2,,missing,https://waytochurch.com/lyrics/song/926
927,yesunandhe rakshana manaku,యేసునందే రక్షణ మనకు హల్లెలూయ,full,545,492,6,6,,missing,https://waytochurch.com/lyrics/song/927
928,యేసుని నామము ఎంతో మధురము మధ,,full,452,497,2,2,,in_library_contained,https://waytochurch.com/lyrics/song/928
929,యేసుని రూపంలోనికి మారాలి యేసుని,,full,398,479,2,2,,in_library_contained,https://waytochurch.com/lyrics/song/929
930,యేసుని యేసుని మాటలు విందువా నీ,,full,452,500,2,2,,missing,https://waytochurch.com/lyrics/song/930
931,యోగ్యుడవో యోగ్యుడవో యేసు ప్రభో నీవే,,full,404,454,3,3,,missing,https://waytochurch.com/lyrics/song/931
932,యుద్ధ వీరుడా కదులుముందుకు పాలు తేనె,,full,732,825,3,3,,in_library_contained,https://waytochurch.com/lyrics/song/932
933,యుద్ధము యెహొవాదే రా,,full,277,325,3,3,,missing,https://waytochurch.com/lyrics/song/933
934,యుగముల పర్వంతము స్తొత్రములకర్హుడు,,full,301,334,3,3,,missing,https://waytochurch.com/lyrics/song/934
935,దేవునికి భయపడవా మానవా నీ దేవునికి భయ,,full,357,441,2,2,,in_library_contained,https://waytochurch.com/lyrics/song/935
936,dootha paata paadudi rakshakun sthuthinc,దూత పాట పాడుడి రక్షకున్ స్తుతించుడి,full,537,645,2,2,,in_library_exact,https://waytochurch.com/lyrics/song/936
937,em chesaanayyaa neekosam ee brathukunich,ఏం చేసానయ్యా నీకోసం ఈ బ్రతుకునిచ్చావని,full,630,773,3,3,,in_library_exact,https://waytochurch.com/lyrics/song/937
938,గీతం గీతం జయ జయ గీతం చేయి తట్టి పాడె,,full,443,564,4,4,,in_library_contained,https://waytochurch.com/lyrics/song/938
939,gorrepilla jeeva grandhamandu nee perunn,గొర్రెపిల్ల జీవ గ్రంథమందు నీ పేరున్నదా,full,455,542,3,3,,in_library_exact,https://waytochurch.com/lyrics/song/939
940,ఇయ్యాల ఇంట్ల రేపు మంట్ల ఏది నీది,,full,507,550,4,4,,in_library_contained,https://waytochurch.com/lyrics/song/940
941,jaagraththa bhakthulaaraa pilupide prabh,జాగ్రత్త భక్తులారా పిలుపిదే ప్రభు యేసు వ,full,605,755,5,5,,in_library_contained,https://waytochurch.com/lyrics/song/941
942,kallallo kanneerenduku gundello digulend,కళ్ళల్లో కన్నీరెందుకు గుండెల్లో దిగులెంద,full,435,541,2,2,,in_library_contained,https://waytochurch.com/lyrics/song/942
943,కల్వరిగిరిలోన సిల్వలో శ్రీయేసు పలు బ,,full,362,437,0,0,,in_library_contained,https://waytochurch.com/lyrics/song/943
944,కన్నీరే మనిషిని బాధిస్తుంది ఆ కన్నీర,,full,408,479,2,2,,in_library_contained,https://waytochurch.com/lyrics/song/944
945,kanneerelammaa karuninchu yesu ninnu vid,కన్నీరేలమ్మా కరుణించు యేసు నిన్ను విడువబ,full,510,630,2,2,,in_library_contained,https://waytochurch.com/lyrics/song/945
946,కన్నీటి లోయలలో నేనెంతో కృంగిననూ కన్న,,full,368,457,3,3,,in_library_contained,https://waytochurch.com/lyrics/song/946
947,క్రీస్తు పుట్టెను పశుల పాకలో పాపమంతయ,,full,451,583,2,2,,in_library_contained,https://waytochurch.com/lyrics/song/947
948,ఓ సద్భాక్తులారా లోక రక్షకుండు బెత్లే,,full,569,688,3,3,,in_library_contained,https://waytochurch.com/lyrics/song/948
949,ఒంటరివి కావు ఏనాడు నీవు నీ తోడు యేసు,,full,353,455,2,2,,in_library_contained,https://waytochurch.com/lyrics/song/949
950,సుధా మధుర కిరణాల అరుణోదయం కరుణామయుని,,full,599,757,2,2,,in_library_contained,https://waytochurch.com/lyrics/song/950
951,తోడు లేరని కుమిలిపోకు యేసే నీ తోడు ఉ,,full,277,322,2,2,,in_library_contained,https://waytochurch.com/lyrics/song/951
952,తుప్పు పట్టి పోవుటకంటే కరిగిపోత,,full,544,661,5,5,,in_library_contained,https://waytochurch.com/lyrics/song/952
953,యేసు మంచి దేవుడు ప్రేమగల దేవుడు యేసు,,full,361,439,2,2,,in_library_contained,https://waytochurch.com/lyrics/song/953
959,sarvakrupaanidhiagu prabhuvaa,సర్వ కృపానిధీయగు ప్రభువా సకల చరాచర స౦తోషమా,none,460,0,0,0,,in_library_fuzzy,https://waytochurch.com/lyrics/song/959
1070,Theeyani swaraalatho naa manase nindenu,తీయని స్వరాలతో నా మనసే నిండెను,full,525,645,0,0,A R Stevenson,in_library_exact,https://waytochurch.com/lyrics/song/1070
1619,nirathamu sthuthiyinchumu o manasaa,నిరతము స్తుతియించుము ఓ మనసా,full,572,693,0,0,,in_library_exact,https://waytochurch.com/lyrics/song/1619
1790,e thegulu neegudaaramu,ఏ తెగులూ నీ గుడారమున్ సమీపించదయ్య,none,469,0,3,0,,in_library_fuzzy,https://waytochurch.com/lyrics/song/1790
1791,aaraadhanalanduko,ఆరాధనలందుకో ఆరాధనలందుకో,none,711,0,3,0,,missing,https://waytochurch.com/lyrics/song/1791
2370,mukti dilaye eeshu naam,ముక్తి దిలాయె ఈషు నామ్,none,290,0,0,0,,missing,https://waytochurch.com/lyrics/song/2370
2371,neele aasmaan,నీలె ఆస్మాన్ కె పార్ జాయెంగె,none,315,0,0,0,,in_library_exact,https://waytochurch.com/lyrics/song/2371
2385,dhaatipovu vaadu kaadhu,దాటిపోవు వాడు కాదు యేసు దైవము,none,541,0,0,0,,in_library_exact,https://waytochurch.com/lyrics/song/2385
2386,jeevithanthamu nee neetho,జీవితాంతమూ నే నీతో నడవాలని,none,976,0,0,0,,in_library_exact,https://waytochurch.com/lyrics/song/2386
2387,nammi nammi,నమ్మి నమ్మి మనుషులను నీవు నమ్మీ నమ్మీ,none,874,0,0,0,,missing,https://waytochurch.com/lyrics/song/2387
2388,yesuni naamamulo,యేసుని నామములో మన బాధలు పోవును,full,1194,740,0,0,,in_library_exact,https://waytochurch.com/lyrics/song/2388
2389,naa jayamu koorina dheva,నా జయము కోరిన దేవా సైన్యములకధిపతి యెహోవా,none,631,0,0,0,,missing,https://waytochurch.com/lyrics/song/2389
2390,kula pichodini nenu,కుల పిచ్చోడ్ని నేను కళ్ళులేని కభోదిని,none,520,0,0,0,,in_library_exact,https://waytochurch.com/lyrics/song/2390
2391,thallikunnadhaa thandrikunnadhaa,తల్లికున్నదా తండ్రికున్నదా నీ ప్రేమ జాలి యేసయ్యా,none,709,0,0,0,,missing,https://waytochurch.com/lyrics/song/2391
2392,jeevana tholi sandya,జీవన తొలి సంధ్యా నీతోనే ఆరంభం,none,537,0,0,0,,in_library_exact,https://waytochurch.com/lyrics/song/2392
2393,nenante nee kendhuko,నేనంటే నీకెందుకో ఈ ప్రేమ నన్ను మరచిపోవెందుకో,none,622,0,0,0,,in_library_exact,https://waytochurch.com/lyrics/song/2393
2394,neevunte naaku chaalu,నీవుంటే నాకు చాలు యేసయ్యా నీవెంటే నేను ఉంటా యేసయ్యా,full,713,420,4,4,,in_library_fuzzy,https://waytochurch.com/lyrics/song/2394
2395,కొంతసేపు కనబడి అంతలోనే మాయమయ్యే,కొంతసేపు కనబడి అంతలోనే మాయమయ్యే,none,748,0,0,0,,in_library_exact,https://waytochurch.com/lyrics/song/2395
2400,priyudaa nee prema,ప్రియుడా నీ ప్రేమ – పాదముల్ చేరితి,none,574,0,4,0,,in_library_contained,https://waytochurch.com/lyrics/song/2400
2401,neevu chesina vupakaaramulaku,నీవుచేసిన ఉపకారములకు నేనేమి చేల్లింతును,none,446,0,0,0,,in_library_exact,https://waytochurch.com/lyrics/song/2401
2402,halleluah ani paadi,హల్లెలుయా యని పాడి స్తుతింపని రారే,none,619,0,0,0,,in_library_contained,https://waytochurch.com/lyrics/song/2402
2403,aaraadhanalandhuko,ఆరాధనాలందుకో ఆరాధనాలందుకో,none,645,0,0,0,,missing,https://waytochurch.com/lyrics/song/2403
2404,gaadandhakaaramulo nee nadachina,గాఢాంధ కారములో నే నడిచిన వేళలలో,none,566,0,0,0,,in_library_exact,https://waytochurch.com/lyrics/song/2404
2405,golgotha kondapina,గొల్గోత కొండపైన గాయాలు పొందితివి,none,268,0,2,0,,in_library_contained,https://waytochurch.com/lyrics/song/2405
2406,kalvary premanu thalanchinappudu,కల్వరి ప్రేమను తలంచినప్పుడు కలుగుచున్నది దుఃఖం,partial,449,568,3,0,,in_library_exact,https://waytochurch.com/lyrics/song/2406
2407,mahonathuda nee krupalone,మహోన్నతుడా నీ క్రుపలో నేను నివసించుట,none,327,0,0,0,,in_library_fuzzy,https://waytochurch.com/lyrics/song/2407
2408,nyayadhi pathiayina,న్యాయాధిపతిఐన దేవుడు నిను తీర్పు తీర్చేటి వేళలో,none,572,0,0,0,,in_library_fuzzy,https://waytochurch.com/lyrics/song/2408
2409,pampumu dheeva,పంపుము దేవా దీవెనలతో,none,321,0,0,0,,in_library_contained,https://waytochurch.com/lyrics/song/2409
2410,rammu rammu,రమ్ము రమ్ము పరిశుద్ధాత్మ,none,152,0,0,0,,missing,https://waytochurch.com/lyrics/song/2410
2411,siluvalo bhaliaina,సిలువలో బలియైన దేవుని గొర్రెపిల్ల,none,383,0,0,0,,in_library_fuzzy,https://waytochurch.com/lyrics/song/2411
2419,enaleni prema naaki,ఎనలేని ప్రేమ నాపైన చూపి,none,361,0,0,0,,in_library_exact,https://waytochurch.com/lyrics/song/2419
2420,dhavalavarnnudu rathavarnnudu,ధవళవర్ణుడా రత్నవర్ణుడా,none,532,0,3,0,,in_library_lyric_line,https://waytochurch.com/lyrics/song/2420
2421,kanugontini ninne o najareya,కనుగొంటిని నిన్నే ఓ నజరేయా,none,512,0,3,0,,in_library_contained,https://waytochurch.com/lyrics/song/2421
2422,edhenu thotalo,ఏదేను తోటలో ఆదాము హవ్వలు,none,826,0,0,0,,missing,https://waytochurch.com/lyrics/song/2422
2423,anantha gnani,అనంత జ్ఞాని నీకు అల్పుడను నాకు సహవాసమా,none,471,0,2,0,,in_library_exact,https://waytochurch.com/lyrics/song/2423
2424,aanandhinthunu neelo dheva,ఆనందింతును నీలో దేవ అనుదినం నిన్ను స్తుతించుచు,none,485,0,4,0,,in_library_fuzzy,https://waytochurch.com/lyrics/song/2424
2425,aarani prema idhi aarpajaalani,ఆరని ప్రేమ ఇది ఆర్పజాలని జ్వాల ఇది,none,761,0,3,0,,in_library_exact,https://waytochurch.com/lyrics/song/2425
2426,vudayamaye hrudhayama,ఉదయమాయే హృదయమా ప్రభు యేసుని ప్రార్తించవే,full,508,630,0,0,,in_library_fuzzy,https://waytochurch.com/lyrics/song/2426
2427,endhukayya yesaiah nannu,ఎందుకయ్యా యేసయ్య నన్ను ప్రేమించితివి,none,382,0,2,0,,missing,https://waytochurch.com/lyrics/song/2427
2428,eguruchunnadhi vijayapathaakam,ఎగురుచున్నది విజయపతాకం,none,594,0,3,0,,in_library_exact,https://waytochurch.com/lyrics/song/2428
2429,endhuko nannu neevu ennukunnavu,ఎందుకో నన్ను నీవు ఎన్నుకున్నావు,none,503,0,3,0,,in_library_exact,https://waytochurch.com/lyrics/song/2429
2430,entha krupaamayudavu yessaiah,ఎంత కృపామయుడవు యేసయ్య,partial,445,614,3,0,,in_library_exact,https://waytochurch.com/lyrics/song/2430
2431,o kristhavuda sinikuda,ఓ క్రైస్తవుడా సైనికుడా బలవంతుడా పరిశుద్ధుడా,none,869,0,8,0,,missing,https://waytochurch.com/lyrics/song/2431
2432,kontha sepu kanabadi anthalo,కొంత సేపు కనబడి అంతలోనే మాయమయ్యే,none,571,0,3,0,,in_library_exact,https://waytochurch.com/lyrics/song/2432
2433,krupa chetha pilachinappude,కృప చేత పిలిచినపుడే నేను నీ వాడనైతినయ్యా,none,300,0,0,0,,missing,https://waytochurch.com/lyrics/song/2433
2434,kaalamella maarinaa,కాలమెల్ల మారినా మారడు నా యేసు నాధుడు,none,709,0,3,0,,in_library_exact,https://waytochurch.com/lyrics/song/2434
2435,krupaamayuda nee lona,కృపామయుడా నీలోన నివసింపజేసినందున,none,434,0,4,0,,in_library_exact,https://waytochurch.com/lyrics/song/2435
2436,dhevuni sthuthiyinchudi ellapuddu,దేవుని స్తుతియించుడి ఎల్లప్పుడు దేవుని స్తుతియించుడి,none,820,0,9,0,,in_library_contained,https://waytochurch.com/lyrics/song/2436
2437,nee naamame naa gaanamu,నీ నామమే నా గానము నీవే నా ప్రాకారము,none,766,0,4,0,,missing,https://waytochurch.com/lyrics/song/2437
2438,ninnu batti,నిన్ను బట్టి బ్రతుకుతున్న నీరీక్షణతో జీవిస్తున్నా,none,645,0,3,0,,in_library_exact,https://waytochurch.com/lyrics/song/2438
2439,perupetti pilachinaadu,పేరుపెట్టి పిలిచినాడు నీ స్నేహితుడు,none,778,0,4,0,,missing,https://waytochurch.com/lyrics/song/2439
2440,paadedham halleluah,పాడేదం హల్లెలుయః క్రొత్త పాట పాడేదం,none,521,0,3,0,,missing,https://waytochurch.com/lyrics/song/2440
2441,mahima mahima mana,మహిమ మహిమ మన యేసు రాజు కే మహిమ,none,498,0,4,0,,missing,https://waytochurch.com/lyrics/song/2441
2442,shuba veela,శుభ వేళ స్తోత్రబలి,none,333,0,3,0,,in_library_exact,https://waytochurch.com/lyrics/song/2442
2443,raathi kundanu,రాతి కుండను నేను ఖాళియై యున్నాను,none,615,0,3,0,,in_library_contained,https://waytochurch.com/lyrics/song/2443
2444,aalochinchumu aalochimchu,ఆలోచించూ ఆలోచించు ఓ నా నేస్తం ఆలోచించు,none,672,0,2,0,,in_library_exact,https://waytochurch.com/lyrics/song/2444
2445,adhe adhe,అదే అదే ఆ రోజూ యేసయ్య ఉగ్రత రోజు,none,628,0,4,0,,in_library_exact,https://waytochurch.com/lyrics/song/2445
2446,parama jeevamu naaku nivva,పరమ జీవము నాకు నివ్వ తిరిగి లేచెను నాతోనుండా,none,455,0,2,0,,in_library_exact,https://waytochurch.com/lyrics/song/2446
2447,paramulo neethone vundaalani,పరములో నీతోనే ఉండాలనీ నను కోరి కొన్నావు,none,382,0,1,0,,in_library_exact,https://waytochurch.com/lyrics/song/2447
2448,nee vaaku vinipinchumayya,నీ వాక్కు వినిపించుమయ్యా నేత్రాలు తెరిపించుమయ్యా,none,443,0,2,0,,in_library_exact,https://waytochurch.com/lyrics/song/2448
2449,parishudha janamutho,పరిశుద్ధ జనముతో చేరి పరిశుద్ధ స్థలములో నిలచి,none,645,0,2,0,,missing,https://waytochurch.com/lyrics/song/2449
2450,ankitham,అంకితం ప్రభూ నా జీవితం నీ చరణాల సేవకే అంకితమయ్యా,none,463,0,2,0,,in_library_exact,https://waytochurch.com/lyrics/song/2450
2451,naa sneham,నా స్నేహం యేసుతోనే నా గమ్యం క్రీస్తులోనే,none,522,0,2,0,,in_library_exact,https://waytochurch.com/lyrics/song/2451
2453,hrudayaaranyamuloo nee,హృదయారణ్యములో నే కృంగిన సమయములో,none,732,0,5,0,,in_library_contained,https://waytochurch.com/lyrics/song/2453
2454,dhanaraasulunna bhavanaalu,ధనరాశులున్నా భవనాలు ఉన్నా మనలేవు ధరలోన ఓ మానవా,none,430,0,2,0,,missing,https://waytochurch.com/lyrics/song/2454
2455,ee tharam yuvatharam,ఈ తరం యువతరం ప్రభు యేసుకే అంకితము,none,826,0,2,0,,in_library_prefix,https://waytochurch.com/lyrics/song/2455
2456,naa sameepamai,నా సమీపమై యున్న నా దేవుడవేసయ్యా,none,417,0,1,0,,in_library_exact,https://waytochurch.com/lyrics/song/2456
2457,aadharinchina,ఆదరించిన యేసయ్యా ఆరాధనకు యోగ్యుడా,none,278,0,2,0,,in_library_exact,https://waytochurch.com/lyrics/song/2457
2458,jyothirmayudaa naa praana,జ్యోతిర్మయుడా నా ప్రాణ ప్రియుడా స్తుతి మహిమలు నీకే,none,430,0,3,0,,in_library_exact,https://waytochurch.com/lyrics/song/2458
2459,sathuva bhoomilo,సత్తువభూమిలో శ్రేష్టమైన ద్రాక్షతీగలను నాటించిన దేవుడు,none,704,0,2,0,,missing,https://waytochurch.com/lyrics/song/2459
2460,sthuthi cheyute kaadhu,స్తుతి చేయుటే కాదు ఆరాధన దేవుని పని చేయుటయే ఆరాధన,none,789,0,2,0,,missing,https://waytochurch.com/lyrics/song/2460
2461,dhevuni prema,దేవుని ప్రేమ దేవుని ప్రేమ శాశ్వతమైన ప్రేమ,none,369,0,2,0,,in_library_exact,https://waytochurch.com/lyrics/song/2461
2462,kalamulatho vrrayagalamaa,కలములతో వ్రాయగలమా కవితలతో వర్ణించగలమా,none,653,0,2,0,,in_library_fuzzy,https://waytochurch.com/lyrics/song/2462
2463,o dheva naa yaatharalona,ఓ దేవా నా యాత్రలోన నా తోడు నీవేనయా,none,368,0,2,0,,missing,https://waytochurch.com/lyrics/song/2463
2464,nigilo chandruduaa,నింగిలోని చందురుడా మంద కాచే ఇందురుడా,none,970,0,3,0,,in_library_exact,https://waytochurch.com/lyrics/song/2464
2465,kalvary prema prakatinchu,కల్వరి ప్రేమ ప్రకటించుచున్నది సర్వలోకానికి,none,826,0,2,0,,in_library_exact,https://waytochurch.com/lyrics/song/2465
2466,immanuyelu naa thodai,ఇమ్మానుయేలు నా తోడై యున్నాడు,none,351,0,2,0,,in_library_exact,https://waytochurch.com/lyrics/song/2466
2467,manovichaaramu kuudadhu,మనోవిచారము కూడదు నీకు మహిమ తలంపులే కావలెను,none,7258,0,65,0,,in_library_exact,https://waytochurch.com/lyrics/song/2467
2468,sthuthipaathrudaa sthothraarhudaa,స్తుతిపాత్రుడా స్తోత్రార్హుడా స్తుతులందుకో పూజార్హుడా,none,397,0,2,0,,in_library_exact,https://waytochurch.com/lyrics/song/2468
2469,nijamugaa morapettinaa,నిజముగా మొరపెట్టినా దేవుడాలకించకుండునా,none,468,0,2,0,,in_library_exact,https://waytochurch.com/lyrics/song/2469
2470,nee maat naa paata,నీ మాట నా పాటగా అనుక్షణం పాడనీ,none,856,0,3,0,,missing,https://waytochurch.com/lyrics/song/2470
2471,ninne ninne sthuthiyinthunu,నిన్నే నిన్నే స్తుతియింతున్ నిన్నే నిన్నే కీర్తింతున్,none,363,0,1,0,,in_library_exact,https://waytochurch.com/lyrics/song/2471
2472,nibandhanaa janulam,నిబంధనా జనులం నిరీక్షణా ధనులం,none,981,0,6,0,,in_library_exact,https://waytochurch.com/lyrics/song/2472
2473,anni kaalmbula nunna yehoavaa,అన్ని కాలంబుల నున్న యెహోవా ని,full,885,1091,3,3,బేళాళ జాన్,in_library_exact,https://waytochurch.com/lyrics/song/2473
2474,emtha praema yemtha praema yem,ఎంత ప్రేమ యెంత ప్రేమ యెంత ప్రే,full,402,534,4,4,,missing,https://waytochurch.com/lyrics/song/2474
2475,choochuchunnaamu nee vaipu maa,చూచుచున్నాము నీ వైపు మా ప్రియ,full,624,814,4,4,పులిపాక జగన్నాధము,in_library_contained,https://waytochurch.com/lyrics/song/2475
2476,dhaeva smsthuthi chaeyavae man,దేవ సంస్తుతి చేయవే మనసా శ్రీ మ,full,1574,2047,11,11,ముంగమూరి దేవదాసు,in_library_contained,https://waytochurch.com/lyrics/song/2476
2477,naa kaalagathu levvi naa chaet,నా కాలగతు లెవ్వి నా చేతులను లే,full,503,649,4,4,పులిపాక జగన్నాధము,missing,https://waytochurch.com/lyrics/song/2477
2478,naakaemi kodhuva naadhuaodumda,నాకేమి కొదువ నాధుఁడుండ నిఁక శ్,full,1225,1562,11,11,ముంగమూరి దేవదాసు,missing,https://waytochurch.com/lyrics/song/2478
2479,yehoavaa naa kaapari lae maemi,యెహోవా నా కాపరి లే మేమి గలుగదు,full,608,798,7,7,సరెళ్ల సమూయేలు సుబ్బయ్య,missing,https://waytochurch.com/lyrics/song/2479
2480,yehoavaa naa mora laalimchenu,యెహోవా నా మొఱ లాలించెను దన మహా,full,739,937,5,5,పురుషోత్తము చౌధరి,in_library_contained,https://waytochurch.com/lyrics/song/2480
2481,yehoavaa bhajana chaeymdi paap,యెహోవా భజన చేయండి పాప నరులారా,full,672,852,5,5,యేసుదాసు నర్సయ్య,missing,https://waytochurch.com/lyrics/song/2481
2482,koodikoni yunnaamu smgha prabh,కూడికొని యున్నాము సంఘ ప్రభో కూ,full,817,1036,5,5,పులిపాక జగన్నాధము,missing,https://waytochurch.com/lyrics/song/2482
2483,chooda goaredha dhaeva mmdhira,చూడ గోరెద దేవ మందిరావరణములను చ,full,771,1006,7,7,ఎం  జే రామాంజులు,missing,https://waytochurch.com/lyrics/song/2483
2484,gaanamuao jaeyuaodu sukeerthan,గానముఁ జేయుఁడు సుకీర్తనను యెహో,full,796,1020,6,6,విలియం డాసన్,missing,https://waytochurch.com/lyrics/song/2484
2485,parishudhdha parishudhdha pari,పరిశుద్ధ పరిశుద్ధ పరిశుద్ధ ప్ర,full,376,516,4,4,యెషయా వీరమార్టిన్,in_library_contained,https://waytochurch.com/lyrics/song/2485
2486,thrithvamai nithyathvamuna nae,త్రిత్వమై నిత్యత్వమున నేకత్వమగ,full,570,725,4,4,,missing,https://waytochurch.com/lyrics/song/2486
2487,vyoama simhaasanasthuaoda yurv,వ్యోమ సింహాసనస్థుఁడ యుర్వి పాద,full,548,714,5,5,మిక్కిలి సమూయేలు,missing,https://waytochurch.com/lyrics/song/2487
2488,etula neeku sthuthu lonarthumu,ఎటుల నీకు స్తుతు లొనర్తుము యెహ,full,915,1173,5,5,మాముడూరి సైమన్,missing,https://waytochurch.com/lyrics/song/2488
2489,bhoommdalamu dhaani smpoornath,భూమండలము దాని సంపూర్ణత యును లో,full,678,874,7,7,మల్లెల దావీదు,missing,https://waytochurch.com/lyrics/song/2489
2490,paraloakamuna numdu dhaeva nee,పరలోకమున నుండు దేవ నీ పదముల కొ,full,644,827,2,2,పురుషోత్తము చౌధరి,missing,https://waytochurch.com/lyrics/song/2490
2491,rmdi yuthsahimchi paadudhamu r,రండి యుత్సహించి పాడుదము రక్షణ,full,576,729,5,5,సమూయేలు పాక్యవాధము,missing,https://waytochurch.com/lyrics/song/2491
2492,kalugunugaaka dhaevuniki mahim,కలుగునుగాక దేవునికి మహిమ కలుగు,full,717,916,5,5,వీర్పుల మోషే,in_library_contained,https://waytochurch.com/lyrics/song/2492
2493,mahima sarvoannathamaina dhaiv,మహిమ సర్వోన్నతమైన దైవమునకి మ్మ,full,727,916,8,8,బేతాళ జాన్,missing,https://waytochurch.com/lyrics/song/2493
2494,paahiloaka prabhoa paahi loaka,పాహిలోక ప్రభో పాహి లోక ప్రభో,full,863,1092,11,11,బన్యన్ జోసఫ్,missing,https://waytochurch.com/lyrics/song/2494
2495,yaesu naayakuaoda yella vaelal,యేసు నాయకుఁడ యెల్ల వేళలను నీ ద,full,667,864,5,5,గొల్లపల్లి సతానియేలు,missing,https://waytochurch.com/lyrics/song/2495
2496,maa yaesu kreesthu neevae mahi,మా యేసు క్రీస్తు నీవే మహిమగల ర,full,1071,1314,11,11,సమూయేలు పాక్యనాధము,missing,https://waytochurch.com/lyrics/song/2496
2497,oa prabhumdaa nin nutheemchuchunnaamu vinayamuthoada,ఓ ప్రభుండా నిన్ నుతీంచుచున్నాము వినయముతోడ,full,1290,1586,11,11,మల్లెల దావీదు,missing,https://waytochurch.com/lyrics/song/2497
2498,dhahana bali neeku nanishtamu,దహన బలి నీకు ననిష్టము మరియు దై,full,345,444,2,2,మల్లెల దావీదు,missing,https://waytochurch.com/lyrics/song/2498
2499,yehoava gadhdhe mumdhata,యెహోవ గద్దె ముందట,full,347,426,4,4,ఐజక్ వాట్స్,missing,https://waytochurch.com/lyrics/song/2499
2500,sarvaeshaa rammu nee sannidhi kaamthi nosmgu maaku,సర్వేశా రమ్ము నీ సన్నిధి కాంతి నొసంగు మాకు,full,437,522,4,4,చార్లెస్ వెస్లీ,missing,https://waytochurch.com/lyrics/song/2500
2501,innaallu maaku saayamai yee mumdhukunu,ఇన్నాళ్లు మాకు సాయమై యీ ముందుకును,full,350,439,5,5,ఐజక్ వాట్స్,missing,https://waytochurch.com/lyrics/song/2501
2502,sarvaadhbhuthmbulan sarvathrao jaeyukarthan,సర్వాద్భుతంబులన్ సర్వత్రఁ జేయుకర్తన్,full,392,487,3,3,మార్టిన్ రిన్ కార్ట్,missing,https://waytochurch.com/lyrics/song/2502
2503,maakartha gatti dhurgamu nae nammu aayudhmbu,మాకర్త గట్టి దుర్గము నే నమ్ము ఆయుధంబు,full,612,755,4,4,మార్టిన్ లూథర్,missing,https://waytochurch.com/lyrics/song/2503
2504,krupagala dhaevuni sarvadhaa nuthimchuaodi,కృపగల దేవుని సర్వదా నుతించుఁడి,full,430,523,6,6,జాన్ మిల్టన్,missing,https://waytochurch.com/lyrics/song/2504
2505,nrupaa vimoachakaa prabhoo vaelaadhi noalla nee,నృపా విమోచకా ప్రభూ వేలాది నోళ్ల నీ,full,536,665,7,7,చార్ల్స్ వెస్లీ,missing,https://waytochurch.com/lyrics/song/2505
2506,dhaevaa dhivyaanmtha prabhaava,దేవా దివ్యానంత ప్రభావ మాంపాహి,full,804,1087,5,5,పురుషోత్తము చౌదరి,missing,https://waytochurch.com/lyrics/song/2506
2507,shudhdhi shudhdhi shudhdhi sarvashaktha prabhu,శుద్ధి శుద్ధి శుద్ధి సర్వశక్త ప్రభు,full,529,663,4,4,రెజినాల్డ్ హెబర్,missing,https://waytochurch.com/lyrics/song/2507
2508,maelukonarae mee manmbula mael,మేలుకొనరే మీ మనంబుల మేలిమిగ మీ,full,672,849,5,5,మిక్కిలి సమూయేలు,missing,https://waytochurch.com/lyrics/song/2508
2509,thellavaarina vaelao dheli vom,తెల్లవారిన వేళఁ దెలి వొంది మన,full,785,987,4,4,పురుషోత్తము చౌధరి,missing,https://waytochurch.com/lyrics/song/2509
2510,shree yaesu karthanu saevao ja,శ్రీ యేసు కర్తను సేవఁ జేయుటకు,full,912,1131,7,7,బేతాళ జాన్,missing,https://waytochurch.com/lyrics/song/2510
2511,sakala jagajjaala karthaa bhak,సకల జగజ్జాల కర్తా భక్త సంఘ హృద,full,615,826,4,4,విలియం డాసన్,missing,https://waytochurch.com/lyrics/song/2511
2512,vaeaodedha naadhagu vinathini,వేఁడెద నాదగు వినతిని గైకొనవే జ,full,599,796,5,5,విలియం డాసన్,missing,https://waytochurch.com/lyrics/song/2512
2513,prabhuvaa ninnaaraadhimpanu ja,ప్రభువా నిన్నారాధింపను జేరితిమ,full,769,1026,3,3,మొలతాటి విద్యానందము,missing,https://waytochurch.com/lyrics/song/2513
2514,laechi sthuthimpao boonuaodi l,లేచి స్తుతింపఁ బూనుఁడి లోకేశ్వ,full,664,871,4,4,,missing,https://waytochurch.com/lyrics/song/2514
2515,sthoathramu sthoathramu oa dha,స్తోత్రము స్తోత్రము ఓ దేవా ఈ వ,full,489,620,3,3,బన్యన్ జోసఫ్,missing,https://waytochurch.com/lyrics/song/2515
2516,vinavae naa vinathi nivaedhana,వినవే నా వినతి నివేదన దయ వెలయఁ,full,594,780,5,5,మిక్కిలి సమూయేలు,missing,https://waytochurch.com/lyrics/song/2516
2517,neethigala yehoavaa sthuthi me,నీతిగల యెహోవా స్తుతి మీయాత్మతో,full,716,913,6,6,పసుపులేటి దావీదు,missing,https://waytochurch.com/lyrics/song/2517
2518,dhaeva neeku sthoathramu ee ra,దేవ నీకు స్తోత్రము ఈ రాత్రిలో,full,416,527,3,3,మత్తయి సమూయేలు,missing,https://waytochurch.com/lyrics/song/2518
2519,dhinamu gathiyimchenu dhinanaa,దినము గతియించెను దిననాధుఁడ పరా,full,946,1223,8,8,దాసరి మోజెస్,missing,https://waytochurch.com/lyrics/song/2519
2520,aakaashmbu bhoomiyu amthata cheekati yaa,ఆకాశంబు భూమియు అంతట చీకటి యా,full,715,871,8,8,ఏ చార్లెస్ కిన్సింగర్,missing,https://waytochurch.com/lyrics/song/2520
2521,ee saaymkaalamuna yaesu prabho,ఈ సాయంకాలమున యేసు ప్రభో వేఁడెద,full,402,504,4,4,మల్లెల దావీదు,in_library_contained,https://waytochurch.com/lyrics/song/2521
2522,naa yaesoo aathma sooryuaodaa neev,నా యేసూ ఆత్మ సూర్యుఁడా నీవ,full,422,525,5,5,జాన్ కెబిల్,missing,https://waytochurch.com/lyrics/song/2522
2523,prodhdhu grumkuchunnadhi sadhdh,ప్రొద్దు గ్రుంకుచున్నది సద్ద,full,359,433,3,3,మేరీ లాల్ బరీ,missing,https://waytochurch.com/lyrics/song/2523
2524,raathriyayyena nnedaobaayaku dhaa,రాత్రియయ్యెన న్నెడఁబాయకు ధా,full,514,650,5,5,హెన్రీ ప్రాన్సిస్ లైట్,missing,https://waytochurch.com/lyrics/song/2524
2525,oa rakshkaa nee dhivya naamamu aik,ఓ రక్షకా నీ దివ్య నామము ఐక,full,314,391,3,3,జాన్ ఎల్లెర్ టన్,missing,https://waytochurch.com/lyrics/song/2525
2526,bheekarumdau maa yehoavaa peet,భీకరుండౌ మా యెహోవా పీఠ మెదుటం,full,586,721,5,5,,in_library_contained,https://waytochurch.com/lyrics/song/2526
2527,sannuthimthumoa prabhoa sadhamalamagu bh,సన్నుతింతుమో ప్రభో సదమలమగు భ,full,350,482,5,5,బొంతా సమూయేలు,in_library_contained,https://waytochurch.com/lyrics/song/2527
2528,sarva shakthuni sthoathragaana,సర్వ శక్తుని స్తోత్రగానము సల్ప,full,574,739,5,5,మిక్కిలి సముయేలు,in_library_contained,https://waytochurch.com/lyrics/song/2528
2529,prabalamuganae prasthuthimched,ప్రబలముగనే ప్రస్తుతించెద ప్రభు,full,517,678,5,5,చెట్టి భానుమూర్తి,missing,https://waytochurch.com/lyrics/song/2529
2530,maranamun jayimchi laechenu ma,మరణమున్ జయించి లేచెను మన ప్రభు,full,1268,1645,7,7,మురారి దావీదు,missing,https://waytochurch.com/lyrics/song/2530
2531,క్రీస్తు నేడు లేచెను ఆ ఆ ఆ హల,,full,818,1031,6,6,చార్లెస్ వెస్లీ,missing,https://waytochurch.com/lyrics/song/2531
2532,kreesthu prabhuni prathyakshth,క్రీస్తు ప్రభుని ప్రత్యక్షతలను,full,843,1048,6,6,మల్లెల దావీదు,missing,https://waytochurch.com/lyrics/song/2532
2533,idhigoa naa shishyulaaraa yeru,ఇదిగో నా శిష్యులారా యెఱుక లుంచ,full,601,748,6,6,పురుషోత్తము చౌధరి,missing,https://waytochurch.com/lyrics/song/2533
2534,rmdu vishvaasulaaraa rmdu vija,రండు విశ్వాసులారా రండు విజయము,full,704,845,4,4,ముంగమూరి దేవదాసు,missing,https://waytochurch.com/lyrics/song/2534
2535,sudhathulaara mee richchoata n,సుదతులార మీ రిచ్చోట నెవ్వరి వె,full,535,703,3,3,పురుషోత్తము చౌధరి,missing,https://waytochurch.com/lyrics/song/2535
2536,vijaymbu vijaymbu vijaymbu maa,విజయంబు విజయంబు విజయంబు మా యేస,full,729,906,4,4,జాన్ ఫ్రాన్సిస్ స్పెన్సర్,missing,https://waytochurch.com/lyrics/song/2536
2537,halelooya yani paaduaodee sama,హలెలూయ యని పాడుఁడీ సమాధిపై వెల,full,1556,2007,9,9,కడియం గాబ్రియేలు,missing,https://waytochurch.com/lyrics/song/2537
2538,yaesu laechenu aadhivaaramuna,యేసు లేచెను ఆదివారమున యేసు లేచ,full,502,650,6,6,బస్యన్ జోసఫ్,missing,https://waytochurch.com/lyrics/song/2538
2539,kreesthu laechenu hallelooya k,క్రీస్తు లేచెను హల్లెలూయ క్రీస,full,671,824,6,6,బి  సూర్య ప్రకాశరావు,in_library_contained,https://waytochurch.com/lyrics/song/2539
2540,yaesu punaruththaanamaayenu ch,యేసు పునరుత్థానమాయెను చావునొంద,full,666,834,3,3,మిక్కిలి నమూయేలు,missing,https://waytochurch.com/lyrics/song/2540
2541,యేసు సమాధిలో పరుండియుండి వాస,,full,312,381,3,3,రాబర్ట్ లౌరీ,missing,https://waytochurch.com/lyrics/song/2541
2542,parama prabhoa yaesurakshkaa d,పరమ ప్రభో యేసురక్షకా ధననరుల బ్,full,892,1177,5,5,బన్యన్ జోసఫ్,missing,https://waytochurch.com/lyrics/song/2542
2543,maeghmbupai nekki maeluga prab,మేఘంబుపై నెక్కి మేలుగ ప్రభు క్,full,631,792,3,3,తూలూరి ప్రకాశము,missing,https://waytochurch.com/lyrics/song/2543
2544,koalaahalamugao goorimithoaao,కోలాహలముగఁ గూరిమితోఁ గూడి కోలా,full,993,1329,7,7,మిక్కిలి నమూయేలు,missing,https://waytochurch.com/lyrics/song/2544
2545,raajaadhi raajaa raaraa raajul,రాజాధి రాజా రారా రాజులకు రాజువ,full,603,826,3,3,ఈ డి నిత్యానందము,in_library_contained,https://waytochurch.com/lyrics/song/2545
2546,naadu vachchinatlu gaadhu nae,నాడు వచ్చినట్లు గాదు నేఁడు వచ,full,612,760,6,6,పురుషోత్తము చౌధరి,missing,https://waytochurch.com/lyrics/song/2546
2547,mahimathoa mana yaesu ihamunak,మహిమతో మన యేసు ఇహమునకు వేంచేయు,full,403,534,4,4,గొల్లపల్లి నతానియేలు,missing,https://waytochurch.com/lyrics/song/2547
2548,ayyoa yidhi dhuhkhamu prabhu t,అయ్యో యిది దుఃఖము ప్రభు తీర్పు,full,949,1203,7,7,పురుషోత్తమ చౌధరి,missing,https://waytochurch.com/lyrics/song/2548
2549,oahoahoa maa yannalaaraa yudhy,ఓహోహో మా యన్నలారా యుద్యోగింపండ,full,963,1216,10,10,పురుషోత్తము చౌధరి,missing,https://waytochurch.com/lyrics/song/2549
2550,koapa dhinamu vachchunu paapul,కోప దినము వచ్చును పాపుల గుండె,full,725,931,5,5,,missing,https://waytochurch.com/lyrics/song/2550
2551,vachchunu kreesthu vachchunu b,వచ్చును క్రీస్తు వచ్చును భూలోక,full,710,921,5,5,రావూరి లక్ష్మయ్య,missing,https://waytochurch.com/lyrics/song/2551
2552,yaesu vachchedi vaelaaye soadh,యేసు వచ్చెడి వేళాయె సోదరులారా,full,713,947,5,5,చెదలవాడ తామస్,missing,https://waytochurch.com/lyrics/song/2552
2553,prabhu punaraagamareethi vinu,ప్రభు పునరాగమరీతి విను మో ప్రభ,full,588,769,3,3,,missing,https://waytochurch.com/lyrics/song/2553
2554,parishudhdhaathma nithyaathma,పరిశుద్ధాత్మ నిత్యాత్మ పరమ పావ,full,500,630,5,5,బేతాళ జాన్,missing,https://waytochurch.com/lyrics/song/2554
2555,parishudhdhaathmuaoda prabhuva,పరిశుద్ధాత్ముఁడ ప్రభువ వరదా,full,1000,1312,6,6,దాసరి మోజెస్,missing,https://waytochurch.com/lyrics/song/2555
2556,parishudhdhaathma prabhuni var,పరిశుద్ధాత్మ ప్రభుని వరదివ్యశక,full,862,1124,3,3,నురగాల తిమోతీ జ్ఞానానందము,missing,https://waytochurch.com/lyrics/song/2556
2557,parishudhdhaathmaa paavuramaa,పరిశుద్ధాత్మా పావురమా నీ దాసుల,full,710,950,5,5,వి డి  జాన్ సుందరరావు,missing,https://waytochurch.com/lyrics/song/2557
2558,rammu parishudhdhaathma dhaevu,రమ్ము పరిశుద్ధాత్మ దేవుఁడా మమ్,full,1249,1594,7,7,దాసరి మోజెస్,missing,https://waytochurch.com/lyrics/song/2558
2559,parishudhdhaathmuniao bomdhumu,పరిశుద్ధాత్మునిఁ బొందుము ప్రభు,full,804,1026,5,5,మండపాక కేశవరాయశర్మ,missing,https://waytochurch.com/lyrics/song/2559
2560,vinarae yapoasthalula kaaryamu,వినరే యపోస్తలుల కార్యముల్ క్రై,full,792,1013,5,5,పురుషోత్తము చౌదరి,missing,https://waytochurch.com/lyrics/song/2560
2561,dhaivaathmaa dhigumu dhaasula,దైవాత్మా దిగుము దాసుల పైని నీ,full,535,685,3,3,మామిళ్ల యెషయా,missing,https://waytochurch.com/lyrics/song/2561
2562,aathmaa nadupu sa thyamu loani,ఆత్మా నడుపు స త్యము లోని కిపుడ,full,493,627,5,5,తూలూరి కొర్నేలియస్,missing,https://waytochurch.com/lyrics/song/2562
2563,శ్రీ యేసు స్వామి తిరిగి మోక్ష,,full,263,334,4,4,హేరియట్ ఆబర్,missing,https://waytochurch.com/lyrics/song/2563
2564,దివ్య పావనాత్మ నీ యీవు లన్ని,,full,419,528,6,6,క్రిస్టఫర్ వర్డ్స్ వర్త్,missing,https://waytochurch.com/lyrics/song/2564
2565,దైవాత్మ పరిశుద్ధుడా ధారాళ ప్ర,,full,289,355,4,4,ఐజక్ వాట్స్,missing,https://waytochurch.com/lyrics/song/2565
2566,parishudhdhaathmanu goarumu je,పరిశుద్ధాత్మను గోరుము జీవము యే,full,849,1110,5,5,బేతాళ జాన్,missing,https://waytochurch.com/lyrics/song/2566
2567,parishudhdhaathmuaoda dhaeva,పరిశుద్ధాత్ముఁడ దేవ ప్రభువా న,full,825,1058,5,5,కడియం గాబ్రియేలు,missing,https://waytochurch.com/lyrics/song/2567
2568,rammu rammu parishudhdhaathmaa,రమ్ము రమ్ము పరిశుద్ధాత్మా రమ్మ,full,740,899,8,8,మేడికాయల సాధువు,missing,https://waytochurch.com/lyrics/song/2568
2569,dhaevuao dichchina dhivyavaaky,దేవుఁ డిచ్చిన దివ్యవాక్య మి దే,full,1061,1346,8,8,పురుషోత్తము చౌదరి,missing,https://waytochurch.com/lyrics/song/2569
2570,dhaevuni grmdhamu dhinadhinamu,దేవుని గ్రంధము దినదినము చదువుమ,full,482,627,6,6,,missing,https://waytochurch.com/lyrics/song/2570
2571,prabhuvaa pmpumaa nee shubhava,ప్రభువా పంపుమా నీ శుభవర్షము ని,full,382,473,3,3,ఆల్ఫ్రెడ్ త్యాగరాజు పామర్,missing,https://waytochurch.com/lyrics/song/2571
2572,sukha michchegadha maaku prabh,సుఖ మిచ్చెగద మాకు ప్రభుయేసువా,full,501,646,2,2,పురుషోత్తము చౌదరి,missing,https://waytochurch.com/lyrics/song/2572
2573,mammuao praemao joochi dhaevua,మమ్ముఁ ప్రేమఁ జూచి దేవుఁడు మకు,full,465,590,4,4,జేకబ్ చేంబర్లేన్,missing,https://waytochurch.com/lyrics/song/2573
2574,shree vinoadha dhaayakmbu dhae,శ్రీ వినోద దాయకంబు దేవుని వాక్,full,880,1122,7,7,గున్నాబత్తుల సమూయేలు,missing,https://waytochurch.com/lyrics/song/2574
2575,yehoava puri punaadhi yila mah,యెహోవ పురి పునాది యిల మహా స్థి,full,604,751,5,5,నరెళ్ల నమూయేలు సుబ్బయ్య,missing,https://waytochurch.com/lyrics/song/2575
2576,yaesu dhaehamu smghamu prabhu,యేసు దేహము సంఘము ప్రభు క్రీస్త,full,788,1018,4,4,పట్టాభి ప్రసంగి,missing,https://waytochurch.com/lyrics/song/2576
2577,ella soadharu laikyatha vasiyi,ఎల్ల సోదరు లైక్యత వసియించుట యె,full,377,472,4,4,మల్లెల దావీదు,missing,https://waytochurch.com/lyrics/song/2577
2578,samakoorchumu thmdri kraisthav,సమకూర్చుము తండ్రి క్రైస్తవ సభల,full,339,431,2,2,సరెళ్ల సమూయేలు సుబ్బయ్య,missing,https://waytochurch.com/lyrics/song/2578
2579,prabhukreesthu yaesu praemimch,ప్రభుక్రీస్తు యేసు ప్రేమించె స,full,784,1016,6,6,ఎం ఎల్  మోజెస్,missing,https://waytochurch.com/lyrics/song/2579
2580,smgha shirasai velayu prabhuva,సంఘ శిరసై వెలయు ప్రభువా సత్యకృ,full,622,817,5,5,చెట్టి భానుమూర్తి,missing,https://waytochurch.com/lyrics/song/2580
2581,ఈ సంఘం పునాది క్రీస్తే సాధీశు,,full,558,678,4,4,సామ్యూల్ జాన్ స్థాన్,missing,https://waytochurch.com/lyrics/song/2581
2582,దేవుని సీయోన్ పురమా శ్రేష్టమ,,full,452,575,3,3,జాన్ న్యూటన్,missing,https://waytochurch.com/lyrics/song/2582
2583,ghana yehoavaa nee gudaarm bun,ఘన యెహోవా నీ గుడారం బున నతిథియ,full,613,799,5,5,మల్లెల దావీదు,missing,https://waytochurch.com/lyrics/song/2583
2584,emthoa sumdharamainavi dhara g,ఎంతో సుందరమైనవి ధర గిరులపై నెం,full,914,1184,4,4,మేడికాయల సాధువు,missing,https://waytochurch.com/lyrics/song/2584
2585,parishudhdhaathmuaoda lemmu n,పరిశుద్ధాత్ముఁడ లెమ్ము నీ సంఘ,full,1064,1332,7,7,కడియం గాబ్రియేలు,missing,https://waytochurch.com/lyrics/song/2585
2586,aduguchunnaa moa dhaeva kadu d,అడుగుచున్నా మో దేవ కడు దయను గా,full,998,1256,8,8,విలియం బెర్రి,missing,https://waytochurch.com/lyrics/song/2586
2587,dheevenala nidu dhaevaa needhu,దీవెనల నిడు దేవా నీదు సేవకై వె,full,714,930,4,4,పంతగాని పరదేశి,missing,https://waytochurch.com/lyrics/song/2587
2588,vinarae narulaaraa manamula va,వినరే నరులారా మనముల వేడుకలను మ,full,769,989,7,7,పురుషోత్తము చౌదరి,missing,https://waytochurch.com/lyrics/song/2588
2589,dhaevaa shishuvula dhechchith,దేవా శిశువుల దెచ్చితిమి నీవు,full,568,731,4,4,పులిపాక జగన్నాదము,missing,https://waytochurch.com/lyrics/song/2589
2590,yae sosmge goppa yaajnynu than,యే సొసంగె గొప్ప యాజ్ఞను తన శిష,full,659,813,4,4,పులిపాక జగన్నాధము,missing,https://waytochurch.com/lyrics/song/2590
2591,aacharimchuchununnaamu aa chmd,ఆచరించుచునున్నాము ఆ చందము మేము,full,806,1047,4,4,విలియం డాకన్,missing,https://waytochurch.com/lyrics/song/2591
2592,rmdi rmdi suvaarthaboadha vina,రండి రండి సువార్తబోధ విన రారోజ,full,942,1187,5,5,,missing,https://waytochurch.com/lyrics/song/2592
2593,manasa yaathma thaejarilluma,మనస యాత్మ తేజరిల్లుమా యలంకరి,full,780,1009,4,4,రావూరి దావీదు,missing,https://waytochurch.com/lyrics/song/2593
2594,శ్రీ రాజిల్లుచు యేసు క్రీస్తు,,full,675,856,5,5,జాన్ చౌదరి,missing,https://waytochurch.com/lyrics/song/2594
2595,గ్రీన్లాండ్ దేశస్థులును ఇండియ,,full,523,644,4,4,రెజినాల్డ్ హెబర్,missing,https://waytochurch.com/lyrics/song/2595
2596,శ్రీయేసు రాజ్య ముండును సూర్యు,,full,539,642,6,6,ఐజక్ వాట్స్,missing,https://waytochurch.com/lyrics/song/2596
2597,శుభవార్త వింటిమి యేసు రక్షించ,,full,406,494,3,3,ప్రిసిల్లా జేన్ ఓవెన్స్,missing,https://waytochurch.com/lyrics/song/2597
2598,oa dhayaanilayaa prabhuvaa m,ఓ దయానిలయా ప్రభువా మా కున్న,full,541,720,4,4,మొలతాటి విద్యానందము,missing,https://waytochurch.com/lyrics/song/2598
2599,jeevaahaaramu rammu chirajeeva,జీవాహారము రమ్ము చిరజీవాన్నము న,full,638,845,4,4,ఏ  బి  మాసిలామణి,missing,https://waytochurch.com/lyrics/song/2599
2600,dhaevaa dheevimchu mippudu dhe,దేవా దీవించు మిప్పుడు దీన జనాళ,full,864,1115,5,5,మురారి దావీదు,missing,https://waytochurch.com/lyrics/song/2600
2601,chaeri bhujiyimpudeevimdhu yae,చేరి భుజియింపుడీవిందు యేసు సిద,full,863,1144,5,5,వి  డి  జాన్ సుందరరావు,missing,https://waytochurch.com/lyrics/song/2601
2602,maanavuaodavai sakala narula m,మానవుఁడవై సకల నరుల మానక నా దోష,full,1236,1566,11,11,మార్తాండ జ్ఞానప్రకాశము,in_library_contained,https://waytochurch.com/lyrics/song/2602
2603,mana yaesu maranasmaa ranavimd,మన యేసు మరణస్మా రణవిందులోఁబాలు,full,1043,1388,6,6,దాసరి మోజెస్,missing,https://waytochurch.com/lyrics/song/2603
2604,sthoathraarpana narpimthamu ja,స్తోత్రార్పణ నర్పింతము జప ధూపమ,full,645,817,5,5,సమూయేలు పాక్యనాథము,missing,https://waytochurch.com/lyrics/song/2604
2605,యేసూ నిన్ జూతు నిందుఁ దేటగా,,full,558,703,5,5,హోరేషియన్ బోనర్,missing,https://waytochurch.com/lyrics/song/2605
2606,iaoka naemi gathi yunnadhi maa,ఇఁక నేమి గతి యున్నది మానవులారా,full,438,553,2,2,పురుషోత్తము చౌదరి,missing,https://waytochurch.com/lyrics/song/2606
2607,rmdi yaesuni yodhdhakuao priyu,రండి యేసుని యొద్దకుఁ ప్రియులార,full,508,630,3,3,పులిపాక జగన్నాధము,missing,https://waytochurch.com/lyrics/song/2607
2608,yaesu naatha kathaa sudhaa ras,యేసు నాథ కథా సుధా రస మిదిగో పా,full,800,1054,7,7,పురుషోత్తము చౌదరి,missing,https://waytochurch.com/lyrics/song/2608
2609,raare yaesuni joothamu koarika,రారె యేసుని జూతము కోరిక దీర రా,full,977,1283,4,4,బేతాళ జాన్,missing,https://waytochurch.com/lyrics/song/2609
2610,raaroa janulaaraa vaegamuao go,రారో జనులారా వేగముఁ గూడి రారో,full,747,971,5,5,పురుషోత్తము చౌదరి,missing,https://waytochurch.com/lyrics/song/2610
2611,yaesuni sucharitha memtha pona,యేసుని సుచరిత మెంత పొనరినది యె,full,709,924,5,5,,missing,https://waytochurch.com/lyrics/song/2611
2612,poayeaoga poayeaoga kaalamu ve,పోయెఁగ పోయెఁగ కాలము వెళ్లి పోయ,full,564,712,6,6,పురుషోత్తము చౌదరి,missing,https://waytochurch.com/lyrics/song/2612
2613,vinarae yaesukreesthu boadha m,వినరే యేసుక్రీస్తు బోధ మదిని గ,full,521,658,5,5,పులిపాక జగన్నాధము,missing,https://waytochurch.com/lyrics/song/2613
2614,rmdi maanavulaaraa rakshkunina,రండి మానవులారా రక్షకునిన మ్మండ,full,766,955,4,4,జి జాన్ తాతయ్య,missing,https://waytochurch.com/lyrics/song/2614
2615,paapininaenani prabhupadhamula,పాపినినేనని ప్రభుపదములకడ ప్రార,full,683,889,5,5,ఎస్ జె మోజెస్,missing,https://waytochurch.com/lyrics/song/2615
2616,hae prabhuyaesu hae prabhu yae,హే ప్రభుయేసు హే ప్రభు యేసు హే,full,984,1331,9,9,ఎ బి మాసిలామణి,in_library_contained,https://waytochurch.com/lyrics/song/2616
2617,emdhuku marachithivi yaesuni p,ఎందుకు మఱచితివి యేసుని ప్రేమ ఎ,full,522,664,3,3,దావీదు చౌదరి,missing,https://waytochurch.com/lyrics/song/2617
2618,paapakoopamunmdhu padi munigiy,పాపకూపమునందు పడి మునిగియున్నావ,full,1092,1427,6,6,పంతగాని పరదేశి,missing,https://waytochurch.com/lyrics/song/2618
2619,dhaaruna magu marana vaaridhi,దారుణ మగు మరణ వారిధి దాఁట నె వ,full,1267,1645,7,7,రావూరి దావీదు,missing,https://waytochurch.com/lyrics/song/2619
2620,hrudhayamanedu thalupu nodhdha,హృదయమనెడు తలుపు నొద్ద యేసు నాధ,full,932,1202,9,9,పులిపాక జగన్నాధము,in_library_fuzzy,https://waytochurch.com/lyrics/song/2620
2621,జను లందఱు వినండి దివ్య సంగతి,,full,500,608,6,6,,missing,https://waytochurch.com/lyrics/song/2621
2622,మహా వైద్యుండు వచ్చెను ప్రజాళి,,full,660,797,7,7,విలియం హంటర్,missing,https://waytochurch.com/lyrics/song/2622
2623,dharaniloani dhanamu lella dha,ధరణిలోని ధనము లెల్ల ధరణిపాలై ప,full,545,703,5,5,పులిపాక జగన్నాధము,missing,https://waytochurch.com/lyrics/song/2623
2624,nijamugaaao parishudhdhu dokao,నిజముగాఁ పరిశుద్ధు డొకఁ డీ నేల,full,700,901,3,3,పురుషోత్తము చౌధరి,missing,https://waytochurch.com/lyrics/song/2624
2625,paapulaku sakhumdu mana praapu,పాపులకు సఖుండు మన ప్రాపు యేసె,full,517,640,5,5,,missing,https://waytochurch.com/lyrics/song/2625
2626,yaesunae saevimparmdi moasapoa,యేసునే సేవింపరండి మోసపోకండి ప్,full,361,447,3,3,ఎన్ డి ఏబెల్,missing,https://waytochurch.com/lyrics/song/2626
2627,mana modhati thallidhmdrulal m,మన మొదటి తల్లిదండ్రులల్ మాయకు,full,403,513,3,3,పురుషోత్తము చౌదరి,missing,https://waytochurch.com/lyrics/song/2627
2628,nammare narulaara yaesuni samm,నమ్మరె నరులార యేసుని సమ్మతిగాఁ,full,684,849,6,6,గెల్లా రామయ్య,missing,https://waytochurch.com/lyrics/song/2628
2629,yaesu kreesthuni golva ranna y,యేసు క్రీస్తుని గొల్వ రన్న యీ,full,1304,1648,9,9,గొల్లపల్లి నతానియేలు,missing,https://waytochurch.com/lyrics/song/2629
2630,idhi yehoavaa kaligimchina dhi,ఇది యెహోవా కలిగించిన దినము సుద,full,441,564,5,5,పురుషోత్తమ చౌధరి,missing,https://waytochurch.com/lyrics/song/2630
2631,sukshaema shubhakaala vishraamthi dhin,సుక్షేమ శుభకాల విశ్రాంతి దిన,full,412,523,3,3,క్రిస్టఫర్ వర్డ్స్ వర్త్,missing,https://waytochurch.com/lyrics/song/2631
2632,thraahi maam kreesthu naadha d,త్రాహి మాం క్రీస్తు నాధ దయఁ జూ,full,802,1009,4,4,పురుషోత్తము ఛౌదరి,missing,https://waytochurch.com/lyrics/song/2632
2633,sharanu naa yaesu prabhuvaa ne,శరణు నా యేసు ప్రభువా నీవెగా పర,full,417,533,3,3,మిక్కిలి సమూయేలు,missing,https://waytochurch.com/lyrics/song/2633
2634,raavayya yaesunaadhaa maa raks,రావయ్య యేసునాధా మా రక్షణమార్గమ,full,470,592,5,5,,missing,https://waytochurch.com/lyrics/song/2634
2635,ae mukhaambuthoada vaththu yae,ఏ ముఖాంబుతోడ వత్తు యేసు నాధనీద,full,407,519,2,2,జొన్నకూటి దేవదానం,missing,https://waytochurch.com/lyrics/song/2635
2636,nannu dhidhdhumu chinna praaya,నన్ను దిద్దుము చిన్న ప్రాయము స,full,913,1147,8,8,ముంగమూరి దేవదాసు,in_library_contained,https://waytochurch.com/lyrics/song/2636
2637,nammithi nayyaa yaesayyaa nee,నమ్మితి నయ్యా యేసయ్యా నీ పాదము,full,449,559,4,4,బుఱ్ఱారెడ్డి,missing,https://waytochurch.com/lyrics/song/2637
2638,dhaeva neevu nannu ao barishoa,దేవ నీవు నన్ను ఁ బరిశో ధించి బ,full,919,1151,8,8,మల్లెల దావీదు,missing,https://waytochurch.com/lyrics/song/2638
2639,paapa pashchaaththaapa momdhan,పాప పశ్చాత్తాప మొందని వారికి ప,full,679,856,4,4,వి వెంకటస్వామి,missing,https://waytochurch.com/lyrics/song/2639
2640,paapini krupa joopavayyaa dhaa,పాపిని కృప జూపవయ్యా దాపు జేరిత,full,869,1114,8,8,సిరిపురపు కృపానందము,missing,https://waytochurch.com/lyrics/song/2640
2641,khmdimpavalenu dhurgunamulu kh,ఖండింపవలెను దుర్గుణములు ఖండింప,full,669,853,5,5,,missing,https://waytochurch.com/lyrics/song/2641
2642,manasaa vinavaemae kreesthunia,మనసా వినవేమే క్రీస్తునిఁ గని స,full,538,699,5,5,బి కోటయ్య,missing,https://waytochurch.com/lyrics/song/2642
2643,dhaeva dheenapaapini oa paava,దేవ దీనపాపిని ఓ పావన గావు కృప,full,973,1259,12,12,,missing,https://waytochurch.com/lyrics/song/2643
2644,aparaadhini yaesayya krupa joo,అపరాధిని యేసయ్య కృప జూపి బ్రోవ,full,700,870,7,7,సిరిపురపు కృపానందము,in_library_contained,https://waytochurch.com/lyrics/song/2644
2645,pashchaaththaapamu bomdhumu je,పశ్చాత్తాపము బొందుము జీవమ నీవు,full,916,1172,6,6,మోర్త ప్రకాశము,missing,https://waytochurch.com/lyrics/song/2645
2646,ఉన్నట్టు నేను వచ్చెదన్ పాపిష్,,full,564,669,6,6,చార్లెట్ ఇలియట్,missing,https://waytochurch.com/lyrics/song/2646
2647,ఓ యేసు రక్షకా నీ పిల్పు వింద,,full,282,345,3,3,లూయిన్ హార్టాస్,missing,https://waytochurch.com/lyrics/song/2647
2648,యేసు నీదు జాలివల్ల లెక్క లేన,,full,504,598,3,3,ఆర్థర్ క్లీన్లాండ్ కోన్స్,missing,https://waytochurch.com/lyrics/song/2648
2649,unnapaatuna vachchu chunnaanu,ఉన్నపాటున వచ్చు చున్నాను నీ పా,full,1142,1451,6,6,పురుషోత్తము ఛౌదరి,in_library_contained,https://waytochurch.com/lyrics/song/2649
2650,dhikkulaeni vaaaodanoa prabhoa,దిక్కులేని వాఁడనో ప్రభో నీ యండ,full,801,1014,4,4,చిక్కాల పాలస్,missing,https://waytochurch.com/lyrics/song/2650
2651,paapamu dhalaochu sumee pashch,పాపము దలఁచు సుమీ పశ్చా త్తాపము,full,597,753,5,5,యెషయా వీరమార్టిన్,missing,https://waytochurch.com/lyrics/song/2651
2652,paapinayyaa naeao baapi nayyaa,పాపినయ్యా నేఁ బాపి నయ్యా కాపాడ,full,640,809,5,5,బేతాళ జాన్,missing,https://waytochurch.com/lyrics/song/2652
2653,erimgi yeriaogi chedipoathivi,ఎఱింగి యెఱిఁగి చెడిపోతివి మనసా,full,890,1110,6,6,పురుషోత్తము చౌదరి,missing,https://waytochurch.com/lyrics/song/2653
2654,yaesu vibhuniao dhalaochi madh,యేసు విభునిఁ దలఁచి మదిలో ద్వేష,full,760,989,7,7,డేవిడ్ లైటన్,missing,https://waytochurch.com/lyrics/song/2654
2655,aadharimpumu yaesuvaa ni nnaas,ఆదరింపుము యేసువా ని న్నాశ్రయిం,full,555,728,5,5,వి జి జాన్ సుందరరావు,missing,https://waytochurch.com/lyrics/song/2655
2656,thana yakramamulaku kshmaa pan,తన యక్రమములకు క్షమా పణ నొందినవ,full,1214,1572,11,11,మల్లెల దావీదు,missing,https://waytochurch.com/lyrics/song/2656
2657,yaesuaodu raaaogan jaesina dho,యేసుఁడు రాఁగన్ జేసిన దోషము నాశ,full,573,680,7,7,మిక్కిలి ఫ్రెడరిక్,missing,https://waytochurch.com/lyrics/song/2657
2658,ఎంత పాపి నైనను యేసు చేర్చుకొన,,full,375,464,4,4,ఎర్డ్మాన్ న్యూమీస్టెర్,in_library_contained,https://waytochurch.com/lyrics/song/2658
2659,సిల్వ చెంత నేసువా చేర్చి నన్న,,full,371,443,4,4,ఫ్రాన్సెస్ జేన్వేన్ ఆల్స్టీన్,missing,https://waytochurch.com/lyrics/song/2659
2660,డాగు నేది మాపును వేగ యేసు రక్,,full,364,474,4,4,జేకబ్ చేంబర్లేస్,missing,https://waytochurch.com/lyrics/song/2660
2661,నాకై చీల్చఁబడ్డ యో నా యనంత నగ,,full,446,558,4,4,అగస్గస్ మాంటేగు టాన్లేడీ,in_library_contained,https://waytochurch.com/lyrics/song/2661
2662,ఇమ్మానుయేలు రక్తము ఇంపైన యూటగ,,full,473,560,5,5,విలియం కొనర్,in_library_exact,https://waytochurch.com/lyrics/song/2662
2663,parama raajyamunaku narulu thi,పరమ రాజ్యమునకు నరులు తిరిగి పు,full,825,1031,8,8,తూపిలి రంగయ్య,missing,https://waytochurch.com/lyrics/song/2663
2664,హా యానంద సుదినము నా యేసున్ న,,full,536,667,5,5,ఫిలిప్ డాడ్రిడ్జి,missing,https://waytochurch.com/lyrics/song/2664
2665,యేసు నావాడని నమ్ముదున్ భాసిల్,,full,393,487,3,3,ప్రాన్సెస్ జేన్వేన్ ఆల్స్టీన్,missing,https://waytochurch.com/lyrics/song/2665
2666,aanmdha magu mukthi yae naa mm,ఆనంద మగు ముక్తి యే నా మందిరము,full,512,656,3,3,పురుషోత్తము చౌదరి,missing,https://waytochurch.com/lyrics/song/2666
2667,naa kimtha proathsaahaa nmdhmb,నా కింత ప్రోత్సాహా నందంబుల్ గల,full,1062,1278,5,5,ముంగమూరి దేవదాసు,missing,https://waytochurch.com/lyrics/song/2667
2668,itharula saakshyamu lemthoa ga,ఇతరుల సాక్ష్యము లెంతో గలిగియున,full,563,713,3,3,పురుషోత్తము చౌదరి,missing,https://waytochurch.com/lyrics/song/2668
2669,siluva sainikulaaraa niluvmdi,సిలువ సైనికులారా నిలువండి వడి,full,560,703,6,6,జి మునిస్వామి,missing,https://waytochurch.com/lyrics/song/2669
2670,veerula mayyaa jaya veerula ma,వీరుల మయ్యా జయ వీరుల మయ్యా మా,full,409,522,4,4,ఎ  జెఖర్యా,missing,https://waytochurch.com/lyrics/song/2670
2671,yaesu kreesthu mathasthuao dan,యేసు క్రీస్తు మతస్థుఁ డనఁగా నె,full,682,840,5,5,మేడికాయల సాధువు,missing,https://waytochurch.com/lyrics/song/2671
2672,yaesuprabhukai saakshulevareva,యేసుప్రభుకై సాక్షులెవరెవరో ఎవ్,full,852,1087,4,4,చెట్టి భానుమూర్తి,missing,https://waytochurch.com/lyrics/song/2672
2673,క్రీస్తు యోధులారా యుద్ధ మాడుఁ,,full,445,537,3,3,నబీన్ చారింగ్ కూల్డ్,missing,https://waytochurch.com/lyrics/song/2673
2674,ఓ యేసు భక్తులారా మీ రాజు ధ్వ,,full,404,505,3,3,జార్జి డఫీల్డ్,missing,https://waytochurch.com/lyrics/song/2674
2675,smthoashimpare priyulaaraa yae,సంతోషింపరె ప్రియులారా యేసుని చ,full,1099,1408,4,4,ఏ బి  మాసిలామణి,missing,https://waytochurch.com/lyrics/song/2675
2676,naa yaesu naa yaathma balamaa,నా యేసు నా యాత్మ బలమా నీదు గ,full,803,1036,5,5,,missing,https://waytochurch.com/lyrics/song/2676
2677,నీ కన్న నిఁక వేరే వేల్పులు లేర,నీ కన్న నిఁక వేరే వేల్పులు లేర,full,652,837,3,3,రావూరి లక్ష్మీనరసయ్య,missing,https://waytochurch.com/lyrics/song/2677
2678,velugunu rakshna karthayunagun,వెలుగును రక్షణ కర్తయునగునా బలమ,full,693,856,5,5,రావి జాన్ సుందరరావు,missing,https://waytochurch.com/lyrics/song/2678
2679,naenu kreesthu prabhuni jaeri,నేను క్రీస్తు ప్రభుని జేరి నేన,full,604,720,4,4,సి  రవివర్మ,missing,https://waytochurch.com/lyrics/song/2679
2680,దాపుఁజేరుచుఁ బాడుము జీవపు మాట,,full,340,423,3,3,ఫిలిఫ్ బ్లిస్,missing,https://waytochurch.com/lyrics/song/2680
2681,యేసుని జేరఁ వేగము రా మార్గముఁ,,full,344,429,3,3,జి ఎఫ్ రూట్,missing,https://waytochurch.com/lyrics/song/2681
2682,saakshya michchedha svaami yae,సాక్ష్య మిచ్చెద స్వామి యేసు దే,full,842,1045,7,7,మల్లెల దావీదు,missing,https://waytochurch.com/lyrics/song/2682
2683,naa yaathma lemmu sidhdhamu,నా యాత్మ లెమ్ము సిద్ధము కమ్మ,full,564,709,3,3,పంతగాని పరదేశి,missing,https://waytochurch.com/lyrics/song/2683
2684,laelemmu kraisthavuaodaa neelo,లేలెమ్ము క్రైస్తవుఁడా నీలో మేల,full,526,633,6,6,పురుషోత్తము చౌదరి,missing,https://waytochurch.com/lyrics/song/2684
2685,aela chimtha yaela vmtha yicha,ఏల చింత యేల వంత యిచట నీకు క్రై,full,647,803,6,6,మేడికాయల సాధువు,missing,https://waytochurch.com/lyrics/song/2685
2686,dhaevaa vembadimchithi nee na,దేవా వెంబడించితి నీ నామమున్ జ,full,548,687,5,5,ఎ బి మాసిలామణి,missing,https://waytochurch.com/lyrics/song/2686
2687,bhayamaela kraisthavumdaa neev,భయమేల క్రైస్తవుండా నీవిక నపజయమ,full,601,797,5,5,జి జాన్ తాతయ్య,missing,https://waytochurch.com/lyrics/song/2687
2688,శోధనకు మీరు చోటియకుఁడి ధైర్య,,full,414,513,3,3,హోరేషియో రిక్మండ్ పామర్,missing,https://waytochurch.com/lyrics/song/2688
2689,painamai yunnaa nayyaa nee paa,పైనమై యున్నా నయ్యా నీ పాదాంబుజ,full,1366,1789,6,6,పురుషోత్తము చౌదరి,missing,https://waytochurch.com/lyrics/song/2689
2690,పరదేశి పుణ్యక్షేత్ర యాత్రఁ బ,,full,564,717,4,4,,missing,https://waytochurch.com/lyrics/song/2690
2691,vadhdhu manasa budhdhi kurucha,వద్దు మనస బుద్ధి కురుచ పెద్దలక,full,791,951,6,6,పురుషోత్తము చౌదరి,missing,https://waytochurch.com/lyrics/song/2691
2692,yaesuni korakai yila jeevimche,యేసుని కొరకై యిల జీవించెద భాసు,full,1039,1291,8,8,రావి జాన్ సుందరావు,missing,https://waytochurch.com/lyrics/song/2692
2693,vaare mmchi kraisthavulu gadhaa yee l,వారె మంచి క్రైస్తవులు గదా యీ ల,full,496,616,3,3,,missing,https://waytochurch.com/lyrics/song/2693
2694,yaesuni saevimpa dhayachaesith,యేసుని సేవింప దయచేసితివి ప్రేమ,full,581,726,7,7,పులిపాక జగన్నాధము,missing,https://waytochurch.com/lyrics/song/2694
2695,aedhi naa vishraamthi yee loak,ఏది నా విశ్రాంతి యీ లోకమందు నే,full,862,1107,5,5,పురుషోత్తము చౌదరి,missing,https://waytochurch.com/lyrics/song/2695
2696,విసుకదే ప్రాణంబు విజ్ఞాని కిలన,విసుకదే ప్రాణంబు విజ్ఞాని కిలన,full,882,1110,5,5,పురుషోత్తము చౌదరి,missing,https://waytochurch.com/lyrics/song/2696
2697,imdhulaedhu niluchu pattanm kr,ఇందులేదు నిలుచు పట్టణం క్రీస్త,full,561,702,5,5,జె ఈ షార్మీ,missing,https://waytochurch.com/lyrics/song/2697
2698,loakamu vaarella loakuvao jooc,లోకము వారెల్ల లోకువఁ జూచిన లోప,full,970,1220,3,3,పురుషోత్తము చౌదరి,missing,https://waytochurch.com/lyrics/song/2698
2699,ghanamaina kreesthu krupao gan,ఘనమైన క్రీస్తు కృపఁ గనుగొంటి న,full,795,1038,5,5,యేసుదాసు నర్సయ్య,missing,https://waytochurch.com/lyrics/song/2699
2700,manasaanmdhamuao bomdhuta kann,మనసానందముఁ బొందుట కన్నను మరి య,full,725,935,5,5,పురుషోత్తము చౌదరి,missing,https://waytochurch.com/lyrics/song/2700
2701,నా దేవ ప్రభువా నీ చెంతను సదా,,full,437,558,4,4,శారా ఫ్లవర్ ఆడమ్స్,in_library_contained,https://waytochurch.com/lyrics/song/2701
2702,జీవితంబు ఘోర కష్టనష్టంబుల్ ఆవ,,full,542,682,4,4,,missing,https://waytochurch.com/lyrics/song/2702
2703,oa maa thmdri needhu naamamu n,ఓ మా తండ్రి నీదు నామము నిత్య మ,full,621,764,3,3,విలియం డానన్,missing,https://waytochurch.com/lyrics/song/2703
2704,ninnu naenu viduvanu dhaeva ne,నిన్ను నేను విడువను దేవ నీవు న,full,840,1023,7,7,పులిపాక జగన్నాధము,missing,https://waytochurch.com/lyrics/song/2704
2705,vina rammu yaesu naadhuaoda na,విన రమ్ము యేసు నాధుఁడ నా మనవి,full,713,884,7,7,జోనయా బర్డర్,missing,https://waytochurch.com/lyrics/song/2705
2706,praarthana vinedi paavanudaa p,ప్రార్థన వినెడి పావనుడా ప్రార్,full,513,643,4,4,,in_library_contained,https://waytochurch.com/lyrics/song/2706
2707,ఓ ప్రార్థనా సుప్రార్థనా నీ ప్,,full,690,880,4,4,విలియం వాల్ఫోర్డ్,missing,https://waytochurch.com/lyrics/song/2707
2708,యేసు నీ సదాత్మ వృష్టి భక్తు,,full,541,664,6,6,ఎలిజబెత్ కాడ్నర్,missing,https://waytochurch.com/lyrics/song/2708
2709,ఆశీరవంబు ల్మామీఁద వర్షింపజేయు,,full,398,500,4,4,,missing,https://waytochurch.com/lyrics/song/2709
2710,రక్షకా నన్ మర్వఁబోకు మొఱ్ఱ న,,full,349,421,4,4,ఫ్రాన్సెస్ జేన్వేన్ ఆల్ష్టీన్,missing,https://waytochurch.com/lyrics/song/2710
2711,dhaasula praarthana dhappaka y,దాసుల ప్రార్థన దప్పక యెసఁగెడు,full,498,654,3,3,పురుషోత్తము చౌదరి,missing,https://waytochurch.com/lyrics/song/2711
2712,parama nmdhumdedu maa parama j,పరమ నందుండెడు మా పరమ జనక నీదు,full,378,491,1,1,మల్లెల దావీదు,missing,https://waytochurch.com/lyrics/song/2712
2713,aalimchu dhaevaa naa manavula,ఆలించు దేవా నా మనవుల నాలించు ద,full,504,636,5,5,పులిపాక జగన్నాధము,missing,https://waytochurch.com/lyrics/song/2713
2714,dhaevaa sahaayamu nimmaa jeevm,దేవా సహాయము నిమ్మా జీవంపు టూటల,full,659,850,5,5,మిక్కిలి దేవసహాయము,missing,https://waytochurch.com/lyrics/song/2714
2715,nannu ao gannayya raave naa ya,నన్ను ఁ గన్నయ్య రావె నా యేసు న,full,615,760,5,5,పురుషోత్తము చౌదరి,in_library_contained,https://waytochurch.com/lyrics/song/2715
2716,karunaapeetamu jaerarae dhaevu,కఱుణాపీఠము జేరరే దేవుని కృపా చ,full,897,1174,6,6,ఏ బి మాసిలామణి,missing,https://waytochurch.com/lyrics/song/2716
2717,yaesu paraloaka naayaka suvi s,యేసు పరలోక నాయక సువి శేష సుఫల,full,677,858,5,5,రావూరి లక్ష్మయ్య,missing,https://waytochurch.com/lyrics/song/2717
2718,naa yaesu naadhaa nanuao jooda,నా యేసు నాధా ననుఁ జూడవే నా జీవ,full,834,1069,6,6,పులిపాక జగన్నాధము,missing,https://waytochurch.com/lyrics/song/2718
2719,vishvaasamuthoa vaeaodedi vaar,విశ్వాసముతో వేఁడెడి వారికి విశ,full,758,953,5,5,ఎ జకర్యా,missing,https://waytochurch.com/lyrics/song/2719
2720,vishvaasa phlithamulu vishadha,విశ్వాస ఫలితములు విశదమ్ముగా నీ,full,963,1189,7,7,మురారి దావీదు,missing,https://waytochurch.com/lyrics/song/2720
2721,smdhiyamu veedavae naa manasaa,సందియము వీడవే నా మనసా యా నందము,full,974,1224,5,5,పురుషోత్తము చౌదరి,missing,https://waytochurch.com/lyrics/song/2721
2722,vishvaasamae vijayamu vinu pri,విశ్వాసమే విజయము విను ప్రియుఁడ,full,818,1019,5,5,మురారి దావీదు,missing,https://waytochurch.com/lyrics/song/2722
2723,ఓ దేవ రక్షకా నే విశ్వాసంబుతో,,full,419,516,4,4,రే పామర్,missing,https://waytochurch.com/lyrics/song/2723
2724,nee charanamulae nammithi nee,నీ చరణములే నమ్మితి నీ పాదములే,full,681,874,8,8,,missing,https://waytochurch.com/lyrics/song/2724
2725,dhinadhinamuku dhikku neevae m,దినదినముకు దిక్కు నీవే మా దేవు,full,802,1018,7,7,గొల్లపల్లి నతానియేలు,missing,https://waytochurch.com/lyrics/song/2725
2726,paadudhunu kreesthu paera padh,పాడుదును క్రీస్తు పేర పదము నెం,full,863,1114,5,5,అల్లారి పెదవీరాస్వామి,missing,https://waytochurch.com/lyrics/song/2726
2727,jadiyakumu nae nae yunnaanani,జడియకుము నే నే యున్నానని కడు న,full,857,1100,5,5,బేతాళ జాన్,missing,https://waytochurch.com/lyrics/song/2727
2728,dhaevuaodae naa kaashraymbu dh,దేవుఁడే నా కాశ్రయంబు దివ్యమైన,full,776,1044,6,6,పంతగాని పరదేశి,in_library_contained,https://waytochurch.com/lyrics/song/2728
2729,manasu nichchi vinumaa madhi n,మనసు నిచ్చి వినుమా మది ననుసరిం,full,629,835,6,6,చెట్టి భానుమూర్తి,missing,https://waytochurch.com/lyrics/song/2729
2730,ప్రీతిగల మన యేసుఁ డెంతో గొప్ప,,full,607,790,4,4,జోసెఫ్ మెడ్లికాట్ స్త్రీవెన్,in_library_contained,https://waytochurch.com/lyrics/song/2730
2731,యేసూ యాత్మ ప్రియుఁడా నిన్ను,,full,619,737,4,4,చార్లెస్ వెస్లీ,missing,https://waytochurch.com/lyrics/song/2731
2732,మా శ్రమ లన్ని తీర్చితివి మాకు,,full,375,461,4,4,బర్నార్డ్ మాన్సెల,missing,https://waytochurch.com/lyrics/song/2732
2733,అలసటపడ్డ నీవు దేవోక్తి విను,,full,402,486,6,6,జాన్ మేసన్ నీ,missing,https://waytochurch.com/lyrics/song/2733
2734,emdhu kae chimthimchedhavu naa,ఎందు కే చింతించెదవు నా డెందమా,full,1091,1361,4,4,పురుషోత్తము చౌదరి,missing,https://waytochurch.com/lyrics/song/2734
2735,manamee manumee manasa nee van,మనమీ మనుమీ మనస నీ వనుదినము యేస,full,939,1220,8,8,సి జేమ్సు,missing,https://waytochurch.com/lyrics/song/2735
2736,dhaeva dhaasapaalaka raajaa ra,దేవ దాసపాలక రాజా రావే జీవముల ప,full,581,747,5,5,,in_library_contained,https://waytochurch.com/lyrics/song/2736
2737,ennadu nedaobaaya nae koladhi,ఎన్నడు నెడఁబాయ నే కొలది విడనా,full,420,520,3,3,పులిపాక జగన్నాధము,missing,https://waytochurch.com/lyrics/song/2737
2738,jeevamaa chimthimchakumdu ninn,జీవమా చింతించకుండు నిన్నుఁ గావ,full,573,740,3,3,మిక్కిలి సమూయేలు,missing,https://waytochurch.com/lyrics/song/2738
2739,bhayamu nomdhakumu kraisthava,భయము నొందకుము క్రైస్తవ సహోదర య,full,882,1130,6,6,విలియం డానన్,missing,https://waytochurch.com/lyrics/song/2739
2740,yaesunaadhuni saeva yipudu maa,యేసునాధుని సేవ యిపుడు మాకబ్బెన,full,660,849,5,5,,missing,https://waytochurch.com/lyrics/song/2740
2741,veruvanaela manasaa kreesthuni,వెరువనేల మనసా క్రీస్తుని వేఁడవ,full,785,982,6,6,,missing,https://waytochurch.com/lyrics/song/2741
2742,oa dhaeva naenu nee dhaapuna n,ఓ దేవ నేను నీ దాపున నుండెదన్ న,full,639,824,4,4,మత్తయి సమూయేలు,missing,https://waytochurch.com/lyrics/song/2742
2743,yaesu karuna yidhiyae maa shar,యేసు కరుణ యిదియే మా శరణు యేసు,full,324,405,4,4,మిక్కిలి సమూయేలు,missing,https://waytochurch.com/lyrics/song/2743
2744,sharanuao jochchithi yaesunaad,శరణుఁ జొచ్చితి యేసునాధుఁడ శక్త,full,491,642,4,4,మిక్కిలి సమూయేలు,missing,https://waytochurch.com/lyrics/song/2744
2745,yehoava naa kaapari yiaokao go,యెహోవ నా కాపరి యిఁకఁ గొదు వేమి,full,608,774,7,7,మల్లెల సొలొమోను జార్జి,missing,https://waytochurch.com/lyrics/song/2745
2746,sarvashakthuaoda nirmalaathmua,సర్వశక్తుఁడ నిర్మలాత్ముఁడ సర్వ,full,813,1043,7,7,చదలవాడ జోనా,missing,https://waytochurch.com/lyrics/song/2746
2747,sharanu sharanu yaesu dhaevaa,శరణు శరణు యేసు దేవా నన్నుఁ గరు,full,865,1135,6,6,మిక్కిలి సమూయేలు,missing,https://waytochurch.com/lyrics/song/2747
2748,నాధా సముయేలు రీతి నీ యామోద శ,,full,455,577,4,4,ఫ్రాన్సెస్ రిడ్లీ హవర్గల్,missing,https://waytochurch.com/lyrics/song/2748
2749,naa rakshkuni vembadimthu nannitan,నా రక్షకుని వెంబడింతు నన్నిటన్,full,459,560,3,3,విలియం ఆర్కట్ కషింగ్,missing,https://waytochurch.com/lyrics/song/2749
2750,యేసూ నా ప్రభువా నీ ప్రేమ లే,,full,408,499,5,5,ఏనీ షెర్పుడ్ హాక్స్,missing,https://waytochurch.com/lyrics/song/2750
2751,ఓ దివ్యకాంతి మబ్బు కమ్మఁగా న,,full,387,466,3,3,జాన్ హెన్రీ న్యూమేన్,missing,https://waytochurch.com/lyrics/song/2751
2752,నడ్పుమీ మహా యెహోవా లోక యాత్ర,,full,381,468,3,3,విలియం విలియమ్స్,missing,https://waytochurch.com/lyrics/song/2752
2753,komdala thattu naeao goarketho,కొండల తట్టు నేఁ గోర్కెతోడ నాదు,full,749,922,7,7,మల్లెల దావీదు,missing,https://waytochurch.com/lyrics/song/2753
2754,జీవమార్గమున్ యేసూ చూపవే నీవ,,full,381,472,4,4,నికొలాస్ జింజెండార్ఫ్,missing,https://waytochurch.com/lyrics/song/2754
2755,ఆహా నాకేమానందము శ్రీ యేసు నాచ,,full,416,538,4,4,జె ఎచ్ గిల్మోర్,missing,https://waytochurch.com/lyrics/song/2755
2756,యేసు మమ్ము నడిపించు నీదు కాప,,full,486,589,4,4,ఓకబ్ చేంబర్లేన్,missing,https://waytochurch.com/lyrics/song/2756
2757,neevu thoadai yunnaojaalu yaes,నీవు తోడై యున్నఁజాలు యేసు నిత్,full,614,764,4,4,పులిపాక జగన్నాధము,missing,https://waytochurch.com/lyrics/song/2757
2758,neevae naa priyuaodavu yaesu p,నీవే నా ప్రియుఁడవు యేసు ప్రభు,full,572,719,6,6,పులిపాక జగన్నాధము,missing,https://waytochurch.com/lyrics/song/2758
2759,oa dhaevaa nannuao broava need,ఓ దేవా నన్నుఁ బ్రోవ నీదె భార మ,full,453,600,4,4,ఎస్ ఎస్ షేతు,missing,https://waytochurch.com/lyrics/song/2759
2760,naadha yaesu naadha kreesthu n,నాధ యేసు నాధ క్రీస్తు నాధ నేనన,full,563,783,6,6,పసుపులేటి దావీదు,missing,https://waytochurch.com/lyrics/song/2760
2761,naakai cheelina yuga yugamula,నాకై చీలిన యుగ యుగముల శిల ముక్,full,760,976,5,5,తటవర్తి నారాయణస్వామి,missing,https://waytochurch.com/lyrics/song/2761
2762,mukthiao ganarae mee manmbula,ముక్తిఁ గనరే మీ మనంబుల శక్తిగల,full,789,967,6,6,,missing,https://waytochurch.com/lyrics/song/2762
2763,yaesoo naa yaathma rakshkumda,యేసూ నా యాత్మ రక్షకుండ నన్ను వ,full,910,1169,7,7,మత్తయి సమూయేలు,missing,https://waytochurch.com/lyrics/song/2763
2764,yaesu naamm beththi paadudhama,యేసు నామం బెత్తి పాడుదమ క్రీస్,full,771,1008,10,10,పురుషోత్తము చౌదరి,missing,https://waytochurch.com/lyrics/song/2764
2765,yaesu bhakthavarulathoa ni vaa,యేసు భక్తవరులతో ని వాసముందమ యే,full,631,844,6,6,డేవిడ్ లైటన్,missing,https://waytochurch.com/lyrics/song/2765
2766,maa yaesu kreesthuni maruaogu,మా యేసు క్రీస్తుని మఱుఁగు గల్గ,full,969,1217,6,6,పురుషోత్తము చౌదరి,missing,https://waytochurch.com/lyrics/song/2766
2767,yaesunu choochuta yennatikoa p,యేసును చూచుట యెన్నటికో పర వాసు,full,791,1041,6,6,,missing,https://waytochurch.com/lyrics/song/2767
2768,vaechiyumtini nee thattu yaesu,వేచియుంటిని నీ తట్టు యేసువమేము,full,746,932,5,5,బూల జాన్,missing,https://waytochurch.com/lyrics/song/2768
2769,jeevamu poavagan dhaevuni sann,జీవము పోవగన్ దేవుని సన్నిధి జీ,full,424,535,5,5,బర్నార్డ్ లూకాస్,missing,https://waytochurch.com/lyrics/song/2769
2770,nidhurao boayinatti nee paadha,నిదురఁ బోయినట్టి నీ పాద సేవకున,full,1009,1324,5,5,పులిపాక జగన్నాధము,missing,https://waytochurch.com/lyrics/song/2770
2771,maranamunaku vijaya maedhi mar,మరణమునకు విజయ మేది మరణ మోడిపోయ,full,708,925,7,7,తూలూరి కొర్నేలియస్,missing,https://waytochurch.com/lyrics/song/2771
2772,laechu dhinamu vachchunu mruth,లేచు దినము వచ్చును మృతు లెల్ల,full,1152,1509,8,8,మేడికాయల సాధువు,missing,https://waytochurch.com/lyrics/song/2772
2773,అంత్య దినమందు దూత బూర నూదు చు,,full,491,616,3,3,,missing,https://waytochurch.com/lyrics/song/2773
2774,యేసుని చేతులందు యేసుని రొమ్ము,,full,456,572,3,3,ఫ్రాన్సెస్ జీన్వేన్ ఆల్స్టీన్,missing,https://waytochurch.com/lyrics/song/2774
2775,రవికాంతిని మించినదౌ ఒక దేశము,,full,338,440,3,3,,missing,https://waytochurch.com/lyrics/song/2775
2776,సద్భక్తితోడ సాక్షులై నిత్య వి,,full,460,576,5,5,విలియం వాల్షాం హో,missing,https://waytochurch.com/lyrics/song/2776
2777,shrumgaara dhvaarmbu maa yaesu,శృంగార ద్వారంబు మా యేసు మోక్ష,full,359,464,4,4,తూపిలి యోహాను,missing,https://waytochurch.com/lyrics/song/2777
2778,dhaevadhaevuni goppa puramu pa,దేవదేవుని గొప్ప పురము పరలోకానం,full,848,1100,12,12,తూపిలి దానియేలు,missing,https://waytochurch.com/lyrics/song/2778
2779,yehoavaa maa thmdri gaaaoda ya,యెహోవా మా తండ్రి గాఁడ యేసుఁడు,full,771,947,6,6,పురుషోత్తము చౌదరి,missing,https://waytochurch.com/lyrics/song/2779
2780,నీదు సన్ని ధానమందు ఓ నా యేసుర,,full,448,578,3,3,హెలెస్ లక్ష్మి గోరె,missing,https://waytochurch.com/lyrics/song/2780
2781,goppa dhaeva naaku thmdrivi ya,గొప్ప దేవ నాకు తండ్రివి యాకాశమ,full,797,988,4,4,పులిపాక జగన్నాథము,missing,https://waytochurch.com/lyrics/song/2781
2782,ghanuaodaina yehoavaa gadhdhe,ఘనుఁడైన యెహోవా గద్దె ముందట మీర,full,855,1113,3,3,విలియం డాసన్,missing,https://waytochurch.com/lyrics/song/2782
2783,గతకాలములయందు ఘనసహాయుడ దేవా హ,,full,650,861,5,5,జాన్ చౌధరి,missing,https://waytochurch.com/lyrics/song/2783
2784,parimapuri kalpabhooja niratha,పరిమపురి కల్పభూజ నిరత భూనరుల ప,full,494,657,5,5,పాలపర్తి యాకోబు,missing,https://waytochurch.com/lyrics/song/2784
2785,emtha praemimchenoa dhaevuaodu,ఎంత ప్రేమించెనో దేవుఁడు మనపై న,full,770,996,5,5,చదలవాడ జకర్యా,missing,https://waytochurch.com/lyrics/song/2785
2786,dhaevuni goppa praemanu kalmbu,దేవుని గొప్ప ప్రేమను కలంబు,full,525,642,3,3,అనుః ఏ బి  మాసిలామణి,missing,https://waytochurch.com/lyrics/song/2786
2787,దైవ ప్రేమ పృథ్విలోని యన్నిట,,full,479,574,3,3,చార్లెస్ వెస్లీ,missing,https://waytochurch.com/lyrics/song/2787
2788,శాశ్వతుడా విస్మయమొంది నేను,,full,525,667,4,4,కార్ల్ బోబెర్గ్,missing,https://waytochurch.com/lyrics/song/2788
2789,rammu shree yaesoo sammathi na,రమ్ము శ్రీ యేసూ సమ్మతి నాదు మన,full,620,784,4,4,యేసుదాసు జీవరత్నము,missing,https://waytochurch.com/lyrics/song/2789
2790,vimala hrudhaya mimmu vidhithm,విమల హృదయ మిమ్ము విదితంబు నిను,full,713,945,6,6,ఆల్ఫ్రెడ్ త్యాగరాజు పామర్,missing,https://waytochurch.com/lyrics/song/2790
2791,smpoorna parishudhdhi nimmu sa,సంపూర్ణ పరిశుద్ధి నిమ్ము సత్య,full,855,1052,6,6,ఎస్ బి సైమస్,missing,https://waytochurch.com/lyrics/song/2791
2792,thanuvu naa dhidhigoa gai konu,తనువు నా దిదిగో గై కొనుమీ యో ప,full,815,1037,5,5,ముంగమూరి దేవదాసు,in_library_contained,https://waytochurch.com/lyrics/song/2792
2793,నీ చిత్తం బేను నీ చిత్తంబే నే,,full,515,615,5,5,ఎ ఎ పొల్లార్,missing,https://waytochurch.com/lyrics/song/2793
2794,నాదు ప్రాణ మోప్రభో నేను నీకర,,full,455,554,3,3,ఫ్రాన్సెస్ రిడ్లీ హవగ్గల్,missing,https://waytochurch.com/lyrics/song/2794
2795,sarvachiththmbu needhaenayyaa,సర్వచిత్తంబు నీదేనయ్యా స్వరూపమ,full,625,778,3,3,ఎ చార్లెస్ కిన్సింగర్,in_library_contained,https://waytochurch.com/lyrics/song/2795
2796,సమృద్ధి జీవము సంపత్తి నాకుఁగా,,full,505,617,5,5,ఫ్రాన్సెస్ రిడ్లీ హవర్గల్,missing,https://waytochurch.com/lyrics/song/2796
2797,సంపూర్ణ జీవము సంపత్తి నాకు గా,,full,519,637,5,5,ఫ్రాన్సెస్ రిడ్లీ హవర్గల్,missing,https://waytochurch.com/lyrics/song/2797
2798,నే నీవాఁడనై యుండఁ గోరెదన్ యేస,,full,475,592,4,4,ఫ్రాన్సెస్ జేన్వేన్ ఆల్స్టీన్,missing,https://waytochurch.com/lyrics/song/2798
2799,యేసుసామి నీకు నేను నా సమస్త మ,,full,460,570,5,5,,missing,https://waytochurch.com/lyrics/song/2799
2800,naavanni ymgeekarimchumee dhae,నావన్ని యంగీకరించుమీ దేవా నన్న,full,755,949,8,8,పులిపాక జగన్నాధము,in_library_contained,https://waytochurch.com/lyrics/song/2800
2801,jeevithaamthamu varaku neekae,జీవితాంతము వరకు నీకే సేవ సల్పు,full,692,862,6,6,సి డి శుభామణి,in_library_contained,https://waytochurch.com/lyrics/song/2801
2802,shree yehoavaa nee kosmgedha s,శ్రీ యెహోవా నీ కొసంగెద శ్రేయ మ,full,525,657,4,4,వేశపోగు గుల్బానమ్మ,missing,https://waytochurch.com/lyrics/song/2802
2803,jyoathiga mamu jaeyumoa dhaeva,జ్యోతిగ మము జేయుమో దేవా యీ లోక,full,874,1098,4,4,పి డి శుభామణి,missing,https://waytochurch.com/lyrics/song/2803
2804,naenu nee vaaaodanu dhaevaa ni,నేను నీ వాఁడను దేవా నిక్కంబుగ,full,528,656,5,5,పులిపాక జగన్నాధము,missing,https://waytochurch.com/lyrics/song/2804
2805,yaesu naa siluva neththi yipp,యేసు నా సిలువ నెత్తి యిప్పుడు,full,782,945,4,4,వంతగాని పరదేశి,missing,https://waytochurch.com/lyrics/song/2805
2806,srushtipithaa sarvoannathaa sa,సృష్టిపితా సర్వోన్నతా సమర్పింత,full,705,888,7,7,డి వి డానియల్,missing,https://waytochurch.com/lyrics/song/2806
2807,konumu maa hrudhaymbu lanu nee,కొనుము మా హృదయంబు లను నీకర్పిం,full,1426,1832,8,8,మాధవభక్తుల దావీదు,missing,https://waytochurch.com/lyrics/song/2807
2808,smthasmbuna vaththu sarvaeshva,సంతసంబున వత్తు సర్వేశ్వరుని చి,full,617,816,4,4,మొలతాటి విద్యానందము,missing,https://waytochurch.com/lyrics/song/2808
2809,lemmu thaejarillumu neeku velu,లెమ్ము తేజరిల్లుము నీకు వెలుగు,full,537,661,5,5,తూలూరి ప్రకాశము,in_library_contained,https://waytochurch.com/lyrics/song/2809
2810,karunaayuthm baukaaryamulu kan,కఱుణాయుతం బౌకార్యములు కనబడవలెగ,full,694,888,5,5,జొన్నకూటి దానియేలు,missing,https://waytochurch.com/lyrics/song/2810
2811,రేపు మాపు గూడరమ్య మైన గింజల్,,full,405,499,3,3,కె షా,missing,https://waytochurch.com/lyrics/song/2811
2812,పాపము వలనఁ చెడినవానిఁ ప్రేమతో,,full,479,583,4,4,ఫ్రాన్సెస్ జేన్వేన్ ఆల్స్టీన్,missing,https://waytochurch.com/lyrics/song/2812
2813,జాగ్రత జాగ్రత యేసుఁ డిట్లు పి,,full,544,692,4,4,,missing,https://waytochurch.com/lyrics/song/2813
2814,చాటించుఁడి మనుష్యజాతి కేసు నా,,full,566,754,3,3,,in_library_contained,https://waytochurch.com/lyrics/song/2814
2815,ఓడ్డుచేరి నీ యెదుట నిల్పునపుడ,,full,444,575,5,5,,missing,https://waytochurch.com/lyrics/song/2815
2816,shree yaesuni vaeaodu manasaa,శ్రీ యేసుని వేఁడు మనసా సేవింపవ,full,553,700,4,4,బునమల్ల బెంజమిన్,missing,https://waytochurch.com/lyrics/song/2816
2817,prabhu saeva kidhiyae samaymbu,ప్రభు సేవ కిదియే సమయంబు ప్రజల,full,847,1100,6,6,,missing,https://waytochurch.com/lyrics/song/2817
2818,evaru kreesthu vaipu nunnaaru,ఎవరు క్రీస్తు వైపు నున్నారు ఎవ,full,401,496,3,3,టి గురవయ్య,missing,https://waytochurch.com/lyrics/song/2818
2819,chaatuaodi shubhavaarthanu boa,చాటుఁడి శుభవార్తను బోధకులారా చ,full,651,810,6,6,పులిపాక జగన్నాధము,missing,https://waytochurch.com/lyrics/song/2819
2820,aathmalanu smpaadhimpao nagu a,ఆత్మలను సంపాదింపఁ నగు ఆత్మ బలమ,full,781,1013,6,6,మల్లెల దావీదు,missing,https://waytochurch.com/lyrics/song/2820
2821,jayaprabhu yaesune vembadimchu,జయప్రభు యేసునె వెంబడించుచు జయమ,full,770,998,5,5,ఎ  చార్లెస్ కిన్సింగర్,missing,https://waytochurch.com/lyrics/song/2821
2822,bhaaramainadhi saeva maranamu,భారమైనది సేవ మరణము కన్న భారమైన,full,834,1107,3,3,కేసానపల్లి అబ్రహాము,missing,https://waytochurch.com/lyrics/song/2822
2823,yehoavayae naa mahaadhaevuaoda,యెహోవయే నా మహాదేవుఁడని బహుగ నె,full,887,1163,7,7,జుటికె దావీదు,missing,https://waytochurch.com/lyrics/song/2823
2824,vaaru bhaagyavmthu laudhuru bh,వారు భాగ్యవంతు లౌదురు భూ లోకమం,full,723,928,4,4,విలియం డాసన్,missing,https://waytochurch.com/lyrics/song/2824
2825,chaalunu loaka bhoagamulu chaa,చాలును లోక భోగములు చాలును చాలు,full,789,984,9,9,బేతాళ జాన్,missing,https://waytochurch.com/lyrics/song/2825
2826,padharae soadharulaara pammapu,పదరే సోదరులార పమ్మపురిఁజేర మధు,full,1105,1442,7,7,విలియం డానన్,missing,https://waytochurch.com/lyrics/song/2826
2827,paradhaeshula moa priyulaaraa,పరదేశుల మో ప్రియులారా మన పుర మ,full,727,944,10,10,గొల్లపల్లి నతానియేలు,in_library_contained,https://waytochurch.com/lyrics/song/2827
2828,పోపోవే యో లోకమా చాలిఁకఁజాలు నీ,పోపోవే యో లోకమా చాలిఁకఁజాలు నీ,full,678,847,4,4,పురుషోత్తము ఛౌదరి,missing,https://waytochurch.com/lyrics/song/2828
2829,sakalaemdhriyamulaaraa chaala,సకలేంద్రియములారా చాల మీ పని దీ,full,1948,2484,9,9,పురుషోత్తము చౌదరి,missing,https://waytochurch.com/lyrics/song/2829
2830,aedhiyadhi yaedhiyadhi yaedhir,ఏదియది యేదియది యేదిరా మన దేశము,full,670,897,7,7,మిక్కిలి సమూయేలు,missing,https://waytochurch.com/lyrics/song/2830
2831,svmthathra raajym prabhuraajym,స్వంతత్ర రాజ్యం ప్రభురాజ్యం స్,full,699,878,5,5,ఈ డి నిత్యానందము,missing,https://waytochurch.com/lyrics/song/2831
2832,శృంగార దేశము చేరఁగానే నా దుఃఖ,,full,472,609,4,4,చార్లెస్ హోమర్ గాబ్రియేల్,missing,https://waytochurch.com/lyrics/song/2832
2833,emthoa shrumgaara mainadhi yae,ఎంతో శృంగార మైనది యేసుని చరిత,full,1523,2016,4,4,పురుషోత్తము చౌదరి,missing,https://waytochurch.com/lyrics/song/2833
2834,paramuloana baramuloanao paapa,పరములోన బరములోనఁ పాప మేమి లేదు,full,567,721,5,5,గొల్లపల్లి నతానియేలు,missing,https://waytochurch.com/lyrics/song/2834
2835,parishudhdhi parishudhdhi pari,పరిశుద్ధి పరిశుద్ధి పరిశుద్ధి,full,918,1204,5,5,పురుషోత్తము చౌదరి,in_library_contained,https://waytochurch.com/lyrics/song/2835
2836,parishudhdhm parishudhdhm pari,పరిశుద్ధం పరిశుద్ధం పరిశుద్ధం,full,945,1214,6,6,తూలూరి కొర్నేలియస్,in_library_contained,https://waytochurch.com/lyrics/song/2836
2837,mahima mahima mahima yanuchu s,మహిమ మహిమ మహిమ యనుచు శిశువులు,full,640,835,3,3,విలియం బెర్రి,missing,https://waytochurch.com/lyrics/song/2837
2838,paramaedhaesha midhigoa nootha,పరమేదేశ మిదిగో నూతన యెరూస లేమద,full,1101,1475,9,9,మేడికాయల సాధువు,missing,https://waytochurch.com/lyrics/song/2838
2839,vimdhu parammdhuaobemdli vimdh,విందు పరమందుఁబెండ్లి విందు పరమ,full,577,728,6,6,బేతాళ జాన్,missing,https://waytochurch.com/lyrics/song/2839
2840,chakkani paraloaka smbmdhulath,చక్కని పరలోక సంబంధులతో గూడి సం,full,817,1024,6,6,చదలవాడ జకర్యా,missing,https://waytochurch.com/lyrics/song/2840
2841,dhaevara broavumaa dheena kutu,దేవర బ్రోవుమా దీన కుటుంబమున్ ద,full,545,698,7,7,చెట్టి భానుముర్తి,missing,https://waytochurch.com/lyrics/song/2841
2842,prabhuvugan prathishtimparae g,ప్రభువుగన్ ప్రతిష్టింపరే గృహము,full,651,804,3,3,సి విజయ చార్లెస్,missing,https://waytochurch.com/lyrics/song/2842
2843,yaesukreesthuni dhaasulaaraa m,యేసుక్రీస్తుని దాసులారా మీ సుత,full,553,700,5,5,సి విజయ చార్లెస్,missing,https://waytochurch.com/lyrics/song/2843
2844,yehoava ymdhu bhakthi bahuga g,యెహోవ యందు భక్తి బహుగ గలిగియుం,full,381,473,3,3,వేశపోగు గుల్బానమ్మ,missing,https://waytochurch.com/lyrics/song/2844
2845,naenunu naa yimtivaarunu neeth,నేనును నా యింటివారును నీతి సూర,full,930,1177,9,9,ఏ చార్లెస్ కిన్సింగర్,missing,https://waytochurch.com/lyrics/song/2845
2846,rammu rammu maa yimtiki thmdre,రమ్ము రమ్ము మా యింటికి తండ్రీ,full,465,588,4,4,ఇ జి ఆనందము,missing,https://waytochurch.com/lyrics/song/2846
2847,emthoa ramymbainadhi bhoothala,ఎంతో రమ్యంబైనది భూతలమందు ఎంతో,full,793,987,5,5,ఎం ఆనందము,missing,https://waytochurch.com/lyrics/song/2847
2848,yaesuthoa teevigaanu poadhamaa,యేసుతో ఠీవిగాను పోదమా అడ్డుగా,full,567,732,4,4,ఏ సి కిన్సింగర్,in_library_contained,https://waytochurch.com/lyrics/song/2848
2849,ఓ క్రీస్తు భక్తులారా నీతి నిమ,,full,444,554,3,3,,missing,https://waytochurch.com/lyrics/song/2849
2850,రేగత్వరపడకు ఓర్చుకో కోపి గోడ,,full,319,393,3,3,,missing,https://waytochurch.com/lyrics/song/2850
2851,maelukoni yika laechi yaesuni,మేలుకొని యిక లేచి యేసుని మేలుల,full,610,766,5,5,చెట్టి భానుమూర్తి,missing,https://waytochurch.com/lyrics/song/2851
2852,dhaevaadhi dhaevaathmajaa mamm,దేవాది దేవాత్మజా మమ్ము దీవించు,full,747,983,7,7,పురుషోత్తము చౌదరి,missing,https://waytochurch.com/lyrics/song/2852
2853,bhaartha kraisthava yuvajanula,భార్త క్రైస్తవ యువజనులారా ప్రభ,full,586,776,4,4,చెట్టి భానుమూర్తి,missing,https://waytochurch.com/lyrics/song/2853
2854,dhaaniyaelvale saahasimchudi y,దానియేల్వలె సాహసించుడి యొంటరిగ,full,700,889,3,3,బూదాల లైమన్,missing,https://waytochurch.com/lyrics/song/2854
2855,yaesuvale ila naenumdedhanu ya,యేసువలె ఇల నేనుండెదను యేసువలెన,full,600,739,7,7,పి విజయ చార్లెస్,missing,https://waytochurch.com/lyrics/song/2855
2856,oa kraisthava yuvakaa nijammth,ఓ క్రైస్తవ యువకా నిజమంతయు గనుమ,full,356,469,3,3,బొంతా నతానియేలు,in_library_exact,https://waytochurch.com/lyrics/song/2856
2857,baalakaa nee varthanamu gaa pa,బాలకా నీ వర్తనము గా పాడుకొని జ,full,929,1224,9,9,దాసరి మోజెస్,missing,https://waytochurch.com/lyrics/song/2857
2858,శ్రీ యేసురీతిగాను ప్రేమింపఁ గ,,full,449,541,3,3,,missing,https://waytochurch.com/lyrics/song/2858
2859,chaethuleththi vmdhanamulu cha,చేతులెత్తి వందనములు చేతు మిపుడ,full,493,608,4,4,నరెళ్ల సమూయేలు సుబ్బయ్య,missing,https://waytochurch.com/lyrics/song/2859
2860,okka manuju derushlaemunumdi y,ఒక్క మనుజు డెరుషలేమునుండి యెరి,full,586,723,6,6,జి జాన్ తాతయ్య,missing,https://waytochurch.com/lyrics/song/2860
2861,vaaru dhanyu laina pillalu bho,వారు ధన్యు లైన పిల్లలు భూలోకమం,full,788,994,4,4,జాన్ హే,missing,https://waytochurch.com/lyrics/song/2861
2862,anukarimchedha nae nanudhinamu,అనుకరించెద నే ననుదినమును బాలుఁ,full,1039,1347,9,9,మల్లెల దావీదు,missing,https://waytochurch.com/lyrics/song/2862
2863,తండ్రి వంటివాఁడు మనకు ధరణిని బోషించువాఁడు దండ్రి ప్రియుఁ,,full,300,383,3,3,దేవుఁడు బలే మంచివాఁడు ధరణిని బాలించువాఁడు ఈవుల నిచ్చువా,missing,https://waytochurch.com/lyrics/song/2863
2864,hallelooya nee kallelooya chal,హల్లెలూయ నీ కల్లెలూయ చల్లఁగా ర,full,367,436,4,4,,missing,https://waytochurch.com/lyrics/song/2864
2865,aa chinna vaariloa naenumdi yu,ఆ చిన్న వారిలో నేనుండి యున్న న,full,645,800,4,4,తూపిలి యోహాను,missing,https://waytochurch.com/lyrics/song/2865
2866,yaesuboali mmchibudhdhi yemthoa prae,యేసుబోలి మంచిబుద్ధి యెంతో ప్రే,full,383,497,3,3,పి విజయ చార్లెస్,missing,https://waytochurch.com/lyrics/song/2866
2867,దేవపుత్రులందఱు ఎంతో భాగ్యవంతు,,full,376,468,5,5,,missing,https://waytochurch.com/lyrics/song/2867
2868,ae dhaeshasthulamaina ae jaath,ఏ దేశస్థులమైన ఏ జాతి మనదైన యేస,full,362,474,2,2,సి విజయ చార్లెస్,missing,https://waytochurch.com/lyrics/song/2868
2869,kalvariyunnmtha dhoorm vellenu,కల్వరియున్నంత దూరం వెళ్లెను నా,full,751,926,7,7,ఎవిలిన్ ప్రీస్ట్,missing,https://waytochurch.com/lyrics/song/2869
2870,chinnabiddala vinnapamula nenn,చిన్నబిడ్డల విన్నపముల నెన్నడైన,full,454,556,4,4,,missing,https://waytochurch.com/lyrics/song/2870
2871,kanyaa garbhamuna butti karuna,కన్యా గర్భమున బుట్టి కరుణగల్గు,full,558,705,4,4,మిక్కిలి దేవసహాయము,missing,https://waytochurch.com/lyrics/song/2871
2872,baala yaesuni joodarae karu na,బాల యేసుని జూడరే కరు ణాల వాలని,full,539,686,5,5,చెట్టి భానుమూర్తి,missing,https://waytochurch.com/lyrics/song/2872
2873,chinna paraloakamanna mana hrudhaym anna,చిన్న పరలోకమన్న మన హృదయం అన్న,full,253,313,4,4,ఓగిరాల గాబ్రియేలు,missing,https://waytochurch.com/lyrics/song/2873
2874,చిన్నవారి ప్రియ యేసు రక్షకా మ,,full,229,269,4,4,,missing,https://waytochurch.com/lyrics/song/2874
2875,aasheervaadhamu neeyuma maa pa,ఆశీర్వాదము నీయుమ మా పరమజనక యాశ,full,773,994,5,5,తూలూరి ప్రకాశము,missing,https://waytochurch.com/lyrics/song/2875
2876,నే బీద చిన్న పిల్లను నా బుద్ధ,,full,434,523,5,5,సెసిల్ ఫ్రాన్సెస్ అలెగ్జాండర్,missing,https://waytochurch.com/lyrics/song/2876
2877,ప్రకాశించుడి యను నాజ్ఞను ప్,,full,340,407,3,3,ఎమిలి హంటింగ్టవ్ మిల్లర్,missing,https://waytochurch.com/lyrics/song/2877
2878,యేసు నన్నుఁ బ్రేమించి దాసు నన,,full,297,362,3,3,అన్న చార్ట్లెట్ హర్నర్,missing,https://waytochurch.com/lyrics/song/2878
2879,jaym jaym hallelooya jaym jaya,జయం జయం హల్లెలూయ జయం జయ మిప్పు,full,338,410,3,3,ఎబిలిన్ ప్రీష్టి,missing,https://waytochurch.com/lyrics/song/2879
2880,baalakula vinnapamu laalimchu,బాలకుల విన్నపము లాలించు రక్షకా,full,403,525,5,5,,missing,https://waytochurch.com/lyrics/song/2880
2881,raajaa naa dhaevaa nannu gaava,రాజా నా దేవా నన్ను గావ రావే ప్,full,364,454,4,4,జి పెద సమూయేలు,missing,https://waytochurch.com/lyrics/song/2881
2882,yaesunaadhaa raaraaraa maa jee,యేసునాధా రారారా మా జీవనాధా రార,full,330,408,6,6,ఫిలిప్ బెంజమిన్,missing,https://waytochurch.com/lyrics/song/2882
2883,pilla naina nannuao joodumee p,పిల్ల నైన నన్నుఁ జూడుమీ ప్రియ,full,821,1021,4,4,పులిపాక జగన్నాధము,missing,https://waytochurch.com/lyrics/song/2883
2884,dhaeva kaavavae naedu mammulan,దేవ కావవే నేడు మమ్ములన్ నీవెరా,full,276,350,3,3,,missing,https://waytochurch.com/lyrics/song/2884
2885,dhaevakaavavae raathri mammula,దేవకావవే రాత్రి మమ్ములన్ నీవె,full,269,342,3,3,,missing,https://waytochurch.com/lyrics/song/2885
2886,ghana bhava dhupakruthu lanu m,ఘన భవ దుపకృతు లను మాటికి నే వి,full,428,592,3,3,మిక్కిలి నమూయేలు,missing,https://waytochurch.com/lyrics/song/2886
2887,vijayageethamul paadarae krees,విజయగీతముల్ పాడరే క్రీస్తునకు,full,740,947,3,3,అల్లారి పెదవీరాస్వామి,missing,https://waytochurch.com/lyrics/song/2887
2888,yaesu bhajanayae manalanu aa s,యేసు భజనయే మనలను ఆ సుగతికిఁ దీ,full,498,652,5,5,విలియం డాసన్,missing,https://waytochurch.com/lyrics/song/2888
2889,choodumu gethsemanae thoataloa,చూడుము గెత్సెమనే తోటలో నా ప్రభ,full,655,865,6,6,,missing,https://waytochurch.com/lyrics/song/2889
2890,jaya jaya yaesu jayayaesu jaya,జయ జయ యేసు జయయేసు జయజయ క్రీస్త,full,719,943,7,7,,in_library_contained,https://waytochurch.com/lyrics/song/2890
2891,jaya vijayamani paadudhamaa ja,జయ విజయమని పాడుదమా జయ విజయుడగు,full,256,323,2,2,,missing,https://waytochurch.com/lyrics/song/2891
2892,jeevithammtha nee praemagaanm,జీవితమంత నీ ప్రేమగానం ప్రణుతిం,full,546,703,4,4,,in_library_contained,https://waytochurch.com/lyrics/song/2892
2893,tharatharaalaloa yugayugaalal,తరతరాలలో యుగయుగాలలో జగజగాలలో,full,269,343,3,3,,in_library_exact,https://waytochurch.com/lyrics/song/2893
2894,dhayachaeyumu paapakshmaa dhay,దయచేయుము పాపక్షమా దయచేయుము పాప,full,270,333,4,4,,missing,https://waytochurch.com/lyrics/song/2894
2895,ఆనంద యాత్ర ఇది ఆత్మీయ యాత్ర య,,full,430,573,4,4,,in_library_contained,https://waytochurch.com/lyrics/song/2895
2896,dhaevudu manaku ellappudu thoa,దేవుడు మనకు ఎల్లప్పుడు తోడుగను,full,729,928,7,7,,in_library_contained,https://waytochurch.com/lyrics/song/2896
2897,dhaevuniki sthoathramu gaanamu,దేవునికి స్తోత్రము గానము చేయుట,full,1090,1367,12,12,,in_library_contained,https://waytochurch.com/lyrics/song/2897
2898,dhaevuni vaarasulm praema niva,దేవుని వారసులం ప్రేమ నివాసులము,full,913,1210,7,7,,in_library_exact,https://waytochurch.com/lyrics/song/2898
2899,dhaevuni sthuthiyimchudi ellap,దేవుని స్తుతియించుడి ఎల్లప్పుడ,full,573,734,9,9,,in_library_contained,https://waytochurch.com/lyrics/song/2899
2900,dhorakuthaavuraa sahoadharaa,దొరకుతావురా సహోదరా దొరుకుతావు,full,1044,1354,10,10,,missing,https://waytochurch.com/lyrics/song/2900
2901,nadipimchu naanaava nadismdhra,నడిపించు నానావ నడిసంద్రమున దేవ,full,1031,1343,6,6,,in_library_exact,https://waytochurch.com/lyrics/song/2901
2902,nammavadhdhu nammavadhdhu ee m,నమ్మవద్దు నమ్మవద్దు ఈ మాయలోకం,full,753,907,6,6,,missing,https://waytochurch.com/lyrics/song/2902
2903,నరకమనునది నిరంతముండునయో ఆ ఘోర,,full,527,650,3,3,,missing,https://waytochurch.com/lyrics/song/2903
2904,నాదు జీవమాయనే నా సమస్తము నా స,,full,502,658,3,3,,in_library_contained,https://waytochurch.com/lyrics/song/2904
2905,naa nimiththamaayana mahini sh,నా నిమిత్తమాయన మహిని శ్రమలు పొ,full,722,908,8,8,,missing,https://waytochurch.com/lyrics/song/2905
2906,ఆనందం ఆనందం దినదినం ఆనందం యేస,,full,481,612,3,3,,missing,https://waytochurch.com/lyrics/song/2906
2907,నా ప్రాణప్రియుడా యేసు రాజా అర,,full,780,994,6,6,,in_library_contained,https://waytochurch.com/lyrics/song/2907
2908,naa priya yaesunipai aanukoni,నా ప్రియ యేసునిపై ఆనుకొని అరణ్,full,638,806,6,6,,missing,https://waytochurch.com/lyrics/song/2908
2909,నా సంకటంబులన్నియు తీరిపోయెసం,,full,520,660,7,7,,missing,https://waytochurch.com/lyrics/song/2909
2910,nee chaethithoa nannu pattukoa,నీ చేతితో నన్ను పట్టుకో నీ ఆత్,full,379,483,3,3,,in_library_contained,https://waytochurch.com/lyrics/song/2910
2911,nae yaesuni vembadimthunani na,నే యేసుని వెంబడింతునని నేడేగా,full,478,608,3,3,,in_library_contained,https://waytochurch.com/lyrics/song/2911
2912,యేసు చాలును యేసు చాలును యే సమ,,full,510,647,4,4,,in_library_contained,https://waytochurch.com/lyrics/song/2912
2913,paadedha dhaeva nee krupalan n,పాడెద దేవ నీ కృపలన్ నూతన గీతము,full,767,971,6,6,,in_library_contained,https://waytochurch.com/lyrics/song/2913
2914,prajalamae vaegame raare nijad,ప్రజలమే వేగమె రారె నిజదైవమును,full,489,618,5,5,,missing,https://waytochurch.com/lyrics/song/2914
2915,prabhu praema tholikaeka hrudh,ప్రభు ప్రేమ తొలికేక హృదయంలో ప్,full,1137,1518,5,5,,missing,https://waytochurch.com/lyrics/song/2915
2916,prabhu yaesuni vadhanamuloa na,ప్రభు యేసుని వదనములో నా దేవుని,full,545,719,3,3,,missing,https://waytochurch.com/lyrics/song/2916
2917,idhigoa nee raaju vachchuchumd,ఇదిగో నీ రాజు వచ్చుచుండె సీయోన,full,618,788,7,7,,missing,https://waytochurch.com/lyrics/song/2917
2918,prabhuvaa nae ninnu nammi nin,ప్రభువా నే నిన్ను నమ్మి నిన్న,full,693,832,5,5,,in_library_contained,https://waytochurch.com/lyrics/song/2918
2919,praemaamruththadhaaralu chimdh,ప్రేమామృత్తధారలు చిందించిన యేస,full,507,658,3,3,,missing,https://waytochurch.com/lyrics/song/2919
2920,priyayaesu nirmimchithivi priy,ప్రియయేసు నిర్మించితివి ప్రియమ,full,324,407,3,3,,in_library_contained,https://waytochurch.com/lyrics/song/2920
2921,manulu maanikyamulunnaa maedam,మణులు మాణిక్యములున్నా మేడమిద్ద,full,490,568,4,4,,missing,https://waytochurch.com/lyrics/song/2921
2922,madhurm madhurm madhurm yaesun,మధురం మధురం మధురం యేసునాధ కథ మ,full,731,948,6,6,,missing,https://waytochurch.com/lyrics/song/2922
2923,maargamu choopumu imtiki naa t,మార్గము చూపుము ఇంటికి నా తండ్ర,full,1023,1271,6,6,,in_library_contained,https://waytochurch.com/lyrics/song/2923
2924,yehoavaa naa balamaa yadhaarth,యెహోవా నా బలమా యధార్థమైనది నీ,full,1005,1297,8,8,,in_library_contained,https://waytochurch.com/lyrics/song/2924
2925,rammanuchunnaa daesuraaju rmdi,రమ్మనుచున్నా డేసురాజు రండి సర్,full,417,512,4,4,,missing,https://waytochurch.com/lyrics/song/2925
2926,rammu nee tharunamidhae pilac,రమ్ము నీ తరుణమిదే పిలచుచున్నా,full,669,829,6,6,,missing,https://waytochurch.com/lyrics/song/2926
2927,rmdi rmdi yaesuni yodhdhaku ra,రండి రండి యేసుని యొద్దకు రమ్మన,full,598,742,5,5,,in_library_contained,https://waytochurch.com/lyrics/song/2927
2928,idhiyae samaymbu rmdi yaesuni,ఇదియే సమయంబు రండి యేసుని జేరండ,full,861,1077,7,7,,in_library_exact,https://waytochurch.com/lyrics/song/2928
2929,raeyimpagalu nee padhasaevae y,రేయింపగలు నీ పదసేవే యేసు ప్రభు,full,789,1026,7,7,,missing,https://waytochurch.com/lyrics/song/2929
2930,ఈ జీవిత ఈత ఈదలేకున్నాను నా చే,,full,916,1163,7,7,,missing,https://waytochurch.com/lyrics/song/2930
2931,ఎల్ల వేళలందు కష్టలమందు వల్లభు,,full,543,687,7,7,,missing,https://waytochurch.com/lyrics/song/2931
2932,evani athikramamulu mannimpaba,ఎవని అతిక్రమములు మన్నింపబడెనో,full,730,911,9,9,,missing,https://waytochurch.com/lyrics/song/2932
2933,రండి సువార్త సునాదముతో రంజిలు,,full,612,806,5,5,ఏ బి మాసిలామణి,in_library_contained,https://waytochurch.com/lyrics/song/2933
2934,kreesthae sarvaadhikaari krees,క్రీస్తే సర్వాధికారి క్రీస్తే,full,655,822,7,7,రావూరి రత్నము,in_library_contained,https://waytochurch.com/lyrics/song/2934
2935,neevaeyani nammaka yaesunaaku,నీవేయని నమ్మక యేసునాకు నీవేయని,full,560,707,4,4,ముంగమూరి దేవదాసు,in_library_contained,https://waytochurch.com/lyrics/song/2935
2936,kreesthaesu shakthinaamamellaru keer,క్రీస్తేసు శక్తినామమెల్లరు కీర,full,798,968,7,7,ఎ  చార్లెస్ కిన్సింగర్,missing,https://waytochurch.com/lyrics/song/2936
2937,నాయేసు నామ శబ్దము ఎంతో యింపైన,,full,430,542,6,6,జాన్ స్యూటన్,missing,https://waytochurch.com/lyrics/song/2937
2938,యేసు నామము స్మరించు బాధ నీకుఁ,,full,394,496,4,4,ఎల్ చాక్ట్సర్,missing,https://waytochurch.com/lyrics/song/2938
2939,yaesu naamaamruthamu kannanu v,యేసు నామామృతము కన్నను వేరే మాక,full,499,636,4,4,గొల్లవల్లి నతానియేలు,missing,https://waytochurch.com/lyrics/song/2939
2940,yaesu naama memthoa madhurm ya,యేసు నామ మెంతో మధురం యేసు నామ,full,445,565,5,5,పురుషోత్తము చౌధరి,missing,https://waytochurch.com/lyrics/song/2940
2941,yaesu naamamae paavanamu maaku,యేసు నామమే పావనము మాకు యేసు గద,full,576,731,4,4,పురుషోత్తమ చౌధరి,missing,https://waytochurch.com/lyrics/song/2941
2942,yaesae bhagavannaamm bhajimpa,యేసే భగవన్నామం భజింపను యేసే,full,409,545,5,5,పి  రవివర్మ,missing,https://waytochurch.com/lyrics/song/2942
2943,yaesu nee naamaamruthamu maa k,యేసు నీ నామామృతము మా కెంతో రుచ,full,567,732,4,4,యోసేపు దానియేలు,in_library_contained,https://waytochurch.com/lyrics/song/2943
2944,varanaamamae sharanamu sharana,వరనామమే శరణము శరణము క్రీస్తు వ,full,499,653,6,6,విలియం డాసన్,missing,https://waytochurch.com/lyrics/song/2944
2945,shree yaesu dhivya naamasmaran,శ్రీ యేసు దివ్య నామస్మరణ చేయవే,full,1056,1374,12,12,వంతగాని పరదేశి,missing,https://waytochurch.com/lyrics/song/2945
2946,raaraajagu yaesuninaamm ramymb,రారాజగు యేసునినామం రమ్యంబగు దే,full,413,518,5,5,పి  రవివర్మ,missing,https://waytochurch.com/lyrics/song/2946
2947,dhaevuni praema yidhigoa janul,దేవుని ప్రేమ యిదిగో జనులార భావ,full,1704,2139,15,15,గొల్లపల్లి నతానియేలు,missing,https://waytochurch.com/lyrics/song/2947
2948,seeyoanukanyaa smbhramapaduchu,సీయోనుకన్యా సంభ్రమపడుచు వేయుము,full,574,723,4,4,,missing,https://waytochurch.com/lyrics/song/2948
2949,dhraakshaavallini naenu dhraak,ద్రాక్షావల్లిని నేను ద్రాక్షాత,full,635,793,6,6,ఎం జే  రామాంజులు,missing,https://waytochurch.com/lyrics/song/2949
2950,idhigoa shubhadha rakshnamu dh,ఇదిగో శుభద రక్షణము దేవుఁడు పంప,full,672,865,4,4,పురుషోత్తమ చౌధరి,missing,https://waytochurch.com/lyrics/song/2950
2951,vinare manujulaara kreesthuao,వినరె మనుజులార క్రీస్తుఁ డిలను,full,1534,1925,16,16,పురుషోత్తముచౌధరి,missing,https://waytochurch.com/lyrics/song/2951
2952,amdhamaina kreesthu katha mee,అందమైన క్రీస్తు కథ మీ రాలింపరయ,full,1084,1398,4,4,పురుషోత్తము చౌధరి,missing,https://waytochurch.com/lyrics/song/2952
2953,kanare yaesuni prathyakshmbu a,కనరె యేసుని ప్రత్యక్షంబు అన్య,full,954,1203,7,7,తూలూరి ప్రకాశము,missing,https://waytochurch.com/lyrics/song/2953
2954,naerchukonarae yaesuvaaduka la,నేర్చుకొనరే యేసువాడుక లనుదినము,full,850,1092,7,7,ఈతకోట ప్రకాశము,missing,https://waytochurch.com/lyrics/song/2954
2955,evaru bhaagyavmthu laudhu rava,ఎవరు భాగ్యవంతు లౌదు రవని లోపల,full,691,880,6,6,పురుషోత్తము చౌధరి,missing,https://waytochurch.com/lyrics/song/2955
2956,vinarayya narulaaraa vishvaasa,వినరయ్య నరులారా విశ్వాసమున క్ర,full,689,859,5,5,పురుషోత్తము చౌధరి,missing,https://waytochurch.com/lyrics/song/2956
2957,aelaativaaaodoa kaani yee yaes,ఏలాటివాఁడో కాని యీ యేసుని నేమన,full,618,780,5,5,తూసిలి బెంజిమిన్,missing,https://waytochurch.com/lyrics/song/2957
2958,yaesu vasthrapu chemgunu maath,యేసు వస్త్రపు చెంగును మాత్రమే,full,643,794,5,5,తూపిలి బెంజిమిన్,missing,https://waytochurch.com/lyrics/song/2958
2959,vimthagala maa yaesu praemanu,వింతగల మా యేసు ప్రేమను సంతసమున,full,517,673,3,3,తూపిలి బెంజిమిన్,missing,https://waytochurch.com/lyrics/song/2959
2960,yaesukreesthu prabhuvaa maemu,యేసుక్రీస్తు ప్రభువా మేము నీ మ,full,683,875,6,6,గొల్లవల్లి నతానియేలు,missing,https://waytochurch.com/lyrics/song/2960
2961,Yesu Nannu Preminchinaavu,యేసూ నన్ను ప్రేమించినావు పాపిన,full,680,827,5,5,బేతాళ జాన్,in_library_contained,https://waytochurch.com/lyrics/song/2961
2962,yaesukreesthu dhorike naeni ya,యేసుక్రీస్తు దొరికె నేని యేమిక,full,761,947,7,7,గొల్లపల్లి నతానియేలు,missing,https://waytochurch.com/lyrics/song/2962
2963,yaesuni praemanu naemaarakanu,యేసుని ప్రేమను నేమారకను నెప్పు,full,678,897,5,5,దొరసామి ఆరోగ్యము,missing,https://waytochurch.com/lyrics/song/2963
2964,yaesuvmti priya bmdhuaodu naak,యేసువంటి ప్రియ బంధుఁడు నాకిఁక,full,909,1141,7,7,పురుషోత్తమ చౌధరి,missing,https://waytochurch.com/lyrics/song/2964
2965,aemi laedhu sumee jagamuloa ya,ఏమి లేదు సుమీ జగములో యేసుని ప్,full,720,959,3,3,విలియం డాసన్,missing,https://waytochurch.com/lyrics/song/2965
2966,శ్రేష్ఠుఁడెల్లవారిలోను మా యేస,,full,539,669,4,4,జాన్ న్యూటన్,missing,https://waytochurch.com/lyrics/song/2966
2967,annaa mana yaesu prabhuni kann,అన్నా మన యేసు ప్రభుని కన్న రక్,full,557,702,5,5,రావూరి లక్ష్మయ్య,missing,https://waytochurch.com/lyrics/song/2967
2968,idugoa gorrelakaapari soadharu,ఇడుగో గొఱ్ఱెలకాపరి సోదరులారా య,full,1313,1608,9,9,పురుషోత్తము చౌధరి,missing,https://waytochurch.com/lyrics/song/2968
2969,eeyanaa yaesu rakshkudu thana,ఈయనా యేసు రక్షకుడు తన దాయమని ర,full,842,1105,5,5,మిక్కిలి నమూయేలు,missing,https://waytochurch.com/lyrics/song/2969
2970,eelaatidhaa yaesu praema nannu,ఈలాటిదా యేసు ప్రేమ నన్ను తూలనా,full,847,1100,6,6,రావూరి రంగయ్య,in_library_contained,https://waytochurch.com/lyrics/song/2970
2971,yaesuraaju needhu praema nemch,యేసురాజు నీదు ప్రేమ నెంచ తరముగ,full,737,935,7,7,చదలవాడ తామస్,missing,https://waytochurch.com/lyrics/song/2971
2972,oa vimtha naa rakshkuaodaa na,ఓ వింత నా రక్షకుఁడా నాకై నీ వ,full,555,719,3,3,తామస్ హీలిన్,missing,https://waytochurch.com/lyrics/song/2972
2973,parama rakshka yaesu prabhuvaa,పరమ రక్షక యేసు ప్రభువా నే నీ ప,full,984,1290,5,5,రావూరి రంగయ్య,missing,https://waytochurch.com/lyrics/song/2973
2974,paapi kaashrayuaodavu neevae y,పాపి కాశ్రయుఁడవు నీవే యేసు నీవ,full,602,776,7,7,మిక్కిలి నమూయేలు,missing,https://waytochurch.com/lyrics/song/2974
2975,yaesu shishyulaku neruka jaesi,యేసు శిష్యులకు నెరుక జేసిన భవి,full,451,596,3,3,పురుషోత్తమ చౌధరి,missing,https://waytochurch.com/lyrics/song/2975
2976,ae paapa meruaogani yoapaavana,ఏ పాప మెఱుఁగని యోపావన మూర్తి ప,full,930,1174,7,7,యర్మణశెట్టి దావీదు,in_library_contained,https://waytochurch.com/lyrics/song/2976
2977,paapulayeda kree sthuni priya,పాపులయెడ క్రీ స్తుని ప్రియ మెట,full,642,808,4,4,పురుషోత్తము చౌధరి,missing,https://waytochurch.com/lyrics/song/2977
2978,choodarae kreesthuni joodarae,చూడరే క్రీస్తుని జూడరే నా సఖుల,full,652,843,3,3,పురుషోత్తమ చౌధరి,missing,https://waytochurch.com/lyrics/song/2978
2979,vmdhanm neekae vmdhanm parishu,వందనం నీకే వందనం పరిశుద్ధ శిరమ,full,1226,1595,6,6,రావూరి దావీదు,missing,https://waytochurch.com/lyrics/song/2979
2980,aahaa yemthati shramalao bomdh,ఆహా యెంతటి శ్రమలఁ బొందితి వయ్య,full,565,714,4,4,కొత్తపల్లి జాన్,missing,https://waytochurch.com/lyrics/song/2980
2981,emthoa vimtha yemthoa chimtha,ఎంతో వింత యెంతో చింత యేసునాధు,full,611,748,5,5,,in_library_contained,https://waytochurch.com/lyrics/song/2981
2982,aidhu gaayamu lomdhinaavaa naa,ఐదు గాయము లొందినావా నాకొర కైద,full,918,1212,7,7,బేతాళ్ జాన్,missing,https://waytochurch.com/lyrics/song/2982
2983,choodarae siluvanu vrae laadu,చూడరే సిలువను వ్రే లాడు యేసయ్య,full,392,513,4,4,ఒంగోలు అబ్రహాము,in_library_contained,https://waytochurch.com/lyrics/song/2983
2984,yaesunaadhuni siluvapaini vaes,యేసునాధుని సిలువపైని వేసి శ్రమ,full,613,821,7,7,జుటిక దావీదు,missing,https://waytochurch.com/lyrics/song/2984
2985,ennaodu gaamchedhamoa yaesuni,ఎన్నఁడు గాంచెదమో యేసుని నెన్నఁ,full,583,726,5,5,గొల్లపల్లి నతానియేలు,missing,https://waytochurch.com/lyrics/song/2985
2986,aa ymdhakaarmpu raeyiloa krees,ఆ యంధకారంపు రేయిలో క్రీస్తు పడ,full,1370,1759,5,5,పురుషోత్తమ చౌధరి,missing,https://waytochurch.com/lyrics/song/2986
2987,aahaa mahaathma haa sharanyaa,ఆహా మహాత్మ హా శరణ్యా హా విమోచక,full,678,860,7,7,పంతగాని పరదేశి,in_library_exact,https://waytochurch.com/lyrics/song/2987
2988,ayyoa naadhagu ghoarapaapamu g,అయ్యో నాదగు ఘోరపాపము గదా భారమై,full,833,1037,6,6,యెద్దు దానియేలు,missing,https://waytochurch.com/lyrics/song/2988
2989,siluvae naa sharanaayenu raa n,సిలువే నా శరణాయెను రా నీ సిలువ,full,526,683,5,5,చెట్టి భానుమూర్తి,in_library_contained,https://waytochurch.com/lyrics/song/2989
2990,sirulella vrudha kaaaogao pari,సిరులెల్ల వృధ కాఁగఁ పరికించి న,full,549,683,3,3,విలియం డాసన్,missing,https://waytochurch.com/lyrics/song/2990
2991,chaediyalu gumpugoodiri kreest,చేడియలు గుంపుగూడిరి క్రీస్తు జ,full,361,435,2,2,,missing,https://waytochurch.com/lyrics/song/2991
2992,కలవరి మెట్టపై కలవర మెట్టిదొ సి,కలవరి మెట్టపై కలవర మెట్టిదొ సి,full,430,548,5,5,చెట్టి భానుమూర్తి,missing,https://waytochurch.com/lyrics/song/2992
2993,kalvari girijaeru manasaa silv,కల్వరి గిరిజేరు మనసా సిల్వ సరస,full,846,1088,9,9,పంతగాని పరదేశి,missing,https://waytochurch.com/lyrics/song/2993
2994,emdhuaoboayedhavoa haa prabhur,ఎందుఁబోయెదవో హా ప్రభురాయ ఎందుఁ,full,809,1043,6,6,రావూరి రంగయ్య,missing,https://waytochurch.com/lyrics/song/2994
2995,siluvaloa vraelaadu prabhuvae,సిలువలో వ్రేలాడు ప్రభువే విలువ,full,1036,1324,8,8,రావూరి రంగయ్య,missing,https://waytochurch.com/lyrics/song/2995
2996,aemi naermbulaeka yaa maranast,ఏమి నేరంబులేక యా మరణస్తంభము నే,full,2138,2644,14,14,బేతాళ జాన్,missing,https://waytochurch.com/lyrics/song/2996
2997,naa yanna raaaogadhae oa yaesu,నా యన్న రాఁగదే ఓ యేసు తండ్రి న,full,768,995,4,4,పురుషోత్తము చౌధరి,missing,https://waytochurch.com/lyrics/song/2997
2998,karunasaagara veevaekaavaa maranamomdha sil,కరుణసాగర వీవేకావా మరణమొంద సిల్,full,840,1106,5,5,గొల్లపల్లి నతానియేలు,missing,https://waytochurch.com/lyrics/song/2998
2999,emtha goppa bobba puttenu dhaa,ఎంత గొప్ప బొబ్బ పుట్టెను దానిత,full,850,1052,4,4,ముంగమూరి దేవదాసు,missing,https://waytochurch.com/lyrics/song/2999
3000,harshmae yemthoa harshmae kree,హర్షమే యెంతో హర్షమే క్రీస్తును,full,895,1136,7,7,మిక్కిలి సమూయేలు,missing,https://waytochurch.com/lyrics/song/3000
3001,naa korakuao chanipoayi naaaod,నా కొఱకుఁ చనిపోయి నాఁడ ఆద యాకర,full,818,1071,6,6,మిక్కిలి సమూయేలు,missing,https://waytochurch.com/lyrics/song/3001
3002,గాయంబుతో నిండారు ఓ శుద్ధ శిరస,,full,696,872,5,5,బెర్నార్డ్ క్లైర్ వాక్స్,missing,https://waytochurch.com/lyrics/song/3002
3003,సిల్వయొద్దఁ జేరుదున్ బీద హీనయ,,full,488,584,5,5,డబల్యు మెక్డోనాల్డ్,missing,https://waytochurch.com/lyrics/song/3003
3004,మహాత్ముఁడైన నా ప్రభు విచిత్ర,,full,524,640,6,6,ఐజక్ వాట్స్,in_library_contained,https://waytochurch.com/lyrics/song/3004
3005,manasa yaesu marana baadha len,మనస యేసు మరణ బాధ లెనసి పాడవే త,full,1528,1934,12,12,మిక్కిలి నమూయేలు,in_library_contained,https://waytochurch.com/lyrics/song/3005
3006,raajulaku raajaina yee mana vi,రాజులకు రాజైన యీ మన విభుని పూజ,full,854,1064,7,7,ఎస్  జేమ్సు,missing,https://waytochurch.com/lyrics/song/3006
3007,emthoa dhuhkhamuao bomdhithiva,ఎంతో దుఃఖముఁ బొందితివా నాకొర క,full,889,1103,6,6,బూదాల లైమన్,missing,https://waytochurch.com/lyrics/song/3007
3008,siluvanu moasithivaa naa korak,సిలువను మోసితివా నా కొఱకై కలువ,full,617,780,4,4,,missing,https://waytochurch.com/lyrics/song/3008
3009,aemaashcharyamu priyulaaraa kr,ఏమాశ్చర్యము ప్రియులారా క్రీస్త,full,962,1228,3,3,పురుషోత్తము చౌధరి,missing,https://waytochurch.com/lyrics/song/3009
3010,apu darchakaadhu luppomgiri pr,అపు డర్చకాదు లుప్పొంగిరి ప్రభు,full,572,690,3,3,పురుషోత్తము చౌధరి,missing,https://waytochurch.com/lyrics/song/3010
3011,shree yaesunae bhajimchu naa m,శ్రీ యేసునే భజించు నా మనసా శ్ర,full,500,635,5,5,యెషయా వీరమార్టిన్,missing,https://waytochurch.com/lyrics/song/3011
3012,yaesuni bhajiyimpavae manasaa,యేసుని భజియింపవే మనసా నీ దోసము,full,1032,1322,5,5,రావూరి లక్ష్మయ్య,missing,https://waytochurch.com/lyrics/song/3012
3013,bhajanachaeyuchu bhakthapaalak,భజనచేయుచు భక్తపాలక ప్రస్తుతింత,full,470,616,4,4,దొరసామి ఆరోగ్యము,in_library_contained,https://waytochurch.com/lyrics/song/3013
3014,yaesubhajanasaeyavae dhoasapum,యేసుభజనసేయవే దోసపుమనసా వాసిగ,full,339,449,4,4,ఓగిరాల గాబ్రియేలు,missing,https://waytochurch.com/lyrics/song/3014
3015,raarae mana yaesu svaamini joo,రారే మన యేసు స్వామిని జూతము కో,full,939,1299,2,2,పురుషోత్తమ చౌధరి,in_library_contained,https://waytochurch.com/lyrics/song/3015
3016,idhigoa neethibhaaskarumdu udh,ఇదిగో నీతిభాస్కరుండు ఉదయమాయె న,full,665,915,5,5,చెట్టి భానుమూర్తి,missing,https://waytochurch.com/lyrics/song/3016
3017,chaerikolvuaodi kreesthuni paa,చేరికొల్వుఁడి క్రీస్తుని పాదము,full,659,830,8,8,కాజా అనంతము,missing,https://waytochurch.com/lyrics/song/3017
3018,aemi naenu samarpimthu yaesoo,ఏమి నేను సమర్పింతు యేసూ యెట్లు,full,758,942,5,5,పులిపాక జగన్నాధము,missing,https://waytochurch.com/lyrics/song/3018
3019,sarvadhaeshamulaaraa shree yae,సర్వదేశములారా శ్రీ యేసే దేవుండ,full,508,648,5,5,నరెళ్ల నమూయేలు సుబ్బయ్య,missing,https://waytochurch.com/lyrics/song/3019
3020,sarva loaka sm poojyaa namoanamoa sarv,సర్వ లోక సం పూజ్యా నమోనమో సర్వ,full,458,645,5,5,చెట్టి భానుమూర్తి,missing,https://waytochurch.com/lyrics/song/3020
3021,namoa yaesunaadhaa naadhaa nam,నమో యేసునాధా నాధా నమో జీవనాధా,full,405,575,3,3,ఇ జి  ఆనందము,missing,https://waytochurch.com/lyrics/song/3021
3022,vmdhanamayyaa yaesu neeku vmdh,వందనమయ్యా యేసు నీకు వందనమయ్యా,full,1042,1361,3,3,పురుషోత్తమ చౌధరి,missing,https://waytochurch.com/lyrics/song/3022
3023,kreesthunaayaka nee dhayaalini,క్రీస్తునాయక నీ దయాళిని కీర్తన,full,918,1129,8,8,మిక్కిలి నమూయేలు,missing,https://waytochurch.com/lyrics/song/3023
3024,naa rakshkaa yaesunaadha immaa,నా రక్షకా యేసునాధ ఇమ్మానుయేలు,full,772,981,8,8,తిరుకోవళ్లూరి స్టీవెన్,missing,https://waytochurch.com/lyrics/song/3024
3025,yaesu padhaambuja sharanm nara,యేసు పదాంబుజ శరణం నర దోష మహాంబ,full,534,754,5,5,చెట్టి భానుమూర్తి,missing,https://waytochurch.com/lyrics/song/3025
3026,dhaevaathma jayoa dheenadhayaa,దేవాత్మ జయో దీనదయాళూ పావనాత్మ,full,477,671,4,4,చెట్టి భానుమూర్తి,missing,https://waytochurch.com/lyrics/song/3026
3027,samaanulevaru prabhoa nee sama,సమానులెవరు ప్రభో నీ సమానులెవరు,full,358,484,4,4,చెట్టి భానుమూర్తి,in_library_contained,https://waytochurch.com/lyrics/song/3027
3028,yaesu kreesthuaodu nithya dhae,యేసు క్రీస్తుఁడు నిత్య దేవుఁడు,full,900,1150,8,8,గొల్లపల్లి నతానియేలు,missing,https://waytochurch.com/lyrics/song/3028
3029,దేవుని నీతి ప్రతాపం భువి యేసు,,full,652,856,4,4,ఏ బి మాసిలామణి,missing,https://waytochurch.com/lyrics/song/3029
3030,dhaeva kumaaraa dheenoapakaara,దేవ కుమారా దీనోపకారా నా వంక దయ,full,436,594,6,6,మిక్కిలి నమూయేలు,missing,https://waytochurch.com/lyrics/song/3030
3031,శ్రీ రక్షకుని నామము కీర్తించి,,full,463,602,5,5,ఎడ్వర్డ్ సెర్రొనెట్,missing,https://waytochurch.com/lyrics/song/3031
3032,సుందర రక్షకా సృష్టియొక్క నాధ,,full,397,511,4,4,ఎం గెసాంగ్‌బుచ్,missing,https://waytochurch.com/lyrics/song/3032
3033,స్తుతి స్తుతి సదయుఁడైన యేసు న,,full,551,689,3,3,ఫేనీ క్రాస్బీ,missing,https://waytochurch.com/lyrics/song/3033
3034,పాపల్ హోసన్నా పాటల్ పాడిన రీత,,full,425,521,3,3,తియోడల్ప్ అర్లియన్స్,missing,https://waytochurch.com/lyrics/song/3034
3035,నా యాత్మ నీలో మేల్కొని దయాళున,,full,266,312,3,3,ఎస్ మెడ్లే,missing,https://waytochurch.com/lyrics/song/3035
3036,మమున్ సృజించిన దేవుండు ప్రాణమ,,full,530,659,5,5,చార్లెస్ వెస్లీ,missing,https://waytochurch.com/lyrics/song/3036
3037,నమస్కరింప రండి దావీదు పుత్రున,,full,547,667,4,4,జేమ్స్ మాంట్ గోమరీ,missing,https://waytochurch.com/lyrics/song/3037
3038,neevu naa dhaevumdavai yu nnaa,నీవు నా దేవుండవై యు న్నావు యేస,full,441,577,5,5,,missing,https://waytochurch.com/lyrics/song/3038
3039,mmgalamuaobaadare kreesthunaku,మంగళముఁబాడరె క్రీస్తునకు జయ మం,full,536,689,3,3,పురుషోత్తము చౌధరి,missing,https://waytochurch.com/lyrics/song/3039
3040,mmgalamae yaesunaku manujaavat,మంగళమే యేసునకు మనుజావతారునకు శ,full,532,689,6,6,పురుషోత్తము చౌధరి,in_library_contained,https://waytochurch.com/lyrics/song/3040
3041,vmdhanamae yaesunaku varusugun,వందనమే యేసునకు వరుసుగుణోదారునక,full,473,627,5,5,పురుషోత్తము చౌధరి,missing,https://waytochurch.com/lyrics/song/3041
3042,mmgalmbani paadarae kreesthuku,మంగళంబని పాడరే క్రీస్తుకు జయ మ,full,623,818,3,3,పురుషోత్తము చౌధరి,missing,https://waytochurch.com/lyrics/song/3042
3043,kreesthuyaesuku mmgalm maa kee,క్రీస్తుయేసుకు మంగళం మా కీర్తి,full,592,742,5,5,రవివర్మ,missing,https://waytochurch.com/lyrics/song/3043
3044,mmgalamu kreesthunaku mahitha,మంగళము క్రీస్తునకు మహిత శుభవార,full,943,1232,6,6,బేతాళ జాన్,missing,https://waytochurch.com/lyrics/song/3044
3045,prabhu maargamulaymdhe bhayabh,ప్రభు మార్గములయందె భయభక్తి నిం,full,691,847,8,8,బేతాళ జాన్,missing,https://waytochurch.com/lyrics/song/3045
3046,koarukoni yunnaamu yaesu prabh,కోరుకొని యున్నాము యేసు ప్రభూ క,full,640,832,4,4,విలియం డాసన్,missing,https://waytochurch.com/lyrics/song/3046
3047,kaanaapurmbuloaao gadu vimthag,కానాపురంబులోఁ గడు వింతగా నీరు,full,801,985,5,5,పులిపాక జగన్నాధము,missing,https://waytochurch.com/lyrics/song/3047
3048,maanavula maelu koraku jnyaani,మానవుల మేలు కొరకు జ్ఞానియైన దే,full,452,578,4,4,,missing,https://waytochurch.com/lyrics/song/3048
3049,dhaevara nee dhaevenalu dhaara,దేవర నీ దేవెనలు ధారళముగను వీరల,full,897,1163,8,8,అల్లారి పెదవీరాస్వామి,in_library_contained,https://waytochurch.com/lyrics/song/3049
3050,మానవ జ్ఞానంబును మించినట్టి మా,,full,334,411,3,3,డోరతి ఫ్రాన్సెస్ గుర్నీ,missing,https://waytochurch.com/lyrics/song/3050
3051,ఏదేన్ వనంబునందు ఆది వివాహమున్,,full,429,508,6,6,జాన్ కెబిల్,missing,https://waytochurch.com/lyrics/song/3051
3052,dhaevaa maa gruhmbunu sadhayu,దేవా మా గృహంబును సదయుండవై దీవ,full,1117,1449,8,8,దాసరి మోజెస్,missing,https://waytochurch.com/lyrics/song/3052
3053,dheevimchu dhaevaa nee biddala,దీవించు దేవా నీ బిడ్డలను దీవిం,full,678,870,7,7,పి పి శుభామణి,missing,https://waytochurch.com/lyrics/song/3053
3054,ilao puchchukonuta kanna nemth,ఇలఁ పుచ్చుకొనుట కన్న నెంతో యిచ,full,648,832,3,3,మల్లెల దావీదు,missing,https://waytochurch.com/lyrics/song/3054
3055,iyyudi meekiyyabadunani iyyaga,ఇయ్యుడి మీకియ్యబడునని ఇయ్యగల శ,full,735,905,6,6,జి జాన్ తాతయ్య,missing,https://waytochurch.com/lyrics/song/3055
3056,dhashamu bhaagamu lella dhaevu,దశము భాగము లెల్ల దేవునివి ధారా,full,995,1331,5,5,కూచిపూడి రాజరత్నము,missing,https://waytochurch.com/lyrics/song/3056
3057,sthuthiyu mahimayu neeke kshit,స్తుతియు మహిమయు నీకె క్షితికిన,full,1163,1406,7,7,ముంగమూరి దేవదాసు,missing,https://waytochurch.com/lyrics/song/3057
3058,dhaathruthvamunu galigi perugu,దాతృత్వమును గలిగి పెరుగుదమ ధనమ,full,762,1018,10,10,మోర్త ప్రకాశము,missing,https://waytochurch.com/lyrics/song/3058
3059,ichchunatti vidhamu theliymdi,ఇచ్చునట్టి విధము తెలియండి ప్రి,full,640,828,3,3,బన్యన్ జోసఫ్,missing,https://waytochurch.com/lyrics/song/3059
3060,smthoashmuthoa nichchedu vaari,సంతోషముతో నిచ్చెడు వారిని నెంత,full,737,936,5,5,మోచర్ల రాఘవయ్య,in_library_contained,https://waytochurch.com/lyrics/song/3060
3061,మేమిచ్చు కానుకల్ నీవే మాకిచ్చ,,full,408,507,6,6,విలియం వాల్షా హౌ,missing,https://waytochurch.com/lyrics/song/3061
3062,parama thmdri ninnu mae mee pa,పరమ తండ్రి నిన్ను మే మీ పరస కా,full,693,901,8,8,యెషయా వీరమార్టిన్,missing,https://waytochurch.com/lyrics/song/3062
3063,nee dhanamu nee ghanamu prabhu,నీ ధనము నీ ఘనము ప్రభు యేసుదే న,full,501,658,4,4,బొంతా సమూయేలు,in_library_contained,https://waytochurch.com/lyrics/song/3063
3064,aedhi sakhuda yaedhi nee madhi,ఏది సఖుడ యేది నీ మదిని జేసికొన,full,543,686,5,5,చెట్టి భానుమూర్తి,missing,https://waytochurch.com/lyrics/song/3064
3065,saarvajagathiki smrakshkudu sv,సార్వజగతికి సంరక్షకుడు స్వామి,full,439,594,3,3,బండారు సుజ్ఞానము,missing,https://waytochurch.com/lyrics/song/3065
3066,koaaotha yajamaanumda sthoathr,కోఁత యజమానుండ స్తోత్రముఁ గూర్మ,full,1169,1515,11,11,కడియం గాబ్రియేలు,missing,https://waytochurch.com/lyrics/song/3066
3067,nuthi saeyanu laevae yoa manas,నుతి సేయను లేవే యో మనసా నుతిఁజ,full,661,825,4,4,వంతగాని పరదేశి,missing,https://waytochurch.com/lyrics/song/3067
3068,yehoava sannidhini nee sthoath,యెహోవ సన్నిధిని నీ స్తోత్రగానమ,full,520,658,5,5,గుంజా వెంకటరత్నము,missing,https://waytochurch.com/lyrics/song/3068
3069,sthuthiyimthumoa prabhuvaa shu,స్తుతియింతుమో ప్రభువా శుభమౌ నీ,full,692,876,4,4,బి ఇ దేవరాజు,missing,https://waytochurch.com/lyrics/song/3069
3070,ee gudiymdhu pravaeshimpan yae,ఈ గుడియందు ప్రవేశింపన్ యేసుని,full,803,1010,7,7,సి ఎం రఫాయేలు,missing,https://waytochurch.com/lyrics/song/3070
3071,yehoavaa nee mahima sthavamu y,యెహోవా నీ మహిమ స్తవము యేసుని స,full,1149,1475,5,5,పురుషోత్తము చౌదరి,missing,https://waytochurch.com/lyrics/song/3071
3072,aalimchu maa praarthana maa ra,ఆలించు మా ప్రార్థన మా రక్షకా య,full,805,1012,5,5,పులిపాక జగన్నాధము,missing,https://waytochurch.com/lyrics/song/3072
3073,సుఖులారా సంఘంపు బడి సంభంబునకు,సుఖులారా సంఘంపు బడి సంభంబునకు,full,729,934,7,7,మల్లెల దావీదు,missing,https://waytochurch.com/lyrics/song/3073
3074,mana dhaeshmbuna kreesthu suva,మన దేశంబున క్రీస్తు సువార్త వ్,full,790,988,5,5,మల్లెల దావీదు,missing,https://waytochurch.com/lyrics/song/3074
3075,paraloaka bhooloakmbulakunu br,పరలోక భూలోకంబులకును బ్రభువును,full,677,864,5,5,మల్లెల దావీదు,missing,https://waytochurch.com/lyrics/song/3075
3076,thryaeka dhaevuaoda yehoava dh,త్ర్యేక దేవుఁడ యెహోవ దేవు నే న,full,1095,1376,7,7,మార్తాండ జ్ఞాన ప్రకాశము,missing,https://waytochurch.com/lyrics/song/3076
3077,విశ్వాకాశము లాదులను సృష్టించి,,full,962,1180,8,8,ఎస్ వి సైమన్,missing,https://waytochurch.com/lyrics/song/3077
3078,yaesuva jayamuthoa yerushlaemu,యేసువ జయముతో యెరుషలేమున బ్ర వే,full,810,1039,6,6,బన్యన్ జోసఫ్,missing,https://waytochurch.com/lyrics/song/3078
3079,yaesuprabhuvu yerooshlaemu pra,యేసుప్రభువు యెరూషలేము ప్రవేశిం,full,757,953,7,7,గేరా ప్రేమయ్య,missing,https://waytochurch.com/lyrics/song/3079
3080,manoavilasithmbau dhinmbu mahi,మనోవిలసితంబౌ దినంబు మహిమాన్విత,full,726,981,6,6,ఇ జి ఆనందము,missing,https://waytochurch.com/lyrics/song/3080
3081,siluvaekadhaa chimthasadhaamah,సిలువేకదా చింతసదామహా సిలువేకదా,full,994,1257,8,8,రావూరి రంగయ్య,missing,https://waytochurch.com/lyrics/song/3081
3082,vinarae yoa narulaaraa veenula,వినరే యో నరులారా వీనుల కింపు మ,full,883,1169,5,5,పురుషోత్తమ చౌధరి,in_library_contained,https://waytochurch.com/lyrics/song/3082
3083,smthoashimchuaodi ymdharu naat,సంతోషించుఁడి యందరు నాతో సంతోషి,full,789,1045,5,5,బేతాళ జాన్,in_library_contained,https://waytochurch.com/lyrics/song/3083
3084,jnyaanu laaraadhimchiri yaesu,జ్ఞాను లారాధించిరి యేసు ప్రభున,full,566,724,4,4,బేతాళ జాన్,missing,https://waytochurch.com/lyrics/song/3084
3085,geethamulu paaduaodee yaesunik,గీతములు పాడుఁడీ యేసునికి సం గీ,full,745,991,4,4,మురారి దావీదు,missing,https://waytochurch.com/lyrics/song/3085
3086,raare choothumu raajasuthudee,రారె చూతుము రాజసుతుడీ రేయి జనన,full,481,635,4,4,చెట్టి భానుమూర్తి,missing,https://waytochurch.com/lyrics/song/3086
3087,yaesunaadhuni yoadhulmdharu va,యేసునాధుని యోధులందరు వాసిగ నిట,full,832,1046,5,5,మత్తయి నమూయేలు,missing,https://waytochurch.com/lyrics/song/3087
3088,maemu vellichoochinaamu svaami,మేము వెళ్లిచూచినాము స్వామి యేస,full,609,773,6,6,,in_library_contained,https://waytochurch.com/lyrics/song/3088
3089,loakammthata velugu prakaashim,లోకమంతట వెలుగు ప్రకాశించెను యే,full,771,944,4,4,ఆర్  దేవదాసు,in_library_contained,https://waytochurch.com/lyrics/song/3089
3090,choodarae maaraeaodu putti naa,చూడరే మాఱేఁడు పుట్టి నాఁడు బెత,full,454,557,4,4,జాన్ చౌధరి,missing,https://waytochurch.com/lyrics/song/3090
3091,sri yesundu janminche reyilo,శ్రీ యేసుండు జన్మించె రేయిలో న,full,607,732,7,7,కొమ్ము కృప,in_library_contained,https://waytochurch.com/lyrics/song/3091
3092,laalilaali laali laalamma laal,లాలిలాలి లాలి లాలమ్మ లాలీ లాలి,full,416,530,5,5,తిరుకోవళ్లూరి స్టీవెన్,missing,https://waytochurch.com/lyrics/song/3092
3093,raare gollavaaralaaraa naeti r,రారె గొల్లవారలారా నేటి రాత్రి,full,378,467,2,2,,missing,https://waytochurch.com/lyrics/song/3093
3094,ishraayaeleeyula dhaevumdae ye,ఇశ్రాయేలీయుల దేవుండే యెంతో స్త,full,995,1307,8,8,మల్లెల దావీదు,missing,https://waytochurch.com/lyrics/song/3094
3095,naadhu praanamu prabhuni migul,నాదు ప్రాణము ప్రభుని మిగుల ఘ న,full,958,1250,9,9,భవవాసి నమూయేలు,missing,https://waytochurch.com/lyrics/song/3095
3096,nee samaadhaanamu dhaasuni kip,నీ సమాధానము దాసుని కిప్పుడు నా,full,425,551,3,3,నమూయేలు పాక్యవాధము,missing,https://waytochurch.com/lyrics/song/3096
3097,ఓ సద్భక్తులారా లోకరక్షకుండు,,full,582,722,4,4,ఫ్రెడెరిక్ ఓకెలీ,in_library_exact,https://waytochurch.com/lyrics/song/3097
3098,దూత పాట పాడుఁడీరక్షకున్ స్తు,,full,548,688,3,3,చార్లెస్ వెస్లీ,in_library_contained,https://waytochurch.com/lyrics/song/3098
3099,suddharatri saddhanamga nandaru,శుద్ధరాత్రి సద్ధణంగనందఱు ని,full,371,457,3,3,బోసెఫ్ మోర్,in_library_contained,https://waytochurch.com/lyrics/song/3099
3100,శ్రీ రక్షకుండు పుట్టఁగా నాకాశ,,full,687,861,5,5,ఎడ్మండ్ హేమిల్టన్ పియర్స్,in_library_contained,https://waytochurch.com/lyrics/song/3100
3101,క్రైస్తవులారా లెండి యీనాడు క,,full,740,943,5,5,జాన్ బైరొం,missing,https://waytochurch.com/lyrics/song/3101
3102,హాయి లోకమా ప్రభువచ్చెన్ అంగ,,full,314,377,4,4,ఐజక్ వాట్స్,missing,https://waytochurch.com/lyrics/song/3102
3103,రండి పాడ దూతలారా నిండు సంతోషం,,full,584,706,5,5,జేమ్సు మాంట్ గోమరీ,missing,https://waytochurch.com/lyrics/song/3103
3104,vachchigaabriyaelu palkenu mar,వచ్చిగాబ్రియేలు పల్కెను మరియ మ,full,532,692,3,3,పురుషోత్తమ చౌదరి,missing,https://waytochurch.com/lyrics/song/3104
3105,ఓ బెత్లెహేము గ్రామమా సద్దేమి,,full,601,736,4,4,ఫిలిఫ్ బ్రూక్స్,in_library_contained,https://waytochurch.com/lyrics/song/3105
3106,వేకువచుక్కల శ్రేష్ఠమౌ దానా మ,,full,533,670,5,5,రెజినాల్డ్ హెబర్,missing,https://waytochurch.com/lyrics/song/3106
3107,udhayinchinaadu kristhudu nedu,ఉదయించినాఁడు క్రీస్తుఁడు నేఁడు,full,562,744,2,2,పురుషోత్తమ చౌదరి,missing,https://waytochurch.com/lyrics/song/3107
3108,koniyaada dharame ninnu koama,కొనియాడఁ దరమె నిన్ను కోమల హృదయ,full,621,787,6,6,వంతగాని పరదేశి,missing,https://waytochurch.com/lyrics/song/3108
3109,chimtha laedhiaoka yaesu putte,చింత లేదిఁక యేసు పుట్టెను వింత,full,541,683,4,4,ఎన్ డి  ఏబెల్,in_library_contained,https://waytochurch.com/lyrics/song/3109
3110,putte yaesuaodu naeaodu manaku,పుట్టె యేసుఁడు నేఁడు మనకు పుణ్,full,389,479,3,3,ఫేలిక్స్ ఆండ్రు,missing,https://waytochurch.com/lyrics/song/3110
3111,raeaodu messeeya janmimchenu s,ఱేఁడు మెస్సీయ జన్మించెను శ్రీద,full,1036,1306,7,7,ఎస్  జేమ్స్,missing,https://waytochurch.com/lyrics/song/3111
3112,rakshakundudayinchinadata manakoraku,రక్షకుండుదయించ్నాఁడఁట మనకొరకుఁ,full,653,812,5,5,మోచర్ల రాఘవయ్య,in_library_contained,https://waytochurch.com/lyrics/song/3112
3113,emthoa ghanamaguvaaralu parish,ఎంతో ఘనమగువారలు పరిశుద్ధులు ఎం,full,1869,2377,8,8,బన్యన్ జోసఫ్,missing,https://waytochurch.com/lyrics/song/3113
3114,madhyapaana priyulu gaakumdi p,మద్యపాన ప్రియులు గాకుండి ప్రియ,full,1037,1297,5,5,నేలటూరి లూకర్,missing,https://waytochurch.com/lyrics/song/3114
3115,parama vaidhyuaoda bhaaratheey,పరమ వైద్యుఁడ భారతీయుల వ్యాధి బ,full,862,1138,8,8,మల్లెల దావీదు,missing,https://waytochurch.com/lyrics/song/3115
3116,dhyaanimpa nae chiththamaa var,ధ్యానింప నే చిత్తమా వర్షాంతమున,full,738,957,7,7,పులిపాక జగన్నాధము,missing,https://waytochurch.com/lyrics/song/3116
3117,vmdhanm bonarthumoa prabhoa pr,వందనం బొనర్తుమో ప్రభో ప్రభో వం,full,768,957,5,5,మత్తయి సమూయేలు,in_library_contained,https://waytochurch.com/lyrics/song/3117
3118,ghanadhaeva priya thanayumdaa,ఘనదేవ ప్రియ తనయుండా జగద్రక్షా,full,1093,1461,6,6,గొల్లపల్లి అంద్రెయ్య,missing,https://waytochurch.com/lyrics/song/3118
3119,kroththa yaedu modhalu bettenu,క్రొత్త యేడు మొదలు బెట్టెను మన,full,934,1181,5,5,పులిపాక జగన్నాధము,in_library_contained,https://waytochurch.com/lyrics/song/3119
3120,dhaivapraema manalanepudu bmdh,దైవప్రేమ మనలనెపుడు బంధించుగా ద,full,458,594,4,4,ఎ చార్లెస్ కిన్సింగర్,missing,https://waytochurch.com/lyrics/song/3120
3121,sthoathramu saeyarae soadharul,స్తోత్రము సేయరే సోదరులార మన యా,full,834,1058,7,7,గొల్లపల్లి నతానియేలు,missing,https://waytochurch.com/lyrics/song/3121
3122,స్నేహంపు బంధమా శుభంబు నొందుమా,,full,266,325,4,4,జాన్ ఫాసెట్,missing,https://waytochurch.com/lyrics/song/3122
3123,ముందు కందరును జేరను ఎందు బోయి,,full,437,535,4,4,జెర్మియా ఇ రేంకిన్,missing,https://waytochurch.com/lyrics/song/3123
3124,dhaeshasaevaojaesi dhaeva dhaa,దేశసేవఁజేసి దేవ దాసులై వర్ధిల్,full,589,778,5,5,మార్తాండ జ్ఞాన ప్రకాశము,missing,https://waytochurch.com/lyrics/song/3124
3125,జనగణ మన అధినాయక జయహే భారత భాగ,,full,244,373,5,5,,missing,https://waytochurch.com/lyrics/song/3125
3126,prabhuvaa mammunudheevimchi pm,ప్రభువా మమ్మునుదీవించి పంపుము,full,515,654,3,3,మొలతాటి విద్యానందము,missing,https://waytochurch.com/lyrics/song/3126
3127,పితా సుతా వరాత్మక త్రియేక,,full,82,108,1,1,,missing,https://waytochurch.com/lyrics/song/3127
3128,స్తోత్రించుడి సృష్టికర్తన్ తం,,full,158,192,1,1,,missing,https://waytochurch.com/lyrics/song/3128
3129,yehoava ninnu aasheervadhimchi kaa paa,యెహోవ నిన్ను ఆశీర్వదించి కా పా,full,201,251,1,1,వై వందనం విల్సన్,missing,https://waytochurch.com/lyrics/song/3129
3130,ప్రియమైనట్టి నా యాత్మ స్తోత్ర,,full,580,720,5,5,జె నియాండెర్,missing,https://waytochurch.com/lyrics/song/3130
3131,క్రీస్తు సిల్వ నాకు గొప్ప యౌన,,full,336,409,4,4,జాన్ బౌరింగ్,missing,https://waytochurch.com/lyrics/song/3131
3132,దేవుండవైన యాత్మ రా నీ వారి న,,full,528,650,6,6,మార్టిన్ లూధర్,missing,https://waytochurch.com/lyrics/song/3132
3133,ఆత్మ శృంగారించు కొమ్ము పాప గ,,full,831,1031,5,5,జె ఫ్రాంక్,missing,https://waytochurch.com/lyrics/song/3133
3134,దేవుండు ప్రేమ రక్షించె నన్ను,,full,464,543,7,7,ఎ రిస్పీ,missing,https://waytochurch.com/lyrics/song/3134
3135,mahima noppu janaka neeku mahi,మహిమ నొప్పు జనక నీకు మహిత సుతు,full,230,296,2,2,యెషయా వీరమార్టిన్,missing,https://waytochurch.com/lyrics/song/3135
3136,kaluguaogaaka dhaevaa kaluguao,కలుగుఁగాక దేవా కలుగుఁగాక కలుగు,full,292,379,3,3,పులిపాక జగన్నాధము,missing,https://waytochurch.com/lyrics/song/3136
3137,dheevenathoa selavimmu karthaa,దీవెనతో సెలవిమ్ము కర్తా మాకు న,full,427,543,2,2,,missing,https://waytochurch.com/lyrics/song/3137
3138,pmpumu dhaevaa dheevenalathoaa,పంపుము దేవా దీవెనలతోఁ పంపుము ద,full,353,433,3,3,పులిపాక జగన్నాధము,in_library_contained,https://waytochurch.com/lyrics/song/3138
3139,maa dhaevunakunu sthoathamulu mahimayu,మా దేవునకును స్తోతములు మహిమయు,full,136,173,1,1,మొలతాటి విద్యానందము,missing,https://waytochurch.com/lyrics/song/3139
3140,కర్తా మమ్మును దీవించి క్షేమమి,,full,163,195,2,2,జాన్ ఫాసెట్,in_library_contained,https://waytochurch.com/lyrics/song/3140
3141,మేళ్లన్ని యిచ్చు దేవునిన్ స్త,,full,104,119,1,1,తామస్ కెన్,missing,https://waytochurch.com/lyrics/song/3141
3142,పితృ పుత్ర శుద్ధాత్మలై మేళ్లన,,full,94,116,1,1,,missing,https://waytochurch.com/lyrics/song/3142
3143,అంధుడా రావా అరమరయేల అడుగోనయ్య,అంధుడా రావా అరమరయేల అడుగోనయ్య,full,676,866,6,6,,missing,https://waytochurch.com/lyrics/song/3143
3144,emthajaali yaesuvaa yimthayani,ఎంతజాలి యేసువా యింతయని యూహించల,full,657,836,7,7,,in_library_contained,https://waytochurch.com/lyrics/song/3144
3145,ఎంతదూరము మోయించెదరు స్వామి కి,,full,601,745,7,7,,missing,https://waytochurch.com/lyrics/song/3145
3146,emdhukoa nannimthagaa neevu pr,ఎందుకో నన్నింతగా నీవు ప్రేమించ,full,673,832,5,5,,in_library_contained,https://waytochurch.com/lyrics/song/3146
3147,aahaaaaamthyatheerpu nmdh,ఆహాఆఅంత్యతీర్పు నందున,full,657,816,7,7,,missing,https://waytochurch.com/lyrics/song/3147
3148,oa yaesu nee praema emthoa mah,ఓ యేసు నీ ప్రేమ ఎంతో మహనీయము,full,654,845,5,5,,in_library_exact,https://waytochurch.com/lyrics/song/3148
3149,oa smghamaa sarvaamgamaa paral,ఓ సంఘమా సర్వాంగమా పరలోకరాజ్యపు,full,953,1236,6,6,,in_library_contained,https://waytochurch.com/lyrics/song/3149
3150,katina hrudhayamaa karugava dh,కఠిన హృదయమా కరుగవ దేవుని గడువు,full,1014,1293,9,9,,missing,https://waytochurch.com/lyrics/song/3150
3151,kalvariloani shraeshtudaa karu,కల్వరిలోని శ్రేష్టుడా కరుణభరిత,full,738,917,7,7,,missing,https://waytochurch.com/lyrics/song/3151
3152,kummaree oa kummaree jagadhuth,కుమ్మరీ ఓ కుమ్మరీ జగదుత్పత్తిద,full,612,733,3,3,,missing,https://waytochurch.com/lyrics/song/3152
3153,క్రైస్తవకర్షక కదిలిరావయ్యా కన,,full,746,937,6,6,,missing,https://waytochurch.com/lyrics/song/3153
3154,aanmdhamaanmdha maayenu naadhu,ఆనందమానంద మాయెను నాదు ప్రియకుమ,full,961,1218,7,7,,missing,https://waytochurch.com/lyrics/song/3154
3155,kraisthavumdaa kadhiliraavayya,క్రైస్తవుండా కదిలిరావయ్యా కలుష,full,1296,1658,6,6,,missing,https://waytochurch.com/lyrics/song/3155
3156,కృపామయుడా నీలోన నివసింపజేస,,full,417,542,4,4,,in_library_contained,https://waytochurch.com/lyrics/song/3156
3157,gaganamu cheelchukoni yaesu gh,గగనము చీల్చుకొని యేసు ఘనులను త,full,310,423,3,3,,missing,https://waytochurch.com/lyrics/song/3157
3158,geetam geetam jaya jaya geetham,గీతం గీతం జయ జయగీతం చేయితట్టి,full,426,552,4,4,,in_library_contained,https://waytochurch.com/lyrics/song/3158
3159,దుష్టుల ఆలోచన చొప్పున నడువక,దుష్టుల ఆలోచన చొప్పున నడువక,full,613,776,1,1,,in_library_exact,https://waytochurch.com/lyrics/song/3159
3160,అన్యజనులేల లేచి గల్లత్తు చేయుచున్నారు,అన్యజనులేల లేచి గల్లత్తు చేయుచున్నారు,full,837,1034,0,0,,in_library_contained,https://waytochurch.com/lyrics/song/3160
3161,యెహోవా మా ప్రభువా భూమి ఆకాశములో,యెహోవా మా ప్రభువా భూమి ఆకాశములో,full,676,882,0,0,,missing,https://waytochurch.com/lyrics/song/3161
3162,స్తుతింతున్ స్తుతింతున్ నాకాలోచన కర్తయగు దేవుని,స్తుతింతున్ స్తుతింతున్ నాకాలోచన కర్తయగు దేవుని,full,774,958,0,0,,missing,https://waytochurch.com/lyrics/song/3162
3163,యెహావా నా బలమా యధార్థమైనది నీ మార్గం,యెహావా నా బలమా యధార్థమైనది నీ మార్గం,full,1050,1356,0,0,,in_library_exact,https://waytochurch.com/lyrics/song/3163
3164,యాకోబు దేవుడాపద కాలంబుల యందు,యాకోబు దేవుడాపద కాలంబుల యందు,full,696,889,0,0,,missing,https://waytochurch.com/lyrics/song/3164
3165,నాదు దేవా నాదు దేవా నన్నేల విడనాడితివయ్యా,నాదు దేవా నాదు దేవా నన్నేల విడనాడితివయ్యా,full,869,1079,0,0,,missing,https://waytochurch.com/lyrics/song/3165
3166,యెహోవా నా కాపరి లేమి లేదు,యెహోవా నా కాపరి లేమి లేదు,full,578,725,0,0,,missing,https://waytochurch.com/lyrics/song/3166
3167,నీవే యెహోవా నా కాపరివి,నీవే యెహోవా నా కాపరివి,full,582,739,0,0,,missing,https://waytochurch.com/lyrics/song/3167
3168,యెహోవా నా కాపరి నాకు లేమి లేదు,యెహోవా నా కాపరి నాకు లేమి లేదు,full,387,499,1,1,,in_library_exact,https://waytochurch.com/lyrics/song/3168
3169,యేసు ప్రభూ కాపరి నాకు వాసిగా స్తుతించెదన్,యేసు ప్రభూ కాపరి నాకు వాసిగా స్తుతించెదన్,full,594,737,0,0,,missing,https://waytochurch.com/lyrics/song/3169
3170,భూమియు దాని సంపూర్ణత లోకము దాని నివాసులెహోవావే,భూమియు దాని సంపూర్ణత లోకము దాని నివాసులెహోవావే,full,732,952,0,0,,in_library_exact,https://waytochurch.com/lyrics/song/3170
3171,దేవా నీ ముఖమును నాకు దాచకుము నా ప్రభువా,దేవా నీ ముఖమును నాకు దాచకుము నా ప్రభువా,full,665,835,0,0,,missing,https://waytochurch.com/lyrics/song/3171
3172,ఉదయ సాయంత్రముల నెల్లవేళల ప్రభువా,ఉదయ సాయంత్రముల నెల్లవేళల ప్రభువా,full,960,1207,0,0,,missing,https://waytochurch.com/lyrics/song/3172
3173,యెహోవా నాదేవా నిత్యము నేను నిన్ను స్తుతియించెద,యెహోవా నాదేవా నిత్యము నేను నిన్ను స్తుతియించెద,full,993,1243,1,1,,missing,https://waytochurch.com/lyrics/song/3173
3174,ఎవ్వని అతిక్రమములు మన్నింపబడెనో,ఎవ్వని అతిక్రమములు మన్నింపబడెనో,full,755,954,0,0,,missing,https://waytochurch.com/lyrics/song/3174
3175,సన్నుతింతు నెప్పుడెహోవాను తన కీర్తి నా నోట నుండును,సన్నుతింతు నెప్పుడెహోవాను తన కీర్తి నా నోట నుండును,full,529,655,0,0,,missing,https://waytochurch.com/lyrics/song/3175
3176,pillalaaraa naa maata vinudi yehoavaa ymdhu bhakthi naerpedhanu,పిల్లలారా నా మాట వినుడి యెహోవా యందు భక్తి నేర్పెదను,full,593,734,0,0,,in_library_contained,https://waytochurch.com/lyrics/song/3176
3177,వ్యసనపడకుము నీవు చెడ్డవారలను జూచినయపుడు,వ్యసనపడకుము నీవు చెడ్డవారలను జూచినయపుడు,full,807,998,0,0,,missing,https://waytochurch.com/lyrics/song/3177
3178,యెహోవా నీ కోపమును చేత గద్దింపకుము ఆ,యెహోవా నీ కోపమును చేత గద్దింపకుము ఆ,full,900,1124,0,0,,missing,https://waytochurch.com/lyrics/song/3178
3179,యెహోవా కొరకు సహనముతో కనిపెట్టన్,యెహోవా కొరకు సహనముతో కనిపెట్టన్,full,929,1173,0,0,,missing,https://waytochurch.com/lyrics/song/3179
3180,నీటి వాగుల కొరకు దుప్పి ఆశపడునట్లు,నీటి వాగుల కొరకు దుప్పి ఆశపడునట్లు,full,706,893,0,0,,missing,https://waytochurch.com/lyrics/song/3180
3181,నీ వెలుగు నీ సత్యము బయలు దేరనిమ్ము,నీ వెలుగు నీ సత్యము బయలు దేరనిమ్ము,full,479,594,0,0,,missing,https://waytochurch.com/lyrics/song/3181
3182,కుమారి ఆలకించు నీ వాలోచించి,కుమారి ఆలకించు నీ వాలోచించి,full,979,1218,0,0,,missing,https://waytochurch.com/lyrics/song/3182
3183,దేవుడే మనకాశ్రయమును,దేవుడే మనకాశ్రయమును,full,853,1080,0,0,,missing,https://waytochurch.com/lyrics/song/3183
3184,సర్వజనులారా చప్పట్లు కొట్టి పాడుడి,సర్వజనులారా చప్పట్లు కొట్టి పాడుడి,full,741,926,0,0,,missing,https://waytochurch.com/lyrics/song/3184
3185,మన దేవుని పట్టణమందాయన పరిశుద్ధ పర్వతమందు,మన దేవుని పట్టణమందాయన పరిశుద్ధ పర్వతమందు,full,851,1095,0,0,,missing,https://waytochurch.com/lyrics/song/3185
3186,సర్వజనులారా వినుడి మీరేకంబుగా వినుడి,సర్వజనులారా వినుడి మీరేకంబుగా వినుడి,full,829,1037,0,0,,missing,https://waytochurch.com/lyrics/song/3186
3187,యెహోవా నా దేవా,యెహోవా నా దేవా,full,852,1033,0,0,,missing,https://waytochurch.com/lyrics/song/3187
3188,దేవా నీ కృపచొప్పున నన్ను కరుణింపుము,దేవా నీ కృపచొప్పున నన్ను కరుణింపుము,full,852,1033,0,0,,missing,https://waytochurch.com/lyrics/song/3188
3189,దేవా నా దేవుడవు నీవే వేకువనే నిన్ను వెదకుదును,దేవా నా దేవుడవు నీవే వేకువనే నిన్ను వెదకుదును,full,927,1174,0,0,,missing,https://waytochurch.com/lyrics/song/3189
3190,సర్వలోక నివాసులారా ఆనందించు డెల్లరు,సర్వలోక నివాసులారా ఆనందించు డెల్లరు,full,708,890,0,0,,missing,https://waytochurch.com/lyrics/song/3190
3191,నీ మార్గము దేవా భూమి మీద కనబడునట్లు,నీ మార్గము దేవా భూమి మీద కనబడునట్లు,full,534,679,0,0,,missing,https://waytochurch.com/lyrics/song/3191
3192,క్రీస్తుని నామము నిత్యము నిల్చున్,క్రీస్తుని నామము నిత్యము నిల్చున్,full,560,677,0,0,,missing,https://waytochurch.com/lyrics/song/3192
3193,యూదాలో దేవుడు ప్రసిద్ధుడు ఇశ్రాయేలులో తన నామము గొప్పది,యూదాలో దేవుడు ప్రసిద్ధుడు ఇశ్రాయేలులో తన నామము గొప్పది,full,931,1186,0,0,,missing,https://waytochurch.com/lyrics/song/3193
3194,దేవునికి మొఱ్ఱపెట్టుదును ఎలుగెత్తి చెవియొగ్గువరకు మనవి చేయుచుందును,దేవునికి మొఱ్ఱపెట్టుదును ఎలుగెత్తి చెవియొగ్గువరకు మనవి చేయుచుందును,full,911,1124,0,0,,missing,https://waytochurch.com/lyrics/song/3194
3195,మన బలమైన యాకోబు దేవునికి గానము సంతోషముగా పాడుడి,మన బలమైన యాకోబు దేవునికి గానము సంతోషముగా పాడుడి,full,993,1239,0,0,,missing,https://waytochurch.com/lyrics/song/3195
3196,సైన్యముల కధిపతివగు యెహోవా,సైన్యముల కధిపతివగు యెహోవా,full,822,1025,0,0,,missing,https://waytochurch.com/lyrics/song/3196
3197,సైన్యముల యెహోవా,సైన్యముల యెహోవా,full,822,1025,0,0,,missing,https://waytochurch.com/lyrics/song/3197
3198,ప్రభువు సెలవిచ్చుదాని నాలకింతును,ప్రభువు సెలవిచ్చుదాని నాలకింతును,full,570,733,0,0,,missing,https://waytochurch.com/lyrics/song/3198
3199,ప్రభువా తరతరముల నుండి మాకు నివాసస్థలము నీవే,ప్రభువా తరతరముల నుండి మాకు నివాసస్థలము నీవే,full,877,1068,0,0,,missing,https://waytochurch.com/lyrics/song/3199
3200,దేవా తరతరములకు మానివాసస్థలము నీవే,దేవా తరతరములకు మానివాసస్థలము నీవే,full,673,839,0,0,,missing,https://waytochurch.com/lyrics/song/3200
3201,మహోన్నతుని చాటున వసియించువాడే ధన్యుండు,మహోన్నతుని చాటున వసియించువాడే ధన్యుండు,full,1061,1352,0,0,,missing,https://waytochurch.com/lyrics/song/3201
3202,సర్వోన్నతుని చాటున నివసించెడి వాడే,సర్వోన్నతుని చాటున నివసించెడి వాడే,full,808,1023,0,0,,in_library_exact,https://waytochurch.com/lyrics/song/3202
3203,తన రెక్కల క్రింద నీకు ఆశ్రయము తన రెక్కలతో కప్పును,తన రెక్కల క్రింద నీకు ఆశ్రయము తన రెక్కలతో కప్పును,full,808,1023,0,0,,missing,https://waytochurch.com/lyrics/song/3203
3204,యెహోవాను స్తుతించుట మంచిది మహోన్నతుడా,యెహోవాను స్తుతించుట మంచిది మహోన్నతుడా,full,984,1235,0,0,,missing,https://waytochurch.com/lyrics/song/3204
3205,రండి యెహోవానుగూర్చి సంతోష గానము చేయుదము,రండి యెహోవానుగూర్చి సంతోష గానము చేయుదము,full,523,687,0,0,,missing,https://waytochurch.com/lyrics/song/3205
3206,యెహోవా మీద క్రొత్త కీర్తన పాడుడి,యెహోవా మీద క్రొత్త కీర్తన పాడుడి,full,598,772,0,0,,missing,https://waytochurch.com/lyrics/song/3206
3207,యెహోవాకు పాడుడి,యెహోవాకు పాడుడి,full,598,772,0,0,,missing,https://waytochurch.com/lyrics/song/3207
3208,సమస్త దేశములారా అందరు పాడుడి అందరు పాడుడి,సమస్త దేశములారా అందరు పాడుడి అందరు పాడుడి,full,561,725,0,0,,missing,https://waytochurch.com/lyrics/song/3208
3209,సమస్త జనులారా మీరు యెహోవాకు స్తుతిగానము పాడి,సమస్త జనులారా మీరు యెహోవాకు స్తుతిగానము పాడి,full,843,1044,0,0,,in_library_exact,https://waytochurch.com/lyrics/song/3209
3210,స్తుతియించు ప్రభున్ స్తుతియించు నీవు,స్తుతియించు ప్రభున్ స్తుతియించు నీవు,full,970,1224,1,1,,missing,https://waytochurch.com/lyrics/song/3210
3211,వారాయనను జనసమాజములో ఘనపరచుదురు గాక,వారాయనను జనసమాజములో ఘనపరచుదురు గాక,full,911,1183,0,0,,missing,https://waytochurch.com/lyrics/song/3211
3212,దేవా నా హృదయము నీయందు స్థిరమాయెన్,దేవా నా హృదయము నీయందు స్థిరమాయెన్,full,541,700,1,1,,missing,https://waytochurch.com/lyrics/song/3212
3213,స్తుతింతున్ దేవుని సభలో స్తుతింతున్ హల్లెలూయ,స్తుతింతున్ దేవుని సభలో స్తుతింతున్ హల్లెలూయ,full,700,862,0,0,,missing,https://waytochurch.com/lyrics/song/3213
3214,యెహోవా నీ యొక్క మాట చొప్పున,యెహోవా నీ యొక్క మాట చొప్పున,full,836,1030,1,1,,missing,https://waytochurch.com/lyrics/song/3214
3215,నా శ్రమలో నేను యెహోవాకు మొఱలిడితిని,నా శ్రమలో నేను యెహోవాకు మొఱలిడితిని,full,491,617,0,0,,missing,https://waytochurch.com/lyrics/song/3215
3216,కొండలతట్టు కన్ను లెత్తుచున్నాను నాకు సాయమెచ్చట నుండి వచ్చును,కొండలతట్టు కన్ను లెత్తుచున్నాను నాకు సాయమెచ్చట నుండి వచ్చును,full,604,732,0,0,,in_library_exact,https://waytochurch.com/lyrics/song/3216
3217,యెహోవా మందిరమునకు వెళ్లుదమని జనులు అనినప్పుడు సంతోషించితిని,యెహోవా మందిరమునకు వెళ్లుదమని జనులు అనినప్పుడు సంతోషించితిని,full,758,937,0,0,,missing,https://waytochurch.com/lyrics/song/3217
3218,యెహోవా మందిరమునకు నడిచెదము,యెహోవా మందిరమునకు నడిచెదము,full,758,937,0,0,,missing,https://waytochurch.com/lyrics/song/3218
3219,యెహోవా ఇల్లు కట్టించని యెడల,యెహోవా ఇల్లు కట్టించని యెడల,full,1045,1313,0,0,,missing,https://waytochurch.com/lyrics/song/3219
3220,యెహోవా అగాధ స్థలములలో నుండి నీకు మొఱ్ఱపెట్టుచున్నాను,యెహోవా అగాధ స్థలములలో నుండి నీకు మొఱ్ఱపెట్టుచున్నాను,full,604,730,0,0,,missing,https://waytochurch.com/lyrics/song/3220
3221,సహోదరులు ఐక్యత కల్గి వసించుట,సహోదరులు ఐక్యత కల్గి వసించుట,full,401,508,0,0,,missing,https://waytochurch.com/lyrics/song/3221
3222,యెహోవా సేవకులారా స్తుతించుడి ఆయన నామమును స్తుతించుడి,యెహోవా సేవకులారా స్తుతించుడి ఆయన నామమును స్తుతించుడి,full,959,1226,0,0,,missing,https://waytochurch.com/lyrics/song/3222
3223,యెహోవాను స్తుతించుడి ఆయన దయాళుడు,యెహోవాను స్తుతించుడి ఆయన దయాళుడు,full,589,736,0,0,,missing,https://waytochurch.com/lyrics/song/3223
3224,ఆయన కృప నిరంతరముండును,ఆయన కృప నిరంతరముండును,full,589,736,0,0,,in_library_contained,https://waytochurch.com/lyrics/song/3224
3225,యెహోవా నీవు నన్ను పరిశీలించి తెలిసికొంటివి,యెహోవా నీవు నన్ను పరిశీలించి తెలిసికొంటివి,full,769,922,0,0,,missing,https://waytochurch.com/lyrics/song/3225
3226,యెహోవాయే దయాదాక్షిణ్యములు కలిగినవాడు,యెహోవాయే దయాదాక్షిణ్యములు కలిగినవాడు,full,708,895,0,0,,missing,https://waytochurch.com/lyrics/song/3226
3227,యెహోవా అందరికి మహోపకారుండు,యెహోవా అందరికి మహోపకారుండు,full,708,895,0,0,,missing,https://waytochurch.com/lyrics/song/3227
3228,ఓ నాదు యేసురాజా నిన్ను నే నుతించెదను,ఓ నాదు యేసురాజా నిన్ను నే నుతించెదను,full,524,661,0,0,,in_library_exact,https://waytochurch.com/lyrics/song/3228
3229,హల్లెలూయ నా ప్రాణమా యెహోవాను స్తుతించు,హల్లెలూయ నా ప్రాణమా యెహోవాను స్తుతించు,full,1056,1329,0,0,,missing,https://waytochurch.com/lyrics/song/3229
3230,దేవునికి స్తోత్రము గానము చేయుటయే మంచిది,దేవునికి స్తోత్రము గానము చేయుటయే మంచిది,full,1071,1345,0,0,,in_library_exact,https://waytochurch.com/lyrics/song/3230
3231,స్తుతించుడి శుద్ధుడెహోవాను స్తుతించుడి,స్తుతించుడి శుద్ధుడెహోవాను స్తుతించుడి,full,914,1162,1,1,,missing,https://waytochurch.com/lyrics/song/3231
3232,స్తుతించుడాయన నాకాశవాసులారా,స్తుతించుడాయన నాకాశవాసులారా,full,914,1162,1,1,,missing,https://waytochurch.com/lyrics/song/3232
3233,స్తుతించుడి యెహోవా దేవుని సూర్యచంద్రులారా,స్తుతించుడి యెహోవా దేవుని సూర్యచంద్రులారా,full,658,830,0,0,,in_library_exact,https://waytochurch.com/lyrics/song/3233
3234,యెహోవాకు స్తుతులు పాడండి మీరు,యెహోవాకు స్తుతులు పాడండి మీరు,full,697,904,0,0,,in_library_exact,https://waytochurch.com/lyrics/song/3234
3235,యెహోవాకు క్రొత్త కీర్తన పాడుడి యెహోవాను స్తుతించుడి,యెహోవాకు క్రొత్త కీర్తన పాడుడి యెహోవాను స్తుతించుడి,full,626,804,0,0,,missing,https://waytochurch.com/lyrics/song/3235
3236,దేవుని స్తుతియించుడి ఎల్లప్పుడు,దేవుని స్తుతియించుడి ఎల్లప్పుడు,full,971,1208,7,7,,in_library_contained,https://waytochurch.com/lyrics/song/3236
3237,హల్లెలూయ యేసు ప్రభున్ యెల్లరు స్తుతియించుడి,హల్లెలూయ యేసు ప్రభున్ యెల్లరు స్తుతియించుడి,full,1072,1307,0,0,,in_library_fuzzy,https://waytochurch.com/lyrics/song/3237
3238,స్తుతించుడి మీరు స్తుతించుడి,స్తుతించుడి మీరు స్తుతించుడి,full,738,936,0,0,,missing,https://waytochurch.com/lyrics/song/3238
3239,seeyoanuku thirigi prabhuvu vaarini rappimchinappudu,సీయోనుకు తిరిగి ప్రభువు వారిని రప్పించినప్పుడు,full,644,801,0,0,,missing,https://waytochurch.com/lyrics/song/3239
3240,అద్యంతరహితుడవగు మా జ్యోతి,అద్యంతరహితుడవగు మా జ్యోతి,full,663,862,0,0,,missing,https://waytochurch.com/lyrics/song/3240
3241,స్తుతించుడి స్తుతించుడి ఆయన మందిరపు ఆవరణములో,స్తుతించుడి స్తుతించుడి ఆయన మందిరపు ఆవరణములో,full,562,711,0,0,,missing,https://waytochurch.com/lyrics/song/3241
3242,ఆదియంతము లేనివాడా సంపూర్ణుడవగు మా దేవా,ఆదియంతము లేనివాడా సంపూర్ణుడవగు మా దేవా,full,567,705,0,0,,in_library_fuzzy,https://waytochurch.com/lyrics/song/3242
3243,కల్వరిలోని శ్రేష్టుడా కరుణా భరిత సింహమా,కల్వరిలోని శ్రేష్టుడా కరుణా భరిత సింహమా,full,818,1009,0,0,,missing,https://waytochurch.com/lyrics/song/3243
3244,నా ప్రియ యేసు నీవే నా శ్రేయంపు రాజవు,నా ప్రియ యేసు నీవే నా శ్రేయంపు రాజవు,full,707,891,0,0,,missing,https://waytochurch.com/lyrics/song/3244
3245,పరిశుద్ధ పరిశుద్ధ పరిశుద్ధ ప్రభువా వరదూతలైన నిన్ వర్ణింపగలరా,పరిశుద్ధ పరిశుద్ధ పరిశుద్ధ ప్రభువా వరదూతలైన నిన్ వర్ణింపగలరా,full,368,496,0,0,,in_library_exact,https://waytochurch.com/lyrics/song/3245
3246,మంగళమే యేసునకు మనుజావతారునకు,మంగళమే యేసునకు మనుజావతారునకు,full,475,601,0,0,,in_library_exact,https://waytochurch.com/lyrics/song/3246
3247,సుందర రక్షకుడా మాదు స్వతంత్రమైన దేవా,సుందర రక్షకుడా మాదు స్వతంత్రమైన దేవా,full,807,1012,0,0,,missing,https://waytochurch.com/lyrics/song/3247
3248,స్తోత్రింతుము నిను మాదు తండ్రి సత్యముతో ఆత్మతో నెపుడు,స్తోత్రింతుము నిను మాదు తండ్రి సత్యముతో ఆత్మతో నెపుడు,full,1039,1339,0,0,,in_library_fuzzy,https://waytochurch.com/lyrics/song/3248
3249,క్రీస్తు యేసు దయాళు ప్రభు నీవే సృష్టికర్తవు,క్రీస్తు యేసు దయాళు ప్రభు నీవే సృష్టికర్తవు,full,594,738,0,0,,missing,https://waytochurch.com/lyrics/song/3249
3250,యేసు పరిశుద్ధ నామమునకు యెప్పుడు అధిక స్తోత్రమే,యేసు పరిశుద్ధ నామమునకు యెప్పుడు అధిక స్తోత్రమే,full,571,739,0,0,,in_library_fuzzy,https://waytochurch.com/lyrics/song/3250
3251,యేసుకు మహిమ మహిమ యేసుకు మహిమ మహిమ,యేసుకు మహిమ మహిమ యేసుకు మహిమ మహిమ,full,515,633,0,0,,missing,https://waytochurch.com/lyrics/song/3251
3252,యేసు సమసిన సిల్వ చెంత నే ప్రార్ధించిన స్థలమందు రక్తము,యేసు సమసిన సిల్వ చెంత నే ప్రార్ధించిన స్థలమందు రక్తము,full,515,633,0,0,,missing,https://waytochurch.com/lyrics/song/3252
3253,సంస్తుతింతుము నిన్నే సౌలును విడచితివి,సంస్తుతింతుము నిన్నే సౌలును విడచితివి,full,662,829,0,0,,missing,https://waytochurch.com/lyrics/song/3253
3254,యెహోవాను గానము చేసెదము యేకముగా,యెహోవాను గానము చేసెదము యేకముగా,full,627,813,0,0,,missing,https://waytochurch.com/lyrics/song/3254
3255,ఆనందమానంద మాయెను నాదు ప్రియకుమారుని యందు,ఆనందమానంద మాయెను నాదు ప్రియకుమారుని యందు,full,1193,1507,0,0,,missing,https://waytochurch.com/lyrics/song/3255
3256,సాగిలపడి మ్రొక్కెదము సత్యముతో,సాగిలపడి మ్రొక్కెదము సత్యముతో,full,845,1022,0,0,,in_library_contained,https://waytochurch.com/lyrics/song/3256
3257,యెహోవా మహోన్నతుడా మహిమయు నీదే,యెహోవా మహోన్నతుడా మహిమయు నీదే,full,637,825,0,0,,missing,https://waytochurch.com/lyrics/song/3257
3258,ఆశించుము ప్రభు యేసు పాదములను,ఆశించుము ప్రభు యేసు పాదములను,full,493,626,0,0,,missing,https://waytochurch.com/lyrics/song/3258
3259,ప్రియయేసు ప్రియయేసు అతి ప్రియుడేసు పదివేలలో ఆయనే నా దిక్కుగా కెవ్వరు,ప్రియయేసు ప్రియయేసు అతి ప్రియుడేసు పదివేలలో ఆయనే నా దిక్కుగా కెవ్వరు,full,486,581,0,0,,missing,https://waytochurch.com/lyrics/song/3259
3260,ఇదిగో నీ రాజు వచ్చుచుండె సీయోను కుమారి సంతోషించు,ఇదిగో నీ రాజు వచ్చుచుండె సీయోను కుమారి సంతోషించు,full,685,865,0,0,,missing,https://waytochurch.com/lyrics/song/3260
3261,శరణం శరణం శరణం దేవా కరుణ నాథుడా,శరణం శరణం శరణం దేవా కరుణ నాథుడా,full,753,977,0,0,,in_library_exact,https://waytochurch.com/lyrics/song/3261
3262,సాగిలపడి ఆరాధించెదము సత్యముతో ఆత్మతో శ్రీ యేసున్,సాగిలపడి ఆరాధించెదము సత్యముతో ఆత్మతో శ్రీ యేసున్,full,847,1064,0,0,,missing,https://waytochurch.com/lyrics/song/3262
3263,యేసు తృప్తి పరచితివి ఆశతో నీ చరణము చేర,యేసు తృప్తి పరచితివి ఆశతో నీ చరణము చేర,full,585,754,0,0,,missing,https://waytochurch.com/lyrics/song/3263
3264,పరమ పవిత్ర స్వర్గపిత జై ప్రభు జై ప్రభు సర్వ సదా,పరమ పవిత్ర స్వర్గపిత జై ప్రభు జై ప్రభు సర్వ సదా,full,713,878,0,0,,missing,https://waytochurch.com/lyrics/song/3264
3265,యేసు మధుర నామము పాడుడి ప్రభు,యేసు మధుర నామము పాడుడి ప్రభు,full,553,697,0,0,,missing,https://waytochurch.com/lyrics/song/3265
3266,సర్వోన్నత స్థలంబులో దేవునికే మహిమ,సర్వోన్నత స్థలంబులో దేవునికే మహిమ,full,1736,2165,0,0,,missing,https://waytochurch.com/lyrics/song/3266
3267,ప్రభుని స్మరించు యేసుని స్మరించు ఓ మనసా నా మనసా,ప్రభుని స్మరించు యేసుని స్మరించు ఓ మనసా నా మనసా,full,406,519,0,0,,missing,https://waytochurch.com/lyrics/song/3267
3268,హర్షింతును హర్షింతును నా రక్షణకర్త నా దేవుని యందు,హర్షింతును హర్షింతును నా రక్షణకర్త నా దేవుని యందు,full,759,934,0,0,,missing,https://waytochurch.com/lyrics/song/3268
3269,నా ప్రాణ ప్రియుడా యేసురాజా,నా ప్రాణ ప్రియుడా యేసురాజా,full,855,1093,0,0,,in_library_exact,https://waytochurch.com/lyrics/song/3269
3270,దేవదేవుని కొనియాడెదము అవిరత త్రియేకుని స్తోత్రింతుము,దేవదేవుని కొనియాడెదము అవిరత త్రియేకుని స్తోత్రింతుము,full,894,1125,0,0,,missing,https://waytochurch.com/lyrics/song/3270
3271,మధుర మధురము యేసు నామం,మధుర మధురము యేసు నామం,full,469,575,0,0,,missing,https://waytochurch.com/lyrics/song/3271
3272,పరిశుద్ధ ప్రభు యేసు స్తుతి స్తోత్రం నన్ను రక్షించినట్టి నా ప్రభువా,పరిశుద్ధ ప్రభు యేసు స్తుతి స్తోత్రం నన్ను రక్షించినట్టి నా ప్రభువా,full,526,647,0,0,,missing,https://waytochurch.com/lyrics/song/3272
3273,జై జై జై జై రాజుల రాజా పాత్రుడ వీవే మా ప్రభు వీవే,జై జై జై జై రాజుల రాజా పాత్రుడ వీవే మా ప్రభు వీవే,full,776,1001,0,0,,missing,https://waytochurch.com/lyrics/song/3273
3274,yehoavaaku paadudi paatan athi shraeshta kaaryamulanu chaesina vaadani,యెహోవాకు పాడుడి పాటన్ అతి శ్రేష్ఠ కార్యములను చేసిన వాడని,full,511,646,0,0,,missing,https://waytochurch.com/lyrics/song/3274
3275,యేసునాథా త్రిలోకనాథా లోకోద్ధారక క్రీస్తు దేవా,యేసునాథా త్రిలోకనాథా లోకోద్ధారక క్రీస్తు దేవా,full,503,666,0,0,,missing,https://waytochurch.com/lyrics/song/3275
3276,సర్వశక్తుడు నాకు సర్వమాయనే,సర్వశక్తుడు నాకు సర్వమాయనే,full,466,623,0,0,,missing,https://waytochurch.com/lyrics/song/3276
3277,prabhoa needhu mahimanu paadi ninu sthuthimchuchunnaamu,ప్రభో నీదు మహిమను పాడి నిను స్తుతించుచున్నాము,full,314,399,0,0,,missing,https://waytochurch.com/lyrics/song/3277
3278,oa yaesu nee praemaa emthoa mahaaneeyamu,ఓ యేసు నీ ప్రేమా ఎంతో మహానీయము,full,698,896,0,0,,in_library_exact,https://waytochurch.com/lyrics/song/3278
3279,oa praemagala yaesu praemimchinaavu mammu,ఓ ప్రేమగల యేసు ప్రేమించినావు మమ్ము,full,749,946,0,0,,missing,https://waytochurch.com/lyrics/song/3279
3280,hallelooya paadudi hallelooya paadudi,హల్లెలూయ పాడుడి హల్లెలూయ పాడుడి,full,985,1236,0,0,,missing,https://waytochurch.com/lyrics/song/3280
3281,naenae unnavaadananina adhvitheeya prabhu aaraadhimthu,నేనే ఉన్నవాడననిన అద్వితీయ ప్రభు ఆరాధింతు,full,1030,1294,0,0,,missing,https://waytochurch.com/lyrics/song/3281
3282,vmdhanamoa vmdhana maesayy,వందనమో వందన మేసయ్య,full,1115,1446,0,0,,missing,https://waytochurch.com/lyrics/song/3282
3283,arpimthu sthuthul nee siluvaloanaa,అర్పింతు స్తుతుల్ నీ సిలువలోనా,full,552,705,0,0,,missing,https://waytochurch.com/lyrics/song/3283
3284,smthoashmae smthoashmae smthoashmuthoa sthuthimchedhan,సంతోషమే సంతోషమే సంతోషముతో స్తుతించెదన్,full,809,994,0,0,,missing,https://waytochurch.com/lyrics/song/3284
3285,raathrimbavallu paadedhanu yaesu naamm kreesthu naamm,రాత్రింబవళ్లు పాడెదను యేసు నామం క్రీస్తు నామం,full,829,1009,0,0,,missing,https://waytochurch.com/lyrics/song/3285
3286,shaamthidhaayaka yaesu prabhoo,శాంతిదాయక యేసు ప్రభూ,full,926,1177,0,0,,missing,https://waytochurch.com/lyrics/song/3286
3287,hrudhaya marpimchedhamu prabhunaku sthuthi prashmsalathoa,హృదయ మర్పించెదము ప్రభునకు స్తుతి ప్రశంసలతో,full,495,635,0,0,,missing,https://waytochurch.com/lyrics/song/3287
3288,aanmdha maanmdha maanmdhamae aanmdha maanmdhamae,ఆనంద మానంద మానందమే ఆనంద మానందమే,full,482,577,0,0,,missing,https://waytochurch.com/lyrics/song/3288
3289,jai prabhu yaesu jai ghana dhaevaa jai prabhu jai jai raajaa,జై ప్రభు యేసు జై ఘన దేవా జై ప్రభు జై జై రాజా,full,513,651,0,0,,missing,https://waytochurch.com/lyrics/song/3289
3290,prabhuvaa nee goppathanamu sthuthiki yoagyamu,ప్రభువా నీ గొప్పతనము స్తుతికి యోగ్యము,full,939,1179,0,0,,missing,https://waytochurch.com/lyrics/song/3290
3291,vmdhanamu nimmu prabhu yaesunaku jai jai yanipaadu,వందనము నిమ్ము ప్రభు యేసునకు జై జై యనిపాడు,full,461,599,0,0,,missing,https://waytochurch.com/lyrics/song/3291
3292,oa naa hrudhayamaa paadumaa kroththa geethm prabhunakae,ఓ నా హృదయమా పాడుమా క్రొత్త గీతం ప్రభునకే,full,788,967,0,0,,missing,https://waytochurch.com/lyrics/song/3292
3293,dhaevaa nee thalmpulu amoolyamainavi naa yed,దేవా నీ తలంపులు అమూల్యమైనవి నా యెడ,full,752,931,6,6,,in_library_exact,https://waytochurch.com/lyrics/song/3293
3294,sthuthulaku paathrumdavu srushtimchinaavu rakshimchinaavu bhadhraparachuchunnaavu,స్తుతులకు పాత్రుండవు సృష్టించినావు రక్షించినావు భద్రపరచుచున్నావు,full,765,958,0,0,,missing,https://waytochurch.com/lyrics/song/3294
3295,yaesu kreesthu prabhuvaayanae amdhariki prabhuvu,యేసు క్రీస్తు ప్రభువాయనే అందరికి ప్రభువు,full,569,684,0,0,,missing,https://waytochurch.com/lyrics/song/3295
3296,hallelooya sthuthi prashmsa paadedh,హల్లెలూయ స్తుతి ప్రశంస పాడెద,full,520,651,0,0,,missing,https://waytochurch.com/lyrics/song/3296
3297,sthoathra geethamulanu paaduchu priya prabhuni poojimchudi,స్తోత్ర గీతములను పాడుచు ప్రియ ప్రభుని పూజించుడి,full,1011,1254,0,0,,missing,https://waytochurch.com/lyrics/song/3297
3298,sarva krupaanidhiyagu prabhuvaa sakala charaachara smthoashmaa,సర్వ కృపానిధియగు ప్రభువా సకల చరాచర సంతోషమా,full,787,1013,0,0,,in_library_exact,https://waytochurch.com/lyrics/song/3298
3299,mahaaghanudu mahoannathudu parishudhdhudu nithyanivaasi,మహాఘనుడు మహోన్నతుడు పరిశుద్ధుడు నిత్యనివాసి,full,691,834,0,0,,missing,https://waytochurch.com/lyrics/song/3299
3300,kroththa geethamuchae naa yullamuppomga yaesuni keerthimthunu,క్రొత్త గీతముచే నా యుల్లముప్పొంగ యేసుని కీర్తింతును,full,677,843,0,0,,missing,https://waytochurch.com/lyrics/song/3300
3301,koniyaadi paadi keerthimchi varnimchedha ninu naa prabhuvaa,కొనియాడి పాడి కీర్తించి వర్ణించెద నిను నా ప్రభువా,full,552,688,0,0,,missing,https://waytochurch.com/lyrics/song/3301
3302,dhaevaa naaymdhu neeku emthoa praemaa,దేవా నాయందు నీకు ఎంతో ప్రేమా,full,936,1162,0,0,,missing,https://waytochurch.com/lyrics/song/3302
3303,adhymtha rahitha prabhuvaa,అద్యంత రహిత ప్రభువా,full,1060,1354,0,0,,missing,https://waytochurch.com/lyrics/song/3303
3304,nrupaa vimoachakaa prabhoo vaelaadhi noalla nee,నృపా విమోచకా ప్రభూ వేలాది నోళ్ల నీ,full,1681,1851,0,0,,missing,https://waytochurch.com/lyrics/song/3304
3306,shree rakshkuni naamamu keerthimchi kolvudi,శ్రీ రక్షకుని నామము కీర్తించి కొల్వుడి,full,601,767,0,0,,missing,https://waytochurch.com/lyrics/song/3306
3307,rakshkuni vichithra praeman paaduchumdhu neppudun,రక్షకుని విచిత్ర ప్రేమన్ పాడుచుందు నెప్పుడున్,full,497,594,0,0,,missing,https://waytochurch.com/lyrics/song/3307
3308,yaesuni naama shabdhamu vishvaasi cheviki,యేసుని నామ శబ్దము విశ్వాసి చెవికి,full,501,623,0,0,,missing,https://waytochurch.com/lyrics/song/3308
3309,kmtini goppa muthyamu pomdhithi harshmu,కంటిని గొప్ప ముత్యము పొందితి హర్షము,full,572,719,0,0,,missing,https://waytochurch.com/lyrics/song/3309
3310,bhakthulaaraa dhuhkhakraamthudu vachche mahimathoad,భక్తులారా దుఃఖక్రాంతుడు వచ్చె మహిమతోడ,full,608,758,0,0,,missing,https://waytochurch.com/lyrics/song/3310
3312,raajaadhi raajupai kireetamumchudi,రాజాధి రాజుపై కిరీటముంచుడి,full,596,732,0,0,,missing,https://waytochurch.com/lyrics/song/3312
3314,sarvamupai yaesu raajyamaelun paapi mithrudu gorrepillaku,సర్వముపై యేసు రాజ్యమేలున్ పాపి మిత్రుడు గొఱ్ఱెపిల్లకు,full,571,710,0,0,,missing,https://waytochurch.com/lyrics/song/3314
3315,yaesu prabhoo gadhdhepainunna neeku maa sthuthulanu chellimchedhamu,యేసు ప్రభూ గద్దెపైనున్న నీకు మా స్తుతులను చెల్లించెదము,full,683,851,0,0,,missing,https://waytochurch.com/lyrics/song/3315
3318,athymtha sumdharumdunu ellari kaamkshneeyudu,అత్యంత సుందరుండును ఎల్లరి కాంక్షణీయుడు,full,600,767,1,1,,missing,https://waytochurch.com/lyrics/song/3318
3319,aa mumdla kireetm boayenu ghanmbukalgenu,ఆ ముండ్ల కిరీటం బోయెను ఘనంబుకల్గెను,full,351,430,0,0,,missing,https://waytochurch.com/lyrics/song/3319
3320,namaskarimpa rmdi dhaaveedhu puthruni,నమస్కరింప రండి దావీదు పుత్రుని,full,651,796,0,0,,missing,https://waytochurch.com/lyrics/song/3320
3323,shudhdhi shudhdhi shudhdhi sarvashakthi prabhu praathhkaala sthuthi neekae chellimthumu,శుద్ధి శుద్ధి శుద్ధి సర్వశక్తి ప్రభు ప్రాతఃకాల స్తుతి నీకే చెల్లింతుము,full,604,750,0,0,,missing,https://waytochurch.com/lyrics/song/3323
3324,nee jaldharu vrukshpu needalaloa nae naanmdha bharithudanaithini,నీ జల్దరు వృక్షపు నీడలలో నే నానంద భరితుడనైతిని,full,692,892,0,0,,in_library_exact,https://waytochurch.com/lyrics/song/3324
3325,yaesu nmgeekarimchithi dhaivaputhruda naithini,యేసు నంగీకరించితి దైవపుత్రుడ నైతిని,full,606,776,0,0,,missing,https://waytochurch.com/lyrics/song/3325
3326,vmdhana marpimthu krupanomdhithi thana raajyammdhuna chaerithini,వందన మర్పింతు కృపనొందితి తన రాజ్యమందున చేరితిని,full,606,776,0,0,,missing,https://waytochurch.com/lyrics/song/3326
3327,దేవా నా ప్రభువా నిను గూర్చి ఉప్పొంగె నా హృదయం,దేవా నా ప్రభువా నిను గూర్చి ఉప్పొంగె నా హృదయం,full,515,641,0,0,,missing,https://waytochurch.com/lyrics/song/3327
3328,prabhuyaesu naakai sarvamu nichchithivi praemanubatti arpimchu komtivi naakai,ప్రభుయేసు నాకై సర్వము నిచ్చితివి ప్రేమనుబట్టి అర్పించు కొంటివి నాకై,full,987,1240,0,0,,missing,https://waytochurch.com/lyrics/song/3328
3329,paavanudaa maa prabhuvaa nee rakshnakai sthoathramulu,పావనుడా మా ప్రభువా నీ రక్షణకై స్తోత్రములు,full,687,883,0,0,,missing,https://waytochurch.com/lyrics/song/3329
3330,yaesoo nan praemimchithivi aashrayamu laenappudu,యేసూ నన్ ప్రేమించితివి ఆశ్రయము లేనప్పుడు,full,540,685,0,0,,in_library_contained,https://waytochurch.com/lyrics/song/3330
3331,prabhuvaa needhu ghananaamamun maemu,ప్రభువా నీదు ఘననామమున్ మేము,full,554,737,0,0,,missing,https://waytochurch.com/lyrics/song/3331
3332,praema nammakamugala paraloaka thmdri,ప్రేమ నమ్మకముగల పరలోక తండ్రి,full,615,771,0,0,,missing,https://waytochurch.com/lyrics/song/3332
3333,oa prabhuvaa yidhi nee krupayae goppa krayamu dhvaaraa kalige,ఓ ప్రభువా యిది నీ కృపయే గొప్ప క్రయము ద్వారా కలిగె,full,824,1058,0,0,,missing,https://waytochurch.com/lyrics/song/3333
3334,praemagala maa prabhuvaa praemayai yunnaavayaa,ప్రేమగల మా ప్రభువా ప్రేమయై యున్నావయా,full,976,1195,0,0,,in_library_contained,https://waytochurch.com/lyrics/song/3334
3335,aaraadhimchedha ninu madhi pogadedha nirathamu ninu sthuthiyimchedhanu,ఆరాధించెద నిను మది పొగడెద నిరతము నిను స్తుతియించెదను,full,909,1146,0,0,,in_library_exact,https://waytochurch.com/lyrics/song/3335
3336,ruchichoochi erigithini yehoavaa uththamudaniyu,రుచిచూచి ఎరిగితిని యెహోవా ఉత్తముడనియు,full,692,878,0,0,,in_library_exact,https://waytochurch.com/lyrics/song/3336
3337,needhu vishvaasyatha maa prabhu yaesu amtharikshmu nadhigamimchenu,నీదు విశ్వాస్యత మా ప్రభు యేసు అంతరిక్షము నధిగమించెను,full,1282,1643,0,0,,in_library_exact,https://waytochurch.com/lyrics/song/3337
3338,sannuthimchedhanu ellappudu nithyamu aayana keerthi naanoatanumdu,సన్నుతించెదను ఎల్లప్పుడు నిత్యము ఆయన కీర్తి నానోటనుండు,full,651,812,0,0,,missing,https://waytochurch.com/lyrics/song/3338
3339,dhaevunikae mahima yugayugamulaku kalugunu gaak,దేవునికే మహిమ యుగయుగములకు కలుగును గాక,full,556,705,0,0,,missing,https://waytochurch.com/lyrics/song/3339
3340,aashcharyakaruda veevae yehoavaa neevae dhanyudavu,ఆశ్చర్యకరుడ వీవే యెహోవా నీవే ధన్యుడవు,full,497,634,0,0,,missing,https://waytochurch.com/lyrics/song/3340
3341,naa praanamaa naa sarvamaa aayana parishudhdha naamamunaku,నా ప్రాణమా నా సర్వమా ఆయన పరిశుద్ధ నామమునకు,full,733,920,0,0,,missing,https://waytochurch.com/lyrics/song/3341
3342,gaayamulan gaayamulan naa korakai pomdhenu kreesthu prabhu,గాయములన్ గాయములన్ నా కొరకై పొందెను క్రీస్తు ప్రభు,full,627,780,0,0,,in_library_exact,https://waytochurch.com/lyrics/song/3342
3343,dhoothaganamulella aaraadhimchirigaa parishudhdhudu sainyamula yehoavani,దూతగణములెల్ల ఆరాధించిరిగా పరిశుద్ధుడు సైన్యముల యెహోవని,full,843,1088,1,1,,missing,https://waytochurch.com/lyrics/song/3343
3344,maa prabhuyaesu neevae maa sarvamu mahin maakepudu neethoanae snaehamu,మా ప్రభుయేసు నీవే మా సర్వము మహిన్ మాకెపుడు నీతోనే స్నేహము,full,728,929,0,0,,missing,https://waytochurch.com/lyrics/song/3344
3345,pranuthimthumu maa yehoavaa paripoorna mahima prabhaavaa,ప్రణుతింతుము మా యెహోవా పరిపూర్ణ మహిమ ప్రభావా,full,450,565,0,0,,missing,https://waytochurch.com/lyrics/song/3345
3346,yaesu maa rakshkudu kalmashmu laenivaadu,యేసు మా రక్షకుడు కల్మషము లేనివాడు,full,604,759,0,0,,in_library_lyric_line,https://waytochurch.com/lyrics/song/3346
3347,sthoathrimchedhamu dhaivakumaaruni noothana jeevamuthoa,స్తోత్రించెదము దైవకుమారుని నూతన జీవముతో,full,604,759,0,0,,in_library_exact,https://waytochurch.com/lyrics/song/3347
3348,dhaaveedhu vmsha yaesu kreesthuku sthuthi chellimchudi,దావీదు వంశ యేసు క్రీస్తుకు స్తుతి చెల్లించుడి,full,442,557,0,0,,missing,https://waytochurch.com/lyrics/song/3348
3349,dhaevaadhi dhaevuni bhoojanulaaraa,దేవాది దేవుని భూజనులారా,full,486,625,0,0,,missing,https://waytochurch.com/lyrics/song/3349
3350,sthoathramu yaesunaathaa,స్తోత్రము యేసునాథా,full,643,826,0,0,,missing,https://waytochurch.com/lyrics/song/3350
3351,sthuthiyimchu priyudaa sadhaa yaesuni,స్తుతియించు ప్రియుడా సదా యేసుని,full,434,545,0,0,,missing,https://waytochurch.com/lyrics/song/3351
3352,sthoathramu sthoathramu sthoathramu yaesu dhaevaa,స్తోత్రము స్తోత్రము స్తోత్రము యేసు దేవా,full,698,876,0,0,,missing,https://waytochurch.com/lyrics/song/3352
3353,nammakamaina naa prabhu,నమ్మకమైన నా ప్రభు,full,536,651,0,0,,in_library_exact,https://waytochurch.com/lyrics/song/3353
3354,rakshkudaa yaesu prabhoa sthoathramu dhaevaa,రక్షకుడా యేసు ప్రభో స్తోత్రము దేవా,full,650,810,0,0,,in_library_exact,https://waytochurch.com/lyrics/song/3354
3355,sthoathramu paadi pogadedhanu dhaevaadhidhaevaa ninu raajaadhiraajaa ninu,స్తోత్రము పాడి పొగడెదను దేవాదిదేవా నిను రాజాధిరాజా నిను,full,618,758,0,0,,missing,https://waytochurch.com/lyrics/song/3355
3356,sthuthiyimthumu sthoathrimthumu paavanudagu maa parama thmdri,స్తుతియింతుము స్తోత్రింతుము పావనుడగు మా పరమ తండ్రి,full,738,917,0,0,,in_library_contained,https://waytochurch.com/lyrics/song/3356
3357,yehoavaa mahaathmyamu goppadhi yemthoa,యెహోవా మహాత్మ్యము గొప్పది యెంతో,full,918,1139,0,0,,missing,https://waytochurch.com/lyrics/song/3357
3358,krupagala dhaevuni koniyaadedhamu krupachaalu neekanae prabhuyaesu,కృపగల దేవుని కొనియాడెదము కృపచాలు నీకనే ప్రభుయేసు,full,957,1196,0,0,,missing,https://waytochurch.com/lyrics/song/3358
3359,sthuthi prashmsa paaduchu keerthimthu nithyamu,స్తుతి ప్రశంస పాడుచు కీర్తింతు నిత్యము,full,492,638,0,0,,in_library_exact,https://waytochurch.com/lyrics/song/3359
3360,bhajiyimpa rmdi prabhuyaesuni,భజియింప రండి ప్రభుయేసుని,full,573,753,0,0,,missing,https://waytochurch.com/lyrics/song/3360
3361,anudhinamu maa bhaaramu,అనుదినము మా భారము,full,734,915,5,5,,missing,https://waytochurch.com/lyrics/song/3361
3362,bhakthulaaraa smariyimchedhamu prabhuchaesina maelulannitini,భక్తులారా స్మరియించెదము ప్రభుచేసిన మేలులన్నిటిని,full,679,875,6,6,,in_library_exact,https://waytochurch.com/lyrics/song/3362
3363,yaesu prabhunu sthuthimchuta yemthoa yemthoa mmchidhi,యేసు ప్రభును స్తుతించుట యెంతో యెంతో మంచిది,full,630,775,0,0,,missing,https://waytochurch.com/lyrics/song/3363
3364,yaesu dhivya rakshkuni sthuthimchu bhoomee dhivya praemanu chaatumu,యేసు దివ్య రక్షకుని స్తుతించు భూమీ దివ్య ప్రేమను చాటుము,full,757,939,0,0,,missing,https://waytochurch.com/lyrics/song/3364
3366,naa praanamemthoa ninnu paadunu goppa dhaevaa goppa dhaevaa,నా ప్రాణమెంతో నిన్ను పాడును గొప్ప దేవా గొప్ప దేవా,full,597,779,0,0,,missing,https://waytochurch.com/lyrics/song/3366
3367,prabhu naa dhaevaa nee chaethi kaaryamulanu,ప్రభు నా దేవా నీ చేతి కార్యములను,full,597,779,0,0,,missing,https://waytochurch.com/lyrics/song/3367
3368,prabhaava shakthulu kalgina raajunuthimpu,ప్రభావ శక్తులు కల్గిన రాజునుతింపు,full,649,821,0,0,,missing,https://waytochurch.com/lyrics/song/3368
3369,yaesu prabhu nee mukha dharshanamuchae naa prathi yaashanu theerchukomdhunu,యేసు ప్రభు నీ ముఖ దర్శనముచే నా ప్రతి యాశను తీర్చుకొందును,full,640,823,0,0,,missing,https://waytochurch.com/lyrics/song/3369
3370,jayamani paadu jayamani paadu prabhuyaesunakae,జయమని పాడు జయమని పాడు ప్రభుయేసునకే,full,755,943,0,0,,missing,https://waytochurch.com/lyrics/song/3370
3371,oa jagadhrakshkaa vishvavidhaatha rakshna nosagithivi,ఓ జగద్రక్షకా విశ్వవిధాత రక్షణ నొసగితివి,full,758,962,0,0,,missing,https://waytochurch.com/lyrics/song/3371
3372,emtha jaali yaesuvaa yimthayani yoohimchalaenu,ఎంత జాలి యేసువా యింతయని యూహించలేను,full,749,941,7,7,,in_library_contained,https://waytochurch.com/lyrics/song/3372
3373,shree yaesu naathuni shirasaavahimchi shishyula maesunu ghanaparachedhamu,శ్రీ యేసు నాథుని శిరసావహించి శిష్యుల మేసును ఘనపరచెదము,full,485,630,0,0,,missing,https://waytochurch.com/lyrics/song/3373
3374,dhaevaadhi dhaevaa prabhuvula prabhoo raajula raajaa hallelooy,దేవాది దేవా ప్రభువుల ప్రభూ రాజుల రాజా హల్లెలూయ,full,987,1257,0,0,,in_library_exact,https://waytochurch.com/lyrics/song/3374
3375,jai jai yaesuraajaa jai jai raajaadhiraajaa neekae jai jai,జై జై యేసురాజా జై జై రాజాధిరాజా నీకే జై జై,full,990,1263,0,0,,in_library_contained,https://waytochurch.com/lyrics/song/3375
3376,naadhu praanamaa naadhu praanamaa dhaevuni kriyalmaruvakumaa,నాదు ప్రాణమా నాదు ప్రాణమా దేవుని క్రియల్మరువకుమా,full,781,992,0,0,,missing,https://waytochurch.com/lyrics/song/3376
3377,prabhu ninu keerthimchuchunnaamu yaesu ninu keerthimchuchunnaamu,ప్రభు నిను కీర్తించుచున్నాము యేసు నిను కీర్తించుచున్నాము,full,470,575,0,0,,missing,https://waytochurch.com/lyrics/song/3377
3378,jeevmbu nichchina dhaevudaa nae paadedha neeku nirmtharamu hallelooya hallelooy,జీవంబు నిచ్చిన దేవుడా నే పాడెద నీకు నిరంతరము హల్లెలూయ హల్లెలూయ,full,619,764,0,0,,missing,https://waytochurch.com/lyrics/song/3378
3379,sthoathrimchi keerthimthumu ghanaparachedhamu koniyaadedhamu,స్తోత్రించి కీర్తింతుము ఘనపరచెదము కొనియాడెదము,full,926,1160,0,0,,missing,https://waytochurch.com/lyrics/song/3379
3380,sthoathrimchi keerthimchedhamu hallelooy,స్తోత్రించి కీర్తించెదము హల్లెలూయ,full,870,1064,0,0,,missing,https://waytochurch.com/lyrics/song/3380
3381,maa dhaeva maa dhaeva needhu vishvaasyatha chaala goppadhi,మా దేవ మా దేవ నీదు విశ్వాస్యత చాల గొప్పది,full,847,1076,0,0,,missing,https://waytochurch.com/lyrics/song/3381
3382,yehoavaa goppa kaaryamulu chaesenu veerikoraku,యెహోవా గొప్ప కార్యములు చేసెను వీరికొరకు,full,845,1057,0,0,,missing,https://waytochurch.com/lyrics/song/3382
3383,sthuthimthun parishudhdhuni aaraadhanathoa,స్తుతింతున్ పరిశుద్దుని ఆరాధనతో,full,822,1040,0,0,,missing,https://waytochurch.com/lyrics/song/3383
3384,prabhu goppa kaaryamulu chaesenani manamuthsahimchedhamu,ప్రభు గొప్ప కార్యములు చేసెనని మనముత్సహించెదము,full,771,995,0,0,,missing,https://waytochurch.com/lyrics/song/3384
3385,aanmdhamugaa yehoavaa nee krupalanni anni kaalmbulmdhu keerthimchedhanu,ఆనందముగా యెహోవా నీ కృపలన్ని అన్ని కాలంబులందు కీర్తించెదను,full,811,1020,0,0,,in_library_exact,https://waytochurch.com/lyrics/song/3385
3386,dhaevuni keerthimchedhamu dhaivaputhruni naamammdhu,దేవుని కీర్తించెదము దైవపుత్రుని నామమందు,full,794,1022,0,0,,missing,https://waytochurch.com/lyrics/song/3386
3387,dhanya dhanya dhanya prabhuku thaanae rakshna mana kosagae,ధన్య ధన్య ధన్య ప్రభుకు తానే రక్షణ మన కొసగే,full,539,691,0,0,,missing,https://waytochurch.com/lyrics/song/3387
3388,pagatiloa maegha sthmbhamugaa raathriloa yagni sthmbhamugaa,పగటిలో మేఘ స్తంభముగా రాత్రిలో యగ్ని స్తంభముగా,full,539,691,0,0,,missing,https://waytochurch.com/lyrics/song/3388
3389,rakshnya paatalu paadi rakshkudaesunu sadhaa koniyaadu,రక్షణ్య పాటలు పాడి రక్షకుడేసును సదా కొనియాడు,full,925,1144,0,0,,missing,https://waytochurch.com/lyrics/song/3389
3390,kruthajnythan thalavmchi naadhu jeevamu arpimthunu,కృతజ్ఞతన్ తలవంచి నాదు జీవము అర్పింతును,full,769,974,0,0,,in_library_exact,https://waytochurch.com/lyrics/song/3390
3391,naakorakai anniyu chaesenu yaesu naakimka bhayamu laedhu loakamuloa,నాకొరకై అన్నియు చేసెను యేసు నాకింక భయము లేదు లోకములో,full,820,1040,0,0,,in_library_exact,https://waytochurch.com/lyrics/song/3391
3392,yehoava mana koraku goppa kaaryamulanu,యెహోవ మన కొరకు గొప్ప కార్యములను,full,842,1085,0,0,,missing,https://waytochurch.com/lyrics/song/3392
3393,dhaevuni sthuthimcha rmdi gatha smvathsaramuna kaapaaden,దేవుని స్తుతించ రండి గత సంవత్సరమున కాపాడెన్,full,889,1124,0,0,,in_library_exact,https://waytochurch.com/lyrics/song/3393
3394,sthoathramu sthoathyamayyaa dhaevaa sthoathramu sthoathyamayyaa,స్తోత్రము స్తోత్యమయ్యా దేవా స్తోత్రము స్తోత్యమయ్యా,full,862,1062,0,0,,missing,https://waytochurch.com/lyrics/song/3394
3395,dhaevaa smvathsaramunu dhayaakireetamugaa nichchi yunnaavu,దేవా సంవత్సరమును దయాకిరీటముగా నిచ్చి యున్నావు,full,755,956,0,0,,missing,https://waytochurch.com/lyrics/song/3395
3396,sthuthulu neekarpimthumu sathathamu maa prabhuvaa,స్తుతులు నీకర్పింతుము సతతము మా ప్రభువా,full,525,656,0,0,,missing,https://waytochurch.com/lyrics/song/3396
3397,prabhuvaa paadedha noka sthuthi geethm praemimchi rakshimchithivi,ప్రభువా పాడెద నొక స్తుతి గీతం ప్రేమించి రక్షించితివి,full,887,1118,0,0,,missing,https://waytochurch.com/lyrics/song/3397
3398,oa bhakthulaaraa manammdharamu nithyamu yaesuni sthuthiyimchedhamu,ఓ భక్తులారా మనమందరము నిత్యము యేసుని స్తుతియించెదము,full,1142,1451,0,0,,missing,https://waytochurch.com/lyrics/song/3398
3399,maemu bhayapadamu ika maemu bhayapadamu,మేము భయపడము ఇక మేము భయపడము,full,764,941,0,0,,in_library_exact,https://waytochurch.com/lyrics/song/3399
3400,bhayamu laedhugaa manaku bhayamu laedhugaa,భయము లేదుగా మనకు భయము లేదుగా,full,876,1117,0,0,,missing,https://waytochurch.com/lyrics/song/3400
3401,dhaevasuthudu yaesu janmimche nirathamu sthuthiyimthumu,దేవసుతుడు యేసు జన్మించె నిరతము స్తుతియింతుము,full,829,1009,0,0,,missing,https://waytochurch.com/lyrics/song/3401
3402,mariyaku suthuduga dharanu janmimchi immaanuyaelaayen,మరియకు సుతుడుగ ధరను జన్మించి ఇమ్మానుయేలాయెన్,full,488,599,0,0,,missing,https://waytochurch.com/lyrics/song/3402
3403,baethlehaem puramuna chithrmbu kalige,బేత్లెహేం పురమున చిత్రంబు కలిగె,full,764,981,0,0,,in_library_exact,https://waytochurch.com/lyrics/song/3403
3404,o sadbaktulara lokarakshakundu bathlehemandhu nedu janmimchen,ఓ సద్భక్తులారా లోక రక్షకుండు బేత్లెహేమందు నేడు జన్మించెన్,full,618,768,0,0,,in_library_exact,https://waytochurch.com/lyrics/song/3404
3405,dhoothapaata paadudi rakshkun sthuthimchudi,దూతపాట పాడుడి రక్షకున్ స్తుతించుడి,full,640,785,0,0,,in_library_exact,https://waytochurch.com/lyrics/song/3405
3407,vimtimayyaa nee svaramu kmtimayyaa nee roopamunu,వింటిమయ్యా నీ స్వరము కంటిమయ్యా నీ రూపమును,full,767,968,0,0,,missing,https://waytochurch.com/lyrics/song/3407
3408,ఉదయించె దివ్య రక్షకుడు ఘోరాంధకార లోకమున,ఉదయించె దివ్య రక్షకుడు ఘోరాంధకార లోకమున,full,744,929,3,3,,in_library_exact,https://waytochurch.com/lyrics/song/3408
3409,niraakaara suroopudaa manoaharaa karigithivaa naakai vraelaaduchu siluvaloa,నిరాకార సురూపుడా మనోహరా కరిగితివా నాకై వ్రేలాడుచు సిలువలో,full,739,909,0,0,,missing,https://waytochurch.com/lyrics/song/3409
3410,yaesuni shramalathoada aashathoa paalu pomdhedhanu,యేసుని శ్రమలతోడ ఆశతో పాలు పొందెదను,full,790,995,0,0,,missing,https://waytochurch.com/lyrics/song/3410
3411,manakai yaesu maranimche mana paapamula korakai,మనకై యేసు మరణించె మన పాపముల కొరకై,full,809,1015,0,0,,missing,https://waytochurch.com/lyrics/song/3411
3412,yaesu prabhoo naa korakai baligaanu neevaithivi,యేసు ప్రభూ నా కొరకై బలిగాను నీవైతివి,full,544,642,0,0,,missing,https://waytochurch.com/lyrics/song/3412
3413,prabhuyaesu prabhuyaesu adhigoa shrama nomdhenu khaidheelanu vidipimchenu siluvaloa,ప్రభుయేసు ప్రభుయేసు అదిగో శ్రమ నొందెను ఖైదీలను విడిపించెను సిలువలో,full,739,937,0,0,,in_library_contained,https://waytochurch.com/lyrics/song/3413
3414,nee rakthamae nee rakthamae nan shudhdheekarimchun,నీ రక్తమే నీ రక్తమే నన్ శుద్ధీకరించున్,full,697,862,0,0,,in_library_exact,https://waytochurch.com/lyrics/song/3414
3415,siluvaloa baliyaina dhaevuni gorrepill,సిలువలో బలియైన దేవుని గొర్రెపిల్ల,full,709,911,0,0,,in_library_fuzzy,https://waytochurch.com/lyrics/song/3415
3416,adhigoa kalvariloa yaesu rakshkudae dheenudai vraelaaduchunnaadae,అదిగో కల్వరిలో యేసు రక్షకుడే దీనుడై వ్రేలాడుచున్నాడే,full,642,826,0,0,,missing,https://waytochurch.com/lyrics/song/3416
3417,dhaivathanayaa kreesthunaathumdaa ayyaa paapulakai praanamichchithivaa dhaevudae ninu pmpinaadaa,దైవతనయా క్రీస్తునాథుండా అయ్యా పాపులకై ప్రాణమిచ్చితివా దేవుడే నిను పంపినాడా,full,639,842,0,0,,in_library_contained,https://waytochurch.com/lyrics/song/3417
3418,yaesuni rakthamae jai jai prabhu yaesuni rakthamae jai,యేసుని రక్తమే జై జై ప్రభు యేసుని రక్తమే జై,full,660,813,0,0,,missing,https://waytochurch.com/lyrics/song/3418
3419,etuvmti yaagamu jaesithivi yaesu neevale naenumda naa korakai,ఎటువంటి యాగము జేసితివి యేసు నీవలె నేనుండ నా కొరకై,full,679,843,0,0,,missing,https://waytochurch.com/lyrics/song/3419
3420,choodumadhae nee korakae siluvapai vraelaadu shreeyaesu rakshkun,చూడుమదే నీ కొరకే సిలువపై వ్రేలాడు శ్రీయేసు రక్షకున్,full,696,866,0,0,,missing,https://waytochurch.com/lyrics/song/3420
3421,jeevapu maarga jyoathivi siluva moasina yaesu,జీవపు మార్గ జ్యోతివి సిలువ మోసిన యేసు,full,576,719,0,0,,missing,https://waytochurch.com/lyrics/song/3421
3422,yaesu chaavomdhe siluvapai nee korakae naa korakae,యేసు చావొందె సిలువపై నీ కొరకే నా కొరకే,full,464,588,0,0,,missing,https://waytochurch.com/lyrics/song/3422
3424,mahaathmudaina naa prabhu vichithra silvajooda naa,మహాత్ముడైన నా ప్రభు విచిత్ర సిల్వజూడ నా,full,596,720,0,0,,in_library_exact,https://waytochurch.com/lyrics/song/3424
3425,kalvari guttameedhanu dhurmaargavairulu dhvaeshimchi silva meedhanu shree yaesujmpiri,కల్వరి గుట్టమీదను దుర్మార్గవైరులు ద్వేషించి సిల్వ మీదను శ్రీ యేసుజంపిరి,full,453,533,0,0,,missing,https://waytochurch.com/lyrics/song/3425
3426,dhaevaa naadhaevaa nannaela vidachithivani siluvaloa baliyaina naa yaesuvaa,దేవా నాదేవా నన్నేల విడచితివని సిలువలో బలియైన నా యేసువా,full,727,950,0,0,,missing,https://waytochurch.com/lyrics/song/3426
3427,dhoorapu komdapai shramalaku gurthagu kroarapu siluvayae kanabade,దూరపు కొండపై శ్రమలకు గుర్తగు కౄరపు సిలువయే కనబడె,full,604,742,0,0,,in_library_exact,https://waytochurch.com/lyrics/song/3427
3428,priyuni siluvanu praemimthun praanamunnmtha varakunu,ప్రియుని సిలువను ప్రేమింతున్ ప్రాణమున్నంత వరకును,full,604,742,0,0,,in_library_contained,https://waytochurch.com/lyrics/song/3428
3429,geetham geetham jaya jaya geetam geetam,గీతం గీతం జయ జయ గీతం,full,591,750,0,0,,in_library_exact,https://waytochurch.com/lyrics/song/3429
3430,laechinaaduraa samaadhi gelichinaaduraa yaesu,లేచినాడురా సమాధి గెలిచినాడురా యేసు,full,1126,1426,0,0,,in_library_exact,https://waytochurch.com/lyrics/song/3430
3431,shraeshtageethamu vinabaduchunnadhi yaesu laechenu,శ్రేష్టగీతము వినబడుచున్నది యేసు లేచెను,full,694,883,0,0,,missing,https://waytochurch.com/lyrics/song/3431
3432,yaesu samaadhiloa parumdi vaasigaa moodava naadu laechen,యేసు సమాధిలో పరుండి వాసిగా మూడవ నాడు లేచెన్,full,376,457,0,0,,missing,https://waytochurch.com/lyrics/song/3432
3433,kreesthulaeche hallelooya laeche jayasheeludu,క్రీస్తులేచె హల్లెలూయ లేచె జయశీలుడు,full,780,957,0,0,,missing,https://waytochurch.com/lyrics/song/3433
3434,kreesthu naedu laechenu marthya dhootha smghamaa,క్రీస్తు నేడు లేచెను మర్త్య దూత సంఘమా,full,532,629,0,0,,missing,https://waytochurch.com/lyrics/song/3434
3435,yaesuraaju vachchunu dhoothalathoa vachchunu,యేసురాజు వచ్చును దూతలతో వచ్చును,full,620,778,0,0,,missing,https://waytochurch.com/lyrics/song/3435
3436,raajaadhiraajaa raavae raaju yaesu raajyamaela raavae,రాజాధిరాజా రావే రాజు యేసు రాజ్యమేల రావే,full,668,884,0,0,,missing,https://waytochurch.com/lyrics/song/3436
3437,maeghaa roodumdai prabhuyaesu athi vaegamugaa naethemchun,మేఘా రూఢుండై ప్రభుయేసు అతి వేగముగా నేతెంచున్,full,452,574,0,0,,missing,https://waytochurch.com/lyrics/song/3437
3438,prabhuni raakada ee dhinamae parugulidi rmdi sudhinamae,ప్రభుని రాకడ ఈ దినమే పరుగులిడి రండి సుదినమే,full,930,1161,0,0,,in_library_exact,https://waytochurch.com/lyrics/song/3438
3439,mahimayuthudu maa yaesuraaju,మహిమయుతుడు మా యేసురాజు,full,609,785,0,0,,missing,https://waytochurch.com/lyrics/song/3439
3440,maeghamu meedha yaesuraaju vaega milakuvachchun,మేఘము మీద యేసురాజు వేగ మిలకువచ్చున్,full,726,905,0,0,,missing,https://waytochurch.com/lyrics/song/3440
3441,soadharulaaraa lemdi raakada gurthulu choodmdi,సోదరులారా లెండి రాకడ గుర్తులు చూడండి,full,640,809,0,0,,missing,https://waytochurch.com/lyrics/song/3441
3442,yaesu raagaanae smghamu maarpu chaeyabadi paikeththabadunu,యేసు రాగానే సంఘము మార్పు చేయబడి పైకెత్తబడును,full,507,626,0,0,,missing,https://waytochurch.com/lyrics/song/3442
3443,raajula raajuga yaesu prabhumdu,రాజుల రాజుగ యేసు ప్రభుండు,full,572,696,0,0,,missing,https://waytochurch.com/lyrics/song/3443
3444,nee dhaevuni smdhimcha neevu aayaththamaa,నీ దేవుని సంధించ నీవు ఆయత్తమా,full,604,777,0,0,,missing,https://waytochurch.com/lyrics/song/3444
3445,parishudhdhulellaru yaesun pogadi paadi yaarbhatimchi paramunanumd,పరిశుద్ధులెల్లరు యేసున్ పొగడి పాడి యార్భటించి పరముననుండ,full,834,1070,0,0,,missing,https://waytochurch.com/lyrics/song/3445
3446,yaesu sheeghramugaa vachchun aashathoa kanipettudi,యేసు శీఘ్రముగా వచ్చున్ ఆశతో కనిపెట్టుడి,full,754,920,0,0,,missing,https://waytochurch.com/lyrics/song/3446
3447,maelukoa mahima raaju vaegamae raanai yunnaadu,మేలుకో మహిమ రాజు వేగమే రానై యున్నాడు,full,771,964,0,0,,in_library_exact,https://waytochurch.com/lyrics/song/3447
3448,adhigoa vachchunadhevaroa choodumaa mahima galigina mana yaesae,అదిగో వచ్చునదెవరో చూడుమా మహిమ గలిగిన మన యేసే,full,603,749,0,0,,missing,https://waytochurch.com/lyrics/song/3448
3449,yaesu sheeghramuga thirigivachchun sathyadhaevuni vaakyamidhae,యేసు శీఘ్రముగ తిరిగివచ్చున్ సత్యదేవుని వాక్యమిదే,full,694,866,0,0,,missing,https://waytochurch.com/lyrics/song/3449
3450,idhigoa naenu vachchuchunnaanu thvaragaa vachchuchunnaanu,ఇదిగో నేను వచ్చుచున్నాను త్వరగా వచ్చుచున్నాను,full,519,642,0,0,,missing,https://waytochurch.com/lyrics/song/3450
3451,jayamani paadu prabhuyaesunakae hoasanna jai,జయమని పాడు ప్రభుయేసునకే హోసన్న జై,full,570,745,0,0,,missing,https://waytochurch.com/lyrics/song/3451
3452,kaalamu sameepamu prabhu yaesu vachchun jeethamu pomdhunu nija dhaasudu,కాలము సమీపము ప్రభు యేసు వచ్చున్ జీతము పొందును నిజ దాసుడు,full,948,1185,0,0,,missing,https://waytochurch.com/lyrics/song/3452
3453,prakaasha vasthramuthoa paraloaka mahimathoa loakmbuna kaethemchunu maeghmbupai prabhuvae,ప్రకాశ వస్త్రముతో పరలోక మహిమతో లోకంబున కేతెంచును మేఘంబుపై ప్రభువే,full,787,1005,0,0,,missing,https://waytochurch.com/lyrics/song/3453
3454,raajularaaju prabhuvula prabhoo ee jagathiki arudhemche prabhoo,రాజులరాజు ప్రభువుల ప్రభూ ఈ జగతికి అరుదెంచె ప్రభూ,full,579,712,0,0,,missing,https://waytochurch.com/lyrics/song/3454
3455,jaagraththa bhakthulaaraa pilupidhae prabhuyaesu vaegavachchunu,జాగ్రత్త భక్తులారా పిలుపిదే ప్రభుయేసు వేగవచ్చును,full,767,988,0,0,,in_library_exact,https://waytochurch.com/lyrics/song/3455
3456,seeyoanuraaju vachchunu madhin sidhdhapadu,సీయోనురాజు వచ్చును మదిన్ సిద్ధపడు,full,592,744,0,0,,missing,https://waytochurch.com/lyrics/song/3456
3457,prabhuvu dhigivachchunu paramunumdi vaegamae vibhudu thirigivachchunu parama vadhuvukai,ప్రభువు దిగివచ్చును పరమునుండి వేగమే విభుడు తిరిగివచ్చును పరమ వధువుకై,full,843,1060,0,0,,missing,https://waytochurch.com/lyrics/song/3457
3458,kreesthu yaesu vachchunu aayaththamuga numdudi,క్రీస్తు యేసు వచ్చును ఆయత్తముగ నుండుడి,full,500,628,0,0,,missing,https://waytochurch.com/lyrics/song/3458
3459,praanapriyudaa praanapriyudaa rammu maa yaesu paadedhamu,ప్రాణప్రియుడా ప్రాణప్రియుడా రమ్ము మా యేసు పాడెదము,full,878,1118,0,0,,missing,https://waytochurch.com/lyrics/song/3459
3460,boora shabdhmbu dhvanimpa gaamchedhamaesun maa edhut,బూర శబ్దంబు ధ్వనింప గాంచెదమేసున్ మా ఎదుట,full,878,1118,0,0,,missing,https://waytochurch.com/lyrics/song/3460
3461,yaesukreesthu sheeghramuga sheeghramuga sheeghramug,యేసుక్రీస్తు శీఘ్రముగ శీఘ్రముగ శీఘ్రముగ,full,452,587,0,0,,missing,https://waytochurch.com/lyrics/song/3461
3462,komthasamayamae migilinadhi kreesthaesu prabhuvu thirigi vachchun,కొంతసమయమే మిగిలినది క్రీస్తేసు ప్రభువు తిరిగి వచ్చున్,full,577,714,0,0,,missing,https://waytochurch.com/lyrics/song/3462
3463,parama thmdri suthudu praanamichchenae paapi korakai,పరమ తండ్రి సుతుడు ప్రాణమిచ్చెనే పాపి కొరకై,full,583,724,0,0,,missing,https://waytochurch.com/lyrics/song/3463
3464,dhaeva gorrepilla siluvaloa samasinapudu paapa parihaaraartha oota therachen,దేవ గొర్రెపిల్ల సిలువలో సమసినపుడు పాప పరిహారార్థ ఊట తెరచెన్,full,1039,1300,0,0,,missing,https://waytochurch.com/lyrics/song/3464
3465,rakthammdhu rakthammdhu paapi neevu aa rakthammdhu nilichiyunnaavaa,రక్తమందు రక్తమందు పాపి నీవు ఆ రక్తమందు నిలిచియున్నావా,full,1039,1300,0,0,,missing,https://waytochurch.com/lyrics/song/3465
3466,mahaaraajaa yaesu neekae mahima kalugu gaak,మహారాజా యేసు నీకే మహిమ కలుగు గాక,full,485,616,0,0,,missing,https://waytochurch.com/lyrics/song/3466
3467,paraloaka raajyamu chaerutaku prabhuyaesae maargmbu,పరలోక రాజ్యము చేరుటకు ప్రభుయేసే మార్గంబు,full,563,693,0,0,,missing,https://waytochurch.com/lyrics/song/3467
3468,praemadmkaa jagamuna vinabadu naadhamu,ప్రేమడంకా జగమున వినబడు నాదము,full,690,853,0,0,,missing,https://waytochurch.com/lyrics/song/3468
3469,jayamani paadudi sarva janamaa mukthidhaatha yaesunaku,జయమని పాడుడి సర్వ జనమా ముక్తిదాత యేసునకు,full,360,451,0,0,,missing,https://waytochurch.com/lyrics/song/3469
3470,jagathi karudhemche rakshnakartha paapula mora vinenu yaesu,జగతి కరుదెంచె రక్షణకర్త పాపుల మొర వినెను యేసు,full,341,413,0,0,,missing,https://waytochurch.com/lyrics/song/3470
3471,dhanya dhanya yaesu naamamu jayajaya prabhu naamamu,ధన్య ధన్య యేసు నామము జయజయ ప్రభు నామము,full,343,446,0,0,,missing,https://waytochurch.com/lyrics/song/3471
3472,eeyana maata vinudi naedu eeyanae naa priya kumaarudu,ఈయన మాట వినుడి నేడు ఈయనే నా ప్రియ కుమారుడు,full,596,762,0,0,,missing,https://waytochurch.com/lyrics/song/3472
3473,paapamunaku jeethamu maranamu oa paapi bhayapadavaa,పాపమునకు జీతము మరణము ఓ పాపి భయపడవా,full,661,835,0,0,,missing,https://waytochurch.com/lyrics/song/3473
3474,yaesuraajuvachchunu imka komthakaalamae moakshmmdhu chaerudhumu,యేసురాజువచ్చును ఇంక కొంతకాలమే మోక్షమందు చేరుదుము,full,661,835,0,0,,in_library_contained,https://waytochurch.com/lyrics/song/3474
3475,parugidiraa soadharudaa prabhu sannidhi neevu jaerutakai,పరుగిడిరా సోదరుడా ప్రభు సన్నిధి నీవు జేరుటకై,full,845,1083,0,0,,missing,https://waytochurch.com/lyrics/song/3475
3476,vinudi soadharulaaraa naa yaesu prabhu yila kaethemchen,వినుడి సోదరులారా నా యేసు ప్రభు యిల కేతెంచెన్,full,769,918,0,0,,missing,https://waytochurch.com/lyrics/song/3476
3477,rmdi rmdi rayamuna yaesuni rakshkuniga nmgeekarimchudi,రండి రండి రయమున యేసుని రక్షకునిగ నంగీకరించుడి,full,884,1093,0,0,,missing,https://waytochurch.com/lyrics/song/3477
3478,iruku maargmbuloa pravaeshimchu vaaru komdharae,ఇరుకు మార్గంబులో ప్రవేశించు వారు కొందరే,full,424,528,0,0,,missing,https://waytochurch.com/lyrics/song/3478
3479,krupakaalamu dhaatipoavuchunnadhi krupapomdhanu parugidi rmdu vaevaeg,కృపకాలము దాటిపోవుచున్నది కృపపొందను పరుగిడి రండు వేవేగ,full,867,1089,0,0,,missing,https://waytochurch.com/lyrics/song/3479
3480,prabhu yaesukae jayamani paadu paapa parihaaramunu bomdhi,ప్రభు యేసుకే జయమని పాడు పాప పరిహారమును బొంది,full,370,462,0,0,,missing,https://waytochurch.com/lyrics/song/3480
3481,kaluvariloa vimukthi kaligenoa priyumdaa,కలువరిలో విముక్తి కలిగెనో ప్రియుండా,full,526,650,0,0,,missing,https://waytochurch.com/lyrics/song/3481
3482,yaesu prabhuvaegaaka vasudhaloa rakshkudae laedu,యేసు ప్రభువేగాక వసుధలో రక్షకుడే లేడు,full,507,647,0,0,,missing,https://waytochurch.com/lyrics/song/3482
3483,prabhu shree yaesu prabhu shree yaesu jayashaalee,ప్రభు శ్రీ యేసు ప్రభు శ్రీ యేసు జయశాలీ,full,475,585,0,0,,missing,https://waytochurch.com/lyrics/song/3483
3484,paripoornmbagu guruvu yevaru praemathoa nimdina hrudhayumde,పరిపూర్ణంబగు గురువు యెవరు ప్రేమతో నిండిన హృదయుండె,full,556,692,0,0,,missing,https://waytochurch.com/lyrics/song/3484
3485,prajalaaraa vaegamae raarae nijadhaivamunu kanugonarae,ప్రజలారా వేగమే రారే నిజదైవమును కనుగొనరే,full,602,749,0,0,,missing,https://waytochurch.com/lyrics/song/3485
3486,praemaamrutha dhaarala chimdhina mana yaesuku samamevaru,ప్రేమామృత ధారల చిందిన మన యేసుకు సమమెవరు,full,513,661,0,0,,missing,https://waytochurch.com/lyrics/song/3486
3487,rammanuchunnaa daesu raaju rmdi sarva janulaaraa,రమ్మనుచున్నా డేసు రాజు రండి సర్వ జనులారా,full,412,506,0,0,,missing,https://waytochurch.com/lyrics/song/3487
3488,rmdi rmdi yaesuni yodhdhaku rammanuchunnaadu,రండి రండి యేసుని యొద్దకు రమ్మనుచున్నాడు,full,642,795,0,0,,in_library_exact,https://waytochurch.com/lyrics/song/3488
3489,raarmdi yaesu paadhamula chaera paapa vimukthi pomdh,రారండి యేసు పాదముల చేర పాప విముక్తి పొంద,full,810,1033,0,0,,missing,https://waytochurch.com/lyrics/song/3489
3490,ilaloa yaesunakae jayamu,ఇలలో యేసునకే జయము,full,519,658,0,0,,missing,https://waytochurch.com/lyrics/song/3490
3491,kreesthae sarvaadhikaari kreesthae alphaa omaeg,క్రీస్తే సర్వాధికారి క్రీస్తే అల్ఫా ఒమేగ,full,709,898,0,0,,missing,https://waytochurch.com/lyrics/song/3491
3492,amdhakaaraloakamunaku velugunivva prabhuvu vachchenu,అంధకారలోకమునకు వెలుగునివ్వ ప్రభువు వచ్చెను,full,501,626,0,0,,missing,https://waytochurch.com/lyrics/song/3492
3493,maanava roopamunu dharimchi arudhemche yaesu ihamunaku,మానవ రూపమును ధరించి అరుదెంచె యేసు ఇహమునకు,full,577,726,0,0,,missing,https://waytochurch.com/lyrics/song/3493
3494,saati laenidhi yaesuni rakthamu paapamunu kadugunu,సాటి లేనిది యేసుని రక్తము పాపమును కడుగును,full,1175,1429,2,2,,missing,https://waytochurch.com/lyrics/song/3494
3495,rakshna nosagedu yaesuni praemanu lakshyamu chaeyumu oa priyudaa,రక్షణ నొసగెడు యేసుని ప్రేమను లక్ష్యము చేయుము ఓ ప్రియుడా,full,820,1012,0,0,,missing,https://waytochurch.com/lyrics/song/3495
3496,paapulakoraku prabhuyaesu siluvaloa baliyaayenu,పాపులకొరకు ప్రభుయేసు సిలువలో బలియాయెను,full,729,902,0,0,,missing,https://waytochurch.com/lyrics/song/3496
3497,dhaevudu loakamunu yemthoa praemimchenu adhvitheeya kumaaruni anugrahimchenu,దేవుడు లోకమును యెంతో ప్రేమించెను అద్వితీయ కుమారుని అనుగ్రహించెను,full,520,643,0,0,,missing,https://waytochurch.com/lyrics/song/3497
3498,maaya loakamu moasapoakumu yaesunmdhae rakshna dhorukunu neeku,మాయ లోకము మోసపోకుము యేసునందే రక్షణ దొరుకును నీకు,full,655,806,0,0,,missing,https://waytochurch.com/lyrics/song/3498
3499,nyaayapeetamu nee mumdhu vunnadhi dhyaanimchichoodu koorchunna dhevaroa,న్యాయపీఠము నీ ముందు వున్నది ధ్యానించిచూడు కూర్చున్న దెవరో,full,724,925,0,0,,missing,https://waytochurch.com/lyrics/song/3499
3500,mahaavaidhyumdu vachchenu brajaali broachu yaesu,మహావైద్యుండు వచ్చెను బ్రజాళి బ్రోచు యేసు,full,711,844,0,0,,missing,https://waytochurch.com/lyrics/song/3500
3501,maadhurympu naamamu moadhamichchugaanamu,మాధుర్యంపు నామము మోదమిచ్చుగానము,full,711,844,0,0,,missing,https://waytochurch.com/lyrics/song/3501
3502,shubhavaartha vimtimi yaesu rakshimchunu,శుభవార్త వింటిమి యేసు రక్షించును,full,479,578,0,0,,missing,https://waytochurch.com/lyrics/song/3502
3503,immaanuyaeluni rakthamu nimdina ootayae,ఇమ్మానుయేలుని రక్తము నిండిన ఊటయే,full,532,635,0,0,,missing,https://waytochurch.com/lyrics/song/3503
3504,hallelooyaa yaesuvaa kalvaripaina mruthudaa,హల్లెలూయా యేసువా కల్వరిపైన మృతుడా,full,532,635,0,0,,missing,https://waytochurch.com/lyrics/song/3504
3505,daagunaedhi maapunu vaegayaesu rakthadhaarae,డాగునేది మాపును వేగయేసు రక్తధారే,full,459,591,0,0,,missing,https://waytochurch.com/lyrics/song/3505
3506,haa dhivya rakthamu emthoa yamoolyamu,హా దివ్య రక్తము ఎంతో యమూల్యము,full,459,591,0,0,,missing,https://waytochurch.com/lyrics/song/3506
3507,mana prabhuvaina yaesunmdhu ennoa dheevenalu,మన ప్రభువైన యేసునందు ఎన్నో దీవెనలు,full,625,791,0,0,,missing,https://waytochurch.com/lyrics/song/3507
3508,nee jeevithamu kshnabhmguramae oka gadiyaloanae gathiyimchedhavu,నీ జీవితము క్షణభంగురమే ఒక గడియలోనే గతియించెదవు,full,402,512,0,0,,missing,https://waytochurch.com/lyrics/song/3508
3509,emthoa goppa nithyamaina poorna rakshna yidhae,ఎంతో గొప్ప నిత్యమైన పూర్ణ రక్షణ యిదే,full,704,902,0,0,,missing,https://waytochurch.com/lyrics/song/3509
3510,yaesu laenichoa paapikaashrayamae laedhu,యేసు లేనిచో పాపికాశ్రయమే లేదు,full,622,774,0,0,,missing,https://waytochurch.com/lyrics/song/3510
3511,maaru manassu pomdhumu prabhuni raajyamu sameepimchenu,మారు మనస్సు పొందుము ప్రభుని రాజ్యము సమీపించెను,full,611,778,0,0,,missing,https://waytochurch.com/lyrics/song/3511
3512,vyarthm vyarthm sarvamu vyarthm nashimchu loakm naashamu thadhym,వ్యర్థం వ్యర్థం సర్వము వ్యర్థం నశించు లోకం నాశము తధ్యం,full,676,852,0,0,,missing,https://waytochurch.com/lyrics/song/3512
3513,kreesthu prabhukae sakala mahima shaashvathmbainadhi thana raajym,క్రీస్తు ప్రభుకే సకల మహిమ శాశ్వతంబైనది తన రాజ్యం,full,684,833,0,0,,missing,https://waytochurch.com/lyrics/song/3513
3514,idhiyae anukoola samayamu neeku ghana rakshna dhinamu,ఇదియే అనుకూల సమయము నీకు ఘన రక్షణ దినము,full,860,1065,0,0,,missing,https://waytochurch.com/lyrics/song/3514
3515,idhiyae samaymbu rmdi yaesuni jaermdi,ఇదియే సమయంబు రండి యేసుని జేరండి,full,871,1083,0,0,,in_library_exact,https://waytochurch.com/lyrics/song/3515
3516,maayaloaka maayaloa naela mumgi thirigedhavu,మాయలోక మాయలో నేల ముంగి తిరిగెదవు,full,567,703,0,0,,missing,https://waytochurch.com/lyrics/song/3516
3517,maranamu vachchun maranamu vachchun,మరణము వచ్చున్ మరణము వచ్చున్,full,567,703,0,0,,missing,https://waytochurch.com/lyrics/song/3517
3518,vinathi vinathi vinathi thriyaekuniki,వినతి వినతి వినతి త్రియేకునికి,full,797,986,0,0,,missing,https://waytochurch.com/lyrics/song/3518
3519,kaalaviluva neeku theliyakapoayina kanneeru kaarchedhavu,కాలవిలువ నీకు తెలియకపోయిన కన్నీరు కార్చెదవు,full,599,760,0,0,,missing,https://waytochurch.com/lyrics/song/3519
3520,prabhu yaesu pilupunu oa priyudaa pedachevini pettedhavaa,ప్రభు యేసు పిలుపును ఓ ప్రియుడా పెడచెవిని పెట్టెదవా,full,998,1277,0,0,,missing,https://waytochurch.com/lyrics/song/3520
3521,praemathoa yaesu piluchuchunnaadu rammu,ప్రేమతో యేసు పిలుచుచున్నాడు రమ్ము,full,868,1069,0,0,,in_library_exact,https://waytochurch.com/lyrics/song/3521
3522,immuga nee hrudhayamu nimmu immanen nee prabhu,ఇమ్ముగ నీ హృదయము నిమ్ము ఇమ్మనెన్ నీ ప్రభు,full,613,759,0,0,,missing,https://waytochurch.com/lyrics/song/3522
3523,oapaapi jeevapu yootakuraa paapabhaaramu thoadaraa,ఓపాపి జీవపు యూటకురా పాపభారము తోడరా,full,728,912,0,0,,missing,https://waytochurch.com/lyrics/song/3523
3524,thaamasamu chaeyakumu tharunamunu veedakumu,తామసము చేయకుము తరుణమును వీడకుము,full,728,912,0,0,,missing,https://waytochurch.com/lyrics/song/3524
3525,gadiya naenu thattuchunnaanu,గడియ నేను తట్టుచున్నాను,full,742,950,0,0,,missing,https://waytochurch.com/lyrics/song/3525
3526,yaesu raajun nee yedhaloa vasiyimpa neeyavaa,యేసు రాజున్ నీ యెదలో వసియింప నీయవా,full,806,1009,0,0,,missing,https://waytochurch.com/lyrics/song/3526
3527,soadharudaa paapakshmakai vaedumaa prabhu yaesuni,సోదరుడా పాపక్షమకై వేడుమా ప్రభు యేసుని,full,487,602,0,0,,missing,https://waytochurch.com/lyrics/song/3527
3528,yaesu prabhuvae neeku rakshna nichchunu,యేసు ప్రభువే నీకు రక్షణ నిచ్చును,full,1296,1584,1,1,,missing,https://waytochurch.com/lyrics/song/3528
3529,oapaapee smdhimchithivaa nee paapa vimoachakuni,ఓపాపీ సంధించితివా నీ పాప విమోచకుని,full,763,922,0,0,,missing,https://waytochurch.com/lyrics/song/3529
3530,choodumu soadharudaa neevu naedae laechi rakshna korakai,చూడుము సోదరుడా నీవు నేడే లేచి రక్షణ కొరకై,full,855,1062,0,0,,missing,https://waytochurch.com/lyrics/song/3530
3531,prabhuthattu kannu leththu yaesu thattu kannu leththu,ప్రభుతట్టు కన్ను లెత్తు యేసు తట్టు కన్ను లెత్తు,full,463,594,0,0,,missing,https://waytochurch.com/lyrics/song/3531
3532,choodumu neevu maelukonumu yaesu vachchuchunnaadu,చూడుము నీవు మేలుకొనుము యేసు వచ్చుచున్నాడు,full,576,708,0,0,,missing,https://waytochurch.com/lyrics/song/3532
3533,yaesuni sveekarimchu kreesthaesuni sveekarimchu,యేసుని స్వీకరించు క్రీస్తేసుని స్వీకరించు,full,887,1117,0,0,,missing,https://waytochurch.com/lyrics/song/3533
3534,jeevitha mevvariki nee jeevitha mevvariki,జీవిత మెవ్వరికి నీ జీవిత మెవ్వరికి,full,701,917,0,0,,missing,https://waytochurch.com/lyrics/song/3534
3535,yaesu ninnu pilachenu vaasigaa svaramu vinu,యేసు నిన్ను పిలచెను వాసిగా స్వరము విను,full,639,784,0,0,,missing,https://waytochurch.com/lyrics/song/3535
3536,choodumu ee kshnamae kalvarini praemaa prabhuvu neekai niluchumdenu,చూడుము ఈ క్షణమే కల్వరిని ప్రేమా ప్రభువు నీకై నిలుచుండెను,full,562,703,0,0,,missing,https://waytochurch.com/lyrics/song/3536
3537,emtha paapinainanu yaesu chaerchukonunu,ఎంత పాపినైనను యేసు చేర్చుకొనును,full,456,558,0,0,,in_library_exact,https://waytochurch.com/lyrics/song/3537
3538,hallelooya hallelooya emtha paapinainanu,హల్లెలూయ హల్లెలూయ ఎంత పాపినైనను,full,456,558,0,0,,in_library_contained,https://waytochurch.com/lyrics/song/3538
3539,choochi jeevimchu yaesunaathuni gaayamulanu choodumu,చూచి జీవించు యేసునాథుని గాయములను చూడుము,full,686,845,0,0,,missing,https://waytochurch.com/lyrics/song/3539
3540,yaesunaathuni gaayamulanu choodumu nithyajeevamu pomdhedhavu,యేసునాథుని గాయములను చూడుము నిత్యజీవము పొందెదవు,full,686,845,0,0,,missing,https://waytochurch.com/lyrics/song/3540
3541,nammirammu nammirammu immuga brathukumu,నమ్మిరమ్ము నమ్మిరమ్ము ఇమ్ముగ బ్రతుకుము,full,841,1018,0,0,,missing,https://waytochurch.com/lyrics/song/3541
3542,rakshnmpu vaarthanu vini rakshkumdagu yaesuni,రక్షణంపు వార్తను విని రక్షకుండగు యేసుని,full,841,1018,0,0,,missing,https://waytochurch.com/lyrics/song/3542
3543,prabhuyaesu rammanuchumde paapula nellarini,ప్రభుయేసు రమ్మనుచుండె పాపుల నెల్లరిని,full,727,917,0,0,,missing,https://waytochurch.com/lyrics/song/3543
3544,yerushlaemu gummamulaaraa raajunu loaniki raanimmu,యెరుషలేము గుమ్మములారా రాజును లోనికి రానిమ్ము,full,640,791,0,0,,missing,https://waytochurch.com/lyrics/song/3544
3545,theruvu nee hrudhaya dhvaarmbu naedae prabhuyaesunmdhae rakshna kaladhu,తెరువు నీ హృదయ ద్వారంబు నేడే ప్రభుయేసునందే రక్షణ కలదు,full,726,930,0,0,,missing,https://waytochurch.com/lyrics/song/3545
3546,krupakaalamuloa prabhuyaesuni amgeekarimchumu oa priyudaa,కృపకాలములో ప్రభుయేసుని అంగీకరించుము ఓ ప్రియుడా,full,867,1091,0,0,,missing,https://waytochurch.com/lyrics/song/3546
3547,kreesthu chemthaku rammu priyudaa yaesu chemthaku rammu priyudaa,క్రీస్తు చెంతకు రమ్ము ప్రియుడా యేసు చెంతకు రమ్ము ప్రియుడా,full,668,833,0,0,,missing,https://waytochurch.com/lyrics/song/3547
3548,theruvabadiyunnadhi krupadhvaaramu,తెరువబడియున్నది కృపద్వారము,full,730,899,0,0,,missing,https://waytochurch.com/lyrics/song/3548
3549,naa maata vinumani prabhuvanenu ninu rakshimpanu piluchu chumde,నా మాట వినుమని ప్రభువనెను నిను రక్షింపను పిలుచు చుండె,full,615,759,0,0,,missing,https://waytochurch.com/lyrics/song/3549
3550,naadhu hrudhayapu dhvaaramu therachedhanu yaesu paapapu roagiki neevae gathi,నాదు హృదయపు ద్వారము తెరచెదను యేసు పాపపు రోగికి నీవే గతి,full,671,827,0,0,,missing,https://waytochurch.com/lyrics/song/3550
3551,priyayaesu nirmimchithivi priyamaara naa hrudhaym,ప్రియయేసు నిర్మించితివి ప్రియమార నా హృదయం,full,514,642,0,0,,in_library_exact,https://waytochurch.com/lyrics/song/3551
3552,kanikarimchi nannu rakshimchu maesayyaa,కనికరించి నన్ను రక్షించు మేసయ్యా,full,399,506,0,0,,missing,https://waytochurch.com/lyrics/song/3552
3553,yaesu naa hrudhayamunmdhuna nivasimcharammu hrudhayashudhdhi nimmu,యేసు నా హృదయమునందున నివసించరమ్ము హృదయశుద్ధి నిమ్ము,full,509,646,0,0,,missing,https://waytochurch.com/lyrics/song/3553
3554,rakshna nosagumu prabhuvaa paapiki,రక్షణ నొసగుము ప్రభువా పాపికి,full,350,425,0,0,,missing,https://waytochurch.com/lyrics/song/3554
3555,naenu ghoarapaapini chaeri vaeduchumtini kshmimchumu,నేను ఘోరపాపిని చేరి వేడుచుంటిని క్షమించుము,full,756,962,0,0,,missing,https://waytochurch.com/lyrics/song/3555
3556,prabhuvaa nannu karunimchumu nae ghoara paapini,ప్రభువా నన్ను కరుణించుము నే ఘోర పాపిని,full,617,766,0,0,,missing,https://waytochurch.com/lyrics/song/3556
3557,jeevapudhaatha naa hrudhayamuloaniki raa,జీవపుదాత నా హృదయములోనికి రా,full,597,776,0,0,,missing,https://waytochurch.com/lyrics/song/3557
3558,viduvavu nannika ennadainanu padipoakumdaa kaayurakshkaa,విడువవు నన్నిక ఎన్నడైనను పడిపోకుండా కాయురక్షకా,full,828,1052,7,7,,in_library_exact,https://waytochurch.com/lyrics/song/3558
3559,paapini naenu thappithi bhuviloa rakshimchedi vaarevaru,పాపిని నేను తప్పితి భువిలో రక్షించెడి వారెవరు,full,714,880,0,0,,missing,https://waytochurch.com/lyrics/song/3559
3560,naedu nae naarakshkuni naamadhiloa chaerchukonnaanu,నేడు నే నారక్షకుని నామదిలో చేర్చుకొన్నాను,full,674,853,0,0,,missing,https://waytochurch.com/lyrics/song/3560
3561,naakai cheelchabaddayoa naayanmthanagamaa,నాకై చీల్చబడ్డయో నాయనంతనగమా,full,482,602,0,0,,in_library_exact,https://waytochurch.com/lyrics/song/3561
3562,oa yaesu rakshkaa nee pilpu vimdhunu kalvaripai naa paapamu nivruththichaesithi,ఓ యేసు రక్షకా నీ పిల్పు విందును కల్వరిపై నా పాపము నివృత్తిచేసితి,full,436,535,0,0,,missing,https://waytochurch.com/lyrics/song/3562
3563,unnattu naenu vachchedhan paapinaina nan pilvagan,ఉన్నట్టు నేను వచ్చెదన్ పాపినైన నన్ పిల్వగన్,full,611,723,0,0,,missing,https://waytochurch.com/lyrics/song/3563
3564,aakaashamu bhuviloa nella yaesu unnathudu,ఆకాశము భువిలో నెల్ల యేసు ఉన్నతుడు,full,513,631,0,0,,missing,https://waytochurch.com/lyrics/song/3564
3565,nae nammudhu nae nammudhu yaesu naakai maranimchenani,నే నమ్ముదు నే నమ్ముదు యేసు నాకై మరణించెనని,full,513,631,0,0,,missing,https://waytochurch.com/lyrics/song/3565
3566,paapabhaaramu dhushtaguna samaethumdanai dhuhkhanashta dhaurjanyamuthoa numd,పాపభారము దుష్టగుణ సమేతుండనై దుఃఖనష్ట దౌర్జన్యముతో నుండ,full,735,911,0,0,,missing,https://waytochurch.com/lyrics/song/3566
3567,silvaloa silvaloa paapamella boaye silvaymdhun,సిల్వలో సిల్వలో పాపమెల్ల బోయె సిల్వయందున,full,735,911,0,0,,missing,https://waytochurch.com/lyrics/song/3567
3568,dhayagalayaesu paapikaashrayudaa priya prabhu dhroahini karunimchumu,దయగలయేసు పాపికాశ్రయుడా ప్రియ ప్రభు ద్రోహిని కరుణించుము,full,725,910,0,0,,missing,https://waytochurch.com/lyrics/song/3568
3569,smghamokkatae saarvathrika smghamanedi smgha mokkatae,సంఘమొక్కటే సార్వత్రిక సంఘమనెడి సంఘ మొక్కటే,full,967,1231,0,0,,missing,https://waytochurch.com/lyrics/song/3569
3570,parishudhdha shree yaesuvae paraloakaraaju,పరిశుద్ధ శ్రీ యేసువే పరలోకరాజు,full,1064,1338,0,0,,missing,https://waytochurch.com/lyrics/song/3570
3571,jayimchuvaadu dhaevakumaarudu bhayamu chemdhaka yumdudi,జయించువాడు దేవకుమారుడు భయము చెందక యుండుడి,full,975,1211,0,0,,missing,https://waytochurch.com/lyrics/song/3571
3572,seeyoanupattanamaa suvarna nagaramaa mahimaapuramaa mahaa bhaagyamu needhae,సీయోనుపట్టణమా సువర్ణ నగరమా మహిమాపురమా మహా భాగ్యము నీదే,full,805,999,0,0,,missing,https://waytochurch.com/lyrics/song/3572
3573,seeyoanu puramaa sarvoannathuni shrumgaarapuramaa seeyoanupuramaa,సీయోను పురమా సర్వోన్నతుని శృంగారపురమా సీయోనుపురమా,full,1164,1437,0,0,,missing,https://waytochurch.com/lyrics/song/3573
3574,prabhuyaesu smghamu nirmimchuchumda garvisaathaanu jayamomdha laedu,ప్రభుయేసు సంఘము నిర్మించుచుండ గర్విసాతాను జయమొంద లేడు,full,877,1118,0,0,,missing,https://waytochurch.com/lyrics/song/3574
3575,bhakthula smghamae prabhuni shareeramu amdhaayana thana poornatha nimpunu,భక్తుల సంఘమే ప్రభుని శరీరము అందాయన తన పూర్ణత నింపును,full,598,758,0,0,,missing,https://waytochurch.com/lyrics/song/3575
3576,smthasillunu mee hrudhayaalu seeyoanu mahimajoochi,సంతసిల్లును మీ హృదయాలు సీయోను మహిమజూచి,full,692,881,0,0,,missing,https://waytochurch.com/lyrics/song/3576
3577,shakthigala shaalaemuraajaa shaaroanu roajaa sthuthiyimchedhamu yaesu,శక్తిగల షాలేమురాజా షారోను రోజా స్తుతియించెదము యేసు,full,1243,1586,0,0,,missing,https://waytochurch.com/lyrics/song/3577
3578,dhaivadharshanamuna yaakoabu dhivyamuganu choochi,దైవదర్శనమున యాకోబు దివ్యముగను చూచి,full,674,848,0,0,,missing,https://waytochurch.com/lyrics/song/3578
3579,immuga nee sudhinmbu numdi mimmu naasheervaadhimchedhanu pommanina oa maa prabhuvaa,ఇమ్ముగ నీ సుదినంబు నుండి మిమ్ము నాశీర్వాదించెదను పొమ్మనిన ఓ మా ప్రభువా,full,837,1029,0,0,,missing,https://waytochurch.com/lyrics/song/3579
3580,సర్వ శక్తుని వాక్కు ఇదియే సమస్తమును మీవే,సర్వ శక్తుని వాక్కు ఇదియే సమస్తమును మీవే,full,601,763,0,0,,missing,https://waytochurch.com/lyrics/song/3580
3581,సీయోను వాసులారా సకల వాగ్దానములు మనవాయెను,సీయోను వాసులారా సకల వాగ్దానములు మనవాయెను,full,756,950,0,0,,missing,https://waytochurch.com/lyrics/song/3581
3582,గొఱ్ఱెపిల్ల వివాహోత్సవ సమయము వచ్చెను రండి,గొఱ్ఱెపిల్ల వివాహోత్సవ సమయము వచ్చెను రండి,full,643,777,0,0,,in_library_exact,https://waytochurch.com/lyrics/song/3582
3583,ఆత్మ మందిరమును ప్రభు కట్టుచున్నాడు ఆత్మ నియమముతో నిర్మించున్,ఆత్మ మందిరమును ప్రభు కట్టుచున్నాడు ఆత్మ నియమముతో నిర్మించున్,full,556,690,0,0,,missing,https://waytochurch.com/lyrics/song/3583
3584,ప్రభు దయచేయు నిత్య దీవెనలు బెరాకాలో చూతురు,ప్రభు దయచేయు నిత్య దీవెనలు బెరాకాలో చూతురు,full,867,1095,0,0,,missing,https://waytochurch.com/lyrics/song/3584
3585,నిర్మింపబడితిమి మనము దైవగృహముగా తన కృపచే స్థిరపరచబడితిమి,నిర్మింపబడితిమి మనము దైవగృహముగా తన కృపచే స్థిరపరచబడితిమి,full,576,752,0,0,,missing,https://waytochurch.com/lyrics/song/3585
3586,నాయాత్మ లంగరువేయ సుస్థిర భూమి చిక్కెను,నాయాత్మ లంగరువేయ సుస్థిర భూమి చిక్కెను,full,683,852,0,0,,missing,https://waytochurch.com/lyrics/song/3586
3587,జీవితంబు ఘోర కష్టనష్టముల్ ఆవరించి నిన్ను దుఃఖపర్చిన,జీవితంబు ఘోర కష్టనష్టముల్ ఆవరించి నిన్ను దుఃఖపర్చిన,full,649,809,0,0,,missing,https://waytochurch.com/lyrics/song/3587
3588,ఎంచుము లెక్కించు మీవులన్ ఎంచి చూడు మేసు దీవెనల్,ఎంచుము లెక్కించు మీవులన్ ఎంచి చూడు మేసు దీవెనల్,full,649,809,0,0,,missing,https://waytochurch.com/lyrics/song/3588
3589,ఆయన నన్ను నడుపునను ఆలోచనే నా కాధారం,ఆయన నన్ను నడుపునను ఆలోచనే నా కాధారం,full,548,710,0,0,,missing,https://waytochurch.com/lyrics/song/3589
3592,నడ్పుమా మహా యెహోవా లోకయాత్ర యందున,నడ్పుమా మహా యెహోవా లోకయాత్ర యందున,full,464,563,0,0,,missing,https://waytochurch.com/lyrics/song/3592
3593,యేసు మమ్ము నడిపించు నీదు కాపు కావలెన్,యేసు మమ్ము నడిపించు నీదు కాపు కావలెన్,full,572,692,0,0,,missing,https://waytochurch.com/lyrics/song/3593
3594,నీ చెంతకో ప్రభో నే జేరెదన్ కష్టంబు లేచినన్ నిన్ జేరెద,నీ చెంతకో ప్రభో నే జేరెదన్ కష్టంబు లేచినన్ నిన్ జేరెద,full,634,770,0,0,,missing,https://waytochurch.com/lyrics/song/3594
3595,పూర్వమాశీర్వాదము నేడు శ్రీయేసే మున్ను నా యాలోచన నేడు తనమాట,పూర్వమాశీర్వాదము నేడు శ్రీయేసే మున్ను నా యాలోచన నేడు తనమాట,full,911,1095,0,0,,missing,https://waytochurch.com/lyrics/song/3595
3596,సర్వములో సర్వదా యేసునే పాడెద యేసులో సమస్తము సమస్తము యేసే,సర్వములో సర్వదా యేసునే పాడెద యేసులో సమస్తము సమస్తము యేసే,full,911,1095,0,0,,missing,https://waytochurch.com/lyrics/song/3596
3597,యేసూ ఆత్మ ప్రియుడా నిన్ను నాశ్రయించితి,యేసూ ఆత్మ ప్రియుడా నిన్ను నాశ్రయించితి,full,696,834,0,0,,missing,https://waytochurch.com/lyrics/song/3597
3598,నా ప్రేమరాజు కాపరి నన్నెంతో ప్రేమించును,నా ప్రేమరాజు కాపరి నన్నెంతో ప్రేమించును,full,571,689,0,0,,missing,https://waytochurch.com/lyrics/song/3598
3599,దైవ ప్రేమ పృథ్విలోని యన్నిటిని మించును,దైవ ప్రేమ పృథ్విలోని యన్నిటిని మించును,full,564,672,0,0,,missing,https://waytochurch.com/lyrics/song/3599
3600,ఇమ్ముగ నడిపించితివి నెమ్మదిగల ఈ స్థలమునకు ప్రభో,ఇమ్ముగ నడిపించితివి నెమ్మదిగల ఈ స్థలమునకు ప్రభో,full,950,1181,0,0,,missing,https://waytochurch.com/lyrics/song/3600
3601,ఆనంద మహానందం ప్రభువే మనకానందం,ఆనంద మహానందం ప్రభువే మనకానందం,full,766,972,0,0,,missing,https://waytochurch.com/lyrics/song/3601
3602,మీరు బహుగా ఫలించినచో మహిమ కలుగును తండ్రికి,మీరు బహుగా ఫలించినచో మహిమ కలుగును తండ్రికి,full,721,914,0,0,,in_library_exact,https://waytochurch.com/lyrics/song/3602
3603,మేల్కొనుమా మేల్కొనుమా యేసే నుడివెను ఓ ప్రియుడా,మేల్కొనుమా మేల్కొనుమా యేసే నుడివెను ఓ ప్రియుడా,full,544,663,0,0,,missing,https://waytochurch.com/lyrics/song/3603
3604,అద్భుత దీవెనలు ప్రభువా కుమ్మరించితివి,అద్భుత దీవెనలు ప్రభువా కుమ్మరించితివి,full,703,883,0,0,,missing,https://waytochurch.com/lyrics/song/3604
3605,క్రీస్తుని చూచుచు సాగివెళ్ళెదను సీయోను యాత్రలో,క్రీస్తుని చూచుచు సాగివెళ్ళెదను సీయోను యాత్రలో,full,855,1108,0,0,,missing,https://waytochurch.com/lyrics/song/3605
3606,ఎంతో సుందర జీవితము మహిమతో నిండినది,ఎంతో సుందర జీవితము మహిమతో నిండినది,full,855,1108,0,0,,missing,https://waytochurch.com/lyrics/song/3606
3607,వెళ్ళెదము కూడి వెళ్ళెదము శ్రేష్ఠ దేశమును చేరుటకు,వెళ్ళెదము కూడి వెళ్ళెదము శ్రేష్ఠ దేశమును చేరుటకు,full,654,821,0,0,,missing,https://waytochurch.com/lyrics/song/3607
3608,ఓ ప్రభువా నే దారి తొలగితి నీ శరణు జొచ్చితిని,ఓ ప్రభువా నే దారి తొలగితి నీ శరణు జొచ్చితిని,full,569,715,0,0,,missing,https://waytochurch.com/lyrics/song/3608
3609,ప్రభుయేసు నా రక్షకా నొసగు కన్నులు నాకు,ప్రభుయేసు నా రక్షకా నొసగు కన్నులు నాకు,full,919,1127,0,0,,in_library_exact,https://waytochurch.com/lyrics/song/3609
3610,ఓ సర్వశక్తుడా నా సత్యదేవుడా సర్వదా నిను నే స్మరియింతును,ఓ సర్వశక్తుడా నా సత్యదేవుడా సర్వదా నిను నే స్మరియింతును,full,902,1101,0,0,,missing,https://waytochurch.com/lyrics/song/3610
3611,నీతిమంతుల ప్రార్థన దేవుడాలకించును,నీతిమంతుల ప్రార్థన దేవుడాలకించును,full,673,835,1,1,,missing,https://waytochurch.com/lyrics/song/3611
3612,చెట్లులేని మెట్టలందు నదుల పారజేయు దేవా,చెట్లులేని మెట్టలందు నదుల పారజేయు దేవా,full,582,747,0,0,,missing,https://waytochurch.com/lyrics/song/3612
3613,దేవుని ప్రార్థించెదము దైవ పుత్రుని నామమందు,దేవుని ప్రార్థించెదము దైవ పుత్రుని నామమందు,full,985,1195,0,0,,missing,https://waytochurch.com/lyrics/song/3613
3614,ఆకాశ మహా కాశంబులు పట్టని ఆశ్చర్యకరుడా,ఆకాశ మహా కాశంబులు పట్టని ఆశ్చర్యకరుడా,full,709,895,0,0,,in_library_exact,https://waytochurch.com/lyrics/song/3614
3615,ప్రభువా పరలోక జీవాగ్ని నిమ్ము పరిపూర్ణముగా జీవము నిమ్ము,ప్రభువా పరలోక జీవాగ్ని నిమ్ము పరిపూర్ణముగా జీవము నిమ్ము,full,512,615,0,0,,missing,https://waytochurch.com/lyrics/song/3615
3616,పరిశుద్ధ అగ్నిని పంపు దేవా రాజిల్లి వ్యాపింపజేయు దేవా,పరిశుద్ధ అగ్నిని పంపు దేవా రాజిల్లి వ్యాపింపజేయు దేవా,full,452,556,0,0,,missing,https://waytochurch.com/lyrics/song/3616
3617,పరిశుద్ధ పరిశుద్ధ ప్రభుయేసు రమ్ము మాకు నేడే నీ దీవెనలిమ్ము,పరిశుద్ధ పరిశుద్ధ ప్రభుయేసు రమ్ము మాకు నేడే నీ దీవెనలిమ్ము,full,408,491,0,0,,missing,https://waytochurch.com/lyrics/song/3617
3618,నీ వాత్మ యుద్ధములో జయ మొందుము,నీ వాత్మ యుద్ధములో జయ మొందుము,full,843,1070,0,0,,missing,https://waytochurch.com/lyrics/song/3618
3619,paramaasheervaadhamu koari paraloaka pithaa arudhemchithimi,పరమాశీర్వాదము కోరి పరలోక పితా అరుదెంచితిమి,full,492,632,0,0,,missing,https://waytochurch.com/lyrics/song/3619
3620,shudhdha aathma dhigirammu maa pai vaegamae shudhdhi yaesu nee eevula maakeeyumaa,శుద్ధ ఆత్మ దిగిరమ్ము మా పై వేగమే శుద్ధి యేసు నీ ఈవుల మాకీయుమా,full,583,739,0,0,,missing,https://waytochurch.com/lyrics/song/3620
3621,యెహోవాయే ఆశ్చర్య కార్యములను చేసియున్నాడు,యెహోవాయే ఆశ్చర్య కార్యములను చేసియున్నాడు,full,755,951,0,0,,missing,https://waytochurch.com/lyrics/song/3621
3622,నింపుమో ప్రభు నన్ను సర్వ సంసంపూర్ణతతోను నన్ను,నింపుమో ప్రభు నన్ను సర్వ సంసంపూర్ణతతోను నన్ను,full,461,566,0,0,,missing,https://waytochurch.com/lyrics/song/3622
3623,దేవా నిన్ను నేను విడువను నన్ను దీవించు వరకు,దేవా నిన్ను నేను విడువను నన్ను దీవించు వరకు,full,831,1016,0,0,,missing,https://waytochurch.com/lyrics/song/3623
3624,కరుణించి తిరిగి సమకూర్చు ప్రభువా క్షమాపణ నిన్ను వేడుచున్నాను,కరుణించి తిరిగి సమకూర్చు ప్రభువా క్షమాపణ నిన్ను వేడుచున్నాను,full,817,1017,0,0,,in_library_exact,https://waytochurch.com/lyrics/song/3624
3625,మా మొర నాలకించుము మహారాజ యేసు ప్రభువా,మా మొర నాలకించుము మహారాజ యేసు ప్రభువా,full,738,933,0,0,,missing,https://waytochurch.com/lyrics/song/3625
3626,ఆత్మ దీపమును వెలిగించు యేసు ప్రభో ఆత్మ దీపమును,ఆత్మ దీపమును వెలిగించు యేసు ప్రభో ఆత్మ దీపమును,full,486,588,0,0,,in_library_prefix,https://waytochurch.com/lyrics/song/3626
3627,ప్రభువా నీ కార్యమును నూతన పరచుము మాలో,ప్రభువా నీ కార్యమును నూతన పరచుము మాలో,full,825,1017,0,0,,missing,https://waytochurch.com/lyrics/song/3627
3628,ఓ ప్రభువా ఉజ్జీవము నిమ్ము విరిగిన మనస్సుతో నే వేడెదను,ఓ ప్రభువా ఉజ్జీవము నిమ్ము విరిగిన మనస్సుతో నే వేడెదను,full,671,833,0,0,,missing,https://waytochurch.com/lyrics/song/3628
3629,పరమతండ్రి కరములెత్తి స్తుతుల నర్పింతుము,పరమతండ్రి కరములెత్తి స్తుతుల నర్పింతుము,full,1004,1269,0,0,,missing,https://waytochurch.com/lyrics/song/3629
3630,నింపుము ఓ ప్రభువా సర్వ సంపూర్ణతతో,నింపుము ఓ ప్రభువా సర్వ సంపూర్ణతతో,full,538,677,0,0,,missing,https://waytochurch.com/lyrics/song/3630
3631,వెలుగిచ్చి నాకు మార్గము చూపు వెలిగించి నా మది ప్రియ యేసు,వెలుగిచ్చి నాకు మార్గము చూపు వెలిగించి నా మది ప్రియ యేసు,full,421,527,0,0,,missing,https://waytochurch.com/lyrics/song/3631
3632,prabhu kummarimchu prabhu kummarimchu dheevenala varshmu kummarimchumu,ప్రభు కుమ్మరించు ప్రభు కుమ్మరించు దీవెనల వర్షము కుమ్మరించుము,full,655,803,0,0,,missing,https://waytochurch.com/lyrics/song/3632
3633,కరుణించుము నా యేసువా కనికరమందైశ్వర్యుడా,కరుణించుము నా యేసువా కనికరమందైశ్వర్యుడా,full,757,920,0,0,,missing,https://waytochurch.com/lyrics/song/3633
3634,నీ పాద సన్నిధికి కృపామయ యేసయ్యా,నీ పాద సన్నిధికి కృపామయ యేసయ్యా,full,848,1078,0,0,,in_library_exact,https://waytochurch.com/lyrics/song/3634
3635,అడుగుడి మీరు మన ప్రభువిచ్చున్ తప్పక యిచ్చున్,అడుగుడి మీరు మన ప్రభువిచ్చున్ తప్పక యిచ్చున్,full,598,738,0,0,,missing,https://waytochurch.com/lyrics/song/3635
3636,వెళ్ళెదము మరి ధైర్యముతో కృపాసనము చేరను,వెళ్ళెదము మరి ధైర్యముతో కృపాసనము చేరను,full,720,923,0,0,,missing,https://waytochurch.com/lyrics/song/3636
3637,ప్రభువా పంపు వర్షమును నీ వాగ్దానములు స్థిరపరచి,ప్రభువా పంపు వర్షమును నీ వాగ్దానములు స్థిరపరచి,full,607,760,0,0,,missing,https://waytochurch.com/lyrics/song/3637
3638,ఓ కరుణానిధీ మహా ప్రభుయేసు నీవే సింహాసనాసీనుడవైతివి,ఓ కరుణానిధీ మహా ప్రభుయేసు నీవే సింహాసనాసీనుడవైతివి,full,769,971,0,0,,missing,https://waytochurch.com/lyrics/song/3638
3639,యేసు యేసు మొఱ్ఱనాలించు,యేసు యేసు మొఱ్ఱనాలించు,full,421,498,0,0,,missing,https://waytochurch.com/lyrics/song/3639
3640,రక్షకా నన్ మర్వబోకు మొఱ్ఱనాలించు,రక్షకా నన్ మర్వబోకు మొఱ్ఱనాలించు,full,421,498,0,0,,missing,https://waytochurch.com/lyrics/song/3640
3641,జీవంపు జలనదులు ఉచిత జీవనది,జీవంపు జలనదులు ఉచిత జీవనది,full,433,519,0,0,,missing,https://waytochurch.com/lyrics/song/3641
3642,గద్దియలో నుండి పారు జీవపు నదినీరు,గద్దియలో నుండి పారు జీవపు నదినీరు,full,433,519,0,0,,missing,https://waytochurch.com/lyrics/song/3642
3644,ఆశీర్వాదంబుల్మామీద వర్షింపజేయు మీశ,ఆశీర్వాదంబుల్మామీద వర్షింపజేయు మీశ,full,490,605,0,0,,in_library_exact,https://waytochurch.com/lyrics/song/3644
3645,ఇమ్మహి మీద గ్రుమ్మరించుము దేవా,ఇమ్మహి మీద గ్రుమ్మరించుము దేవా,full,490,605,0,0,,missing,https://waytochurch.com/lyrics/song/3645
3646,ప్రీతిగల మన యేసు ఎంతో గొప్ప మిత్రుడు,ప్రీతిగల మన యేసు ఎంతో గొప్ప మిత్రుడు,full,687,871,0,0,,in_library_fuzzy,https://waytochurch.com/lyrics/song/3646
3647,జీవింపచేయుము నమ్మి ప్రార్థింతుము,జీవింపచేయుము నమ్మి ప్రార్థింతుము,full,669,821,0,0,,missing,https://waytochurch.com/lyrics/song/3647
3648,సర్వశక్తి యుతుడా సభకు శిరస్సా,సర్వశక్తి యుతుడా సభకు శిరస్సా,full,669,821,0,0,,missing,https://waytochurch.com/lyrics/song/3648
3649,ఓ ప్రార్థనా సు ప్రార్థనా నీ ప్రాభవంబున్ మరతునా,ఓ ప్రార్థనా సు ప్రార్థనా నీ ప్రాభవంబున్ మరతునా,full,789,989,0,0,,missing,https://waytochurch.com/lyrics/song/3649
3650,ఒక్కొక్క గంట నేను నిన్నాశించుకొందు,ఒక్కొక్క గంట నేను నిన్నాశించుకొందు,full,459,556,0,0,,missing,https://waytochurch.com/lyrics/song/3650
3651,యేసూ నా ప్రభువా నీ ప్రేమ లేకున్న,యేసూ నా ప్రభువా నీ ప్రేమ లేకున్న,full,459,556,0,0,,missing,https://waytochurch.com/lyrics/song/3651
3652,విసుగకుండా నిత్యము ప్రార్థించ వలెనని,విసుగకుండా నిత్యము ప్రార్థించ వలెనని,full,688,838,0,0,,missing,https://waytochurch.com/lyrics/song/3652
3653,నీ సన్నిధి చేరితిమి ప్రభువా ప్రార్థన వినుమా,నీ సన్నిధి చేరితిమి ప్రభువా ప్రార్థన వినుమా,full,605,754,0,0,,missing,https://waytochurch.com/lyrics/song/3653
3654,గుణవంతురాలైన ఘనమైన స్త్రీయే గొప్పది యెంతో వెలగల ముత్యము కన్న,గుణవంతురాలైన ఘనమైన స్త్రీయే గొప్పది యెంతో వెలగల ముత్యము కన్న,full,804,1025,0,0,,missing,https://waytochurch.com/lyrics/song/3654
3655,జీవిత తృష్ణలను నాదు తీర్చుమయ్యా ప్రియ యేసునాథా,జీవిత తృష్ణలను నాదు తీర్చుమయ్యా ప్రియ యేసునాథా,full,508,652,0,0,,missing,https://waytochurch.com/lyrics/song/3655
3656,oa yehoavaa neevae nannu shoadhimchi yerigithivi,ఓ యెహోవా నీవే నన్ను శోధించి యెరిగితివి,full,543,677,0,0,,missing,https://waytochurch.com/lyrics/song/3656
3657,aahaa yaemaanmdhm aahaa yaemaanmdhamu cheppashakyamaa,ఆహా యేమానందం ఆహా యేమానందము చెప్పశక్యమా,full,547,684,0,0,,in_library_exact,https://waytochurch.com/lyrics/song/3657
3658,krupa kanikaramula maa dhaevaa kruthajnythanarpimthu,కృప కనికరముల మా దేవా కృతజ్ఞతనర్పింతు,full,868,1087,8,8,,in_library_exact,https://waytochurch.com/lyrics/song/3658
3659,amoolyarakthamu dhvaaraarakshnapomdhina janulaaraa,అమూల్యరక్తము ద్వారారక్షణపొందిన జనులారా,full,830,1077,0,0,,in_library_exact,https://waytochurch.com/lyrics/song/3659
3660,paapa samudhrammdhu pagile naa hrudhayanaav,పాప సముద్రమందు పగిలె నా హృదయనావ,full,467,576,0,0,,missing,https://waytochurch.com/lyrics/song/3660
3661,neeli gaganaana veligae thaarala boali loakaana velugudhm,నీలి గగనాన వెలిగే తారల బోలి లోకాన వెలుగుదం,full,456,568,0,0,,missing,https://waytochurch.com/lyrics/song/3661
3662,vishvaasa sahithamuganu prakatimchudi yaesuni,విశ్వాస సహితముగను ప్రకటించుడి యేసుని,full,657,827,0,0,,missing,https://waytochurch.com/lyrics/song/3662
3663,jeevimchuchunnaadu yaesuprabhu naa hrudhayamuloa nunnaadu,జీవించుచున్నాడు యేసుప్రభు నా హృదయములో నున్నాడు,full,363,450,0,0,,missing,https://waytochurch.com/lyrics/song/3663
3664,naa paapamulanu kshmimchen prabhu naa naethramulanu veligimchen,నా పాపములను క్షమించెన్ ప్రభు నా నేత్రములను వెలిగించెన్,full,606,740,0,0,,missing,https://waytochurch.com/lyrics/song/3664
3665,naa smkata dhuhkhamulella theeripoayegaa nashimpajaeyu dhootha nannu dhaatipoayenu,నా సంకట దుఃఖములెల్ల తీరిపోయెగా నశింపజేయు దూత నన్ను దాటిపోయెను,full,584,744,0,0,,in_library_contained,https://waytochurch.com/lyrics/song/3665
3666,rakshna aunnathyamu rakshkudae thelupunu parvatha shikhara shraenulavalenae nishchalamainadhi,రక్షణ ఔన్నత్యము రక్షకుడే తెలుపును పర్వత శిఖర శ్రేణులవలెనే నిశ్చలమైనది,full,736,929,0,0,,in_library_exact,https://waytochurch.com/lyrics/song/3666
3667,yaesu chaalunu yaesu chaalunu yae samayamain,యేసు చాలును యేసు చాలును యే సమయమైన,full,523,664,0,0,,in_library_contained,https://waytochurch.com/lyrics/song/3667
3668,parama jeevamu naaku nivva thirigi laechenu naathoanumdaa,పరమ జీవము నాకు నివ్వ తిరిగి లేచెను నాతోనుండా,full,540,681,4,4,,in_library_exact,https://waytochurch.com/lyrics/song/3668
3669,naahrudhayamu vimthaga maarenu,నాహృదయము వింతగ మారెను,full,511,624,0,0,,in_library_contained,https://waytochurch.com/lyrics/song/3669
3670,smthoashmae samaadhaanamae,సంతోషమే సమాధానమే,full,511,624,0,0,,in_library_exact,https://waytochurch.com/lyrics/song/3670
3671,bhaagyamau dhinamu prabhun gaikonna dhinamu,భాగ్యమౌ దినము ప్రభున్ గైకొన్న దినము,full,553,680,0,0,,missing,https://waytochurch.com/lyrics/song/3671
3672,haayaanmdha sudhinamu naa yaesun nammudhinamu,హాయానంద సుదినము నా యేసున్ నమ్ముదినము,full,553,680,0,0,,missing,https://waytochurch.com/lyrics/song/3672
3673,padhivaelaloa priyuni choochi thelisikomtivaa,పదివేలలో ప్రియుని చూచి తెలిసికొంటివా,full,600,742,0,0,,missing,https://waytochurch.com/lyrics/song/3673
3675,paramu dhigenu mahima nimdenaaloa siluva yodhdha svasthatha kaligenu,పరము దిగెను మహిమ నిండెనాలో సిలువ యొద్ద స్వస్థత కలిగెను,full,745,952,0,0,,missing,https://waytochurch.com/lyrics/song/3675
3676,haa emtha adhbhuthaashcharya dhinamu ennadu maruvani dhinm,హా ఎంత అద్భుతాశ్చర్య దినము ఎన్నడు మరువని దినం,full,745,952,0,0,,missing,https://waytochurch.com/lyrics/song/3676
3677,maakanugrahimchina dhaiva vaakyamulachae maa manoanaethramulu veligimpumayyaa,మాకనుగ్రహించిన దైవ వాక్యములచే మా మనోనేత్రములు వెలిగింపుమయ్యా,full,849,1083,0,0,,missing,https://waytochurch.com/lyrics/song/3677
3678,suvaarthanu chaatimpa susamaymbidhi yaenu,సువార్తను చాటింప సుసమయంబిది యేను,full,549,707,0,0,,missing,https://waytochurch.com/lyrics/song/3678
3679,lemmu thaejarillumu neeku velugu vachchi yunnadhi,లెమ్ము తేజరిల్లుము నీకు వెలుగు వచ్చి యున్నది,full,604,758,5,5,,in_library_exact,https://waytochurch.com/lyrics/song/3679
3680,siluva veerulu meerae cheluvuga chanudi,సిలువ వీరులు మీరే చెలువుగ చనుడి,full,580,727,0,0,,missing,https://waytochurch.com/lyrics/song/3680
3681,thama dhaevuneruguvaaru chaesedharu shakthithoa goppa kaaryamulu,తమ దేవునెరుగువారు చేసెదరు శక్తితో గొప్ప కార్యములు,full,701,886,0,0,,in_library_exact,https://waytochurch.com/lyrics/song/3681
3682,siluvanu moasi eeloakamunu thalakrimdhulu chaeyu tharunamidhae,సిలువను మోసి ఈలోకమును తలక్రిందులు చేయు తరుణమిదే,full,700,898,0,0,,missing,https://waytochurch.com/lyrics/song/3682
3683,karunan aerparachithivi sainyamula yehoava nan,కరుణన్ ఏర్పరచితివి సైన్యముల యెహోవ నన్,full,776,930,0,0,,missing,https://waytochurch.com/lyrics/song/3683
3684,loakamunaku nannu dhaevaa naa dhaevaa uppugaa jaesithivi,లోకమునకు నన్ను దేవా నా దేవా ఉప్పుగా జేసితివి,full,614,768,0,0,,missing,https://waytochurch.com/lyrics/song/3684
3685,laelemmu soadharee soadharudaa rakshkudaesuni saevimp,లేలెమ్ము సోదరీ సోదరుడా రక్షకుడేసుని సేవింప,full,860,1084,0,0,,missing,https://waytochurch.com/lyrics/song/3685
3686,jai jai jai jai yaesu prabhu maakai raanunna prabhuvaa,జై జై జై జై యేసు ప్రభు మాకై రానున్న ప్రభువా,full,739,927,0,0,,missing,https://waytochurch.com/lyrics/song/3686
3687,laelemmu soadharee soadharudaa vaelaaye yaesuni saevimpanu,లేలెమ్ము సోదరీ సోదరుడా వేళాయె యేసుని సేవింపను,full,720,899,0,0,,missing,https://waytochurch.com/lyrics/song/3687
3688,priyudaa prabhu yaesunaku nee veenula nimmu,ప్రియుడా ప్రభు యేసునకు నీ వీనుల నిమ్ము,full,834,1017,0,0,,missing,https://waytochurch.com/lyrics/song/3688
3689,aalakimthunu aa pilupunu saevimchedhanu dhaevuni,ఆలకింతును ఆ పిలుపును సేవించెదను దేవుని,full,378,457,0,0,,missing,https://waytochurch.com/lyrics/song/3689
3690,maelkonumu oa kaavali yaesuni yoadhudavu,మేల్కొనుము ఓ కావలి యేసుని యోధుడవు,full,670,825,0,0,,missing,https://waytochurch.com/lyrics/song/3690
3691,cheekati kaalamu vachchuchumde krupakaalamu nupayoagimchu,చీకటి కాలము వచ్చుచుండె కృపకాలము నుపయోగించు,full,750,960,0,0,,missing,https://waytochurch.com/lyrics/song/3691
3692,nee priya prabhuni saevakai arpimchukoa neevae,నీ ప్రియ ప్రభుని సేవకై అర్పించుకో నీవే,full,778,999,0,0,,in_library_exact,https://waytochurch.com/lyrics/song/3692
3693,yaesu kreesthuni mmchi shishyulamugaa vishvaasamuthoa saagedhamu,యేసు క్రీస్తుని మంచి శిష్యులముగా విశ్వాసముతో సాగెదము,full,639,798,0,0,,in_library_exact,https://waytochurch.com/lyrics/song/3693
3694,mmdhaloa chaerani gorrelennoa koatlakoladhigaa kalavu yil,మందలో చేరని గొఱ్ఱెలెన్నో కోట్లకొలదిగా కలవు యిల,full,642,786,0,0,,missing,https://waytochurch.com/lyrics/song/3694
3695,jaagraththa jaagraththa yaesuditlu pilchun,జాగ్రత్త జాగ్రత్త యేసుడిట్లు పిల్చున్,full,612,769,0,0,,missing,https://waytochurch.com/lyrics/song/3695
3698,raepu maapu gooda ramyamaina gimjal,రేపు మాపు గూడ రమ్యమైన గింజల్,full,462,569,0,0,,missing,https://waytochurch.com/lyrics/song/3698
3700,odduchaeri nee yedhuta nilchunapdu rakshkaa,ఒడ్డుచేరి నీ యెదుట నిల్చునప్డు రక్షకా,full,600,753,0,0,,missing,https://waytochurch.com/lyrics/song/3700
3701,aerparachina paathranu raajaadhi raajuku,ఏర్పరచిన పాత్రను రాజాధి రాజుకు,full,526,676,0,0,,missing,https://waytochurch.com/lyrics/song/3701
3703,yehoavaa nee krupaathishayamunu nithyamu keerthimthun,యెహోవా నీ కృపాతిశయమును నిత్యము కీర్తింతున్,full,623,787,0,0,,missing,https://waytochurch.com/lyrics/song/3703
3704,aanmdhimchedhamu prabhu yaesuloa amthayu maralaarjimchu komtimi,ఆనందించెదము ప్రభు యేసులో అంతయు మరలార్జించు కొంటిమి,full,850,1066,0,0,,missing,https://waytochurch.com/lyrics/song/3704
3705,nashtamu nmthatini marala maa yaesuniloa aarjimchithimi,నష్టము నంతటిని మరల మా యేసునిలో ఆర్జించితిమి,full,850,1066,0,0,,missing,https://waytochurch.com/lyrics/song/3705
3706,jayamu jayamani chaatimchedhamu,జయము జయమని చాటించెదము,full,449,564,0,0,,missing,https://waytochurch.com/lyrics/song/3706
3707,mahimathoa nimdina maa raajaa mahimathoa thirigi vachchuvaadaa,మహిమతో నిండిన మా రాజా మహిమతో తిరిగి వచ్చువాడా,full,851,1083,1,1,,missing,https://waytochurch.com/lyrics/song/3707
3708,prabhu yaesunakae jayamu siluvashakthichae jayamu jai jai jai jai,ప్రభు యేసునకే జయము సిలువశక్తిచే జయము జై జై జై జై,full,424,550,0,0,,missing,https://waytochurch.com/lyrics/song/3708
3709,maelkonumaa maelkonumaa naa praanamaa,మేల్కొనుమా మేల్కొనుమా నా ప్రాణమా,full,897,1110,0,0,,missing,https://waytochurch.com/lyrics/song/3709
3710,unnatha sthalamulapai nekkimchi choopimchu prabhu,ఉన్నత స్థలములపై నెక్కించి చూపించు ప్రభు,full,785,1002,0,0,,missing,https://waytochurch.com/lyrics/song/3710
3711,prabhukae sthoathramu mruthini gelchenu,ప్రభుకే స్తోత్రము మృతిని గెల్చెను,full,820,999,0,0,,in_library_exact,https://waytochurch.com/lyrics/song/3711
3712,jayaraaju jemdaa eththi choopuchu yudhdhamuchaeya velledhamu,జయరాజు జెండా ఎత్తి చూపుచు యుద్ధముచేయ వెళ్ళెదము,full,506,644,0,0,,missing,https://waytochurch.com/lyrics/song/3712
3713,velludhaam gelichedhm rakshkuni naamamunanu,వెళ్ళుదాం గెలిచెదం రక్షకుని నామమునను,full,506,644,0,0,,missing,https://waytochurch.com/lyrics/song/3713
3714,oa yaesu bhakthulaaraa mee raaju dhvajamu,ఓ యేసు భక్తులారా మీ రాజు ధ్వజము,full,479,589,0,0,,missing,https://waytochurch.com/lyrics/song/3714
3715,shoadhanaku meeru choateeyakudi dhairyamu vahimchi poaraatamunu,శోధనకు మీరు చోటీయకుడి ధైర్యము వహించి పోరాటమును,full,439,537,0,0,,missing,https://waytochurch.com/lyrics/song/3715
3716,yaesu shakthini goari yella kaalamu vaedu yaesudaashathoa mimmu daasi nadupunu,యేసు శక్తిని గోరి యెల్ల కాలము వేడు యేసుడాశతో మిమ్ము డాసి నడుపును,full,439,537,0,0,,missing,https://waytochurch.com/lyrics/song/3716
3717,adhikaaramu pomdhi yumtini prabhoo,అధికారము పొంది యుంటిని ప్రభూ,full,746,959,0,0,,missing,https://waytochurch.com/lyrics/song/3717
3718,svaasthyamugaa nichchithivi jayimchedu vaanikanni,స్వాస్థ్యముగా నిచ్చితివి జయించెడు వానికన్ని,full,750,942,0,0,,missing,https://waytochurch.com/lyrics/song/3718
3719,jayamu pomdhumani yaesu cheppenu,జయము పొందుమని యేసు చెప్పెను,full,649,836,0,0,,missing,https://waytochurch.com/lyrics/song/3719
3720,kreesthaesu siluvapai dhrushtinumchi aayana krupaymdhae niluchumdumu,క్రీస్తేసు సిలువపై దృష్టినుంచి ఆయన కృపయందే నిలుచుండుము,full,633,803,0,0,,missing,https://waytochurch.com/lyrics/song/3720
3721,kreesthae ee jeevithamuloa emthaina mmchikaapari,క్రీస్తే ఈ జీవితములో ఎంతైన మంచికాపరి,full,559,730,0,0,,missing,https://waytochurch.com/lyrics/song/3721
3722,mana jeevitha mmthayu anukshnamu yudhdhamae,మన జీవిత మంతయు అనుక్షణము యుద్ధమే,full,508,634,0,0,,missing,https://waytochurch.com/lyrics/song/3722
3723,yaesuloa harshimchedhamu mahimaloa harshimthumu nirathm,యేసులో హర్షించెదము మహిమలో హర్షింతుము నిరతం,full,947,1184,0,0,,missing,https://waytochurch.com/lyrics/song/3723
3724,ella vaelalmdhu kashtakaalammdhu vallabhumdaa yaesu sthuthimthun,ఎల్ల వేళలందు కష్టకాలమందు వల్లభుండా యేసు స్తుతింతున్,full,574,736,0,0,,in_library_fuzzy,https://waytochurch.com/lyrics/song/3724
3725,aanmdhamae manakilaloa mana kaanmdhamae prabhu laechen,ఆనందమే మనకిలలో మన కానందమే ప్రభు లేచెన్,full,795,1018,0,0,,missing,https://waytochurch.com/lyrics/song/3725
3726,మహిమ రాజు సన్నిధిన్ మకుటధారులై నిత్యజీవ శాంతిలో నిలిచి యుందుము,మహిమ రాజు సన్నిధిన్ మకుటధారులై నిత్యజీవ శాంతిలో నిలిచి యుందుము,full,613,787,0,0,,missing,https://waytochurch.com/lyrics/song/3726
3727,dhappigonina vaaralaaraa dhappitheerchukona rmdi rmdi,దప్పిగొనిన వారలారా దప్పితీర్చుకొన రండి రండి,full,680,825,0,0,,missing,https://waytochurch.com/lyrics/song/3727
3728,dhaahamugala vaarellaru neellayodhaaku raarmdi,దాహముగల వారెల్లరు నీళ్ళయొదాకు రారండి,full,846,1065,0,0,,missing,https://waytochurch.com/lyrics/song/3728
3729,paapula rakshkudu yaesu goppa dhaevaadhi dhaevudu yaesu,పాపుల రక్షకుడు యేసు గొప్ప దేవాది దేవుడు యేసు,full,879,1099,0,0,,missing,https://waytochurch.com/lyrics/song/3729
3730,dhaatumu yordhaanun yaathrikudaa naalugu ghadiyalakae athithivi neevichat,దాటుము యొర్దానున్ యాత్రికుడా నాలుగు ఘడియలకే అతిథివి నీవిచట,full,482,590,0,0,,missing,https://waytochurch.com/lyrics/song/3730
3731,dhanyudavu neevu dhanyudavu oa ishraayaelu bahu dhanyudavu,ధన్యుడవు నీవు ధన్యుడవు ఓ ఇశ్రాయేలు బహు ధన్యుడవు,full,689,883,0,0,,missing,https://waytochurch.com/lyrics/song/3731
3732,noothana aakaashamunu bhoomi naenu choochithi,నూతన ఆకాశమును భూమి నేను చూచితి,full,1468,1845,0,0,,missing,https://waytochurch.com/lyrics/song/3732
3733,mana prabhuyaesu vachchedu vaela mana smthoash hrudhayaalu chaala velase,మన ప్రభుయేసు వచ్చెడు వేళ మన సంతోష హృదయాలు చాల వెలసె,full,635,814,0,0,,missing,https://waytochurch.com/lyrics/song/3733
3734,nae bhramimchi nilchithi praema pravaahamu thaerichoochi,నే భ్రమించి నిల్చితి ప్రేమ ప్రవాహము తేరిచూచి,full,541,684,0,0,,missing,https://waytochurch.com/lyrics/song/3734
3735,pavithra rakthamuchaetha naa paapamella theere,పవిత్ర రక్తముచేత నా పాపమెల్ల తీరె,full,541,684,0,0,,missing,https://waytochurch.com/lyrics/song/3735
3736,prabhu yaesukreesthuni dharshanamae naedu prajalmdhari kathyavasaramu,ప్రభు యేసుక్రీస్తుని దర్శనమే నేడు ప్రజలందరి కత్యవసరము,full,964,1233,0,0,,missing,https://waytochurch.com/lyrics/song/3736
3737,yoardhaannadhi dharini bhramimpaku manasaa yoachanachae chimthapadaku naa demdhamaa,యోర్దాన్నది దరిని భ్రమింపకు మనసా యోచనచే చింతపడకు నా డెందమా,full,518,644,0,0,,missing,https://waytochurch.com/lyrics/song/3737
3738,krupaasimhaasanumdaa alphaa oamaegaa neevaegaa krupaa dhaapunajaeri nuthimchedh,కృపాసింహాసనుండా అల్ఫా ఓమేగా నీవేగా కృపా దాపునజేరి నుతించెద,full,1108,1376,0,0,,missing,https://waytochurch.com/lyrics/song/3738
3739,prabhuvaa nee paripoornatha numdi pomdhithimi krupavembadi krupanu,ప్రభువా నీ పరిపూర్ణత నుండి పొందితిమి కృపవెంబడి కృపను,full,760,955,0,0,,in_library_exact,https://waytochurch.com/lyrics/song/3739
3740,karunaa karudaa nee maargamu parishudhdha sthalamuloa galadhu,కరుణా కరుడా నీ మార్గము పరిశుద్ధ స్థలములో గలదు,full,629,800,0,0,,missing,https://waytochurch.com/lyrics/song/3740
3741,unnatha gruhamunu thvaragaa chaeri smpannuni dharshimthunu,ఉన్నత గృహమును త్వరగా చేరి సంపన్నుని దర్శింతును,full,751,942,0,0,,missing,https://waytochurch.com/lyrics/song/3741
3742,mana pattanmbadhigoa mana paurathvmbadhigoa,మన పట్టణంబదిగో మన పౌరత్వంబదిగో,full,625,815,0,0,,missing,https://waytochurch.com/lyrics/song/3742
3743,yaesuvaa naa priyamaina aathma mithrudaa nannu bhaasuramuga vaegavachchi kaugalimchavae,యేసువా నా ప్రియమైన ఆత్మ మిత్రుడా నన్ను భాసురముగ వేగవచ్చి కౌగలించవే,full,727,900,0,0,,missing,https://waytochurch.com/lyrics/song/3743
3744,ninnu viduvanu naenu amdharu ninnu vidachinanu,నిన్ను విడువను నేను అందరు నిన్ను విడచినను,full,937,1129,0,0,,missing,https://waytochurch.com/lyrics/song/3744
3745,sarvoanna thudu sarvaadhikaari sarvashakthimmthudu aayanae,సర్వోన్న తుడు సర్వాధికారి సర్వశక్తిమంతుడు ఆయనే,full,798,992,0,0,,missing,https://waytochurch.com/lyrics/song/3745
3746,velledhm shraeshtadhaeshm nijamu vumdedhm prabhuthoanae nithyamu,వెళ్ళెదం శ్రేష్టదేశం నిజము వుండెదం ప్రభుతోనే నిత్యము,full,502,656,0,0,,missing,https://waytochurch.com/lyrics/song/3746
3747,prakaashamaina aashcharyadhaeshamu priyuni dhaeshamu naa priya dhaeshamu,ప్రకాశమైన ఆశ్చర్యదేశము ప్రియుని దేశము నా ప్రియ దేశము,full,744,956,0,0,,missing,https://waytochurch.com/lyrics/song/3747
3748,vaagdhaanamulu pomdhudi meeloa prathivaadunu vishvaasamu chaethanu oarputhoada neppudu,వాగ్దానములు పొందుడి మీలో ప్రతివాడును విశ్వాసము చేతను ఓర్పుతోడ నెప్పుడు,full,952,1158,0,0,,missing,https://waytochurch.com/lyrics/song/3748
3749,neethi sooryumdu udhayimchu nippudu athani kiranamulu aaroagyamichchunu,నీతి సూర్యుండు ఉదయించు నిప్పుడు అతని కిరణములు ఆరోగ్యమిచ్చును,full,925,1157,0,0,,missing,https://waytochurch.com/lyrics/song/3749
3750,neethi sooryudu neepai nudhayimchunu athani rekkalu naaroagyamu nichchunu,నీతి సూర్యుడు నీపై నుదయించును అతని రెక్కలు నారోగ్యము నిచ్చును,full,652,817,0,0,,missing,https://waytochurch.com/lyrics/song/3750
3751,prabhuvaina kreesthuni dhinammdhu meeru abhayulai niraparaadhulai yumdhuru,ప్రభువైన క్రీస్తుని దినమందు మీరు అభయులై నిరపరాధులై యుందురు,full,657,828,0,0,,missing,https://waytochurch.com/lyrics/song/3751
3752,yaesu maaradu yaesu maaradu vishvammtha maarinanu maatathappadu,యేసు మారడు యేసు మారడు విశ్వమంత మారినను మాటతప్పడు,full,751,971,0,0,,missing,https://waytochurch.com/lyrics/song/3752
3753,yaesuni nithyamu sthuthiyimchedhamu bhoomi aakaashamu srujimchinaadu,యేసుని నిత్యము స్తుతియించెదము భూమి ఆకాశము సృజించినాడు,full,751,971,0,0,,missing,https://waytochurch.com/lyrics/song/3753
3754,anaadhi dhaevudu aashrayamu thana baahuvulu nee kaadhaaramae,అనాది దేవుడు ఆశ్రయము తన బాహువులు నీ కాధారమే,full,813,1028,0,0,,missing,https://waytochurch.com/lyrics/song/3754
3755,yaesuni vaagdhaanamul jnyaapakamunmdhumchukoni,యేసుని వాగ్దానముల్ జ్ఞాపకమునందుంచుకొని,full,675,882,0,0,,missing,https://waytochurch.com/lyrics/song/3755
3756,paravaasini nae jagamuna prabhuvaa nadachuchunnaanu naa dhaarin,పరవాసిని నే జగమున ప్రభువా నడచుచున్నాను నా దారిన్,full,778,980,0,0,,in_library_exact,https://waytochurch.com/lyrics/song/3756
3757,prabhuvaa neevae nammakamaina saamardhyudavu,ప్రభువా నీవే నమ్మకమైన సామర్ధ్యుడవు,full,732,910,0,0,,missing,https://waytochurch.com/lyrics/song/3757
3758,dhaevuni krupa nithyamumdunu aayana krupa nithyamumdunu,దేవుని కృప నిత్యముండును ఆయన కృప నిత్యముండును,full,709,908,0,0,,missing,https://waytochurch.com/lyrics/song/3758
3759,unnatha dhurgamu naa dhaevudae naa rakshkudae naakaashrayudu,ఉన్నత దుర్గము నా దేవుడే నా రక్షకుడే నాకాశ్రయుడు,full,678,842,0,0,,missing,https://waytochurch.com/lyrics/song/3759
3760,mimmununimpe maelulathoada aviyae paraloaka dheevenalu,మిమ్మునునింపె మేలులతోడ అవియే పరలోక దీవెనలు,full,815,1041,0,0,,missing,https://waytochurch.com/lyrics/song/3760
3761,yaesae manakila svaasthyamu vaerae svaasthyamu laedhikanu,యేసే మనకిల స్వాస్థ్యము వేరే స్వాస్థ్యము లేదికను,full,620,758,0,0,,missing,https://waytochurch.com/lyrics/song/3761
3762,yehoavaaye manakmdhariki enniyoa maelula jaesen,యెహోవాయె మనకందరికి ఎన్నియో మేలుల జేసెన్,full,647,813,0,0,,missing,https://waytochurch.com/lyrics/song/3762
3763,mammun srujimchina dhaevumdu praanamu,మమ్మున్ సృజించిన దేవుండు ప్రాణము,full,605,749,0,0,,missing,https://waytochurch.com/lyrics/song/3763
3764,shree yaesu raajyamumdunu sooryumdu velgu choatell,శ్రీ యేసు రాజ్యముండును సూర్యుండు వెల్గు చోటెల్ల,full,598,715,0,0,,missing,https://waytochurch.com/lyrics/song/3764
3766,yaesu neethi rakthamaenu naa nireekshnmthayunu,యేసు నీతి రక్తమేను నా నిరీక్షణంతయును,full,396,494,0,0,,missing,https://waytochurch.com/lyrics/song/3766
3767,yaesoo neeraktha neethulu naa sompu naadhu vasthramu,యేసూ నీరక్త నీతులు నా సొంపు నాదు వస్త్రము,full,510,622,0,0,,missing,https://waytochurch.com/lyrics/song/3767
3768,yaesu naavaadani nammudhun emthemthoa dhivya saubhaagyamu,యేసు నావాడని నమ్ముదున్ ఎంతెంతో దివ్య సౌభాగ్యము,full,439,541,0,0,,missing,https://waytochurch.com/lyrics/song/3768
3770,idhae naaku aanmdhamu aanmdhamu aanmdhamu,ఇదే నాకు ఆనందము ఆనందము ఆనందము,full,526,676,0,0,,missing,https://waytochurch.com/lyrics/song/3770
3771,shrmgaara dhaeshamu chaeragaanae naa dhuhkha baadhalanniyupoavun,శ్రంగార దేశము చేరగానే నా దుఃఖ బాధలన్నియుపోవున్,full,526,676,0,0,,missing,https://waytochurch.com/lyrics/song/3771
3772,yaesuni chaethulmdhu yaesuni rommunan,యేసుని చేతులందు యేసుని రొమ్మునన్,full,570,710,0,0,,missing,https://waytochurch.com/lyrics/song/3772
3773,amthyadhinammdhu dhootha boora noodhuchumdagaa,అంత్యదినమందు దూత బూర నూదుచుండగా,full,605,765,0,0,,missing,https://waytochurch.com/lyrics/song/3773
3775,oahoa yerooshlaemaa bmgaaru patnamaa,ఓహో యెరూషలేమా బంగారు పట్నమా,full,676,829,0,0,,missing,https://waytochurch.com/lyrics/song/3775
3776,shree yaesu svaami thirigi moakshmbu jaeragaa,శ్రీ యేసు స్వామి తిరిగి మోక్షంబు జేరగా,full,361,444,0,0,,missing,https://waytochurch.com/lyrics/song/3776
3778,yaesu ninnu joothu nimdhudhaetagaa agoacharaarthamul nae muttudhun,యేసు నిన్ను జూతు నిందుదేటగా అగోచరార్థముల్ నే ముట్టుదున్,full,591,747,0,0,,missing,https://waytochurch.com/lyrics/song/3778
3779,naenae bhayapada valadhani palikenu mana rakshkudu yaesuprabhu,నేనే భయపడ వలదని పలికెను మన రక్షకుడు యేసుప్రభు,full,664,858,0,0,,missing,https://waytochurch.com/lyrics/song/3779
3780,priyayaesu raajunu nae choochina chaalu mahimaloa naenaayanathoa numtae chaalu,ప్రియయేసు రాజును నే చూచిన చాలు మహిమలో నేనాయనతో నుంటే చాలు,full,792,1001,5,5,,in_library_fuzzy,https://waytochurch.com/lyrics/song/3780
3781,lemdee rmdee bhaavimahoannatha saakshulaaraa lemdee,లెండీ రండీ భావిమహోన్నత సాక్షులారా లెండీ,full,565,725,0,0,,missing,https://waytochurch.com/lyrics/song/3781
3782,yaesuprabhuvae mahima nireekshna manaloa vunnaadu,యేసుప్రభువే మహిమ నిరీక్షణ మనలో వున్నాడు,full,654,834,0,0,,missing,https://waytochurch.com/lyrics/song/3782
3783,prabhoo nee vaadanu neevu naa prabhudavani nee korakai jeevimthunu,ప్రభూ నీ వాడను నీవు నా ప్రభుడవని నీ కొరకై జీవింతును,full,966,1255,0,0,,missing,https://waytochurch.com/lyrics/song/3783
3784,paraloakamu naa dhaeshamu paradhaeshi naenila maayaloakamaegaa naenu yaathrikudanu,పరలోకము నా దేశము పరదేశి నేనిల మాయలోకమేగా నేను యాత్రికుడను,full,641,803,0,0,,in_library_contained,https://waytochurch.com/lyrics/song/3784
3785,naa koarikalu theeripoaye priya yaesuloa,నా కోరికలు తీరిపోయె ప్రియ యేసులో,full,537,674,0,0,,missing,https://waytochurch.com/lyrics/song/3785
3786,edhuru choochedhamu dhrudapunaadhigala pattmgamunakai,ఎదురు చూచెదము దృఢపునాదిగల పట్టంగమునకై,full,653,827,0,0,,missing,https://waytochurch.com/lyrics/song/3786
3787,prabhuraajym nishchalamainadhi shubhapradhmbu shaashvathamainadhi,ప్రభురాజ్యం నిశ్చలమైనది శుభప్రదంబు శాశ్వతమైనది,full,630,770,0,0,,missing,https://waytochurch.com/lyrics/song/3787
3788,nishchalamainadhi yaesu raajyamu prakaashimchae raajyamu,నిశ్చలమైనది యేసు రాజ్యము ప్రకాశించే రాజ్యము,full,765,965,0,0,,missing,https://waytochurch.com/lyrics/song/3788
3789,jeevamunichchedha jeevaadhipathiki,జీవమునిచ్చెద జీవాధిపతికి,full,620,768,0,0,,missing,https://waytochurch.com/lyrics/song/3789
3790,naa naathudaa naayullamichchithi neeku,నా నాథుడా నాయుల్లమిచ్చితి నీకు,full,576,724,0,0,,in_library_exact,https://waytochurch.com/lyrics/song/3790
3791,yaesoo naa siluvan moasi ninu nae vembadimchedhanu,యేసూ నా సిలువన్ మోసి నిను నే వెంబడించెదను,full,569,702,0,0,,missing,https://waytochurch.com/lyrics/song/3791
3792,siluvanu veedanu siluvanu veedanu siluvanu veedanu,సిలువను వీడను సిలువను వీడను సిలువను వీడను,full,615,765,0,0,,missing,https://waytochurch.com/lyrics/song/3792
3793,naa yaesu maargammdhuna vella naayaththamaa,నా యేసు మార్గమందున వెళ్ళ నాయత్తమా,full,615,765,0,0,,missing,https://waytochurch.com/lyrics/song/3793
3794,thrithvamarmamu nerigina mithrumdaa praanamunimmu,త్రిత్వమర్మము నెరిగిన మిత్రుండా ప్రాణమునిమ్ము,full,597,743,0,0,,missing,https://waytochurch.com/lyrics/song/3794
3795,dhaevayaathma bhaasuraagni thaejassugaa nunnadhi,దేవయాత్మ భాసురాగ్ని తేజస్సుగా నున్నది,full,623,779,0,0,,missing,https://waytochurch.com/lyrics/song/3795
3796,prabhuni dharshanm yaesuni dharshana momdhi saeva chaeyumu dhaevuniki,ప్రభుని దర్శనం యేసుని దర్శన మొంది సేవ చేయుము దేవునికి,full,551,710,0,0,,missing,https://waytochurch.com/lyrics/song/3796
3797,priya yaesuni sainya veerulamu sainya veerulamu,ప్రియ యేసుని సైన్య వీరులము సైన్య వీరులము,full,983,1227,0,0,,missing,https://waytochurch.com/lyrics/song/3797
3798,yaajaka dharmamu nerigi yaesunikae saeva praemathoa nonarimpudu,యాజక ధర్మము నెరిగి యేసునికే సేవ ప్రేమతో నొనరింపుడు,full,705,896,0,0,,missing,https://waytochurch.com/lyrics/song/3798
3799,yaesuni nimdhanu bharimchi aayana yodhdhaku velludhamu,యేసుని నిందను భరించి ఆయన యొద్దకు వెళ్ళుదము,full,803,1030,0,0,,missing,https://waytochurch.com/lyrics/song/3799
3800,yaesuni shishyulamu yaegudhamu pishaachi loakamunu kadhalimthumu,యేసుని శిష్యులము యేగుదము పిశాచి లోకమును కదలింతుము,full,963,1212,0,0,,missing,https://waytochurch.com/lyrics/song/3800
3801,yaesukreesthae sajjanudu vairikanna balavmthudu,యేసుక్రీస్తే సజ్జనుడు వైరికన్న బలవంతుడు,full,467,580,0,0,,missing,https://waytochurch.com/lyrics/song/3801
3802,manassaara kruthajnytha liduchu ghanmbu chaeyu prabhun,మనస్సార కృతజ్ఞత లిడుచు ఘనంబు చేయు ప్రభున్,full,866,1085,0,0,,missing,https://waytochurch.com/lyrics/song/3802
3803,ee jagathiki jyoathini naenu jeevana jyoathi jvalimchedhanu,ఈ జగతికి జ్యోతిని నేను జీవన జ్యోతి జ్వలించెదను,full,409,510,0,0,,missing,https://waytochurch.com/lyrics/song/3803
3804,nee siluvae naaku sharanu yaesuprabhoa,నీ సిలువే నాకు శరణు యేసుప్రభో,full,576,748,0,0,,missing,https://waytochurch.com/lyrics/song/3804
3805,నే నీవాడనై యుండగోరెదన్ యేసు ప్రియ రక్షకా,నే నీవాడనై యుండగోరెదన్ యేసు ప్రియ రక్షకా,full,531,651,0,0,,missing,https://waytochurch.com/lyrics/song/3805
3807,naadhu praanamu prabhoa naenu nee karpimthunu,నాదు ప్రాణము ప్రభో నేను నీ కర్పింతును,full,573,691,0,0,,missing,https://waytochurch.com/lyrics/song/3807
3809,yaesu prabhoa neeku naenu naa samasthamiththunu,యేసు ప్రభో నీకు నేను నా సమస్తమిత్తును,full,591,738,0,0,,missing,https://waytochurch.com/lyrics/song/3809
3811,naa rakshkuni vembadimthu nannitan ghoaramaina komdalaina jmkomdhanu,నా రక్షకుని వెంబడింతు నన్నిటన్ ఘోరమైన కొండలైన జంకొందను,full,509,623,0,0,,missing,https://waytochurch.com/lyrics/song/3811
3813,silvaloa silvaloaao gaamchi nae choodaogan,సిల్వలో సిల్వలోఁ గాంచి నే చూడఁగన్,full,479,576,0,0,,missing,https://waytochurch.com/lyrics/song/3813
3814,naa yaesu noppukonanu nae siggunomdhanu,నా యేసు నొప్పుకొనను నే సిగ్గునొందను,full,479,576,0,0,,missing,https://waytochurch.com/lyrics/song/3814
3815,silvachemtha naesuvaa chaerchi nannu numchu,సిల్వచెంత నేసువా చేర్చి నన్ను నుంచు,full,431,505,0,0,,missing,https://waytochurch.com/lyrics/song/3815
3816,silvakae silvakae chellu naa vimukthi,సిల్వకే సిల్వకే చెల్లు నా విముక్తి,full,431,505,0,0,,missing,https://waytochurch.com/lyrics/song/3816
3817,prabhu yaesuni naenu naenu vembadimthunu thana adugu jaadalaloa nadichedhanu,ప్రభు యేసుని నేను నేను వెంబడింతును తన అడుగు జాడలలో నడిచెదను,full,430,518,0,0,,missing,https://waytochurch.com/lyrics/song/3817
3818,naa sarvamaina prabhoo arpimchukomdhu neekai amgeekarimchu naedae nee saeva chaeyutakai,నా సర్వమైన ప్రభూ అర్పించుకొందు నీకై అంగీకరించు నేడే నీ సేవ చేయుటకై,full,627,791,0,0,,missing,https://waytochurch.com/lyrics/song/3818
3819,yauvanudaa smthoashpadumaa yauvana kaalamun,యౌవనుడా సంతోషపడుమా యౌవన కాలమున,full,628,767,0,0,,missing,https://waytochurch.com/lyrics/song/3819
3820,manaku jeevamaiyunna rakshkudu prabhuyaesae,మనకు జీవమైయున్న రక్షకుడు ప్రభుయేసే,full,907,1102,0,0,,missing,https://waytochurch.com/lyrics/song/3820
3821,nee dhaevuni sannidhini kanabadanu neevu sidhdhapadumaa,నీ దేవుని సన్నిధిని కనబడను నీవు సిద్ధపడుమా,full,771,977,0,0,,missing,https://waytochurch.com/lyrics/song/3821
3822,సిలువే నీ గురిగా నడువు యౌవనుడా,సిలువే నీ గురిగా నడువు యౌవనుడా,full,554,682,0,0,,missing,https://waytochurch.com/lyrics/song/3822
3823,meeraemi vedhakuchunnaaru,మీరేమి వెదకుచున్నారు,full,661,819,0,0,,missing,https://waytochurch.com/lyrics/song/3823
3824,yauvanulaaraa mee yauvanamuloa smthasimchudi,యౌవనులారా మీ యౌవనములో సంతసించుడి,full,778,984,0,0,,missing,https://waytochurch.com/lyrics/song/3824
3825,dhayagala yaesu prabhoo ninnu yeruga krupanimmu,దయగల యేసు ప్రభూ నిన్ను యెరుగ కృపనిమ్ము,full,776,962,0,0,,missing,https://waytochurch.com/lyrics/song/3825
3826,prabhuni saeva jaeyarammu oa yauvanudaa,ప్రభుని సేవ జేయరమ్ము ఓ యౌవనుడా,full,846,1052,0,0,,missing,https://waytochurch.com/lyrics/song/3826
3827,hallelooya hoasannaa sthuthi ghanathaa prabhukae,హల్లెలూయ హోసన్నా స్తుతి ఘనతా ప్రభుకే,full,560,696,0,0,,missing,https://waytochurch.com/lyrics/song/3827
3828,kreesthu mimmulanu svathmthrula jaese dhaasyapu kaadiki chikkukonaku,క్రీస్తు మిమ్ములను స్వతంత్రుల జేసె దాస్యపు కాడికి చిక్కుకొనకు,full,507,645,0,0,,missing,https://waytochurch.com/lyrics/song/3828
3829,evaru jayimchedharoa vaarae samasthamunu pomdhedharu,ఎవరు జయించెదరో వారే సమస్తమును పొందెదరు,full,654,844,0,0,,missing,https://waytochurch.com/lyrics/song/3829
3830,mahaa dhaevumdu parishudhdhudagu thanayuni,మహా దేవుండు పరిశుద్ధుడగు తనయుని,full,666,853,0,0,,missing,https://waytochurch.com/lyrics/song/3830
3831,sthoathrm sthoathramu dhaevaadhi dhaevaa paathralanugaa maarchithivi dhaevuni paathralanug,స్తోత్రం స్తోత్రము దేవాది దేవా పాత్రలనుగా మార్చితివి దేవుని పాత్రలనుగ,full,668,850,0,0,,missing,https://waytochurch.com/lyrics/song/3831
3832,prabhuvuku thaginattu pruthiviloa priyudaa padhilamugaa jeevimchavaa,ప్రభువుకు తగినట్టు పృథివిలో ప్రియుడా పదిలముగా జీవించవా,full,859,1081,0,0,,missing,https://waytochurch.com/lyrics/song/3832
3833,dhaevuni nijapraema parishudhdha grmthammdhunnadhi,దేవుని నిజప్రేమ పరిశుధ్ధ గ్రంథమందున్నది,full,483,619,0,0,,missing,https://waytochurch.com/lyrics/song/3833
3834,grmtha vaagdhaanamulanni naavi,గ్రంథ వాగ్దానములన్ని నావి,full,149,140,0,0,,missing,https://waytochurch.com/lyrics/song/3834
3837,aashraeshtmbau grmthamuloa,ఆశ్రేష్ఠంబౌ గ్రంథములో,full,144,141,0,0,,in_library_exact,https://waytochurch.com/lyrics/song/3837
3838,చేయను శ్రేష్ఠ కార్యము ప్రార్థన,చేయను శ్రేష్ఠ కార్యము ప్రార్థన,full,685,708,0,0,,missing,https://waytochurch.com/lyrics/song/3838
3839,patmpa shraeshtagrmthamu baibil,పఠంప శ్రేష్ఠగ్రంథము బైబిల్,full,685,708,0,0,,missing,https://waytochurch.com/lyrics/song/3839
3841,snaehimpa shraeshta mithrudaesu kreesthu,స్నేహింప శ్రేష్ఠ మిత్రుడేసు క్రీస్తు,full,685,708,0,0,,missing,https://waytochurch.com/lyrics/song/3841
3842,chaeyanu shraeshta pani dhaiva saevayae,చేయను శ్రేష్ఠ పని దైవ సేవయే,full,685,708,0,0,,missing,https://waytochurch.com/lyrics/song/3842
3843,ఆనందం నా కానందం ఆనందం పరమానందం,ఆనందం నా కానందం ఆనందం పరమానందం,full,158,163,0,0,,missing,https://waytochurch.com/lyrics/song/3843
3844,యేసునే స్తుతించు రేపేమగునో తెలియనందున స్తుతించు,యేసునే స్తుతించు రేపేమగునో తెలియనందున స్తుతించు,full,373,451,0,0,,missing,https://waytochurch.com/lyrics/song/3844
3845,వింతయైన యేసు రక్షకుండు తానే నిన్ను నడుపును,వింతయైన యేసు రక్షకుండు తానే నిన్ను నడుపును,full,280,291,0,0,,missing,https://waytochurch.com/lyrics/song/3845
3846,నాదు ప్రాణమా ప్రభున్నుతించుమా,నాదు ప్రాణమా ప్రభున్నుతించుమా,full,409,437,0,0,,missing,https://waytochurch.com/lyrics/song/3846
3847,స్తుతి ఘనత మహిమ నీదే మహిమ నీదే మహిమ నీదే,స్తుతి ఘనత మహిమ నీదే మహిమ నీదే మహిమ నీదే,full,245,265,0,0,,missing,https://waytochurch.com/lyrics/song/3847
3848,హల్లెలూయ ఆ ఆ ఆమెన్ హల్లెలూయ,హల్లెలూయ ఆ ఆ ఆమెన్ హల్లెలూయ,full,166,158,0,0,,missing,https://waytochurch.com/lyrics/song/3848
3849,నాకానందం కారణంబిదే పాపభారమంత పోయెను,నాకానందం కారణంబిదే పాపభారమంత పోయెను,full,239,252,0,0,,missing,https://waytochurch.com/lyrics/song/3849
3850,అద్భుత శక్తికలదు రక్తములో గొఱ్ఱెపిల్ల రక్తములో,అద్భుత శక్తికలదు రక్తములో గొఱ్ఱెపిల్ల రక్తములో,full,241,263,0,0,,missing,https://waytochurch.com/lyrics/song/3850
3851,నీ జీవిత నావలో క్రీస్తును యుంచుకొని యున్నచో,నీ జీవిత నావలో క్రీస్తును యుంచుకొని యున్నచో,full,200,214,0,0,,missing,https://waytochurch.com/lyrics/song/3851
3852,యేసు తీర్చె నా అప్పునంతయు పాపడాగు లన్నియు తానే కడిగెను,యేసు తీర్చె నా అప్పునంతయు పాపడాగు లన్నియు తానే కడిగెను,full,81,75,0,0,,missing,https://waytochurch.com/lyrics/song/3852
3853,కృపచేత రక్షించెను కృపచేత రక్షించెను,కృపచేత రక్షించెను కృపచేత రక్షించెను,full,110,126,0,0,,missing,https://waytochurch.com/lyrics/song/3853
3854,పోయెను పోయెను పోయెను నా పాప భారమెల్ల పోయెను,పోయెను పోయెను పోయెను నా పాప భారమెల్ల పోయెను,full,99,99,0,0,,missing,https://waytochurch.com/lyrics/song/3854
3855,యేసుని వాక్కు నిత్యము నిల్చున్ ఏమి మారినన్ పొల్లుపోదు,యేసుని వాక్కు నిత్యము నిల్చున్ ఏమి మారినన్ పొల్లుపోదు,full,222,234,0,0,,missing,https://waytochurch.com/lyrics/song/3855
3856,నీ ధర్మ శాస్త్రములో ఆశ్చర్యమైనవి,నీ ధర్మ శాస్త్రములో ఆశ్చర్యమైనవి,full,198,219,0,0,,missing,https://waytochurch.com/lyrics/song/3856
3857,ఎంత అద్భుత ధనము అనంత దైవవరము,ఎంత అద్భుత ధనము అనంత దైవవరము,full,90,94,0,0,,missing,https://waytochurch.com/lyrics/song/3857
3858,ఆయనాశ్చర్య కరుడు నన్ను రక్షించి కాపాడి శుద్ధి చేయును,ఆయనాశ్చర్య కరుడు నన్ను రక్షించి కాపాడి శుద్ధి చేయును,full,178,237,1,1,,missing,https://waytochurch.com/lyrics/song/3858
3859,పాపమున్ దుఃఖమును వెంటనే విడువుమా,పాపమున్ దుఃఖమును వెంటనే విడువుమా,full,136,139,0,0,,missing,https://waytochurch.com/lyrics/song/3859
3860,దాగియుందు నీ ఆశ్రయమందున్ కీడు తాకని చోటులో భయమే లేదు,దాగియుందు నీ ఆశ్రయమందున్ కీడు తాకని చోటులో భయమే లేదు,full,156,153,0,0,,missing,https://waytochurch.com/lyrics/song/3860
3861,దైవ ప్రేమ నిత్యము కుమ్మరించుము,దైవ ప్రేమ నిత్యము కుమ్మరించుము,full,243,260,0,0,,missing,https://waytochurch.com/lyrics/song/3861
3862,నిత్య దేవ జీవాత్మ నా పై దిగుమా,నిత్య దేవ జీవాత్మ నా పై దిగుమా,full,133,133,0,0,,missing,https://waytochurch.com/lyrics/song/3862
3863,బలము నిచ్చు యేసుచే,బలము నిచ్చు యేసుచే,full,203,252,1,1,,missing,https://waytochurch.com/lyrics/song/3863
3864,యెహోవా కొరకు యెదురుచూచువారు నూతన బలమును పొందుదురు,యెహోవా కొరకు యెదురుచూచువారు నూతన బలమును పొందుదురు,full,360,399,0,0,,missing,https://waytochurch.com/lyrics/song/3864
3865,ఆత్మల చెంతకు నడుపు బోధింపను నేర్పుము ప్రభువా,ఆత్మల చెంతకు నడుపు బోధింపను నేర్పుము ప్రభువా,full,208,214,0,0,,missing,https://waytochurch.com/lyrics/song/3865
3866,ఉజ్జీవము నిమ్ము,ఉజ్జీవము నిమ్ము,full,153,174,1,1,,missing,https://waytochurch.com/lyrics/song/3866
3867,చేతున్ అద్భుత మనెను చేతున్ అద్భుత మనెను,చేతున్ అద్భుత మనెను చేతున్ అద్భుత మనెను,full,104,108,0,0,,missing,https://waytochurch.com/lyrics/song/3867
3868,స్తుతించు నా ప్రాణమా మహిమ హల్లెలూయ,స్తుతించు నా ప్రాణమా మహిమ హల్లెలూయ,full,90,86,0,0,,missing,https://waytochurch.com/lyrics/song/3868
3869,మహిమ ఘనత స్తుతి స్తోత్రము గొర్రెపిల్లకే నిత్యము,మహిమ ఘనత స్తుతి స్తోత్రము గొర్రెపిల్లకే నిత్యము,full,122,121,0,0,,missing,https://waytochurch.com/lyrics/song/3869
3870,ఆయన నామము ఆశ్చర్యుడు ఆయన పేరాలోచనకర్త,ఆయన నామము ఆశ్చర్యుడు ఆయన పేరాలోచనకర్త,full,267,310,0,0,,missing,https://waytochurch.com/lyrics/song/3870
3871,ఆశ్చర్య మాశ్చర్య మేసు నాకు ఆలోచన కర్తయు రక్షకుండును,ఆశ్చర్య మాశ్చర్య మేసు నాకు ఆలోచన కర్తయు రక్షకుండును,full,157,153,0,0,,missing,https://waytochurch.com/lyrics/song/3871
3872,నిన్న నేడు నిత్యకాల మేసు మారడు,నిన్న నేడు నిత్యకాల మేసు మారడు,full,212,224,0,0,,missing,https://waytochurch.com/lyrics/song/3872
3873,ఆనందానందము మహదానందము,ఆనందానందము మహదానందము,full,303,311,0,0,,missing,https://waytochurch.com/lyrics/song/3873
3874,ఆశ్చర్య ఆశ్చర్య యేసు నీతో సమానులేరి,ఆశ్చర్య ఆశ్చర్య యేసు నీతో సమానులేరి,full,217,226,0,0,,missing,https://waytochurch.com/lyrics/song/3874
3875,హల్లెలూయా యేసుకు కల్వరిపై మృతుడు,హల్లెలూయా యేసుకు కల్వరిపై మృతుడు,full,609,720,0,0,,missing,https://waytochurch.com/lyrics/song/3875
3876,సర్వజనులారా దేవుని కొనియాడుడి,సర్వజనులారా దేవుని కొనియాడుడి,full,236,246,0,0,,missing,https://waytochurch.com/lyrics/song/3876
3877,హల్లెలూయ హోసన్నా హల్లెలూయ హోసన్నా హల్లెలూయ,హల్లెలూయ హోసన్నా హల్లెలూయ హోసన్నా హల్లెలూయ,full,276,271,0,0,,in_library_contained,https://waytochurch.com/lyrics/song/3877
3878,naedu meeru koarukonudi mee revarini saevimchedharoa,నేడు మీరు కోరుకొనుడి మీ రెవరిని సేవించెదరో,full,175,188,0,0,,missing,https://waytochurch.com/lyrics/song/3878
3879,యేసుని సన్నిధి ఎంతో ఆనందం,యేసుని సన్నిధి ఎంతో ఆనందం,full,256,248,0,0,,missing,https://waytochurch.com/lyrics/song/3879
3880,తూర్పున పడమర ఉత్తర దక్షిణము క్రీస్తు సువార్తతో వెళ్ళవలె మనము,తూర్పున పడమర ఉత్తర దక్షిణము క్రీస్తు సువార్తతో వెళ్ళవలె మనము,full,179,176,0,0,,missing,https://waytochurch.com/lyrics/song/3880
3881,నా యెదలోన్ నా యెదలోన్ రమ్ము నా యెదలోన్ ప్రభుయేసు,నా యెదలోన్ నా యెదలోన్ రమ్ము నా యెదలోన్ ప్రభుయేసు,full,261,274,0,0,,missing,https://waytochurch.com/lyrics/song/3881
3882,నల్లనిది నా పాప హృదయం నా రక్షకుడు వచ్చు వరకు,నల్లనిది నా పాప హృదయం నా రక్షకుడు వచ్చు వరకు,full,212,227,0,0,,missing,https://waytochurch.com/lyrics/song/3882
3883,యేసు క్రీస్తు ఆయనే నా సర్వ మాయనే,యేసు క్రీస్తు ఆయనే నా సర్వ మాయనే,full,172,178,0,0,,missing,https://waytochurch.com/lyrics/song/3883
3884,ఆహా ఆహా ఇదిగో మరల వస్తిమి ఆహా అహా బహు సంతసంబేగా,ఆహా ఆహా ఇదిగో మరల వస్తిమి ఆహా అహా బహు సంతసంబేగా,full,157,149,0,0,,missing,https://waytochurch.com/lyrics/song/3884
3885,ఐదు రొట్టెలు చేపలు రెండు ఐదు వేలకు పంచిపెట్టెన్,ఐదు రొట్టెలు చేపలు రెండు ఐదు వేలకు పంచిపెట్టెన్,full,357,343,0,0,,missing,https://waytochurch.com/lyrics/song/3885
3887,ఓ దేవునికి మహిమ లేవనెత్తెను,ఓ దేవునికి మహిమ లేవనెత్తెను,full,472,515,0,0,,missing,https://waytochurch.com/lyrics/song/3887
3888,వారు గొఱ్ఱెపిల్ల రక్తమును బట్టియున్ తామిచ్చు సాక్ష్యమున్ బట్టియున్,వారు గొఱ్ఱెపిల్ల రక్తమును బట్టియున్ తామిచ్చు సాక్ష్యమున్ బట్టియున్,full,372,379,0,0,,missing,https://waytochurch.com/lyrics/song/3888
3889,అసమానుండగు ఓ క్రీస్తు అద్వితీయుండగు దేవా,అసమానుండగు ఓ క్రీస్తు అద్వితీయుండగు దేవా,full,672,853,0,0,,missing,https://waytochurch.com/lyrics/song/3889
3890,ఘనత మహిమ ప్రభుకే తర తరములలో తనకే చెల్లును గాక,ఘనత మహిమ ప్రభుకే తర తరములలో తనకే చెల్లును గాక,full,657,864,0,0,,missing,https://waytochurch.com/lyrics/song/3890
3891,స్తుతియు మహిమ ఘనత నీకే యుగయుగముల వరకు,స్తుతియు మహిమ ఘనత నీకే యుగయుగముల వరకు,full,764,993,0,0,,in_library_exact,https://waytochurch.com/lyrics/song/3891
3892,నా ప్రభు ప్రేమించెను నన్ను ప్రియుడైన క్రీస్తు ప్రేమించెను,నా ప్రభు ప్రేమించెను నన్ను ప్రియుడైన క్రీస్తు ప్రేమించెను,full,729,854,0,0,,missing,https://waytochurch.com/lyrics/song/3892
3893,ఓ ప్రభు నీవే ధన్యుడవు సృష్టి నిన్ను స్తుతించును నీ యోగ్యతను బట్టి,ఓ ప్రభు నీవే ధన్యుడవు సృష్టి నిన్ను స్తుతించును నీ యోగ్యతను బట్టి,full,756,950,0,0,,missing,https://waytochurch.com/lyrics/song/3893
3894,pomdhithini naenu prabhuvaa nee numdi prathi shraeshtayeevini ee bhuviymdhu,పొందితిని నేను ప్రభువా నీ నుండి ప్రతి శ్రేష్టయీవిని ఈ భువియందు,full,729,940,0,0,,missing,https://waytochurch.com/lyrics/song/3894
3895,అందరము ప్రభు నిన్ను కొనియాడెదము మహాత్ముండవు పరిశుద్ధుడవు,అందరము ప్రభు నిన్ను కొనియాడెదము మహాత్ముండవు పరిశుద్ధుడవు,full,613,791,0,0,,missing,https://waytochurch.com/lyrics/song/3895
3896,పూజనీయుడేసుప్రభు పలునిందల నొందితివా నాకై,పూజనీయుడేసుప్రభు పలునిందల నొందితివా నాకై,full,701,913,0,0,,in_library_contained,https://waytochurch.com/lyrics/song/3896
3897,నే పాడెద నిత్యము పాడెద ప్రభువా నీకు స్తుతి పాడెదన్,నే పాడెద నిత్యము పాడెద ప్రభువా నీకు స్తుతి పాడెదన్,full,649,820,0,0,,missing,https://waytochurch.com/lyrics/song/3897
3898,ప్రవిమలుడా పావనుడా స్తుతిస్తోత్రము నీకే,ప్రవిమలుడా పావనుడా స్తుతిస్తోత్రము నీకే,full,826,1043,0,0,,missing,https://waytochurch.com/lyrics/song/3898
3899,విజయుండు క్రీస్తు ప్రభావముతో ఘనవిజయుండాయెను,విజయుండు క్రీస్తు ప్రభావముతో ఘనవిజయుండాయెను,full,818,1022,0,0,,missing,https://waytochurch.com/lyrics/song/3899
3900,యేసు ప్రభువే సాతాను బలమును జయించెను,యేసు ప్రభువే సాతాను బలమును జయించెను,full,640,830,0,0,,in_library_exact,https://waytochurch.com/lyrics/song/3900
3901,పాడెదము నీ స్తుతులను మహా ప్రభువా,పాడెదము నీ స్తుతులను మహా ప్రభువా,full,662,868,0,0,,missing,https://waytochurch.com/lyrics/song/3901
3902,ప్రభువైన క్రీస్తు మహిమాస్వరూప పూజింతుము నిన్,ప్రభువైన క్రీస్తు మహిమాస్వరూప పూజింతుము నిన్,full,681,858,0,0,,missing,https://waytochurch.com/lyrics/song/3902
3903,యేసు ప్రభుని సంకల్పములు మారవు ఎన్నటికి,యేసు ప్రభుని సంకల్పములు మారవు ఎన్నటికి,full,785,997,0,0,,missing,https://waytochurch.com/lyrics/song/3903
3904,జయశీలుడవగు ఓ మా ప్రభువా జయగీతముల్ పాడెదం,జయశీలుడవగు ఓ మా ప్రభువా జయగీతముల్ పాడెదం,full,900,1141,0,0,,missing,https://waytochurch.com/lyrics/song/3904
3905,మహా సామర్థ్యా ఓ యేసు బహు విశాలుడవు నీవు,మహా సామర్థ్యా ఓ యేసు బహు విశాలుడవు నీవు,full,667,834,0,0,,missing,https://waytochurch.com/lyrics/song/3905
3906,జయించు వారిని కొనిపోవ ప్రభు యేసు వచ్చును,జయించు వారిని కొనిపోవ ప్రభు యేసు వచ్చును,full,760,953,6,6,,in_library_exact,https://waytochurch.com/lyrics/song/3906
3907,హల్లెలూయా హల్లెలూయా హల్లెలూయా స్తోత్రం,హల్లెలూయా హల్లెలూయా హల్లెలూయా స్తోత్రం,full,403,503,0,0,,missing,https://waytochurch.com/lyrics/song/3907
3908,ఓ సంఘమా శుభవార్త యిదే ప్రభుయేసు వచ్చుచుండె,ఓ సంఘమా శుభవార్త యిదే ప్రభుయేసు వచ్చుచుండె,full,562,710,0,0,,missing,https://waytochurch.com/lyrics/song/3908
3909,చూడుమదే చూడుమదే నీ వరుడు వచ్చుచుండె,చూడుమదే చూడుమదే నీ వరుడు వచ్చుచుండె,full,562,710,0,0,,missing,https://waytochurch.com/lyrics/song/3909
3910,దేవా నీ సన్నిధిలో నిలచి దీనులమై మొరపెట్టుచున్నాము,దేవా నీ సన్నిధిలో నిలచి దీనులమై మొరపెట్టుచున్నాము,full,579,710,0,0,,in_library_contained,https://waytochurch.com/lyrics/song/3910
3911,ప్రార్థన వినెడు దేవా ప్రార్థించుమనిన ప్రభువా,ప్రార్థన వినెడు దేవా ప్రార్థించుమనిన ప్రభువా,full,543,674,0,0,,missing,https://waytochurch.com/lyrics/song/3911
3912,నేను వెళ్ళెదను మీరు ప్రార్థనలో నుండుడి,నేను వెళ్ళెదను మీరు ప్రార్థనలో నుండుడి,full,559,666,0,0,,missing,https://waytochurch.com/lyrics/song/3912
3913,పరిశుద్ధ పట్టణము క్రొత్త యెరూషలేము పరము నుండి వచ్చుట చూచితిని,పరిశుద్ధ పట్టణము క్రొత్త యెరూషలేము పరము నుండి వచ్చుట చూచితిని,full,834,1046,0,0,,missing,https://waytochurch.com/lyrics/song/3913
3914,నూతనమైన యెరుషలేము పరిశుద్ధ పట్టణము,నూతనమైన యెరుషలేము పరిశుద్ధ పట్టణము,full,827,1077,0,0,,missing,https://waytochurch.com/lyrics/song/3914
3915,ప్రభుని గృహము ఆయన మహిమతో పరిపూర్ణముగా నిండెను,ప్రభుని గృహము ఆయన మహిమతో పరిపూర్ణముగా నిండెను,full,827,1032,0,0,,in_library_exact,https://waytochurch.com/lyrics/song/3915
3916,పరిశుద్ధ మందిరము నాకు నిర్మించ మంటిరి ప్రభువా,పరిశుద్ధ మందిరము నాకు నిర్మించ మంటిరి ప్రభువా,full,632,782,0,0,,missing,https://waytochurch.com/lyrics/song/3916
3917,దేవుడొక నగరము మన కొరకై సిద్ధపరచుచుండె నుండుటకై,దేవుడొక నగరము మన కొరకై సిద్ధపరచుచుండె నుండుటకై,full,959,1215,0,0,,in_library_exact,https://waytochurch.com/lyrics/song/3917
3918,ఈ లోక యాత్రలో నే సాగుచుండ ఒకసారి నవ్వు ఒకసారి యేడ్పు,ఈ లోక యాత్రలో నే సాగుచుండ ఒకసారి నవ్వు ఒకసారి యేడ్పు,full,720,914,0,0,,in_library_fuzzy,https://waytochurch.com/lyrics/song/3918
3919,ఆది ప్రేమను విడచిపెట్టితివా ఓ నాదు ప్రియుడా మాదిరిగ జీవించ మానితివా,ఆది ప్రేమను విడచిపెట్టితివా ఓ నాదు ప్రియుడా మాదిరిగ జీవించ మానితివా,full,811,1001,0,0,,missing,https://waytochurch.com/lyrics/song/3919
3920,దేవునితో సహపాటి పాలివారిగానుజేసె తోడివారసులనుగా మనలను ప్రభు జేసెనుగా,దేవునితో సహపాటి పాలివారిగానుజేసె తోడివారసులనుగా మనలను ప్రభు జేసెనుగా,full,690,869,0,0,,missing,https://waytochurch.com/lyrics/song/3920
3921,నిశ్చయముగ నిన్ను దీవించెదను నిశ్చయముగ నిన్ను వృద్ధి పొందింతున్,నిశ్చయముగ నిన్ను దీవించెదను నిశ్చయముగ నిన్ను వృద్ధి పొందింతున్,full,684,861,0,0,,missing,https://waytochurch.com/lyrics/song/3921
3922,యేసు మనతోనుండగ ధైర్యముగా సాగుచు,యేసు మనతోనుండగ ధైర్యముగా సాగుచు,full,1009,1313,0,0,,missing,https://waytochurch.com/lyrics/song/3922
3923,ప్రభువా చేసితివి వాగ్దానములు మాతో నెరవేర్చితివి,ప్రభువా చేసితివి వాగ్దానములు మాతో నెరవేర్చితివి,full,1025,1299,0,0,,missing,https://waytochurch.com/lyrics/song/3923
3924,ఆనందించెదము యెహోవాలో అతిశయించును మాదు ఆత్మ,ఆనందించెదము యెహోవాలో అతిశయించును మాదు ఆత్మ,full,1052,1328,0,0,,missing,https://waytochurch.com/lyrics/song/3924
3925,లేలెమ్ము సీయోను ధరియించుము నీ బలము,లేలెమ్ము సీయోను ధరియించుము నీ బలము,full,876,1051,0,0,,missing,https://waytochurch.com/lyrics/song/3925
3926,దారితొలగితివేల రక్షణ మార్గము వెదకు,దారితొలగితివేల రక్షణ మార్గము వెదకు,full,613,750,0,0,,missing,https://waytochurch.com/lyrics/song/3926
3927,లోకమును విడచి వెళ్ళవలెనుగ సర్వమిచ్చటనే విడువవలెన్,లోకమును విడచి వెళ్ళవలెనుగ సర్వమిచ్చటనే విడువవలెన్,full,928,1213,7,7,,in_library_contained,https://waytochurch.com/lyrics/song/3927
3928,ఎవరో తెలుసా యేసయ్యా చెబుతా నేడు వినవయ్యా,ఎవరో తెలుసా యేసయ్యా చెబుతా నేడు వినవయ్యా,full,626,803,0,0,,in_library_exact,https://waytochurch.com/lyrics/song/3928
3929,నీ స్వరము వినిపించు ప్రభువా నీ దాసుడాలకించున్,నీ స్వరము వినిపించు ప్రభువా నీ దాసుడాలకించున్,full,1006,1239,7,7,,in_library_exact,https://waytochurch.com/lyrics/song/3929
3930,ఆరాధనలకు యోగ్యుడవు స్తుతి గీతంబులకు పాత్రుడవు,ఆరాధనలకు యోగ్యుడవు స్తుతి గీతంబులకు పాత్రుడవు,full,568,705,0,0,,missing,https://waytochurch.com/lyrics/song/3930
3931,యెహోవా కార్యములన్నిటికై అర్పింతు కృతజ్ఞతలు,యెహోవా కార్యములన్నిటికై అర్పింతు కృతజ్ఞతలు,full,1000,1236,0,0,,missing,https://waytochurch.com/lyrics/song/3931
3932,ఓ ఇశ్రాయేలు నీదు భాగ్యమెంతో గొప్పది యెహోవా రక్షించిన నిన్ను పోలినవాడు ఎవ్వడు,ఓ ఇశ్రాయేలు నీదు భాగ్యమెంతో గొప్పది యెహోవా రక్షించిన నిన్ను పోలినవాడు ఎవ్వడు,full,690,860,5,5,,in_library_contained,https://waytochurch.com/lyrics/song/3932
3933,నా జీవిత సాగరమున నను నడిపించుము ప్రభువా,నా జీవిత సాగరమున నను నడిపించుము ప్రభువా,full,412,509,0,0,,missing,https://waytochurch.com/lyrics/song/3933
3934,నీ జీవితములో గమ్యంబుయేదో ఒకసారి యోచించవా,నీ జీవితములో గమ్యంబుయేదో ఒకసారి యోచించవా,full,580,734,0,0,,in_library_fuzzy,https://waytochurch.com/lyrics/song/3934
3935,సీయోనుకు తిరిగి చెరలో నుండి విడిపించి యెహోవా రప్పించినప్పుడు,సీయోనుకు తిరిగి చెరలో నుండి విడిపించి యెహోవా రప్పించినప్పుడు,full,486,594,1,1,,missing,https://waytochurch.com/lyrics/song/3935
3936,ప్రభువా గురి యొద్దకే పరుగెత్తుచున్నాను నేను,ప్రభువా గురి యొద్దకే పరుగెత్తుచున్నాను నేను,full,558,676,0,0,,missing,https://waytochurch.com/lyrics/song/3936
3937,శ్రమలను పొందె శ్రీ యేసుడు నీ కొరకై సిలువలో,శ్రమలను పొందె శ్రీ యేసుడు నీ కొరకై సిలువలో,full,803,1014,0,0,,missing,https://waytochurch.com/lyrics/song/3937
3938,పర్వతమా నీవేపాటి జెరుబ్బాబెలు ఎదుటను సమభూమి వగుదువు,పర్వతమా నీవేపాటి జెరుబ్బాబెలు ఎదుటను సమభూమి వగుదువు,full,822,1046,0,0,,missing,https://waytochurch.com/lyrics/song/3938
3939,ప్రభు ప్రజలారా రయమున రండి యాకోబు వంశమా స్వకీయ జనమా,ప్రభు ప్రజలారా రయమున రండి యాకోబు వంశమా స్వకీయ జనమా,full,1087,1359,0,0,,missing,https://waytochurch.com/lyrics/song/3939
3940,క్రీస్తేసే మన మహిమ నిరీక్షణయై యున్నాడు,క్రీస్తేసే మన మహిమ నిరీక్షణయై యున్నాడు,full,569,714,0,0,,missing,https://waytochurch.com/lyrics/song/3940
3941,యెడతెగక ప్రార్థించుము మెలకువతో కొనసాగుము,యెడతెగక ప్రార్థించుము మెలకువతో కొనసాగుము,full,925,1196,0,0,,missing,https://waytochurch.com/lyrics/song/3941
3942,యేసుక్రీస్తు నిన్న నేడు ఏకరీతిగనే యున్నాడు,యేసుక్రీస్తు నిన్న నేడు ఏకరీతిగనే యున్నాడు,full,830,1037,0,0,,missing,https://waytochurch.com/lyrics/song/3942
3943,యెహోవాను స్తుతించుడి మీరు యెహోవా నామమును స్తుతియించుడి,యెహోవాను స్తుతించుడి మీరు యెహోవా నామమును స్తుతియించుడి,full,1484,1882,0,0,,missing,https://waytochurch.com/lyrics/song/3943
3944,స్తుతించుము స్తుతించుము ప్రభుయేసు రారాజని,స్తుతించుము స్తుతించుము ప్రభుయేసు రారాజని,full,832,1020,0,0,,missing,https://waytochurch.com/lyrics/song/3944
3945,ఈ సంఘపు బునాది క్రీస్తేసాధీశుడే దక్కించె యేసు దీని వాక్కాపుల్ రెట్టించే,ఈ సంఘపు బునాది క్రీస్తేసాధీశుడే దక్కించె యేసు దీని వాక్కాపుల్ రెట్టించే,full,622,750,0,0,,missing,https://waytochurch.com/lyrics/song/3945
3946,దేవపట్నమా సీయోను నీ మహాత్య మాడితం,దేవపట్నమా సీయోను నీ మహాత్య మాడితం,full,580,690,0,0,,missing,https://waytochurch.com/lyrics/song/3946
3947,ఓ పావనులారా మీరు విశ్వాసంపు పునాది యెంతెంతో స్థిరమైనది,ఓ పావనులారా మీరు విశ్వాసంపు పునాది యెంతెంతో స్థిరమైనది,full,912,1087,0,0,,missing,https://waytochurch.com/lyrics/song/3947
3948,మనమే ప్రభుని పరలోక గృహము తానే వసించును దానియందు,మనమే ప్రభుని పరలోక గృహము తానే వసించును దానియందు,full,893,1156,0,0,,missing,https://waytochurch.com/lyrics/song/3948
3949,సంఘమే క్రీస్తు యేసుని శరీరము అందు చేరిన వారే అంగములు,సంఘమే క్రీస్తు యేసుని శరీరము అందు చేరిన వారే అంగములు,full,600,767,0,0,,missing,https://waytochurch.com/lyrics/song/3949
3950,క్రీస్తేసు ప్రభువు తనరక్తమిచ్చి కొన్నట్టి సంఘమున,క్రీస్తేసు ప్రభువు తనరక్తమిచ్చి కొన్నట్టి సంఘమున,full,713,905,0,0,,in_library_exact,https://waytochurch.com/lyrics/song/3950
3951,పాత క్రొత్త నిబంధనలందున అరవై యారు పుస్తకముల్,పాత క్రొత్త నిబంధనలందున అరవై యారు పుస్తకముల్,full,1132,1398,0,0,,missing,https://waytochurch.com/lyrics/song/3951
3952,క్రీస్తుని స్వరము విందును ప్రభువే పలికినప్పుడు,క్రీస్తుని స్వరము విందును ప్రభువే పలికినప్పుడు,full,850,1088,0,0,,in_library_exact,https://waytochurch.com/lyrics/song/3952
3953,దాహము తీర్చుమయ్యా అభిషేకము నీయుమయ్యా,దాహము తీర్చుమయ్యా అభిషేకము నీయుమయ్యా,full,565,745,0,0,,missing,https://waytochurch.com/lyrics/song/3953
3954,ఆదినములలో దేవోక్తి అరుదాయెను దేవునివార్త,ఆదినములలో దేవోక్తి అరుదాయెను దేవునివార్త,full,691,865,0,0,,missing,https://waytochurch.com/lyrics/song/3954
3955,అమృతము అద్భుతము దివ్యసత్యము,అమృతము అద్భుతము దివ్యసత్యము,full,813,1002,0,0,,missing,https://waytochurch.com/lyrics/song/3955
3956,మంగళముగ పాడుడీ కృప సత్యంబును,మంగళముగ పాడుడీ కృప సత్యంబును,full,813,1002,0,0,,missing,https://waytochurch.com/lyrics/song/3956
3957,నిత్యుడేసునే స్తుతించు తన సత్యము కొరకై,నిత్యుడేసునే స్తుతించు తన సత్యము కొరకై,full,837,1059,0,0,,missing,https://waytochurch.com/lyrics/song/3957
3958,దప్పిగొనిన వానిపై నీటిన్ కుమ్మరించును ఆ ప్రభువే,దప్పిగొనిన వానిపై నీటిన్ కుమ్మరించును ఆ ప్రభువే,full,781,969,0,0,,missing,https://waytochurch.com/lyrics/song/3958
3960,సరస్సు ప్రక్కన రొట్టెలను వడ్డించునట్లుగా నాకు,సరస్సు ప్రక్కన రొట్టెలను వడ్డించునట్లుగా నాకు,full,431,522,0,0,,missing,https://waytochurch.com/lyrics/song/3960
3961,నాథా సమూయేలు రీతి నీయామోద శబ్దము,నాథా సమూయేలు రీతి నీయామోద శబ్దము,full,523,645,0,0,,missing,https://waytochurch.com/lyrics/song/3961
3962,నే బోధింప జనాళికిన్ నేర్పింపు నాకు నో ప్రభు,నే బోధింప జనాళికిన్ నేర్పింపు నాకు నో ప్రభు,full,588,700,0,0,,missing,https://waytochurch.com/lyrics/song/3962
3963,యేసుని నమ్మెడివారు ఆయన ఉచిత కృపతో,యేసుని నమ్మెడివారు ఆయన ఉచిత కృపతో,full,764,965,0,0,,missing,https://waytochurch.com/lyrics/song/3963
3964,యెహోవాను స్తుతించుడి ఆయన దయాళుడు శత్రుని చేతిలో నుండి కాచిన బలవంతుడు తానే,యెహోవాను స్తుతించుడి ఆయన దయాళుడు శత్రుని చేతిలో నుండి కాచిన బలవంతుడు తానే,full,927,1150,0,0,,missing,https://waytochurch.com/lyrics/song/3964
3965,సీయోను పాటలు సంతోషముగ పాడుచు సీయోను వెళ్లుదము,సీయోను పాటలు సంతోషముగ పాడుచు సీయోను వెళ్లుదము,full,628,796,0,0,,in_library_contained,https://waytochurch.com/lyrics/song/3965
3966,ఇదిగో నేనొక నూతన క్రియను చేయుచున్నాను,ఇదిగో నేనొక నూతన క్రియను చేయుచున్నాను,full,742,930,0,0,,in_library_exact,https://waytochurch.com/lyrics/song/3966
3967,స్వచ్ఛంద సీయోనువాసి సర్వాధికారి కస్తూరి పూరాసి,స్వచ్ఛంద సీయోనువాసి సర్వాధికారి కస్తూరి పూరాసి,full,1211,1533,0,0,,in_library_exact,https://waytochurch.com/lyrics/song/3967
3968,యెహోవాయందానందమే మహా బలము మీకు,యెహోవాయందానందమే మహా బలము మీకు,full,571,724,0,0,,missing,https://waytochurch.com/lyrics/song/3968
3969,దేవుడు మీకు ఎల్లప్పుడు తోడుగనున్నడు,దేవుడు మీకు ఎల్లప్పుడు తోడుగనున్నడు,full,850,1068,0,0,,in_library_fuzzy,https://waytochurch.com/lyrics/song/3969
3970,ఎల్లప్పుడు ఎల్లప్పుడు ఎల్లప్పుడు సంతోషము యేసు నాతోకూడ నున్నందున,ఎల్లప్పుడు ఎల్లప్పుడు ఎల్లప్పుడు సంతోషము యేసు నాతోకూడ నున్నందున,full,1027,1251,0,0,,missing,https://waytochurch.com/lyrics/song/3970
3971,దేవసమాధానం శాంతివలె ప్రవహించుచుండు వరదరీతి,దేవసమాధానం శాంతివలె ప్రవహించుచుండు వరదరీతి,full,416,543,0,0,,missing,https://waytochurch.com/lyrics/song/3971
3972,దివ్య యేసు మీద నానుకొందుము నిత్య విశ్రాంతిని పొందియుందుము,దివ్య యేసు మీద నానుకొందుము నిత్య విశ్రాంతిని పొందియుందుము,full,416,543,0,0,,missing,https://waytochurch.com/lyrics/song/3972
3973,ఆత్మ విషయమై దీనులైనవారు ధన్యులు పరలోక రాజ్యము వారిది,ఆత్మ విషయమై దీనులైనవారు ధన్యులు పరలోక రాజ్యము వారిది,full,788,989,6,6,,in_library_exact,https://waytochurch.com/lyrics/song/3973
3974,శాశ్వతమైనది ప్రేమ యెహోవా తండ్రి ప్రేమ,శాశ్వతమైనది ప్రేమ యెహోవా తండ్రి ప్రేమ,full,912,1107,0,0,,missing,https://waytochurch.com/lyrics/song/3974
3975,పరిశుద్ధులై యుండుడి దైవ చిత్తమున పెరుగుడి,పరిశుద్ధులై యుండుడి దైవ చిత్తమున పెరుగుడి,full,777,1022,0,0,,missing,https://waytochurch.com/lyrics/song/3975
3976,ప్రేమా ప్రేమా ప్రేమా ప్రియుడవు నీవే ఆనంద మానందమే,ప్రేమా ప్రేమా ప్రేమా ప్రియుడవు నీవే ఆనంద మానందమే,full,542,678,0,0,,missing,https://waytochurch.com/lyrics/song/3976
3977,ఎరిగియుంటివే యెహోవా యేసుక్రీస్తునందు నన్ను,ఎరిగియుంటివే యెహోవా యేసుక్రీస్తునందు నన్ను,full,1061,1323,0,0,,missing,https://waytochurch.com/lyrics/song/3977
3978,నే యేసుని వెలుగులో నడిచెదను రాత్రింబగలాయనతో నడిచెదను,నే యేసుని వెలుగులో నడిచెదను రాత్రింబగలాయనతో నడిచెదను,full,746,940,0,0,,in_library_exact,https://waytochurch.com/lyrics/song/3978
3979,నడిచెద నే ప్రభుయేసునితో నడిచెద నే ప్రభు హస్తముతో,నడిచెద నే ప్రభుయేసునితో నడిచెద నే ప్రభు హస్తముతో,full,746,940,0,0,,in_library_contained,https://waytochurch.com/lyrics/song/3979
3980,మీరే లోకమునకు వెలుగు లోకమునకు ఉప్పు మీరే,మీరే లోకమునకు వెలుగు లోకమునకు ఉప్పు మీరే,full,884,1107,0,0,,missing,https://waytochurch.com/lyrics/song/3980
3981,బలవంతుడేసు మహిమ పాడి వీలగునే వివరింప,బలవంతుడేసు మహిమ పాడి వీలగునే వివరింప,full,577,701,0,0,,missing,https://waytochurch.com/lyrics/song/3981
3982,హా రక్షణంపు బావులెల్లను అంతులేని లోతుగలవి,హా రక్షణంపు బావులెల్లను అంతులేని లోతుగలవి,full,577,701,0,0,,missing,https://waytochurch.com/lyrics/song/3982
3983,నేనే భయపడ కూడదనెను ఆ ఆ ఆ ఆ శిష్యులను ధైర్యపరచిన వాడతడే,నేనే భయపడ కూడదనెను ఆ ఆ ఆ ఆ శిష్యులను ధైర్యపరచిన వాడతడే,full,743,961,0,0,,missing,https://waytochurch.com/lyrics/song/3983
3984,మనము యేసు ప్రభుని మహిమ కనుగొంటిమి,మనము యేసు ప్రభుని మహిమ కనుగొంటిమి,full,631,791,0,0,,missing,https://waytochurch.com/lyrics/song/3984
3985,దేవా నీ తలంపులు నా కెంతో ప్రియము ఎంతో ప్రియము,దేవా నీ తలంపులు నా కెంతో ప్రియము ఎంతో ప్రియము,full,1461,1822,0,0,,missing,https://waytochurch.com/lyrics/song/3985
3986,ఆకాశమా ఆలకించుమా మాటలాడెదన్,ఆకాశమా ఆలకించుమా మాటలాడెదన్,full,678,878,0,0,,missing,https://waytochurch.com/lyrics/song/3986
3987,సమాధాన గృహంబులోను సమాధానకర్త స్తోత్రములు,సమాధాన గృహంబులోను సమాధానకర్త స్తోత్రములు,full,669,854,0,0,,in_library_exact,https://waytochurch.com/lyrics/song/3987
3988,లేచిరండి విశ్వాసులారా యోర్దాన్ నదిని దాటను,లేచిరండి విశ్వాసులారా యోర్దాన్ నదిని దాటను,full,484,602,0,0,,missing,https://waytochurch.com/lyrics/song/3988
3989,రారమ్ము రారమ్ము సాత్వీకుడైన యేసుని యొద్దకు రారమ్ము,రారమ్ము రారమ్ము సాత్వీకుడైన యేసుని యొద్దకు రారమ్ము,full,777,961,0,0,,missing,https://waytochurch.com/lyrics/song/3989
3990,భయపడకుము నీవు యుద్ధము యెహోవదే,భయపడకుము నీవు యుద్ధము యెహోవదే,full,635,824,0,0,,missing,https://waytochurch.com/lyrics/song/3990
3991,భయపడకుము ఓ చిన్న మందా దయగల మీ తండ్రి పిలుచుచున్నాడు,భయపడకుము ఓ చిన్న మందా దయగల మీ తండ్రి పిలుచుచున్నాడు,full,733,896,0,0,,missing,https://waytochurch.com/lyrics/song/3991
3992,మనమేసుని వారము తనవారిగానే యుందుము,మనమేసుని వారము తనవారిగానే యుందుము,full,891,1147,0,0,,missing,https://waytochurch.com/lyrics/song/3992
3993,వారు ఆయన తట్టు చూడగానే వారికి వెలుగు కలిగెను,వారు ఆయన తట్టు చూడగానే వారికి వెలుగు కలిగెను,full,815,1037,0,0,,missing,https://waytochurch.com/lyrics/song/3993
3994,లోకం జీవం మరణంబైనన్ సకలము మేవె నిజం స్థిరముగ నమ్ముడిలన్,లోకం జీవం మరణంబైనన్ సకలము మేవె నిజం స్థిరముగ నమ్ముడిలన్,full,773,962,0,0,,missing,https://waytochurch.com/lyrics/song/3994
3995,సర్వశక్తుని వాక్కు యిదియే సర్వమును మీవే దేవుని సర్వమును మీవే,సర్వశక్తుని వాక్కు యిదియే సర్వమును మీవే దేవుని సర్వమును మీవే,full,642,805,0,0,,missing,https://waytochurch.com/lyrics/song/3995
3996,సంపూర్ణ రక్షణయూట పొంగుచున్నది చూడుము,సంపూర్ణ రక్షణయూట పొంగుచున్నది చూడుము,full,729,918,0,0,,missing,https://waytochurch.com/lyrics/song/3996
3997,ప్రభువైన క్రీస్తులో తండ్రి ప్రేమతో నిచ్చె పరలోక దీవెనలు విరివిగను,ప్రభువైన క్రీస్తులో తండ్రి ప్రేమతో నిచ్చె పరలోక దీవెనలు విరివిగను,full,946,1210,0,0,,missing,https://waytochurch.com/lyrics/song/3997
3998,ప్రభు క్రీస్తేసు నీకే మా స్తుతులు విభుడా మాదు స్తుతులే నీ హారములు,ప్రభు క్రీస్తేసు నీకే మా స్తుతులు విభుడా మాదు స్తుతులే నీ హారములు,full,987,1195,0,0,,missing,https://waytochurch.com/lyrics/song/3998
3999,కృపాతిశయముల్ ఓ నా యెహోవా నిత్యమున్ కీర్తింతును,కృపాతిశయముల్ ఓ నా యెహోవా నిత్యమున్ కీర్తింతును,full,1123,1432,1,1,,missing,https://waytochurch.com/lyrics/song/3999
4000,పర్వతములు తొలగిపోయినను తత్తరిల్లినను,పర్వతములు తొలగిపోయినను తత్తరిల్లినను,full,797,1020,0,0,,missing,https://waytochurch.com/lyrics/song/4000
4001,నా ప్రియుడు నావాడు నేను అతని వాడను,నా ప్రియుడు నావాడు నేను అతని వాడను,full,805,1002,0,0,,missing,https://waytochurch.com/lyrics/song/4001
4002,ఈ సుదినము యేసు ప్రభువా నీదు దానం,ఈ సుదినము యేసు ప్రభువా నీదు దానం,full,698,880,0,0,,missing,https://waytochurch.com/lyrics/song/4002
4003,దేవుడు దేనికి శిల్పియును నిర్మాణకుడై యున్నాడో,దేవుడు దేనికి శిల్పియును నిర్మాణకుడై యున్నాడో,full,825,1014,0,0,,missing,https://waytochurch.com/lyrics/song/4003
4004,ఓ ప్రభువా నీ సేవన్ చేసెద నిత్యము,ఓ ప్రభువా నీ సేవన్ చేసెద నిత్యము,full,958,1188,1,1,,missing,https://waytochurch.com/lyrics/song/4004
4005,హల్లేలూయ పాడెదా ప్రభు నిన్ను కొనియాడెదన్,హల్లేలూయ పాడెదా ప్రభు నిన్ను కొనియాడెదన్,full,915,1118,0,0,,in_library_exact,https://waytochurch.com/lyrics/song/4005
4006,పూర్ణ హృదయ స్తోత్రముల్ చెల్లించెద ప్రభునకే,పూర్ణ హృదయ స్తోత్రముల్ చెల్లించెద ప్రభునకే,full,715,894,0,0,,missing,https://waytochurch.com/lyrics/song/4006
4007,ప్రభుని సంఘమా మేల్కో నేడే నిద్ర నుండి మెల్కో,ప్రభుని సంఘమా మేల్కో నేడే నిద్ర నుండి మెల్కో,full,764,939,0,0,,missing,https://waytochurch.com/lyrics/song/4007
4008,సుఖదుఃఖాలయాత్ర కాదా మానవజీవితమంత,సుఖదుఃఖాలయాత్ర కాదా మానవజీవితమంత,full,745,941,0,0,,missing,https://waytochurch.com/lyrics/song/4008
4009,లేరు లేరు జగతిన్ న్నీ సమము భాసుర తేజ యేసురాజ,లేరు లేరు జగతిన్ న్నీ సమము భాసుర తేజ యేసురాజ,full,718,915,0,0,,missing,https://waytochurch.com/lyrics/song/4009
4010,నా మనోనేత్రము తెరచి నా కఠిన హృదయమును మార్చి,నా మనోనేత్రము తెరచి నా కఠిన హృదయమును మార్చి,full,661,813,0,0,,in_library_exact,https://waytochurch.com/lyrics/song/4010
4011,స్తుతించు స్తుతించు ప్రభు యేసు నే స్తుతించు,స్తుతించు స్తుతించు ప్రభు యేసు నే స్తుతించు,full,786,962,1,1,,missing,https://waytochurch.com/lyrics/song/4011
4012,కీర్తింతున్ నా ప్రభుని జీవకాలమెల్ల ప్రభుయేసుని,కీర్తింతున్ నా ప్రభుని జీవకాలమెల్ల ప్రభుయేసుని,full,753,969,0,0,,in_library_contained,https://waytochurch.com/lyrics/song/4012
4013,అడవి చెట్ల నడుమ ఒక జల్దరు వృక్షం వలె,అడవి చెట్ల నడుమ ఒక జల్దరు వృక్షం వలె,full,753,969,0,0,,in_library_exact,https://waytochurch.com/lyrics/song/4013
4014,మహిమ ఘనత స్తుతి ప్రభావము నీకే కలుగును గాక,మహిమ ఘనత స్తుతి ప్రభావము నీకే కలుగును గాక,full,1044,1330,0,0,,missing,https://waytochurch.com/lyrics/song/4014
4015,ఆ కలువరి మార్గములో యేసు సిలువను మోసెను,ఆ కలువరి మార్గములో యేసు సిలువను మోసెను,full,616,754,0,0,,missing,https://waytochurch.com/lyrics/song/4015
4016,యేసు ప్రభు పిలుచుచుండెన్ నూతన జీవం నీకిచ్చుటకు,యేసు ప్రభు పిలుచుచుండెన్ నూతన జీవం నీకిచ్చుటకు,full,444,526,0,0,,missing,https://waytochurch.com/lyrics/song/4016
4017,శాంతి సంతోషం పాపక్షమాపణ సదా యేసులో దొరుకున్,శాంతి సంతోషం పాపక్షమాపణ సదా యేసులో దొరుకున్,full,515,634,0,0,,missing,https://waytochurch.com/lyrics/song/4017
4018,యేసుని చెంతకు ఆశతో రమ్మిల దోషముల్ బాపునయా,యేసుని చెంతకు ఆశతో రమ్మిల దోషముల్ బాపునయా,full,633,811,0,0,,missing,https://waytochurch.com/lyrics/song/4018
4019,యేసు నామమునే పాపికి రక్షణ సర్వజగము నందు,యేసు నామమునే పాపికి రక్షణ సర్వజగము నందు,full,667,842,0,0,,missing,https://waytochurch.com/lyrics/song/4019
4020,యేసుని వెంట నేను వెంబడించుచున్నాను,యేసుని వెంట నేను వెంబడించుచున్నాను,full,1007,1245,0,0,,missing,https://waytochurch.com/lyrics/song/4020
4021,విలపింతువా నెహెమ్యావలె విలపింతువా ఎజ్రావలె,విలపింతువా నెహెమ్యావలె విలపింతువా ఎజ్రావలె,full,813,995,0,0,,missing,https://waytochurch.com/lyrics/song/4021
4022,యేసు ప్రభువా నీవే మహిమా నిరీక్షణ,యేసు ప్రభువా నీవే మహిమా నిరీక్షణ,full,726,906,5,5,,in_library_exact,https://waytochurch.com/lyrics/song/4022
4023,స్తుతియూ ప్రశంసయూ మహిమయూ నా ముక్తి దాతకే,స్తుతియూ ప్రశంసయూ మహిమయూ నా ముక్తి దాతకే,full,637,824,1,1,,missing,https://waytochurch.com/lyrics/song/4023
4024,ఓ అబ్రాహాం ఇస్సాకు ఇశ్రాయేలు దేవా నిత్య నివాసి నీవు,ఓ అబ్రాహాం ఇస్సాకు ఇశ్రాయేలు దేవా నిత్య నివాసి నీవు,full,835,1028,0,0,,missing,https://waytochurch.com/lyrics/song/4024
4025,నా ప్రియమైన యేసుప్రభు వేలాదిస్తోత్రములు,నా ప్రియమైన యేసుప్రభు వేలాదిస్తోత్రములు,full,635,830,0,0,,in_library_exact,https://waytochurch.com/lyrics/song/4025
4026,తంబుర సితారతో మా ప్రభుని ఆరాధించెదము,తంబుర సితారతో మా ప్రభుని ఆరాధించెదము,full,939,1201,1,1,,missing,https://waytochurch.com/lyrics/song/4026
4027,క్రైస్తవ జీవితం సౌభాగ్య జీవితం ప్రభు పిల్లలకు ఎంతో ఆనందం,క్రైస్తవ జీవితం సౌభాగ్య జీవితం ప్రభు పిల్లలకు ఎంతో ఆనందం,full,880,1128,0,0,,in_library_exact,https://waytochurch.com/lyrics/song/4027
4028,రాజులకు రాజైన యేసు ప్రభు రానై యున్నాడు,రాజులకు రాజైన యేసు ప్రభు రానై యున్నాడు,full,643,826,0,0,,missing,https://waytochurch.com/lyrics/song/4028
4029,కోత విస్తారమే గాని పనివారు కొద్దిగా ఉన్నరు,కోత విస్తారమే గాని పనివారు కొద్దిగా ఉన్నరు,full,755,934,0,0,,missing,https://waytochurch.com/lyrics/song/4029
4030,ఎంత సౌందర్య నగరము అద్భుత మహిమ ప్రభావముతో నిండెను,ఎంత సౌందర్య నగరము అద్భుత మహిమ ప్రభావముతో నిండెను,full,686,884,0,0,,missing,https://waytochurch.com/lyrics/song/4030
4031,నీవు దేనిని వెదకుచున్నావు ఈ పాపలోకము నందు విను యేసుని స్వరమును,నీవు దేనిని వెదకుచున్నావు ఈ పాపలోకము నందు విను యేసుని స్వరమును,full,677,857,0,0,,missing,https://waytochurch.com/lyrics/song/4031
4032,యేసు నీ స్వరూపమును నేను చూచుచు నీ పోలికగా నేను మారెదన్,యేసు నీ స్వరూపమును నేను చూచుచు నీ పోలికగా నేను మారెదన్,full,845,1070,0,0,,in_library_contained,https://waytochurch.com/lyrics/song/4032
4033,నా ప్రియుడా పాపవిమోచకుడా ప్రభుయేసు,నా ప్రియుడా పాపవిమోచకుడా ప్రభుయేసు,full,771,956,0,0,,missing,https://waytochurch.com/lyrics/song/4033
4034,దేవుని మహిమ మందిరం యాజకుల ఆరధనాలయం,దేవుని మహిమ మందిరం యాజకుల ఆరధనాలయం,full,774,1012,0,0,,missing,https://waytochurch.com/lyrics/song/4034
4035,నీ మందిరము అతిశృంగారము నీ ప్రజలందరికి,నీ మందిరము అతిశృంగారము నీ ప్రజలందరికి,full,960,1209,2,2,,missing,https://waytochurch.com/lyrics/song/4035
4036,నీ మందిరమునందు నివసించువారు ధన్యులు ధన్యులు,నీ మందిరమునందు నివసించువారు ధన్యులు ధన్యులు,full,877,1072,0,0,,missing,https://waytochurch.com/lyrics/song/4036
4037,ఆత్మ నియమము ద్వారా సాగి పోవుదము,ఆత్మ నియమము ద్వారా సాగి పోవుదము,full,815,1046,0,0,,missing,https://waytochurch.com/lyrics/song/4037
4038,నమ్మదగినవాడవు నెమ్మదిని చేకూర్చను,నమ్మదగినవాడవు నెమ్మదిని చేకూర్చను,full,652,820,0,0,,missing,https://waytochurch.com/lyrics/song/4038
4039,నీకు కలిగిన దానిని చేపట్టుము జారవిడచెదవేమో జాగ్రత్తపడు,నీకు కలిగిన దానిని చేపట్టుము జారవిడచెదవేమో జాగ్రత్తపడు,full,602,763,0,0,,missing,https://waytochurch.com/lyrics/song/4039
4040,నీవెన్నాళ్ళు రెండు తలంపులతో కుంటి కుంటి నడిచెద వీవు,నీవెన్నాళ్ళు రెండు తలంపులతో కుంటి కుంటి నడిచెద వీవు,full,843,1068,0,0,,in_library_exact,https://waytochurch.com/lyrics/song/4040
4041,నేను తగ్గాలి యేసు నీవే హెచ్చాలి,నేను తగ్గాలి యేసు నీవే హెచ్చాలి,full,1031,1358,0,0,,in_library_exact,https://waytochurch.com/lyrics/song/4041
4042,నే స్తుతించెదను యేసు నామమును భజించెదను క్రీస్తు నామమును,నే స్తుతించెదను యేసు నామమును భజించెదను క్రీస్తు నామమును,full,701,896,0,0,,in_library_exact,https://waytochurch.com/lyrics/song/4042
4043,పరలోకమే నా స్వాస్థ్యము ఎపుడు గాంతునో,పరలోకమే నా స్వాస్థ్యము ఎపుడు గాంతునో,full,585,739,0,0,,in_library_exact,https://waytochurch.com/lyrics/song/4043
4044,పాడెద దేవా నీ కృపలన్ నూతన గీతములన్ స్తోత్రము చెల్లింతున్,పాడెద దేవా నీ కృపలన్ నూతన గీతములన్ స్తోత్రము చెల్లింతున్,full,859,1088,0,0,,in_library_contained,https://waytochurch.com/lyrics/song/4044
4045,ప్రార్థించుము నీ జీవితములో నెమ్మది సుఖము లొందెదవు,ప్రార్థించుము నీ జీవితములో నెమ్మది సుఖము లొందెదవు,full,982,1232,0,0,,in_library_exact,https://waytochurch.com/lyrics/song/4045
4046,ప్రార్థించుము ప్రియుడా ప్రభు సన్నిధిలో,ప్రార్థించుము ప్రియుడా ప్రభు సన్నిధిలో,full,326,378,0,0,,missing,https://waytochurch.com/lyrics/song/4046
4047,పేద నరుని రూపము దరించి యేసురాజు నీ చెంత నిలచే అంగీకరించు మాయనను,పేద నరుని రూపము దరించి యేసురాజు నీ చెంత నిలచే అంగీకరించు మాయనను,full,815,1020,0,0,,in_library_contained,https://waytochurch.com/lyrics/song/4047
4048,పైనున్న ఆకాశమందునా క్రిందున్న భూలోకమందునా,పైనున్న ఆకాశమందునా క్రిందున్న భూలోకమందునా,full,622,790,0,0,,in_library_exact,https://waytochurch.com/lyrics/song/4048
4049,యెహోవానైన నేను మార్పు లేని వాడను గాన,యెహోవానైన నేను మార్పు లేని వాడను గాన,full,796,1016,0,0,,missing,https://waytochurch.com/lyrics/song/4049
4050,యెహోవాయే మనదేవుడు మార్పులేనివాడు,యెహోవాయే మనదేవుడు మార్పులేనివాడు,full,561,696,0,0,,missing,https://waytochurch.com/lyrics/song/4050
4051,యేసు నామం మనోహరం ఎంతో అతిమధురం,యేసు నామం మనోహరం ఎంతో అతిమధురం,full,653,819,0,0,,missing,https://waytochurch.com/lyrics/song/4051
4052,యేసుని రాజ్యము అది నిశ్చలమైనది,యేసుని రాజ్యము అది నిశ్చలమైనది,full,866,1053,0,0,,missing,https://waytochurch.com/lyrics/song/4052
4053,యేసు నీకే జయం జయము నీవె లోక పాలకుడవు,యేసు నీకే జయం జయము నీవె లోక పాలకుడవు,full,808,988,0,0,,in_library_exact,https://waytochurch.com/lyrics/song/4053
4054,యేసు ప్రభువే లోకరక్షకుడు వేరెవ్వరు లేరు పాపులైన మనల రక్షింప,యేసు ప్రభువే లోకరక్షకుడు వేరెవ్వరు లేరు పాపులైన మనల రక్షింప,full,792,964,0,0,,missing,https://waytochurch.com/lyrics/song/4054
4055,స్తుతియింతుము యేసు ప్రభువా మా స్తుతికి పాత్రుడా,స్తుతియింతుము యేసు ప్రభువా మా స్తుతికి పాత్రుడా,full,736,921,0,0,,missing,https://waytochurch.com/lyrics/song/4055
4056,తన రాజ్యమునకు మహిమకు పిలచిన మన ప్రభువుకు తగినట్టు నడిచెదము,తన రాజ్యమునకు మహిమకు పిలచిన మన ప్రభువుకు తగినట్టు నడిచెదము,full,700,891,1,1,,missing,https://waytochurch.com/lyrics/song/4056
4057,ప్రభువుకు తగినట్టు నడుచుకొందము రండి,ప్రభువుకు తగినట్టు నడుచుకొందము రండి,full,1165,1457,0,0,,missing,https://waytochurch.com/lyrics/song/4057
4058,నిత్యము నిలుచునది దేవుని వాక్యము,నిత్యము నిలుచునది దేవుని వాక్యము,full,1182,1440,0,0,,missing,https://waytochurch.com/lyrics/song/4058
4059,ఇదిగో మీ దేవుడని యూదా పట్టణములకు ప్రకటించుడి,ఇదిగో మీ దేవుడని యూదా పట్టణములకు ప్రకటించుడి,full,1295,1613,1,1,,missing,https://waytochurch.com/lyrics/song/4059
4060,సమాధానము దేవుని సమాధానము,సమాధానము దేవుని సమాధానము,full,837,1072,0,0,,missing,https://waytochurch.com/lyrics/song/4060
4061,ఆనందముతో ఆరాధింతున్ ఆత్మతోను సత్యముతో,ఆనందముతో ఆరాధింతున్ ఆత్మతోను సత్యముతో,full,801,996,0,0,,missing,https://waytochurch.com/lyrics/song/4061
4062,యెహోవా నా స్తుతికాధారుడా,యెహోవా నా స్తుతికాధారుడా,full,1001,1278,0,0,,missing,https://waytochurch.com/lyrics/song/4062
4063,నీ రెక్కల చాటున శరణొందెదన్,నీ రెక్కల చాటున శరణొందెదన్,full,776,979,0,0,,missing,https://waytochurch.com/lyrics/song/4063
4064,పల్లవరపు కొండలపైన ప్రభుదాసులు ప్రార్థింపగను,పల్లవరపు కొండలపైన ప్రభుదాసులు ప్రార్థింపగను,full,1485,1932,0,0,,missing,https://waytochurch.com/lyrics/song/4064
4065,vasthunadosthunnado oranna raraaju yesaiah,వస్తున్నాడొస్తున్నాడో ఓరన్నా రారాజు యేసయ్యా,full,610,734,0,0,Rev  G  Samuel,missing,https://waytochurch.com/lyrics/song/4065
4539,raajula raajaina yesu raaju bhoo janulanelun,రాజుల రాజైన యేసు రాజు భూజనులనేలున్,full,2984,3572,0,0,,in_library_exact,https://waytochurch.com/lyrics/song/4539
5389,rojanthaa dvesham manushula kopam,రోజంతా ద్వేషం మనుషుల కోపం,full,796,971,0,0,,in_library_exact,https://waytochurch.com/lyrics/song/5389
5535,ae reethi sthuthiyinthuno,ఏ రీతి స్తుతియింతునో – ఏ రీతి సేవింతునో,full,484,604,0,0,,in_library_exact,https://waytochurch.com/lyrics/song/5535
5536,e reethi ni runam,ఏ రీతి నీ ఋణం తీర్చుకొందు నేసువా ఏ రీతి నీ ఋణం తీర్చుకొందు నేసువా,full,298,361,2,2,,missing,https://waytochurch.com/lyrics/song/5536
5537,nenu pilisthe paruguna vichchesthaaru,నేను పిలిస్తే పరుగున విచ్ఛేస్తారు,full,450,514,0,0,,in_library_exact,https://waytochurch.com/lyrics/song/5537
5539,ఆకాశంబున్ దూతలు,ఆకాశంబున్ దూతలు,full,219,264,0,0,,in_library_exact,https://waytochurch.com/lyrics/song/5539
5540,naakenno melulu chesithive,నాకెన్నో మేలులు చేసితివే,full,668,823,0,0,,in_library_exact,https://waytochurch.com/lyrics/song/5540
5541,neeve naa praanam sarvam,నీవే నా ప్రాణం సర్వం,full,580,706,0,0,,in_library_exact,https://waytochurch.com/lyrics/song/5541
5542,amdhaala thaara arudhemchi naakai ambhara veedhiloa,అందాల తార అరుదెంచి నాకై అంభర వీధిలో,full,688,844,0,0,,in_library_exact,https://waytochurch.com/lyrics/song/5542
5543,adhvitheeya sathyadhaevaa vmdhanm,అద్వితీయ సత్యదేవా వందనం,full,344,452,0,0,,in_library_contained,https://waytochurch.com/lyrics/song/5543
5544,anniti kannaa praarthanae minn,అన్నిటి కన్నా ప్రార్థనే మిన్న,full,253,300,0,0,,in_library_exact,https://waytochurch.com/lyrics/song/5544
5545,agni mmdimchu naaloa agni mmdimchu,అగ్ని మండించు నాలో అగ్ని మండించు,full,439,524,0,0,,in_library_exact,https://waytochurch.com/lyrics/song/5545
5546,aalaymloa pravaeshimchmdi amdharu,ఆలయంలో ప్రవేశించండి అందరు,full,537,717,0,0,,in_library_exact,https://waytochurch.com/lyrics/song/5546
5547,aanmdha smdhrmbuna naa jeevitha naavanu,ఆనంద సంద్రంబున నా జీవిత నావను,full,403,535,0,0,,missing,https://waytochurch.com/lyrics/song/5547
5548,aahaa aanmdhamae mahaa smthoashmae,ఆహా ఆనందమే మహా సంతోషమే,full,329,414,0,0,,in_library_exact,https://waytochurch.com/lyrics/song/5548
5549,ibaadhath karoa,ఇబాదత్ కరో,full,648,827,0,0,,missing,https://waytochurch.com/lyrics/song/5549
5550,idhi mattalaadhi vaarm idhi maha parvadhinamu,ఇది మట్టలాది వారం ఇది మహ పర్వదినము,full,470,583,0,0,,missing,https://waytochurch.com/lyrics/song/5550
5551,unnaavu dhaevaa yugayugamulu unnavaada neevae tharatharamulu,ఉన్నావు దేవా యుగయుగములు ఉన్నవాడ నీవే తరతరములు,full,603,787,0,0,,missing,https://waytochurch.com/lyrics/song/5551
5552,unna paatuna vachchuchunnaanu nee paadha sannidhiloa koa rakshkaa yonn,ఉన్న పాటున వచ్చుచున్నాను నీ పాద సన్నిధిలో కో రక్షకా యొన్న,full,851,1078,0,0,,in_library_fuzzy,https://waytochurch.com/lyrics/song/5552
5553,oohalakmdhani loakmloa,ఊహలకందని లోకంలో,full,335,433,0,0,,missing,https://waytochurch.com/lyrics/song/5553
5554,evarainaa unnaaraa echatainaa unnaaraa,ఎవరైనా ఉన్నారా ఎచటైనా ఉన్నారా,full,508,656,0,0,,missing,https://waytochurch.com/lyrics/song/5554
5555,emtha dheenaathi dheenamoa oa yaesayyaa,ఎంత దీనాతి దీనమో ఓ యేసయ్యా,full,427,559,0,0,,in_library_exact,https://waytochurch.com/lyrics/song/5555
5556,evaroo laeka omtarinai,ఎవరూ లేక ఒంటరినై,full,495,629,0,0,,in_library_exact,https://waytochurch.com/lyrics/song/5556
5557,aemi thechchi ninu dharshimthunayaa,ఏమి తెచ్చి నిను దర్శింతునయా,full,410,556,0,0,,missing,https://waytochurch.com/lyrics/song/5557
5558,ae samayammdhainaa ae sthalammdhainaa,ఏ సమయమందైనా ఏ స్థలమందైనా,full,597,794,0,0,,in_library_exact,https://waytochurch.com/lyrics/song/5558
5559,okani thalli aadharimchunatlu,ఒకని తల్లి ఆదరించునట్లు,full,343,441,0,0,,in_library_exact,https://waytochurch.com/lyrics/song/5559
5560,oka kshnamaina ninu veedinaa,ఒక క్షణమైన నిను వీడినా,full,321,413,0,0,,missing,https://waytochurch.com/lyrics/song/5560
5561,kannulaneththi pairula choodu koayaga laerevvaru,కన్నులనెత్తి పైరుల చూడు కోయగ లేరెవ్వరు,full,575,736,0,0,,in_library_exact,https://waytochurch.com/lyrics/song/5561
5562,kanuchoopumaeraloana ae aashalaeni vael,కనుచూపుమేరలోన ఏ ఆశలేని వేళ,full,641,860,0,0,,in_library_lyric_line,https://waytochurch.com/lyrics/song/5562
5563,kanneeti baadhanu viduchuchunna nee sannidhiloa,కన్నీటి బాధను విడుచుచున్న నీ సన్నిధిలో,full,501,624,0,0,,missing,https://waytochurch.com/lyrics/song/5563
5564,kreesthuthoa naa jeevithm adhi emthoa adhbhuthm,క్రీస్తుతో నా జీవితం అది ఎంతో అద్భుతం,full,508,652,0,0,,missing,https://waytochurch.com/lyrics/song/5564
5565,kallumdi choodalaeni emdharoa unnaaru,కల్లుండి చూడలేని ఎందరో ఉన్నారు,full,407,501,0,0,,missing,https://waytochurch.com/lyrics/song/5565
5566,kuthoohalm aarbhaatamae naa yaesuni sannidhiloa,కుతూహలం ఆర్భాటమే – నా యేసుని సన్నిధిలో,full,419,543,0,0,,in_library_exact,https://waytochurch.com/lyrics/song/5566
5567,kummari oa kummari jagathuthpaththidhaari,కుమ్మరి ఓ కుమ్మరి జగతుత్పత్తిదారి,full,761,916,0,0,,in_library_exact,https://waytochurch.com/lyrics/song/5567
5568,krupalanu thalmchuchoo,కృపలను తలంచుచూ,full,485,615,0,0,,in_library_exact,https://waytochurch.com/lyrics/song/5568
5569,kroththapaata paadanu raarae kroththa roopu nomdhanu raarae,క్రొత్తపాట పాడను రారే క్రొత్త రూపు నొందను రారే,full,484,600,0,0,,missing,https://waytochurch.com/lyrics/song/5569
5570,komda koana loayaloathulloa oa oa,కొండ కోన లోయలోతుల్లో… ఓ ఓ,full,542,688,0,0,,in_library_exact,https://waytochurch.com/lyrics/song/5570
5571,gadachina kaalamu krupaloa mammu,గడచిన కాలము కృపలో మమ్ము,full,501,675,0,0,,in_library_lyric_line,https://waytochurch.com/lyrics/song/5571
5572,గాఢాంధకారములో నేను తిరిగినను,,full,349,439,0,0,,missing,https://waytochurch.com/lyrics/song/5572
5573,gorrepilla vivaahoathsav,గొర్రెపిల్ల వివాహోత్సవ,full,418,482,0,0,Dr  A R  Stevenson,in_library_exact,https://waytochurch.com/lyrics/song/5573
5574,chaalunayya nee krupa naa jeevithaaniki,చాలునయ్య నీ కృప నా జీవితానికి,full,364,462,0,0,,in_library_exact,https://waytochurch.com/lyrics/song/5574
5575,jeevimchuchunnaavanna paeru unnadhi,జీవించుచున్నావన్న పేరు ఉన్నది,full,689,853,0,0,,in_library_exact,https://waytochurch.com/lyrics/song/5575
5576,thmbura sithaara naadhamuthoa kreesthuni vaedagaraa,తంబుర సితార నాధముతో క్రీస్తుని వేడగరా,full,343,443,0,0,,in_library_contained,https://waytochurch.com/lyrics/song/5576
5577,thappipoayina kumaarudanayyaa,తప్పిపోయిన కుమారుడనయ్యా,full,459,579,0,0,,in_library_exact,https://waytochurch.com/lyrics/song/5577
5578,thmdri naa yaesayyaa neekae aaraadhanaa,తండ్రి నా యేసయ్యా – నీకే ఆరాధనా (4),full,241,324,0,0,,in_library_exact,https://waytochurch.com/lyrics/song/5578
5579,thalli thmdri evaru marachinaa,తల్లి తండ్రి ఎవరు మరచినా,full,317,423,0,0,,missing,https://waytochurch.com/lyrics/song/5579
5580,thellaga thelavaarakamumdhae,తెల్లగ తెలవారకముందే,full,333,446,0,0,,missing,https://waytochurch.com/lyrics/song/5580
5581,thraahi maam kreesthu naadhadhayaojooda raavae naenudhaehi yanuchu nee,త్రాహి మాం క్రీస్తు నాధదయఁజూడ రావే నేనుదేహి యనుచు నీ,full,638,806,0,0,,missing,https://waytochurch.com/lyrics/song/5581
5582,theliyadhaa neeku theliyadhaa,తెలియదా నీకు తెలియదా,full,448,594,0,0,,in_library_exact,https://waytochurch.com/lyrics/song/5582
5583,dhivyaathma dhigirammu,దివ్యాత్మ దిగిరమ్ము,full,575,729,0,0,,missing,https://waytochurch.com/lyrics/song/5583
5584,dhaevaa naadhaevudavu neevae,దేవా నాదేవుడవు నీవే,full,275,364,0,0,,missing,https://waytochurch.com/lyrics/song/5584
5585,dhaevudae naa kaashraymbu dhivyamaina dhurgamu ma haa vinoadhu,దేవుడే నా కాశ్రయంబు దివ్యమైన దుర్గము మ హా వినోదు,full,598,777,0,0,,in_library_contained,https://waytochurch.com/lyrics/song/5585
5586,dhaeva dhaevuni sannidhi memdugaa mee kaankeelaa,దేవ దేవుని సన్నిధి మెండుగా మీ కాన్కీలా,full,338,438,0,0,,missing,https://waytochurch.com/lyrics/song/5586
5587,dhaehm paathadhi manasu malinamainadhi,దేహం పాతది మనసు మలినమైనది,full,501,629,0,0,,in_library_exact,https://waytochurch.com/lyrics/song/5587
5588,nadipisthaadu naadhaevudu,నడిపిస్తాడు నాదేవుడు,full,470,594,0,0,,in_library_contained,https://waytochurch.com/lyrics/song/5588
5589,nadipimchu chunnaadu najaraeyudu,నడిపించు చున్నాడు నజరేయుడు,full,500,640,0,0,,missing,https://waytochurch.com/lyrics/song/5589
5590,naa praarthanalanni aalakimchinaavu,నా ప్రార్థనలన్ని ఆలకించినావు,full,483,624,0,0,,missing,https://waytochurch.com/lyrics/song/5590
5591,naa praanapriyudaa yaesuraajaa,నా ప్రాణప్రియుడా యేసురాజా,full,418,550,0,0,,in_library_exact,https://waytochurch.com/lyrics/song/5591
5592,naa geethaaraadhanaloayaesayyaa nee krupa aadhaaramae,నా గీతారాధనలోయేసయ్యా నీ కృప ఆధారమే,full,521,649,0,0,,in_library_exact,https://waytochurch.com/lyrics/song/5592
5593,naaloani aashaajyoathineevae naa prabhuvaa,నాలోని ఆశాజ్యోతినీవే నా ప్రభువా,full,292,387,0,0,,missing,https://waytochurch.com/lyrics/song/5593
5594,naathoa maatlaadumayyaa nannoo dharshimchumayyaa,నాతో మాట్లాడుమయ్యా నన్నూ దర్శించుమయ్యా,full,723,924,0,0,,missing,https://waytochurch.com/lyrics/song/5594
5595,naa paerae theliyani prajalu emdharu unnaaru,నా పేరే తెలియని ప్రజలు ఎందరు ఉన్నారు,full,469,579,0,0,,in_library_exact,https://waytochurch.com/lyrics/song/5595
5596,nuvvae kaavaalayyaa nee praema chaalayy,నువ్వే కావాలయ్యా నీ ప్రేమ చాలయ్య,full,524,655,0,0,,missing,https://waytochurch.com/lyrics/song/5596
5597,ninnae ninnae koluthunayaa,నిన్నే నిన్నే కొలుతునయా,full,492,625,0,0,,missing,https://waytochurch.com/lyrics/song/5597
5598,nee chaethi kaaryamulu sathyamainavi,నీ చేతి కార్యములు సత్యమైనవి,full,665,841,0,0,,in_library_exact,https://waytochurch.com/lyrics/song/5598
5599,nee praemae naaku chaalayyaa oa yaesayyaa,నీ ప్రేమే నాకు చాలయ్యా ఓ యేసయ్యా,full,337,415,0,0,,in_library_exact,https://waytochurch.com/lyrics/song/5599
5600,nee rakthamae nee rakthamae nan shudhdheekarimchun,నీ రక్తమే నీ రక్తమే నన్ శుద్దీకరించున్,full,699,871,0,0,,in_library_exact,https://waytochurch.com/lyrics/song/5600
5601,nee vaakyamae nannu brathikimchenu baadhalaloa nemmadhi nichchenu,నీ వాక్యమే నన్ను బ్రతికించెను బాధలలో నెమ్మది నిచ్చెను,full,526,664,0,0,,in_library_exact,https://waytochurch.com/lyrics/song/5601
5602,neevu praarthana chaeyunappudu,నీవు ప్రార్థన చేయునప్పుడు,full,627,778,0,0,,in_library_exact,https://waytochurch.com/lyrics/song/5602
5605,padhae padhae naenu paadukoanaa prathichoata nee maata naa paatagaa,పదే పదే నేను పాడుకోనా ప్రతిచోట నీ మాట నా పాటగా,full,520,688,0,0,,in_library_contained,https://waytochurch.com/lyrics/song/5605
5606,paramuna prabhuvaa varamula naduga,పరమున ప్రభువా వరముల నడుగ,full,276,375,0,0,,missing,https://waytochurch.com/lyrics/song/5606
5607,paramaathma proakshnm paripoorna poashnm,పరమాత్మ ప్రోక్షణం పరిపూర్ణ పోషణం,full,724,947,0,0,,missing,https://waytochurch.com/lyrics/song/5607
5608,praemasaagaraa ee dharamarana edaariloana,ప్రేమసాగరా ఈ ధరమరణ ఎడారిలోన,full,584,721,0,0,,missing,https://waytochurch.com/lyrics/song/5608
5609,paadedha naenokanoothana geethmpaadedha manasaaraa,పాడెద నేనొకనూతన గీతంపాడెద మనసారా,full,258,367,0,0,,missing,https://waytochurch.com/lyrics/song/5609
5610,praardhanaloanae gaduputayae naakemthoa bhaagyamu,ప్రార్ధనలోనే గడుపుటయే నాకెంతో భాగ్యము,full,518,657,0,0,,missing,https://waytochurch.com/lyrics/song/5610
5611,poadhaamu poadhaamu payana mavudhaamu,పోదాము పోదాము పయన మవుదాము,full,315,415,0,0,,in_library_lyric_line,https://waytochurch.com/lyrics/song/5611
5612,balamaina dhaevudavu balavmthudavu neevu,బలమైన దేవుడవు బలవంతుడవు నీవు,full,699,867,0,0,,in_library_lyric_line,https://waytochurch.com/lyrics/song/5612
5613,bhaasillenu siluvaloa paapakshmaa,భాసిల్లెను సిలువలో పాపక్షమా,full,423,521,0,0,,in_library_exact,https://waytochurch.com/lyrics/song/5613
5614,maanasaveenanu shruthichaesi,మానసవీణను శృతిచేసి,full,419,575,0,0,,missing,https://waytochurch.com/lyrics/song/5614
5615,maa imti paeru pashuvula paak,మా ఇంటి పేరు పశువుల పాక,full,391,481,0,0,,in_library_exact,https://waytochurch.com/lyrics/song/5615
5616,musalamma muchchatlu katti petti parishudhdha grmdhaanni chaethapatti,ముసలమ్మ ముచ్చట్లు కట్టి పెట్టి పరిశుద్ధ గ్రంధాన్ని చేతపట్టి,full,710,860,0,0,,missing,https://waytochurch.com/lyrics/song/5616
5617,yaesayya manaku sahaaym,యేసయ్య మనకు సహాయం,full,336,444,0,0,,missing,https://waytochurch.com/lyrics/song/5617
5618,యేసూ నీవే కావాలయ్యా నాతో కూడా రావాలయ్యా,యేసూ నీవే కావాలయ్యా నాతో కూడా రావాలయ్యా,full,496,632,0,0,,missing,https://waytochurch.com/lyrics/song/5618
5619,yaesu chaavomdhae siluvapai neekorakae naakorakae,యేసు చావొందే సిలువపై నీకొరకే నాకొరకే,full,397,501,0,0,,missing,https://waytochurch.com/lyrics/song/5619
5620,yaesu raajugaa vachchuchunnaadu,యేసు రాజుగా వచ్చుచున్నాడు,full,696,884,0,0,,in_library_exact,https://waytochurch.com/lyrics/song/5620
5621,yoodhaa sthuthigoathrapu simhamaa,యూదా స్తుతిగోత్రపు సింహమా,full,517,704,0,0,,in_library_exact,https://waytochurch.com/lyrics/song/5621
5622,raakada samaymloa kadaboora shabdhmthoa,రాకడ సమయంలో కడబూర శబ్ధంతో,full,680,896,0,0,,in_library_exact,https://waytochurch.com/lyrics/song/5622
5623,rmdi uthsaahimchi paadudhamu,రండి ఉత్సాహించి పాడుదము,full,563,710,0,0,,in_library_exact,https://waytochurch.com/lyrics/song/5623
5624,raajaathi raaja ravikoati thaejaa,రాజాతి రాజ రవికోటి తేజా,full,404,524,0,0,,missing,https://waytochurch.com/lyrics/song/5624
5625,raathri naedu rakshkudu,రాత్రి నేడు రక్షకుడు,full,606,758,0,0,,in_library_contained,https://waytochurch.com/lyrics/song/5625
5626,lekkimchalaeni sthoathramul,లెక్కించలేని స్తోత్రముల్,full,465,551,0,0,,in_library_exact,https://waytochurch.com/lyrics/song/5626
5627,lekka pettalaenayyaa neevu naaku chaesina,లెక్క పెట్టలేనయ్యా నీవు నాకు చేసిన,full,399,498,0,0,,missing,https://waytochurch.com/lyrics/song/5627
5628,vmdhanmbonarthumoa prabhoa prabhoa,వందనంబొనర్తుమో ప్రభో ప్రభో,full,600,749,0,0,,in_library_exact,https://waytochurch.com/lyrics/song/5628
5629,vimthaina thaaraka velisimdhi gaganaan,వింతైన తారక వెలిసింది గగనాన,full,581,745,0,0,,in_library_exact,https://waytochurch.com/lyrics/song/5629
5630,vijaya geethamul paadarae kreesthuku jaya vijaya geethamul,విజయ గీతముల్ పాడరే క్రీస్తుకు జయ విజయ గీతముల్,full,772,979,0,0,,in_library_contained,https://waytochurch.com/lyrics/song/5630
5631,Aha aanandame maha aanandame yesu putte ilalo,ఆహా ఆనందమే మహా సంతోషమే యేసు పుట్టె ఇలలో,full,271,317,0,0,Mary Vijay Nanneti,in_library_exact,https://waytochurch.com/lyrics/song/5631
5632,vaelpulaloa bahughanudaa yaesayyaa,వేల్పులలో బహుఘనుడా యేసయ్యా,full,737,933,0,0,,missing,https://waytochurch.com/lyrics/song/5632
5633,shruthichaesi nae paadanaa sthoathra geethm bhajiyimchi nae paadanaa svaamee,శృతిచేసి నే పాడనా స్తోత్ర గీతం భజియించి నే పాడనా స్వామీ,full,437,578,0,0,,in_library_fuzzy,https://waytochurch.com/lyrics/song/5633
5634,shaashvathamainadhi neevu naayeda choopina krup,శాశ్వతమైనది నీవు నాయెడ చూపిన కృప,full,325,438,0,0,,in_library_exact,https://waytochurch.com/lyrics/song/5634
5635,shree yaesae kadha nanu gaachinadhi,శ్రీ యేసే కద నను గాచినది,full,444,577,0,0,,missing,https://waytochurch.com/lyrics/song/5635
5636,sajeevudaesuni rakthmloa kadugabadina janamaa,సజీవుడేసుని రక్తంలో కడుగబడిన జనమా,full,365,490,0,0,,missing,https://waytochurch.com/lyrics/song/5636
5637,sarvaamga sumdharaa sadhgunashaekharaa,సర్వాంగ సుందరా సద్గుణశేఖరా,full,419,547,0,0,,in_library_exact,https://waytochurch.com/lyrics/song/5637
5638,sarvakrupaanidhiyagu prabhuvaa,సర్వకృపానిదియగు ప్రభువా,full,491,633,0,0,,in_library_exact,https://waytochurch.com/lyrics/song/5638
5639,smdhaehamaela smshayamadhaela,సందేహమేల సంశయమదేల,full,625,822,0,0,,in_library_exact,https://waytochurch.com/lyrics/song/5639
5640,sthuthi chaesi naepaadanaasthoathrageethm,స్తుతి చేసి నేపాడనాస్తోత్రగీతం,full,494,648,0,0,,missing,https://waytochurch.com/lyrics/song/5640
5641,sthuthi gaanamulathoa naenu naa dhaevunee sthuthimchedhanoo,స్తుతి గానములతో నేను నా దేవునీ స్తుతించెదనూ,full,371,498,0,0,,missing,https://waytochurch.com/lyrics/song/5641
5642,srushtikarthavaina yehoavaa,సృష్టికర్తవైన యెహోవా,full,642,817,0,0,,in_library_exact,https://waytochurch.com/lyrics/song/5642
5643,siluvapai vraelaadu shreeyaesudu,సిలువపై వ్రేలాడు శ్రీయేసుడు,full,359,473,0,0,,missing,https://waytochurch.com/lyrics/song/5643
5644,siluva chemthakuraa siluva chemthakuraa,సిలువ చెంతకురా సిలువ చెంతకురా,full,545,701,0,0,,missing,https://waytochurch.com/lyrics/song/5644
5645,sthoathramu saeyarae soadharulaaraa manaathmalathoa thmdrin,స్తోత్రము సేయరే సోదరులారా మనాత్మలతో తండ్రిన్,full,714,897,0,0,,missing,https://waytochurch.com/lyrics/song/5645
5646,shaaronu polamuloa poochina pushpamaa,షారొను పొలములో పూచిన పుష్పమా,full,280,375,0,0,,missing,https://waytochurch.com/lyrics/song/5646
5647,halleluyaa paadedhaa prabhu ninnu koniyaadedhan,హల్లెలుయా పాడెదా ప్రభు నిన్ను కొనియాడెదన్,full,523,614,0,0,,in_library_exact,https://waytochurch.com/lyrics/song/5647
5648,hallelooyaahallelooyaa,హల్లెలూయాహల్లెలూయా,full,406,522,0,0,,in_library_exact,https://waytochurch.com/lyrics/song/5648
5649,hallelooya ani paadisthuthimpanu,హల్లెలూయ అని పాడిస్తుతింపను,full,493,633,0,0,,missing,https://waytochurch.com/lyrics/song/5649
5650,amdhamae roopu dhaalche dhaiva vaakkunakae,అందమే రూపు దాల్చె దైవ వాక్కునకే,full,270,361,0,0,,missing,https://waytochurch.com/lyrics/song/5650
5651,anni naamamula kanna ghanamaina naamamu needhi yaesu naathaa,అన్ని నామముల కన్న ఘనమైన నామము నీది యేసు నాథా,full,419,546,0,0,,in_library_exact,https://waytochurch.com/lyrics/song/5651
5652,adavi vrukshmulaloa jaldharu vrukshmu metlunnadhoa,అడవి వృక్షములలో జల్ధరు వృక్షము మెట్లున్నదో,full,540,685,0,0,,missing,https://waytochurch.com/lyrics/song/5652
5653,aaraadhimchedhanu ninnu naa yaesayyaa aathmathoa sathyamuthoa,ఆరాదించెదను నిన్ను నా యేసయ్యా ఆత్మతో సత్యముతో,full,591,754,0,0,,in_library_exact,https://waytochurch.com/lyrics/song/5653
5654,aashapadaku ee loakm koasm chellemmaa,ఆశపడకు ఈ లోకం కోసం చెల్లెమ్మా,full,858,1103,0,0,,in_library_exact,https://waytochurch.com/lyrics/song/5654
5655,ilapai prabhu yaesu immaanuyaelai janmimche,ఇలపై ప్రభు యేసు ఇమ్మానుయేలై జన్మించె,full,433,551,0,0,,missing,https://waytochurch.com/lyrics/song/5655
5656,innaellu ilaloa unnaamu manamu challani dhaevuni needaloa,ఇన్నేళ్ళు ఇలలో ఉన్నాము మనము చల్లని దేవుని నీడలో,full,454,569,0,0,,missing,https://waytochurch.com/lyrics/song/5656
5657,ee dhinm sadhaa naa yaesukae somthm,ఈ దినం సధా నా యేసుకే సొంతం,full,411,527,0,0,,in_library_exact,https://waytochurch.com/lyrics/song/5657
5658,oohalakmdhanidhi nee thyaagm varnimpajaalanidhi,ఊహలకందనిది నీ త్యాగం వర్ణింపజాలనిది,full,455,587,0,0,,missing,https://waytochurch.com/lyrics/song/5658
5659,uthsaaha gaanamu chaesedhamu,ఉత్సాహ గానము చేసెదము,full,375,491,0,0,,in_library_exact,https://waytochurch.com/lyrics/song/5659
5660,oohimchalaenayyaa vivarimchalaenayyaa,ఊహించలేనయ్యా వివరించలేనయ్యా,full,430,577,0,0,,in_library_exact,https://waytochurch.com/lyrics/song/5660
5661,ae paatidhoa naa jeevithm elaamtidhoa aa naa gathm,ఏ పాటిదో నా జీవితం ఎలాంటిదో ఆ నా గతం,full,633,811,0,0,,missing,https://waytochurch.com/lyrics/song/5661
5662,emthammchivaadavu emtha goppa dhaevudavu,ఎంతమంచివాడవు ఎంత గొప్ప దేవుడవు,full,660,846,0,0,,missing,https://waytochurch.com/lyrics/song/5662
5663,ae baadha laedhu ae kashtm laedhu yaesu thoadumdagaa,ఏ బాధ లేదు ఏ కష్టం లేదు యేసు తోడుండగా,full,521,682,0,0,,in_library_exact,https://waytochurch.com/lyrics/song/5663
5664,edabaayani needhu krupa vidanaadani nee praema,ఎడబాయని నీదు కృప – విడనాడని నీ ప్రేమ,full,490,622,0,0,,in_library_exact,https://waytochurch.com/lyrics/song/5664
5665,ae paapamerugani yoa paavana moorthi paapa vimoachakumd,ఏ పాపమెరుగని యో పావన మూర్తి పాప విమోచకుండ,full,860,1070,0,0,,in_library_exact,https://waytochurch.com/lyrics/song/5665
5666,elaa umdaganu nee praema laekumdaa,ఎలా ఉండగను నీ ప్రేమ లేకుండా,full,548,695,0,0,,missing,https://waytochurch.com/lyrics/song/5666
5667,evarunnaarani epudumtaarani,ఎవరున్నారని ఎపుడుంటారని,full,417,532,0,0,,missing,https://waytochurch.com/lyrics/song/5667
5668,oa kreesthu smghamaa parishudhdha smghamaa,ఓ క్రీస్తు సంఘమా పరిశుద్ధ సంఘమా,full,640,831,0,0,,in_library_exact,https://waytochurch.com/lyrics/song/5668
5669,oa yuvathee yuvakaa oa yavvanumdaa,ఓ యువతీ యువకా ఓ యవ్వనుండా,full,742,930,0,0,,missing,https://waytochurch.com/lyrics/song/5669
5670,oa maanavaa nee paapm maanavaa,ఓ మానవా నీ పాపం మానవా `,full,606,785,1,1,,in_library_exact,https://waytochurch.com/lyrics/song/5670
5671,krupaa kshaemamu nee shaashvatha jeevamu,కృపా క్షేమము నీ శాశ్వత జీవము,full,886,1201,0,0,,in_library_exact,https://waytochurch.com/lyrics/song/5671
5672,kanneellathoa pagilina gumdethoa alasina naesthamaa,కన్నీళ్లతో పగిలిన గుండెతో అలసిన నేస్తమా,full,541,670,0,0,,in_library_exact,https://waytochurch.com/lyrics/song/5672
5673,kani vini erugani karunaku neevae aakaarm thmdri,కని విని ఎరుగని కరుణకు నీవే ఆకారం తండ్రి,full,400,519,0,0,,in_library_exact,https://waytochurch.com/lyrics/song/5673
5674,krupa vembadi krupathoa nanu praemimchina naa yaesayyaa,కృప వెంబడి కృపతో నను ప్రేమించిన నా యేసయ్యా,full,361,452,1,1,,in_library_exact,https://waytochurch.com/lyrics/song/5674
5675,kammani bahukammani challani athi challani,కమ్మని బహుకమ్మని – చల్లని అతి చల్లని,full,487,608,0,0,,in_library_exact,https://waytochurch.com/lyrics/song/5675
5676,kavulakainaa saadhyamaa nee krupanu varnimchadm,కవులకైనా సాధ్యమా నీ కృపను వర్ణించడం,full,574,751,0,0,,in_library_exact,https://waytochurch.com/lyrics/song/5676
5677,choochuchunna dhaevudavu neevae yaesayyaa,చూచుచున్న దేవుడవు నీవే యేసయ్యా,full,351,475,0,0,,in_library_exact,https://waytochurch.com/lyrics/song/5677
5678,chaatimchudi manushyajaathi kaesunaamamu,చాటించుడి మనుష్యజాతి కేసునామము,full,423,556,0,0,,in_library_exact,https://waytochurch.com/lyrics/song/5678
5679,jayamunichchu dhaevuniki koatla koatla sthoathrm,జయమునిచ్చు దేవునికి – కోట్ల కోట్ల స్తోత్రం,full,367,457,0,0,,missing,https://waytochurch.com/lyrics/song/5679
5680,jayajemdaalu pattukonuchu vijayoathsaaha geethaalathoa,జయజెండాలు పట్టుకొనుచు విజయోత్సాహ గీతాలతో,full,616,773,0,0,,missing,https://waytochurch.com/lyrics/song/5680
5681,thmbura sithaarathoa maa prabhuni aaraadhimchenuthana nivaasamuga,తంబుర సితారతో మా ప్రభుని ఆరాదించెనుతన నివాసముగ,full,567,719,0,0,,missing,https://waytochurch.com/lyrics/song/5681
5682,dhigulu padaku saevakaa dhigulu padakumayaa,దిగులు పడకు సేవకా దిగులు పడకుమయా,full,701,928,0,0,,missing,https://waytochurch.com/lyrics/song/5682
5683,dhootha ganamulella aaraadhimchirigaa parishudhdhudu sainyamula yehoavani,దూత గణములెల్ల ఆరాధించిరిగా పరిశుధ్ధుడు సైన్యముల యెహోవని,full,526,688,0,0,,missing,https://waytochurch.com/lyrics/song/5683
5684,dhaevuni praemaidhigoa janulaaraa bhaavmbunmdheliyarae,దేవుని ప్రేమఇదిగో జనులారా భావంబునందెలియరే,full,1604,1993,4,4,,in_library_exact,https://waytochurch.com/lyrics/song/5684
5685,dhaaveedhu vale naatyamaadi thmdrini sthuthimchedhamu,దావీదు వలె నాట్యమాడి తండ్రిని స్తుతించెదము,full,521,614,0,0,,in_library_exact,https://waytochurch.com/lyrics/song/5685
5686,dhurdhinamulu raakamumdhae sarvm koalpoakamumdhae,దుర్దినములు రాకముందే సర్వం కోల్పోకముందే,full,537,669,0,0,,in_library_exact,https://waytochurch.com/lyrics/song/5686
5687,naa hrudhayamuloa nee maatalae naa kanulaku kaamthiraekhalu,నా హృదయములో నీ మాటలే నా కనులకు కాంతిరేఖలు ||,full,619,804,0,0,,in_library_exact,https://waytochurch.com/lyrics/song/5687
5688,ninnae ninnae nammakunnaanayyaa,నిన్నే నిన్నే నమ్మకున్నానయ్యా,full,338,412,0,0,,in_library_exact,https://waytochurch.com/lyrics/song/5688
5689,nee krupanu goorchi nae paadedhaa nee praemanu goorchi prakatimchedhaa,నీ కృపను గూర్చి నే పాడెదా నీ ప్రేమను గూర్చి ప్రకటించెదా,full,574,735,0,0,,in_library_exact,https://waytochurch.com/lyrics/song/5689
5690,nee balamunu batti athishayimchedha naa yaesayyaa,నీ బలమును బట్టి అతిశయించెద నా యేసయ్యా,full,502,640,0,0,,missing,https://waytochurch.com/lyrics/song/5690
5691,neevae nannu koarukunnaavu neevae nannu chaerukunnaavu,నీవే నన్ను కోరుకున్నావు నీవే నన్ను చేరుకున్నావు,full,424,526,0,0,,in_library_exact,https://waytochurch.com/lyrics/song/5691
5692,nannu kaavaga vachchina najaraeya yaesayyaa,నన్ను కావగ వచ్చిన నజరేయ యేసయ్యా,full,516,696,0,0,,in_library_exact,https://waytochurch.com/lyrics/song/5692
5693,nannu kaapaadu naa dhaevudu kunukadu kunukadu,నన్ను కాపాడు నా దేవుడు కునుకడు కునుకడు,full,392,477,0,0,,missing,https://waytochurch.com/lyrics/song/5693
5694,neevu laeni roajmthaa roajaenaa neevu laeni brathukmthaa brathukaenaa,నీవు లేని రోజంతా రోజేనా నీవు లేని బ్రతుకంతా బ్రతుకేనా,full,530,665,0,0,,missing,https://waytochurch.com/lyrics/song/5694
5695,ninu sthuthiyimchuta ninu keerthimchut,నిను స్తుతియించుట నిను కీర్తించుట,full,670,839,0,0,,missing,https://waytochurch.com/lyrics/song/5695
5696,ninu sthuthimchinaa chaalu naa brathuku dhinamuloa,నిను స్తుతించినా చాలు నా బ్రతుకు దినములో,full,533,657,0,0,,in_library_exact,https://waytochurch.com/lyrics/song/5696
5697,noothana geethamu paadedhanu naa priya yaesuni,నూతన గీతము పాడెదను నా ప్రియ యేసుని,full,455,606,0,0,,missing,https://waytochurch.com/lyrics/song/5697
5698,nee dhayaloanee krupaloa kaachithivi gathakaamu,నీ దయలో`నీ కృపలో కాచితివి గతకాము,full,716,942,0,0,,in_library_fuzzy,https://waytochurch.com/lyrics/song/5698
5699,naaloani aashaajyoathi neevae naa prabhuvaa,నాలోని ఆశాజ్యోతి నీవే నా ప్రభువా,full,324,426,0,0,,missing,https://waytochurch.com/lyrics/song/5699
5700,prabhuvaa nee kaluvari thyaagamu choopenae nee paripoornathanu,ప్రభువా నీ కలువరి త్యాగము చూపెనే నీ పరిపూర్ణతను,full,496,625,0,0,,missing,https://waytochurch.com/lyrics/song/5700
5701,prabhuvaa kaachithivae imtha kaalm kaachithivae imtha kaalm,ప్రభువా కాచితివే ఇంత కాలం కాచితివే ఇంత కాలం,full,362,463,1,1,,in_library_exact,https://waytochurch.com/lyrics/song/5701
5702,priyamaina yaesayyaa praemakae roopamaa,ప్రియమైన యేసయ్యా ప్రేమకే రూపమా,full,493,637,0,0,,in_library_exact,https://waytochurch.com/lyrics/song/5702
5703,praemaa anae maayaloa chikkukunna soadharee soadharaa,ప్రేమా అనే మాయలో చిక్కుకున్న సోదరీ సోదరా,full,509,637,0,0,,in_library_prefix,https://waytochurch.com/lyrics/song/5703
5704,parishudhdhudu parishudhdhudu raajula raaju yaesu,పరిశుద్ధుడు పరిశుద్ధుడు – రాజుల రాజు యేసు,full,402,514,0,0,,in_library_exact,https://waytochurch.com/lyrics/song/5704
5706,bhoomyaakaashamulu srujimchina yaesayyaa neekae sthoathrm,భూమ్యాకాశములు సృజించిన యేసయ్యా నీకే స్తోత్రం,full,495,626,0,0,,in_library_exact,https://waytochurch.com/lyrics/song/5706
5707,bhaedhm aemi laedhu amdharunu paapm chaesiyunnaaru,భేదం ఏమి లేదు అందరును పాపం చేసియున్నారు,full,669,853,0,0,,in_library_exact,https://waytochurch.com/lyrics/song/5707
5708,bhoodhigmtha nivaasulaaraa naedae rakshna pomdhmdi,భూదిగంత నివాసులారా నేడే రక్షణ పొందండి,full,516,659,1,1,,missing,https://waytochurch.com/lyrics/song/5708
5709,bhajiyimthumu raarae yaesuni sthoathra geethamuthoa,భజియింతుము రారే యేసుని స్తోత్ర గీతముతో,full,416,514,0,0,,in_library_exact,https://waytochurch.com/lyrics/song/5709
5710,balaparachumusthiraparachumu naapraarthanala badhuliyyumu,బలపరచుముస్థిరపరచుము నాప్రార్థనల బదులియ్యుము,full,421,547,0,0,,in_library_fuzzy,https://waytochurch.com/lyrics/song/5710
5711,bethlehaemuloa smdhadi pashupaakaloa smdhadi,బెత్లెహేములో సందడి పశుపాకలో సందడి,full,331,432,0,0,,in_library_fuzzy,https://waytochurch.com/lyrics/song/5711
5712,dhaevaathidhaevudu mahoapakaarudu,దేవాతిదేవుడు మహోపకారుడు,full,351,465,0,0,,missing,https://waytochurch.com/lyrics/song/5712
5713,mattiviraa vattiviraa manuvuraa mannavuraa,మట్టివిరా వట్టివిరా మనువురా మన్నవురా,full,692,833,0,0,,missing,https://waytochurch.com/lyrics/song/5713
5714,maatlaadu naa prabhuvaa naathoa maataadu naa prabhuvaa,మాట్లాడు నా ప్రభువా నాతో మాటాడు నా ప్రభువా,full,315,410,0,0,,missing,https://waytochurch.com/lyrics/song/5714
5715,mmgalamae yaesunaku manujaavathaarunakux x,మంగళమే యేసునకు మనుజావతారునకు,full,591,750,0,0,,in_library_exact,https://waytochurch.com/lyrics/song/5715
5716,mahima neekae ghanatha neekae prabhaavm neekae prabhu,మహిమ నీకే ఘనత నీకే ప్రభావం నీకే ప్రభు,full,398,501,0,0,,missing,https://waytochurch.com/lyrics/song/5716
5717,mithramaa naa mithramaa chiththamaa idhi nee chithramaa,మిత్రమా నా మిత్రమా ` చిత్తమా ఇది నీ చిత్రమా,full,876,1081,0,0,,missing,https://waytochurch.com/lyrics/song/5717
5718,yaesuraaju raajularaajai thvaragaa vachchuchumdae,యేసురాజు రాజులరాజై త్వరగా వచ్చుచుండే,full,424,540,2,2,,in_library_contained,https://waytochurch.com/lyrics/song/5718
5719,yaesuni sthuthimchuvaaru nithya jeevamu nomdhedharu,యేసుని స్తుతించువారు – నిత్య జీవము నొందెదరు,full,478,614,0,0,,missing,https://waytochurch.com/lyrics/song/5719
5720,yammaayi dhaarulaloa krumgina vaelalaloa,యమ్మాయి దారులలో కృంగిన వేళలలో,full,571,764,0,0,,missing,https://waytochurch.com/lyrics/song/5720
5721,యెహోవాయే నా కాపరిగ నాకేమి కొదువగును,,full,373,481,1,1,,in_library_exact,https://waytochurch.com/lyrics/song/5721
5722,yaesukae vmdhanm prabhu yaesukae vmdhanm,యేసుకే వందనం ప్రభు యేసుకే వందనం,full,286,367,0,0,,missing,https://waytochurch.com/lyrics/song/5722
5723,yehoavaa gadhdhe mumdhatajanmbulaara mrokkudi,యెహోవా గద్దె ముందటజనంబులార మ్రొక్కుడి,full,335,411,0,0,,missing,https://waytochurch.com/lyrics/song/5723
5724,yaesayyaa nee naama gaanm nae paadedha jeevithaamthm,యేసయ్యా నీ నామ గానం నే పాడెద జీవితాంతం,full,343,447,0,0,,missing,https://waytochurch.com/lyrics/song/5724
5725,yaesayya kanikarapoornudaa manoahara praemaku nilayudaa,యేసయ్య కనికరపూర్ణుడా మనోహర ప్రేమకు నిలయుడా,full,604,789,0,0,,in_library_exact,https://waytochurch.com/lyrics/song/5725
5726,yaesayyaa naa yaesayyaa neevaenaa mmchi kaapari,యేసయ్యా నా యేసయ్యా నీవేనా మంచి కాపరి,full,471,623,1,1,,missing,https://waytochurch.com/lyrics/song/5726
5727,యేసు నీవే చాలునాకు వేరెవ్వరు అక్కరలేదు,,full,411,505,0,0,,in_library_exact,https://waytochurch.com/lyrics/song/5727
5728,yaesayya naammloa shakthi unnadhayya,యేసయ్య నామంలో శక్తి ఉన్నదయ్య,full,654,834,0,0,,in_library_exact,https://waytochurch.com/lyrics/song/5728
5729,ramyamainadhi nee mmdhiramu,రమ్యమైనది నీ మందిరము,full,420,545,0,0,,missing,https://waytochurch.com/lyrics/song/5729
5730,raajulaku raajuvu prabhuvulaku prabhudavu,రాజులకు రాజువు ప్రభువులకు ప్రభుడవు,full,475,587,0,0,,missing,https://waytochurch.com/lyrics/song/5730
5731,raeyipagalu nee padhasaevae jeevadhaayakamae chaeyuta maelu,రేయిపగలు నీ పదసేవే జీవదాయకమే చేయుట మేలు,full,569,758,0,0,,missing,https://waytochurch.com/lyrics/song/5731
5732,raayabaarulm maemu raayabaarulm,రాయబారులం మేము రాయబారులం,full,624,818,0,0,,missing,https://waytochurch.com/lyrics/song/5732
5733,shubhavaela sthoathrabali thmdree dhaevaa neekaenayyaa,శుభవేళ స్తోత్రబలి తండ్రీ దేవా నీకేనయ్యా,full,506,651,0,0,,in_library_exact,https://waytochurch.com/lyrics/song/5733
5734,shaashvathamainadhi yaesuni praema unnathamainadhi naa yaesu pilupu,శాశ్వతమైనది యేసుని ప్రేమ ఉన్నతమైనది నా యేసు పిలుపు,full,392,515,0,0,,missing,https://waytochurch.com/lyrics/song/5734
5736,sugunaala smpannudaa sthuthigaanaalavaarasudaa,సుగుణాల సంపన్నుడా స్తుతిగానాలవారసుడా,full,439,563,0,0,,in_library_exact,https://waytochurch.com/lyrics/song/5736
5737,sthuthiyimthumu ninnae oa pabhuvaa,స్తుతియింతుము నిన్నే ఓ పభువా,full,443,552,1,1,,missing,https://waytochurch.com/lyrics/song/5737
5738,స్తుతి పాడెదనే ప్రతి దినము స్తుతి పాడుటెనా అతిశయము,స్తుతి పాడెదనే ప్రతి దినము స్తుతి పాడుటెనా అతిశయము,full,420,553,0,0,,in_library_exact,https://waytochurch.com/lyrics/song/5738
5739,sthoathramu sthuthi chellimthumu neekae sathya dhaevudaa,స్తోత్రము స్తుతి చెల్లింతుము నీకే సత్య దేవుడా,full,449,595,0,0,,in_library_exact,https://waytochurch.com/lyrics/song/5739
5740,sidhdhapadudhaam sidhdhapadudhaam mana dhaevuni,సిద్దపడుదాం సిద్దపడుదాం మన దేవుని,full,559,741,0,0,,missing,https://waytochurch.com/lyrics/song/5740
5741,సర్వ సృష్ఠలోని జీవరాశి యంత,,full,560,742,0,0,,missing,https://waytochurch.com/lyrics/song/5741
5742,kshnamaina neevu nanu vidachi poalaedhugaa,క్షణమైన నీవు నను విడచి పోలేదుగా,full,475,614,0,0,,in_library_exact,https://waytochurch.com/lyrics/song/5742
5743,raaraaju vasthunnaadoa janulaaraa,రారాజు వస్తున్నాడో జనులారా,full,819,1030,1,1,,in_library_contained,https://waytochurch.com/lyrics/song/5743
5744,jumte thaene kannaa theeyanidhi,జుంటె తేనె కన్నా తీయనిది,full,555,705,0,0,,in_library_exact,https://waytochurch.com/lyrics/song/5744
5745,aadhaarm naaku aadhaarm naaku thoadu needaiyunna,ఆధారం నాకు ఆధారం నాకు తోడు నీడైయున్న,full,512,677,0,0,,missing,https://waytochurch.com/lyrics/song/5745
5746,ee sthuthi neekae maa yaesudhaeva manasaara ninnae saevimthumu,ఈ స్తుతి నీకే మా యేసుదేవ మనసార నిన్నే సేవింతుము,full,402,550,0,0,,in_library_fuzzy,https://waytochurch.com/lyrics/song/5746
5747,ఎన్నో ఎన్నో మేలులు చేసావయ్యా,ఎన్నో ఎన్నో మేలులు చేసావయ్యా,full,438,565,0,0,,in_library_exact,https://waytochurch.com/lyrics/song/5747
5748,mamathaanuraagaalae maalalugaa,మమతానురాగాలే మాలలుగా,full,397,499,0,0,Dr  A R  Stevenson,missing,https://waytochurch.com/lyrics/song/5748
5749,innaallu thoadugaa maathoa nadichaavu,ఇన్నాళ్ళు తోడుగా మాతో నడిచావు,full,483,615,0,0,,missing,https://waytochurch.com/lyrics/song/5749
5750,annivaelalaa aadharimchedi aathmaroopee neekae vmdhanm,అన్నివేళలా ఆదరించెడి ఆత్మరూపీ నీకే వందనం,full,328,424,0,0,,missing,https://waytochurch.com/lyrics/song/5750
5751,shaashvathamainadhee neethoa naakunna anubmdhamu,శాశ్వతమైనదీ నీతో నాకున్న అనుబంధము,full,417,533,0,0,,missing,https://waytochurch.com/lyrics/song/5751
5752,nadhulai pravahimche nee dhivya vaakyamu,నదులై ప్రవహించె నీ దివ్య వాక్యము,full,447,581,0,0,,missing,https://waytochurch.com/lyrics/song/5752
5753,maatlaadae dhaevudavu neevu maatlaadani raayoa,మాట్లాడే దేవుడవు నీవు మాట్లాడని రాయో,full,426,539,0,0,,in_library_contained,https://waytochurch.com/lyrics/song/5753
5754,yaesayyaa naa yaesayyaa eppudayyaa nee raakad,యేసయ్యా నా యేసయ్యా ఎప్పుడయ్యా నీ రాకడ,full,608,766,0,0,,in_library_fuzzy,https://waytochurch.com/lyrics/song/5754
5755,evaru unnaaru naaku ee loakmloa,ఎవరు ఉన్నారు నాకు ఈ లోకంలో,full,452,581,0,0,,in_library_lyric_line,https://waytochurch.com/lyrics/song/5755
5756,raajaa nee bhavanamuloa raeyimbagalu vaechiyumdhunu,రాజా నీ భవనములో రేయింబగలు వేచియుందును,full,354,488,0,0,,missing,https://waytochurch.com/lyrics/song/5756
5757,somthamaipoavaali naayaesuku milithamaipoavaali naa priyunithoa,సొంతమైపోవాలి నాయేసుకు మిళితమైపోవాలి నా ప్రియునితో,full,417,536,0,0,,in_library_fuzzy,https://waytochurch.com/lyrics/song/5757
5758,శుభవేళ స్తోత్రబలి తండ్రి దేవా నీకేనయ్యా,శుభవేళ స్తోత్రబలి తండ్రి దేవా నీకేనయ్యా,full,454,554,0,0,,in_library_exact,https://waytochurch.com/lyrics/song/5758
5759,ninnu vidichi nee praema marachi,నిన్ను విడిచి నీ ప్రేమ మరచి,full,617,804,0,0,,missing,https://waytochurch.com/lyrics/song/5759
5760,puvvulaamtidhi jeevithm raalipoathumdhi,పువ్వులాంటిది జీవితం రాలిపోతుంది,full,523,669,0,0,,in_library_exact,https://waytochurch.com/lyrics/song/5760
5761,praemimchudhaevudu rakshimchudhaevudu,ప్రేమించుదేవుడు రక్షించుదేవుడు,full,428,491,3,4,,in_library_exact,https://waytochurch.com/lyrics/song/5761
5762,chitti potti paapanu naenu yaesayyaa,చిట్టి పొట్టి పాపను నేను యేసయ్యా,full,171,214,0,0,,in_library_exact,https://waytochurch.com/lyrics/song/5762
5763,chinna gorrepillanu naenu yaesayyaa,చిన్న గొర్రెపిల్లను నేను యేసయ్యా,full,297,382,0,0,,in_library_exact,https://waytochurch.com/lyrics/song/5763
5764,naa chinni hrudhayammdhu yaesu unnaadu,నా చిన్ని హృదయమందు యేసు ఉన్నాడు,full,176,223,0,0,,in_library_exact,https://waytochurch.com/lyrics/song/5764
5765,nanu srujiyinchina,నను సృజియించిన నా తండ్రికే ఆరాధన,none,423,0,0,0,,missing,https://waytochurch.com/lyrics/song/5765
5766,naa aadarana neevenayya,నా ఆదరణ నీవేనయ్య నా ఆశ్రయము నీవేనయ్యా,none,377,0,0,0,,missing,https://waytochurch.com/lyrics/song/5766
5767,nee margamu entho priyamu,నీ మార్గము ఎంతో ప్రియము,none,211,0,0,0,,missing,https://waytochurch.com/lyrics/song/5767
5768,ninu namminacho,నిను నమ్మినచో సిగ్గుపడనీయవు,none,394,0,0,0,,missing,https://waytochurch.com/lyrics/song/5768
5769,neetho nundani brathuku,నీతొ నుండని బ్రతుకు నిను చూడని క్షణము – ఊహించలేనునాయేసయ్యా,none,537,0,0,0,,in_library_exact,https://waytochurch.com/lyrics/song/5769
5772,aasrayuda naa abhishaktuda,ఆశ్రయుడా నా అభిశక్తుడా,full,489,631,0,0,,in_library_exact,https://waytochurch.com/lyrics/song/5772
5773,maranamu nannemi cheyagaladu,మరణము నన్నేమి చేయలేదు పరిస్థితి నన్నేమి చేయగలదు,full,612,842,0,0,,in_library_exact,https://waytochurch.com/lyrics/song/5773
5774,"దైవకుటుంబం ధరణిలో దేవుని ప్రతిబింబం """"",,partial,703,882,2,0,,unusable-title,https://waytochurch.com/lyrics/song/5774
5775,vinava manavi yesayya,వినవా మనవి యేసయ్య,none,406,0,0,0,A R stevenson,in_library_exact,https://waytochurch.com/lyrics/song/5775
5776,ananthuda adarinche yesayya,అనంతుడా ఆదరించే యేసయ్య,none,545,0,0,0,"krupa ministries, Guntur",missing,https://waytochurch.com/lyrics/song/5776
5777,ghanamaina naa yesayya,ఘనమైన నా యేసయ్య బహు ఆశ్చర్యములు నీ ఘన కార్యములు,full,849,1181,0,0,"krupa ministries, Guntur",in_library_exact,https://waytochurch.com/lyrics/song/5777
5778,ikanaina kaani ipudaina kaani,ఇకనైన కానీ ఇప్పుడైన కానీ,none,381,0,0,0,,in_library_exact,https://waytochurch.com/lyrics/song/5778
5779,nee deerga santhame naa hrudayaniki,నీ దీర్ఘశాంతమే నా హృదయానికి ధైర్యము,partial,662,945,3,0,"Krupa ministries, Guntur",in_library_exact,https://waytochurch.com/lyrics/song/5779
5780,nee prema madhuryam,నీ ప్రేమ మాధుర్యము నేనేమని వర్ణింతును,none,442,0,0,0,,in_library_exact,https://waytochurch.com/lyrics/song/5780
5781,"నీకే నా ఆరాధననీకే ఆరాధన యుగయుగములకు తరతరములకు మహిమా ప్రభావము నీకే యేసయ్యా ""నీకే""",,none,357,0,0,0,Steven Edwards,unusable-title,https://waytochurch.com/lyrics/song/5781
5782,siyonu nee devuni,సీయోను నీ దేవుని కీర్తించి కొనియాడుము,full,449,530,0,0,,in_library_exact,https://waytochurch.com/lyrics/song/5782
5783,sthuthulapai aaseenudaa,స్తుతులపై ఆసీనుడా,full,663,810,0,0,Bunny sudharshan,in_library_exact,https://waytochurch.com/lyrics/song/5783
5784,yenta manchi kapari,ఎంత మంచి కాపరి – యేసే నా ఊపిరి,none,370,0,0,0,,in_library_exact,https://waytochurch.com/lyrics/song/5784
5785,bharienchalenesayya e vedhana,భరియించలేనేసయ్యా ఈ వేదన,none,382,0,0,0,,missing,https://waytochurch.com/lyrics/song/5785
5786,veeche galullo prathiroopam neeve,వీచే గాలుల్లో ప్రతిరూపం నీవే,none,665,0,0,0,,in_library_exact,https://waytochurch.com/lyrics/song/5786
5787,ఉల్లసించి పాట పాడే పావురమా మృధు మధుర సుందర నారీమణీ,ఉల్లసించి పాట పాడే పావురమా మృధు మధుర సుందర నారీమణీ,none,608,0,0,0,,missing,https://waytochurch.com/lyrics/song/5787
5788,పేరుకే క్రైస్తవులారా,పేరుకే క్రైస్తవులారా,none,1040,0,0,0,,missing,https://waytochurch.com/lyrics/song/5788
5789,thalavanchaku nesthama,తలవంచకు నేస్తమా తలవంచకు నేస్తమా,full,598,758,2,2,,missing,https://waytochurch.com/lyrics/song/5789
5790,yesayya nee namamlo shakthi vunnadhi,యేసయ్యా నీ నామంలో శక్తి ఉన్నదీ,none,523,0,0,0,,in_library_fuzzy,https://waytochurch.com/lyrics/song/5790
5791,parishudhuda na yesayya needhu atmatho mamu nimpuma,పరిశుధ్ధుడా నా యేసయ్యా,none,638,0,0,0,,in_library_contained,https://waytochurch.com/lyrics/song/5791
5792,neethone na jeevitham prathi dhinamu anukshanamu,నీతోనే నా జీవితం,none,324,0,0,0,,missing,https://waytochurch.com/lyrics/song/5792
5793,yesu rakthame jayamu,యేసు రక్తమే జయము,none,420,0,0,0,,missing,https://waytochurch.com/lyrics/song/5793
5794,sakala sthuthulaku pathruda,సకల స్తుతులకు పాత్రుడా స్తోత్ర రూపుడా ॥॥,none,287,0,0,0,,missing,https://waytochurch.com/lyrics/song/5794
5795,sooda sakkanodamma yesu nadhudu,సూడ సక్కనోడమ్మా యేసు నాధుడు,none,351,0,0,0,,missing,https://waytochurch.com/lyrics/song/5795
5796,yesundaga neekandaga dhigulela nosodhara,యేసుండగా నీకండగా దిగులేల నోసోదరా,none,390,0,0,0,,missing,https://waytochurch.com/lyrics/song/5796
5797,yesayya yesayya yesayya,యేసయ్యా యేసయ్యా నా యేసయ్యా,none,218,0,0,0,,in_library_lyric_line,https://waytochurch.com/lyrics/song/5797
5798,premistha ninne na yesayya,ప్రేమిస్తా నిన్నే నా యేసయ్యా,none,657,0,0,0,,in_library_exact,https://waytochurch.com/lyrics/song/5798
5799,arambinchedha yesu neelo prathi dhinam,ఆరంభించెద యేసు నీలో ప్రతీదినం,none,479,0,0,0,,missing,https://waytochurch.com/lyrics/song/5799
5800,ఇంటి మీదనున్న ఒంటరి పిచ్చుకను నేను నా బలమా ఆలకించుమా,ఇంటి మీదనున్న ఒంటరి పిచ్చుకను నేను నా బలమా ఆలకించుమా,none,401,0,0,0,,missing,https://waytochurch.com/lyrics/song/5800
5801,కోరితి నీ సన్నిదానం చేరితి నీ సన్నిదానం,కోరితి నీ సన్నిదానం చేరితి నీ సన్నిదానం,none,282,0,0,0,,missing,https://waytochurch.com/lyrics/song/5801
5802,కనురెప్ప పాటైన కను మూయలేదు,కనురెప్ప పాటైన కను మూయలేదు,none,588,0,0,0,,in_library_contained,https://waytochurch.com/lyrics/song/5802
5803,తీర్పు తీర్చు గడియ వచ్చుచున్నది,తీర్పు తీర్చు గడియ వచ్చుచున్నది,none,504,0,0,0,,missing,https://waytochurch.com/lyrics/song/5803
5804,గలిలయ తీరాన చిన్ననావ,గలిలయ తీరాన చిన్ననావ,none,391,0,0,0,,in_library_exact,https://waytochurch.com/lyrics/song/5804
5805,నీవే నా సంతోషగానము,నీవే నా సంతోషగానము,none,713,0,0,0,,in_library_exact,https://waytochurch.com/lyrics/song/5805
5806,మార్గము సత్యము జీవము నా దైవమా,మార్గము సత్యము జీవము నా దైవమా,none,499,0,0,0,,missing,https://waytochurch.com/lyrics/song/5806
5807,lechinadayya maranapu mullu,లేచినాడయ్య మరణపు ముల్లు,none,704,0,0,0,,missing,https://waytochurch.com/lyrics/song/5807
5808,letha mokkala thandri sannidhilo,లేత మొక్కలా తండ్రి సన్నిధిలో,none,439,0,0,0,,missing,https://waytochurch.com/lyrics/song/5808
5809,devudu prematho devudu prematho,దేవుడు ప్రేమతో దేవుడు ప్రేమతో,none,685,0,0,0,,missing,https://waytochurch.com/lyrics/song/5809
5810,neellala poyabadinanu teegala sagipoyanu,నీళ్లలా పోయబడినాను తీగలా సాగిపోయాను,none,484,0,0,0,,missing,https://waytochurch.com/lyrics/song/5810
5811,ninu choodani kanulela naku,నిను చూడని కనులేల నాకు హల్లే హల్లే హల్లే హల్లేలూయ్యా,none,689,0,0,0,,missing,https://waytochurch.com/lyrics/song/5811
5812,sarveswaruda sthothrarhuda,సర్వేశ్వరా స్తోత్రార్హుడా పూజనీయుడ పరిశుద్దుడా,none,663,0,0,0,,missing,https://waytochurch.com/lyrics/song/5812
5813,kanneeru vidiche o sodhara,కన్నీరు విడిచే ఓ సోదరా,none,589,0,0,0,,missing,https://waytochurch.com/lyrics/song/5813
5814,ninne ninne ne koluthunayya,నిన్నే నిన్నే నే కొలుతునయ్యా నీవే నీవే నా రాజువయ్యా యేసయ్యా యేసయ్యా యేసయ్యా యేసయ్యా,none,527,0,0,0,,in_library_contained,https://waytochurch.com/lyrics/song/5814
5815,సిలువను గూర్చిన వార్త,సిలువను గూర్చిన వార్త,none,349,0,0,0,,missing,https://waytochurch.com/lyrics/song/5815
5816,యేసు పుట్టెను నేడు,యేసు పుట్టెను నేడు,none,652,0,0,0,,missing,https://waytochurch.com/lyrics/song/5816
5817,randee ani thelipenu,రండీ అని తెలిపేను ల లలలల్లా,none,580,0,0,0,,missing,https://waytochurch.com/lyrics/song/5817
5818,నీ కృపయే చాలునయ్యా,నీ కృపయే చాలునయ్యా,none,309,0,0,0,,missing,https://waytochurch.com/lyrics/song/5818
5819,ascharyamou anugraham,ఆశ్చర్యమౌ అనుగ్రహం,none,545,0,0,0,,missing,https://waytochurch.com/lyrics/song/5819
5820,చిరకాలం నీ సన్నిధిలో,చిరకాలం నీ సన్నిధిలో,none,497,0,0,0,,missing,https://waytochurch.com/lyrics/song/5820
5821,janminchenu sree yesudu,జన్మించెను శ్రీ యేసుడు,none,357,0,0,0,,missing,https://waytochurch.com/lyrics/song/5821
5822,నేనును నా కుటుంబమును,నేనును నా కుటుంబమును,none,360,0,0,0,,missing,https://waytochurch.com/lyrics/song/5822
5823,dheva nee sannidhilo sampoorna samthosham nee kudi hasthaulo,దేవా నీ సన్నిధిలో సంపూర్ణ సంతోషం నీ కుడి హస్తములో,none,472,0,0,0,,missing,https://waytochurch.com/lyrics/song/5823
5824,prema mayuda kaluvari nadha,ప్రేమా మయుడా కలువరి నాధా,none,450,0,0,0,,missing,https://waytochurch.com/lyrics/song/5824
5825,నీకు అసాధ్యమైనది లేనే లేదు,నీకు అసాధ్యమైనది లేనే లేదు,none,377,0,0,0,,missing,https://waytochurch.com/lyrics/song/5825
5826,e roju krotha velugu mana jeevithalalo aavelugu,ఈరోజు క్రొత్త వెలుగు,none,448,0,0,0,,missing,https://waytochurch.com/lyrics/song/5826
5827,o chakkani chukka nimgina merise,ఓఓ చక్కనిచుక్క నింగిన మెరిసే,none,449,0,0,0,,missing,https://waytochurch.com/lyrics/song/5827
5828,sheethakalamlo christmas kanthulatho,శీతాకాలంలో క్రిస్ట్మస్ కాంతులతో ఓహోఓహోఓహోఓహో ॥॥,full,643,549,2,2,Rev  John Sandeep (jananna),missing,https://waytochurch.com/lyrics/song/5828
5829,yesu namam annitikanna srestamaina namam,యేసు నామం అన్నిటికన్న,none,542,0,0,0,,missing,https://waytochurch.com/lyrics/song/5829
5830,క్రిస్ట్మస్ వచ్చిందీ సంతోషం తెచ్చిందీ హ్యపీ క్రిస్ట్మస్ మెర్రీ క్రిస్ట్మస్ హ్యపీ క్రిస్ట్మస్ ॥॥,క్రిస్ట్మస్ వచ్చిందీ సంతోషం తెచ్చిందీ హ్యపీ క్రిస్ట్మస్ మెర్రీ క్రిస్ట్మస్ హ్యపీ క్రిస్ట్మస్ ॥॥,none,542,0,0,0,,missing,https://waytochurch.com/lyrics/song/5830
5831,నా ప్రాణమా సన్నుతించుమా,నా ప్రాణమా సన్నుతించుమా,none,412,0,0,0,,in_library_exact,https://waytochurch.com/lyrics/song/5831
5832,mahonnayhda ma dheva sahayakuda yehova,మహోన్నతుడా మా దేవా,none,474,0,0,0,,in_library_exact,https://waytochurch.com/lyrics/song/5832
5833,athyunnatha simhasanamupai hosanna,అత్యున్నత సింహాసనముపై ఆసీనుడా,full,612,770,0,0,Bro  Yesanna,in_library_exact,https://waytochurch.com/lyrics/song/5833
5834,ఈ దినం శుభ దినం,ఈ దినం శుభ దినం,none,432,0,0,0,,missing,https://waytochurch.com/lyrics/song/5834
5835,ప్రకటించరా ప్రభుయేసు వార్తను,ప్రకటించరా ప్రభుయేసు వార్తను,none,694,0,0,0,,missing,https://waytochurch.com/lyrics/song/5835
5836,nanu srujienchina aadhevudu yekkada vunnado,నన్ను సృజియించిన ఆదేవుడు,none,496,0,0,0,,missing,https://waytochurch.com/lyrics/song/5836
5837,amen halleluya,ఆమెన్ హల్లెలుయా – యేసు క్రీస్తు కల్లెలుయా,none,377,0,0,0,,missing,https://waytochurch.com/lyrics/song/5837
5838,puttinaroju sri yesuraju,పుట్టినరోజు శ్రీ యేసురాజు,none,616,0,0,0,,missing,https://waytochurch.com/lyrics/song/5838
5839,bala yesuku jolalu paada,బాల యేసుకు జోలలు పాడ ఈ వేళ – పరలోక సైన్యముల్ పాటలు పాడెన్ ఆ వేళ,none,592,0,0,0,,missing,https://waytochurch.com/lyrics/song/5839
5840,మనుజులార మంచి వార్త – మానుగాను దెచ్చినాడ,మనుజులార మంచి వార్త – మానుగాను దెచ్చినాడ,none,490,0,0,0,,missing,https://waytochurch.com/lyrics/song/5840
5841,యెహోవా పరమ పురవాసి – మహాత్ముడయ్యె పరదేశి,యెహోవా పరమ పురవాసి – మహాత్ముడయ్యె పరదేశి,none,381,0,0,0,,missing,https://waytochurch.com/lyrics/song/5841
5842,లెండి లెండి మీరు క్రైస్తవులారా దండియౌ ప్రభుండు బుట్టె,లెండి లెండి మీరు క్రైస్తవులారా దండియౌ ప్రభుండు బుట్టె,none,441,0,0,0,,missing,https://waytochurch.com/lyrics/song/5842
5843,లాలి లాలి లాలమ్మ లాలి లాలనుచు బాడరే బాల యేసునకు || లాలి ||,లాలి లాలి లాలమ్మ లాలి లాలనుచు బాడరే బాల యేసునకు || లాలి ||,none,415,0,0,0,,missing,https://waytochurch.com/lyrics/song/5843
5844,శ్రీ యేసు పుట్టె జగమందు సమస్త పాపులకు విందు,శ్రీ యేసు పుట్టె జగమందు సమస్త పాపులకు విందు,none,608,0,5,0,,missing,https://waytochurch.com/lyrics/song/5844
5845,శ్రీ యేసుండు జన్మించె నిశీధ రాత్రియందు బెత్లెహేము యూరిలో,శ్రీ యేసుండు జన్మించె నిశీధ రాత్రియందు బెత్లెహేము యూరిలో,none,302,0,1,0,,missing,https://waytochurch.com/lyrics/song/5845
5846,ఘనదేవ పుత్రుడగు ఘనమైన యేసుబిడ్డన్,ఘనదేవ పుత్రుడగు ఘనమైన యేసుబిడ్డన్,none,595,0,2,0,,missing,https://waytochurch.com/lyrics/song/5846
5847,యూదా రాజ సింహం తిరిగి లేచెను,యూదా రాజ సింహం తిరిగి లేచెను,none,634,0,0,0,,in_library_exact,https://waytochurch.com/lyrics/song/5847
5848,aakasaana sukkaelise,అకసాన సుక్కఎలిసె – అర్ధరాత్రి పొద్దుపొడిసె,none,675,0,2,0,madhu sudhakar babu,missing,https://waytochurch.com/lyrics/song/5848
5849,aaraadhana aaraadhana atmatho aaraadhana,ఆరాధన ఆరాధన ఆత్మతో ఆరాధన,none,281,0,1,0,,in_library_exact,https://waytochurch.com/lyrics/song/5849
5850,ధింతక్కు ధింతక్కు ధింతక్కు తయ్యారె,ధింతక్కు ధింతక్కు ధింతక్కు తయ్యారె,none,286,0,0,0,,missing,https://waytochurch.com/lyrics/song/5850
5851,డింగ్ డింగ్ డింగ్ ఎద్దుల బండి,డింగ్ డింగ్ డింగ్ ఎద్దుల బండి,none,226,0,0,0,,missing,https://waytochurch.com/lyrics/song/5851
5852,చిన్ని చిన్ని తమ్ముడు చిట్టి చెల్లెలు,చిన్ని చిన్ని తమ్ముడు చిట్టి చెల్లెలు,none,257,0,2,0,,missing,https://waytochurch.com/lyrics/song/5852
5853,Velisindi gaganaana O vintha thaara,వెలిసింది గగనాన ఓ వింత తార,full,533,644,0,0,Bishop Daniel Kalyanapu,missing,https://waytochurch.com/lyrics/song/5853
5854,chinni manasutho ninnu,చిన్ని మనసుతో నిన్ను ఆరాధింతును – చిన్ని బిడ్డనేసయ్యా స్వీకరించుము,none,559,0,0,0,,in_library_exact,https://waytochurch.com/lyrics/song/5854
5855,ఛుక్ ఛుక్ బండి రైలు బండి,ఛుక్ ఛుక్ బండి రైలు బండి,none,317,0,0,0,,missing,https://waytochurch.com/lyrics/song/5855
5856,hosanna hosanna mahonnatudu,హోసన్నా హోసన్నా హోసన్నా మహోన్నతుడు,none,195,0,0,0,,in_library_exact,https://waytochurch.com/lyrics/song/5856
5857,ఇదే దినం ఇదేదినం –,ఇదే దినం ఇదేదినం –,none,242,0,0,0,This is the day that the Lord has mad,missing,https://waytochurch.com/lyrics/song/5857
5858,idu rottelu rendu chinni chepalu,ఐదు రొట్టెలు రెండు చిన్ని చేపలు – ఐదు వేల పీపుల్స్ కి పంచిపెట్టారు,none,273,0,0,0,,missing,https://waytochurch.com/lyrics/song/5858
5859,కట్టబడ్డ గాడిద పిల్లనునేను,కట్టబడ్డ గాడిద పిల్లనునేను,partial,295,357,1,0,Dr  A R Stevenson,missing,https://waytochurch.com/lyrics/song/5859
5860,keertintunu aaraadhintunu,కీర్తింతును ఆరాధింతున్ లాలల లాలల లాలల లలల,none,187,0,0,0,,missing,https://waytochurch.com/lyrics/song/5860
5861,mana tandri devudu,మనతండ్రి – మన తండ్రి దేవుడు – అన్ని ఇచ్చిన దేవుడు,none,286,0,4,0,,missing,https://waytochurch.com/lyrics/song/5861
5862,ముద్దులోలికే చిన్ని నోటితో – మృదువైన పెదవులతో,ముద్దులోలికే చిన్ని నోటితో – మృదువైన పెదవులతో,none,395,0,1,0,,missing,https://waytochurch.com/lyrics/song/5862
5863,naakai yesu kattenu sundharamu,నాకై యేసు కట్టెను సుందరము బంగారిల్లు,none,275,0,2,0,,missing,https://waytochurch.com/lyrics/song/5863
5864,naakoka snehitudunnadu,నాకొక స్నేహితుడున్నాడు – నేనున్నాను భయపడకన్నాడు,full,292,345,0,0,Dr A R Stevenson,missing,https://waytochurch.com/lyrics/song/5864
5865,నా తల్లి కంటెను నా తండ్రి కంటెను,నా తల్లి కంటెను నా తండ్రి కంటెను,none,196,0,0,0,,missing,https://waytochurch.com/lyrics/song/5865
5866,నీ విశ్వాస నావలో యేసు వున్నాడా ఆయన కూర్చున్న నావలో నీవు వున్నావ,నీ విశ్వాస నావలో యేసు వున్నాడా ఆయన కూర్చున్న నావలో నీవు వున్నావ,none,311,0,0,0,,missing,https://waytochurch.com/lyrics/song/5866
5867,నేను లోపల భయట పైన క్రింద ఎప్పుడు సంతొషమ్,నేను లోపల భయట పైన క్రింద ఎప్పుడు సంతొషమ్,full,116,147,0,0,,missing,https://waytochurch.com/lyrics/song/5867
5868,నోవహు వోడను త్వరగ చేయుము,నోవహు వోడను త్వరగ చేయుము,none,342,0,0,0,,missing,https://waytochurch.com/lyrics/song/5868
5869,యేసుని ప్రేమ బహు కమ్మనైనది – జీవాహారం మధురాతి మధురమే,యేసుని ప్రేమ బహు కమ్మనైనది – జీవాహారం మధురాతి మధురమే,none,230,0,1,0,,missing,https://waytochurch.com/lyrics/song/5869
5870,ఎవ్వరు చేసిరి పక్షులను పక్షులను,ఎవ్వరు చేసిరి పక్షులను పక్షులను,none,215,0,0,0,,missing,https://waytochurch.com/lyrics/song/5870
5871,చెవులు ఉన్నాయా వినే చెవులు ఉన్నాయా,చెవులు ఉన్నాయా వినే చెవులు ఉన్నాయా,none,875,0,0,0,,in_library_exact,https://waytochurch.com/lyrics/song/5871
5872,స్తుతులనందుకో స్తుతికి పాత్రుడా,స్తుతులనందుకో స్తుతికి పాత్రుడా,none,334,0,0,0,,missing,https://waytochurch.com/lyrics/song/5872
5873,స్తోత్రముల్ స్తుతి స్తోత్రముల్ వేలాది వందనాలు,స్తోత్రముల్ స్తుతి స్తోత్రముల్ వేలాది వందనాలు,none,410,0,0,0,,missing,https://waytochurch.com/lyrics/song/5873
5874,sthothrabhali sthrothrabhali,స్తోత్రబలి స్తోత్రబలీ మంచి దేవ నీకేనయ్యా,none,579,0,0,0,,in_library_exact,https://waytochurch.com/lyrics/song/5874
5875,స్వస్థపరచు యెహోవానీవే నీరక్తంతో మమ్ము కడుగు యేసయ్యా,స్వస్థపరచు యెహోవానీవే నీరక్తంతో మమ్ము కడుగు యేసయ్యా,none,342,0,0,0,,missing,https://waytochurch.com/lyrics/song/5875
5876,loyelella poodchabadali,లోయలెల్లా పూట్చబడాలి కొండలుకోనలు కదలిపోవాలి,none,739,0,4,0,,missing,https://waytochurch.com/lyrics/song/5876
5877,వెదకుడి వెదకుడి యెహోవాను వెదకుడి,వెదకుడి వెదకుడి యెహోవాను వెదకుడి,none,665,0,0,0,,missing,https://waytochurch.com/lyrics/song/5877
5878,వచ్చుచుండెన్ త్వరలోనే రాజుల రాజుగా యేసయ్యా,వచ్చుచుండెన్ త్వరలోనే రాజుల రాజుగా యేసయ్యా,none,484,0,0,0,,missing,https://waytochurch.com/lyrics/song/5878
5879,విజయం నీ రక్తంలో అభయం నీ హస్తంలో,విజయం నీ రక్తంలో అభయం నీ హస్తంలో,none,275,0,2,0,,missing,https://waytochurch.com/lyrics/song/5879
5880,saswethaa prematho nannu preminchavaiah,శాశ్వత ప్రేమతో నన్ను ప్రేమించావయ్యా,none,397,0,0,0,D Arul Raj,in_library_exact,https://waytochurch.com/lyrics/song/5880
5881,శుభవేళలో నీ మోమును చూసి అర్పించెదను నన్నూ,శుభవేళలో నీ మోమును చూసి అర్పించెదను నన్నూ,none,470,0,0,0,,missing,https://waytochurch.com/lyrics/song/5881
5882,శ్రమలందు నీవు నలిగే సమయమున ప్రభు నీకు తోడుండుననీ,శ్రమలందు నీవు నలిగే సమయమున ప్రభు నీకు తోడుండుననీ,none,327,0,0,0,,in_library_exact,https://waytochurch.com/lyrics/song/5882
5883,శిలువాయే నాప్రాణ ధనము కలలోన మరువంగలేను,శిలువాయే నాప్రాణ ధనము కలలోన మరువంగలేను,none,304,0,0,0,,missing,https://waytochurch.com/lyrics/song/5883
5884,sri yesu raajunake,శ్రీ యేసు రాజునకే ఎల్లప్పుడు మహిమా,none,346,0,0,0,,missing,https://waytochurch.com/lyrics/song/5884
5885,సర్వశక్తుడు నా సొంతమయ్యెను మృత్యుంజయుడు నా జీవమయ్యెను,సర్వశక్తుడు నా సొంతమయ్యెను మృత్యుంజయుడు నా జీవమయ్యెను,none,407,0,0,0,,missing,https://waytochurch.com/lyrics/song/5885
5886,స్తుతించిన సాతాన్ పారిపోతాడు కునికితే తిరిగి వస్తాడు,స్తుతించిన సాతాన్ పారిపోతాడు కునికితే తిరిగి వస్తాడు,none,516,0,0,0,,missing,https://waytochurch.com/lyrics/song/5886
5887,స్తుతి పాడనా నేను ననుకాచె యేసయ్యకు,స్తుతి పాడనా నేను ననుకాచె యేసయ్యకు,none,364,0,1,0,,in_library_prefix,https://waytochurch.com/lyrics/song/5887
5888,yesunu sthuthiyinchuvaaru nithyajeevamu pondhedharu,యేసును స్తుతియించు వారు నిత్యజీవము నొందెదరు,none,478,0,1,0,,missing,https://waytochurch.com/lyrics/song/5888
5889,yesu andhariki prabhuvu,యేసు అందరికి ప్రభువు యేసే లోకరక్షకుడు,none,521,0,1,0,,missing,https://waytochurch.com/lyrics/song/5889
5890,యేసు నీవు నన్ను ప్రేమిస్తున్నావు నీదు ప్రేమను నేను పొందుచున్నాను,యేసు నీవు నన్ను ప్రేమిస్తున్నావు నీదు ప్రేమను నేను పొందుచున్నాను,none,656,0,0,0,,missing,https://waytochurch.com/lyrics/song/5890
5891,yesaiah naa hrudhayabilaasha neeve naiah,యేసయ్యా నా హృదయాభిలాష నీవేనయ్యా,partial,406,488,2,0,,in_library_exact,https://waytochurch.com/lyrics/song/5891
5892,yehovaa naaku velugaye,యెహోవా నాకు వెలుగాయే యెహోవానాకు రక్షణయే,partial,417,489,3,0,,in_library_exact,https://waytochurch.com/lyrics/song/5892
5893,yehova naa kaapari naakemi lemi kalugadhu,యెహోవా నా కాపరి నాకేమి లేమి కలుగదు,none,325,0,0,0,,missing,https://waytochurch.com/lyrics/song/5893
5894,yehova ninnu poliyunna varevaru,యెహోవా నిన్ను పోలియున్న వారెవ్వరు,none,329,0,0,0,,missing,https://waytochurch.com/lyrics/song/5894
5895,yehova ninnu sthuthiyinchuta yentho yentho manchidhi,యెహోవాను స్తుతించుట యెంతో యెంతో మంచిది,none,403,0,0,0,,missing,https://waytochurch.com/lyrics/song/5895
5896,రాలి పోదువో నీవు కూలిపోదువో,రాలి పోదువో నీవు కూలిపోదువో,none,601,0,0,0,,missing,https://waytochurch.com/lyrics/song/5896
5897,raaja nee prasannam,రాజా నీ ప్రసన్నం చాలునయ్యా,none,323,0,1,0,,missing,https://waytochurch.com/lyrics/song/5897
5898,manchi kaapari maa prabhuvu,మంచి కాపరి మాప్రభు యేసే,none,463,0,0,0,,missing,https://waytochurch.com/lyrics/song/5898
5899,manchigaa pilachina naa yesaiah,మంచిగా పిలచినా నా యేసయ్యా,none,467,0,0,0,,missing,https://waytochurch.com/lyrics/song/5899
5900,మంచి దేవుడు భలే మంచి దేవుడు,మంచి దేవుడు భలే మంచి దేవుడు,none,585,0,1,0,,missing,https://waytochurch.com/lyrics/song/5900
5901,madhuram madhuram dhiva vaakyam,మధురం మధురం దైవ వాక్యం,none,477,0,0,0,,missing,https://waytochurch.com/lyrics/song/5901
5902,madhuramina ee samayamuna,మధురమైన ఈ సమయాన ప్రభుని పాట పాడెద,none,355,0,0,0,,missing,https://waytochurch.com/lyrics/song/5902
5903,maarani devhudavu neevenaiah,మారని దేవుడవు నీవేనయ్యా మరుగై ఉండలేదు నీకు యేసయ్యా,none,444,0,0,0,,in_library_exact,https://waytochurch.com/lyrics/song/5903
5904,maayalokam maayalokam maaripoku,మాయాలోకం మాయాలోకం,none,375,0,0,0,,missing,https://waytochurch.com/lyrics/song/5904
5905,nee krupa lenicho vaka kshanamyna,నీ కృప లేనిచో ఒక క్షణమైనను నే నిలువ జాలనో ప్రభు,full,404,516,0,0,,in_library_exact,https://waytochurch.com/lyrics/song/5905
5906,naa thoduga vunnavaadave,నాతోడుగా ఉన్నవాడవే నాచేయి పట్టి నడుపు వాడవే,none,607,0,2,0,,in_library_exact,https://waytochurch.com/lyrics/song/5906
5907,naa praana priyuda naa yesu raaja naa yelinavaada,నాప్రాణ ప్రియుడా నాయేసు రాజా,none,498,0,0,0,,in_library_exact,https://waytochurch.com/lyrics/song/5907
5908,nee premalenidhe ne brathukalenaiah,నీ ప్రేమలేనిదే నే బ్రతుకలేనయ్యా,none,549,0,1,0,,missing,https://waytochurch.com/lyrics/song/5908
5909,paralokame naa anthapuram,పరాలోకమే నా అంతపురం చేరాలనే నా తాపత్రయం,none,446,0,0,0,,in_library_exact,https://waytochurch.com/lyrics/song/5909
5910,paapini yesu prabho,పాపిని యేసు ప్రభో నే పాపిని యేసు ప్రభో,none,326,0,0,0,,missing,https://waytochurch.com/lyrics/song/5910
5911,paavurama sangamupai,పావురమా సంఘముపై వ్రాలుమిదే జ్వాలలుగా,none,289,0,0,0,,in_library_exact,https://waytochurch.com/lyrics/song/5911
5913,prabhuyesu ninnu piluvaga,ప్రభు యేసు నిను పిలువగా నీవు పరుగిడెదవా నిలువక,none,431,0,1,0,,missing,https://waytochurch.com/lyrics/song/5913
5914,naa thalampanthaa neeve yesaiah,నా తలంపంతా నీవే యేసయ్యా నే కోరెదంతా నీతోడెకదయ్యా,none,359,0,2,0,,missing,https://waytochurch.com/lyrics/song/5914
5915,kalyaana veduka,కళ్యాణ వేడుక – రమణీయ గీతిక,none,520,0,1,0,Dr A R Stevenson,missing,https://waytochurch.com/lyrics/song/5915
5916,ముద్ద బంతి పూసెనె – కొయిలమ్మ కూసెనె,ముద్ద బంతి పూసెనె – కొయిలమ్మ కూసెనె,full,451,516,0,0,Dr A R stevenson,missing,https://waytochurch.com/lyrics/song/5916
5917,o sodara anduko,ఓ సోదరా అందుకో ఈ స్వాగత కుసుమాంజలి,none,763,0,1,0,Dr A R Stevenson,missing,https://waytochurch.com/lyrics/song/5917
5918,teepi aashala mandaaraalu,తీపి ఆశల మందారాలు విరబూసిన ఈ వేళ,none,453,0,1,0,Dr A R Stevenson,missing,https://waytochurch.com/lyrics/song/5918
5919,Yehova Kattina Illu idi,యెహోవ కట్టిన ఇల్లు ఇది – మహోన్నతుడు నిర్మించినది,none,347,0,0,0,Dr A R stevenson,missing,https://waytochurch.com/lyrics/song/5919
5920,virisina hrudayaalaku,విరిసిన హృదయాలకు కలిసెను బంధం కనుసైగలు చేయుచు ముచ్చటించెను,full,452,559,0,0,,in_library_exact,https://waytochurch.com/lyrics/song/5920
5921,vachhindi vachhindi,వచ్చింది వచ్చింది మధురమైన సమయం,none,467,0,0,0,,missing,https://waytochurch.com/lyrics/song/5921
5922,ee jeevitham viluvainadi,ఈ జీవితం విలువైనది నరులార రండని సెలవైనది,full,480,693,0,0,,in_library_exact,https://waytochurch.com/lyrics/song/5922
5923,parugethedaa parugethedaa,పరుగెత్తెదా పరుగెత్తెదా,none,419,0,0,0,,in_library_exact,https://waytochurch.com/lyrics/song/5923
5924,manche leni na paina entho prema,మంచే లేని నా పైనా ఏంతో ప్రేమ చూపావు,none,372,0,1,0,,missing,https://waytochurch.com/lyrics/song/5924
5925,athikaankshaniyyuda naa yesayyaa,అతికాంక్షణీయుడా నా యేసయ్యా,none,684,0,0,0,,missing,https://waytochurch.com/lyrics/song/5925
5926,yesu premane chupiddam,యేసు ప్రేమనే చూపిద్దాం యేసు లాగనే జీవిద్దాం,none,540,0,0,0,,missing,https://waytochurch.com/lyrics/song/5926
5927,yesayya o yesayya,యేసయ్యా ఓ యేసయ్యా ఆరాధ్యుడా నా పూజ్యనీయుడా,none,504,0,0,0,,missing,https://waytochurch.com/lyrics/song/5927
5928,yesayya ninnu chudalani,యేసయ్య నిను చూడాలని యేసయ్య నిను చేరాలని,none,426,0,0,0,,missing,https://waytochurch.com/lyrics/song/5928
5929,yesayya nee bhavalu,యేసయ్యానీ భావాలు ఆ యెదలోనే నిండాలి,none,316,0,0,0,,missing,https://waytochurch.com/lyrics/song/5929
5930,yehovanu sannutinchedam,యెహెూవాను సన్నుతించెదన్ ఆయనను కీర్తించెదను,none,731,0,0,0,,in_library_exact,https://waytochurch.com/lyrics/song/5930
5931,yehovahye na balamu,యెహెూవాయే నా బలము యెహెూవాయే నా శైలము,full,425,579,0,0,,in_library_exact,https://waytochurch.com/lyrics/song/5931
5932,యెహెూవా నను కరుణించుమూ,యెహెూవా నను కరుణించుమూ,none,467,0,0,0,,in_library_exact,https://waytochurch.com/lyrics/song/5932
5933,vunnavaadavu ani anuvaadavu,ఉన్నవాడవు అని అనువాడవు,none,445,0,0,0,,missing,https://waytochurch.com/lyrics/song/5933
5934,verucheyajaluna,వేరు చేయజాలునా దూరపరచ జాలునా,none,562,0,0,0,,missing,https://waytochurch.com/lyrics/song/5934
5935,teliyaka vaaru,తెలియక వారు సిలువ వేశారు,none,630,0,0,0,,missing,https://waytochurch.com/lyrics/song/5935
5936,talachukunte chalunu,తలుచుకుంటె చాలును ఓ యేసు నీ ప్రేమ,none,540,0,0,0,,missing,https://waytochurch.com/lyrics/song/5936
5937,taara velisindhi,తార వెలిసింది ఆ నింగిలో ధరణి మురిసింది,none,489,0,0,0,,in_library_exact,https://waytochurch.com/lyrics/song/5937
5938,sthutiyinchedam keertinchedam,స్తుతియించెదం కీర్తించెదం స్తుతి పాడెదం కొనియాడెదం,none,440,0,0,0,,missing,https://waytochurch.com/lyrics/song/5938
5939,sthiti neeke yesu raaja,స్తుతి నీకే యేసు రాజా మహిమ నీకే యేసు రాజా,none,619,0,0,0,,in_library_exact,https://waytochurch.com/lyrics/song/5939
5940,snehithuda na hithuda,స్నేహితుడా నా హితుడా,full,339,500,0,0,,in_library_exact,https://waytochurch.com/lyrics/song/5940
5941,sainyamulaku adhipatiyagu devaa,సైన్యములకు అధిపతియగు దేవా నీకే స్తోత్రమయ్యా,none,583,0,0,0,,missing,https://waytochurch.com/lyrics/song/5941
5942,sara sarpamura,సారా సర్పమురా అది కాటు వేయక తప్పదురా,none,522,0,0,0,,missing,https://waytochurch.com/lyrics/song/5942
5943,rajulaku rajanta,రాజులకు రాజంట ప్రభువులకు ప్రభువంట,none,504,0,0,0,,missing,https://waytochurch.com/lyrics/song/5943
5944,rajula rajuvayya neeve,రాజుల రాజువయ్యా నీవే మా రాజువయ్యా,none,644,0,0,0,,missing,https://waytochurch.com/lyrics/song/5944
5945,prema ane mayalo,ప్రేమా అనే మాయలో చిక్కుకున్న సోదరీ సోదరా,none,505,0,0,0,,in_library_prefix,https://waytochurch.com/lyrics/song/5945
5946,prabhuva ninu keerthinchutaku,ప్రభువా నిను కీర్తించుటకు వేనోళ్ళ చాలునా,none,523,0,0,0,,missing,https://waytochurch.com/lyrics/song/5946
5947,prabhuva na prardhana,ప్రభువా నా ప్రార్ధన ఆలకించుమా,none,430,0,0,0,,missing,https://waytochurch.com/lyrics/song/5947
5948,prabhuva ani pradhisthe,ప్రభువా అని ప్రార్ధిస్తే చాలునా,none,531,0,0,0,,missing,https://waytochurch.com/lyrics/song/5948
5949,paralokamunu chudaliro,పరలోకమును చూడాలిరో,none,430,0,0,0,,missing,https://waytochurch.com/lyrics/song/5949
5950,okka korika nannu korani,ఒక్క కోరిక నన్ను కోరనీ ఒక్క వరమే నన్ను అడగనీ,none,311,0,0,0,,missing,https://waytochurch.com/lyrics/song/5950
5951,ninnu vidichi poledu,నిన్ను విడచి పోలేడు నిన్ను మరచి పోలేడు,none,458,0,0,0,,missing,https://waytochurch.com/lyrics/song/5951
5952,nee mandirame,నీ మందిరమే మాకు ఆశ్రయం నీ సన్నిధియే మాకు ఆధారము,none,491,0,0,0,,missing,https://waytochurch.com/lyrics/song/5952
5953,nee chittamu naalo,నీ చిత్తము నాలో జరిగించుమో దేవా,none,353,0,0,0,,missing,https://waytochurch.com/lyrics/song/5953
5954,నీవు చేసిన త్యాగాన్ని చాటిచెప్పే భాగ్యాన్ని,నీవు చేసిన త్యాగాన్ని చాటిచెప్పే భాగ్యాన్ని,full,461,561,0,0,,in_library_contained,https://waytochurch.com/lyrics/song/5954
5955,neeve maa thandrivi,నీవే మా తండ్రివి నీవే మా తల్లివి,none,264,0,0,0,,missing,https://waytochurch.com/lyrics/song/5955
5956,nannu kaadanavani,నన్ను కాదనవని నను కాదనలేవని,none,319,0,0,0,,in_library_exact,https://waytochurch.com/lyrics/song/5956
5957,nammakura nammakura,నమ్మకురా నమ్మకురా ఈ లోకం నమ్మకురా,none,490,0,0,0,,in_library_exact,https://waytochurch.com/lyrics/song/5957
5958,nalugakunda godhumalu,నలుగకుండ గోధుమలు కడుపు నింపగలుగునా,full,386,614,0,0,,in_library_exact,https://waytochurch.com/lyrics/song/5958
5959,naa vedanalo aavedanalo,నా వేదనలో ఆవేదనలో,none,413,0,0,0,,missing,https://waytochurch.com/lyrics/song/5959
5960,మన్నించుమా మన్నించుమా,మన్నించుమా మన్నించుమా,none,464,0,0,0,,missing,https://waytochurch.com/lyrics/song/5960
5961,mahonnathuda ni naamamune,మహెూన్నతుడా నీ నామమనే కీర్తించుటయే ఉత్తమము,none,419,0,0,0,,missing,https://waytochurch.com/lyrics/song/5961
5962,kavali kavali naa yesuku sontham,కావాలి కావాలి నా యేసుకు సొంతం కావాలి,none,612,0,0,0,,missing,https://waytochurch.com/lyrics/song/5962
5963,idi nyayama idi dharmama,ఇది న్యాయమా ఇది ధర్మమా,none,358,0,0,0,,missing,https://waytochurch.com/lyrics/song/5963
5964,guruthu chesuko o priyuda,గురుతు చేసుకో ఓ ప్రియుడా,none,473,0,0,0,,missing,https://waytochurch.com/lyrics/song/5964
5965,dinamulu cheddaviga,దినములు చెడ్డవిగా అజ్ఞానము విడిచెదవా,none,412,0,0,0,,missing,https://waytochurch.com/lyrics/song/5965
5966,daagunnava neevu dagunnava,దాగున్నావా నీవు దాగున్నావా సంఘాన్ని చెడిపేవాడా,none,450,0,0,0,,missing,https://waytochurch.com/lyrics/song/5966
5967,deva nee krupatho nannu karuninchuma,దేవా నీ కృపతో నన్ను కరుణించుమా,none,354,0,0,0,,missing,https://waytochurch.com/lyrics/song/5967
5968,bariyinchalenayya nee mounamu,భరియించలేనయ్యా నీ మౌనము,none,435,0,0,0,,missing,https://waytochurch.com/lyrics/song/5968
5969,apathkalamandu yehovah,అపత్కాలమందు యెహెూవా నీకు ఉత్తరమిచ్చును,none,398,0,0,0,,missing,https://waytochurch.com/lyrics/song/5969
5970,aardhya daivama na prana,ఆరాధ్య దైవమా నా ప్రాణ దుర్గమా,none,549,0,0,0,,missing,https://waytochurch.com/lyrics/song/5970
5971,aaradinthu aaradinthu yesayya,ఆరాధింతు ఆరాధింతు యేసయ్య నామం అన్నింట ఘన నామం,none,526,0,0,0,,missing,https://waytochurch.com/lyrics/song/5971
5972,stothramu stothramu rakshana stothramu,స్తోత్రము స్తోత్రము రక్షణస్తోత్రము స్తోత్రము,none,460,0,1,0,,missing,https://waytochurch.com/lyrics/song/5972
5973,aascharyamaina prema,ఆశ్చర్యమైన ప్రేమ కల్వరిలోని ప్రేమ,none,464,0,0,0,,in_library_exact,https://waytochurch.com/lyrics/song/5973
5974,raajula raajaa raanaiyunnavaadaa,రాజుల రాజా రానైయున్నవాడా,full,420,513,0,0,,in_library_exact,https://waytochurch.com/lyrics/song/5974
5975,evaritho nee jeevitham endaaka nee payanam,ఎవరితో నీ జీవితం – ఎందాక నీ పయనం,full,369,465,0,0,,in_library_exact,https://waytochurch.com/lyrics/song/5975
5976,nee needalona nee jaadalona,నీ నీడలోన నీ జాడలోన,full,610,760,0,0,,in_library_exact,https://waytochurch.com/lyrics/song/5976
5977,nee krupa leni kshanamu nee daya leni kshanamu,నీ కృప లేని క్షణము,full,532,597,0,0,,missing,https://waytochurch.com/lyrics/song/5977
5978,naa kalavaramulanni kanumarugu chesinaavu,నా కలవరములన్ని కనుమరుగు చేసినావు,full,731,883,0,0,,in_library_exact,https://waytochurch.com/lyrics/song/5978
5979,aa halleluyaa,ఆ హల్లెలుయా … ఆ హల్లెలుయా …,none,244,0,0,0,,missing,https://waytochurch.com/lyrics/song/5979
5981,aaraadhanaku yogyudaa,ఆరాధనకు యోగ్యుడా నిత్యము స్తుతియించెదము,partial,399,742,2,0,,in_library_fuzzy,https://waytochurch.com/lyrics/song/5981
5982,aaraadhna naa yesuke,ఆరాధన నా యేసుకే – నా జీవితమ్ నీకంకితమ్,full,224,277,0,0,,missing,https://waytochurch.com/lyrics/song/5982
5983,aakaasha vaasulaara yehovanu stutiyinchudi,ఆకాశ వాసులార యేహొవాను స్తుతీయించుడి,full,288,368,0,0,,in_library_exact,https://waytochurch.com/lyrics/song/5983
5984,adhaaram neevenayyaa,ఆధారం నీవేనయ్యా ఆధారం నీవేనయ్యా,none,434,0,2,0,,missing,https://waytochurch.com/lyrics/song/5984
5985,ambara veedhilo sambaram gaanchiri,అంబర వీధిలో – సంబరం గాంచిరి,none,316,0,0,0,,missing,https://waytochurch.com/lyrics/song/5985
5986,anandame paramaanandame,ఆనందమే పరమానందమే యేసయ్య సన్నిధిలో,none,895,0,0,0,,missing,https://waytochurch.com/lyrics/song/5986
5987,anchulanundi jaarela,అంచులనుండి జారేల – గిన్నెలు నిండి పోర్లేలా,none,519,0,0,0,Dr A R stevenson,missing,https://waytochurch.com/lyrics/song/5987
5988,andaru nannu vidachina,అందరు నన్ను విడచినా – నీవునన్ను విడువనంటివే,none,454,0,3,0,,in_library_exact,https://waytochurch.com/lyrics/song/5988
5989,anni naamamula kanna pai naamau,అన్ని నామముల కన్న పై నామము – యేసుని నామము,none,538,0,0,0,,in_library_exact,https://waytochurch.com/lyrics/song/5989
5990,atyunnatamainadi yesu naamam,అత్యున్నతమైనది యేసునామం – యేసునామం కోరస్,none,592,0,0,0,Samuel Finny Pachigalla,in_library_prefix,https://waytochurch.com/lyrics/song/5990
5991,bedham emi ledu,బేధం ఏమి లేదు – అందరును పాపం చేసియున్నారు,none,692,0,0,0,Dr  John Wesley,in_library_exact,https://waytochurch.com/lyrics/song/5991
5992,deva nee aavaranam maakento sreyaskaram,దేవా నీ ఆవరణం మాకెంతో శ్రేయస్కరం,none,607,0,0,0,,in_library_exact,https://waytochurch.com/lyrics/song/5992
5993,gaadaandhakaaramulo nenu tiriginanu o,గాడాధకారములొ – నేను తిరిగినను,none,363,0,0,0,,missing,https://waytochurch.com/lyrics/song/5993
5994,halleluya halleluya stotramul,హల్లెలూయ హల్లెలూయ స్తోత్రముల్,none,324,0,3,0,,in_library_exact,https://waytochurch.com/lyrics/song/5994
5995,hosanna paadudam yesu daasulara,హోసన్నా పాడుదాం యేసు దాసులరా,full,542,657,5,5,,missing,https://waytochurch.com/lyrics/song/5995
5996,hrudini marchu deva,హృదిని మార్చు దేవా – యధార్ధమైనదిగా,none,293,0,0,0,,missing,https://waytochurch.com/lyrics/song/5996
5997,nee prema bahu goppadhi yesaiah,నీ ప్రేమ బహు గొప్పది యేసయ్య,full,459,560,0,0,Rev  G Samuel,missing,https://waytochurch.com/lyrics/song/5997
5998,sthothraalu chellinthumu sthuthiki paathruda,స్తొత్రాలు చెల్లింతుము స్తుతికి పాత్రుడా,full,530,661,3,3,Rev  G Samuel,missing,https://waytochurch.com/lyrics/song/5998
6000,ee loka yaathraalo ne saaguchunda,ఈ లోక యాత్రాలో నే సాగుచుండ,full,503,597,0,0,,in_library_exact,https://waytochurch.com/lyrics/song/6000
6001,peda naruni roopamu dharinchi,పేద నరుని రూపము ధరించి,full,541,642,0,0,,in_library_exact,https://waytochurch.com/lyrics/song/6001
6002,yesu prabhuni sthuthinchuta,యేసూ ప్రభుని స్తుతించుట,full,370,441,0,0,,in_library_exact,https://waytochurch.com/lyrics/song/6002
6003,aa dari chere daare kanaraadu,ఆ దరి చేరే దారే కనరాదు,full,483,587,0,0,,in_library_exact,https://waytochurch.com/lyrics/song/6003
6004,naa priya desham,నా ప్రియ దేశం భారత దేశం,full,716,819,0,0,,in_library_exact,https://waytochurch.com/lyrics/song/6004
6005,nammakamaina devudavaina,నమ్మకమైన దేవుడవైన నీవే చాలు యేసయ్యా,full,437,536,0,0,,in_library_exact,https://waytochurch.com/lyrics/song/6005
6006,naa yesayyaa naa sthuthiyaagamu,నా యేసయ్యా నా స్తుతియాగము,full,541,679,0,0,Bro  Yesanna,in_library_exact,https://waytochurch.com/lyrics/song/6006
6007,elaa maruvagalanayyaa nee premanu,ఎలా మరువగలనయ్యా నీ ప్రేమను,full,531,635,0,0,,in_library_exact,https://waytochurch.com/lyrics/song/6007
6008,naa devuni krupavalana,నా దేవుని కృపవలన,full,388,469,0,0,,in_library_exact,https://waytochurch.com/lyrics/song/6008
6009,maa sarvaanidhi neevayyaa,మా సర్వానిధి నీవయ్యా – నీ సన్నిధికి వచ్చామయ్యా,full,661,796,0,0,,in_library_exact,https://waytochurch.com/lyrics/song/6009
6010,naa jeevitham prabhu neekankitham,నా జీవితం ప్రభు నీకంకితం,full,259,320,0,0,,in_library_exact,https://waytochurch.com/lyrics/song/6010
6011,naa praanam thalladillagaa,నా ప్రాణం తల్లడిల్లగా,full,568,687,0,0,,in_library_exact,https://waytochurch.com/lyrics/song/6011
6012,enthaga ninu keerthinchinanu,ఎంతగ నిను కీర్తించినను – ఏమేమి అర్పించినను,full,603,733,0,0,,in_library_exact,https://waytochurch.com/lyrics/song/6012
6013,yesayyaa naa hrudaya spandana neeve kadaa,యేసయ్యా నా హృదయ స్పందన నీవే కదా,full,491,601,0,0,Bro  Yesanna,in_library_exact,https://waytochurch.com/lyrics/song/6013
6014,annayya thellaarindi leraa,అన్నయ్య… తెల్లారింది లేరా,full,532,639,0,0,,in_library_exact,https://waytochurch.com/lyrics/song/6014
6015,choochithive naa kanneetini,చూచితివే నా కన్నీటిని,full,490,597,0,0,,in_library_exact,https://waytochurch.com/lyrics/song/6015
6016,neevu leka kshanamainaa jeevinchalenayyaa,నీవు లేక క్షణమైనా జీవించలేనయ్యా,full,408,501,0,0,Pastor Ravinder Vottep,in_library_exact,https://waytochurch.com/lyrics/song/6016
6017,madhuram madhuram naa priya yesuni charitham madhuram,మధురం మధురం నా ప్రియ యేసుని చరితం మధురం,full,629,750,0,0,Bro  Yesanna,in_library_exact,https://waytochurch.com/lyrics/song/6017
6018,vidheyatha kaligi jeevinchutaku,విధేయత కలిగి జీవించుటకు,full,662,796,0,0,,in_library_exact,https://waytochurch.com/lyrics/song/6018
6019,manchi devudu naa yesayyaa,మంచి దేవుడు నా యేసయ్యా,full,423,545,0,0,,in_library_exact,https://waytochurch.com/lyrics/song/6019
6020,anni velala vinuvaadu nee praardhanalanniyu,అన్ని వేళల వినువాడు నీ ప్రార్ధనలన్నియు,full,454,526,0,0,,in_library_exact,https://waytochurch.com/lyrics/song/6020
6021,manchivaadu goppavaadu naa yesu parishuddhudu,మంచివాడు గొప్పవాడు నా యేసు పరిశుద్ధుడు,full,482,594,0,0,,in_library_exact,https://waytochurch.com/lyrics/song/6021
6022,iruvadi naluguru peddalatho,ఇరువది నలుగురు పెద్దలతో,full,422,519,0,0,,in_library_exact,https://waytochurch.com/lyrics/song/6022
6023,chinnaari baalagaa chirudivya jyothigaa,చిన్నారి బాలగా చిరుదివ్య జ్యోతిగా,full,568,714,0,0,,in_library_exact,https://waytochurch.com/lyrics/song/6023
6024,aedaa nuntiviraa oranna,ఏడానుంటివిరా – ఓరన్న,full,802,948,0,0,,in_library_exact,https://waytochurch.com/lyrics/song/6024
6025,uthaka meeda thalupu thirugu reethigaa,ఉతక మీద తలుపు తిరుగు రీతిగా,full,563,676,0,0,,in_library_exact,https://waytochurch.com/lyrics/song/6025
6026,karuninchumu mamu parama pithaa,కరుణించుము మము పరమ పితా,full,513,615,0,0,,in_library_exact,https://waytochurch.com/lyrics/song/6026
6027,kadalakunduvu seeyonu kondavale,కదలకుందువు సీయోను కొండవలె,full,506,609,0,0,,in_library_exact,https://waytochurch.com/lyrics/song/6027
6028,kashta nashtaalainaa kadagandla brathukainaa,కష్ట నష్టాలైనా కడగండ్ల బ్రతుకైనా,full,346,424,0,0,,in_library_exact,https://waytochurch.com/lyrics/song/6028
6029,nee paadaale naaku sharanam,నీ పాదాలే నాకు శరణం,full,644,833,0,0,,in_library_exact,https://waytochurch.com/lyrics/song/6029
6030,veenulaku vindulu chese yesayya su charithra,వీనులకు విందులు చేసే యేసయ్య సు చరిత్ర,full,550,663,0,0,,in_library_exact,https://waytochurch.com/lyrics/song/6030
6031,neevu thappa naakee lokamlo evarunnaarayyaa,నీవు తప్ప నాకీ లోకంలో ఎవరున్నారయ్యా,full,451,548,0,0,,in_library_exact,https://waytochurch.com/lyrics/song/6031
6032,anni saadhyame yesuku anni saadhyame,అన్నీ సాధ్యమే,full,842,1008,0,0,,in_library_exact,https://waytochurch.com/lyrics/song/6032
6033,ae reethi sthuthiyinthunu o yesu naathaa daivamaa,ఏ రీతి స్తుతియింతును – ఓ యేసూ నాథా దైవమా,full,723,890,0,0,,in_library_exact,https://waytochurch.com/lyrics/song/6033
6034,bhayamu ledu manaku ikapai eduru vachchu gelupu,భయము లేదు మనకు ఇకపై ఎదురు వచ్చు గెలుపు,full,825,1039,0,0,,in_library_exact,https://waytochurch.com/lyrics/song/6034
6035,prema lenivaadu paralokaaniki anarhudu,ప్రేమ లేనివాడు పరలోకానికి అనర్హుడు,full,2062,2464,0,0,,in_library_exact,https://waytochurch.com/lyrics/song/6035
6036,neethone naa nivaasamu nithyamu aanandame,నీతోనే నా నివాసము – నిత్యము ఆనందమే,full,545,667,0,0,,in_library_exact,https://waytochurch.com/lyrics/song/6036
6037,madhuram madhuram nee preme athi madhuram,మధురం మధురం – నీ ప్రేమే అతి మధురం,full,447,549,0,0,,in_library_exact,https://waytochurch.com/lyrics/song/6037
6038,raavayyaa yesayyaa naa intiki,రావయ్యా యేసయ్యా నా ఇంటికి,full,573,653,0,0,,in_library_exact,https://waytochurch.com/lyrics/song/6038
6039,nithya jeevapu raajyamulo,నిత్య జీవపు రాజ్యములో,full,449,545,0,0,,in_library_exact,https://waytochurch.com/lyrics/song/6039
6040,jaagore jaagore jaagu jaamu raathiri,జాగోరే జాగోరే జాగు జాము రాతిరి,full,526,622,0,0,,in_library_exact,https://waytochurch.com/lyrics/song/6040
6041,evarunnaarayyaa naaku neevu thappa,ఎవరున్నారయ్యా నాకు నీవు తప్ప,full,277,325,0,0,,in_library_exact,https://waytochurch.com/lyrics/song/6041
6042,naaku chaalina devuda neevu,నాకు చాలిన దేవుడ నీవు,full,456,569,0,0,,in_library_exact,https://waytochurch.com/lyrics/song/6042
6044,yesayya rakthamu athi madhuramu,యేసయ్య రక్తము అతి మధురము,full,518,623,0,0,,in_library_exact,https://waytochurch.com/lyrics/song/6044
6045,viduvadhu maruvadhu viduvadhu maruvadhu,విడువదు మరువదు – విడువదు మరువదు,full,672,788,0,0,,in_library_exact,https://waytochurch.com/lyrics/song/6045
6046,kaavalenaa yesayya bahumaanamu,కావలెనా యేసయ్య బహుమానము,full,669,800,0,0,Bro  vinay,in_library_exact,https://waytochurch.com/lyrics/song/6046
6047,nee koraku naa praanam aashapaduchunnadi,నీ కొరకు నా ప్రాణం ఆశపడుచున్నది,full,405,486,0,0,,in_library_exact,https://waytochurch.com/lyrics/song/6047
6048,nee nirnayam entho viluvainadi ee lokamlo,నీ నిర్ణయం ఎంతో విలువైనది ఈ లోకంలో,full,411,501,0,0,,in_library_exact,https://waytochurch.com/lyrics/song/6048
6049,idenaa nyaayamidiyenaa,ఇదేనా న్యాయమిదియేనా,full,598,681,0,0,,in_library_exact,https://waytochurch.com/lyrics/song/6049
6050,andamaina madhuramaina naamam evaridi,అందమైన మధురమైన నామం ఎవరిది,full,501,607,0,0,,in_library_exact,https://waytochurch.com/lyrics/song/6050
6051,devaa paapini ninnaashrayinchaanu,దేవా పాపిని నిన్నాశ్రయించాను,full,256,327,0,0,,in_library_exact,https://waytochurch.com/lyrics/song/6051
6052,mellani challani swaramu yesayyade,మెల్లని చల్లని స్వరము యేసయ్యదే,full,649,783,0,0,,in_library_exact,https://waytochurch.com/lyrics/song/6052
6053,నీతో స్నేహం చేయాలని,నీతో స్నేహం చేయాలని,full,606,722,0,0,,in_library_exact,https://waytochurch.com/lyrics/song/6053
6054,ప్రార్ధన ప్రార్ధన ప్రభునితో సంభాషణ,ప్రార్ధన ప్రార్ధన ప్రభునితో సంభాషణ,full,423,513,0,0,,in_library_exact,https://waytochurch.com/lyrics/song/6054
6055,అంజలి ఘటియింతు దేవా,అంజలి ఘటియింతు దేవా,full,357,466,0,0,,in_library_exact,https://waytochurch.com/lyrics/song/6055
6056,నా మట్టుకైతే బ్రతుకుట క్రీస్తే,నా మట్టుకైతే బ్రతుకుట క్రీస్తే,full,269,325,0,0,,in_library_exact,https://waytochurch.com/lyrics/song/6056
6057,కొడవలిని చేత పట్టి కోత కోయుము,కొడవలిని చేత పట్టి కోత కోయుము,full,390,464,0,0,,in_library_exact,https://waytochurch.com/lyrics/song/6057
6058,ఇది శుభోదయం – క్రీస్తు జన్మదినం,ఇది శుభోదయం – క్రీస్తు జన్మదినం,full,322,388,0,0,,in_library_exact,https://waytochurch.com/lyrics/song/6058
6059,నిను చేరగ నా మది ధన్యమైనది,నిను చేరగ నా మది ధన్యమైనది,full,283,353,0,0,,in_library_exact,https://waytochurch.com/lyrics/song/6059
6060,gonthu etthi chaatedaanu,గొంతు ఎత్తి చాటెదాను,full,737,856,0,0,,in_library_exact,https://waytochurch.com/lyrics/song/6060
6061,ఓ ప్రార్ధనా సుప్రార్ధనా,ఓ ప్రార్ధనా సుప్రార్ధనా,full,637,792,0,0,,in_library_exact,https://waytochurch.com/lyrics/song/6061
6062,నీ సన్నిధియే నా ఆశ్రయం దేవా,నీ సన్నిధియే నా ఆశ్రయం దేవా,full,273,334,0,0,,in_library_exact,https://waytochurch.com/lyrics/song/6062
6063,దేవుని యందు భక్తి గల స్త్రీ కొనియాడబడును,దేవుని యందు భక్తి గల స్త్రీ కొనియాడబడును,full,379,475,0,0,,in_library_exact,https://waytochurch.com/lyrics/song/6063
6064,నా ప్రాణమైన యేసు,నా ప్రాణమైన యేసు,full,317,369,0,0,,in_library_exact,https://waytochurch.com/lyrics/song/6064
6065,manalo prathi okkari peru yesuku thelusu,మనలో ప్రతి ఒక్కరి పేరు యేసుకు తెలుసు,full,814,952,0,0,,in_library_exact,https://waytochurch.com/lyrics/song/6065
6066,yesu rakshakaa shathakoti sthothram y s,ఎసు ఱక్శకా షతకొటి తొత్రమ్,full,626,731,0,0,Bro  Raj Prakash Paul,missing,https://waytochurch.com/lyrics/song/6066
6067,ammaa ani ninnu piluvanaa,అమ్మా అని నిన్ను పిలువనా,full,443,495,0,0,,in_library_exact,https://waytochurch.com/lyrics/song/6067
6068,enduko ee prema nanninthaga preminchenu,ఎందుకో ఈ ప్రేమ నన్నింతగ ప్రేమించెను,full,547,658,0,0,,in_library_exact,https://waytochurch.com/lyrics/song/6068
6069,జీవితమంటే మాటలు కాదు చెల్లెమ్మా,జీవితమంటే మాటలు కాదు చెల్లెమ్మా,full,673,797,0,0,,in_library_exact,https://waytochurch.com/lyrics/song/6069
6070,జీవమా… యేసయ్యా… ఆత్మతో నింపుమా – అభిషేకించుమా,జీవమా… యేసయ్యా… ఆత్మతో నింపుమా – అభిషేకించుమా,full,340,415,0,0,,in_library_exact,https://waytochurch.com/lyrics/song/6070
6071,balamainavaadaa balaparchuvaadaa,బలమైనవాడా బలపర్చువాడా,full,399,498,0,0,,in_library_exact,https://waytochurch.com/lyrics/song/6071
6072,melulu nee melulu marachipolenayyaa,మేలులు నీ మేలులు మరచిపోలేనయ్యా,full,504,569,0,0,,in_library_exact,https://waytochurch.com/lyrics/song/6072
6073,kalanainaa ilanainaa nannu enaadainaa,కలనైనా ఇలనైనా నన్ను ఏనాడైనా,full,456,557,0,0,,in_library_exact,https://waytochurch.com/lyrics/song/6073
6074,devaa nee saakshigaa nenunduta,దేవా నీ సాక్షిగా నేనుండుట,full,449,561,0,0,,in_library_exact,https://waytochurch.com/lyrics/song/6074
6075,వికసించు పుష్పమా,వికసించు పుష్పమా,full,401,469,0,0,,in_library_exact,https://waytochurch.com/lyrics/song/6075
6076,karuninchavaa naa yesuvaa,కరుణించవా నా యేసువా,full,389,501,0,0,,in_library_exact,https://waytochurch.com/lyrics/song/6076
6077,goodu leni guvvalaa daari thappithi,గూడు లేని గువ్వలా దారి తప్పితి,full,471,548,0,0,,in_library_exact,https://waytochurch.com/lyrics/song/6077
6078,veyi nollatho sthuthiyinchinaa,వేయి నోళ్లతో స్తుతియించినా,full,261,332,0,0,,in_library_exact,https://waytochurch.com/lyrics/song/6078
6079,naalo unna aanandam,నాలో ఉన్న ఆనందం,full,390,489,0,0,,in_library_exact,https://waytochurch.com/lyrics/song/6079
6080,raajula raajula raaju,రాజుల రాజుల రాజు,full,308,361,0,0,,in_library_exact,https://waytochurch.com/lyrics/song/6080
6081,nee sannidhilo santhoshamu,నీ సన్నిధిలో సంతోషము,full,337,395,0,0,,in_library_exact,https://waytochurch.com/lyrics/song/6081
6082,beulah deshamu naadi,బ్యూలా దేశము నాది,full,311,380,0,0,,in_library_exact,https://waytochurch.com/lyrics/song/6082
6083,hailessaa hailo hailessaa,హైలెస్సా హైలో హైలెస్సా,full,426,546,0,0,,in_library_exact,https://waytochurch.com/lyrics/song/6083
6084,jayamichchina devuniki kotlakoladi sthothram,జయమిచ్చిన దేవునికి కోట్లకొలది స్తోత్రం,full,518,630,0,0,,in_library_exact,https://waytochurch.com/lyrics/song/6084
6085,Nee mukhamu manoharamu s,నీ ముఖము మనోహరము నీ స్వరము మాధుర్యము,none,484,0,0,0,Bro  Yesanna,missing,https://waytochurch.com/lyrics/song/6085
6086,silanaina nanu silpivai marchavu,శిలనైన నను శిల్పివై మార్చవు,none,653,0,0,0,,in_library_exact,https://waytochurch.com/lyrics/song/6086
6087,Nenu kuda vunnanayya,నేను కూడా ఉన్నానయ్య,none,555,0,0,0,,in_library_exact,https://waytochurch.com/lyrics/song/6087
6088,నా తల్లి నను మరచినా,నా తల్లి నను మరచినా,full,350,418,0,0,,in_library_exact,https://waytochurch.com/lyrics/song/6088
6089,Yaakobu Baavi Kaada Yesayyanu Choosaanammaa,యాకోబు బావి కాడ యేసయ్యను చూసానమ్మా,full,898,1022,0,0,,in_library_exact,https://waytochurch.com/lyrics/song/6089
6090,ఈ లోకంలో జీవించెదను,ఈ లోకంలో జీవించెదను,full,390,449,0,0,,in_library_exact,https://waytochurch.com/lyrics/song/6090
6091,Sajeeva Saakshulugaa Mammu Nilipna Devaa Vandanam,సజీవ సాక్షులుగా మమ్ము నిలిపిన దేవా వందనం,full,632,773,0,0,,in_library_exact,https://waytochurch.com/lyrics/song/6091
6092,Vevela Doothalatho Koniyaadabaduchunna,వేవేల దూతలతో కొనియాడబడుచున్న,full,353,447,0,0,,in_library_exact,https://waytochurch.com/lyrics/song/6092
6093,Yesayya Maata Bangaaru Moota,యేసయ్య మాట బంగారు మూట,full,400,498,0,0,,in_library_exact,https://waytochurch.com/lyrics/song/6093
6094,Suvaartanu Prakatimpavaa,సువార్తను ప్రకటింపవా,full,324,382,0,0,,in_library_exact,https://waytochurch.com/lyrics/song/6094
6095,Neetho Sneham Ne Maruvagalanaa,నీతో స్నేహం నే మరువగలనా,full,592,737,0,0,,in_library_exact,https://waytochurch.com/lyrics/song/6095
6096,Neetho Gadipe Prathi Kshanamu,నీతో గడిపే ప్రతి క్షణము,full,438,546,0,0,,in_library_exact,https://waytochurch.com/lyrics/song/6096
6097,Naa Praanamaa Sannuthinchumaa,నా ప్రాణమా సన్నుతించుమా,full,367,449,0,0,,in_library_exact,https://waytochurch.com/lyrics/song/6097
6098,Amoolya Raktham Prashastha Raktham,అమూల్య రక్తం – ప్రశస్త రక్తం,full,586,697,0,0,Bro  Divya Prasad Rao,in_library_exact,https://waytochurch.com/lyrics/song/6098
6099,Maargam Sathyam Jeevam Neeve Yesu,మార్గం సత్యం జీవం నీవే యేసు,full,409,506,0,0,Bro  Divya Prasad Rao,in_library_exact,https://waytochurch.com/lyrics/song/6099
6100,Naa Chinni Donelo Yesu Unnaadu,హైలెస్సా హైలో హైలెస్సా,full,206,240,0,0,,in_library_exact,https://waytochurch.com/lyrics/song/6100
6101,idhigo dheva ee hrudhayam,ఇదిగో దేవా ఈ హృదయం,none,312,0,0,0,,in_library_exact,https://waytochurch.com/lyrics/song/6101
6102,Yesu Naamam Sundara Naamam,యేసు నామం సుందర నామం,full,348,442,0,0,,in_library_exact,https://waytochurch.com/lyrics/song/6102
6103,jayam jayam yesulo naaku,జయం జయం జయం జయం యేసులో నాకు జయం జయం,none,476,0,0,0,,in_library_exact,https://waytochurch.com/lyrics/song/6103
6104,Draakshaa Vallivi Neevaithe,ద్రాక్షావల్లివి నీవైతే,full,417,508,0,0,,in_library_exact,https://waytochurch.com/lyrics/song/6104
6105,my hu dhanya jeevi Iam Blessed,మై హు ధన్య జీవి మై హు ధన్య జీవి,none,1435,0,0,0,Bro  Anil Kumar,missing,https://waytochurch.com/lyrics/song/6105
6106,Papaniki Naaku A Sambandamu Ledhu,పాపానికి నాకు ఏ సంబంధము లేదు,none,1659,0,0,0,Bro  M  Anil Kumar,in_library_exact,https://waytochurch.com/lyrics/song/6106
6107,arambamayindhi restoration Restoration,ఆరంభమయ్యింది ఆరంభమయ్యింది,none,1739,0,0,0,Bro  M  Anil Kumar,missing,https://waytochurch.com/lyrics/song/6107
6108,Premalo Paddanu Nenu Premalo,ప్రేమలో పడ్డాను నేను ప్రేమలో పడ్డాను ప్రేమలో పడ్డాను నేను ప్రేమలో పడ్డాను,none,1909,0,0,0,Bro  M  Anil Kumar,in_library_exact,https://waytochurch.com/lyrics/song/6108
6109,Ye Samacharam Namuthavu Nuvvu,ఏ సమాచారం నమ్ముతావు నువ్వునువ్వు ఏ సమాచారం నమ్ముతావు నువ్వునువ్వు,none,2026,0,0,0,Bro  M  Anil Kumar,missing,https://waytochurch.com/lyrics/song/6109
6110,Saswathamyna prematho annu preminchavayya,శాశ్వతమైన ప్రేమతో నను ప్రేమించావయ్యా నీ ప్రేమే నను గెల్చెను శాశ్వతమైన ప్రేమతో నను ప్రేమించావయ్యా నీ ప్రేమే నను గెల్చెను,none,2740,0,0,0,Bro  M  Anil Kumar,missing,https://waytochurch.com/lyrics/song/6110
6111,Yesudevude naa konda,యేసు దేవుడే నా కొండ యేసు దేవుడే నా కొండ,none,1663,0,0,0,Bro  M  Anil Kumar,missing,https://waytochurch.com/lyrics/song/6111
6112,Aa Bhojana Pankthilo Seemonu Intilo,ఆ భోజన పంక్తిలో సీమోను ఇంటిలో,full,479,636,0,0,,in_library_exact,https://waytochurch.com/lyrics/song/6112
6113,Krupa Krupa Nee Krupa,కృప కృప నీ కృప,full,374,471,0,0,,in_library_exact,https://waytochurch.com/lyrics/song/6113
6114,Nee Naamame Eda Kolichedanu,నీ నామమే ఎద కొలిచెదను,full,444,544,0,0,,in_library_exact,https://waytochurch.com/lyrics/song/6114
6115,Vijaya Geethamu Manasaara Nenu Paadeda,విజయ గీతము మనసార నేను పాడెద,full,548,696,0,0,,in_library_exact,https://waytochurch.com/lyrics/song/6115
6116,Gunavathi Aina Bhaarya,గుణవతి అయిన భార్య,full,335,418,0,0,,in_library_exact,https://waytochurch.com/lyrics/song/6116
6117,Siluvanu Gelichina Sajeevuni Thyaagamu,సిలువను గెలిచిన సజీవుని త్యాగము,full,303,362,0,0,Kripal Mohan,in_library_exact,https://waytochurch.com/lyrics/song/6117
6118,Kalalaa Unnadi Nenenaa Annadi,కలలా ఉన్నది నేనేనా అన్నది,full,480,583,0,0,Bro  Samuel Karmoji,in_library_exact,https://waytochurch.com/lyrics/song/6118
6119,Aakaasha Mahaa kaashambulu,ఆకాశ మహాకాశంబులు,full,526,667,0,0,,in_library_exact,https://waytochurch.com/lyrics/song/6119
6120,చిరుగాలి వీచినా ప్రభూ,చిరుగాలి వీచినా ప్రభూ,full,303,354,0,0,,in_library_exact,https://waytochurch.com/lyrics/song/6120
6121,Sakalamu Cheyu Sarvaadhikaari,సకలము చేయు సర్వాధికారి,full,527,687,0,0,,in_library_exact,https://waytochurch.com/lyrics/song/6121
6122,నీవు చేసిన మేళ్లకు,నీవు చేసిన మేళ్లకు,full,250,317,0,0,Pastor  Jyothi Raju,in_library_exact,https://waytochurch.com/lyrics/song/6122
6123,హీనమైన బ్రతుకు నాది – ఘోర పాపిని,హీనమైన బ్రతుకు నాది – ఘోర పాపిని,full,534,649,0,0,,in_library_exact,https://waytochurch.com/lyrics/song/6123
6124,Aaripoye Deepamlaa,ఆరిపోయే దీపంలా,full,227,274,0,0,,in_library_exact,https://waytochurch.com/lyrics/song/6124
6125,Mellani Swarame Vinipinchinaave,మెల్లని స్వరమే వినిపించావే,full,529,643,0,0,,in_library_exact,https://waytochurch.com/lyrics/song/6125
6126,Chaachina Chethulu Neeve,చాచిన చేతులు నీవే,full,731,885,0,0,,in_library_exact,https://waytochurch.com/lyrics/song/6126
6127,Neeve Neeve Naa Thodunna Devudavu,నీవే నీవే నా తోడున్న దేవుడవు,full,220,272,0,0,suman kathi samson,in_library_exact,https://waytochurch.com/lyrics/song/6127
6128,Neethone Ne Nadavaalani,నీతోనే నే నడవాలని,full,419,522,0,0,,in_library_exact,https://waytochurch.com/lyrics/song/6128
6129,Devuni Goppa Mahimanu Choosi,దేవుని గొప్ప మహిమను చూసి తిరిగి పాపం చేసెదవా,full,561,668,0,0,,in_library_exact,https://waytochurch.com/lyrics/song/6129
6130,Prabhuvaa Ee Anandam,ప్రభువా ఈ ఆనందం,full,490,568,0,0,,in_library_exact,https://waytochurch.com/lyrics/song/6130
6131,Saagi Saagi Pommu Neevu Aagipoka,సాగి సాగి పొమ్ము నీవు ఆగిపోక,full,601,735,0,0,,in_library_exact,https://waytochurch.com/lyrics/song/6131
6132,O Sanghamaa Sarvaangamaa Paraloka Raajyapu Prathibimbamaa,ఓ సంఘమా సర్వాంగమా – పరలోక రాజ్యపు ప్రతిబింబమా,full,763,945,0,0,,in_library_exact,https://waytochurch.com/lyrics/song/6132
6133,నీ జీవితం క్షణ భంగురం,నీ జీవితం క్షణ భంగురం,full,422,532,0,0,,in_library_exact,https://waytochurch.com/lyrics/song/6133
6139,Nee Challani Needalo,నీ చల్లని నీడలో,full,354,444,0,0,,in_library_exact,https://waytochurch.com/lyrics/song/6139
6140,Aa Raaje Naa Raaju Naa Raaje Raaraaju,ఆ రాజే నా రాజు – నా రాజే రారాజు,full,565,700,0,0,,in_library_exact,https://waytochurch.com/lyrics/song/6140
6141,Vinumaa Yesuni Jananamu,వినుమా యేసుని జననము,full,584,742,0,0,,in_library_exact,https://waytochurch.com/lyrics/song/6141
6142,Ninu Paadaalani Keerthinchaalani,నిను పాడాలని కీర్తించాలని,full,332,426,0,0,P  Narendra Bhaskar,in_library_exact,https://waytochurch.com/lyrics/song/6142
6143,Varninchalenu Vivarinchalenu,వర్ణించలేను వివరించలేను,full,551,648,0,0,Rev  P Narender Bhaskar,in_library_exact,https://waytochurch.com/lyrics/song/6143
6144,Etti Vaado Yesu Enni Vinthalu Thanavi,ఎట్టి వాడో యేసు – ఎన్ని వింతలు తనవి,full,352,392,0,0,,in_library_exact,https://waytochurch.com/lyrics/song/6144
6145,manasanthaa neeve,మనసంతా నీవే ఊహల్లో నీవే,none,437,0,0,0,,missing,https://waytochurch.com/lyrics/song/6145
6146,Hallelujah Hallelujah Stotramulu,హల్లెలూయ హల్లెలూయ స్తోత్రములు హల్లెలూయ హల్లెలూయ స్తోత్రములు,full,486,569,0,0,,in_library_exact,https://waytochurch.com/lyrics/song/6146
6147,Nithya Prematho Nannu Preminchen,నిత్య ప్రేమతో – నన్ను ప్రేమించెన్,full,661,746,0,0,Jeeva R Pakerla,in_library_exact,https://waytochurch.com/lyrics/song/6147
6148,Naa gundelona neevu vunte chalu yesayya,నా గుండెలోన నీవు ఉంటే చాలు యేసయ్య,none,220,0,0,0,,missing,https://waytochurch.com/lyrics/song/6148
6149,Vadabarani viswasamutho,వాడబారని విశ్వాసముతో,none,664,0,0,0,,in_library_exact,https://waytochurch.com/lyrics/song/6149
6150,Kalam samayam nadhenantu,కాలం సమయం నాదేనంటూ అనుకుంటున్నావా,full,698,842,0,0,,in_library_exact,https://waytochurch.com/lyrics/song/6150
6151,Unnatha Sthalamulalo Nanu Sadaa Nilipithivi,ఉన్నత స్థలములలో – నను సదా నిలిపితివి,full,631,794,0,0,,in_library_exact,https://waytochurch.com/lyrics/song/6151
6152,Siluvalo Naakai Chesina Yaagamu,సిలువలో నాకై చేసిన యాగము,full,423,510,0,0,,in_library_exact,https://waytochurch.com/lyrics/song/6152
11122,Yahovaa maaku thodugaa Yesayya maa inta undagaa,యెహోవా మాకు తోడుగా యేసయ్యా మా ఇంట ఉండగా,full,384,485,0,0,Dr P Satish Kumar,missing,https://waytochurch.com/lyrics/song/11122
11123,Neela Preminchevaarevaru ilalo leru,నీలా ప్రేమించేవారెవరు ఇలలో లేరు,full,724,901,0,0,Samuel Pammi,missing,https://waytochurch.com/lyrics/song/11123
11164,Sramalalo krungavaladu jadivaanalo bedaravaladu,శ్రమలలో కృంగవలదు జడివానలో బెదరవలదు,full,417,505,1,2,Dr  John Wesly,missing,https://waytochurch.com/lyrics/song/11164
11571,Naa jeevithaana maro noothana samvathsaramunu,నా జీవితాన మరో నూతన సంవత్సరమును,full,600,755,0,0,Bro Paul Emmanuel,missing,https://waytochurch.com/lyrics/song/11571
12089,vaakyame shareera dhaariyai loka rakshakudu udayinche,వాక్యమే శరీర ధారియై లోక రక్షకుడు ఉదయించె,full,1163,1410,0,0,,in_library_exact,https://waytochurch.com/lyrics/song/12089
12391,santhosham yesu vandanam,సంతోషం యేసు వందనం,full,450,586,0,0,,in_library_exact,https://waytochurch.com/lyrics/song/12391
12396,Immaanuyelu Devudaa Mamu Kanna Devudaa,ఇమ్మానుయేలు దేవుడా – మము కన్న దేవుడా,full,297,357,0,0,,in_library_exact,https://waytochurch.com/lyrics/song/12396
12397,Andaru Mechchina Andaala Thaara,అందరు మెచ్చిన అందాల తార,full,567,671,0,0,G Purushotham Babu,in_library_exact,https://waytochurch.com/lyrics/song/12397
12398,Vinnaaraa Vinnaaraa Shubhavaartha Shubhvaartha,విన్నారా విన్నారా శుభవార్త శుభవార్త,full,579,721,0,0,G Davidson,in_library_exact,https://waytochurch.com/lyrics/song/12398
12399,Chindindi Raktham Aa Siluva Paina,చిందింది రక్తం ఆ సిలువ పైన,full,539,688,0,0,Mallela Raju,in_library_exact,https://waytochurch.com/lyrics/song/12399
12400,Christmas Antene Kreesthuku Aaraadhana,క్రిస్మస్ అంటేనే క్రీస్తుకు ఆరాధన,full,359,385,0,0,"Philip , Sharon",in_library_exact,https://waytochurch.com/lyrics/song/12400
12401,Aruna Kaanthi Kiranamai,అరుణ కాంతి కిరణమై,full,434,504,0,0,Pastor A Shalem Israel,in_library_exact,https://waytochurch.com/lyrics/song/12401
12403,Devudu Dehamunu Pondina Dinamu,దేవుడు దేహమును పొందిన దినము,full,571,714,0,0,,in_library_exact,https://waytochurch.com/lyrics/song/12403
12404,Aascharyakarudaa Aalochanakartha Balavanthudaina Devudaa Happy Christmas,ఆశ్చర్యకరుడా ఆలోచనకర్త బలవంతుడైన దేవుడా,full,672,766,0,0,Bishop Daniel Kalyanapu,in_library_exact,https://waytochurch.com/lyrics/song/12404
12405,Janminchinaaduraa Raaju Janminchinaaduraa,జన్మించినాడురా రాజు జన్మించినాడురా,full,409,526,0,0,G Davidson,in_library_exact,https://waytochurch.com/lyrics/song/12405
12406,Sahodarulu Aikyatha Kaligi Nivasinchuta P,సహోదరులు ఐక్యత కలిగి నివసించుట ఆది థల ంఈద ఒయబడి,full,580,731,0,0,,missing,https://waytochurch.com/lyrics/song/12406
12407,Ee Dinam Kreesthu Janma Dinam,ఈ దినం క్రీస్తు జన్మ దినం,full,395,508,0,0,Krupa Das Kollati,in_library_exact,https://waytochurch.com/lyrics/song/12407
12408,Prakaashinche Aa Divya Seeyonulo,ప్రకాశించే ఆ దివ్య సీయోనులో,full,374,484,0,0,,in_library_exact,https://waytochurch.com/lyrics/song/12408
12409,Sthuthi Simhaasanaaseenudaa Naa Aaraadhanaku Paathrudaa,స్తుతి సింహాసనాసీనుడా,full,535,659,0,0,,in_library_exact,https://waytochurch.com/lyrics/song/12409
12410,Noraaragaa Chethunu Daivaaraadhananu,నోరారగా చేతును,full,348,435,0,0,,in_library_exact,https://waytochurch.com/lyrics/song/12410
12411,Samvathsaramulu Veluchundagaa Nithyamu Nee Krupatho Unchithivaa,సంవత్సరములు వెలుచుండగా నిత్యము నీ కృపతో ఉంచితివా,full,497,630,0,0,Bro  Nissy John,in_library_exact,https://waytochurch.com/lyrics/song/12411
12412,Chinni Chinni Chethulatho Bulli Bulli Buggalatho,చిన్ని చిన్ని చేతులతో,full,791,985,0,0,,in_library_exact,https://waytochurch.com/lyrics/song/12412
12413,ni namam naa ganam,నీ నామం నాగానంనీ స్మరణే నా సర్వం,none,368,0,0,0,,in_library_exact,https://waytochurch.com/lyrics/song/12413
12414,pavitra parachumu naa hrudayam,పవిత్ర పరచుము నా హృదయంనీ వాక్యమే నా ఆధారం,none,390,0,0,0,,missing,https://waytochurch.com/lyrics/song/12414
12415,prema raju prema raju yesu prabhuvu,ప్రేమ రాజుప్రేమ రాజుయేసుప్రభువు మళ్ళీ వస్తాడు,none,718,0,0,0,,missing,https://waytochurch.com/lyrics/song/12415
12416,yesu mahaa dhevudu entha manchi dhevudu,యేసు మహా దేవుడుఎంత మంచి దేవుడు,none,580,0,0,0,,missing,https://waytochurch.com/lyrics/song/12416
12417,enniyallo enniyallo yesu dhevudochinaadu,ఎన్నియల్లో ఎన్నియల్లో,none,641,0,0,0,,missing,https://waytochurch.com/lyrics/song/12417
12418,thoorpu nundi padamara varaku enth dhooramo,తూర్పు నుండి పడమరకు ఎంత దూరమో,none,370,0,0,0,,missing,https://waytochurch.com/lyrics/song/12418
12419,yese naa dhevudu,యేసే నా దేవుడు,none,364,0,0,0,,missing,https://waytochurch.com/lyrics/song/12419
12420,kristhuni goorchi meeku emi,క్రీస్తుని గూర్చి మీకు ఏమి తోచుచున్నది,none,596,0,0,0,,missing,https://waytochurch.com/lyrics/song/12420
12421,rakshana pondhithiva nireekshana,రక్షణ పొందితివా నిరీక్షణ నొందితివా,none,542,0,0,0,,missing,https://waytochurch.com/lyrics/song/12421
12422,sthuthi mahima ganatha prabhavamulu neeke,స్తుతి మహిమ ఘనతప్రభావములు నీకే,none,355,0,0,0,,missing,https://waytochurch.com/lyrics/song/12422
12423,idhi rakshana krupa kaalam,ఇది రక్షణ కృపకాలం,none,390,0,0,0,,missing,https://waytochurch.com/lyrics/song/12423
12424,sthuthi sthothramulu chellinthumu,స్తుతి స్తోత్రములు చెల్లిం తుముస్తుతి గీతమునే పాడెదము,none,374,0,0,0,,missing,https://waytochurch.com/lyrics/song/12424
12425,o sevaka bhayapadaku,ఓ సేవకా భయపడకు నేను నీకు తోడైయుంటాను,none,561,0,0,0,,missing,https://waytochurch.com/lyrics/song/12425
12426,aaradhinthunu halleluya,ఆరాధింతును హల్లెలూయా,none,355,0,0,0,,in_library_contained,https://waytochurch.com/lyrics/song/12426
12427,aaradhinthu ninnu dheva,ఆరాధింతు నిన్ను దేవా,none,409,0,0,0,,in_library_exact,https://waytochurch.com/lyrics/song/12427
12428,kallu theristhe velugu raa,కళ్లు తెరిస్తే వెలుగురా,none,377,0,0,0,,missing,https://waytochurch.com/lyrics/song/12428
12429,nadathunu nadathunu nadathunu,నడుతును నడుతును నడుతునూ నడుతును ప్రభువుతో నెప్పుడు,none,499,0,0,0,,missing,https://waytochurch.com/lyrics/song/12429
12430,elanti vaadanyna,ఏలాంటి వాడవైనా,none,926,0,0,0,,missing,https://waytochurch.com/lyrics/song/12430
12431,hosanna neeke vandhanaalu,హోసన్న నీకే వందనాలు,none,693,0,0,0,,missing,https://waytochurch.com/lyrics/song/12431
12432,endhamo yesunemanukunnavu,ఏందమ్మో యేసునేమనుకున్నావు,none,844,0,0,0,,missing,https://waytochurch.com/lyrics/song/12432
12433,dheva ee jeevitham,దేవా ఈ జీవితం నీకంకితం,none,743,0,0,0,,in_library_exact,https://waytochurch.com/lyrics/song/12433
12434,kallalo kanneeru endhuku,కళ్ళల్లో కన్నీరు ఎందుకూ,none,1087,0,4,0,,missing,https://waytochurch.com/lyrics/song/12434
12435,yesuni kutumbhamokatunnadhi,యేసుని కుటుంబమొకటున్నది,none,578,0,6,0,,missing,https://waytochurch.com/lyrics/song/12435
12436,jagathi kethenche rakshana kartha,జగతి కేతెంచె రక్షణ కర్త,none,622,0,6,0,,missing,https://waytochurch.com/lyrics/song/12436
12437,yesu kooda vachunu,యేసు కూడా వచ్చును,none,604,0,8,0,,missing,https://waytochurch.com/lyrics/song/12437
12438,jaya janda pattukonedham,జయ జెండా పట్టుకొనెదం,none,641,0,6,0,,missing,https://waytochurch.com/lyrics/song/12438
12439,evaru nannu cheyi vidachinan,ఎవరు నన్ను చేయి విడిచినన్,none,621,0,8,0,,in_library_exact,https://waytochurch.com/lyrics/song/12439
12440,prabhupi bhaaramella mopumaya,ప్రభుపై భారమెల్ల మోపుమయా,none,318,0,4,0,,missing,https://waytochurch.com/lyrics/song/12440
12441,naaku chaalinadhi ni prema,నాకు చాలినది నీ ప్రేమ,none,393,0,0,0,"Samson , Stalin",missing,https://waytochurch.com/lyrics/song/12441
12442,Christmas Vachchindayyaa Nedu,క్రిస్మస్ వచ్చిందయ్యా నేడు,full,405,479,0,0,,in_library_exact,https://waytochurch.com/lyrics/song/12442
12443,Sthuthiki Paathruda Yesayyaa,స్తుతికి పాత్రుడ యేసయ్యా,full,418,509,0,0,,in_library_exact,https://waytochurch.com/lyrics/song/12443
12444,Haallelooyaa Aaraadhana,హాల్లేలూయా ఆరాధన,full,380,465,0,0,,in_library_exact,https://waytochurch.com/lyrics/song/12444
12445,Rakshimpabadina Neevu Lokaashalapaine Needu,రక్షింపబడిన నీవు – లోకాశలపైనే నీదు,full,680,812,0,0,,in_library_exact,https://waytochurch.com/lyrics/song/12445
12446,Brathikeda Nee Kosame,బ్రతికెద నీ కోసమే,full,517,634,0,0,Bro  Raj Prakash Paul,in_library_exact,https://waytochurch.com/lyrics/song/12446
12447,Viluvaina Nee Krupa Naapai Choopi Kaachaavu Gatha Kaalamu,విలువైన నీ కృప నాపై చూపి – కాచావు గత కాలము,full,582,740,0,0,,in_library_exact,https://waytochurch.com/lyrics/song/12447
12448,Aadhaaram Naaku Aadhaaram,ఆధారం నాకు ఆధారం,full,639,823,0,0,,in_library_exact,https://waytochurch.com/lyrics/song/12448
12449,Banthiyanaga Aadare Mana Baala,బంతియనగ ఆడరే,full,401,493,0,0,,in_library_exact,https://waytochurch.com/lyrics/song/12449
12450,Ee Dinamentho Shubha Dinamu,ఈ దినమెంతో శుభ దినము,full,352,452,0,0,,in_library_exact,https://waytochurch.com/lyrics/song/12450
12451,Parishuddhudavai Mahima Prabhaavamulaku Neeve Paathrudavu,పరిశుద్ధుడవై – మహిమ ప్రభావములకు నీవే పాత్రుడవు,full,756,988,0,0,,in_library_exact,https://waytochurch.com/lyrics/song/12451
12452,Yesayyaa Ninnu Preminchuvaaru,యేసయ్యా నిన్ను ప్రేమించువారు,full,563,667,0,0,,in_library_exact,https://waytochurch.com/lyrics/song/12452
12453,Abraahaamu Issaaku Yaakobunaku Devudavu,అబ్రాహాము ఇస్సాకు యాకోబునకు దేవుడవు,full,511,608,0,0,,in_library_exact,https://waytochurch.com/lyrics/song/12453
12454,Naa Krupa Neeku Chaalani,నా కృప నీకు చాలని,full,458,559,0,0,,in_library_exact,https://waytochurch.com/lyrics/song/12454
12455,Sarva Lokamaa Sthuthi Geetham Paadedam,సర్వ లోకమా స్తుతి గీతం పాడెదం,full,499,629,0,0,,in_library_exact,https://waytochurch.com/lyrics/song/12455
12456,Parama Thandri Kumaarudaa,పరమ తండ్రి కుమారుడా,full,382,489,0,0,,in_library_exact,https://waytochurch.com/lyrics/song/12456
12457,Devaa Naa Devaa Neeve Naa Kaapari,దేవా నా దేవా – నీవే నా కాపరి,full,387,456,0,0,,in_library_exact,https://waytochurch.com/lyrics/song/12457
12458,Yese Naa Oopiri Yese Naa Kaapari,యేసే నా ఊపిరి – యేసే నా కాపరి,full,347,463,0,0,,in_library_exact,https://waytochurch.com/lyrics/song/12458
12459,Maarpuleni Thandrivi Neeve,మార్పులేని తండ్రివి నీవే,full,369,445,0,0,Pastor: Ravindra Ottepu,in_library_exact,https://waytochurch.com/lyrics/song/12459
12460,Naa Jeevithaanthamu,నా జీవితాంతము,full,597,731,0,0,,in_library_exact,https://waytochurch.com/lyrics/song/12460
12461,Aahaa Aanandame Paramaanandame,ఆహా ఆనందమే పరమానందమే,full,449,530,0,0,,in_library_exact,https://waytochurch.com/lyrics/song/12461
12462,Nee Snehamu Entho Sathyamu,నీ స్నేహము ఎంతో సత్యము,full,603,742,0,0,,in_library_exact,https://waytochurch.com/lyrics/song/12462
12463,Krupaa Sathya Sampoornudaa Krupaamayudaa,కృపా సత్య సంపూర్ణుడా,full,372,483,0,0,,in_library_exact,https://waytochurch.com/lyrics/song/12463
12464,Mukha Darshanam Chaalayyaa,ముఖ దర్శనం చాలయ్యా,full,472,592,0,0,,in_library_exact,https://waytochurch.com/lyrics/song/12464
12465,Upavaasamtho Praardhanalo,ఉపవాసంతో ప్రార్ధనలో,full,485,592,0,0,,in_library_exact,https://waytochurch.com/lyrics/song/12465
12466,Melainaa Keedainaa Neethone Yesayyaa,మేలైనా కీడైనా నీతోనే యేసయ్యా,full,521,635,0,0,,in_library_exact,https://waytochurch.com/lyrics/song/12466
12467,Entha manchi Devudavayya,ఎంత మంచి దేవుడవయ్యా ఎంత మంచి దేవుడవయ్యా,none,392,0,3,0,,in_library_fuzzy,https://waytochurch.com/lyrics/song/12467
12468,Naa Jeevitha Vyadhalandu,నా జీవిత వ్యధలందు యేసే జవాబు,full,489,626,0,0,,in_library_exact,https://waytochurch.com/lyrics/song/12468
12470,yehoavaa needu mealulanu elaa varNimpagalanu,యెహోవా నీదు మేలులను – ఎలా వర్ణింపగలను,full,586,726,0,0,Bro  Raj Prakash paul,in_library_exact,https://waytochurch.com/lyrics/song/12470
12471,Nammadagina Devudaa,నమ్మదగిన దేవుడా,full,412,505,0,0,,in_library_exact,https://waytochurch.com/lyrics/song/12471
12472,Yesu Entho Varaala Manassu Needi,యేసూ ఎంతో వరాల మనస్సూ నీది,full,508,621,0,0,,in_library_exact,https://waytochurch.com/lyrics/song/12472
12473,Halle Halle Halle Hallelooyaa,హల్లే హల్లే హల్లే హల్లేలూయా,full,556,671,0,0,,in_library_exact,https://waytochurch.com/lyrics/song/12473
12474,Nee Saakshyamu Edi,నీ సాక్ష్యము ఏది,full,454,537,0,0,,in_library_exact,https://waytochurch.com/lyrics/song/12474
12475,Nenellappudu Yehovanu Sannuthinchedan,నేనెల్లప్పుడు యెహోవను సన్నుతించెదన్,full,1330,1622,0,0,,in_library_exact,https://waytochurch.com/lyrics/song/12475
12476,Nuvvevaro Yesu Nuvvevaro,నువ్వెవరో యేసు నువ్వెవరో ఈ లోకం కన్నా మిన్నగా,full,579,696,0,0,,missing,https://waytochurch.com/lyrics/song/12476
12477,Naa Thanuvu Naa Manasu,నా తనువు నా మనసు,full,507,622,0,0,,in_library_exact,https://waytochurch.com/lyrics/song/12477
12479,Naa Devunni Nenu Premisthunna,నా దేవుణ్ణి నేను ప్రేమిస్తున్నా,full,262,295,0,0,,in_library_exact,https://waytochurch.com/lyrics/song/12479
12480,Neevegaa Yesu Neevegaa,నీవేగా యేసు నీవేగా,full,296,376,0,0,,in_library_exact,https://waytochurch.com/lyrics/song/12480
12481,Naalaanti Chinnalante Yesayyakishtam,నాలాంటి చిన్నలంటే యేసయ్యకిష్టం,full,223,266,0,0,,in_library_exact,https://waytochurch.com/lyrics/song/12481
12492,Tharaalu Maarinaa Yugaalu Maarinaa,తరాలు మారినా యుగాలు మారినా,full,378,464,0,0,,in_library_exact,https://waytochurch.com/lyrics/song/12492
12493,Maruvaddu Maruvaddu,మరువద్దు మరువద్దు,full,430,509,0,0,,in_library_exact,https://waytochurch.com/lyrics/song/12493
12494,Premaa Poornudu Praana Naathudu,ప్రేమా పూర్ణుడు ప్రాణ నాథుడు,full,543,627,0,0,,in_library_exact,https://waytochurch.com/lyrics/song/12494
12495,Kaluvari Siluva Siluvalo Viluva,కలువరి సిలువ సిలువలో విలువ,full,471,602,0,0,,in_library_exact,https://waytochurch.com/lyrics/song/12495
12496,Vandanaalu Yesu Naa Vandanaalo,వందనాలు యేసు నా వందనాలో,full,781,956,0,0,,in_library_exact,https://waytochurch.com/lyrics/song/12496
12497,Oohaku Andani Kaaryamul,ఊహకు అందని కార్యముల్,full,601,735,0,0,,in_library_exact,https://waytochurch.com/lyrics/song/12497
12499,Sevakulaaraa Suvaarthikulaaraa,సేవకులారా సువార్తికులారా,full,1071,1278,0,0,,in_library_exact,https://waytochurch.com/lyrics/song/12499
12500,Prabhuvaa Prabhuvaa,ప్రభువా ప్రభువా,full,460,574,0,0,,in_library_exact,https://waytochurch.com/lyrics/song/12500
12501,O Naavikaa O Naavikaa,ఓ నావికా ఓ నావికా,full,885,1090,0,0,,in_library_exact,https://waytochurch.com/lyrics/song/12501
12502,Adagaka Mundhe Akkaralerigi,అడగక ముందే అక్కరలెరిగి,full,630,806,0,0,,in_library_exact,https://waytochurch.com/lyrics/song/12502
12503,Kummari Chethilo Manti Vale,కుమ్మరి చేతిలో మంటి వలె,full,391,453,0,0,,in_library_exact,https://waytochurch.com/lyrics/song/12503
12504,Sthuthi Gaaname Paadanaa,స్తుతి గానమే పాడనా,full,543,691,0,0,,in_library_exact,https://waytochurch.com/lyrics/song/12504
12505,Idhe Naa Hrudhaya Vaanchana,ఇదే నా హృదయ వాంఛన,full,794,990,0,0,,in_library_exact,https://waytochurch.com/lyrics/song/12505
12506,Sundharamaina Dehaalenno Shithilam Kaaledhaa,సుందరమైన దేహాలెన్నో శిధిలం కాలేదా,full,867,1129,0,0,,missing,https://waytochurch.com/lyrics/song/12506
12507,Devaa Naa Hrudayamutho,దేవా నా హృదయముతో,full,366,447,0,0,,in_library_exact,https://waytochurch.com/lyrics/song/12507
12508,Aakarshinche Priyudaa,ఆకర్షించే ప్రియుడా…,full,500,624,0,0,,in_library_exact,https://waytochurch.com/lyrics/song/12508
12509,Edusthunnaademo Yesayya,ఏడుస్తున్నాడేమో యేసయ్య,full,450,504,0,0,,in_library_exact,https://waytochurch.com/lyrics/song/12509
12510,Paavuramaa Nee Prema Entha Madhuramu,పావురమా నీ ప్రేమ ఎంత మధురము,full,550,672,0,0,,in_library_exact,https://waytochurch.com/lyrics/song/12510
12511,Devaadhi Devudu Mahopakaarudu,దేవాది దేవుడు మహోపకారుడు,full,415,529,0,0,,in_library_exact,https://waytochurch.com/lyrics/song/12511
12512,Goodu Vidachi Vellina Naade,గూడు విడచి వెళ్లిన నాడే,full,350,439,0,0,,in_library_exact,https://waytochurch.com/lyrics/song/12512
12513,Neeve Neeve Kaavaali Prabhuvuku,నీవే నీవే కావాలి ప్రభువుకు,full,484,600,0,0,,in_library_exact,https://waytochurch.com/lyrics/song/12513
12514,Nijamaina Draakshaavalli Neevee,నిజమైన ద్రాక్షావల్లి నీవే,full,605,758,0,0,,in_library_exact,https://waytochurch.com/lyrics/song/12514
12515,Eruganayyaa Ninneppudu,ఎరుగనయ్యా నిన్నెప్పుడు,full,431,520,0,0,,in_library_exact,https://waytochurch.com/lyrics/song/12515
12516,Viluvainadhi Samayamu O Nesthamaa,విలువైనది సమయము ఓ నేస్తమా,full,449,580,0,0,,in_library_exact,https://waytochurch.com/lyrics/song/12516
12517,Idhi Devuni Nirnayamu,ఇది దేవుని నిర్ణయము,full,324,404,0,0,,in_library_exact,https://waytochurch.com/lyrics/song/12517
12518,Swachchandha Seeyonu Vaasi,స్వఛ్చంద సీయోను వాసి,full,1260,1555,0,0,,in_library_exact,https://waytochurch.com/lyrics/song/12518
12519,Ninu Sthuthiyinche Kaaranam,నిను స్తుతియించే కారణం,full,665,798,0,0,,in_library_exact,https://waytochurch.com/lyrics/song/12519
12520,Yesayyaa Yesayyaa Needhentha Jaali Manasayyaa,యేసయ్యా యేసయ్యా నీదెంత జాలి మనసయ్యా,full,495,576,0,0,,in_library_exact,https://waytochurch.com/lyrics/song/12520
12521,Entha Premo Naapai Yesayyaa,ఎంత ప్రేమో నాపై యేసయ్యా,full,593,705,0,0,,in_library_exact,https://waytochurch.com/lyrics/song/12521
12522,Shilanaina Nannu Shilpivai Maarchaavu,శిలనైన నన్ను శిల్పివై మార్చావు,full,652,783,0,0,,in_library_exact,https://waytochurch.com/lyrics/song/12522
12523,Sundharudaa Athi Kaankshaneeyudaa,సుందరుడా అతి కాంక్షనీయుడా,full,228,283,0,0,,in_library_exact,https://waytochurch.com/lyrics/song/12523
12527,Naa Koraku Baliyaina Prema,నా కొరకు బలియైన ప్రేమ,full,576,723,0,0,,in_library_exact,https://waytochurch.com/lyrics/song/12527
12528,Chitti Potti Paapanu Nenu,చిట్టి పొట్టి పాపను నేను,full,227,263,0,0,,in_library_exact,https://waytochurch.com/lyrics/song/12528
12529,Hosannaa Hosannaa Daaveedu Thanayaa Hosannaa,హోసన్నా హోసన్నా దావీదు తనయా హోసన్నా,full,676,810,0,0,,missing,https://waytochurch.com/lyrics/song/12529
12530,Ardham chesukune apthudavu,అర్ధం చేసుకునే ఆప్తుడవు నీవే బాధను పంచుకునే బంధువు నీవే,none,554,0,0,0,,missing,https://waytochurch.com/lyrics/song/12530
12531,ninne namminanu yesayya,నిన్నే నమ్మినాను యేసయ్య నన్ను విడిచి పోకు యేసయ్య,none,744,0,3,0,,missing,https://waytochurch.com/lyrics/song/12531
12532,Adhigadhigo Alladhigo,అదిగదిగో అల్లదిగో,full,979,1201,0,0,,in_library_exact,https://waytochurch.com/lyrics/song/12532
12536,Yesu Raajaa Arpinchedhanayyaa,యేసు రాజా అర్పించెదనయ్యా నా జీవితం,full,397,442,0,0,,in_library_contained,https://waytochurch.com/lyrics/song/12536
12537,Siluvalo Nee Prema Paapamu Theesenayyaa,సిలువలో నీ ప్రేమ – పాపము తీసేనయ్యా,full,692,829,0,0,,in_library_exact,https://waytochurch.com/lyrics/song/12537
12538,Nee Gnaapakam Anekulanu Prabhu Vaipuku Thrippuchundenaa,నీ జ్ఞాపకం అనేకులను – ప్రభు వైపుకు త్రిప్పుచుండెనా,full,650,803,0,0,,in_library_exact,https://waytochurch.com/lyrics/song/12538
12539,Priya Yesu Mana Koraku,ప్రియ యేసు మన కొరకు,full,460,542,0,0,,in_library_exact,https://waytochurch.com/lyrics/song/12539
12540,Parishuddhudaa Parishuddhudaa Nee Sannidhilo Mokarinchedhaa,పరిశుద్ధుడా పరిశుద్ధుడా నీ సన్నిధిలో మోకరించెదా,full,342,367,0,0,,in_library_exact,https://waytochurch.com/lyrics/song/12540
12542,Hallelooyani Paadarandi Vijayudaina Yesunaku,హల్లేలూయని పాడరండి విజయుడైన యేసునకు,full,331,367,0,0,,in_library_exact,https://waytochurch.com/lyrics/song/12542
12545,Sarva Maanava Paapa Parihaaraardhamai Doshivaa Prabhu,సర్వమానవ పాపపరిహారార్థమై సిలువలో దోషివా ప్రభూ,full,712,818,0,0,,missing,https://waytochurch.com/lyrics/song/12545
12550,Lekkimpaga Tharamaa Nee Melulu,లెక్కింపగ తరమా నీ మేలులు,full,505,618,0,0,,in_library_exact,https://waytochurch.com/lyrics/song/12550
12554,Sthuthiki Paathrudaa Sathya Sheeludaa,స్తుతికి పాత్రుడా సత్య శీలుడా,full,459,523,0,0,,in_library_exact,https://waytochurch.com/lyrics/song/12554
12555,Kanti Paapanu Kaayu Reppalaa,కంటి పాపను కాయు రెప్పలా,full,555,678,0,0,,in_library_exact,https://waytochurch.com/lyrics/song/12555
12556,Ishraayelu Devaa NAa Sthuthula Meedha Aaseenudaa,ఇశ్రాయేలు దేవా నా స్తుతులమీద ఆసీనుడా,full,671,881,0,0,,in_library_exact,https://waytochurch.com/lyrics/song/12556
12558,Yesayyaa Nee Maatalu Thene Kante Madhuramu,యేసయ్యా నీ మాటలు – తేనె కంటె మధురము,full,563,708,0,0,,in_library_exact,https://waytochurch.com/lyrics/song/12558
12559,Aathma Varshamu Maapai Kuripinchumu,ఆత్మ వర్షము మాపై కురిపించుము,full,435,524,0,0,bro  Paul Emmanuel,in_library_exact,https://waytochurch.com/lyrics/song/12559
12560,Cheekatule Nannu Kammukonangaa,చీకటులే నన్ను కమ్ముకొనంగా,full,465,567,0,0,,in_library_exact,https://waytochurch.com/lyrics/song/12560
12562,Nee Prema Naa Jeevithaanni,నీ ప్రేమ నా జీవితాన్ని – నీకై వెలిగించెనే యేసయ్యా,full,542,640,0,0,,in_library_exact,https://waytochurch.com/lyrics/song/12562
12563,Sadaakaalamu Nee Yande,సదాకాలము – నీ యందే నా గురి,full,473,577,0,0,,in_library_contained,https://waytochurch.com/lyrics/song/12563
12564,Manasulokataaye Bhuvilo,మనసులొకటాయే భువిలో,full,413,533,0,0,,in_library_exact,https://waytochurch.com/lyrics/song/12564
12565,Gurthundipoye Ee Kshanaalalo,గుర్తుండిపోయే ఈ క్షణాలలో,full,526,633,0,0,,in_library_exact,https://waytochurch.com/lyrics/song/12565
13116,Dhanya maaye na jeevithame,ధన్య మాయె న జీవితమె,full,834,1070,0,0,"Jonah Samuel, singer Harini",missing,https://waytochurch.com/lyrics/song/13116
13119,Amma Kanna Minna O Yesayyaa,అమ్మ కన్న మిన్న ఓ యేసయ్యా,full,205,245,0,0,,in_library_exact,https://waytochurch.com/lyrics/song/13119
13121,Sthuthi Madhura Geethamu Velaadi Sthothramu,స్తుతి మధుర గీతము వేలాది స్తోత్రము,full,475,590,0,0,,in_library_exact,https://waytochurch.com/lyrics/song/13121
13127,Ae Bhaashakandani Bhaavam Neevu,ఏ భాషకందని భావం నీవు,full,750,947,0,0,,in_library_exact,https://waytochurch.com/lyrics/song/13127
13152,Devaa Nee Aathmanu Naa Nundi,దేవా నీ ఆత్మను నా నుండి,full,440,529,0,0,,in_library_exact,https://waytochurch.com/lyrics/song/13152
13154,Yugayugaalu Maariponidhi,యుగయుగాలు మారిపోనిది,full,525,620,0,0,,in_library_exact,https://waytochurch.com/lyrics/song/13154
13155,Nenante Neeku Enthishtamo,నేనంటే నీకు ఎంతిష్టమో,full,490,644,0,0,,in_library_exact,https://waytochurch.com/lyrics/song/13155
13164,Aashrayamaa Aadhaaramaa Neeve Naa Yesayyaa,ఆశ్రయమా ఆధారమా నీవే నా యేసయ్యా,full,493,607,0,0,,in_library_exact,https://waytochurch.com/lyrics/song/13164
13168,Ishraayelu Sainyamulaku Mundu Nadachina Daivamaa,ఇశ్రాయేలు సైన్యములకు ముందు నడచిన దైవమా,full,449,530,0,0,,in_library_exact,https://waytochurch.com/lyrics/song/13168
13169,Ae Gumpulo Nunnaavo,ఏ గుంపులో నున్నావో,full,875,1015,0,0,,in_library_exact,https://waytochurch.com/lyrics/song/13169
13170,Thana Rakthamtho Kadigi,తన రక్తంతో కడిగి,full,295,376,0,0,,in_library_exact,https://waytochurch.com/lyrics/song/13170
13172,Enaleni Prema Naapaina Choopi Narunigaa Vachchina Naa Devaa,ఎనలేని ప్రేమ నాపైన చూపి,full,360,445,0,0,,in_library_exact,https://waytochurch.com/lyrics/song/13172
13183,Ontarithanamulo Thoduvai,ఒంటరితనములో తోడువై,full,304,383,0,0,,in_library_exact,https://waytochurch.com/lyrics/song/13183
13188,Yavvanaa Janamaa,యవ్వనా జనమా,full,351,428,0,0,,in_library_exact,https://waytochurch.com/lyrics/song/13188
13190,Naa Chinni Hrudayamlo Yesu Unnaadu,నా చిన్ని హృదయంలో యేసు ఉన్నాడు,full,373,439,0,0,,in_library_exact,https://waytochurch.com/lyrics/song/13190
13191,Gira Gira Thirigi Thirigi Thirigi,గిర గిర తిరిగి తిరిగి తిరిగి,full,444,543,0,0,,in_library_exact,https://waytochurch.com/lyrics/song/13191
13192,Yesu Raajaa Neeke,యేసు రాజా నీకే,full,381,492,0,0,,in_library_exact,https://waytochurch.com/lyrics/song/13192
13193,Innaallu Thodugaa Maatho Nadichaavu,ఇన్నాళ్లు తోడుగా మాతో నడిచావు,full,397,492,0,0,AR Stevenson,in_library_exact,https://waytochurch.com/lyrics/song/13193
13194,Nammaku Ilalo Evarini,నమ్మకు ఇలలో ఎవరిని,full,650,773,0,0,AR Stevenson,in_library_exact,https://waytochurch.com/lyrics/song/13194
13195,Aaraadhana Aaraadhana,ఆరాధన… ఆరాధన…,full,485,630,0,0,,in_library_exact,https://waytochurch.com/lyrics/song/13195
13196,Madhuram Ee Shubha Samayam,మధురం ఈ శుభ సమయం,full,409,536,0,0,,in_library_exact,https://waytochurch.com/lyrics/song/13196
13197,Ishraayelu Raajuve,ఇశ్రాయేలు రాజువే,full,320,381,0,0,,in_library_exact,https://waytochurch.com/lyrics/song/13197
13206,Nadavaalani Yesu Nadavaalani,నడవాలని యేసు నడవాలని,full,342,468,0,0,,in_library_exact,https://waytochurch.com/lyrics/song/13206
13215,Aaraadhinchedam Aarbhaatinchedam Yesuni Sannidhilo,ఆరాధించెదం ఆర్భాటించెదం – యేసుని సన్నిధిలో,full,646,795,0,0,,in_library_exact,https://waytochurch.com/lyrics/song/13215
13216,Neeve Neeve Nannu Pilichina Swaramu,నీవే నీవే నన్ను పిలిచిన స్వరము,full,504,630,0,0,,in_library_exact,https://waytochurch.com/lyrics/song/13216
13217,Neethone Undutaye,నీతోనే ఉండుటయే,full,341,423,0,0,,in_library_exact,https://waytochurch.com/lyrics/song/13217
13218,Nee Krupa Aakaashamu Kannaa Etthainadhi Yesayyaa,నీ కృప ఆకాశము కన్నా ఎత్తైనది యేసయ్యా,full,357,443,0,0,,in_library_exact,https://waytochurch.com/lyrics/song/13218
13222,kanti papa valey nannu,కంటి పాప వలే నన్ను కాచుటకు నేను అర్హుడనా నేను అర్హుడనా,none,951,0,0,0,,missing,https://waytochurch.com/lyrics/song/13222
13223,yehova yeere,యెహోవా యీరే నను చూసేవాడ నీవండుటయే చాలు,none,574,0,0,0,,in_library_exact,https://waytochurch.com/lyrics/song/13223
13224,Neeke Naa Aaraadhana Neeke Naa Aalaapana,నీకే నా ఆరాధన,full,343,425,0,0,,in_library_exact,https://waytochurch.com/lyrics/song/13224
13229,Bhoopunaadhi Munupe Ee Loka Srushti Munde,భూపునాది మునుపే – ఈ లోక సృష్టి ముందే,full,498,607,0,0,,in_library_exact,https://waytochurch.com/lyrics/song/13229
13233,Manchini Panche Daarokati,మంచిని పంచే దారొకటి,full,476,566,0,0,,in_library_exact,https://waytochurch.com/lyrics/song/13233
13234,Needhu Prema Naalo Unchi Jeevamunichchaavu,నీదు ప్రేమ నాలో ఉంచి జీవమునిచ్చావు,full,530,665,0,0,prabhu pammi,in_library_exact,https://waytochurch.com/lyrics/song/13234
13235,Nee Sannidhilo Ee Aaraadhananu,నీ సన్నిధిలో ఈ ఆరాధనను,full,368,451,0,0,,in_library_exact,https://waytochurch.com/lyrics/song/13235
13236,Ananda ganalatho,ఆనంద గానాలతో ఆరాధించెద ఐశ్వర్యవంతుడా యేసయ్య,none,650,0,0,0,,missing,https://waytochurch.com/lyrics/song/13236
13237,Devaa Yehovaa naaku chaalina vaada,దేవా… యెహోవా… నాకు చాలిన వాడా,full,366,449,0,0,,in_library_exact,https://waytochurch.com/lyrics/song/13237
13238,Yese Nee Madhilo Undagaa,యేసే నీ మదిలో ఉండగా,full,513,621,0,0,,in_library_exact,https://waytochurch.com/lyrics/song/13238
13239,Ellappudunu Prabhuvunandu Aanandinchandi,ఎల్లప్పుడును ప్రభువునందు ఆనందించండి,full,799,974,0,0,,in_library_exact,https://waytochurch.com/lyrics/song/13239
13240,Sthothrabali Arpinchedhamu,స్తోత్రబలి అర్పించెదము,full,565,671,0,0,,in_library_exact,https://waytochurch.com/lyrics/song/13240
13241,Janminche Janminche Raaraaju Janminche Cheekati Brathukulu Tholaginchi Lokamune Veliginche,జన్మించె జన్మించె – రారాజు జన్మించె,full,778,905,0,0,,in_library_exact,https://waytochurch.com/lyrics/song/13241
13244,Chakkanaina Daari Neeve,చక్కనైన దారి నీవే,full,458,565,0,0,,in_library_exact,https://waytochurch.com/lyrics/song/13244
13245,Dhayaaludaa Nee Krupa Nithyamundunu,దయాళుడా నీ కృప నిత్యముండును,full,341,398,0,0,,in_library_exact,https://waytochurch.com/lyrics/song/13245
13248,Devaa Yehovaa Seeyonulo Nundi,దేవా యెహోవా సీయోనులో నుండి,full,435,532,0,0,,in_library_exact,https://waytochurch.com/lyrics/song/13248
13249,Goppavaadu Kreesthu Yesu Puttinaadu Nee Kosam,గొప్పవాడు క్రీస్తు యేసు పుట్టినాడు నీ కోసం,full,465,550,0,0,,in_library_exact,https://waytochurch.com/lyrics/song/13249
13255,athyunnatha simhaasanamupai aaseenudavaina devaa,అత్యున్నత సింహాసనముపై ఆసీనుడవైన,full,731,901,0,0,Amshumathi Mary,in_library_contained,https://waytochurch.com/lyrics/song/13255
13256,vandanamayyaa vandanamayyaa yesu naathaa,వందనమయ్యా వందనమయ్యా యేసు,full,542,711,0,0,,in_library_contained,https://waytochurch.com/lyrics/song/13256
13257,advitheeya sathya devudu,అద్వితీయ సత్య దేవుడు,full,193,236,0,0,,in_library_exact,https://waytochurch.com/lyrics/song/13257
13258,anni velala aaraadhana,అన్ని వేళల ఆరాధన,full,363,433,0,0,,in_library_exact,https://waytochurch.com/lyrics/song/13258
13259,anudinam aa prabhuni varame,అనుదినం ఆ ప్రభుని,full,560,673,0,0,,missing,https://waytochurch.com/lyrics/song/13259
13260,appagimpabadina raathri,అప్పగింపబడిన రాత్రి,full,558,669,0,0,,in_library_exact,https://waytochurch.com/lyrics/song/13260
13261,amoolyamaina aanimuthyamaa,అమూల్యమైన ఆణిముత్యమా,full,501,627,0,0,Rev  Rachel Jyothi Komanapalli,in_library_exact,https://waytochurch.com/lyrics/song/13261
13262,ayyaa naa kosam kalvarilo,అయ్యా నా కోసం,full,364,428,0,0,,missing,https://waytochurch.com/lyrics/song/13262
13263,avadhule lenidi divyamaina nee krupa,అవధులే లేనిది దివ్యమైన,full,566,706,0,0,,in_library_contained,https://waytochurch.com/lyrics/song/13263
13264,andaalu chinde shubha vela anduko ee vela,అందాలు చిందే శుభ,full,388,474,0,0,,missing,https://waytochurch.com/lyrics/song/13264
13265,aakaasham amrutha jallulu kurpinchindi,ఆకాశం అమృత జల్లులు,full,344,454,0,0,,in_library_contained,https://waytochurch.com/lyrics/song/13265
13267,aathmeeya gaanaalatho,ఆత్మీయ గానాలతో,full,730,903,0,0,,in_library_exact,https://waytochurch.com/lyrics/song/13267
13268,aapathkaalamuna naaku aashrayamu neeve,ఆపత్కాలమున నాకు ఆశ్రయము,full,592,733,0,0,,in_library_contained,https://waytochurch.com/lyrics/song/13268
13269,aakashaana thaara okati velasindi,ఆకశాన తార ఒకటి,full,546,648,0,0,,missing,https://waytochurch.com/lyrics/song/13269
13270,adugaduguna raktha bindhuvule,అడుగడుగున రక్త బింధువులే,full,481,583,0,0,,in_library_exact,https://waytochurch.com/lyrics/song/13270
13271,aarambhamayyindi restoration,ఆరంభమయ్యింది రెస్టోరేషన్,full,2009,2397,0,0,,in_library_exact,https://waytochurch.com/lyrics/song/13271
13272,aalakinchu devaa sthothraalaapana,ఆలకించు దేవా స్తోత్రాలాపన,full,521,677,0,0,,in_library_exact,https://waytochurch.com/lyrics/song/13272
13273,aalochanalo goppavaadaa,ఆలోచనలో గొప్పవాడా,full,452,617,0,0,,in_library_exact,https://waytochurch.com/lyrics/song/13273
13274,aavedana nenondanu,ఆవేదన నేనొందను,full,398,493,0,0,,in_library_exact,https://waytochurch.com/lyrics/song/13274
13275,aascharyakarudaa sthothram,ఆశ్చర్యకరుడా స్తోత్రం,full,283,356,0,0,,in_library_lyric_line,https://waytochurch.com/lyrics/song/13275
13276,aashraya durgamaa naa yesayyaa,ఆశ్రయదుర్గమా నా యేసయ్యా,full,722,907,0,0,,in_library_exact,https://waytochurch.com/lyrics/song/13276
13277,idigo devuni gorrepillaa,ఇదిగో దేవుని గొర్రెపిల్లా,full,688,781,0,0,,in_library_exact,https://waytochurch.com/lyrics/song/13277
13278,innellu ilalo unnaamu manamu,ఇన్నేళ్లు ఇలలో ఉన్నాము,full,437,532,0,0,,in_library_contained,https://waytochurch.com/lyrics/song/13278
13279,isuka meeda illu kattaku adi koolipothundi,ఇసుక మీద ఇల్లు,full,906,1042,0,0,,missing,https://waytochurch.com/lyrics/song/13279
13280,unnaadu devudu naaku thodu,ఉన్నాడు దేవుడు నాకు,full,362,442,0,0,,missing,https://waytochurch.com/lyrics/song/13280
13281,ullaasa jeevitham adi oohaku andanidi,ఉల్లాస జీవితం అది,full,784,958,0,0,,missing,https://waytochurch.com/lyrics/song/13281
13282,oohinchaleni kaaryamulu devudu jariginchinaadu,ఊహించలేని కార్యములు దేవుడు,full,580,715,0,0,,in_library_contained,https://waytochurch.com/lyrics/song/13282
13283,ekkado manasu vellipoyindi,ఎక్కడో మనసు వెళ్ళిపోయింది,full,509,592,0,0,,in_library_exact,https://waytochurch.com/lyrics/song/13283
13284,etu choochinaa yuddha samaachaaraalu,ఎటు చూచినా యుద్ధ,full,859,1040,0,0,,missing,https://waytochurch.com/lyrics/song/13284
13285,eppudo ekkado janminchina meeriruvuru,ఎప్పుడో ఎక్కడో జన్మించిన,full,976,1099,0,0,,in_library_contained,https://waytochurch.com/lyrics/song/13285
13286,ellalu lenidi sarihaddulu lenidi,ఎల్లలు లేనిది సరిహద్దులు,full,529,590,0,0,,in_library_contained,https://waytochurch.com/lyrics/song/13286
13287,evari kosamo ee praana thyaagamu,ఎవరి కోసమో ఈ,full,576,698,0,0,,missing,https://waytochurch.com/lyrics/song/13287
13288,neevunnaavani oke aasha,నీవున్నావని ఒకే ఆశ,full,552,662,0,0,,in_library_exact,https://waytochurch.com/lyrics/song/13288
13289,evaru sameepinchaleni,ఎవరూ సమీపించలేని,full,486,608,0,0,,in_library_exact,https://waytochurch.com/lyrics/song/13289
13290,krupa krupa krupa,కృప… కృప… కృప…,full,499,651,0,0,,in_library_exact,https://waytochurch.com/lyrics/song/13290
13291,entha cheppina vaakyaminaka pothivi,ఎంత చెప్పిన వాక్యమినక,full,340,419,0,0,,in_library_contained,https://waytochurch.com/lyrics/song/13291
13292,entha dooramainaa adi entha bhaaramainaa,ఎంత దూరమైనా అది,full,359,446,0,0,,missing,https://waytochurch.com/lyrics/song/13292
13293,ఎంత పెద్ద పోరాటమో,ఎంత పెద్ద పోరాటమో,full,425,493,0,0,,in_library_exact,https://waytochurch.com/lyrics/song/13293
13294,enthati vaadanu nenu yesayyaa,ఎంతటి వాడను నేను,full,625,761,0,0,,missing,https://waytochurch.com/lyrics/song/13294
13295,enthentha bhaaramaaye aa siluva,ఎంతెంత భారమాయె ఆ,full,640,747,0,0,,missing,https://waytochurch.com/lyrics/song/13295
13296,entho bhaagyambu shree yesu dorikenu,ఎంతో భాగ్యంబు శ్రీ,full,359,454,0,0,,missing,https://waytochurch.com/lyrics/song/13296
13297,entho madhuram naa yesu prema,ఎంతో మధురం నా,full,359,436,0,0,,missing,https://waytochurch.com/lyrics/song/13297
13298,entho sundarudamma thaanu,ఎంతో సుందరుడమ్మ తాను…,full,970,1186,0,0,,in_library_exact,https://waytochurch.com/lyrics/song/13298
13299,endaro endaru endaro,ఎందరో… ఎందరు ఎందరో…,full,366,435,0,0,,in_library_exact,https://waytochurch.com/lyrics/song/13299
13300,enduko devaa inthati premaa,ఎందుకో దేవా ఇంతటి,full,441,518,0,0,,missing,https://waytochurch.com/lyrics/song/13300
13301,ae yogyathaa leni nannu neevu preminchinaavu devaa,ఏ యోగ్యతా లేని,full,490,604,0,0,,missing,https://waytochurch.com/lyrics/song/13301
13302,emani ne paadedan etlu ninnu sthuthiyinthunu,ఏమని నే పాడెదన్,full,596,693,0,0,,missing,https://waytochurch.com/lyrics/song/13302
13303,emivvagalanayya naa yesayyaa,ఏమివ్వగలనయ్య నా యేసయ్యా,full,495,595,0,0,,in_library_exact,https://waytochurch.com/lyrics/song/13303
13304,oka varamadigithini yesayyaa,ఒక వరమడిగితిని యేసయ్యా,full,692,858,0,0,,in_library_exact,https://waytochurch.com/lyrics/song/13304
13305,okasaari nee swaramu vinagaane,ఒకసారి నీ స్వరము,full,464,553,0,0,,missing,https://waytochurch.com/lyrics/song/13305
13306,okkade yesu okkade,ఒక్కడే యేసు ఒక్కడే,full,648,735,0,0,,in_library_exact,https://waytochurch.com/lyrics/song/13306
13307,oke oka maargamu,ఒకే ఒక మార్గము,full,203,249,0,0,,missing,https://waytochurch.com/lyrics/song/13307
13308,o prabhuvaa o prabhuvaa,ఓ ప్రభువా… ఓ,full,423,508,0,0,,missing,https://waytochurch.com/lyrics/song/13308
13309,oranna oranna,ఓరన్న… ఓరన్న,full,517,619,0,0,,in_library_exact,https://waytochurch.com/lyrics/song/13309
13310,nenunnaa neetho antu,నేనున్నా నీతో అంటూ,full,762,943,0,0,,in_library_exact,https://waytochurch.com/lyrics/song/13310
13311,kanneerelammaa karuninchu yesu ninnu viduvabodammaa,కన్నీరేలమ్మా… కరుణించు యేసు,full,557,683,0,0,,in_library_contained,https://waytochurch.com/lyrics/song/13311
13312,Kanneellatho Pagilina Gundetho Alasina Nesthamaa,కన్నీళ్లతో పగిలిన గుండెతో అలసిన నేస్తమా,full,667,554,0,0,,in_library_exact,https://waytochurch.com/lyrics/song/13312
13313,kalvari premanu thalanchunappudu,కల్వరి ప్రేమను తలంచునప్పుడు,full,482,568,0,0,,in_library_exact,https://waytochurch.com/lyrics/song/13313
13314,kalvari siluvalo yesayya nee rakthame,కల్వరి సిలువలో యేసయ్య,full,799,975,0,0,,in_library_contained,https://waytochurch.com/lyrics/song/13314
13315,kalvarilona chesina yaagam,కల్వరిలోన చేసిన యాగం,full,799,957,0,0,,in_library_exact,https://waytochurch.com/lyrics/song/13315
13316,kaluvari giri nundi,కలువరి గిరి నుండి,full,360,441,0,0,,in_library_exact,https://waytochurch.com/lyrics/song/13316
13317,kanta neerela kalathalu aela,కంట నీరేల? కలతలు,full,548,676,0,0,,missing,https://waytochurch.com/lyrics/song/13317
13318,kaanennadu nenu anaathanu,కానెన్నడు నేను అనాథను,full,448,529,0,0,,in_library_exact,https://waytochurch.com/lyrics/song/13318
13319,kaavalivaadaa o kaavalivaadaa,కావలివాడా ఓ కావలివాడా,full,531,643,0,0,,in_library_exact,https://waytochurch.com/lyrics/song/13319
13320,christmas shubha dinam,క్రిస్మస్ శుభదినం,full,513,596,0,0,,in_library_exact,https://waytochurch.com/lyrics/song/13320
13321,keerthinthu nee naamamun,కీర్తింతు నీ నామమున్,full,509,598,0,0,,in_library_exact,https://waytochurch.com/lyrics/song/13321
13322,koorchundunu nee sannidhilo devaa prathi dinam,కూర్చుందును నీ సన్నిధిలో,full,615,740,0,0,,in_library_contained,https://waytochurch.com/lyrics/song/13322
13323,krungina velalo aapada samayamulo,కృంగిన వేళలో ఆపద,full,370,460,0,0,,missing,https://waytochurch.com/lyrics/song/13323
13324,koniyaada tharame ninnu,కొనియాడ తరమే నిన్ను,full,649,787,0,0,,in_library_exact,https://waytochurch.com/lyrics/song/13324
13325,kondalatho cheppumu kadilipovaalani,కొండలతో చెప్పుము కదిలిపోవాలని,full,1492,1814,0,0,,in_library_exact,https://waytochurch.com/lyrics/song/13325
13326,kondalalo konalalo,కొండలలో కోనలలో,full,381,483,0,0,,in_library_exact,https://waytochurch.com/lyrics/song/13326
13327,khaamosh raatho ki thandi hawaao se,ఖామోష్ రాతో కి,full,426,507,0,0,,missing,https://waytochurch.com/lyrics/song/13327
13328,gatha kaalamantha ninu kaachina devudu,గత కాలమంత నిను,full,531,590,0,0,,missing,https://waytochurch.com/lyrics/song/13328
13329,gaali samudrapu alalaku nenu,గాలి సముద్రపు అలలకు,full,356,410,0,0,,in_library_contained,https://waytochurch.com/lyrics/song/13329
13330,gaalinchi choodaraa melainadi,గాలించి చూడరా మేలైనది,full,728,865,0,0,,in_library_exact,https://waytochurch.com/lyrics/song/13330
13331,gunde baruvekkipothunnadi,గుండె బరువెక్కిపోతున్నది,full,625,740,0,0,,in_library_exact,https://waytochurch.com/lyrics/song/13331
13332,goodu leni guvvanai koodu leni biddanai,గూడు లేని గువ్వనై,full,799,901,0,0,,missing,https://waytochurch.com/lyrics/song/13332
13333,chaalaa goppodu chaalaa chaalaa goppodu,చాలా గొప్పోడు చాలా,full,574,734,0,0,,missing,https://waytochurch.com/lyrics/song/13333
13334,chali raathiri eduru choose,చలి రాతిరి ఎదురు,full,461,559,0,0,,missing,https://waytochurch.com/lyrics/song/13334
13335,chaahe thum ko dil se,చాహే తుమ్ కో,full,382,421,0,0,,unusable-title,https://waytochurch.com/lyrics/song/13335
13336,chiru divvela velugulatho,చిరు దివ్వెల వెలుగులతో,full,460,567,0,0,,in_library_exact,https://waytochurch.com/lyrics/song/13336
13337,chinthenduku meeku digulenduku,చింతెందుకు మీకు దిగులెందుకు,full,382,462,0,0,,in_library_exact,https://waytochurch.com/lyrics/song/13337
13338,premaapremaa,ప్రేమా … ప్రేమా…,full,910,1122,0,0,,in_library_exact,https://waytochurch.com/lyrics/song/13338
13339,choochuchunna devudavayyaa nannu choochinaavu,చూచుచున్న దేవుడవయ్యా నన్ను,full,526,644,0,0,,in_library_contained,https://waytochurch.com/lyrics/song/13339
13340,choopula valana kaligedi prema kaadammaa,చూపుల వలన కలిగేది,full,429,522,0,0,,in_library_contained,https://waytochurch.com/lyrics/song/13340
13341,cheppalenu baaboi prabhu goppathanaanni,చెప్పలేను బాబోయ్ ప్రభు,full,350,382,0,0,,in_library_contained,https://waytochurch.com/lyrics/song/13341
13342,jagathiki velugunu thechchenule christmas christmas,జగతికి వెలుగును తెచ్చెనులే,full,437,506,0,0,,in_library_contained,https://waytochurch.com/lyrics/song/13342
13343,jaagraththa bhakthulaaraa pilupide prabhu yesu vegavachchunu,"జాగ్రత్త, భక్తులారా పిలుపిదే",full,660,823,0,0,,in_library_contained,https://waytochurch.com/lyrics/song/13343
13344,jaaligala daivamaa yesayyaa,జాలిగల దైవమా యేసయ్యా,full,470,566,0,0,,in_library_exact,https://waytochurch.com/lyrics/song/13344
13345,jeeva naadha mukthi daatha,జీవ నాధ ముక్తి,full,427,519,0,0,,missing,https://waytochurch.com/lyrics/song/13345
13346,jeevithamlo nerchukunnaanu oka paatam,జీవితంలో నేర్చుకున్నాను ఒక,full,479,576,0,0,,in_library_contained,https://waytochurch.com/lyrics/song/13346
13347,happy christmas merry christmas,హ్యాప్పీ క్రిస్మస్ మెర్రి క్రిస్మస్,full,521,595,0,0,,in_library_exact,https://waytochurch.com/lyrics/song/13347
13348,thappipoyina gorre thappipoyina manushyuda,తప్పిపోయిన గొర్రె తప్పిపోయిన,full,492,572,0,0,,in_library_contained,https://waytochurch.com/lyrics/song/13348
13349,tharachi tharachi chooda tharamaa,తరచి తరచి చూడ,full,566,712,0,0,,missing,https://waytochurch.com/lyrics/song/13349
13350,thalli thana biddanu marachinaa gaani,తల్లి తన బిడ్డను,full,595,715,0,0,,missing,https://waytochurch.com/lyrics/song/13350
13351,thambura sithaara naadamutho,తంబుర సితార నాదముతో,full,353,432,0,0,,in_library_exact,https://waytochurch.com/lyrics/song/13351
13352,thyaagamentha chesaavu devaa,త్యాగమెంత చేసావు దేవా,full,334,407,0,0,,in_library_exact,https://waytochurch.com/lyrics/song/13352
13353,thraahimaam kreesthu naatha daya jooda raave,త్రాహిమాం క్రీస్తు నాథ,full,828,976,0,0,,in_library_contained,https://waytochurch.com/lyrics/song/13353
13354,thrithvaikamaa sakaleshwaraa,త్రిత్వైకమా సకలేశ్వరా,full,391,498,0,0,,in_library_exact,https://waytochurch.com/lyrics/song/13354
13355,davalavarnudaa rathnavarnudaa,దవలవర్ణుడా రత్నవర్ణుడా,full,527,630,0,0,,in_library_exact,https://waytochurch.com/lyrics/song/13355
13356,hosannaa,హోసన్నా…,full,666,835,0,0,,unusable-title,https://waytochurch.com/lyrics/song/13356
13357,dikkulanni neevele dikkulanni neevele,దిక్కులన్ని నీవేలే దిక్కులన్ని,full,470,545,0,0,,in_library_contained,https://waytochurch.com/lyrics/song/13357
13358,dikkulenni thiriginaa ae dikku vedakinaa,దిక్కులెన్ని తిరిగినా ఏ,full,613,710,0,0,,in_library_contained,https://waytochurch.com/lyrics/song/13358
13359,dinadinamu vijayamu manade,దినదినము విజయము మనదే,full,243,303,0,0,,in_library_exact,https://waytochurch.com/lyrics/song/13359
13360,diviteelu mandaali siddelalo noonundaali,దివిటీలు మండాలి సిద్దెలలో,full,461,572,0,0,,in_library_contained,https://waytochurch.com/lyrics/song/13360
13361,divinelu sthothraarhudaa yesayyaa,దివినేలు స్తోత్రార్హుడా యేసయ్యా,full,746,932,0,0,,in_library_exact,https://waytochurch.com/lyrics/song/13361
13362,devudu neeku thelusu neevu devuniki thelusaa,దేవుడు నీకు తెలుసు,full,668,779,0,0,,missing,https://waytochurch.com/lyrics/song/13362
13363,devuni sthuthiyinchi aaraadhinthumu,దేవుని స్తుతియించి ఆరాధింతుము,full,775,955,0,0,,in_library_exact,https://waytochurch.com/lyrics/song/13363
13364,dorakunu samasthamu yesu paadaala chentha,దొరకును సమస్తము యేసు,full,714,863,0,0,,in_library_contained,https://waytochurch.com/lyrics/song/13364
13365,nanu viduvaka edabaayaka,నను విడువక ఎడబాయక,full,319,390,0,0,,in_library_exact,https://waytochurch.com/lyrics/song/13365
13366,nammuko yesayyanu,నమ్ముకో యేసయ్యను,full,372,413,0,0,,in_library_exact,https://waytochurch.com/lyrics/song/13366
13367,nashiyinchedi lokamlo vasiyinchavu kala kaalam,నశియించెడి లోకంలో వసియించవు,full,492,609,0,0,,in_library_contained,https://waytochurch.com/lyrics/song/13367
13368,naa oohakandani prematho nannu neevu pilichaavu,నా ఊహకందని ప్రేమతో,full,521,630,0,0,,in_library_contained,https://waytochurch.com/lyrics/song/13368
13369,naa kannuleththi vechiyundunu,నా కన్నులెత్తి వేచియుందును,full,230,278,0,0,,in_library_exact,https://waytochurch.com/lyrics/song/13369
13370,naa jeevitha kaalamantha ninu keerthinchina chaalunaa,నా జీవితకాలమంత నిను,full,602,750,0,0,,in_library_contained,https://waytochurch.com/lyrics/song/13370
13371,naa devuni gudaaramulo naa yesuni nivaasamulo,నా దేవుని గుడారములో,full,606,729,0,0,,missing,https://waytochurch.com/lyrics/song/13371
13372,naa naanna intiki nenu vellaali,నా నాన్న యింటికి,full,507,598,0,0,,missing,https://waytochurch.com/lyrics/song/13372
13373,naa praanamaa aelane krunginaavu nireekshanaa neevunchumaa,నా ప్రాణమా ఏలనే,full,779,960,0,0,,missing,https://waytochurch.com/lyrics/song/13373
13374,naa yedala neekunna thalampulanni,నా యెడల నీకున్న,full,709,895,0,0,,missing,https://waytochurch.com/lyrics/song/13374
13375,naaku jeevamai unna naa jeevamaa,నాకు జీవమై ఉన్న,full,485,632,0,0,,missing,https://waytochurch.com/lyrics/song/13375
13376,naaku balamu unnantha varaku,నాకు బలము ఉన్నంత,full,494,594,0,0,,missing,https://waytochurch.com/lyrics/song/13376
13377,devaa nee naamam paavana dhaamam,దేవా నీ నామం…,full,471,552,0,0,,unusable-title,https://waytochurch.com/lyrics/song/13377
13378,naadu jeevithamu maaripoyinadi,నాదు జీవితము మారిపొయినది,full,666,805,0,0,,in_library_exact,https://waytochurch.com/lyrics/song/13378
13379,naalo unna aashalanniyu,నాలో ఉన్న ఆశలన్నియు,full,541,652,0,0,,in_library_exact,https://waytochurch.com/lyrics/song/13379
13380,Nenu chesina paapamukai,నేను చేసిన పాపముకై,full,642,814,0,0,Gideon (Army jawan),missing,https://waytochurch.com/lyrics/song/13380
13381,ninnu choodaga vachchinaaduraa deva devudu,నిన్ను చూడగ వచ్చినాడురా,full,466,531,0,0,,in_library_contained,https://waytochurch.com/lyrics/song/13381
13382,ninnu thalachi nanu nenu marachi,నిన్ను తలచి నను,full,499,611,0,0,,missing,https://waytochurch.com/lyrics/song/13382
13383,nibbaramutho naa yesuke sthuthi paadedaa,నిబ్బరముతో నా యేసుకే,full,578,704,0,0,,in_library_contained,https://waytochurch.com/lyrics/song/13383
13384,ningilo devudu ninu chooda vachchaadu,నింగిలో దేవుడు నిను,full,423,536,0,0,,missing,https://waytochurch.com/lyrics/song/13384
13385,nee arachethilo chekkukuntivi nanu prabhuvaa,నీ అరచేతిలో చెక్కుకుంటివి,full,631,752,0,0,,in_library_contained,https://waytochurch.com/lyrics/song/13385
13386,nee jeevitham neetee budagaa vantidi,నీ జీవితం నీటీ,full,395,492,0,0,,missing,https://waytochurch.com/lyrics/song/13386
13387,nee jeevitham viluvainadi,నీ జీవితం విలువైనది,full,755,931,0,0,,in_library_exact,https://waytochurch.com/lyrics/song/13387
13388,nee dayalo nenunna intha kaalam,నీ దయలో నేనున్న,full,579,730,0,0,,missing,https://waytochurch.com/lyrics/song/13388
13389,nee paadam mrokkedan nithyamu sthuthinchi,నీ పాదం మ్రొక్కెదన్,full,782,950,0,0,,missing,https://waytochurch.com/lyrics/song/13389
13390,nee premaku saati lene ledu,నీ ప్రేమకు సాటి,full,394,478,0,0,,missing,https://waytochurch.com/lyrics/song/13390
13391,neekasaadhyamainadi ediyu ledu,నీకసాధ్యమైనది ఏదియు లేదు,full,1078,1300,0,0,,in_library_exact,https://waytochurch.com/lyrics/song/13391
13392,neeku entha chesinaa runamu theeradayyaa,నీకు ఎంత చేసినా,full,494,608,0,0,,missing,https://waytochurch.com/lyrics/song/13392
13393,neeku saati evaru leru yesayyaa,నీకు సాటి ఎవరు,full,433,525,0,0,,missing,https://waytochurch.com/lyrics/song/13393
13394,karunaamayudaa paraloka raajaa,కరుణామయుడా పరలోక రాజా,full,612,727,0,0,,in_library_exact,https://waytochurch.com/lyrics/song/13394
13395,neethi sooryudaa yesu,నీతి సూర్యుడా యేసు,full,400,487,0,0,,in_library_exact,https://waytochurch.com/lyrics/song/13395
13397,vekuvane naa devuni aaraadhinthunu,ప్రెయిస్ హిం ఇన్,full,527,535,0,0,,missing,https://waytochurch.com/lyrics/song/13397
13398,nedu ikkada repu ekkado,నేడు ఇక్కడ రేపు,full,392,447,0,0,,missing,https://waytochurch.com/lyrics/song/13398
13399,nede priyaraagam palike nava geetham,నేడే ప్రియరాగం పలికే,full,465,553,0,0,,in_library_contained,https://waytochurch.com/lyrics/song/13399
13400,nenunu naa inti vaarunu,నేనునూ నా ఇంటి,full,569,698,0,0,,missing,https://waytochurch.com/lyrics/song/13400
13401,nenerugudunu oka snehithuni,నేనెరుగుదును ఒక స్నేహితుని,full,320,380,0,0,,in_library_exact,https://waytochurch.com/lyrics/song/13401
13402,nesthamaa priyanesthamaa madhuramaina bandhamaa,నేస్తమా ప్రియ నేస్తమా,full,221,282,0,0,,in_library_contained,https://waytochurch.com/lyrics/song/13402
13403,paralokame naa anthapuram,పరలోకమే నా అంతఃపురం,full,445,554,0,0,,in_library_exact,https://waytochurch.com/lyrics/song/13403
13404,paralokamlo unnaa maa yesu,పరలోకంలో ఉన్న మా,full,457,554,0,0,,missing,https://waytochurch.com/lyrics/song/13404
13405,parishuddhaathmudaa neeke vandanam,పరిశుద్ధాత్ముడా నీకే వందనం,full,605,761,0,0,,in_library_exact,https://waytochurch.com/lyrics/song/13405
13406,parishuddhudaa naa yesayyaa ninne sthothrinthunu,పరిశుద్ధుడా నా యేసయ్యా,full,327,398,0,0,,in_library_contained,https://waytochurch.com/lyrics/song/13406
13407,prabhu yesuni poojinchedam,ప్రభు యేసుని పూజించెదం,full,358,443,0,0,,in_library_exact,https://waytochurch.com/lyrics/song/13407
13408,prabhu hastham naapai nundi,ప్రభు హస్తం నాపై,full,325,376,0,0,,missing,https://waytochurch.com/lyrics/song/13408
13409,prabhuvaa kaachithivi intha kaalam,ప్రభువా… కాచితివి ఇంత,full,571,691,0,0,,in_library_contained,https://waytochurch.com/lyrics/song/13409
13410,ప్రభువా మాకు నీవిచ్చిన,ప్రభువా మాకు నీవిచ్చిన,full,632,796,0,0,,in_library_contained,https://waytochurch.com/lyrics/song/13410
13411,paadanaa mounamugaane sthuthi keerthana,పాడనా మౌనముగానే స్తుతి,full,574,734,0,0,,in_library_contained,https://waytochurch.com/lyrics/song/13411
13412,paathaalamlo aathmala aartha naadam,పాతాళంలో ఆత్మల ఆర్తనాదం,full,503,620,0,0,,in_library_exact,https://waytochurch.com/lyrics/song/13412
13413,paapamerugani paavanaathmuni,పాపమెరుగని పావనాత్ముని,full,338,431,0,0,,in_library_exact,https://waytochurch.com/lyrics/song/13413
13414,praardhana vinnaavayyaa vijayam nichchaavayyaa,ప్రార్ధన విన్నావయ్యా విజయం,full,500,598,0,0,,in_library_contained,https://waytochurch.com/lyrics/song/13414
13415,ప్రార్థన శక్తి నాకు,ప్రార్థన శక్తి నాకు,full,553,665,0,0,,in_library_contained,https://waytochurch.com/lyrics/song/13415
13416,priya sanghasthulaaraa,ప్రియ సంఘస్థులారా,full,387,465,0,0,,in_library_exact,https://waytochurch.com/lyrics/song/13416
13417,premagala yesayyaa,ప్రేమగల యేసయ్యా,full,754,916,0,0,,in_library_exact,https://waytochurch.com/lyrics/song/13417
13418,premalo paddaanu nenu premalo paddaanu,ప్రేమలో పడ్డాను… నేను,full,1977,2296,0,0,,in_library_contained,https://waytochurch.com/lyrics/song/13418
13419,premincheda yesu raajaa,ప్రేమించెద యేసు రాజా,full,891,1140,0,0,,in_library_exact,https://waytochurch.com/lyrics/song/13419
13420,preminthunu ninne jeevinthunu neekai,ప్రేమింతును నిన్నే జీవింతును,full,509,613,0,0,,in_library_contained,https://waytochurch.com/lyrics/song/13420
13421,pailam kodukaa paapam cheyyakuraa,పైలం కొడుకా పాపం,full,1538,1875,0,0,,missing,https://waytochurch.com/lyrics/song/13421
13422,yesayyaa naa yesayyaa,యేసయ్యా నా యేసయ్యా…,full,597,739,0,0,,in_library_exact,https://waytochurch.com/lyrics/song/13422
13423,brathukuta nee kosame,బ్రతుకుట నీ కోసమే,full,459,560,0,0,,in_library_exact,https://waytochurch.com/lyrics/song/13423
13424,baala yesuni janma dinam,బాల యేసుని జన్మ,full,411,499,0,0,,missing,https://waytochurch.com/lyrics/song/13424
13425,baaludu kaadammo balavanthudu yesu,బాలుడు కాదమ్మో బలవంతుడు,full,640,784,0,0,,in_library_contained,https://waytochurch.com/lyrics/song/13425
13426,mana desham bhaaratha desham,మన దేశం భారత,full,193,246,0,0,,missing,https://waytochurch.com/lyrics/song/13426
13427,mana madhyane unnadi paraloka raajyam,మన మధ్యనే ఉన్నది,full,724,876,0,0,,missing,https://waytochurch.com/lyrics/song/13427
13428,mana yesu bethlahemulo,మన యేసు బెత్లహేములో,full,283,325,0,0,,in_library_exact,https://waytochurch.com/lyrics/song/13428
13429,manishi brathuku rangula valayam,మనిషి బ్రతుకు రంగుల,full,588,722,0,0,,in_library_contained,https://waytochurch.com/lyrics/song/13429
13430,manishigaa puttinodu mahaathmudainaa,మనిషిగా పుట్టినోడు మహాత్ముడైనా,full,626,745,0,0,,in_library_exact,https://waytochurch.com/lyrics/song/13430
13431,mallelammaa mallelu thella thellani mallelu,మల్లెలమ్మా మల్లెలు తెల్ల,full,703,802,0,0,,in_library_contained,https://waytochurch.com/lyrics/song/13431
13432,mahaa ghanudavu mahonnathudavu,మహాఘనుడవు మహోన్నతుడవు,full,601,759,0,0,,in_library_exact,https://waytochurch.com/lyrics/song/13432
13433,mahimaku paathrudaa ghanathaku arhudaa,మహిమకు పాత్రుడా ఘనతకు,full,313,384,0,0,,in_library_contained,https://waytochurch.com/lyrics/song/13433
13434,manchi snehithudaa manchi kaaparivi,మంచి స్నేహితుడా మంచి,full,674,832,0,0,,missing,https://waytochurch.com/lyrics/song/13434
13435,mandiramuloniki raarandi,మందిరములోనికి రారండి,full,502,628,0,0,,in_library_exact,https://waytochurch.com/lyrics/song/13435
13436,maaku thoduga neevuntivi,మాకు తోడుగ నీవుంటివి,full,400,474,0,0,,in_library_exact,https://waytochurch.com/lyrics/song/13436
13437,maatlaade yesayyaa,మాట్లాడే యేసయ్యా,full,703,836,0,0,,in_library_exact,https://waytochurch.com/lyrics/song/13437
13438,maate chaalayyaa yesu naaku,మాటే చాలయ్యా యేసూ,full,593,726,0,0,,missing,https://waytochurch.com/lyrics/song/13438
13439,maargamu neevani gamyamu neevani,మార్గము నీవని గమ్యము,full,479,608,0,0,,in_library_contained,https://waytochurch.com/lyrics/song/13439
13440,maargamulanu srujinchuvaadu jeevithaalanu veliginchuvaadu,మార్గములను సృజించువాడు జీవితాలను,full,430,502,0,0,,in_library_contained,https://waytochurch.com/lyrics/song/13440
13441,maarina manasulu madhuram meeku,మారిన మనసులు మధురం,full,393,479,0,0,,in_library_contained,https://waytochurch.com/lyrics/song/13441
13442,maarpuchendavaa neevu marpuchendavaa,మార్పుచెందవా నీవు మర్పుచెందవా,full,671,806,0,0,,in_library_exact,https://waytochurch.com/lyrics/song/13442
13443,mukthi dhilaaye yeeshu naam,ముక్తి దిలాయే యీషు,full,374,433,0,0,,missing,https://waytochurch.com/lyrics/song/13443
13444,meghaala paina mana yesu,మేఘాల పైన మన,full,605,757,0,0,,missing,https://waytochurch.com/lyrics/song/13444
13445,yesu rakthame jayam yesu rakthame jayam,యేసు రక్తమే జయం…,full,458,552,0,0,,missing,https://waytochurch.com/lyrics/song/13445
13446,yesu rakshakaa shathakoti sthothram,యేసు రక్షకా శతకోటి,full,614,747,0,0,,in_library_contained,https://waytochurch.com/lyrics/song/13446
13447,yesu raajyamunaku sainikulam,యేసు రాజ్యమునకు సైనికులం,full,635,785,0,0,,in_library_exact,https://waytochurch.com/lyrics/song/13447
13448,yesu raajaa,యేసు రాజా…,full,376,455,0,0,,unusable-title,https://waytochurch.com/lyrics/song/13448
13449,yesu vanti sundarudu evvaru ee bhuvilo,యేసు వంటి సుందరుడు,full,463,530,0,0,,missing,https://waytochurch.com/lyrics/song/13449
13450,yesuni thiru hrudayamaa,యేసుని తిరు హృదయమా,full,415,514,0,0,,in_library_exact,https://waytochurch.com/lyrics/song/13450
13451,yesuni naamamlo shakthi undani thelusuko,యేసుని నామంలో శక్తి,full,228,275,0,0,,missing,https://waytochurch.com/lyrics/song/13451
13452,yesu neeku kaavaalani,యేసూ… నీకు కావాలని,full,563,658,0,0,,in_library_exact,https://waytochurch.com/lyrics/song/13452
13453,randi randi randayo rakshakudu puttenu,రండి రండి రండయో,full,502,624,0,0,,missing,https://waytochurch.com/lyrics/song/13453
13454,raakada prabhuni raakada,రాకడ ప్రభుని రాకడ,full,491,635,0,0,,in_library_exact,https://waytochurch.com/lyrics/song/13454
13455,raakadane railu bandi vasthunnadi,రాకడనే రైలు బండి,full,396,456,0,0,,missing,https://waytochurch.com/lyrics/song/13455
13456,raajulaku raaju puttenannayya,రాజులకు రాజు పుట్టెనన్నయ్య,full,372,437,0,0,,in_library_exact,https://waytochurch.com/lyrics/song/13456
13457,raajulaku raajaina ee mana vibhuni,రాజులకు రాజైన ఈ,full,409,505,0,0,,missing,https://waytochurch.com/lyrics/song/13457
13458,raathri nedu rakshakundu velise vinthagaa,రాత్రి నేడు రక్షకుండు,full,646,769,0,0,,in_library_contained,https://waytochurch.com/lyrics/song/13458
13459,raaraaju janminche ilalona,రారాజు జన్మించే ఇలలోన,full,640,773,0,0,,in_library_exact,https://waytochurch.com/lyrics/song/13459
13460,medi chettu paiki evvarekkaaru,మేడి చెట్టు పైకి,full,403,442,0,0,,missing,https://waytochurch.com/lyrics/song/13460
13461,meluko vishwaasi meluko,మేలుకో విశ్వాసి మేలుకో,full,452,530,0,0,,in_library_exact,https://waytochurch.com/lyrics/song/13461
13462,yavvanudaa yavvanudaa,యవ్వనుడా యవ్వనుడా,full,464,561,0,0,,in_library_exact,https://waytochurch.com/lyrics/song/13462
13463,yavvanulaaraa meeru prabhu noddaku randi,యవ్వనులారా మీరు ప్రభు,full,670,802,0,0,,in_library_contained,https://waytochurch.com/lyrics/song/13463
13464,yehova naa aashrayam,యెహోవ నా ఆశ్రయం,full,630,760,0,0,,in_library_exact,https://waytochurch.com/lyrics/song/13464
13465,yehovaa dayaaludu sarva shakthimanthudu,యెహోవా దయాళుడు సర్వ,full,434,536,0,0,,in_library_contained,https://waytochurch.com/lyrics/song/13465
13466,yesayya maata jeevimpajeyu lokamlo,యేసయ్య మాట జీవింపజేయు,full,429,499,0,0,,in_library_contained,https://waytochurch.com/lyrics/song/13466
13467,yesayya maata viluvaina maata,యేసయ్య మాట విలువైన,full,643,806,0,0,,in_library_contained,https://waytochurch.com/lyrics/song/13467
13468,yesayyaa ninnu choodaalani aasha,యేసయ్యా నిన్ను చూడాలని,full,509,631,0,0,,in_library_contained,https://waytochurch.com/lyrics/song/13468
13469,yesayyaa praana naatha entho manchodivayyaa,యేసయ్యా ప్రాణ నాథా,full,583,691,0,0,,missing,https://waytochurch.com/lyrics/song/13469
13470,yesayyaa yesayyaa needhentha jaali manasayyaa,యేసయ్యా యేసయ్యా… నీదెంత,full,512,591,0,0,,in_library_contained,https://waytochurch.com/lyrics/song/13470
13471,yesu unte chaalu,యేసు ఉంటే చాలు,full,370,443,0,0,,in_library_exact,https://waytochurch.com/lyrics/song/13471
13472,yesu okkade ee loka rakshakudu,యేసు ఒక్కడే ఈ,full,345,403,0,0,,missing,https://waytochurch.com/lyrics/song/13472
13473,yesu kreesthu puttenu nedu pashuvula paakalo,యేసు క్రీస్తు పుట్టెను,full,448,537,0,0,,in_library_contained,https://waytochurch.com/lyrics/song/13473
13474,yesu goriya pillanu nenu,యేసు గొరియ పిల్లను,full,380,447,0,0,,missing,https://waytochurch.com/lyrics/song/13474
13475,raare raare o janulaaraa vegame raarandoi,రారే రారే ఓ,full,447,559,0,0,,unusable-title,https://waytochurch.com/lyrics/song/13475
13476,lemmu thejarillumu ani,లెమ్ము తేజరిల్లుము అని,full,631,771,0,0,,in_library_exact,https://waytochurch.com/lyrics/song/13476
13477,lokamulo verrivaarini yogyuluga chesaavayyaa yesayyaa,లోకములో వెఱ్ఱివారిని యోగ్యులుగా,full,352,409,0,0,,in_library_contained,https://waytochurch.com/lyrics/song/13477
13478,lokaana eduru choopulu,లోకాన ఎదురు చూపులు,full,467,557,0,0,,in_library_exact,https://waytochurch.com/lyrics/song/13478
13479,holy holy holy holy,హోలీ హోలీ… హోలీ,full,1547,1876,0,0,,in_library_exact,https://waytochurch.com/lyrics/song/13479
13480,varsha dhaaragaa raavaa naa yesayyaa,వర్ష ధారగా రావా,full,386,490,0,0,,missing,https://waytochurch.com/lyrics/song/13480
13481,varshimpanee varshimpanee,వర్షింపనీ వర్షింపనీ,full,415,516,0,0,,in_library_exact,https://waytochurch.com/lyrics/song/13481
13482,vaakyame shareera dhaariyai vasinchenu,వాక్యమే శరీర ధారియై,full,432,526,0,0,,in_library_contained,https://waytochurch.com/lyrics/song/13482
13483,vaadabaarani vishwaasam kopaginchani vaathsalyam,వాడబారని విశ్వాసం కోపగించని,full,577,720,0,0,,missing,https://waytochurch.com/lyrics/song/13483
13484,vijayaseeludaa naa praana priyudaa,విజయశీలుడా నా ప్రాణ,full,694,856,0,0,,in_library_contained,https://waytochurch.com/lyrics/song/13484
13485,viduvanu ninu edabaayanani naa,విడువను నిను ఎడబాయనని,full,490,593,0,0,,in_library_contained,https://waytochurch.com/lyrics/song/13485
13486,viduvavu nannika ennadainanu,విడువవు నన్నిక ఎన్నడైననూ,full,452,535,0,0,,in_library_exact,https://waytochurch.com/lyrics/song/13486
13487,vidheyathake ardhamu cheppina vinaya manaskudaa,విధేయతకే అర్ధము చెప్పిన,full,518,654,0,0,,in_library_contained,https://waytochurch.com/lyrics/song/13487
13488,yesayyaa naa praana naathaa ninu,యేసయ్యా నా ప్రాణనాథా,full,454,569,0,0,,in_library_exact,https://waytochurch.com/lyrics/song/13488
13489,viluvainadi nee aayushkaalam,విలువైనది నీ ఆయుష్కాలం,full,613,742,0,0,,in_library_exact,https://waytochurch.com/lyrics/song/13489
13490,viluvainadi nee jeevitham,విలువైనది నీ జీవితం,full,482,574,0,0,,in_library_exact,https://waytochurch.com/lyrics/song/13490
13491,shatha koti raagaalu vallinchina,శత కోటి రాగాలు,full,579,679,0,0,,missing,https://waytochurch.com/lyrics/song/13491
13492,shiramu meeda mulla saakshigaa,శిరము మీద ముళ్ల,full,874,1062,0,0,,missing,https://waytochurch.com/lyrics/song/13492
13493,shuddhudavayyaa maa thandrivayyaa,శుద్ధుడవయ్యా మా తండ్రివయ్యా,full,451,549,0,0,,in_library_exact,https://waytochurch.com/lyrics/song/13493
13494,shreshtamaina naamam shakthi galigina naamam,శ్రేష్టమైన నామం శక్తి,full,576,741,0,0,,in_library_contained,https://waytochurch.com/lyrics/song/13494
13495,shodhanaa baadhalu chuttinaa nannu muttinaa,శోధనా బాధలు చుట్టినా,full,381,473,0,0,,in_library_contained,https://waytochurch.com/lyrics/song/13495
13496,sajeevudavaina yesayyaa,సజీవుడవైన యేసయ్యా,full,734,918,0,0,,in_library_exact,https://waytochurch.com/lyrics/song/13496
13497,yesayyaa sadaakaalamu nee yande naa guri,యేసయ్యా సదాకాలము నీ,full,464,594,0,0,,in_library_contained,https://waytochurch.com/lyrics/song/13497
13498,samayamu poneeyaka siddhapadumaa sanghamaa,సమయము పోనీయక సిద్ధపడుమా,full,364,455,0,0,,in_library_contained,https://waytochurch.com/lyrics/song/13498
13499,samardhavanthudavaina naa yesayyaa,సమర్ధవంతుడవైన నా యేసయ్యా,full,573,701,0,0,,in_library_exact,https://waytochurch.com/lyrics/song/13499
13500,sarva srushtiloni jeeva raashi anthaa,సర్వ సృష్టిలోని జీవ,full,526,662,0,0,,in_library_contained,https://waytochurch.com/lyrics/song/13500
13501,sarvaanga kavachamu neeve,సర్వాంగ కవచము నీవే,full,511,648,0,0,,in_library_exact,https://waytochurch.com/lyrics/song/13501
13502,sahodarulaaraa prathi manushyudu,సహోదరులారా ప్రతి మనుష్యుడు,full,509,614,0,0,,in_library_exact,https://waytochurch.com/lyrics/song/13502
13503,adi thala meeda poyabadi,అది తల మీద,full,580,727,0,0,,missing,https://waytochurch.com/lyrics/song/13503
13504,sangeetha naadamutho sthothra sankeerthanatho,సంగీత నాదముతో స్తోత్ర,full,565,715,0,0,,in_library_contained,https://waytochurch.com/lyrics/song/13504
13505,santhosha geethamu paadedanu,సంతోష గీతం పాడెదను,full,388,476,0,0,,in_library_exact,https://waytochurch.com/lyrics/song/13505
13506,siluva saakshigaa yesu siluvanu,సిలువ సాక్షిగా యేసు,full,484,582,0,0,,missing,https://waytochurch.com/lyrics/song/13506
13507,sweekarinchumayaa naathaa sweekarinchumayaa,స్వీకరించుమయా నాథా స్వీకరించుమయా,full,479,598,0,0,,in_library_exact,https://waytochurch.com/lyrics/song/13507
13508,sthuthiyinchi keerthinchi ghanaparathunu naa yesayyaa,స్తుతియించి కీర్తించి ఘనపరతును,full,668,820,0,0,,in_library_contained,https://waytochurch.com/lyrics/song/13508
13509,sthuthinchi paadedam sthuthula sthothraarhudaa,స్తుతించి పాడెదం స్తుతుల,full,430,541,0,0,,in_library_contained,https://waytochurch.com/lyrics/song/13509
13510,sthuthinchedanu sthuthinchedanu,స్తుతించెదను స్తుతించెదను,full,880,1076,0,0,,in_library_exact,https://waytochurch.com/lyrics/song/13510
13512,sthuthulaku paathrudu yesayyaa,స్తుతులకు పాత్రుడు యేసయ్యా,full,293,345,0,0,,in_library_exact,https://waytochurch.com/lyrics/song/13512
13513,solipoyina manasaa neevu,సోలిపోయిన మనసా నీవు,full,604,737,0,0,,in_library_exact,https://waytochurch.com/lyrics/song/13513
13514,sthothra gaanam chesindi praanam,స్తోత్ర గానం చేసింది,full,555,679,0,0,,missing,https://waytochurch.com/lyrics/song/13514
13515,hallelooya paatalatho aananda,హల్లెలూయ పాటలతో,full,463,579,0,0,,in_library_exact,https://waytochurch.com/lyrics/song/13515
13516,hrudayapoorvaka aaraadhana,హృదయపూర్వక ఆరాధన,full,380,487,0,0,,in_library_exact,https://waytochurch.com/lyrics/song/13516
13517,hrudayaalanele raaraaju yesuvaa,హృదయాలనేలే రారాజు యేసువా,full,523,657,0,0,,in_library_exact,https://waytochurch.com/lyrics/song/13517
13518,hosannanuchu sthuthi paaduchu seeyonuku cheredam,హోసన్ననుచూ స్తుతి పాడుచూ,full,453,575,0,0,,in_library_contained,https://waytochurch.com/lyrics/song/13518
13519,kshanamaina gaduvadu thandri,క్షణమైన గడవదు తండ్రి,full,563,672,0,0,,in_library_exact,https://waytochurch.com/lyrics/song/13519
13520,kshanikamaina brathukuraa idi sodaraa,క్షణికమైన బ్రతుకురా ఇది,full,489,564,0,0,,in_library_contained,https://waytochurch.com/lyrics/song/13520
13521,Sandadi Cheddaamaa Santhoshiddaamaa,సందడి చేద్దామా – సంతోషిద్దామా,full,1086,1381,0,0,,in_library_exact,https://waytochurch.com/lyrics/song/13521
13725,aa ningilo veligindi oka thaara,ఆ నింగిలో వెలిగింది ఒక తార,full,822,1002,0,0,,in_library_exact,https://waytochurch.com/lyrics/song/13725
13726,cheppanaa cheppanaa yesu nee premanu,చెప్పనా చెప్పనా యేసు నీ ప్రేమను,full,557,672,0,0,,in_library_exact,https://waytochurch.com/lyrics/song/13726
13727,thandri intlo ellappudu santhoshame,తండ్రి ఇంట్లో ఎల్లప్పుడూ సంతోషమే,full,374,441,0,0,,in_library_exact,https://waytochurch.com/lyrics/song/13727
13728,vachchindi christmas vachchindi,వచ్చింది క్రిస్మస్ వచ్చింది,full,556,681,0,0,,in_library_exact,https://waytochurch.com/lyrics/song/13728
13729,shuddhudaa ghanudaa rakshakudaa,శుద్దుడా ఘనుడా రక్షకుడా,full,271,340,0,0,,in_library_exact,https://waytochurch.com/lyrics/song/13729
13730,samayamide samayamide,సమయమిదే సమయమిదే,full,435,534,0,0,,in_library_exact,https://waytochurch.com/lyrics/song/13730
13731,sooda sakkani baaludammo,సూడ సక్కని బాలుడమ్మో,full,612,741,0,0,,in_library_exact,https://waytochurch.com/lyrics/song/13731
13896,Prema kshamalanu samapaalluga viswasame lakshyamga,ప్రేమ క్షమలను సమపాళ్లుగా విశ్వాసమే లక్ష్యంగా,full,1030,1229,2,2,Pastor  Swapna Edwards,in_library_exact,https://waytochurch.com/lyrics/song/13896
14052,Thoorupu Dikkuna Chukka Butte,తూరుపు దిక్కున చుక్క బుట్టె,full,567,662,0,0,,in_library_exact,https://waytochurch.com/lyrics/song/14052
14561,adigo naa naava bayalu deruchunnadi,అదిగో నా నావ,full,422,486,0,0,,missing,https://waytochurch.com/lyrics/song/14561
14562,alphaa omegayaina – mahimaanvithudaa,అల్ఫా ఒమేగయైన మహిమాన్వితుడా,full,721,895,0,0,,in_library_exact,https://waytochurch.com/lyrics/song/14562
14563,andaala thaara arudenche naakai ambara veedhilo,అందాలతార అరుదెంచె నాకై,full,692,892,0,0,,in_library_contained,https://waytochurch.com/lyrics/song/14563
14564,laala laalalalaa laalalalaa laa laa laa… laala laalalalaalaa (2),లాల లాలలలా లాలలలా,full,627,788,0,0,,in_library_contained,https://waytochurch.com/lyrics/song/14564
14565,aathma varshamunu kummarinchayyaa,ఆత్మ వర్షమును కుమ్మరించయ్యా,full,424,536,0,0,,in_library_exact,https://waytochurch.com/lyrics/song/14565
14566,aanandamaanandame,ఆనందమానందమే,full,431,544,0,0,,in_library_exact,https://waytochurch.com/lyrics/song/14566
14568,aao khushi se hum sab gaaye – ek madhurtham geeth,ఆవో ఖుషీ సే,full,1409,1689,0,0,,unusable-title,https://waytochurch.com/lyrics/song/14568
14569,aasha theera naa yesu swaamini kolichedanu,ఆశ తీర నా,full,388,478,0,0,,unusable-title,https://waytochurch.com/lyrics/song/14569
14570,aascharya kaaryamul cheyunu yesu (2),ఆశ్చర్య కార్యముల్ చేయును,full,480,579,0,0,,in_library_contained,https://waytochurch.com/lyrics/song/14570
14571,hei duniyaa ke logon oonchi aawaaj karo,హే దునియా కే,full,654,742,0,0,,unusable-title,https://waytochurch.com/lyrics/song/14571
14572,ee dinam sadaa naa yesuke sontham,ఈ దినం సదా,full,405,520,0,0,,unusable-title,https://waytochurch.com/lyrics/song/14572
14573,ella velalandu – kashta kaalamandu,ఎల్లవేళలందు కష్టకాలమందు,full,639,762,0,0,,in_library_exact,https://waytochurch.com/lyrics/song/14573
14574,ae thegulu nee gudaaramu sameepinchadayyaa,ఏ తెగులు నీ,full,410,494,0,0,,unusable-title,https://waytochurch.com/lyrics/song/14574
14575,oka kshanamaina neevu marachina ne brathakagalanaa yesayyaa,ఒక క్షణమైన నీవు,full,257,314,0,0,,missing,https://waytochurch.com/lyrics/song/14575
14576,oka kshanamainaa ninu veedi,ఒక క్షణమైనా నిన్ను,full,434,531,0,0,,missing,https://waytochurch.com/lyrics/song/14576
14577,kondala thattu kanuletthuchunnaanu,కొండల తట్టు కన్నులెత్తుచున్నాను,full,476,561,0,0,,in_library_exact,https://waytochurch.com/lyrics/song/14577
14578,gadichina kaalamanthaa – nanu nadipina naa devaa,గడిచిన కాలమంతా నను,full,536,650,0,0,,in_library_contained,https://waytochurch.com/lyrics/song/14578
14579,gaadaandhakaaramulo ne nadachina velalo (2),గాఢాంధకారములో నే నడచిన,full,294,361,0,0,,in_library_contained,https://waytochurch.com/lyrics/song/14579
14580,choodaalani unnadi,చూడాలని ఉన్నది,full,371,465,0,0,,in_library_exact,https://waytochurch.com/lyrics/song/14580
14581,jayinchuvaarini konipova,జయించువారిని కొనిపోవ,full,391,455,0,0,,in_library_exact,https://waytochurch.com/lyrics/song/14581
14582,we wish you a happy christmas,వి విష్ యు,full,738,906,0,0,,unusable-title,https://waytochurch.com/lyrics/song/14582
14583,devude naakaashrayambu – divyamaina durgamu,దేవుడే నాకాశ్రయంబు దివ్యమైన,full,678,829,0,0,,in_library_contained,https://waytochurch.com/lyrics/song/14583
14584,devuniyandu nireekshana nunchi,దేవునియందు నిరీక్షణ నుంచి,full,756,891,0,0,,in_library_exact,https://waytochurch.com/lyrics/song/14584
14585,nanu cherina nee prema,నను చేరిన నీ,full,487,564,0,0,,missing,https://waytochurch.com/lyrics/song/14585
14586,naa chinni hrudayamu ninne preminchanee,నా చిన్ని హృదయము,full,414,508,0,0,,missing,https://waytochurch.com/lyrics/song/14586
14587,naa praanapriyudaa naa yesuraajaa,నా ప్రాణప్రియుడా నా,full,457,544,0,0,,missing,https://waytochurch.com/lyrics/song/14587
14588,naa priyudu yesu – naa priyudu yesu,నా ప్రియుడు యేసు,full,654,925,0,0,,missing,https://waytochurch.com/lyrics/song/14588
14589,naa sthuthula paina nivasinchuvaadaa,నా స్తుతుల పైన,full,593,738,0,0,,missing,https://waytochurch.com/lyrics/song/14589
14590,naatho neevu maataadinacho,నాతో నీవు మాటాడినచో,full,473,575,0,0,,in_library_exact,https://waytochurch.com/lyrics/song/14590
14591,naalo undi nanu nadipincheti naa antharangamaa,నాలో ఉండి నను,full,370,452,0,0,,missing,https://waytochurch.com/lyrics/song/14591
14592,naaloni aasha naaloni korika ninnu choodaalani,నాలోని ఆశ నాలోని,full,605,696,0,0,,missing,https://waytochurch.com/lyrics/song/14592
14593,nee challanaina needalo nannu nivasinchanee prabhu,నీ చల్లనైన నీడలో,full,587,734,0,0,,missing,https://waytochurch.com/lyrics/song/14593
14594,nee pada sevaye chaalu,నీ పద సేవయే,full,453,564,0,0,,missing,https://waytochurch.com/lyrics/song/14594
14595,nee raktha dhaarale – maa jeevanaadhaaraamu,నీ రక్త ధారలే,full,426,528,0,0,,missing,https://waytochurch.com/lyrics/song/14595
14596,aakaasha pakshulanu choodandi,ఆకాశ పక్షులను చూడండి,full,464,578,0,0,,in_library_exact,https://waytochurch.com/lyrics/song/14596
14597,ninnu kaapaaduvaadu kunukadu,నిన్ను కాపాడువాడు కునుకడు,full,514,596,0,0,,in_library_exact,https://waytochurch.com/lyrics/song/14597
14598,nee sannidhilo nenunna chaalu – chaalu,నీ సన్నిధిలో నేనున్న,full,565,688,0,0,,missing,https://waytochurch.com/lyrics/song/14598
14599,needu premaku haddu ledayaa,నీదు ప్రేమకు హద్దు,full,495,607,0,0,,missing,https://waytochurch.com/lyrics/song/14599
14600,needentho karunaa karunaamayaa,నీదెంతో కరుణా కరుణామయా,full,270,341,0,0,,in_library_exact,https://waytochurch.com/lyrics/song/14600
14601,neelo jeevinchaalani,నీలో జీవించాలని,full,544,651,0,0,,in_library_exact,https://waytochurch.com/lyrics/song/14601
14602,nashinchipoye aathmalu enno,నశించిపోయే ఆత్మలు ఎన్నో,full,463,561,0,0,,in_library_exact,https://waytochurch.com/lyrics/song/14602
14603,neevu thadithe thalupu theeyanaa prabhu,నీవు తడితే తలుపు,full,645,783,0,0,,missing,https://waytochurch.com/lyrics/song/14603
14604,neevu thodundagaa naaku digulundunaa,నీవు తోడుండగా నాకు,full,430,529,0,0,,missing,https://waytochurch.com/lyrics/song/14604
14605,neevu leni chotedi yesayyaa,నీవు లేని చోటేది,full,633,747,0,0,Victor Rampogu,missing,https://waytochurch.com/lyrics/song/14605
14606,neevu leni kshanamainaa oohinchalenu,నీవు లేని క్షణమైనా,full,672,822,0,0,,missing,https://waytochurch.com/lyrics/song/14606
14607,neevu lenide nenu lenu prabhuvaa,నీవు లేనిదే నేను,full,540,664,0,0,,missing,https://waytochurch.com/lyrics/song/14607
14608,neeku ishtamugaa ilalo ne undaalani,నీకు ఇష్టముగా ఇలలో,full,561,660,0,0,,in_library_contained,https://waytochurch.com/lyrics/song/14608
14609,nuvvu leni nannu oohinchalenu,నువ్వు లేని నన్ను,full,517,641,0,0,,missing,https://waytochurch.com/lyrics/song/14609
14610,noothana parachumu devaa,నూతన పరచుము దేవా,full,451,568,0,0,,in_library_exact,https://waytochurch.com/lyrics/song/14610
14611,noothana samvathsaram dayachesina devaa,నూతన సంవత్సరం దయచేసిన,full,569,718,0,0,,in_library_contained,https://waytochurch.com/lyrics/song/14611
14612,nemmadi ledaa nemmadi ledaa – ontarivainaavaa,నెమ్మది లేదా నెమ్మది,full,719,853,0,0,,missing,https://waytochurch.com/lyrics/song/14612
14613,nedu yesu lechinaadu,నేడు యేసు లేచినాడు,full,468,546,0,0,,in_library_exact,https://waytochurch.com/lyrics/song/14613
14614,nenemainaa prabhuvaa ninne sthuthisthaanu,నేనేమైనా ప్రభువా నిన్నే,full,540,627,0,0,,in_library_contained,https://waytochurch.com/lyrics/song/14614
14615,paradeshulamo priyulaaraa mana,పరదేశులమో ప్రియులారా మన,full,749,913,0,0,,in_library_exact,https://waytochurch.com/lyrics/song/14615
14616,parishuddhudaa paavanudaa,పరిశుద్ధుడా పావనుడా,full,380,497,0,0,,in_library_exact,https://waytochurch.com/lyrics/song/14616
14617,prathi roju choodaalani naa prabhuvaina yesayyanu,ప్రతి రోజు చూడాలని,full,547,671,0,0,,missing,https://waytochurch.com/lyrics/song/14617
14618,prabhuvaa neeve naadu sharanam,ప్రభువా నీవే నాదు,full,540,681,0,0,,missing,https://waytochurch.com/lyrics/song/14618
14619,putte yesudu nedu – manaku punya maargamu joopanu,పుట్టె యేసుడు నేడు,full,420,474,0,0,,missing,https://waytochurch.com/lyrics/song/14619
14620,prema yesayya premaa (4),ప్రేమ యేసయ్య ప్రేమా,full,548,616,0,0,,in_library_exact,https://waytochurch.com/lyrics/song/14620
14621,phalamulanaashinchina paraloka thandri,ఫలములనాశించిన పరలోక తండ్రి,full,521,632,0,0,,in_library_exact,https://waytochurch.com/lyrics/song/14621
14622,manasaaraa poojinchi ninnaaraadhisthaa,మనసారా పూజించి నిన్నారాధిస్తా,full,425,516,0,0,,in_library_exact,https://waytochurch.com/lyrics/song/14622
14623,mammentho preminchaavu,మమ్మెంతో ప్రేమించావు,full,416,500,0,0,,in_library_exact,https://waytochurch.com/lyrics/song/14623
14624,mahimagala thandri – manchi vyavasaayakudu,మహిమగల తండ్రి మంచి,full,883,1070,0,0,,in_library_contained,https://waytochurch.com/lyrics/song/14624
14625,maanavudavai sakala narula,మానవుడవై సకల నరుల,full,1154,1379,0,0,,in_library_exact,https://waytochurch.com/lyrics/song/14625
14626,maaraa gayaa sulee par,మారా గయా సులీ,full,533,621,0,0,,missing,https://waytochurch.com/lyrics/song/14626
14627,mosithivaa naa korakai siluva vedananu,మోసితివా నా కొరకై,full,664,832,0,0,,missing,https://waytochurch.com/lyrics/song/14627
14628,yehovaa nissy – yehovaa nissy,యెహోవా నిస్సీ యెహోవా,full,565,688,0,0,,missing,https://waytochurch.com/lyrics/song/14628
14629,yehovaa maa kaapari yesayya maa oopiri,యెహోవా మా కాపరి,full,430,515,0,0,,in_library_exact,https://waytochurch.com/lyrics/song/14629
14630,yesayyaa naa doraa,యేసయ్యా నా దొరా,full,654,810,0,0,,in_library_exact,https://waytochurch.com/lyrics/song/14630
14631,yese janmincheraa,యేసే జన్మించెరా,full,276,313,0,0,,in_library_exact,https://waytochurch.com/lyrics/song/14631
14632,yese daivamu – yese jeevamu,యేసే దైవము యేసే,full,161,190,0,0,,missing,https://waytochurch.com/lyrics/song/14632
14633,rakshakundudayinchinaadata – mana koraku parama,రక్షకుండుదయించినాడట మన కొరకు,full,673,802,0,0,,in_library_contained,https://waytochurch.com/lyrics/song/14633
14634,raajyaalanele maharaaju,రాజ్యాలనేలే మహారాజు,full,563,659,0,0,,in_library_exact,https://waytochurch.com/lyrics/song/14634
14636,raath andheri door kahi,రాత్ అంధేరి దూర్,full,539,615,0,0,,missing,https://waytochurch.com/lyrics/song/14636
14637,Vandanam naa prathi avasaramu,వందనం నా ప్రతి అవసరము,full,677,819,0,0,,missing,https://waytochurch.com/lyrics/song/14637
14638,sari cheyumo devaa,సరి చేయుమో దేవా,full,525,618,0,0,,in_library_exact,https://waytochurch.com/lyrics/song/14638
14639,sari raarevvaru – naa priyudaina yesayyaku (2),సరి రారెవ్వరు నా,full,542,653,0,0,,missing,https://waytochurch.com/lyrics/song/14639
14640,saagipodunu aagiponu nenu (2),సాగిపోదును ఆగిపోను నేను,full,564,675,0,0,,in_library_exact,https://waytochurch.com/lyrics/song/14640
14641,sthuthi paadi keerthinthumu – ghanudaina mana devuni,స్తుతి పాడి కీర్తింతుము,full,386,480,0,0,,in_library_contained,https://waytochurch.com/lyrics/song/14641
14642,snehithudaa naa snehithudaa,స్నేహితుడా నా స్నేహితుడా,full,418,496,0,0,,in_library_exact,https://waytochurch.com/lyrics/song/14642
14643,sonthamaipovaali naa yesutho,సొంతమైపోవాలి నా యేసుతో,full,509,614,0,0,,in_library_exact,https://waytochurch.com/lyrics/song/14643
14644,sthothrabali sthothrabali,స్తోత్రబలి స్తోత్రబలి మంచిదేవా,full,566,675,0,0,,in_library_contained,https://waytochurch.com/lyrics/song/14644
14645,nee naamam athi madhuram,నీ నామం అతి,full,437,561,0,0,,unusable-title,https://waytochurch.com/lyrics/song/14645
15340,saagenu naa jeeva naava,సాగేను నా జీవ నావ,full,490,615,0,0,,in_library_exact,https://waytochurch.com/lyrics/song/15340
15598,maanavulandaru okkatenani,మానవులందరు ఒక్కటేనని,full,457,553,0,0,,in_library_exact,https://waytochurch.com/lyrics/song/15598
15654,sthuthinchedanu ninnu nenu manasaaraa,స్తుతించెదను నిన్ను నేను మనసారా,full,496,602,0,0,,in_library_exact,https://waytochurch.com/lyrics/song/15654
15689,seeyonulo nundi neevu prakaashinchuchunnaavu naapai,సీయోనులో నుండి నీవు ప్రకాశించుచున్నావు నాపై,full,771,936,0,0,,in_library_exact,https://waytochurch.com/lyrics/song/15689
16020,o yaathrikudaa oho yaathrikudaa,ఓ యాత్రికుడా ఓహో యాత్రికుడా,full,965,1193,0,0,,in_library_exact,https://waytochurch.com/lyrics/song/16020
16150,aaraadhana anduko (2),ఆరాధన అందుకో,full,698,882,0,0,,in_library_exact,https://waytochurch.com/lyrics/song/16150
16151,neeli aakaashamlo (2),నీలి ఆకాశంలో,full,559,695,0,0,,in_library_exact,https://waytochurch.com/lyrics/song/16151
16152,mannegadayyaa mannegadayyaa (2),మన్నేగదయ్యా మన్నేగదయ్యా,full,670,799,0,0,,in_library_exact,https://waytochurch.com/lyrics/song/16152
16153,vaaduko…. yesayyaa…,వాడుకో… యేసయ్యా…,full,559,656,0,0,,in_library_exact,https://waytochurch.com/lyrics/song/16153
16154,sameepimparaani thejassulo o.. o..,సమీపింపరాని తేజస్సులో ఓ ఓ,full,444,552,0,0,,in_library_exact,https://waytochurch.com/lyrics/song/16154
16366,Aascharya Karamaina,ఆశ్చర్యకరమైన నీ కృపతో,full,391,391,2,2,,missing,https://waytochurch.com/lyrics/song/16366
16568,Aparadini Yesiah,అపరాధిని యేసయ్యా,full,429,429,0,0,,in_library_exact,https://waytochurch.com/lyrics/song/16568
16765,Ee Loka Yatralo,ఈ లోక యాత్రలో,full,428,428,0,0,,missing,https://waytochurch.com/lyrics/song/16765
17728,sarva shakthuni sthothragaanamu,సర్వశక్తుని స్తోత్రగానము,full,574,694,0,0,,in_library_exact,https://waytochurch.com/lyrics/song/17728
18833,Ye Yogyatha Leni Nannu,ఏ యోగ్యతా లేని నన్నునీవు ప్రేమించినావు దేవా,full,569,569,3,3,,in_library_exact,https://waytochurch.com/lyrics/song/18833
18857,Yenduko Nanninthaga Neevu,ఎందికో నన్నింతగా నీవు,full,429,429,0,0,,missing,https://waytochurch.com/lyrics/song/18857
18972,naa paapame ninu lokamu cherchenu,నా పాపమే నిను లోకము చేర్చెను,full,565,684,0,0,,missing,https://waytochurch.com/lyrics/song/18972
18975,aela varninchanayyaa kalvari yaagam,ఏల వర్ణించనయ్యా కల్వరి యాగం,full,869,1063,0,0,,missing,https://waytochurch.com/lyrics/song/18975
18976,shaalomu raajuku vandanam,షాలోము రాజుకు వందనం,full,341,436,0,0,,missing,https://waytochurch.com/lyrics/song/18976
19014,Neevalle neevalle naa kintha shanthoshamu,నీ వల్లే నీ వల్లే యేసయ్య నా కింత సంతోషము,full,617,767,0,0,,missing,https://waytochurch.com/lyrics/song/19014
19016,pellante dehamulu varaina Daivame thana chitthamuga,పెళ్లంటే దేహములు వేరైనా – ఒక్కటిగ ఫలియించె దైవ సంకల్పం,none,1262,0,0,0,S Vijayprasad Reddy,missing,https://waytochurch.com/lyrics/song/19016
19028,facebook youtube edainaa kaani,ఫేస్బుక్ యూట్యూబ్ ఏదైనా కానీ,full,822,929,0,0,,in_library_exact,https://waytochurch.com/lyrics/song/19028
19924,sumadhura swaramula gaanaalatho velaadi doothala galamulatho,సుమధుర స్వరముల గానాలతో వేలాది దూతల గళములతో,full,642,805,0,0,,in_library_exact,https://waytochurch.com/lyrics/song/19924
19925,yesayya paadaalu bangaaru paadaalu,యేసయ్య పాదాలు బంగారు పాదాలు,full,512,590,0,0,,in_library_exact,https://waytochurch.com/lyrics/song/19925
19926,maaradayaa nee prema,మారదయా నీ ప్రేమ,full,477,589,0,0,,in_library_exact,https://waytochurch.com/lyrics/song/19926
19927,nannu neevale nirminchinanu,నన్ను నీవలె నిర్మించినను,full,598,697,0,0,,in_library_exact,https://waytochurch.com/lyrics/song/19927
19928,naakunna balamu saripodayyaa,నాకున్న బలము సరిపోదయ్యా,full,381,453,0,0,,in_library_exact,https://waytochurch.com/lyrics/song/19928
19929,deudu lokamunu entho preminchenu,దేవుడు లోకమును ఎంతో ప్రేమించెను,full,442,514,0,0,,in_library_exact,https://waytochurch.com/lyrics/song/19929
19930,jeevaadhipathivi neeve naa yesayyaa,జీవాధిపతివి నీవే నా యేసయ్య,full,451,543,0,0,,in_library_exact,https://waytochurch.com/lyrics/song/19930
19931,jeevithaanthamu varaku neeke seva salpudunantini,జీవితాంతము వరకు నీకే సేవ సల్పుదునంటిని,full,723,898,0,0,,in_library_exact,https://waytochurch.com/lyrics/song/19931
19932,jagamulanele shree yesaa,జగములనేలే శ్రీ యేసా,full,588,714,0,0,,in_library_exact,https://waytochurch.com/lyrics/song/19932
19933,keerthinthunu nee naamamu,కీర్తింతును నీ నామము,full,300,361,0,0,,in_library_exact,https://waytochurch.com/lyrics/song/19933
19934,emi unnaa lekunnaa,ఏమి ఉన్నా లేకున్నా,full,369,429,0,0,,in_library_exact,https://waytochurch.com/lyrics/song/19934
19944,yesu swaami neeku nenu,యేసు స్వామీ నీకు నేను,full,423,501,0,0,,in_library_exact,https://waytochurch.com/lyrics/song/19944
19962,kaapaade devudu yesayyaa,కాపాడే దేవుడు యేసయ్యా,full,441,506,0,0,,in_library_exact,https://waytochurch.com/lyrics/song/19962
19968,naa chinni hrudayamutho,నా చిన్ని హృదయముతో,full,653,787,0,0,,in_library_exact,https://waytochurch.com/lyrics/song/19968
19969,aanandinthumu aanandinthumu,ఆనందింతుము ఆనందింతుము,full,611,704,0,0,,in_library_exact,https://waytochurch.com/lyrics/song/19969
19970,neetho sooryudavai veluguthunna yesayya,నీతి సూర్యుడవై వెలుగుతున్న యేసయ్య,full,481,589,0,0,,in_library_exact,https://waytochurch.com/lyrics/song/19970
19971,Naadhu Rakshaka ni manase uttamam,నాదు రక్షకా నీ మనసే ఉత్తమం - దిన దినము నీతోనే వసియింతును,none,729,0,0,0,Dr  John Wesly,missing,https://waytochurch.com/lyrics/song/19971
19977,vesaarina manase oogene,వేసారిన మనసే ఊగెనే,full,383,471,0,0,Dr  A R Stevenson,in_library_exact,https://waytochurch.com/lyrics/song/19977
19978,naa aashala pallaki neeve,నా ఆశల పల్లకి నీవే,full,574,716,0,0,,in_library_exact,https://waytochurch.com/lyrics/song/19978
19979,epaati daananayaa nanninthaga hechchinchutaku,ఏపాటి దాననయా నన్నింతగ హెచ్చించుటకు,full,575,709,0,0,,in_library_exact,https://waytochurch.com/lyrics/song/19979
19996,sambaraalu sambaraaluro – mana bratukullo sambaraaluro,సంబరాలు సంబరాలురో – మన బ్రతుకుల్లో సంబరాలు,full,509,546,0,0,Joshua Shaik,in_library_contained,https://waytochurch.com/lyrics/song/19996
19997,Naa neeti suryuda Bhuvinelu Yesayya,నా నీతి సూర్యుడా భువినేలు యేసయ్యా,full,845,1057,0,0,Hosanna John Wesley,missing,https://waytochurch.com/lyrics/song/19997
20001,saarepatu vurilo oka vidhavaraalu vundenu,సారెపతు ఊరిలో ఒక విధవరాలు ఉండెను,full,489,529,0,0,,missing,https://waytochurch.com/lyrics/song/20001
20002,"abednago, shadraku, mesheku vacchipadene pedda chikku","అబేద్నగో, షడ్రకు, మెషెకు వచ్చిపడెనే పెద్ద చిక్కు",full,336,365,0,0,,missing,https://waytochurch.com/lyrics/song/20002
20003,chadavaali chadavaali vaakyam chadavaali,చదవాలి చదవాలి వాక్యం చదవాలి,full,225,271,0,0,,missing,https://waytochurch.com/lyrics/song/20003
20004,chinna chinna gorre pillanu,చిన్న చిన్న గొఱ్ఱె పిల్లను యేసు ప్రియ బిడ్డను,full,481,498,0,0,,in_library_exact,https://waytochurch.com/lyrics/song/20004
20005,pillalam yesu biddalam,పిల్లలం యేసు బిడ్డలం పిల్లలం యేసు కిష్టులం,full,322,327,0,0,,missing,https://waytochurch.com/lyrics/song/20005
20006,kodi kuyu vela parugulettedam,కోడి కూయు వేళ పరుగులెత్తెదం,full,650,706,0,0,,missing,https://waytochurch.com/lyrics/song/20006
20008,Kalyaname Vaibhogam,కళ్యాణమే వైభోగం – కమనీయ కాంతుల దీపం,none,377,0,0,0,Dr  A  R  Stevenson,missing,https://waytochurch.com/lyrics/song/20008
20009,Koniyaadabadunu Yehova yandu,కొనియాడబడును యెహోవాయందు భయభక్తులు గల వనిత,full,503,600,0,0,Dr  A R Stevenson,missing,https://waytochurch.com/lyrics/song/20009
20010,kurisindi Navvula Vaana – Vivaaha Subha samayaana,కురిసింది నవ్వుల వాన – వివాహ శుభ సమయాన,full,440,511,0,0,Dr  A R Stevenson,missing,https://waytochurch.com/lyrics/song/20010
20030,iddarokkatiga maareti madhuramaina kshanamu,ఇద్దరొక్కటిగ మారేటి మధురమైన క్షణము,full,623,770,0,0,,in_library_exact,https://waytochurch.com/lyrics/song/20030
20715,aashatho nee koraku eduru choochuchundagaa,ఆశతో నీ కొరకు ఎదురుచూచుచుండగా,full,541,691,0,0,,in_library_exact,https://waytochurch.com/lyrics/song/20715
20740,raare choothamu raaja suthuni,రారే చూతము రాజసుతుని,full,528,653,0,0,,in_library_exact,https://waytochurch.com/lyrics/song/20740
20741,ambaraanni daate sambaraalu nedu,అంబరాన్ని దాటే సంబరాలు నేడు,full,442,524,0,0,,in_library_exact,https://waytochurch.com/lyrics/song/20741
20747,laali laali jolaali baala yesuku laali,లాలి లాలి జోలాలి బాల యేసునకు లాలి,full,508,637,0,0,,in_library_exact,https://waytochurch.com/lyrics/song/20747
20748,purab dishaa mein chamkaa ek thaaraa,పూరబ్ దిశా మే చమ్కా ఏక్ తారా,full,493,572,0,0,,in_library_exact,https://waytochurch.com/lyrics/song/20748
20766,nede viraboosele hrudhaya nethrambule,నేడే విరబూసెలే హృదయ నేత్రంబులే,none,385,0,2,0,"Rev  S  vijay Paul, Music: JK Christopher, Singer: Mrs  Grace Lezitha Joshua",missing,https://waytochurch.com/lyrics/song/20766
20767,Raajugaa raaraajugaa,రాజుగా రారాజుగా,full,656,780,0,0,Bro D Paul Jaya Kumar,missing,https://waytochurch.com/lyrics/song/20767
20768,Bethlehemu puramulo oka vintha jarigenu,బెత్లెహేము పురములో ఒక వింత జరిగెను,full,582,755,0,0,Sis  Hepsiba David,missing,https://waytochurch.com/lyrics/song/20768
20769,Bethlehemu puramunandhuna,బెత్లెహేము పురమునందున,full,393,481,0,0,Renikuntla Vidya Sagar,missing,https://waytochurch.com/lyrics/song/20769
20770,Nakai dheenuniga bhuviki vacchinavaiya,నాకై దీనునిగా భువికి వచ్చినావయా,full,520,609,0,0,Pastor Vinod Kumar,missing,https://waytochurch.com/lyrics/song/20770
20771,Emautano ani nikemi chesanani,ఏమౌతానో అని నీకేమి చే సానని,full,572,645,0,0,Samuel Karmoji,missing,https://waytochurch.com/lyrics/song/20771
20773,santhoshinchudi yandaru naatho santhoshinchudi,సంతోషించుడి యందరు నాతో సంతోషించుడి,full,843,1076,0,0,,in_library_exact,https://waytochurch.com/lyrics/song/20773
21745,Nigilona merise nakshathram,నింగిలోన మెరిసే నక్షత్రం,none,720,0,0,0,K Y Ratnam,missing,https://waytochurch.com/lyrics/song/21745
21746,Paralokamu nundi bhuvikarudhenchenu loka rakshakudu,పరలోకము నుండి భువికరుదెంచెను లోకరక్షకుడు,full,342,419,0,0,Bro M Moses,missing,https://waytochurch.com/lyrics/song/21746
21747,Jeevamai ethenchina yesu daivamaa,జీవమై ఏతెంచిన యేసు దైవమా,full,253,326,0,0,A R Stevenson,missing,https://waytochurch.com/lyrics/song/21747
21748,Jagamantha divyakaanthitho,జగమంత దివ్యకాంతితో,full,782,948,0,0,Ps  R  Lazarus (Samarlakota),missing,https://waytochurch.com/lyrics/song/21748
21786,raajulaku raajaina yesayya,రాజులకు రాజైన యేసయ్య,full,572,662,0,0,Bro  Emmanuel,missing,https://waytochurch.com/lyrics/song/21786
21795,Bethlehemulo oka chinna oorilo,బెత్లెహేములో ఒక చిన్న ఊరిలో,full,708,881,0,0,Sudharshan,missing,https://waytochurch.com/lyrics/song/21795
21797,Yesaiah Puttinaade,యేసయ్య పుట్టినాడే,full,304,351,0,0,"Rev  Sam Paul Pilli, Roselyn Pilli",missing,https://waytochurch.com/lyrics/song/21797
21798,Gaganame murisenu,గగనమే మురిసెను,full,367,440,0,0,Samuel Karmoji,missing,https://waytochurch.com/lyrics/song/21798
21799,Ela ela vivarinthunu ela ela varninthunu,ఎలా ఎలా వివరింతును ఎలా ఎలా వర్ణింతును,full,582,697,0,0,"Sheela Paul , Micheal Paul",missing,https://waytochurch.com/lyrics/song/21799
21800,ennika leni naapai entha krupa choopinaavu,ఎన్నిక లేని నాపై ఎంత కృప చూపినావు,full,444,543,0,0,,in_library_exact,https://waytochurch.com/lyrics/song/21800
21803,christmas kaalam kreesthu jananam entho aanandame,క్రిస్మస్ కాలం క్రీస్తు జననం ఎంతో ఆనందమే,full,704,843,0,0,,in_library_exact,https://waytochurch.com/lyrics/song/21803
21804,christmas aanandam santhoshame,క్రిస్మస్ ఆనందం సంతోషమే,full,683,728,0,0,,in_library_exact,https://waytochurch.com/lyrics/song/21804
21805,otami thappani rojainanu odiponivvadu,ఓటమి తప్పని రోజైననూ ఓడిపోనివ్వడు,full,712,796,0,0,,in_library_exact,https://waytochurch.com/lyrics/song/21805
21810,Sanghamaa saagumaa,సంఘమా సాగుమా,full,386,494,0,0,Bro Vasanth Bandela,missing,https://waytochurch.com/lyrics/song/21810
21811,Ninna nedu maarani prema needhai,నిన్న నేడు మారని ప్రేమ నీదే,full,348,432,0,0,Pastor Ravinder Vottepu,missing,https://waytochurch.com/lyrics/song/21811
21812,Ninne ne aaraadhinthunu,నిన్నే నే ఆరాధింతును,full,225,274,0,0,"Pastor Ravinder Vottepu, Adimalla Sudheer Kumar, Suresh Garugula",missing,https://waytochurch.com/lyrics/song/21812
21815,Naalugu dhikkula cheekati cheelchi,నాలుగు దిక్కుల చీకటి చీల్చి,full,1004,1251,0,0,Balaji Mangu,missing,https://waytochurch.com/lyrics/song/21815
21816,karuninchi kaapaade yesayyaa,కరుణించి కాపాడే యేసయ్యా,full,577,742,0,0,AR Stevenson,in_library_exact,https://waytochurch.com/lyrics/song/21816
21819,Ninnu vidachi kshanamaina ne manalenu,నిన్ను విడచి క్షణమైన నే మనలేను,full,279,340,0,0,Dr  Issac Raj Alanka,missing,https://waytochurch.com/lyrics/song/21819
21820,Dushtula aalochanalo naduvaka,దుష్టుల ఆలోచనలో నడువక,full,250,314,0,0,Dr  Issac Raj Alanka,missing,https://waytochurch.com/lyrics/song/21820
21825,We give glory to you,వి గివ్ గ్లోరి టు యు,full,488,570,0,0,Bro  Vasanth Bandela,missing,https://waytochurch.com/lyrics/song/21825
21826,Yesayya nee krupalo nenundute dhanyamu,యేసయ్య నీ కృపలో నేనుండుటే…ధన్యము,full,645,758,2,2,Lois Raj,missing,https://waytochurch.com/lyrics/song/21826
21827,Naa chenthanundumu O yesayya,నా చెంత నుండుము ఓ యేసయ్య,full,251,310,0,0,,missing,https://waytochurch.com/lyrics/song/21827
21829,Naa hrudhayam paadene nee premane,నా హృదయం పాడెనే నీ ప్రేమనే,full,483,612,3,3,Samy Pachigalla,missing,https://waytochurch.com/lyrics/song/21829
21832,Aaraadhinchedhamu Aathmatho Sathyamutho,ఆరాధించెదము ఆత్మతో సత్యముతో,none,573,0,0,0,Praveen VB,missing,https://waytochurch.com/lyrics/song/21832
21833,E Jeevithamannadhi Kshanakaalamainadhi,ఈ జీవితమన్నది క్షణకాలమైనది పరలోకంలోనిది శాశ్వతమైనది,none,695,0,0,0,Praveen VB,missing,https://waytochurch.com/lyrics/song/21833
21834,Sarvonathuda Sarvaadhikaari,సర్వోన్నతుడా సర్వాధికారి ఆకాశం నీ సింహాసనం,none,554,0,0,0,Praveen VB,missing,https://waytochurch.com/lyrics/song/21834
21835,Yentho Madhuram Na Yesu Prema,ఎంతో మధురం నా యేసు ప్రేమ ఎంతో క్షేమం,none,392,0,0,0,Praveen VB,in_library_contained,https://waytochurch.com/lyrics/song/21835
21838,Neevu lekundaa nenundalenu,నీవు లేకుండా నేనుండలేను,full,413,531,0,0,Pastor G  Vijay kumar,in_library_contained,https://waytochurch.com/lyrics/song/21838
21840,Vendi bangaarukantey sreshtamainadhi,వెండి బంగారుకంటే శ్రేష్టమైనది,full,511,637,0,0,,missing,https://waytochurch.com/lyrics/song/21840
21841,Aalochinchavaa oh nestham aalochinchavaa,ఆలోచి౦చావ ఓ నేస్తం ఆలోచి౦చావ,full,805,939,0,0,Joshua dean,missing,https://waytochurch.com/lyrics/song/21841
21846,Na brathulku dinamulu lekkinpa nerpumu,నా బ్రతుకు దినములు లెక్కింప నేర్పుము,full,559,687,0,0,Joel Kodali,in_library_exact,https://waytochurch.com/lyrics/song/21846
21860,Kaalamokati raabothundi ippude adi vacheyundi,కాలమొకటి రాబోతుంది ఇప్పుడే అది వచ్చేవుంది,full,457,559,0,0,Godi Samuel,missing,https://waytochurch.com/lyrics/song/21860
21861,Ee lokamu nanu vidachina,ఈ లోకము నను విడచినను,full,774,904,0,0,"Dr  Pammi Daniel, Prabhu Pammi, Sharon Paul Perli",in_library_exact,https://waytochurch.com/lyrics/song/21861
21868,Sthuthiyincheda ninne poojincheda,స్తుతియించెద నిన్నే పూజించెద,full,452,552,0,0,Bro  Sam Prabhu Sandesh,missing,https://waytochurch.com/lyrics/song/21868
21873,kalvari giri pai naa yessaiah naa korakai,కల్వరిగిరిపై నా యేసయ్య,none,565,0,0,0,Bro SURESH NITTALA (Singapore),missing,https://waytochurch.com/lyrics/song/21873
21874,Madhuraathi Madhuram yesu nee namam,మధురాతి మధురం యేసు నీ నామం,none,467,0,0,0,Joshua Shaik,missing,https://waytochurch.com/lyrics/song/21874
21875,Nee thyaagame ne dhyaaninchuchuu,నీ త్యాగమే నే ధ్యానించుచూ,full,409,506,0,0,Pastor Suresh (Late),missing,https://waytochurch.com/lyrics/song/21875
21876,Deva nannela vidichinaavayaa,దేవా నన్నేల విడిచినావయా,full,583,728,0,0,Dr  Issac Raj Alanka,missing,https://waytochurch.com/lyrics/song/21876
21877,Silvalo Kaarchinaa Nee Rathamu,సిల్వలో కార్చినా నీ రక్తము,none,353,0,0,0,Praveen VB,missing,https://waytochurch.com/lyrics/song/21877
21878,Chedu Aalochanalanu Jayinche Sakthi,చెడు ఆలోచనలను జయించే శక్తీ,none,420,0,0,0,Praveen VB,missing,https://waytochurch.com/lyrics/song/21878
21880,moyaleni bhaaramantha siluvalo mosaavu,మోయలేని భారమంత సిలువలో మోసావు,full,662,814,0,0,,in_library_exact,https://waytochurch.com/lyrics/song/21880
21884,Nee naavalo yesu undagaa bhayamelaraa sodharaa,నీ నావలో యేసు ఉండగా భయమేలరా సోదరా,full,461,580,0,0,Pastor Vinod Kumar,missing,https://waytochurch.com/lyrics/song/21884
21887,yesayya naamamu naa praana raksha,యేసయ్య నామము నా ప్రాణ రక్ష,full,366,446,0,0,,in_library_exact,https://waytochurch.com/lyrics/song/21887
21892,Mulla Kireetamu raktha dhaaralu,ముళ్ళ కిరీటము రక్త ధారలు,full,556,722,2,2,Joel Kodali,in_library_exact,https://waytochurch.com/lyrics/song/21892
21894,Endhuko e gora papini,ఎందుకో ఈ ఘోర పాపిని,none,573,0,0,0,,missing,https://waytochurch.com/lyrics/song/21894
21905,Parishuddame Yesuni raktham pravahinchenu kalvarilo,పరిశుద్ధమే యేసుని రక్తం ప్రవహించెను కల్వరిలో,full,803,992,0,0,"Late Bishop shantha vardhan garu, Guntur",missing,https://waytochurch.com/lyrics/song/21905
21907,Yesuni neevu nammuko rakshana pondhuko,యేసుని నీవు నమ్ముకో రక్షణ పొందుకో,full,237,281,0,0,Pastor Kasi Lazarus,missing,https://waytochurch.com/lyrics/song/21907
21908,Yesaiah Entho Entho Manchivadu,యేసయ్య ఎంతో ఎంతో మంచివాడు,full,176,499,0,0,Rev  Daniel Pothuraj,missing,https://waytochurch.com/lyrics/song/21908
21909,naa kanuchoopu mera yesu nee prema,నా కనుచూపు మేర యేసు నీ ప్రేమ,full,611,723,0,0,Joshua shaik,in_library_exact,https://waytochurch.com/lyrics/song/21909
21910,devude ila cheretanduku ennukunna maargam,దేవుడే ఇల చేరేటందుకు ఎన్నుకున్న మార్గం,full,852,1021,0,0,Sayaram Gattu,in_library_exact,https://waytochurch.com/lyrics/song/21910
21911,thaaraa velisenu ee vela,తారా వెలిసెను ఈ వేళ,full,483,604,0,0,Sayaram Gattu,in_library_exact,https://waytochurch.com/lyrics/song/21911
21912,karuna choopinchumaa yesayya kanneeru thudavagaa,కరుణ చూపించుమా యేసయ్య కన్నీరు తుడవగా,full,817,978,0,0,Sayaram Gattu,in_library_exact,https://waytochurch.com/lyrics/song/21912
21913,ihaloka paapi koraku,ఇహలోక పాపి కొరకు,full,214,252,0,0,Rev  Enos Sunandhan Tupili,in_library_exact,https://waytochurch.com/lyrics/song/21913
21927,kanipettuchuntini prabhuvaa nee sannidhini,కనిపెట్టుచుంటిని ప్రభువా నీ సన్నిధినీ,partial,617,657,2,0,Bro Augustine,missing,https://waytochurch.com/lyrics/song/21927
21928,sundarudaa athiysheyuda mahonnathudaa naa priyudaa,సుందరుడా అతిశయుడా మహోన్నతుడా నా ప్రియుడా,full,300,348,0,0,Prathap Darshi(kannada),in_library_exact,https://waytochurch.com/lyrics/song/21928
21932,yesayyaa nannenduku ennukunnaavayyaa,యేసయ్యా నన్నెందుకు ఎన్నుకున్నావయ్యా,full,474,576,0,0,,in_library_exact,https://waytochurch.com/lyrics/song/21932
21933,maruvagalanaa maralaa ilalo ganani karunaa,మరువగలనా మరలా ఇలలో గనని కరుణా,full,631,797,0,0,,in_library_exact,https://waytochurch.com/lyrics/song/21933
21934,paatha nibandhanalo ishraayelunu devudu korenu dashama bhaagam,పాత నిబంధనలో ఇశ్రాయేలును దేవుడు కోరెను దశమ భాగం,full,562,723,0,0,,in_library_exact,https://waytochurch.com/lyrics/song/21934
21935,nithyam nilichedi nee preme yesayyaa,నిత్యం నిలిచేది నీ ప్రేమే యేసయ్యా,full,432,492,0,0,,in_library_exact,https://waytochurch.com/lyrics/song/21935
22035,mattinaina nannu manishigaa maarchi,మట్టినైన నన్ను మనిషిగా మార్చి,full,505,639,0,0,,in_library_exact,https://waytochurch.com/lyrics/song/22035
22037,prema shaashwatha kaalamundunu,ప్రేమ శాశ్వత కాలముండును,full,657,719,0,0,,in_library_exact,https://waytochurch.com/lyrics/song/22037
22039,neeve aashrayadurgam neeve naa sahaayam,నీవే ఆశ్రయదుర్గం నీవే నా సహాయం,full,453,557,0,0,,in_library_exact,https://waytochurch.com/lyrics/song/22039
22047,neelo samasthamu saadhyame,నీలో సమస్తము సాధ్యమే,full,405,495,0,0,,in_library_exact,https://waytochurch.com/lyrics/song/22047
22048,nirantharamaina nee krupalo,నిరంతరమైన నీ కృపలో,full,576,731,0,0,,in_library_exact,https://waytochurch.com/lyrics/song/22048
22049,nannu brathikinchutaku neevu maraninchithive,నన్ను బ్రతికించుటకు నీవు మరణించితివే,full,364,455,0,0,,in_library_exact,https://waytochurch.com/lyrics/song/22049
22050,naa vedhanalo naa baadhalo,నా వేదనలో నా బాధలో,full,661,800,0,0,,in_library_exact,https://waytochurch.com/lyrics/song/22050
22051,nee prema naalo madhuramainadi,నీ ప్రేమ నాలో మధురమైనది,full,945,1159,0,0,,in_library_exact,https://waytochurch.com/lyrics/song/22051
22052,nee kaaryamulu aascharyamulu devaa,నీ కార్యములు ఆశ్చర్యములు దేవా,full,534,637,0,0,,in_library_exact,https://waytochurch.com/lyrics/song/22052
22053,jeevamu gala devuni sangham entho entho ramyamu,జీవము గల దేవుని సంఘం ఎంతో ఎంతో రమ్యము,full,742,903,0,0,,in_library_exact,https://waytochurch.com/lyrics/song/22053
22054,cheekatilo kaanthivi,చీకటిలో కాంతివి,full,498,601,0,0,,in_library_exact,https://waytochurch.com/lyrics/song/22054
22055,kshamaapana dorikenaa,క్షమాపణ దొరికేనా,full,371,440,0,0,,in_library_exact,https://waytochurch.com/lyrics/song/22055
22056,kalugunu gaaka devuniki mahima kalugunu gaaka,కలుగును గాక దేవునికి మహిమ కలుగును గాక,full,621,765,0,0,,in_library_exact,https://waytochurch.com/lyrics/song/22056
22057,kaalaalu maarina gaani yesu maaradu,కాలాలు మారిన గాని యేసు మారడు,full,296,355,0,0,,in_library_exact,https://waytochurch.com/lyrics/song/22057
22058,kannulatho choose ee lokam entho andamugaa srushtinchabadenu bhoolokam,కన్నులతో చూసే ఈ లోకం ఎంతో అందముగా సృష్టించబడెను భూలోకం,full,767,952,0,0,,in_library_exact,https://waytochurch.com/lyrics/song/22058
22059,koti kaanthula velugulatho udayinchenu oka kiranam,కోటి కాంతుల వెలుగులతో ఉదయించెను ఒక కిరణం,full,865,1068,0,0,,in_library_exact,https://waytochurch.com/lyrics/song/22059
22060,oka divyamaina sangathitho,ఒక దివ్యమైన సంగతితో,full,385,447,0,0,,in_library_exact,https://waytochurch.com/lyrics/song/22060
22061,egedanu ne cheredanu,ఏగెదను నే చేరెదను,full,531,621,0,0,,in_library_exact,https://waytochurch.com/lyrics/song/22061
22062,ae yogyathaa leni nannu enduku ennukunnaavu,ఏ యోగ్యతా లేని నన్ను ఎందుకు ఎన్నుకున్నావు,full,302,356,0,0,,in_library_exact,https://waytochurch.com/lyrics/song/22062
22063,evaru unnaa lekunnaa,ఎవరు ఉన్నా లేకున్నా,full,481,567,0,0,,in_library_exact,https://waytochurch.com/lyrics/song/22063
22064,aaraadhinchedamu aathmatho nirathamu,ఆరాధించెదము ఆత్మతో నిరతము,full,549,670,0,0,,in_library_exact,https://waytochurch.com/lyrics/song/22064
22065,aananda thailaabhishekamu nimmu aathma swaroopudaa,ఆనంద తైలాభిషేకము నిమ్ము ఆత్మ స్వరూపుడా,full,382,465,0,0,,in_library_exact,https://waytochurch.com/lyrics/song/22065
22066,vinarandi naa priyuni visheshamu,వినరండి నా ప్రియుని విశేషము…,full,939,1153,0,0,,in_library_exact,https://waytochurch.com/lyrics/song/22066
22081,Annivelala vinuvaadu,అన్నివేళల వినువాడు,full,402,477,0,0,G Phinehas,missing,https://waytochurch.com/lyrics/song/22081
22083,Suvaartha andhani ooru undaney koodadu,సువార్త అందని ఊరు ఉండనే కూడదు,full,441,548,0,0,Dr  K John Mangacharyulu,missing,https://waytochurch.com/lyrics/song/22083
22091,yesu devuni aashrayinchumaa,యేసు దేవుని ఆశ్రయించుమా,full,828,986,0,0,,in_library_exact,https://waytochurch.com/lyrics/song/22091
22092,maruvani needu prematho kaachithivi kanupaapagaa,మరువని నీదు ప్రేమతో కాచితివే కనుపాపగా,full,568,696,0,0,,in_library_exact,https://waytochurch.com/lyrics/song/22092
22093,andhakaara cherasaalalo bandhakaala irukulo,అంధకార చెరసాలలో బంధకాల ఇరుకులో,full,639,799,0,0,,in_library_exact,https://waytochurch.com/lyrics/song/22093
22098,palukaleni naaku paata nerpinaavu,పలుకలేని నాకు పాట నేర్పినావు,full,517,617,0,0,chinnakotla K S Paul,in_library_exact,https://waytochurch.com/lyrics/song/22098
22099,Naa chinni hrudayamtho naa goppa devunine,నా చిన్ని హృదయముతో నా గొప్ప దేవుని,full,440,530,0,0,Pastor Vinod Kumar,in_library_contained,https://waytochurch.com/lyrics/song/22099
22100,anthya dinamulayandu aathmanu,అంత్య దినములయందు ఆత్మను,full,412,489,0,0,,in_library_exact,https://waytochurch.com/lyrics/song/22100
22101,yehovaa yire nanu chusevaadaa neevundutaye chaalu,యెహోవా యీరే నను చూసేవాడా నీవుండుటయే చాలు,full,585,706,0,0,,in_library_exact,https://waytochurch.com/lyrics/song/22101
22102,ninu gaaka mari denini ne premimpaneeyaku,నిను గాక మరి దేనిని నే ప్రేమింపనీయకు,full,456,561,0,0,,in_library_exact,https://waytochurch.com/lyrics/song/22102
22103,Nannelu Nazareyuda Nanu Preminchu Pranapriyudaa,నన్నేలు నజరేయుడా నను ప్రేమించు ప్రాణప్రియుడా,full,371,445,0,0,Joshua Shaik,missing,https://waytochurch.com/lyrics/song/22103
22104,Ninne ninne premisthunnaa,నిన్నే నిన్నే ప్రేమిస్తున్నా,full,237,275,0,0,Raja Mandru,in_library_contained,https://waytochurch.com/lyrics/song/22104
22105,jeevinthu nenu ika meedata naa korake kaadu,జీవింతు నేను ఇకమీదట నా కొరకే కాదు,full,679,803,0,0,,in_library_exact,https://waytochurch.com/lyrics/song/22105
22106,O yesu nee naama sankeerthana,ఓ యేసు నీ నామ సంకీర్తన,full,266,335,0,0,Dr Vijaya Kumar Gudipati,missing,https://waytochurch.com/lyrics/song/22106
22107,Aaraadhinchedanu aatmathoa nirathamu,ఆరాధించెదను ఆత్మతో నిరతము,full,468,611,0,0,Pastor Raj Prakash Paul,missing,https://waytochurch.com/lyrics/song/22107
22108,aanandam neelone aadhaaram neevegaa,ఆనందం నీలోనే ఆధారం నీవేగా,full,609,773,0,0,,in_library_exact,https://waytochurch.com/lyrics/song/22108
22119,Ah ah ah ahahah,ఆఆ…ఆఆ… ఆ…ఆ…ఆ…,full,399,515,0,0,Franklin Sukumar,missing,https://waytochurch.com/lyrics/song/22119
22129,saadhyamu anni saadhyamu,సాధ్యము అన్ని సాధ్యము,full,449,528,0,0,,in_library_exact,https://waytochurch.com/lyrics/song/22129
22130,yesu yesu yesu ninnu choodaali,యేసు యేసు యేసు నిన్ను చూడాలి,full,444,512,0,0,,in_library_exact,https://waytochurch.com/lyrics/song/22130
22131,yesayyaa nee poola thota,యేసయ్యా నీ పూల తోట,full,430,522,0,0,,in_library_exact,https://waytochurch.com/lyrics/song/22131
22132,Prematho nanu pilichinaa,ప్రేమతో నను పిలిచినా,full,477,581,0,0,Bro Praveen D,in_library_contained,https://waytochurch.com/lyrics/song/22132
22133,aaraadhinchedamu yesayya naamamunu,ఆరాధించెదము యేసయ్య నామమును,full,578,692,0,0,,in_library_exact,https://waytochurch.com/lyrics/song/22133
22153,Ashirwadam Ashirvadham Yehova dheevinchi kaapadunugaka,ఆశిర్వాదం యెహొవా దీవించి కాపాడునుగాక,full,595,653,0,0,"Dr  Prasanna kaki, music: Issac pilli",missing,https://waytochurch.com/lyrics/song/22153
22154,sundaramulu athi sundaramulu,సుందరములు అతి సుందరములు,full,591,723,0,0,,in_library_exact,https://waytochurch.com/lyrics/song/22154
22155,Ratnavarnudaa karunaa sampannudaa,రత్నవర్ణుడా కరుణా సంపన్నుడా,full,459,567,0,0,Pastor Praveen,missing,https://waytochurch.com/lyrics/song/22155
22156,Yesulo aanandam Yesulo santhosham,యేసులో ఆనందం యేసులో సంతోషం,full,685,843,0,0,Arun Alwyn,missing,https://waytochurch.com/lyrics/song/22156
22157,Prardhane balamainadhi vijayamutho nadipinchedi,ప్రార్ధనే బలమైనది విజయముతో నడిపించేది,full,459,541,0,0,Aruna Jalli,missing,https://waytochurch.com/lyrics/song/22157
22158,Aa silvalo ee paapikai nee sareeramu baliyaayane,ఆ సిల్వలో ఈ పాపికై నీ శరీరము బలియాయెనే,full,968,1164,0,0,Israel Dorababu,missing,https://waytochurch.com/lyrics/song/22158
22168,Naakantu ee jagaana neeve kada na yesayya,నాకంటూ ఈ జగాన నీవే కదా నా యేసయ్య,full,417,517,0,0,Joshua Shaik,missing,https://waytochurch.com/lyrics/song/22168
22170,Vandanam Vandanam Vandanam Deva Vandanam,వందనం వందనం వందనం దేవా వందనం,full,748,910,0,0,Pastor Raj Prakash Paul,missing,https://waytochurch.com/lyrics/song/22170
22171,Yesayya neeve naaku aadhaaramu,యేసయ్య నీవే నాకు ఆధారము,full,284,353,0,0,Suresh Garugula,missing,https://waytochurch.com/lyrics/song/22171
22172,Noothana geethamu ne paadedha manoharudaa yesayyaa,నూతన గీతము నే పాడెదా మనోహరుడా యేసయ్యా,full,520,649,0,0,Hosanna Ministries,missing,https://waytochurch.com/lyrics/song/22172
22176,Sthuthi aaraadhana parishuddhunake,స్తుతి ఆరాధన పరిశుద్ధునకే,full,221,290,0,0,,missing,https://waytochurch.com/lyrics/song/22176
22198,Okasaari choodaalani,ఒకసారి చూడాలనీ,full,300,364,0,0,Bro Augustine Dandingi,missing,https://waytochurch.com/lyrics/song/22198
22200,Yesu nee premakai vandhanam,యేసు నీ ప్రేమకై వందనం,full,270,357,0,0,Kripal Mohan,missing,https://waytochurch.com/lyrics/song/22200
22201,Paralokam naa dhesam,పరలోకం నా దేశం,full,245,320,0,0,Kripal Mohan,missing,https://waytochurch.com/lyrics/song/22201
22202,Neelone rakshana neelone neerikshana,నీలోనే రక్షణ నీలోనే నీరీక్షణ,full,230,296,0,0,Kripal Mohan,in_library_lyric_line,https://waytochurch.com/lyrics/song/22202
22203,Naa jeevithamulo velugai nilichinaa,నా జీవితములో వెలుగై నిలిచినా,full,306,391,0,0,Kripal Mohan,missing,https://waytochurch.com/lyrics/song/22203
22204,Devude naa aasrayam rakshana durgamu,దేవుడే నా ఆశ్రయం రక్షణ దుర్గము,full,240,302,0,0,Kripal Mohan,missing,https://waytochurch.com/lyrics/song/22204
22210,Sthuthiyinchedaa ninnu keerthinchedaa,స్తుతియించెదా నిన్ను కీర్తించెదా,full,397,450,0,0,Bro Denny Israel,missing,https://waytochurch.com/lyrics/song/22210
22211,idipisthaadu naa yesudu,విడిపిస్తాడు నా యేసుడు,full,571,688,0,0,,in_library_exact,https://waytochurch.com/lyrics/song/22211
22212,Nee aathmatho nannu nadipinchayaa,నీ ఆత్మతో నన్ను నడిపించయా,full,574,721,0,0,Vijay Kondapuram,missing,https://waytochurch.com/lyrics/song/22212
22213,Oh praardhana su praardhana nee praabavambun marathuna,ఓ ప్రార్ధన సుప్రార్ధన నీ ప్రాభవంబున్ మరతునా,full,683,822,0,0,William W  Walford (Sweet Hour of Prayer),in_library_exact,https://waytochurch.com/lyrics/song/22213
22216,Neetipainaa nadichenu,నీటిపైనా నడిచెను,full,379,475,0,0,Benny Joshua,missing,https://waytochurch.com/lyrics/song/22216
22217,ninu polina vaarevaru melu cheyu devudadvu,నిన్ను పోలిన వారెవరూ మేలు చేయు దేవుడవు,full,443,504,0,0,Ps  BENNY JOSHUA,in_library_exact,https://waytochurch.com/lyrics/song/22217
22218,naa jeevitha bhaagasvaami naa priya yesi swaami,నా జీవిత భాగస్వామి నా ప్రియ యేసు స్వామి,full,461,566,0,0,,in_library_exact,https://waytochurch.com/lyrics/song/22218
22219,Keerthaneeyamainadhi kreesthu gaanasudhaa,కీర్తనీయమైనది క్రీస్తు గానసుధా,full,551,704,0,0,Veturi Sundara Rammoorthy,missing,https://waytochurch.com/lyrics/song/22219
22220,Enthadooramaina yesutho nee payanam,ఎంతదూరమైన యేసుతో నీ పయణం,full,249,322,0,0,Bro Santi Babu,missing,https://waytochurch.com/lyrics/song/22220
22222,Swaramethi paadedhan yesayya,స్వరమెత్తి పాడెదన్ యేసయ్య,full,368,437,0,0,Raja Mandru,missing,https://waytochurch.com/lyrics/song/22222
22225,Paadedha paadedha paadedha yesayya,పాడెదా పాడెదా పాడెద యేసయ్యా,full,336,641,0,0,Dr  Victor Rampogu,missing,https://waytochurch.com/lyrics/song/22225
22226,Kamaneeyamaina nee premalona ne niluvanaa naa yesayya,కమనీయమైన నీ ప్రేమలోన నే నిలువనా నా యేసయ్య,partial,894,685,2,0,"Joshua Shaik, Passion For Christ Ministries",in_library_exact,https://waytochurch.com/lyrics/song/22226
22229,naa devaa neeke vandanam,నా దేవా నీకే వందనం,full,251,311,0,0,,in_library_exact,https://waytochurch.com/lyrics/song/22229
22230,Devudu ledani vaadhamu lendhuku,దేవుడు లేడని వాదములెందుకు,full,654,791,0,0,Jasper Kunapo,missing,https://waytochurch.com/lyrics/song/22230
22233,Yesey goppa devudu mana yesey shakthimandthudu,యేసే గొప్ప దేవుడు మన యేసే శక్తిమంతుడు,full,526,660,0,0,Bro Philip Gariki,in_library_exact,https://waytochurch.com/lyrics/song/22233
22235,Manninchina aa preme naa sonthamaa,మన్నించినా ఆ ప్రేమే నా సొంతమా,full,474,598,0,0,Yalagapaati Sunil Kumar,missing,https://waytochurch.com/lyrics/song/22235
22236,Madhuramaina prematho nannu preminchithivi,మధురమైన ప్రేమతో నన్ను ప్రేమించితివి,full,614,749,0,0,Dr  Victor Rampogu,missing,https://waytochurch.com/lyrics/song/22236
22251,shaashwathamaa ee deham,శాశ్వతమా ఈ దేహం,full,403,528,0,0,,in_library_exact,https://waytochurch.com/lyrics/song/22251
22253,Booradhwanikai yesuni raakakai,బూరధ్వనికై యేసుని రాకకై,full,268,352,0,0,Rayipati Srilekha Srikanth,missing,https://waytochurch.com/lyrics/song/22253
22254,Parishuddhaathmudaa naa manchi snehithudaa,పరిశుద్ధాత్ముడా నా మంచి స్నేహితుడా,full,424,536,0,0,John Kennedy Bethapudi,missing,https://waytochurch.com/lyrics/song/22254
22255,Deva ninu aaraadhincheydamu,దేవా నిను ఆరాధించెదము,full,507,617,0,0,Stanley Jones YJ,missing,https://waytochurch.com/lyrics/song/22255
22263,Bandhinaipoya neelo Munigi teelaaka,బంధినైపోయా నీలో మునిగితేలాకా,full,956,525,0,0,John Vittney Kalavala,missing,https://waytochurch.com/lyrics/song/22263
22265,Maargamai unna Yesu,మార్గమై ఉన్న యేసు,full,408,532,0,0,Jonah Samuel,missing,https://waytochurch.com/lyrics/song/22265
22272,Bolo kreesthu maharaaj ki jai,బోలో క్రీస్తు మహరాజ్ కి జై,full,505,601,0,0,K Y Ratnam,missing,https://waytochurch.com/lyrics/song/22272
22284,Ninne nammukuntini oh deva,నిన్నే నమ్ముకుంటిని ఓ దేవా నన్ను దాటి వెళ్ళకు నా ప్రభువా,none,535,0,0,0,Akhil chand,missing,https://waytochurch.com/lyrics/song/22284
22285,devaa ilalona neevu maakichchina gruhamu,దేవా ఇలలోన నీవు మాకిచ్చిన గృహము,full,741,934,0,0,Sayaram Gattu,in_library_exact,https://waytochurch.com/lyrics/song/22285
22286,aalakinchumo devaa maa aakrandananu,ఆలకించుమో దేవా మా ఆక్రందనను,full,332,405,0,0,Srinivas Bandaru,in_library_exact,https://waytochurch.com/lyrics/song/22286
22325,thaara joopina maargamade,తార జూపిన మార్గమదే,full,2482,3102,0,0,,in_library_contained,https://waytochurch.com/lyrics/song/22325
22337,Okka kshanamaina,ఒక్క క్షణమైన,full,797,984,4,4,Sis  Prasanna Bold,missing,https://waytochurch.com/lyrics/song/22337
22339,ee udayam shubha udayam,ఈ ఉదయం శుభ ఉదయం,full,409,514,0,0,,in_library_exact,https://waytochurch.com/lyrics/song/22339
22350,Ontarini nenu ontarini,ఒంటరిని నేను ఒంటరిని,partial,736,713,3,1,John Libni Bathuka,missing,https://waytochurch.com/lyrics/song/22350
22352,Swachamaina thalli premalaa,స్వచ్చమైన తల్లి ప్రేమలా,full,633,839,0,0,KR John,missing,https://waytochurch.com/lyrics/song/22352
22353,Naakunnaadu oka snehithudu,నాకున్నాడు ఒక స్నేహితుడు,full,512,586,0,0,Pastor J Arun Kumar,missing,https://waytochurch.com/lyrics/song/22353
22358,Ben and holly ishtamaa,బెన్ అండ్ హలీ ఇష్టమా,full,641,694,0,0,Dhanya Tryphosa,missing,https://waytochurch.com/lyrics/song/22358
22359,Lali jo Naa chinni thandri paraloka raajaa,నా చిన్ని తండ్రి పరలోక రాజా,full,378,495,0,0,Michael Kalyanapu,missing,https://waytochurch.com/lyrics/song/22359
22360,Thalli mariya vadilonaa pavalinchagaa,తల్లి మరియ వడిలోనా పవలించగా,full,516,658,0,0,Michael Kalyanapu,missing,https://waytochurch.com/lyrics/song/22360
22361,Kaluvari naadhaa karunanu choopi,కలువరి నాధా కరుణను చూపి,full,444,570,0,0,Pastor Hannah Vimal,missing,https://waytochurch.com/lyrics/song/22361
22362,Kotha visthaarathanu kanalevaa,కోత విస్తారతను కనలేవా,full,453,579,0,0,Jasper Kunapo,missing,https://waytochurch.com/lyrics/song/22362
22367,Idi kamaneeya kalyaana raagam,ఇది కమనీయ కళ్యాణ రాగం,full,314,419,0,0,Pandit KVK Churchil,missing,https://waytochurch.com/lyrics/song/22367
22374,Naa yesu raajaa sthothramu,నా యేసు రాజా స్తోత్రము,full,299,370,0,0,Father S J Berchmans,missing,https://waytochurch.com/lyrics/song/22374
22380,Thandrine vidachi intine marachi,తండ్రి నే విడచి ఇంటినే మరచి,full,644,741,0,0,C Y Joshua,missing,https://waytochurch.com/lyrics/song/22380
22382,Janminche lokarakshakudu,జన్మించె లోకరక్షకుడు,full,669,821,2,2,Bishop Samuel Finny Pachigalla,missing,https://waytochurch.com/lyrics/song/22382
22383,kruthangnathatho sthuthi paadeda,కృతజ్ఞతతో స్తుతి పాడెద,full,404,439,0,0,"Malayalam :  P G ABRAHAM , Hindi: Pastor Wilson George  Translated by: Joel N Bob",in_library_exact,https://waytochurch.com/lyrics/song/22383
22384,sampoornudaa naa yesayyaa,సంపూర్ణుడా నా యేసయ్యా,full,470,574,0,0,,in_library_exact,https://waytochurch.com/lyrics/song/22384
22385,Rajaadhi raaju prabhuvulaku prabhuvu,రాజాధి రాజు ప్రభువులకు ప్రభువు,full,366,448,0,0,Sharon philip,missing,https://waytochurch.com/lyrics/song/22385
22386,Bethlehemu puramulo oka naati raathiri,బేత్లెహేము పురములో ఒక నాటి రాతిరి,full,824,1009,0,0,Joel Kodali,in_library_exact,https://waytochurch.com/lyrics/song/22386
22387,Chorus,పల్లె పల్లెల్లో పట్టణాల వీధుల్లో,full,662,824,0,0,"Bro P Sunith , Bro Bobby Jeevan",missing,https://waytochurch.com/lyrics/song/22387
22388,Nakshathramaa vekuva nakshathramaa,నక్షత్రమా వేకువ నక్షత్రమా,full,364,465,0,0,Pandit KVK Churchil,missing,https://waytochurch.com/lyrics/song/22388
22389,Christmas nijamaina christmas,క్రిస్మస్ నిజమైన క్రిస్మస్,full,538,571,0,0,Joshua Shaik,missing,https://waytochurch.com/lyrics/song/22389
22396,raaraaju puttaadoi maa raaju puttaadoi,రారాజు పుట్టాడోయ్ మా రాజు పుట్టాడోయ్,full,648,781,0,0,,in_library_exact,https://waytochurch.com/lyrics/song/22396
22397,mahimaanvithamu manoharamu,మహిమాన్వితము మనోహరము,full,443,532,0,0,,in_library_exact,https://waytochurch.com/lyrics/song/22397
22399,noothana samvathsaramulo,నూతన సంవత్సరములో,full,433,548,0,0,Esther Solmon,in_library_exact,https://waytochurch.com/lyrics/song/22399
22401,Evaro Ninnilaa maarchinadhi,ఎవరో నాన్నిలా మార్చినది,full,544,695,0,0,Hosanna Ministries,missing,https://waytochurch.com/lyrics/song/22401
22406,Mahonnathuda Nee Chaatuna Ne Nivasinchedhanu,మహోన్నతుడా నీ చాటున నే నివసించెదను,full,813,984,0,0,Vijay Kondapuram,in_library_exact,https://waytochurch.com/lyrics/song/22406
22408,Naa yeduta neevu therachina thalupulu,నా యెదుట నీవు తెరచిన తలుపులు,full,476,606,0,0,Pastor John Wesley,missing,https://waytochurch.com/lyrics/song/22408
22410,yesu puttukoloni paramaardhaanni grahinchi,యేసు పుట్టుకలోని పరమార్ధాన్ని గ్రహించి,full,833,1042,0,0,,in_library_exact,https://waytochurch.com/lyrics/song/22410
22411,puvvu virisi raalinaa,పువ్వు విరిసి రాలినా,full,381,447,0,0,,in_library_exact,https://waytochurch.com/lyrics/song/22411
22416,Neeve hrudhaya saaradhi pragathiki vaaradhi,నీవే హృదయ సారధి ప్రగతికి వారధి,full,511,663,0,0,Pastor John Wesley,missing,https://waytochurch.com/lyrics/song/22416
22417,Amarudavu neevu naa yesayya aadhiyu anthamu neevenayyaa,అమరుడవు నీవు నా యేసయ్య ఆదియు అంతము నీవేనయ్యా,full,825,1013,0,0,Hosanna Ministries,missing,https://waytochurch.com/lyrics/song/22417
22418,kontha yedamu neevainaa ne saagalenu,కొంత యెడము నీవైనా నే సాగలేను,full,654,789,0,0,Solmon,in_library_exact,https://waytochurch.com/lyrics/song/22418
22419,O prema moorthy O thyaaga moorthy,ఓ ప్రేమమూర్తి ఓ త్యాగమూర్తి,full,490,608,0,0,Pastor J Devanand Kumar,missing,https://waytochurch.com/lyrics/song/22419
22426,tharamulu maaruchunnavi dinamulu maaruchunnavi,తరములు మారుచున్నవి దినములు మారుచున్నవి,full,947,1116,0,0,,in_library_exact,https://waytochurch.com/lyrics/song/22426
22427,kreesthesu puttenu loka rakshakunigaa,క్రీస్తేసు పుట్టెను లోక రక్షకునిగా,full,695,858,0,0,,in_library_exact,https://waytochurch.com/lyrics/song/22427
22439,Maranapu mullunu virachi jayinchina,మరణపు ముల్లును విరచి జయించిన,full,263,343,0,0,Pastor Kamala Timothy Mallipudi,missing,https://waytochurch.com/lyrics/song/22439
22440,ne brathiki unnaanante adi kevalam nee krupa,నే బ్రతికి ఉన్నానంటే అది కేవలం నీ కృప,full,538,640,0,0,P Daiva Kumari,in_library_exact,https://waytochurch.com/lyrics/song/22440
22441,Pasuvula paakalo deva kumaarudu,పశువుల పాకలో దేవ కుమారుడు,full,719,912,0,0,pastor Dr  Pammi Daniel,missing,https://waytochurch.com/lyrics/song/22441
22442,Thaara choopina maargamadey,తార చూపిన మార్గమదే,full,1133,1465,0,0,Anil Kumar Vemula,missing,https://waytochurch.com/lyrics/song/22442
22443,Ullaasame uthsaahame,ఉల్లాసమే ఉత్సాహమే,full,735,898,0,0,JC Kuchipudi,in_library_contained,https://waytochurch.com/lyrics/song/22443
22444,Sthothrarhudavu maa prabhuva deva,స్తోత్రార్హుడవూ మా ప్రభువా దేవా,full,447,530,0,0,David Edison Thella,missing,https://waytochurch.com/lyrics/song/22444
22445,Na hrudhayaana koluvaina yesayya,నా హృదయాన కొలువైన యేసయ్యా,full,702,851,0,0,Bro  Yesanna,in_library_exact,https://waytochurch.com/lyrics/song/22445
22449,Oohakandani upakaaramulu krupa vembadi krupalu,ఊహకందని ఉపకారములు కృప వెంబడి కృపలు,full,445,545,0,0,Joshua Shaik,missing,https://waytochurch.com/lyrics/song/22449
22457,christmas aanandam vachchenu mana intiki,క్రిస్మస్ ఆనందం వచ్చెను మన ఇంటికి,full,407,470,0,0,Srinivas Bandaru,in_library_exact,https://waytochurch.com/lyrics/song/22457
22458,jayam jayam mana yesuke,జయం జయం మన యేసుకే,full,521,622,0,0,John kennedy Bethapudi,in_library_exact,https://waytochurch.com/lyrics/song/22458
22459,dhyaaninchuchuntimi siluvapai palikina viluvaina nee maatalu,ధ్యానించుచుంటిమి సిలువపై పలికిన విలువైన నీ మాటలు,full,1227,1495,0,0,,in_library_exact,https://waytochurch.com/lyrics/song/22459
22460,Snehamai praanamai varinche daivamai,స్నేహమై ప్రాణమై వరించే దైవమై,full,502,653,0,0,"Joshua Shaik, Passion For Christ Ministries",missing,https://waytochurch.com/lyrics/song/22460
22464,kanalenu prabhukela shrama silvapai,కనలేను ప్రభుకేల శ్రమ సిల్వపై,full,870,1044,0,0,k sundar rao,in_library_exact,https://waytochurch.com/lyrics/song/22464
22465,nee vaakyame shrama kolimilo,నీ వాక్యమే శ్రమ కొలిమిలో,full,559,680,0,0,,in_library_exact,https://waytochurch.com/lyrics/song/22465
22466,Okapari thalachina yesuni prema amrutham kadhaa,ఒకపరి తలచిన యేసుని ప్రేమ అమృతం కదా,full,445,578,0,0,"Joshua Shaik, Passion For Christ Ministries",missing,https://waytochurch.com/lyrics/song/22466
22469,Prabhuvaa hithavathsaram maaku ichaavayyaa,ప్రభువా హితవత్సరం మాకు ఇచ్చావయ్యా,full,479,606,0,0,Pastor B Shalem Raju,missing,https://waytochurch.com/lyrics/song/22469
22472,naa jeevam naa sarvam neeve devaa,నా జీవం నా సర్వం నీవే దేవా,full,396,458,0,0,"Narsinga Bobbili, Anand Paul",in_library_exact,https://waytochurch.com/lyrics/song/22472
22473,ae chettu gutta putta matti mokshyamuneeyadayyaa,ఏ చెట్టు గుట్ట పుట్ట మట్టి మోక్ష్యమునీయదయ్యా,full,562,666,0,0,B Sangeetha rao,in_library_exact,https://waytochurch.com/lyrics/song/22473
22474,Ee jaathilo memu okarimey,ఈ జాతిలో మేము ఒకరిమే,full,906,1031,0,0,Pastor Sandeep Dasari,missing,https://waytochurch.com/lyrics/song/22474
22477,mahonnathamaina seeyonulona sadaa kaalamu,మహోన్నతమైన సీయోనులోన సదా కాలము,full,521,659,0,0,Pastor Gnanaiah,in_library_exact,https://waytochurch.com/lyrics/song/22477
22478,Thandri devaa thandri devaa,తండ్రి దేవా తండ్రి దేవా,full,374,465,2,2,Tenny Jinans John (Tamil),in_library_exact,https://waytochurch.com/lyrics/song/22478
22481,noothanamainadi nee vaathsalyamu,నూతనమైనది నీ వాత్సల్యము ప్రతి దినము నన్ను దర్శించెను,full,747,912,0,0,Pastor  SUNDEEP DASARI,in_library_exact,https://waytochurch.com/lyrics/song/22481
22482,nee roopam naalona prathibimbamai velugani,నీ రూపం నాలోన ప్రతిబింబమై వెలుగనీ,full,582,713,0,0,,in_library_exact,https://waytochurch.com/lyrics/song/22482
22483,Nee krupayu kanikaramu,నీ కృపయి కనికరము,full,366,459,0,0,Dr P Satish Kumar,missing,https://waytochurch.com/lyrics/song/22483
22486,Gnanulu aaradhinchirayya ninu karunagala yesuvaa,జ్ఞానులు ఆరాధించిరయ్యా నిను కరుణగల యేసువా,full,371,452,0,0,Raja Babu garu,missing,https://waytochurch.com/lyrics/song/22486
22487,Aalanavai paalanavai,ఆలనవై పాలనవై,full,564,754,0,0,Dr  Issac Raj Alanka,missing,https://waytochurch.com/lyrics/song/22487
22492,Rando raarando yesuni choodaganu,రండో రారండో యేసుని చూడగను,full,658,808,0,0,"Dr  John Wesly , Mrs  Blessie Wesly",missing,https://waytochurch.com/lyrics/song/22492
22493,Kreesthu nedu puttene rakshana dhorikene,క్రీస్తు నేడు పుట్టెనె రక్షణ దొరికెనే,full,421,504,0,0,Samuel Karmoji,missing,https://waytochurch.com/lyrics/song/22493
22495,Neethone nadichedhanayyaa,నీతోనే నడిచెదనయ్యా,full,453,572,0,0,Raja Mandru,missing,https://waytochurch.com/lyrics/song/22495
22496,Neeve naaku chaalunu yesu,నీవే నాకు చాలును యేసు,partial,462,477,3,0,"Apostle R Sudhakar Garu (Daiva sannidhi Ministries, Isukapalli)",missing,https://waytochurch.com/lyrics/song/22496
22498,Dhinamulu jaruguchundagaa,దినములు జరుగుచుండగా,full,998,1258,0,0,Glory Rani,missing,https://waytochurch.com/lyrics/song/22498
22499,Choochithi nee momupai chindhina rakthamu,చూచితి నీ మోముపై చిందిన రక్తము,full,595,721,0,0,Pastor Jyothi Raju,in_library_exact,https://waytochurch.com/lyrics/song/22499
22500,krupa vembadi krupa nichina devaa,కృప వెంబడి కృప నిచ్చిన దేవా,full,414,514,0,0,Pastor Yesaiah Bonam,missing,https://waytochurch.com/lyrics/song/22500
22501,Nadavaleni velalo endina edaarilo,నడువలేని వేళలో ఎండినా ఎడారిలో,full,449,487,0,0,Dr  John Wesly,missing,https://waytochurch.com/lyrics/song/22501
22502,naa balamanthaa neevenayyaa,నా బలమంతా నీవేనయ్యా,full,321,394,0,0,"Pas  Sammy Thangaiah , Telugu Translation: Bro  Christopher Chalurkar",in_library_exact,https://waytochurch.com/lyrics/song/22502
22505,Vande Mataram Vande Mataram Vande Mataram,వందేమాతరం వందేమాతరం వందేమాతరం,full,296,384,0,0,Merlyn Salvadi,missing,https://waytochurch.com/lyrics/song/22505
22506,porli porli paaruthundi karunaa nadi,పొర్లి పొర్లి పారుతుంది కరుణానది,full,641,748,0,0,,in_library_exact,https://waytochurch.com/lyrics/song/22506
22507,Naa dhehamunu nee aalayamugaa nirminchi nivasinchumu,నా దేహమును నీ ఆలయముగా నిర్మించి నివసించుము,full,557,699,0,0,Joel Kodali,in_library_exact,https://waytochurch.com/lyrics/song/22507
22508,Aagani parugulo endina edaarulu,ఆగని పరుగులో ఎండిన ఎడారులు,partial,512,627,2,0,"Joshua Shaik, Passion For Christ Ministries",in_library_exact,https://waytochurch.com/lyrics/song/22508
22512,Nammutha Yesunu nammuthaanu Yesunu,నమ్ముతా యేసును నమ్ముతాను యేసును,full,280,322,0,0,Sis  Prasanna Bold,missing,https://waytochurch.com/lyrics/song/22512
22514,Krupagala devaa dhayagala raajaa,కృపగల దేవా దయగల రాజా,full,713,918,0,0,Pastor Abraham,in_library_exact,https://waytochurch.com/lyrics/song/22514
22515,Nannu pilichina devaa,నన్ను పిలిచిన దేవా,full,534,617,0,0,Benny Joshua,missing,https://waytochurch.com/lyrics/song/22515
22516,Na priyuniki oka thota unnadhi,నా ప్రియునికి ఒక తోట వున్నది,full,448,539,0,0,Pastor John David Raju Nethala,missing,https://waytochurch.com/lyrics/song/22516
22525,Naadhu rakshakaa vimochakaa prabhuvaa,నాదు రక్షకా విమోచకా ప్రభువా,full,356,457,0,0,Sam Joel G,missing,https://waytochurch.com/lyrics/song/22525
22526,Thalli thandrulla kannaa minna ayina prema naa yesuni prema,తల్లి తండ్రులకన్నా మిన్న అయిన ప్రేమ నా యేసుని ప్రేమ,full,575,662,0,0,Srimanth katamala,missing,https://waytochurch.com/lyrics/song/22526
22527,Vivaaham ghanamainadhi,వివాహం ఘనమైనది,full,904,1061,0,0,P Srinivas,missing,https://waytochurch.com/lyrics/song/22527
22529,Paapame aahaaramugaa,పాపమే ఆహారముగా,full,660,815,0,0,Stephen Bob,missing,https://waytochurch.com/lyrics/song/22529
22530,Ey samayamaina ey sthalamandaina,ఏ సమయమైన ఏ స్థలమందైన,full,402,495,0,0,Pastor Vinod Kumar,in_library_fuzzy,https://waytochurch.com/lyrics/song/22530
22537,naa praana priyudaa naa yesayyaa,నా ప్రాణ ప్రియుడా నా యేసయ్యా,full,653,765,0,0,palaparthi prabhudas,in_library_exact,https://waytochurch.com/lyrics/song/22537
22538,naa sarvam naa kota,నా సర్వం నా కోట,full,309,387,0,0,Prabhu Pammi,in_library_exact,https://waytochurch.com/lyrics/song/22538
22539,vetagaani urilo nundi,వేటగాని ఉరిలో నుండి,full,548,691,0,0,,in_library_exact,https://waytochurch.com/lyrics/song/22539
22540,priya yesu dehamulo ubike rakthapu oota,ప్రియ యేసు దేహములో ఉబికే రక్తపు ఊట,full,458,551,0,0,,in_library_exact,https://waytochurch.com/lyrics/song/22540
22541,yehovaa nanu karuninchumaa,యెహోవా నను కరుణించుమా,full,486,593,0,0,Dr  P Satish Kumar,in_library_exact,https://waytochurch.com/lyrics/song/22541
22542,o devaa daya choopumayyaa,ఓ దేవా దయ చూపుమయ్యా,full,412,494,0,0,Raj Prakash Paul,in_library_exact,https://waytochurch.com/lyrics/song/22542
22547,Naatho unnadu nannu viduvadu,నాతో ఉన్నాడు నన్ను విడువడు,full,357,396,0,0,Merlyn Salvadi,missing,https://waytochurch.com/lyrics/song/22547
22557,padhe paadanaa ninne koranaa ide reethigaa ninne cheranaa,పదే పాడనా నిన్నే కోరనా ఇదే రీతిగా నిన్నే చేరనా,full,568,713,0,0,Joshua Shaik,in_library_exact,https://waytochurch.com/lyrics/song/22557
22558,nannu pilachina devaa nannu muttina prabhuvaa,నన్ను పిలచిన దేవా నన్ను ముట్టిన ప్రభువా,full,597,684,0,0,Pas  BENNY JOSHUA,in_library_exact,https://waytochurch.com/lyrics/song/22558
22559,Ninne ne nammithi,నిన్నే నే నమ్మితీ,full,437,561,0,0,Pastor Raj Prakash Paul,missing,https://waytochurch.com/lyrics/song/22559
22564,nee chitthamune neraverchutakai nanu ennukoni,నీ చిత్తమునే నెరవేర్చుటకై నను ఎన్నుకొని,full,509,626,0,0,Srinivas Bandaru,in_library_exact,https://waytochurch.com/lyrics/song/22564
22565,Koteswarulaina Kadupedalaina,కోటీశ్వరులైనా కడుపేదలైనా,full,862,1067,0,0,Dr  P Lazarus,missing,https://waytochurch.com/lyrics/song/22565
22566,ee maranamu kaadu shaashwathamu,ఈ మరణము కాదు శాశ్వతము,full,581,740,0,0,Sayaram Gattu,in_library_exact,https://waytochurch.com/lyrics/song/22566
22567,naakunnadi neevenani,నాకున్నది నీవేనని,full,356,416,0,0,Nycil KK,in_library_exact,https://waytochurch.com/lyrics/song/22567
22570,Vadhimpabadina devuni gorrepilla,వధింపబడిన దేవుని గొఱ్ఱెపిల్ల,full,472,579,0,0,Anand Tirugulla,missing,https://waytochurch.com/lyrics/song/22570
22571,Vinthaina prema ideyga yesayya prema nijamgaa,వింతైన ప్రేమ ఇదేగా యేసయ్య ప్రేమ నిజంగా,full,859,1132,2,2,Joshua Shaik,missing,https://waytochurch.com/lyrics/song/22571
22572,Manchi Hrudayam naaku dhayacheyi,మంచి హృదయం నాకు దయచేయి,full,562,744,0,0,Samuel Pammi,missing,https://waytochurch.com/lyrics/song/22572
22573,devaa naa moraalakinchithivi,దేవా నా మొరాలకించితివి,full,509,619,0,0,,in_library_exact,https://waytochurch.com/lyrics/song/22573
22574,udayakaalamu madhyahaanamu,ఉదయకాలము మధ్యాహ్నము,full,233,290,0,0,,in_library_exact,https://waytochurch.com/lyrics/song/22574
22581,yesu yesu yesu yesu,యేసు యేసూ యేసూ యేసు,full,541,655,0,0,"Mohan Krishna , Joel N Bob",in_library_exact,https://waytochurch.com/lyrics/song/22581
22582,Kanche vesaavu maa intiki,కంచే వేశావు మా ఇంటికి,full,482,606,0,0,Pastor Prasad Nelapudi,missing,https://waytochurch.com/lyrics/song/22582
22583,Aada janmanu devudu enduku chesaadu,ఆడజన్మను దేవుడు ఎందుకు చేశాడు,full,875,1050,0,0,Pastham Srinivas,missing,https://waytochurch.com/lyrics/song/22583
22584,aakaashamandu neevundagaa,ఆకాశమందు నీవుండగా,full,416,531,0,0,,in_library_exact,https://waytochurch.com/lyrics/song/22584
22589,Pilichenu prabhu yesu naadhudu,పిలిచెను ప్రభు యేసు నాథుడు,full,269,333,2,2,A J Emmanuel,missing,https://waytochurch.com/lyrics/song/22589
22590,Ne padipothini nee premaku ilalo,నే పడిపోతిని నీ ప్రేమకు ఇలలో,partial,535,665,2,1,Prudhvi Raj,missing,https://waytochurch.com/lyrics/song/22590
22592,gaayapadina nee cheyi chaapumu devaa,గాయపడిన నీ చేయి చాపుము దేవా,full,497,616,0,0,,in_library_exact,https://waytochurch.com/lyrics/song/22592
22597,Naa thodu neeve devaa,నా తోడు నీవే దేవా,full,535,681,2,2,Joshua Shaik,missing,https://waytochurch.com/lyrics/song/22597
22598,Kondalavaipu kannuletthinaa,కొండలవైపు కన్నులెత్తినా,full,503,650,0,0,Pastor K Shekar,missing,https://waytochurch.com/lyrics/song/22598
22600,nyaayaadhipathi aina devudu,న్యాయాధిపతి అయిన దేవుడు,full,396,476,0,0,,in_library_exact,https://waytochurch.com/lyrics/song/22600
22605,Parugetthi ninu cheri,పరుగెత్తి నిను చేరి,full,700,845,0,0,"Guru Krishna Kadoni, Vishal Dass , Annoz Kamalakar",missing,https://waytochurch.com/lyrics/song/22605
22606,Prabhuva ma deva krupa choopumayyaa,ప్రభువా మా దేవా కృప చూపుమయ్యా,full,483,594,1,1,Harsha Singavarapu,missing,https://waytochurch.com/lyrics/song/22606
22607,Kalla yerugani thella paavuramaa paipaikegiraavaa,కల్ల ఎరుగని తెల్ల పావురమా పైపైకెగిరావా,full,608,733,0,0,,missing,https://waytochurch.com/lyrics/song/22607
22626,sarva shareerula devudaa,సర్వ శరీరుల దేవుడా,full,2640,3189,0,0,Bro  Anil Kumar,in_library_exact,https://waytochurch.com/lyrics/song/22626
22627,shramayainaa baadhainaa himsalenni edurainaa,శ్రమయైనా బాధైనా హింసలెన్ని ఎదురైనా,full,984,1175,0,0,Bro  Raj Prakash Paul,in_library_exact,https://waytochurch.com/lyrics/song/22627
22628,shakthi chetha kaadu,శక్తి చేత కాదు,full,469,569,0,0,Dr Akumarthi Daniel,in_library_exact,https://waytochurch.com/lyrics/song/22628
22629,shakthi chetha kaadanenu,శక్తి చేత కాదనెను,full,299,361,0,0,,in_library_exact,https://waytochurch.com/lyrics/song/22629
22630,ninnu vembadincheda,నిన్ను వెంబడించెద,full,584,672,0,0,,in_library_exact,https://waytochurch.com/lyrics/song/22630
22631,naa jeevitha bhaagaswaamivi neevu,నా జీవిత భాగస్వామివి నీవు,full,587,731,0,0,Bro  Yesanna,in_library_exact,https://waytochurch.com/lyrics/song/22631
22632,devaa paraloka doothaali ninu paadi keerthimpa,దేవా పరలోక దుతాలి నిను పాడి కీర్తింప,full,520,644,0,0,Dr Amshumathi Mary Darla,in_library_exact,https://waytochurch.com/lyrics/song/22632
22633,Yudha Saakshyamu galavaarendharo,యూదా సాక్ష్యము గల వారెందరో,full,408,504,0,0,A J Emmanuel,missing,https://waytochurch.com/lyrics/song/22633
22634,yesu vale nannu maarchunatti prathi anubhavamukai sthothram,యేసువలె నన్ను మార్చునట్టి ప్రతి అనుభవముకై స్తోత్రం,full,822,1027,0,0,Sis  Glory Rani  Original song (Malyalam) by Dr  Blesson Memana,in_library_exact,https://waytochurch.com/lyrics/song/22634
22635,Chejarithe thirigi raadhu ee samayam,చేజారితే తిరిగి రాదు ఈ సమయం,partial,481,591,2,0,"L Aseervadam , Tune: Sis L Shanthi Aseervadam",missing,https://waytochurch.com/lyrics/song/22635
22636,nee premaku saati ledayaa,నీ ప్రేమకు సాటి లేదయా,full,605,733,0,0,Srinivas Bandaru | Tune : Symonpeter Chevuri,in_library_exact,https://waytochurch.com/lyrics/song/22636
22638,Na aashrayam na aadharam na aanandham neevenaya,నా ఆశ్రయం నా ఆధారం నా ఆనందం నీవేనయా,full,301,369,0,0,"Moses Smiles, Anil Kumar Bussa",missing,https://waytochurch.com/lyrics/song/22638
22639,Ye naamamulo srushti antha srujimpabadeno,ఏ నామములో సృష్టి అంత సృజింపబడెనో,full,661,832,0,0,Anu Samuel,in_library_exact,https://waytochurch.com/lyrics/song/22639
22643,Naalo naalo unnaadu lokanneley rakshakudu,నాలో నాలో ఉన్నాడు లోకాన్నేలే రక్షకుడు,full,489,562,2,2,Samuel Karmoji,missing,https://waytochurch.com/lyrics/song/22643
22644,Nenu odipoyinaa ninne sthuthinchedan,నేను ఓడిపోయినా నిన్నే స్తుతించెదన్,full,466,538,0,0,Merlyn Salvadi,missing,https://waytochurch.com/lyrics/song/22644
22648,Viraboosina Pushpama jathakalise bandhamaa nedu santhasinchumaa,విరబూసిన పుష్పమా జతకలిసే బంధమా నేడు సంతసించుమా,full,415,537,1,1,Sharon Philip,missing,https://waytochurch.com/lyrics/song/22648
22651,Aaraadinchedham aarbhaatinchedham,ఆరాదించెదం ఆర్భాటించెదం,partial,328,440,2,1,Samy Pachigalla,in_library_contained,https://waytochurch.com/lyrics/song/22651
22654,yesayya nee prema naa sonthamu naalona palikina sthuthi geethamu,యేసయ్య నీ ప్రేమ నా సొంతము నాలోన పలికిన స్తుతిగీతము,full,791,983,0,0,Joshua Shaik,in_library_exact,https://waytochurch.com/lyrics/song/22654
22655,manaserigina yesayyaa,మనసెరిగిన యేసయ్యా,full,599,716,0,0,,in_library_exact,https://waytochurch.com/lyrics/song/22655
22656,mighty jesus thodunte bhayame ledu,మైటీ జీసస్ తోడుంటే భయమే లేదు,full,515,618,0,0,,in_library_exact,https://waytochurch.com/lyrics/song/22656
22657,Naa premikudaa naa praana naadhudaa,నా ప్రేమికుడా నా ప్రాణ నాధుడా,full,441,513,0,0,Hannah Grace,missing,https://waytochurch.com/lyrics/song/22657
22658,Dhevuni Sevakulaara prabhu yesuni yaajakulaaraa,దేవుని సేవకులరా ప్రభుయేసుని యాజకులరా,full,766,959,0,0,A R Stevenson,missing,https://waytochurch.com/lyrics/song/22658
22659,evaru choopinchaleni ilalo nanu veediponi,ఎవరు చూపించలేని ఇలలో నను వీడిపోని,full,782,964,0,0,Joshua Shaik,in_library_exact,https://waytochurch.com/lyrics/song/22659
22670,Samastha desamulaaraa yehovaaku utsaahadhwani cheyudi,సమస్త దేశములారా యెహోవాకు ఉత్సాహధ్వని చేయుడి,full,378,483,0,0,Dr Amit Kamle,missing,https://waytochurch.com/lyrics/song/22670
22671,bhoomyaakaashamulanu srujiyinchina devaa,భూమ్యాకాశములను సృజియించిన దేవా,full,735,910,0,0,Kranthi Chepuri,in_library_exact,https://waytochurch.com/lyrics/song/22671
22672,Na Praanamaa dhigulendhuku nee rakshakuni smarinchuko,నా ప్రాణమా దిగులెందుకు నీ రక్షకుని స్మరియించుకో,full,1029,1150,3,3,Joel Kodali,in_library_exact,https://waytochurch.com/lyrics/song/22672
22676,Yehovah Yireh samasthamu neeve,యెహోవా యీరే సమస్తము నీవే,full,429,544,0,0,Benny Joshua,missing,https://waytochurch.com/lyrics/song/22676
22679,Juntte thenelakantte,జుంటెతేనెల కంటే,full,627,784,0,0,Paul Bhaskar,missing,https://waytochurch.com/lyrics/song/22679
22680,Ghaadaandha kaaramulo neeve naa gudaaramu neeve aasrayamu,గాఢాంధ కారములో నీవే నా గుడారము నీవే ఆశ్రయము,full,425,526,0,0,Asha Ashirwadh |  Original lyrics in Tamil : Pas John Jebaraj,missing,https://waytochurch.com/lyrics/song/22680
22682,Nee challani chooputho karuninchinandhuna,నీ చల్లని చూపుతో కరుణించినందున,full,565,715,0,0,Prasad Nelapudi,missing,https://waytochurch.com/lyrics/song/22682
22683,kaanaraave alanaati kanneeti praardhanalu,కానరావే అలనాటి కన్నీటి ప్రార్ధనలు,full,636,778,0,0,,in_library_exact,https://waytochurch.com/lyrics/song/22683
22684,kondala thattu naa kannulu etthuchunnaanu,కొండల తట్టు నా కన్నులు ఎత్తుచున్నాను,full,682,827,0,0,,in_library_exact,https://waytochurch.com/lyrics/song/22684
22685,etthuke ediginaa naamame pondinaa,ఎత్తుకే ఎదిగినా నామమే పొందినా,full,1478,1755,0,0,Pranith Paul,in_library_exact,https://waytochurch.com/lyrics/song/22685
22686,andaala baaludu udayinchinaadu,అందాల బాలుడు ఉదయించినాడు,full,591,691,0,0,Sayaram Gattu,in_library_exact,https://waytochurch.com/lyrics/song/22686
22708,Stuthiyu Mahimayu neeke kshithikin divikin neeti,స్తుతియు మహిమయు నీకే క్షితికిన్‌ దివికిన్‌,full,1089,177,0,0,Devadas Mungamuri,missing,https://waytochurch.com/lyrics/song/22708
22709,praardhana kaligina jeevitham,ప్రార్ధన కలిగిన జీవితం,full,495,606,0,0,,in_library_exact,https://waytochurch.com/lyrics/song/22709
22710,నిన్నారాధించెదను నా పూర్ణ హృదయముతో,నిన్నారాధించెదను నా పూర్ణ హృదయముతో,none,406,0,0,0,"Sharon Philip , Philip Gariki",missing,https://waytochurch.com/lyrics/song/22710
22711,kannula ninduga christmas panduga,కన్నుల నిండుగ క్రిస్మస్ పండుగ,full,1148,1413,0,0,,in_library_exact,https://waytochurch.com/lyrics/song/22711
22712,Avaniloe udbhavinchea aadismbhuutunichuudarea,అవనిలో ఉద్భవించే ఆదిసంభూతునిచూడరే,full,1153,1461,0,0,KR John,in_library_exact,https://waytochurch.com/lyrics/song/22712
22713,pasi baaludai premaa roopudai immaanuyelu daivamai,పసి బాలుడై ప్రేమా రూపుడై ఇమ్మానుయేలు దైవమై,full,559,683,0,0,,in_library_exact,https://waytochurch.com/lyrics/song/22713
22721,Emi leni nannu korukunnaa,ఏమి లేని నన్ను కోరుకున్నా,full,451,574,0,0,A R Stevenson,missing,https://waytochurch.com/lyrics/song/22721
22723,Dhivine vidachi bhuvike vachina naa yesayya,ధివినే విడచి భువికే వచ్చిన నా యేసయ్య,full,796,971,0,0,Kiran D,missing,https://waytochurch.com/lyrics/song/22723
22724,Dhaveedhu vamsamlo bethlemu graamamlo,దావీదు వంశంలో బెత్లేము గ్రామములో,full,803,949,0,0,Pastor Philip Gariki,in_library_contained,https://waytochurch.com/lyrics/song/22724
22726,Mruthyunjayudaa naa vimochakaa,మృత్యుంజయుడా నా విమోచకా,full,437,531,0,0,Jessy Paul,missing,https://waytochurch.com/lyrics/song/22726
22727,Pasibaalude raajugaa janminchenu,పసిబాలుడే రాజుగా జన్మించెను,full,491,626,0,0,Samy Pachigalla,missing,https://waytochurch.com/lyrics/song/22727
22728,Niseedhi reyilo,నిశీధి రేయిలో,full,416,508,0,0,Andrew Son,missing,https://waytochurch.com/lyrics/song/22728
22729,Naalo unnavaadu naakai nilachuvaadu,నాలో ఉన్నవాడు నాకై నిలచువాడు,full,478,590,0,0,"Sumanth Gudivada, Kranthi Sandeep Vedala",missing,https://waytochurch.com/lyrics/song/22729
22730,Ningi nela murisipoye,ని౦గి నేల మురిసిపోయే,full,614,633,0,0,Sis  Madhurya Kiran,missing,https://waytochurch.com/lyrics/song/22730
22735,nazarethu patnaana nagumalle dharani lo,నజరేతు పట్నాన నగుమల్లె దరని లొ,full,923,1115,0,0,,in_library_exact,https://waytochurch.com/lyrics/song/22735
22740,andamaina kshanamu aanandamayamu,అందమైన క్షణము ఆనందమయము,full,701,897,0,0,Josh Arasavelli,in_library_exact,https://waytochurch.com/lyrics/song/22740
22741,viluveleni naa jeevitham nee chethilo padagaane,విలువేలేని నా జీవితం నీ చేతిలో పడగానే,full,745,900,0,0,,in_library_exact,https://waytochurch.com/lyrics/song/22741
22742,vachchindi vachchindi vachchindi christmas pandugaa,వచ్చింది వచ్చింది వచ్చింది క్రిస్మస్ పండుగా,full,901,1061,0,0,,in_library_exact,https://waytochurch.com/lyrics/song/22742
22743,Mattilona Muthyamalle Puttaduro,మట్టిలోన ముత్యమల్లే పుట్టాడురో,full,584,720,2,2,Joshua Shaik,missing,https://waytochurch.com/lyrics/song/22743
22744,Hrudhayam loniki thongi choosi,హృదయం లోనికి తొంగి చూసి,full,351,447,0,0,Suresh Vanguri,missing,https://waytochurch.com/lyrics/song/22744
22745,daaveedu vamshamlo bethlemu graamamulo yesayyaa janminchenu,దావీదు వంశంలో బెత్లేము గ్రామములో యేసయ్యా జన్మించెను,full,852,1044,0,0,,in_library_exact,https://waytochurch.com/lyrics/song/22745
22746,divi nundi bhuviki raaraajugaa,దివి నుండి భువికి రారాజుగా,full,655,840,0,0,"Rev M Yesu Pau, Tune: Ps M Jyothi Raju",in_library_exact,https://waytochurch.com/lyrics/song/22746
22747,avanilo udbhavinche aadi sambhoothuni choodare,అవనిలో ఉద్భవించె ఆది సంభూతిని చూడరే,full,800,991,0,0,KR JOHN,in_library_exact,https://waytochurch.com/lyrics/song/22747
22748,sudigaalainanu nischalamuga chesedavu,సుడిగాలైననూ నిశ్చలముగ చేసెదవు,full,411,508,0,0,"Original Song: Chattan #22760 Translated by: Hallows Echo, Modified by: Sam Alex Pasula , Chaitu Ricky",in_library_exact,https://waytochurch.com/lyrics/song/22748
22749,Stuthi paadutake brathikinchina,స్తుతి పాడుటకే బ్రతికించిన,full,734,943,0,0,Pastor John Wesley,in_library_contained,https://waytochurch.com/lyrics/song/22749
22750,vagdanmulanni neraverchuchunnadu,వాగ్దానములనన్ని నెరవేర్చుచున్నాడు,full,444,540,0,0,Pastor Vinod Kumar,in_library_fuzzy,https://waytochurch.com/lyrics/song/22750
22751,yesuku yese ila saati,యేసుకు యేసే ఇల సాటి,full,417,509,0,0,,in_library_exact,https://waytochurch.com/lyrics/song/22751
22752,maayaa loka chaayallona mosam naashanam unnaadi,మాయాలోక ఛాయల్లోన మోసం నాశనం ఉన్నాది,full,916,1059,0,0,G S Michael,in_library_exact,https://waytochurch.com/lyrics/song/22752
22753,enni tharamulu sthuthiyinchinaa,ఎన్ని తరములు స్తుతియించినా,full,403,488,0,0,,in_library_exact,https://waytochurch.com/lyrics/song/22753
22754,aadiyanthamu leni vaadaa sampoornudagu maa devaa,ఆదియంతము లేనివాడా సంపూర్ణుడగు మా దేవా,full,559,686,0,0,,in_library_exact,https://waytochurch.com/lyrics/song/22754
22756,sudhooramu ee payanamu mundu iruku maargamu,సుదూరము ఈ పయనము ముందు ఇరుకు మార్గము,full,664,815,0,0,Joel Kodali,in_library_exact,https://waytochurch.com/lyrics/song/22756
22761,vaagdhaanmulanni neraverchuchunnaadu,వాగ్ధానములన్ని నెరవేర్చుచున్నాడు,full,498,612,0,0,,in_library_exact,https://waytochurch.com/lyrics/song/22761
22762,Gurine nilupu gamyam koraku,గురినే నిలుపు గమ్యం కొరకు,full,865,957,0,0,Dr  Issac Raj Alanka,missing,https://waytochurch.com/lyrics/song/22762
22763,Evaru leru ilalo prabhuva,ఎవరూ లేరు ఇలలో ప్రభువా,full,480,579,0,0,Bishop Shulamite Finny Pachigalla,missing,https://waytochurch.com/lyrics/song/22763
24823,Ne nilachu bhoomi kampinchi kooli poyina Nammedhanu,నే నిలచు భూమి కంపించి కూలి పోయినా నమ్మెదను,full,394,460,0,0,"Pastor Reenukumar  Translated by Bro  Joseph D , John Erry",missing,https://waytochurch.com/lyrics/song/24823
24824,Oohinchaledhayya dheevisthaavani,ఊహించలేదయ్య దీవిస్తావని,partial,428,555,2,1,Raj Chikkala,missing,https://waytochurch.com/lyrics/song/24824
24826,Karuna sampannuda dheeruda sukumaaruda,కరుణా సంపన్నుడా ధీరుడా సుకుమారుడా,none,804,0,3,0,Pastor John Wesley,missing,https://waytochurch.com/lyrics/song/24826
24827,yehovaa naa kaapari yesayya naa oopiri,యెహోవా నా కాపరి యేసయ్య నా ఊపిరి,full,490,589,0,0,,in_library_exact,https://waytochurch.com/lyrics/song/24827
24828,mokaalla anubhavamu neeku unnadaa,మోకాళ్ళ అనుభవము నీకు ఉన్నదా,full,671,810,0,0,,in_library_exact,https://waytochurch.com/lyrics/song/24828
24829,prabhu mora vinavaa,ప్రభు మొర వినవా,full,380,455,0,0,,in_library_exact,https://waytochurch.com/lyrics/song/24829
24830,nammadagina devudavu yesayyaa,నమ్మదగిన దేవుడవు యేసయ్యా,full,489,607,0,0,,in_library_exact,https://waytochurch.com/lyrics/song/24830
24831,Mahadhaanandhamaina needhu sannidhi,మహదానందమైన నీదు సన్నిధి,full,797,1043,0,0,,missing,https://waytochurch.com/lyrics/song/24831
24832,Preme saaswathamaina parishuddhamaina podharillu,ప్రేమే శాశ్వతమైన పరిశుద్ధమైన పొదరిల్లు,full,814,1055,0,0,Hosanna Ministries,missing,https://waytochurch.com/lyrics/song/24832
24833,Paadedha stuti gaanamu koniyaadedha nee naamamu,పాడెద స్తుతిగానము కొనియాడెద నీ నామము,full,575,737,0,0,Hosanna Ministries,missing,https://waytochurch.com/lyrics/song/24833
24834,Krupaa Krupaa sajeevulatho,కృపా కృపా సజీవులతో,full,689,895,0,0,Hosanna Ministries,missing,https://waytochurch.com/lyrics/song/24834
24835,Athi sundharudavu yesayya manoharudavu neevayya,అతి సుందరుడవు యేసయ్యా మనోహరుడవు నీవయ్యా,full,582,738,0,0,Hosanna Ministries,missing,https://waytochurch.com/lyrics/song/24835
24837,Ne paadedha hallelujah naa sathruvula edhuta,నే పాడెద హల్లెలూయా నా శత్రువుల ఎదుట,full,2197,1040,0,0,,missing,https://waytochurch.com/lyrics/song/24837
24843,Praardhanalu aalakinchu deva,ప్రార్ధనలు ఆలకించు దేవా,full,361,427,0,0,"Sammy Thangiah, Derick Samuel, Samuel Joseph, Christy Zebulon, Hema Prasanna",missing,https://waytochurch.com/lyrics/song/24843
24849,Ninu chere prathi kshanam prabhaathame naalo,నిను చేరే ప్రతీ క్షణం ప్రభాతమే నాలో,full,608,752,0,0,Joshua Shaik,missing,https://waytochurch.com/lyrics/song/24849
24851,Srushtikarthavu rakshanakarthavu,సృష్టికర్తవు రక్షణకర్తవు,full,517,617,3,3,Pastor J Devanand Kumar,missing,https://waytochurch.com/lyrics/song/24851
24853,Bhayapadanu,భయపడను,full,813,984,0,0,Vijay Kondapuram,unusable-title,https://waytochurch.com/lyrics/song/24853
24856,Dhavalavarnuda ratnavarnuda,ధవళవర్ణుడా రత్నవర్ణుడా,full,506,591,2,3,"Pastor Praveen, Bellampalli",in_library_lyric_line,https://waytochurch.com/lyrics/song/24856
24859,shaaronu polamulo poosina pushpamaa,షారోను పొలములో పూసిన పుష్పమా,full,346,444,0,0,,in_library_exact,https://waytochurch.com/lyrics/song/24859
24860,saati evvaru leru ilalo,సాటి ఎవ్వరూ లేరు ఇలలో,full,627,756,0,0,Joel N Bob,in_library_exact,https://waytochurch.com/lyrics/song/24860
24861,Nee pilupe naa dhari chere neethoti naa snehamaa,నీ పిలుపే నా దరి చేరే నీతోటి నా స్నేహమా,full,771,959,2,2,"Joshua Shaik, Passion For Christ Ministries",missing,https://waytochurch.com/lyrics/song/24861
24887,Na thodu neevu nilachithive,నాతోడు నీవు నిలచితివే,full,540,627,2,2,Pastor D  Chrisostam,missing,https://waytochurch.com/lyrics/song/24887
24888,Oohinchalenu prabhu nee mamathanu,ఊహించలేను ప్రభూ నీ మమతను,full,423,543,2,2,Joshua Shaik,missing,https://waytochurch.com/lyrics/song/24888
24889,Nee pilupu valana nenu nasinchipoledhu,నీ పిలుపు వలన నేను నశించి పోలేదు,full,796,980,3,3,Benny Joshua,in_library_exact,https://waytochurch.com/lyrics/song/24889
24890,nee paadamul ne cheragaa gaayambulan ne gaanchithin,నీ పాదముల్ నే చేరగా గాయంబులున్ నే గాంచితిన్,full,439,547,0,0,Pastor Moses Undru,in_library_exact,https://waytochurch.com/lyrics/song/24890
24891,Anjali ghatiyinchinaamu,అంజలి ఘటియించినాము,full,845,703,0,0,Late K Yohan Babu,missing,https://waytochurch.com/lyrics/song/24891
24899,Yesu nee adbutha prema nenela marichedha devaa,యేసు నీ అద్భుత ప్రేమ నేనేల మరిచెద దేవా,full,712,899,2,2,Joel Kodali,missing,https://waytochurch.com/lyrics/song/24899
24900,Noothana hrudhayamu noothana swabhaavamu,నూతన హృదయము నూతన స్వభావము,full,832,1042,2,2,Joel Kodali,in_library_exact,https://waytochurch.com/lyrics/song/24900
24901,Neeve Yesu desamula yokka korika yokka korika,నీవే యేసు దేశముల యొక్క కోరిక యొక్క కోరిక,full,714,832,0,0,Julie Danelle,missing,https://waytochurch.com/lyrics/song/24901
24903,paravashincheda nee vaakyamulo,పరవశించెద నీ వాక్యములో,full,439,563,0,0,Mary Buelah,in_library_exact,https://waytochurch.com/lyrics/song/24903
24904,Samarpinchedhanu samasthamu,సమర్పించెదను సమస్తము,full,366,458,0,0,Aneel Pagolu,missing,https://waytochurch.com/lyrics/song/24904
24908,Nee melulu vivarimpa tharamaa,నీ మేలులు వివరింపతరమా,partial,508,598,3,1,Suresh Nittala,missing,https://waytochurch.com/lyrics/song/24908
24909,EMMANUELAI Cheekati Gadiyalalo,చీకటి గడియలలో ఒంటరి సమయములో,full,654,682,0,0,ANU SAMUEL,missing,https://waytochurch.com/lyrics/song/24909
24911,yesu kosame jeeviddaam yesuthone payaniddaam,యేసు కోసమే జీవిద్దాం యేసుతోనే పయనిద్దాం,full,740,906,0,0,Joel Kodali,in_library_exact,https://waytochurch.com/lyrics/song/24911
24913,Viswaasa vanithalam yehova needana nivaasulam,విశ్వాస వనితలం యెహోవా నీడన నివాసులం,full,513,651,3,3,"Joshua Shaik, Passion For Christ Ministries",missing,https://waytochurch.com/lyrics/song/24913
24914,Nee sannidhilo aanandhamey nee sevaloney santhoshamey,నీ సన్నిధిలో ఆనందమే నీ సేవలోనే సంతోషమే,full,557,720,2,2,Joshua Shaik,missing,https://waytochurch.com/lyrics/song/24914
24915,Nee krupa nenemainaa,నీ కృప నేనేమైనా,full,1049,839,0,2,Timothy Vemulapally,missing,https://waytochurch.com/lyrics/song/24915
24916,Ravikoti Thejudu naa devude naaku praana snehithudu,రవికొటి తేజుడు నా దేవుడే నాకు ప్రాణ స్నేహితుడు,full,785,957,0,0,Kranthi Chepuri,missing,https://waytochurch.com/lyrics/song/24916
24918,Ninnu nammi vacchi ne siggu chendhaledhu,నిన్ను నమ్మి వచ్చి నే సిగ్గుచెందలేదు,full,483,426,0,0,John Jebaraj,missing,https://waytochurch.com/lyrics/song/24918
24919,Unnavaadavu anuvaadavu neevu,ఉన్నవాడవు అనువాడవు నీవు,full,625,767,0,0,Smt  Kiranmai Paul,in_library_contained,https://waytochurch.com/lyrics/song/24919
24920,Abrahamu devudavu neeve yesayya,అబ్రహము దేవుడవు నీవే యేసయ్య,full,385,459,2,2,Sumanth Gudivada,missing,https://waytochurch.com/lyrics/song/24920
24921,Nee thodu unte chaalu maakentho melu,నీతోడు ఉంటే చాలు మాకెంతో మేలు,full,753,986,2,2,Pastor Prasad Nelapudi,missing,https://waytochurch.com/lyrics/song/24921
24923,Sarwesvaruni dharshanamukai,సర్వేశ్వరుని దర్శనముకై,full,465,598,0,0,Pastor Nithin Parvathaneni,missing,https://waytochurch.com/lyrics/song/24923
24924,Vellipove gathamaa chellubaatu kaavu neevika,వెళ్లిపోవే గతమా చెల్లుబాటు కావు నీవిక,full,368,424,0,0,Sayaram Gattu,missing,https://waytochurch.com/lyrics/song/24924
24925,Kanna kalale dhooramai nenippudu,కన్న కలలే దూరమై నేనిప్పుడు,full,657,796,0,0,Reshma Reigna,missing,https://waytochurch.com/lyrics/song/24925
24926,Yelo yelo yelo antu vachharandi gollalu,ఏలో ఏలో ఏలో అంటూ వచ్చారండీ గొల్లలు,partial,893,1062,3,0,Joshua Shaik,in_library_exact,https://waytochurch.com/lyrics/song/24926
24927,Ye Stithilonaina ninnu preminche vaaniga,ఏ స్థితిలోనైనా నిన్ను ప్రేమించేవానిగా,full,730,789,1,2,Pastor Vinod Kumar,missing,https://waytochurch.com/lyrics/song/24927
24930,Sathakoti vandhanaalu na yesayya,శతకోటి వందనాలు నా యేసయ్యా,full,453,571,0,0,John Kennedy Bethapudi,missing,https://waytochurch.com/lyrics/song/24930
24931,Yesayya janminche nee korake,యేసయ్య జన్మించే నీ కొరకే,full,593,628,0,0,DBS Raju,missing,https://waytochurch.com/lyrics/song/24931
24932,nenu edchina chotane manasaaraa navvedaa,నేను ఏడ్చిన చోటనే మనసారా నవ్వెదా,full,777,965,0,0,,in_library_exact,https://waytochurch.com/lyrics/song/24932
24933,Nannedhiyu kadhapaledhayya,నన్నేదియు కదపలేదయ్యా,full,578,715,0,0,K Y Ratnam,missing,https://waytochurch.com/lyrics/song/24933
24934,Eththana paer ennai thuraththinaalum,నీకు నీవుగా నన్ను చూడగా,full,456,768,0,0,A R Stevenson,missing,https://waytochurch.com/lyrics/song/24934
24935,Parisuthathil neer magathuvam ullavarae,నింగిలోన తారక,full,520,654,0,0,Sayaram Gattu,missing,https://waytochurch.com/lyrics/song/24935
24936,Ningi nela yekamayenu raaraajuni chooda,నింగి నేల ఏకమాయెను రారాజుని చూడ,full,502,636,0,0,KY Ratnam,missing,https://waytochurch.com/lyrics/song/24936
24937,Chettunaku manchu unnatlugaa,చెట్టునకు మంచు ఉన్నట్లుగా,full,319,392,0,0,A R Stevenson,missing,https://waytochurch.com/lyrics/song/24937
24938,intha varaku kaapaadinaavu vandanaalayyaa,ఇంతవరకు కాపాడినావు వందనాలయ్యా,full,746,941,0,0,,in_library_exact,https://waytochurch.com/lyrics/song/24938
24939,Ravi koti thejudu mahimalo nivasinchu sarvonnathudu,రవికోటి తేజుడు మహిమలో నివసించు సర్వోన్నతుడు,full,483,605,0,0,Prasad Nelapudi,missing,https://waytochurch.com/lyrics/song/24939
24940,Yesu puttenu rakshanochenu,యేసు పుట్టెను రక్షనొచ్చెను,partial,434,501,2,1,Philip gariki,missing,https://waytochurch.com/lyrics/song/24940
24941,Mahimonnathudu sarvasakthimanthudu,మహిమోన్నతుడు సర్వశక్తిమంతుడు,full,513,615,0,0,Sukumar,missing,https://waytochurch.com/lyrics/song/24941
24942,Naa yesu naadha neeve,నా యేసునాధ నీవే,full,866,1041,0,0,Joshua Shaik,missing,https://waytochurch.com/lyrics/song/24942
24943,Aadhilo emi lenappudu,ఆదిలో ఏమి లేనప్ప్పుడు,full,623,726,0,0,Yohan Kadiyala,missing,https://waytochurch.com/lyrics/song/24943
24944,Chukkanu Chuchi Vachinamu,చుక్కను చూసి వచ్చినాము,none,805,0,0,0,,in_library_contained,https://waytochurch.com/lyrics/song/24944
24945,Happy happy christmas antu aarbhatinchedham,హ్యాపీ హ్యాపీ క్రిస్మస్ అంటూ ఆర్భటించెదం,full,859,1068,0,0,P Methushelah,missing,https://waytochurch.com/lyrics/song/24945
24949,Nee aasheervaadham pondhina kutumbam,నీ ఆశీర్వాదం పొందిన కుటుంబం,full,762,965,2,2,Pastor David Paluri,missing,https://waytochurch.com/lyrics/song/24949
24950,Rakshakudu vachinadu vachinadammaa,రక్షకుడు వచ్చినాడు వచ్చినాడమ్మా,full,511,599,0,0,Davidson Gajulavarthi,in_library_exact,https://waytochurch.com/lyrics/song/24950
24951,Randi raarandooy yesayyanu chusoddaam,రండి రారండోయ్ యేసయ్యను చూసొద్దాం,full,673,754,0,2,David Marumulla,missing,https://waytochurch.com/lyrics/song/24951
24952,Yesuraju puttinadule halleluya paadeddhama,యేసురాజు పుట్టినాడులే హల్లెలూయా పాడేద్దామా,full,637,778,0,0,KY Ratnam,missing,https://waytochurch.com/lyrics/song/24952
24953,Mahonnathuda maaranivaada,మహోన్నతుడా మారనివాడా,full,447,542,0,0,Victor Rampogu,missing,https://waytochurch.com/lyrics/song/24953
24954,Udayinchinaadu Chudu Nesthamaa,ఉదయించినాడు చూడు నేస్తమా,full,534,606,0,0,Glory City Prabhakar,missing,https://waytochurch.com/lyrics/song/24954
24955,Anukshnnam nii krupaloo pratidinam nii sannidiloo,అనుక్షణం నీ కృపలో ప్రతీదినం నీ సన్నిధిలో,full,415,501,0,0,Glory City Prabhakar,missing,https://waytochurch.com/lyrics/song/24955
24959,Nee chethilo oka kalamuga chithrinche kunchega,నీచేతిలో ఒక కలముగా చిత్రించే కుంచెగ,full,378,470,2,2,Dr Noah R Ajay Kumar,missing,https://waytochurch.com/lyrics/song/24959
24960,Telugu Christmas Mashup Nara Janmamethi,క్రిస్ట్మస్ మాషప్ నర జన్మమెతి,full,1413,1824,0,0,,missing,https://waytochurch.com/lyrics/song/24960
24963,వచ్చావయ్యా భువికేతెంచావయ్యా,వచ్చావయ్యా భువికేతెంచావయ్యా,none,826,0,2,0,Pastor A Yesu Babu,missing,https://waytochurch.com/lyrics/song/24963
24964,maa thoduga neevundutaku,మా తోడుగా నీవుండుటకు,full,519,654,0,0,Johnson Nakiekanti,missing,https://waytochurch.com/lyrics/song/24964
24965,Neevenayya neevenayya na sarwamu neevenayya,నీవేనయ్యా నీవేనయ్యా నా సర్వము నీవేనయ్యా,full,549,668,2,2,"David Parla , Prasanth Geddam",missing,https://waytochurch.com/lyrics/song/24965
24966,Kreesthu nedu puttenu,క్రీస్తు నేడు పుట్టెను,full,691,891,0,0,Moses Undru,missing,https://waytochurch.com/lyrics/song/24966
24970,Srushtikartha devudu manakai ila srushtigaa maarenu,సృష్టికర్త దేవుడు మనకై ఇల సృష్టిగా మారెను,full,570,684,0,0,,missing,https://waytochurch.com/lyrics/song/24970
24971,sarvonnatha sthalamulalo samaadhaanamu,సర్వోన్నత స్థలములలో సమాధానము,full,480,590,0,0,Bishop Pammi Daniel,in_library_exact,https://waytochurch.com/lyrics/song/24971
24972,Sainyamulaku adhipathivi raajulake raajuvu,సైన్యములకు అధిపతివి రాజులకే రాజువు,full,1111,1011,1,2,Sam K Kiran,missing,https://waytochurch.com/lyrics/song/24972
24974,Na Sarwamu Nevenaya,నా సర్వము నీవేనయ్యా,full,549,668,2,2,,missing,https://waytochurch.com/lyrics/song/24974
24976,yugapurushudu shakapurushudu,యుగపురుషుడు శకపురుషుడు,full,1458,1740,0,0,Moses David Kalyanapu,in_library_exact,https://waytochurch.com/lyrics/song/24976
24977,Loka rakshakudu mana korakudhayinchenu,లోక రక్షకుడు మనకొరకుదయించెను,full,588,702,0,0,Samuel Karmoji,missing,https://waytochurch.com/lyrics/song/24977
24978,raajulake raaraaju puttaadoi,రాజులకే రారాజు పుట్టాడోయ్,full,682,820,0,0,Pastor Rajesh Joshua,in_library_exact,https://waytochurch.com/lyrics/song/24978
24981,Sarvonnathamaina sthalamulalo devuniki mahimayu,సర్వోన్నతమైన స్థలములలో దేవునికి మహిమయు,full,575,750,0,0,"Pastor Freddy Paul, Hosanna Ministries",missing,https://waytochurch.com/lyrics/song/24981
24982,sthuthi paadutake brathikinchina jeevanadaathavu neevenayyaa,స్తుతి పాడుటకే బ్రతికించిన జీవనదాతవు నీవేనయ్యా,full,830,1047,0,0,,in_library_exact,https://waytochurch.com/lyrics/song/24982
24983,Poorna hrudhayamutho poorna aathmatho,పూర్ణ హృదయముతో పూర్ణ ఆత్మతో,full,678,825,2,2,Joel Kodali,missing,https://waytochurch.com/lyrics/song/24983
24984,Janminchinaadu sri yesuraaju bethlehemandhuna,జన్మించినాడు శ్రీ యేసురాజు బెత్లెహేమందున,full,502,628,0,0,pastor Dr  Pammi Daniel,missing,https://waytochurch.com/lyrics/song/24984
24985,Gnaanulu choodavelliri bethlehemu puramunaku,జ్ఞానులు చూడవెళ్ళిరి బెత్లెహేము పురమునకు,full,510,602,2,2,Samy Pachigalla,missing,https://waytochurch.com/lyrics/song/24985
24986,Chukkallo chakkani chukka puttindi hey hey hey,చుక్కల్లో చక్కని చుక్క పుట్టిందిహే…హేహే…,full,547,611,0,0,Pastor Pandu Prem Kumar,missing,https://waytochurch.com/lyrics/song/24986
24987,Ooruko naa praanamaa kalatha chendhaku,ఊరుకో నా ప్రాణమా కలత చెందకు,full,577,715,0,0,Dr  Asher Andrew,in_library_exact,https://waytochurch.com/lyrics/song/24987
24988,udayinchinaadu naa jeevithaana,ఉదయించినాడు నా జీవితాన,full,592,706,0,0,Pastor V Joshua,in_library_exact,https://waytochurch.com/lyrics/song/24988
24990,Yeduru choosing koala pratyaksha parichenu divam,ఎదురుచూసిన కాలం ప్రత్యక్ష పరిచెను దైవం,full,897,1053,4,5,Pappula Yesu Daasu,missing,https://waytochurch.com/lyrics/song/24990
24991,Ooru vaada sambaramenanta,ఊరు వాడ సంబరమేనంట,full,425,548,0,0,Raju Richards,missing,https://waytochurch.com/lyrics/song/24991
24993,Sandhadi 5,ఓరన్నా నీకు తెలుసా ఎవరో ఈ ప్రభు యేసు,full,1063,1222,0,3,"Azuba Daniel kalyanapu, Dr Shalem Raj kalyanapu",missing,https://waytochurch.com/lyrics/song/24993
24994,Saricheyunu - Kanumarugu cheyudhunanevaaredhuta,సరిచేయును - కనుమరుగు చేయుదుననేవారెదుట,full,518,666,0,0,Pastor John Jebaraj (Tamil),missing,https://waytochurch.com/lyrics/song/24994
24999,Athi Parishuddhudaa stuthi naivaidyamu neeke arpinchi keerthinthunu,అతి పరిశుద్ధుడా స్తుతి నైవేద్యము నీకే అర్పించి కీర్తింతును,full,677,863,0,0,"Hosanna Ministries featuring Pastor John Wesley, Pastor Abraham , Pastor Ramesh",in_library_exact,https://waytochurch.com/lyrics/song/24999
25000,Kanyaka garbhamu dharinchunanumaata pravachanamu,కన్యక గర్భము ధరించుననుమాట ప్రవచనము,full,1099,1353,2,2,Vijay Prasad Reddy,missing,https://waytochurch.com/lyrics/song/25000
25002,Puttinadammaa yesayya puttinadammaa,పుట్టినాడమ్మా యేసయ్య పుట్టినాడమ్మా,full,685,780,0,0,Dr  John Wesly,missing,https://waytochurch.com/lyrics/song/25002
25003,vaati vaati kaalamuna annitini,వాటి వాటి కాలమున అన్నిటిని,full,553,648,0,0,Father S J  Berchmans,in_library_exact,https://waytochurch.com/lyrics/song/25003
25004,yesayyaa naakantu evaru lerayyaa,యేసయ్యా నాకంటూ ఎవరు లేరయ్యా,full,421,491,0,0,Rev Fr Shiju,in_library_exact,https://waytochurch.com/lyrics/song/25004
25005,Alankarinchunu - naa manassaa aayana marachunaa,అలంకరించును - నా మనస్సా ఆయన మరచునా,full,702,729,0,0,Ps  John Jebaraj,missing,https://waytochurch.com/lyrics/song/25005
25007,Jeevamaina Yesu naalo pravahinchaali,జీవమైన యేసు నాలో ప్రవహించాలి,none,509,0,0,0,N Ravi vincent,missing,https://waytochurch.com/lyrics/song/25007
25008,paralokamandunna maa thandree,పరలోకమందున్నమా తండ్రీ,full,398,502,0,0,Madhu,in_library_exact,https://waytochurch.com/lyrics/song/25008
25009,ninna nedu nirantharam maarane maaravu,నిన్న నేడు నిరంతరం మారనే మారవు,full,586,729,0,0,,in_library_exact,https://waytochurch.com/lyrics/song/25009
25010,naa maargamandu naa kante mundu,నా మార్గమందు నా కంటె ముందు,full,543,650,0,0,,in_library_exact,https://waytochurch.com/lyrics/song/25010
25011,naa praana naathaa naa yesu naathaa,నా ప్రాణ నాథా నా యేసు నాథా,full,614,645,0,0,Srinivas Bandaru,in_library_exact,https://waytochurch.com/lyrics/song/25011
25012,naa gudaaramu kshemamani naaku thelipithivi,నా గుడారము క్షేమమని నాకు తెలిపితివి,full,756,929,0,0,,in_library_exact,https://waytochurch.com/lyrics/song/25012
25013,aa srehstambau grandhamulo,ఆ శ్రేష్టంబౌ గ్రంథములో,full,101,127,0,0,,in_library_exact,https://waytochurch.com/lyrics/song/25013
25042,Neethi Surya thejomayudaa,నీతి సూర్య తేజోమయుడా,full,492,603,3,3,Jeeva R Pakerla featuring Elfe Choir,missing,https://waytochurch.com/lyrics/song/25042
25043,Krupa kaligina devaa naa yehovaa,కృప కలిగిన దేవా నా యెహోవా,full,349,439,2,2,King Joshua,missing,https://waytochurch.com/lyrics/song/25043
25044,ee udayamuna neevu lechi emi thalachuchunnaavu,ఈ ఉదయమున నీవు లేచి ఏమి తలచుచున్నావు,full,446,575,0,0,,in_library_exact,https://waytochurch.com/lyrics/song/25044
26846,Karuninchi kaapaade yesayya,కరుణించి కాపాడే యేసయ్య,full,554,709,0,0,A R Stevenson,in_library_exact,https://waytochurch.com/lyrics/song/26846
26848,Devaa neevu chesina melulenno,దేవా నీవు చేసిన మేళులెన్నో,full,398,479,0,0,"Raja Mandru , Bro  Bharath",missing,https://waytochurch.com/lyrics/song/26848
26849,Daya choopumayaa ee dhaatripaina,దయ చూపుమయా ఈ ధాత్రిపైన,full,565,707,0,0,M Paul Bhaskar,missing,https://waytochurch.com/lyrics/song/26849
26850,Yegedhanu ne cheredanu siyonunu ne choochedanu,ఏగెదను నే చేరెదను సీయోనును నే చూచెదను,full,435,515,0,0,Joshua Shaik,in_library_exact,https://waytochurch.com/lyrics/song/26850
26851,Devaa maa praarthana vinavaa,దేవా మా ప్రార్థన వినవా,full,351,467,0,0,Pastor John Wesley,missing,https://waytochurch.com/lyrics/song/26851
26856,bethlehemu puramulo oka naati raathiri,బేత్లెహేము పురములో ఒక నాటి రాతిరి,full,875,1045,0,0,,in_library_exact,https://waytochurch.com/lyrics/song/26856
26863,Yevaru Choopinchaleni ilalo nanu veediponi,ఎవరు చూపించలేనీ ఇలలో నను వీడిపోనీ,full,741,930,2,2,Joshua Shaik,in_library_exact,https://waytochurch.com/lyrics/song/26863
26864,Bhoomyaakaasamulanu srujinchina devaa,భూమ్యాకాశములను సృజియించిన దేవా,full,693,852,0,0,Kranthi Chepuri,in_library_exact,https://waytochurch.com/lyrics/song/26864
26865,Viluveleni na jeevitham nee chethilo padagane,విలువేలేని నా జీవితం నీ చేతిలో పడగానే,full,727,840,0,0,Pastor Vinod Kumar,in_library_exact,https://waytochurch.com/lyrics/song/26865
26866,Sudhooramu ee payanamu mundu iruku maargamu,సుదూరము ఈ పయనము ముందు ఇరుకు మార్గము,full,612,763,0,0,Joel Kodali,in_library_exact,https://waytochurch.com/lyrics/song/26866
26905,Kondala thattu naa kannuletti,కొండలతట్టు నా కన్నులెత్తి,full,818,1002,0,0,Vijay Kondapuram,in_library_exact,https://waytochurch.com/lyrics/song/26905
26906,Naaku aadharamaina yesayya,నాకు ఆధారామైన యేసయ్య,full,458,594,0,0,"Pastor K Solomon Raju , Christ Gospel Ministries, Guntur",missing,https://waytochurch.com/lyrics/song/26906
26908,Yehova raapha soukhyamicchuvaadu,యెహోవా రాఫా సౌఖ్యమిచ్చువాడు,full,591,700,2,2,"David Parla , Pastor Benjamin",missing,https://waytochurch.com/lyrics/song/26908
26909,ANNI SAADHYAME YESULO nannu balaparachu yesu nande nenu,అన్ని సాధ్యమే యేసులో నన్ను బలపరచు యేసునందే నేను,full,646,772,0,0,Kranthi Chepuri,missing,https://waytochurch.com/lyrics/song/26909
26910,Emmanuelu deva naatho unnavaadaa,ఇమ్మానుయేలు దేవా నాతో ఉన్నవాడా,full,283,353,0,0,Deepak Dinakar,missing,https://waytochurch.com/lyrics/song/26910
26913,ooruko naa praanamaa kalatha chendaku,ఊరుకో నా ప్రాణమా కలత చెందకు,full,642,777,0,0,Dr  Asher Andrew,in_library_exact,https://waytochurch.com/lyrics/song/26913
26914,Udayinchinaadu naa jeevithaana,ఉదయించినాడు నా జీవితాన,full,411,503,0,0,Pastor V Joshua,in_library_exact,https://waytochurch.com/lyrics/song/26914
26916,maa hrudayamulalo devuni premanu kummarinchithivi,మా హృదయములలో దేవుని ప్రేమను కుమ్మరించితివి,full,809,1000,0,0,Joel Kodal,in_library_exact,https://waytochurch.com/lyrics/song/26916
26917,bhayamu ledu digule ledu,భయము లేదు దిగులే లేదు,full,460,550,0,0,"FANNIE JOY MOSES , Sam Padinjarekara (Original Malayalam Song - Yaahe)",in_library_exact,https://waytochurch.com/lyrics/song/26917
26918,Bahu soundharya seeyonulo sthuthi simhaasanaaseenudaa,బహు సౌందర్య సీయోనులో స్తుతి సింహాసనాసీనుడా,full,412,551,0,0,,missing,https://waytochurch.com/lyrics/song/26918
26919,neeve naa snehamu neeve naa sarvasvamu,నీవే నా స్నేహము నీవే నా సర్వస్వము,full,484,589,0,0,Sis  Sarah Kantimahanti,in_library_exact,https://waytochurch.com/lyrics/song/26919
26920,neelaanti prema ee lokaana,నీలాంటి ప్రేమ ఈ లోకాన,full,594,675,0,0,,in_library_exact,https://waytochurch.com/lyrics/song/26920
26921,Naa korika nee pranaalika parimalinchaalani,నా కోరిక నీ ప్రణాళిక పరిమళించాలని,full,786,1043,0,0,,missing,https://waytochurch.com/lyrics/song/26921
26922,nee aananda thailamutho nannu abhishekinchumayyaa,నీ ఆనంద తైలముతో నన్ను అభిషేకించుమయ్యా,full,508,626,0,0,,in_library_exact,https://waytochurch.com/lyrics/song/26922
26923,Jeevapradhaathavu nanu roopinchina silpivi neeve prabhu,జీవప్రదాతవు ననురూపించిన శిల్పివి నీవే ప్రభు,full,792,1010,0,0,,missing,https://waytochurch.com/lyrics/song/26923
26924,Gaganamu cheelchukoni ghanulanu theesukoni,గగనము చీల్చుకొని ఘనులను తీసుకొని,full,553,688,0,3,,in_library_exact,https://waytochurch.com/lyrics/song/26924
26925,oka chethilo karra,ఒక చేతిలో కర్ర,full,362,421,0,0,,in_library_exact,https://waytochurch.com/lyrics/song/26925
26926,NEN EMATHRAMU inthavaraku neevu nannu nadipinchutaku,నేనేమాత్రము ఇంతవరకు నీవు నన్ను నడిపించుటకు,full,489,605,0,0,Ps  BENNY JOSHUA,missing,https://waytochurch.com/lyrics/song/26926
26927,aakaashamu nee simhaasanam,ఆకాశము నీ సింహాసనం,full,447,569,0,0,,in_library_exact,https://waytochurch.com/lyrics/song/26927
26928,Adviteeyuda nannelu daivamaa,అద్వితీయుడా నన్నేలు దైవమా,full,936,1161,0,0,Hosanna Ministries Guntur,missing,https://waytochurch.com/lyrics/song/26928
26929,Pelli Kuthuru Andhamaina manasuku nenoka chakkani roopam,పెళ్లి కూతురు అందమయిన మనసుకు నేనొక చక్కని రూపం,full,731,745,0,0,Bro  Sayaram Gattu,missing,https://waytochurch.com/lyrics/song/26929
26931,Maranamu jayinchenu,మరణము జయించెను,full,381,433,0,0,Dr  Jaya Paul Ravela,missing,https://waytochurch.com/lyrics/song/26931
26932,NIJA SNEHITHUDA naa chelimi kori nee kalimi veedi,నిజ స్నేహితుడా నా చెలిమి కోరి నీ కలిమి వీడి,full,629,784,0,0,JOSHUA KATTA,missing,https://waytochurch.com/lyrics/song/26932
26934,Siluvapaina prema chupa maranamaayenu,సిలువపైన ప్రేమ చూప మరణమాయెను,full,477,597,2,2,Jeeva R Pakerla,missing,https://waytochurch.com/lyrics/song/26934
26937,raathi samaadhilo paathina mana yesu,రాతి సమాధిలో పాతిన మన యేసు,full,435,532,0,0,,in_library_exact,https://waytochurch.com/lyrics/song/26937
26938,naakentho aanandam nee sannidhi prabhuvaa,నాకెంతో ఆనందం నీ సన్నిధి ప్రభువా,full,498,614,0,0,,in_library_exact,https://waytochurch.com/lyrics/song/26938
26939,jeevinchuchunnavaadaa neeke aaradhana arpinthun,జీవించుచున్నవాడా నీకే ఆరాధన అర్పింతున్,full,423,508,0,0,,in_library_exact,https://waytochurch.com/lyrics/song/26939
26940,Bhayamedhainaa ippudu neelo unnadhaa,భయమేదైనా ఇప్పుడు నీలో ఉన్నదా,full,371,465,2,2,Susanna Esther Geddam,missing,https://waytochurch.com/lyrics/song/26940
26941,Nisi raathri sudigaalilo chikkithini,నిశిరాత్రి సుడిగాలిలో చిక్కితిని,full,709,894,2,2,Joel Kodali,in_library_exact,https://waytochurch.com/lyrics/song/26941
26942,nenu naa illu naa inti vaarandaru,నేను నా ఇల్లు నా ఇంటి వారందరు,full,661,790,0,0,Rev  John Jebaraj | Translated by : SamSundar,in_library_exact,https://waytochurch.com/lyrics/song/26942
26943,Endhukani nenante intha prema,ఎందుకనీ నేనంటే ఇంత ప్రేమ,full,474,609,2,2,Joshua Shaik,missing,https://waytochurch.com/lyrics/song/26943
26944,Vechiyunnanu,వేచియున్నాను,full,793,988,0,0,Vijay Kondapuram,unusable-title,https://waytochurch.com/lyrics/song/26944
26946,Sadha neevu na thoduga yesaiyah,సదా నీవు నా తోడుగా యేసయ్య,full,982,1128,2,2,Joshua Shaik,missing,https://waytochurch.com/lyrics/song/26946
26947,le nilabadu parugidu thandri pani kosame,లే నిలబడు పరుగిడు తండ్రి పనికోసమే,full,1096,1331,0,0,,in_library_exact,https://waytochurch.com/lyrics/song/26947
26948,Naa Pourasthithi paramandhunnadhi,నా పౌర స్థితి పరమందున్నది,full,321,398,0,0,A R Stevenson,missing,https://waytochurch.com/lyrics/song/26948
26949,Kantiki reppalaa nanu kaachinaavayyaa,కంటికి రెప్పలా నను కాచినావయ్యా,full,826,1061,0,0,Manoj David,missing,https://waytochurch.com/lyrics/song/26949
26950,Ye bhayamu naku lene ledhu ga neevu thodundaga,ఏ భయము నాకు లేనేలేదుగా నీవు తోడుండగా,full,624,786,0,0,Pastor Vinod Kumar,missing,https://waytochurch.com/lyrics/song/26950
27516,maa madhyalo sancharinchuvaadaa,మా మధ్యలో సంచరించువాడా,full,362,450,0,0,,in_library_exact,https://waytochurch.com/lyrics/song/27516
27518,melu cheyaka neevu undalevayyaa,మేలు చేయక నీవు ఉండలేవయ్యా,full,683,818,0,0,Nycil KK,in_library_exact,https://waytochurch.com/lyrics/song/27518
27519,nenu ninnu ennadu viduvanu,నేను నిన్ను ఎన్నడు విడువను,none,494,0,0,0,,in_library_contained,https://waytochurch.com/lyrics/song/27519
27520,o priya sodharuda o priya sodhari etu,ఓ ప్రియ సోదరుడా ఓ ప్రియ సోదరి ఎటు,none,587,0,1,0,,missing,https://waytochurch.com/lyrics/song/27520
27522,praardhana valane payanamu praardhane praakaaramu,ప్రార్థన వలనే పయనము ప్రార్థనే ప్రాకారము,full,597,717,0,0,Ps  FINNY ABRAHAM,in_library_exact,https://waytochurch.com/lyrics/song/27522
27523,prabhuni smarinchu prabhuni smarinchu,ప్రభుని స్మరించు ప్రభుని స్మరించు,full,311,357,0,0,,in_library_exact,https://waytochurch.com/lyrics/song/27523
27524,nirathamu ninu sthuthiyinchinaa,నిరతము నిను స్తుతియించినా,full,561,712,0,0,Sayaram Gattu,in_library_exact,https://waytochurch.com/lyrics/song/27524
27525,nyaayaadhipathiyaina devudu ninnu piliche velalona,న్యాయాధిపతియైన దేవుడు నిన్ను పిలిచే వేళలోన,full,660,788,0,0,Kranthi Chepuri,in_library_exact,https://waytochurch.com/lyrics/song/27525
27526,gunde nindaa yesu unte kanneelle muthyaalu,గుండె నిండా యేసు ఉంటే కన్నీళ్లే ముత్యాలు,full,462,527,0,0,Dr  PHILIP P JACOB,in_library_exact,https://waytochurch.com/lyrics/song/27526
27527,antaraani vaadavantu nannu,అంటరాని వాడవంటు నన్ను,full,1118,1337,0,0,Joel Kodali,in_library_exact,https://waytochurch.com/lyrics/song/27527
27528,Oneness 2,వన్నెస్ 2,none,3119,0,0,0,,unusable-title,https://waytochurch.com/lyrics/song/27528
27529,Saripodhu Aradhana,సరిపొదు ఆరాదన,full,577,732,0,0,Syaram Gattu,missing,https://waytochurch.com/lyrics/song/27529
27530,Inthavaraku neevu nannu nadipinchutaku,ఇంతవరకు నీవు నన్ను నడిపించుటకు,full,426,524,2,2,Benny joshua,in_library_exact,https://waytochurch.com/lyrics/song/27530
27532,NI PADALU TADAPAKUNDA NA PAYANAM SAGADAYYA,నీ పాదాలు తడపకుండా నా పయనం సాగదయ్యా,full,584,704,0,0,Ps  FINNY ABRAHAM,in_library_contained,https://waytochurch.com/lyrics/song/27532
27535,Ebenejaru Ebenesare Ebinejare Ebinesare - Nenu naa illu naa intivaarandharu,ఎబినేజరు నేను నా ఇల్లు నా ఇంటివారందరు,full,793,911,0,0,John Jebaraj,missing,https://waytochurch.com/lyrics/song/27535
27551,cheekatilo nundi velugunaku,చీకటిలో నుండి వెలుగునకు,full,579,707,0,0,,in_library_exact,https://waytochurch.com/lyrics/song/27551
27553,Ninu Poli Nenu,నిను పోలి నేను,full,570,684,0,0,Annie Margaret,missing,https://waytochurch.com/lyrics/song/27553
27559,Aakaasha veedhullo aanandham aa ningi thaarallo ullaasam,ఆకాశ వీధుల్లో ఆనందం ఆ నింగి తారల్లో ఉల్లాసం,full,775,998,2,2,Joshua Shaik,missing,https://waytochurch.com/lyrics/song/27559
27566,Velasenule gaganaana thoorpu thaara nisidhi reyi jaamulo,వెలసెనులే గగనాన తూర్పుతార నిశీధిరేయి జాములో,full,692,869,0,0,Sunil Thurimella,in_library_exact,https://waytochurch.com/lyrics/song/27566
27570,Nii chitthamu sampuurthigaa naalo,నీ చిత్తము సంపూర్తిగా నాలో జరిగించుమా,full,577,648,0,2,,missing,https://waytochurch.com/lyrics/song/27570
27571,Akasa gaganana mersindhi taraka,ఆకాశగగనాన మెరిసింది తారక,none,620,0,0,0,Ch Usha,missing,https://waytochurch.com/lyrics/song/27571
27572,Sakalaaseervaadhamula kaarannabhuutuhdaa,సకలాశీర్వాదముల కారణభూతుడా,full,391,514,3,3,A R Stevenson,missing,https://waytochurch.com/lyrics/song/27572
27573,Veladi duuthalathoo nithyamu ninu stuthinthunu,వేలాది దూతలతో నిత్యము నిను స్తుతియింతును,full,463,573,0,0,Ephraim Palutla,missing,https://waytochurch.com/lyrics/song/27573
27574,Mariyaa tanayudai manujaavathaarudai,మరియా తనయుడై మనుజావతారుడై,full,364,461,3,3,Suresh Nittala,missing,https://waytochurch.com/lyrics/song/27574
27575,Chakkani baaludamma chuudachakkangaa unnaadammaa,చక్కని బాలుడమ్మ చూడచక్కంగా ఉన్నాడమ్మా,full,430,541,0,0,Suneel,missing,https://waytochurch.com/lyrics/song/27575
27579,Paata paadaala vaadyamu mrogaala,పాట పాడాలా వాద్యములు మ్రాగాల,full,464,587,0,3,A R Stevenson,missing,https://waytochurch.com/lyrics/song/27579
27580,Chandamaama chandamaama,చందమామ చందమామ,full,706,919,0,2,Asha Ashirwadh Shaik,missing,https://waytochurch.com/lyrics/song/27580
27584,Aanandam aanandamea raaraaju putteanani,ఆనందం ఆనందమే రారాజు పుట్టేనని,full,662,770,2,2,Teja Emmanuel,missing,https://waytochurch.com/lyrics/song/27584
27586,raaju puttenu raaju puttenu,రాజు పుట్టెను రాజు పుట్టెను,full,522,612,0,0,,in_library_exact,https://waytochurch.com/lyrics/song/27586
27587,kreesthu puttenu hallelooyaa,క్రీస్తు పుట్టెను హల్లెలూయా,full,703,838,0,0,,in_library_exact,https://waytochurch.com/lyrics/song/27587
27588,Bethelehemulo panduga panduga,బేత్లహేములో పండుగ పండుగ,full,364,456,0,0,,missing,https://waytochurch.com/lyrics/song/27588
27589,BETHLAHAHeMULO VINTHA,బెత్లహేములో వింత రాజు పుట్టుక వార్త,none,588,0,2,0,,missing,https://waytochurch.com/lyrics/song/27589
27590,Samrakshakaa vimochakaa,సంరక్షకా విమోచకా,full,671,847,0,0,Pastor Dr  Pammi Daniel,missing,https://waytochurch.com/lyrics/song/27590
27594,Asalaina christmas mana jeevithamey,అసలైన క్రిస్మస్ మన జీవితమే,full,819,1044,0,0,Jonah Samuel,missing,https://waytochurch.com/lyrics/song/27594
27597,Ninu vidichi na hrudhayam parithapinche nee kosamu,నిను విడిచి నా హృదయం పరితపించే నీ కోసమే,full,644,761,0,0,,missing,https://waytochurch.com/lyrics/song/27597
27598,Oka aasa undayyaa naa koorika theerchayyaa,ఒక ఆశ ఉందయ్యా నా కోరిక తీర్చయ్యా,full,514,703,2,3,Pastor Anand Babu,missing,https://waytochurch.com/lyrics/song/27598
27599,Raaju puttenu raaju puttenuLyrics,రాజు పుట్టెను రాజు పుట్టెను లోకమంతా,full,466,552,0,0,Shyam Joseph,in_library_contained,https://waytochurch.com/lyrics/song/27599
27601,Aa raatrilo ningilo oka taara goppa tejamutho prabhavinchenu aa reyi,ఆ రాత్రిలో నింగిలో ఒక తార గొప్ప తేజముతో ప్రభవించెను ఆ రేయి,full,802,915,3,3,M Prasanna kumar,missing,https://waytochurch.com/lyrics/song/27601
27602,Aa Madhya Raathrilo bethlehemu puramulo,ఆ మధ్య రాత్రిలో బేత్లెహేము పురములో,full,658,810,0,0,Medidi Prasanna kumar,missing,https://waytochurch.com/lyrics/song/27602
27603,Mary thelusa ni kumaarudu,మేరీ తెలుసా నీ కుమారుడు,full,765,862,0,0,,missing,https://waytochurch.com/lyrics/song/27603
27606,Nuuthanaparachumu mamu nadipinchumu,నూతనపరచుము మము నడిపించుము,full,555,753,0,0,Prabhod Kumar Adusumilli,missing,https://waytochurch.com/lyrics/song/27606
27607,Janminchea yeasayya naa loonaa,జన్నించే యేసయ్య నా లోనా,full,531,769,3,3,Jyothi Manohar,missing,https://waytochurch.com/lyrics/song/27607
27612,Nannerigina Devudavu,నన్ను ఎరిగిన దేవుడవు,full,351,564,1,3,"Dr  Paul Dhinakaran, Evangeline Dhinakara , Daniel Davidson",missing,https://waytochurch.com/lyrics/song/27612
27613,Sambaramaascharyaalatho bhoomi oopiri bigabatteney,సంబరమాశ్చర్యాలతో భూమి ఊపిరి బిగబట్టెనే,full,1014,1291,0,0,"Dr Shalem Raj, Azuba Daniel kalyanapu",missing,https://waytochurch.com/lyrics/song/27613
27614,Ninu sthuthiyinchi ganaparachi,నిన్ను స్తుతియించి ఘనపరచి,none,1388,0,0,0,,missing,https://waytochurch.com/lyrics/song/27614
27615,Naa thodugaa neevu nee needalo nenu,నా తోడుగ నీవు నీ నీడలో నేను,full,401,511,0,0,"Pastor Anand Jaykumar from Hosanna Ministries, Nellore",missing,https://waytochurch.com/lyrics/song/27615
27619,Nanu yedabaayaka padipooneeyaka podiginchithivi naa jeevamu,నను ఎడబాయక పడిపోనీయక పొడిగించితివి నా జీవము,partial,577,766,3,2,A R Stevenson,missing,https://waytochurch.com/lyrics/song/27619
27620,Naakai dheenunigaa bhuviki vachinaavayaa,నాకై ధీనునిగా భువికి వచ్చినావయా,full,1218,1508,0,0,Pastor Vinod Kumar,missing,https://waytochurch.com/lyrics/song/27620
27621,Dhevuni aanandam ninu kammunu,దేవుని ఆనందం నిను కమ్మును,full,815,984,2,2,Ps  John Jebaraj  | Concept: Dr  Paul Dhinakaran,missing,https://waytochurch.com/lyrics/song/27621
27622,Dinamulu gaduchuchundagaa nee melutho thrupthi parachithivi,దినములు గడుచుచుండగా నీ మేలుతో తృప్తిపరచితివి,full,578,663,0,0,Tony Bandela,missing,https://waytochurch.com/lyrics/song/27622
27623,Inthakaalam nee krupaloo,ఇంతకాలం నీ కృపలో,full,568,717,0,2,Sampath Kareti,missing,https://waytochurch.com/lyrics/song/27623
27628,Neeve neeve neeve maa praanam,నీవే నీవే నీవే మా ప్రాణం,full,660,859,2,2,Joshua Shaik,missing,https://waytochurch.com/lyrics/song/27628
27629,Anni veallalandu mammu kaapaadu deavaa,అన్ని వేళలందు మమ్ము కాపాడు దేవా,full,510,650,2,2,Pastor John Wesley,missing,https://waytochurch.com/lyrics/song/27629
27637,Sandhadi 6,సందడి 6,full,1020,1278,0,0,"Dr Shalem Raj, Azuba Daniel kalyanapu",unusable-title,https://waytochurch.com/lyrics/song/27637
27638,Naa sannidhi neeku thoduga undunu chettuku manchu vale,నా సన్నిధి నీకు తోడుగ ఉండును చెట్టుకు మంచు వలె,full,781,820,0,3,sister Sharon Praveen,missing,https://waytochurch.com/lyrics/song/27638
27639,Nee krupatho nimpina naa jeevitham,నీ కృపతో నింపిన నా జీవితం…,full,607,742,3,3,"Pr William Carey , Esther",missing,https://waytochurch.com/lyrics/song/27639
27640,Nannu inthagaa preminchina naa yesu raajaa,నన్ను ఇంతగా ప్రేమించిన నా యేసు రాజా,full,792,987,3,3,Sister Krupa Jeba,missing,https://waytochurch.com/lyrics/song/27640
27643,Oohakandhanantha Unnatham,ఊహకందనంత ఉన్నతం నాపట్ల,none,527,0,0,0,Dr A R Stevenson,missing,https://waytochurch.com/lyrics/song/27643
27645,yuddha veerulam parishuddha pourulam,యుద్ధ వీరులం పరిశుద్ధ పౌరులం,full,1067,1327,0,0,,in_library_exact,https://waytochurch.com/lyrics/song/27645
27646,Aagadhu naa payanam siyonu cherakundaa,ఆగదు నా పయనం సీయోను చేరకుండా,full,647,784,0,0,Pastor Jafanya Sastry,missing,https://waytochurch.com/lyrics/song/27646
27648,Mahoopakaaryamulu ennoo cheysina mahoonnthudaa naa yesayya,మహోపకార్యములు ఎన్నో చేసిన మహోన్నతుడా నాయేసయ్య,full,547,660,0,0,John Wesley Pakalapati,missing,https://waytochurch.com/lyrics/song/27648
27649,ayyaa vandanaalu ayyaa vandanaalu,అయ్యా వందనాలు అయ్యా వందనాలు,full,429,529,0,0,,in_library_exact,https://waytochurch.com/lyrics/song/27649
27650,Phaliyinchuta nerpayya naa yesayyaa,పల్లవి ఫలియించుట నేర్పయ్య నా యేసయ్యా,full,619,669,0,0,Pas  Daniel Raj,missing,https://waytochurch.com/lyrics/song/27650
27653,Yehovaa naa devaa nee dhayalo kaayumaa,యెహోవా నా దేవా నీ దయలో కాయుమా,full,558,691,0,0,P James,missing,https://waytochurch.com/lyrics/song/27653
27654,Maruvalenayaa nee madhurapremanu mahoopakaari,మరువలేనయా నీ మధురప్రేమను మహోపకారి,full,500,588,0,0,Chandra Mohan,missing,https://waytochurch.com/lyrics/song/27654
27655,Pathi udhayamu nee krupapondhi,ప్రతి ఉదయము నీ కృపపొంది,full,416,541,0,0,Pastor Paul Praveen,missing,https://waytochurch.com/lyrics/song/27655
27660,Kunukavu Nidurapovu,కునుకవవూ నిధురపోవూ,full,806,604,0,0,Pastor Jyothi Raju,missing,https://waytochurch.com/lyrics/song/27660
27662,Neelone anandham naa deva,నీలోనే ఆనందం నా దేవా నీలోనే నాకు జీవం,full,456,877,2,2,Bharat Mandru,missing,https://waytochurch.com/lyrics/song/27662
27663,Ne namme nammakamu eppatiki neeve,నే నమ్మే నమ్మకము ఎప్పటికి నీవే,full,442,549,0,0,Benny Joshua,missing,https://waytochurch.com/lyrics/song/27663
27664,Kaapaadunu nannu kaapaadunu,కాపాడును నన్ను కాపాడును,full,488,599,0,0,Mohan C Lazarus,missing,https://waytochurch.com/lyrics/song/27664
27665,Andam soundaryam sirisampadhalu,అందం సౌందర్యం సిరిసంపదలు,full,770,930,0,0,Ch Shiva,missing,https://waytochurch.com/lyrics/song/27665
27667,Prathi dhinamu noothana vaathsalyam choope yesayya,ప్రతి దినము నూతన వాత్సల్యం చూపే యేసయ్య,full,553,678,0,0,P J Stephen Paul,missing,https://waytochurch.com/lyrics/song/27667
27668,aaraadhyudavu neeve prabhu,ఆరాధ్యుడవు నీవే ప్రభు,full,596,745,0,0,,in_library_exact,https://waytochurch.com/lyrics/song/27668
27669,anni thelisina thalli mariyammaa,అన్ని తెలిసిన తల్లి మరియమ్మా,full,1125,1364,0,0,,in_library_exact,https://waytochurch.com/lyrics/song/27669
27672,Veyyendloka yugamaina gadichindhi kshannamegaa,వేయ్యేండ్లొక యుగమైనా గడిచింది క్షణమేగా,full,1010,1304,0,0,Lazarus Prasanna Babu,missing,https://waytochurch.com/lyrics/song/27672
27673,Balulu arpinchutakante nee,బలులు అర్పించుటకంటే నీ,full,541,623,2,2,Amara Kumari,missing,https://waytochurch.com/lyrics/song/27673
27679,Vinare narularaa vinthaina dhevuni prema,వినరే నరులరా వింతైన దేవుని ప్రేమ…,full,941,1176,0,0,Lazarus Prassana Babu,missing,https://waytochurch.com/lyrics/song/27679
27680,Nanu kalugajesina vidhamu thalaposina,నను కలుగ జేసిన విధము తలపోసిన,full,497,640,0,0,A R Stevenson,missing,https://waytochurch.com/lyrics/song/27680
27683,Saathwikamunu kanaparachavalenu,సాత్వికమును కనపరచవలెను,full,424,547,1,3,A R Stevenson,missing,https://waytochurch.com/lyrics/song/27683
27687,inti peru Thallidhandrulevarainaa inti peredhi neekunnaa,తల్లితండ్రులెవరైనా ఇంటి పేరేది నీకున్నా,full,661,706,2,2,,missing,https://waytochurch.com/lyrics/song/27687
27691,Sarvonathuda vijayaveeruda,సర్వోన్నతుడ విజయవీరుడ,full,693,830,0,0,Pastor A Moses,missing,https://waytochurch.com/lyrics/song/27691
27692,Parishuddhudu athiparishuddhudu nannu nadupuchunna naa goppa dhevudu,పరిశుద్ధుడు అతిపరిశుద్ధుడు నన్ను నడుపుచున్న నా గొప్ప దేవుడు,full,449,551,0,0,Bishop Dr Daniel Paul,missing,https://waytochurch.com/lyrics/song/27692
27693,Chudaali ninne nenu yesayyaa,చూడాలి నిన్నే నేను యేసయ్యా,full,411,515,0,0,,missing,https://waytochurch.com/lyrics/song/27693
27694,Chaalayyaa chaalayyaa nee krupa chaalayyaa,చాలయ్యా చాలయ్యా నీ కృప చాలయ్యా,full,516,663,0,0,Amara Kumari,missing,https://waytochurch.com/lyrics/song/27694
27698,Kalyaana raagam saagindhi mangalavaadhyam mrogindhi,కళ్యాణరాగం సాగింది మంగళవాద్యం మ్రోగింది,full,564,710,0,0,A R Stevenson,missing,https://waytochurch.com/lyrics/song/27698
27704,Taragani nee prema virivigi naloo sirulukuripichene,తరగని నీ ప్రేమ విరివిగ నాలో సిరులుకురిపించెనే,full,645,763,0,0,Ps Subhakar Rao,missing,https://waytochurch.com/lyrics/song/27704
27707,Neelaa nenuntaanayyaa naalo nee vuntenayyaa,నీలా నేనుంటానయ్యా నాలో నీ వుంటేనయ్యా,full,611,757,0,0,Pastor J Kumar,missing,https://waytochurch.com/lyrics/song/27707
27708,deevinchaave samruddhigaa nee saakshigaa konasaagamani,దీవించావే సమృద్ధిగా నీ సాక్షిగా కొనసాగమని,full,697,862,0,0,,in_library_exact,https://waytochurch.com/lyrics/song/27708
27709,Dheva dheva dheva dhivinunna dhevaa,దేవ దేవ దేవదివినున్న దేవా,full,417,530,0,0,Devadas Mungamuri,missing,https://waytochurch.com/lyrics/song/27709
27710,Ninnu nenu viduvannayya dhevaanannu dheevinchuvarakoo,నిన్ను నేను విడువనయ్య దేవా నన్ను దీవించువరకూ,full,1118,1233,0,0,Raja Mandru,missing,https://waytochurch.com/lyrics/song/27710
27712,Noothana Kriyalu cheyuchunnaavani neevu selaviyyagaa,నూతన క్రియలు చేయుచున్నావని నీవు సెలవియ్యగా,full,815,1020,0,0,Pastor Praveen,missing,https://waytochurch.com/lyrics/song/27712
27714,Yesaiah nee prema naaku Chaalaiah,యేసయ్యనీ ప్రేమ నాకు చాలయ్య,none,708,0,0,0,Bro D David,in_library_contained,https://waytochurch.com/lyrics/song/27714
27715,Preminchi nannu naa priya yesu,ప్రేమించి నన్ను నా ప్రియ యేసు,full,545,677,0,0,Joshua Shaik,missing,https://waytochurch.com/lyrics/song/27715
27716,Siluva veeruda suvartha yodhuda,సిలువ వీరుడా సువార్త యోధుడా,full,461,561,0,0,Dr  Issac Raj Alanka,missing,https://waytochurch.com/lyrics/song/27716
27717,Chethakaakapoyinaa phalithamemi thekunnaa,చేతకాక పోయినా ఫలితమేమి తేకున్నా,full,462,573,0,0,Pastor Jafanya Sastry,missing,https://waytochurch.com/lyrics/song/27717
27718,Ennenno melulatho nanu dheevinchaavu,ఎన్నెనో మేలులతో నను దీవించావు,full,665,824,0,0,Sayaram Gattu,missing,https://waytochurch.com/lyrics/song/27718
27720,Oh krottha paatapaadi naa yesayya edhuta,ఓ క్రొత్త పాటపాడి నా యేసయ్య ఎదుట,full,555,692,0,0,Daniel M,missing,https://waytochurch.com/lyrics/song/27720
27725,Amruthamu nee prema abhisakthudaa,అమృతము నీ ప్రేమ అభిశక్తుడా,full,636,792,0,0,"Keerthana , Samkeertha",missing,https://waytochurch.com/lyrics/song/27725
27728,Siluvalo vrelaade nee korake,సిలువలో వ్రేలాడే నీ కొరకే,full,376,459,0,0,Hosanna Ministries featuring Bro  Yesanna,missing,https://waytochurch.com/lyrics/song/27728
27729,Sthuthi sthrotham yesayya,స్తుతి స్తోత్రం యేసయ్య,full,1174,1443,0,0,Hosanna Ministries featuring Pastor Freddy Paul,missing,https://waytochurch.com/lyrics/song/27729
27730,Manchi snehithudu manchi snehithudu,మంచి స్నేహితుడు మంచి స్నేహితుడు,full,374,478,0,0,Suresh Vanguri,missing,https://waytochurch.com/lyrics/song/27730
27731,Parimala thailam neeve,పరిమళతైలం నీవే,full,708,898,0,0,Hosanna Ministries featuring Pastor John Wesley,missing,https://waytochurch.com/lyrics/song/27731
27732,Neeve sraavya sadhanamu,నీవే శ్రావ్యసదనము,full,670,868,0,0,Hosanna Ministries,missing,https://waytochurch.com/lyrics/song/27732
27733,Neeke naa sthuthi maalika,నీకేగా నా స్తుతిమాలిక,full,708,950,0,0,Hosanna Ministries featuring Pastor Ramesh,missing,https://waytochurch.com/lyrics/song/27733
27734,Karunaasaagara yesayya,కరుణాసాగర యేసయ్యా,full,363,459,0,0,Hosanna Ministries featuring Pastor Abraham,missing,https://waytochurch.com/lyrics/song/27734
27735,Ontari vela naaku thodai nilichaavu,ఒంటరి వేళ నాకు తోడై నిలిచావు,full,410,515,0,0,,missing,https://waytochurch.com/lyrics/song/27735
27738,Naa praaname neevaina vela nee thalapule madhilo medhilene,నా ప్రాణమే నీవైన వేళ నీ తలపులె మదిలో మెదిలెనే,full,486,596,0,0,Prabhavathi Ramesh,missing,https://waytochurch.com/lyrics/song/27738
27743,Neelone labhimchindi jeevam,నీలోనే లభించింది జీవం,full,588,729,0,0,A R Stevenson,missing,https://waytochurch.com/lyrics/song/27743
27744,Nee krupa naaku aadhaaramai,నీ కృప నాకు ఆధారమై,full,515,684,0,0,Edurumondi John Chakravarthi,missing,https://waytochurch.com/lyrics/song/27744
27745,Ennallu Ennallu ee parugulu,ఎన్నాళ్ళు ఎన్నాళ్ళు ఈ పరుగులు,full,588,721,0,0,Joel Kodali,missing,https://waytochurch.com/lyrics/song/27745
27752,Kaluvari premanu kanugonavela,కలువరి ప్రేమను కనుగొనవేల,full,247,323,0,0,A R Stevenson,missing,https://waytochurch.com/lyrics/song/27752
27757,Bhayamelaa oh sodharaa dhigulela oh sodhari,భయమేలా ఓ సోదరా దిగులేల ఓ సోదరి,full,475,604,0,0,Pastor Ratna Babu,missing,https://waytochurch.com/lyrics/song/27757
27761,Neeve Deva,నీవే దేవా,full,975,1147,0,0,John Vittney kalavala,unusable-title,https://waytochurch.com/lyrics/song/27761
27762,Sthothra geethamulu yehovaaku paadedham,స్తోత్రగీతములు యెహోవాకు పాడెదం,full,645,780,3,3,Jeevan Wesley Olesu,missing,https://waytochurch.com/lyrics/song/27762
27766,Ninne ne nammukunnanu,నిన్నే నే నమ్ముకున్నాను,full,369,420,0,0,Paul Moses featuring Asha Ashirwadh,in_library_exact,https://waytochurch.com/lyrics/song/27766
27767,Nee swarame vinnaa nee mamathe kannaa,నీ స్వరమే విన్నా నీ మమతే కన్నా,full,453,582,0,0,Joshua Shaik,missing,https://waytochurch.com/lyrics/song/27767
27769,Saranamu neeve yesayya naa aadhaaramainaavayyaa,శరణము నీవే యేసయ్య నా ఆధారమైనావయ్యా,full,582,732,0,0,John Reinhard Blessy,missing,https://waytochurch.com/lyrics/song/27769
27770,Kantipaapalaa kaachinaavayyaa,కంటిపాపలా కాచినావయ్యా,full,1099,1381,0,0,Kranthi Chepuri,in_library_contained,https://waytochurch.com/lyrics/song/27770
27773,Neevu naa thodu unnaavayyaa,నీవు నా తోడు ఉన్నావయ్యా,full,477,586,0,0,Father Deva,in_library_exact,https://waytochurch.com/lyrics/song/27773
27775,Neevanti vaaru naaku evaru lerayya,నీ వంటి వారు నాకు ఎవరు లేరయ్య,full,212,254,0,0,Mohan C Lazarus,missing,https://waytochurch.com/lyrics/song/27775
27778,Akshayamainadhi yesuni rakthamu,అక్షయ మైనది యేసుని రక్తము,full,645,783,0,0,Jasper Kunapo,missing,https://waytochurch.com/lyrics/song/27778
27779,Aadhainchumayyaa aadhukonevaadaa,ఆదరించుమయ్యా ఆదుకొనేవాడా,full,441,531,0,0,Dr P Satish Kumar,missing,https://waytochurch.com/lyrics/song/27779
27780,Raava yesu deva neeve naa varamuga,రావా యేసుదేవా నీవే నా వరముగ,full,629,779,2,2,Joshua Shaik,missing,https://waytochurch.com/lyrics/song/27780
27781,Madhuramu yesuni naamamu,మధురము యేసుని నామము,full,442,533,0,0,Jasper Kunapo,missing,https://waytochurch.com/lyrics/song/27781
27782,Ninne namminaa nee sannidhi cherinaa,నిన్నే నమ్మినా నీ సన్నిధి చేరినా,full,362,417,0,0,Dr P Satish Kumar,missing,https://waytochurch.com/lyrics/song/27782
27783,Nee vasamoudhunu swaadheenamoudhunu,నీ వశమౌదును స్వాధీనమౌదును,full,320,403,0,0,"Pastor T Jafanya Sastry, Visakhapatnam",missing,https://waytochurch.com/lyrics/song/27783
27784,Neelanti Dhaivam evaru viswamuna lene leru,నీలాంటి దైవం ఎవరు విశ్వమున లేనేలేరు,full,666,892,0,0,Pastor Raj Prakash Paul,missing,https://waytochurch.com/lyrics/song/27784
27790,Oohinchani kaaryamulu choochedhanu,ఊహించని కార్యములు చూచెదను,full,726,924,0,0,Pastor Vinod Kumar,missing,https://waytochurch.com/lyrics/song/27790
27791,Aaraadhanaku yogyudaa neeve maa sthuthula sthothraahudaa,ఆరాధనకు యోగ్యుడా నీవే మా స్తుతుల స్తోత్రార్హుడా,full,559,704,0,0,Prudhvi Raj,missing,https://waytochurch.com/lyrics/song/27791
27794,Nee dhayalo ne jeevinthunu,నీ దయలో నే జీవింతును,full,336,418,0,0,"Pastor Sammy Thangiah , Pastor Paul Thangiah featuring Benji PK, Sudheer Daniel , Jyotsna",missing,https://waytochurch.com/lyrics/song/27794
27797,Neeve aasa neeve swaasa neevegaa athisreshtudaa,నీవే ఆశ నీవే శ్వాస నీవేగా అతిశ్రేష్ఠుడా,full,554,699,0,0,Joshua Shaik,missing,https://waytochurch.com/lyrics/song/27797
27798,Nee sannidhi naatho ventarani,నీ సన్నిధి నాతో వెంటరాని నీ ఆత్మ నాలో,full,364,457,0,0,M S Suneeth Vardhan,missing,https://waytochurch.com/lyrics/song/27798
27799,Dhuramayyaanani dhaari thappanani padipoyaananee ‌,దూరమయ్యాననీ దారి తప్పాననిపడిపోయాననీ,full,468,592,0,0,Sis  Prasanna Bold,missing,https://waytochurch.com/lyrics/song/27799
27801,Nindalalo nispruhalo,నిందలలో నిస్పృహలో,full,809,1050,2,2,Kiran Paul,missing,https://waytochurch.com/lyrics/song/27801
27803,లివింగ్ హోప్ తెలుగు,లివింగ్ హోప్ తెలుగు,full,959,1188,0,0,,missing,https://waytochurch.com/lyrics/song/27803
27804,పాపిగ నను చూడలేక,పాపిగ నను చూడలేక,full,887,1089,0,0,,missing,https://waytochurch.com/lyrics/song/27804
27805,ఈస్టర్ మెడ్లీ,ఈస్టర్ మెడ్లీ,full,1661,2008,0,0,,missing,https://waytochurch.com/lyrics/song/27805
27960,Sundaruda Athishayudaa,సుందరుడా… అతిశయుడా,none,712,0,0,0,,in_library_exact,https://waytochurch.com/lyrics/song/27960
27961,Siluvalo naa kosamu baliyaina naa yesayya,సిలువలో నా కోసము బలియైన నా యేసయ్య,full,353,404,0,0,Raja Mandru,missing,https://waytochurch.com/lyrics/song/27961
27962,Sarva sakthimanthudu advithiyadhevudu,సర్వశక్తిమంతుడు అద్వితీయదేవుడు,full,342,425,0,0,Bro Philip Gariki,missing,https://waytochurch.com/lyrics/song/27962
27963,Siyonu kumari prakaarama nadi pravaahamu valenu,సీయోను కుమారి ప్రాకారమ నది ప్రవాహము వలెను,full,287,319,2,2,Anne Deborah K Mohanty,missing,https://waytochurch.com/lyrics/song/27963
27964,Snehithudu Prana priyudu Ithade naa priya snehithudu,స్నేహితుడు ప్రాణ ప్రియుడు ఇతడే నా ప్రియ స్నేహితుడు,full,407,472,2,2,,in_library_exact,https://waytochurch.com/lyrics/song/27964
27965,Sannidhi sanidhiye,సన్నిధి సన్నిధియే,full,394,459,0,0,"Pastor Sammy Thangiah, John Jebaraj , Derrick Samuel",missing,https://waytochurch.com/lyrics/song/27965
27966,Siddhapadudhaam Siddhapadudhaam,సిద్ధపడుదాం సిద్ధపడుదాం,full,426,532,0,0,"Sharon Sisters, Bro Philip Gariki",missing,https://waytochurch.com/lyrics/song/27966
27967,Sadaakaalamu Neetho Nenu,సదాకాలము నీతో నేను జీవించెదను యేసయ్య,full,289,351,0,0,Pastor Timothy,in_library_exact,https://waytochurch.com/lyrics/song/27967
27968,Sthothram stuthi sthothram mahima ghanatha neeke,స్తోత్రం స్తుతి స్తోత్రం మహిమ ఘనత నీకే,full,431,537,0,0,,missing,https://waytochurch.com/lyrics/song/27968
27969,Sajeevudaina vaarini meerela mruthulalo vedakuchunnaaru,సజీవుడైన వారిని మీరేల మృతులలో వెదకుచున్నారు,full,589,726,2,2,Anne Deborah K Mohanty,missing,https://waytochurch.com/lyrics/song/27969
27970,Sagam lokam sagam sangham,సగం లోకం సగం సంఘం,full,610,769,0,0,K Y Ratnam,missing,https://waytochurch.com/lyrics/song/27970
27971,Sambaraalu santhoshaalu,సంబరాలు సంతోషాలు,full,706,829,0,0,Joshua Shaik,missing,https://waytochurch.com/lyrics/song/27971
27972,Santhosha sambaraaluro,సంతోష సంబరాలురో,full,445,526,2,2,Joshua Gariki,missing,https://waytochurch.com/lyrics/song/27972
27973,Shaalemu raajaa shaanthiki raajaa,షాలేము రాజా శాంతికి రాజా,full,472,574,0,0,Philip Gariki,missing,https://waytochurch.com/lyrics/song/27973
27974,Subhadinam ee dinam,శుభదినం ఈ దినం,full,315,403,0,0,Shoba Rani,missing,https://waytochurch.com/lyrics/song/27974
27975,Saswathamainadi ennadu maaranidhi,శాశ్వతమైనది ఎన్నడు మారనిది,full,545,668,0,0,"Bro P Sunith , Bro Bobby Jeevan",missing,https://waytochurch.com/lyrics/song/27975
27976,Sreemanthudaa sreekarunda sree yesu raajaa,శ్రీమంతుడా శ్రీకరుండ శ్రీ యేసు రాజా,full,778,1006,0,0,Praveen VB,missing,https://waytochurch.com/lyrics/song/27976
27977,Srama kaliginaa bhayapadaku,శ్రమ కలిగినా భయపడకు,full,583,696,0,0,A R Stevenson,missing,https://waytochurch.com/lyrics/song/27977
27978,Seethakaalamlo sri yesuni subhavaartha,శీతకాలంలో శ్రీ యేసుని శుభవార్త,full,663,853,0,0,JD Cyril Babu,missing,https://waytochurch.com/lyrics/song/27978
27979,Sathakoti vandhanaalu yesu swami neeku,శతకోటి వందనాలు యేసు స్వామి నీకు,full,476,604,0,0,Samuel Karmoji,missing,https://waytochurch.com/lyrics/song/27979
27980,Velpulalovna Nivanti Devudu,వేల్పులలోన నీవంటి దేవుడు,none,2010,0,6,0,,in_library_lyric_line,https://waytochurch.com/lyrics/song/27980
27981,Vedhana tholaginchu vadu yese,వేదన తొలగించువాడు యేసే,full,890,1098,0,0,Joel Kodali,missing,https://waytochurch.com/lyrics/song/27981
27982,Vijaya Seeludaa Naa Yesayya,విజయశీలుడా నా యేసయ్యా,none,1876,0,9,0,,missing,https://waytochurch.com/lyrics/song/27982
27983,Vachaadu maharaju mari manakosame andagaa thodugaa,వచ్చాడు మహారాజు మరి మనకోసమే అండగా తోడుగా,full,580,698,0,0,Sangeetha Rao,missing,https://waytochurch.com/lyrics/song/27983
27984,Vaakyamey Shareeradhari ayye,వాక్యమే శరీరధారి అయ్యె,full,1131,1373,0,0,Elohim Music,missing,https://waytochurch.com/lyrics/song/27984
27985,Lokaaniki aanandame,లోకానికి ఆనందమే,full,416,475,0,0,Philip Gariki,missing,https://waytochurch.com/lyrics/song/27985
27986,Lokaanaa unnadi okade devudu,లోకానా ఉన్నది ఒకడే దేవుడు,full,1102,1393,0,0,Joel Kodali,missing,https://waytochurch.com/lyrics/song/27986
27987,Lekkimpa sakyamu kaavu devaa ne kaaryamulu,లెక్కింప శక్యము కావు దేవా నీ కార్యములు,full,493,611,0,0,Heaven Babu,missing,https://waytochurch.com/lyrics/song/27987
27988,Raaraju puttinaadu nedu ilalo,రారాజు పుట్టినడు నేడు ఇలలో,full,635,792,0,0,Bro  Sayaram Gattu,missing,https://waytochurch.com/lyrics/song/27988
27989,Raajula raaju puttaadandi,రాజుల రాజు పుట్టాడండి,full,556,697,0,0,Manoj David,missing,https://waytochurch.com/lyrics/song/27989
27990,Yehovaa raaphaa swasthaparachu devaa,యేహోవా రాఫా స్వస్థపరచు దేవా,full,346,451,0,0,Bro Jyothi Raju,missing,https://waytochurch.com/lyrics/song/27990
27991,Yehovah maa deva sarvaloka dhaivamaa,యెహోవా మా దేవ సర్వలోక దైవమా,full,341,430,0,0,Pastor Samuel Finny Pachigalla featuring Samy Pachigalla,missing,https://waytochurch.com/lyrics/song/27991
27992,Yeasu vaipu choochuchu,యేసు వైపు చూచుచు,full,263,334,0,0,Joel Kodali,missing,https://waytochurch.com/lyrics/song/27992
27993,Yesu leni jeevitham ela gadapanu,యేసు లేని జీవితం ఏల గడపను,full,494,578,0,0,Gabriel Shama,missing,https://waytochurch.com/lyrics/song/27993
27994,Yesu rakthamu shuddhi chesey rakthamu,యేసు రక్తము శుద్ధి చేసే రక్తము,full,251,302,0,0,Pastor Sunder,missing,https://waytochurch.com/lyrics/song/27994
27995,Yesayye premaku prathiroopamu,యేసయ్యే ప్రేమకు ప్రతిరూపం,full,435,519,0,0,Sharon Philip,missing,https://waytochurch.com/lyrics/song/27995
27996,Yesayya neeve aasrayapuramu,యేసయ్య నీవే ఆశ్రయపురము,full,533,657,0,0,Apostle Yanamala Isaac,missing,https://waytochurch.com/lyrics/song/27996
27997,Yesayya Ninne Sevinthunu,యేసయ్య నిన్నే సేవింతును,full,452,531,0,0,John Vittney Kalavala,missing,https://waytochurch.com/lyrics/song/27997
27998,Yesayyaa naakantu evarulerayyaa,యేసయ్యా నాకంటూ ఎవరులేరయ్యా,full,351,412,0,0,David Sindo,in_library_exact,https://waytochurch.com/lyrics/song/27998
27999,Yesey naaku samasthamu,యేసే నాకు సమస్తము,full,365,434,0,0,,missing,https://waytochurch.com/lyrics/song/27999
28000,Yaahweh Raaphah Elohim Sheddai Yire Adoonaai Kanabarachunu,యావెహ్ రాఫ ఎలోహిం షడ్డాయ్ యీరె అదోనాయ్ కనపరచును,none,591,0,0,0,,missing,https://waytochurch.com/lyrics/song/28000
28001,Ye roopamu leni nannu pindamunai ne unna,యే రూపము లేని నన్ను పిండమునై నే ఉన్నా,full,510,844,0,0,Uday Kanthi Shanmukha,missing,https://waytochurch.com/lyrics/song/28001
28002,Muttedan ninu muttedan,ముట్టెదన్ నిను ముట్టెదన్,full,889,1024,0,3,Anne Deborah K Mohanty,missing,https://waytochurch.com/lyrics/song/28002
28003,Munduku saagedhanu,ముందుకు సాగెదను,full,388,484,0,0,Raja Mandru,missing,https://waytochurch.com/lyrics/song/28003
28004,Mahimaku paathrudavu ghanathaku arhudavu,మహిమకు పాత్రుడవు ఘనతకు అర్హుడవు,full,581,712,0,0,Charles Dany Premson,in_library_exact,https://waytochurch.com/lyrics/song/28004
28005,Manasunu munchetthe ee soundaryam,మనసును ముంచెత్తె ఈ సౌందర్యం,full,564,667,0,0,Rajesh Tatapudi,missing,https://waytochurch.com/lyrics/song/28005
28006,Manishini praanamgaa preminchina devudu,మనిషిని ప్రాణంగా ప్రేమించిన దేవుడు,full,349,420,0,0,Dr P Satish Kumar,missing,https://waytochurch.com/lyrics/song/28006
28007,Mandhira mandhuna cherinaanu,మందిరమందున చేరినాను,full,426,533,0,0,A J Emmanuel,missing,https://waytochurch.com/lyrics/song/28007
28008,Maa ooru maa veedhi,మా ఊరు మా వీధి,full,287,366,0,0,Eileen Sharon,missing,https://waytochurch.com/lyrics/song/28008
28009,Praardhinchu neevu praardhinchu,ప్రార్ధించు నీవు ప్రార్ధించు,full,542,656,0,0,Joshua Jessi,missing,https://waytochurch.com/lyrics/song/28009
28010,Prema Mayuda Naa Yesayya,ప్రేమమయుడా నా యేసయ్యా,none,2296,0,7,0,,missing,https://waytochurch.com/lyrics/song/28010
28011,Prema gala thandri krupa gala prabhuva sthuti mahimalu neeke,ప్రేమగల తండ్రి క్రుపగల ప్రభువ స్తుతిమహిమలు నీకే,full,341,412,3,3,Anne Deborah K Mohanty,missing,https://waytochurch.com/lyrics/song/28011
28012,Premantu edhaina unte yesele adhi yesele,ప్రేమంటూ ఏదైనా ఉంటే యేసేలే అది యేసేలే,full,769,907,0,0,Jonah Samuel,missing,https://waytochurch.com/lyrics/song/28012
28013,Prabhu aathma naalo nindiporlinappudu,ప్రభు ఆత్మ నాలో నిండిపొర్లినప్పుడు,full,372,455,0,0,,missing,https://waytochurch.com/lyrics/song/28013
28014,Prakasinchenu Oh divya thaara,ప్రకాశించెను ఓ దివ్య తార,full,747,922,0,0,"Bro P Sunith , Bro Bobby Jeevan",missing,https://waytochurch.com/lyrics/song/28014
28015,Paapaanni Pogotti Syaapaani Naa Sarvam Yesayya,పాపాన్ని పోగొట్టి శాపాన్ని,none,1957,0,2,0,,missing,https://waytochurch.com/lyrics/song/28015
28016,Poddhuguke bethlemulo,పొద్దుగూకె బెత్లేములో,full,1026,1220,0,0,"Kiran Kumar , Priya Arif",missing,https://waytochurch.com/lyrics/song/28016
28017,Nuthanamaina krupa nava nuthanamaina krupa,నూతనమైన కృప నవ నూతనమైన కృప,full,1001,1348,0,0,Hosanna Ministries featuring Pastor John Wesley,missing,https://waytochurch.com/lyrics/song/28017
28018,Nuvivvakunte edhi ledayya,నువివ్వకుంటే ఏది లేదయ్యా,full,438,538,0,0,M V Ratnam,missing,https://waytochurch.com/lyrics/song/28018
28019,Neevuleni Kshanamaina,నీవులేని క్షణమైనా,none,1516,0,0,0,,missing,https://waytochurch.com/lyrics/song/28019
28020,నీవు లేని బ్రతుకును ఊహించలేను,నీవు లేని బ్రతుకును ఊహించలేను,none,385,0,0,0,Fr Dr C Babu Raj (Germany),missing,https://waytochurch.com/lyrics/song/28020
28021,Neevantivaaru leru,నీవంటివారు లేరు,full,385,491,0,0,"Pastor Sanjeev Kumar featuring Vandana Kilimi, Rajesh Yelsatti, Jermiah John Sunith",missing,https://waytochurch.com/lyrics/song/28021
28022,Neepai velugu virajille samvatsaram,నీపై వెలుగు విరజిల్లే సంవత్సరం,full,802,994,0,0,sister Sharon Praveen,missing,https://waytochurch.com/lyrics/song/28022
28023,Ninupolina vaarevaru,నినుపోలిన వారెవరు,full,471,567,0,0,Benny Joshua,missing,https://waytochurch.com/lyrics/song/28023
28024,Nenu nadiche darulalo na thodu neevundaga,నేను నడిచే దారులలో నా తోడు నీవుండగా,full,302,381,0,0,Gyan Swaroop,missing,https://waytochurch.com/lyrics/song/28024
28025,Ninu asheervadhinthunu,నిను ఆశీర్వదింతును,full,453,545,0,0,"Daniel Davidson , Stella Ramola",missing,https://waytochurch.com/lyrics/song/28025
28026,Nenellappudu yehovanu sannuthinchedhanu,నేనెల్లప్పుడు యెహోవాను సన్నుతించెదను,full,393,504,0,0,Dr P Satish Kumar,in_library_exact,https://waytochurch.com/lyrics/song/28026
28027,Ninupolina Varevaru,నిన్ను పోలిన వారెవరు,none,909,0,0,0,,missing,https://waytochurch.com/lyrics/song/28027
28028,Ninnu kolicheda raavayya naa yesanna,నిన్ను కొలిచెద రావయ్యా నా యేసన్నా,full,345,417,0,0,Devadas Mungamuri,missing,https://waytochurch.com/lyrics/song/28028
28029,Nenentha dhanyudano priyudaa yesayya,నేనెంత ధన్యుడనో ప్రియుడా యేసయ్య,full,619,798,0,0,Pastor Akshay,missing,https://waytochurch.com/lyrics/song/28029
28030,Neethodu chaalayya naa balamu neevayyaa,నీతోడు చాలయ్య నా బలము నీవయ్యా,full,510,661,0,0,John Zechariah,missing,https://waytochurch.com/lyrics/song/28030
28031,Needanu polinaa dhinamulu tharuguchunnavi,నీడను పోలి నా దినములు తరుగుచున్నవి,full,1119,1378,0,0,Vijay Prasad Reddy,missing,https://waytochurch.com/lyrics/song/28031
28032,Nedaina nijamaina rakshakuni cherumaa,నేడైనా నిజమైన రక్షకుని చేరుమా,full,403,514,0,0,A R Stevenson,missing,https://waytochurch.com/lyrics/song/28032
28033,Nee snehamu nanu manishini chesindhi,నీ స్నేహము నను మనిషిని చేసింది,full,692,862,0,0,Jesus Chanan featuring Bro Prakash,missing,https://waytochurch.com/lyrics/song/28033
28034,Nee mandhiraanaa nenundiponaa,నీ మందిరానా నేనుండిపోనా,full,170,220,0,0,Dr  K Wilson,missing,https://waytochurch.com/lyrics/song/28034
28035,Nee premanu nee karunanu,నీ ప్రేమను నీ కరుణను,full,461,566,0,0,Joel Kodali,missing,https://waytochurch.com/lyrics/song/28035
28036,Naa nireekshana neelo undagaa,నా నిరీక్షణ నీలో ఉండగా,full,354,433,0,0,"B Ezra Sastri , Nirmala Sastri",missing,https://waytochurch.com/lyrics/song/28036
28037,Naa dhaaguchotu neeve yesayyaa,నా దాగుచోటు నీవే యేసయ్యా,full,497,639,0,0,Hosanna Ministries,in_library_contained,https://waytochurch.com/lyrics/song/28037
28038,Na jeevithamu ne maata thone aarambhinchedan,నా జీవితము నీ మాటతోనే ఆరంభించెదన్,full,438,538,0,0,John Vittney Kalavala,missing,https://waytochurch.com/lyrics/song/28038
28039,నా జీవితానికి యజమానుడా,నా జీవితానికి యజమానుడా,none,426,0,0,0,"John J, Fire Gospel Ministries",missing,https://waytochurch.com/lyrics/song/28039
28040,Naa gaanam neevayya naa hrudayapu pilupu neeve deva,నా గానం నీవయ్య నా హృదయపు పిలుపు నీవె దేవ,full,482,612,2,2,Anne Deborah K Mohanty,missing,https://waytochurch.com/lyrics/song/28040
28041,Nee kantipaapavale nannu kaachutaku,నీ కంటి పాపవలె నన్ను కాచుటకు,full,707,792,0,0,Joel Kodali,missing,https://waytochurch.com/lyrics/song/28041
28042,Naa adugulu sthiraparachi,నా అడుగులు స్థిరపరచి,full,400,478,0,0,Ch Suresh,in_library_contained,https://waytochurch.com/lyrics/song/28042
28043,Desama na desama desama bhaartha desama,దేశమా నా దేశమా దేశమా భారత దేశమా,full,1112,1298,2,2,Abhishek Devadas,missing,https://waytochurch.com/lyrics/song/28043
28044,Devaloka mahimanthaa bhuvi paiki thechaadu,దేవలోక మహిమనంతా భువిపైకి తెచ్చాడు,full,631,769,0,0,A R Stevenson,missing,https://waytochurch.com/lyrics/song/28044
28045,Daiva istame gaalike undi thelusunaa,దైవ ఇష్టమే గాలికే ఉంది తెలుసునా…,full,1297,1565,0,0,,missing,https://waytochurch.com/lyrics/song/28045
28046,Dheenudaa ajeyudaa aadharana kiranamaa,దీనుడా అజేయుడా ఆధరణ కిరణమా,full,852,1118,0,0,Na Hrudaya Saaradhi - Hosanna Ministries Telugu Christian Album Lyrics,missing,https://waytochurch.com/lyrics/song/28046
28047,Dhigivachenu maraninchutakai,దిగివచ్చెను మరణించుటకై,full,517,635,0,0,Joel Kodali,missing,https://waytochurch.com/lyrics/song/28047
28048,Tharinchiponi nee premalone,తరించిపోని నీ ప్రేమలోనే,full,415,531,0,0,Father Johnson Chettur,missing,https://waytochurch.com/lyrics/song/28048
28049,Thaara velisenu choodu aakasamlona,తార వెలిసెను చూడు ఆకాశంలోన,full,604,703,0,0,Asha Ashirwadh,missing,https://waytochurch.com/lyrics/song/28049
28050,Thandri thanayuni bhoomiki pampina ee vela shubavela,తండ్రి తనయుని భూమికి పంపిన ఈ వేళ శుభవేళ,full,651,820,0,0,Davidson Gajulavarthi,missing,https://waytochurch.com/lyrics/song/28050
28051,Jeevadaatha sthuthipaathrudaa,జీవదాత స్తుతిపాత్రుడా,full,847,994,2,2,Joshua Shaik,missing,https://waytochurch.com/lyrics/song/28051
28052,Jeevitha naava nadupumu deva,జీవిత నావ నడుపుము దేవ,full,487,588,0,0,A J Emmanuel,missing,https://waytochurch.com/lyrics/song/28052
28053,Jola prabhu yesu odilona jola,జోలా ప్రభు యేసయ్య ఒడిలోన జోల,full,503,619,0,0,John Kunapo,missing,https://waytochurch.com/lyrics/song/28053
28054,Jayamu praardhana jayamu,జయము ప్రార్ధన జయము,full,448,521,0,0,Raja Mandru,missing,https://waytochurch.com/lyrics/song/28054
28055,Jyothirmayuni jananam sarvalokaaniki,జ్యోతిర్మయుని జననం సర్వలోకానికి,full,527,666,0,0,Param Jyothi Gummalla,missing,https://waytochurch.com/lyrics/song/28055
28056,Gnaapakam cheasukoa yesayyaa,జ్ఞాపకం చేసుకో యేసయ్యా,full,390,464,0,0,Rev Pandu PremKumar,missing,https://waytochurch.com/lyrics/song/28056
28057,Chirakaala snehithuda na hrudhayaala sannihithuda,చిరకాల స్నేహితుడా నా హృదయాల సన్నిహితుడా,full,512,603,0,0,"Sharon Sisters, Bro Philip Gariki",in_library_fuzzy,https://waytochurch.com/lyrics/song/28057
28058,Cheri Jeevinchudi,చేరి జీవించుడి,full,512,653,0,0,Devadas Mungamuri,missing,https://waytochurch.com/lyrics/song/28058
28059,Gathakaalam anthaa kaachaavu nee krupalo,గతకాలం అంతా కాచావు నీ కృపలో,full,654,803,0,0,Simha Kopparthi (Moses),missing,https://waytochurch.com/lyrics/song/28059
28060,Krupa Chuputalo Mahadaiswaryudaa,కృప చూపుటలో మహాదైశ్వర్యుడా,none,1856,0,6,0,,missing,https://waytochurch.com/lyrics/song/28060
28061,Kaliseti andhaala anubhandhame,కలిసేటి అందాల అనుబంధమే,full,595,742,2,2,Joshua Shaik,missing,https://waytochurch.com/lyrics/song/28061
28062,Kaligiyunna samasthamu needenayya,కలిగియున్న సమస్తము నీదేనయ్యా,full,439,579,0,0,Bro Sudheer Nelaturi,missing,https://waytochurch.com/lyrics/song/28062
28063,Kaachithivi gathakaalam,కాచితివి గతకాలం,full,428,523,2,2,Nazaresh,missing,https://waytochurch.com/lyrics/song/28063
28064,Kondalathattu kannuletthi choosaanu yesayya,కొండలతట్టు కన్నులెత్తి చూసాను యేసయ్యా,full,719,866,0,0,Dr  Victor Rampogu,missing,https://waytochurch.com/lyrics/song/28064
28065,Okamaata chaalu thandri,ఒకమాట చాలు తండ్రీ,full,352,443,0,0,Kollabathula Ruben,missing,https://waytochurch.com/lyrics/song/28065
28066,Okkate aasa jeevitha abhilaasha,ఒక్కటే ఆశ జీవిత అభిలాష,full,575,714,0,0,Samuel Karmoji,missing,https://waytochurch.com/lyrics/song/28066
28067,Okka punya kaaryamuche maanavuniki krupaadaanamey,ఒక్క పుణ్య కార్యముచే మానవునికి క్రుపాదానమే,full,422,494,2,2,Anne Deborah K Mohanty,missing,https://waytochurch.com/lyrics/song/28067
28068,Ontari payanamlo evaru lekunnaa,ఒంటరి పయనంలో ఎవరు లేకున్నా,full,494,619,0,0,Pastor Shadrak,missing,https://waytochurch.com/lyrics/song/28068
28069,Yepaati daananayaa nannintaga hechchinchutaku,ఏపాటిదాననయా నన్నింతగ హెచ్చించుటకు,full,582,717,0,0,Pastor D  Chrisostam,in_library_exact,https://waytochurch.com/lyrics/song/28069
28070,Edho aasha naalo neethone jeevinchani,ఏదో ఆశ నాలో నీతోనే జీవించనీ,full,466,592,0,0,Pastor Ramesh,missing,https://waytochurch.com/lyrics/song/28070
28071,Ey reethigaa ninnu sthuthinchagalanu,ఏ రీతిగా నిన్ను స్తుతించగలను,full,1128,1364,0,0,Pastor Ravindra Donepati,missing,https://waytochurch.com/lyrics/song/28071
28072,Ye reethiga kolichedha nee premalo nilichedha,ఏ రీతిగా కొలిచెద నీ ప్రేమలో నిలిచెద,full,665,852,2,2,Joshua Shaik,missing,https://waytochurch.com/lyrics/song/28072
28073,Yerugani reethigaa,ఎరుగని రీతిగా,full,284,369,0,0,Gottipaati Yesu Das,missing,https://waytochurch.com/lyrics/song/28073
28074,Endhuko Nanninthaga Preminchinaavani,ఎందుకో నన్నింతగా ప్రేమించినావని,none,2140,0,8,0,,missing,https://waytochurch.com/lyrics/song/28074
28075,Entha kaalamo ee loka aasalapai dhyaasa,ఎంత కాలమో ఈ లోక ఆశలపై ధ్యాస,full,518,677,0,0,Pastor Ramesh,missing,https://waytochurch.com/lyrics/song/28075
28076,Oohinchalenu nee premanu naa ooha chaaladhaya,ఊహించలేను నీ ప్రేమను నా ఊహ చాలదయ,full,526,678,0,0,Sampath Kareti,missing,https://waytochurch.com/lyrics/song/28076
28077,Unnaanayaa nenunnaanayya,ఉన్నానయా నేనున్నానయ్యా,full,468,589,0,0,"Sister Nissy Paul, wife of Bro Paul Emmanuel",missing,https://waytochurch.com/lyrics/song/28077
28078,Unnathudaa athyunnathudaa,ఉన్నతుడా అత్యున్నతుడా,full,356,449,0,0,Bro Paul Emmanuel,missing,https://waytochurch.com/lyrics/song/28078
28079,Ee reyi challanidi,ఈ రేయి చల్లనిది,full,274,345,0,0,Dr  K  Wilson,missing,https://waytochurch.com/lyrics/song/28079
28080,Aanandhageethamu ne padedha christmas subhavelalo,ఆనందగీతం నే పాడెద క్రిస్మస్ శుభవేళలో,full,423,503,0,0,Suresh Nittala,missing,https://waytochurch.com/lyrics/song/28080
28081,Aanandamtho sandadi cheddam,ఆనందంతో సందడి చేద్దాం,full,384,457,0,0,Padaala Suresh Babu,missing,https://waytochurch.com/lyrics/song/28081
28082,Aanandam aarbhatame ilalo,ఆనందం ఆర్భాటమే ఇలలో,full,432,509,3,3,Hepsi Bhaskar,missing,https://waytochurch.com/lyrics/song/28082
28083,Aadiyu neeve anthamu neeve,ఆదియు నీవె అంతము నీవె,full,292,356,0,0,Joel Kodali,in_library_exact,https://waytochurch.com/lyrics/song/28083
28084,Alasitivaa prabhuu mokarinchitivaa,అలసితివా ప్రభు మోకరించితివా,full,346,411,1,1,Josely Komanapalli,missing,https://waytochurch.com/lyrics/song/28084
28085,Ammanu minchina preme needhayya,అమ్మను మించిన ప్రేమే నీదయ్యా,full,437,542,0,0,Samuel Karmoji,missing,https://waytochurch.com/lyrics/song/28085
28086,Anudinamu noothanamuga vaatsalyatha neeku kalugunu,అనుదినము నూతనముగా వాత్సల్యత నీకు కలుగును,partial,288,335,2,0,Anne Deborah K Mohanty,missing,https://waytochurch.com/lyrics/song/28086
28087,Adbhutha vijayam manade manade yesuni naamamlo,అద్భుత విజయం మనదే మనదే యేసుని నామంలో,full,432,545,0,0,P J Stephen Paul,missing,https://waytochurch.com/lyrics/song/28087
28088,Athyunnatha Simhaasanamu pai Aasieenudavyana dhevaa,అత్యున్నత సింహాసనముపై ఆశీనుడవైన నా దేవా,full,520,628,0,0,Dr  Darla Amshumathi Mary,in_library_prefix,https://waytochurch.com/lyrics/song/28088
28089,Adavi pushpama santhoshinchuma kasturi pushpama ullasinchuma,అడవి పుష్పమా సంతోషించుమా కస్తురీ పుష్పమా ఉల్లసించుమా,full,383,444,2,2,Anne Deborah K Mohanty,missing,https://waytochurch.com/lyrics/song/28089
28090,Andhaala chinni gootilona puttina pichukanu,అందాల చిన్ని గూటిలోన పుట్టిన పిచ్చుకను,full,541,625,0,0,Sreshta Karmoji,missing,https://waytochurch.com/lyrics/song/28090
28477,Hrudayamaa na hrudayamaa,హృదయమా న హృదయమా,full,343,425,0,0,Smt  Jayaleela Yesu Ratnam,missing,https://waytochurch.com/lyrics/song/28477
28478,Santhoshamey Na Yesunilo,సంతోషమే నా యేసునిలో,full,552,673,0,0,Davidson Gajulavarthi,missing,https://waytochurch.com/lyrics/song/28478
28502,Nanna Yesuve Nanna Yesuve,,none,663,0,0,0,,unusable-title,https://waytochurch.com/lyrics/song/28502
28504,Yella Maghimegu Ganathegu,,none,868,0,0,0,,unusable-title,https://waytochurch.com/lyrics/song/28504
28508,Na Yesayya Nee Krupaye,నాయేసయ్య నీ కృప యే చాలయ్య,none,1503,0,10,0,,missing,https://waytochurch.com/lyrics/song/28508
28513,Yessappa Neenandhre Nanna Ghishta,,none,575,0,0,0,,unusable-title,https://waytochurch.com/lyrics/song/28513
28517,Sugali Madhyalo,,none,557,0,0,0,,unusable-title,https://waytochurch.com/lyrics/song/28517
28532,manchivada manchivada,మంచివాడా మంచివాడా,full,549,680,0,0,,missing,https://waytochurch.com/lyrics/song/28532
28546,Samudhrava Vibajisi Nadesuve Nee,,none,678,0,3,0,,unusable-title,https://waytochurch.com/lyrics/song/28546
28561,OOhakandananta Vunnatam naa pat,ఊహకందనంత ఉన్నతం నాపట్ల,full,544,686,3,3,-,missing,https://waytochurch.com/lyrics/song/28561
28580,Yesayya janminchea ee nea,యేసయ్య జన్మించే ఈ నేలపై,full,526,650,0,0,-,missing,https://waytochurch.com/lyrics/song/28580
28623,Yesu ninnu ne sthuthiyinchuta,యేసు నిన్ను నే స్తుతియించుట,full,592,740,0,0,Joel Kodali,in_library_exact,https://waytochurch.com/lyrics/song/28623
28624,Neeve naaku thandrivani neeve naa dhevudani,నీవే నాకు తండ్రివని నీవే నా దేవుడని,full,437,521,0,0,Aronkumar Nakrekanti,missing,https://waytochurch.com/lyrics/song/28624
28627,Raajula raaju puttenu bethelehemulo,రాజుల రాజు పుట్టెను బేత్లహేములో,full,597,733,3,3,Shyam Joseph,missing,https://waytochurch.com/lyrics/song/28627
28628,Bangaaramu veedhulunna nagaramulona,బంగారము వీధులున్న నగరములోన,full,553,697,0,0,Sayaram Gattu,missing,https://waytochurch.com/lyrics/song/28628
28631,Christmas Subhavelalo mana andhari hrudhayaalalo,క్రిస్మస్ శుభవేళలో మన అందరి హృదయాలలో,full,663,845,0,0,Suresh Nittala,missing,https://waytochurch.com/lyrics/song/28631
28632,Idi Ascharyame,ఇది ఆశ్చర్యమే,partial,698,748,2,1,Ps  Philip Gariki,missing,https://waytochurch.com/lyrics/song/28632
28634,Yadabayani nee krupa,ఎడబాయని నీ కృప,full,624,797,0,0,Pastor Mathews,in_library_exact,https://waytochurch.com/lyrics/song/28634
28636,Ebinesare Ebinejaru,ఎబినేజరే other version,full,716,816,0,0,John Jebaraj,unusable-title,https://waytochurch.com/lyrics/song/28636
28641,Yela Ela,ఎలా ఇలా,full,568,658,0,0,Ashakiran pallikonda,unusable-title,https://waytochurch.com/lyrics/song/28641
28643,Merise ningilo merise o thaara,మెరిసే నింగిలో మెరిసే ఓ తార,full,520,649,0,0,Dr. Visranth Christian,missing,https://waytochurch.com/lyrics/song/28643
28644,Devude maanavunigaa janminchenu,దేవుడే మానవునిగా జన్మించెను,full,496,574,0,0,"Late Dr. Joseph Moses K, Founder & Director, Gospel Torch Charitable Mission",missing,https://waytochurch.com/lyrics/song/28644
28645,Aakaasa veedhilo oka thaara velisindhi,ఆకాశవీధిలో ఒక తార వెలిసింది,full,572,741,0,0,Kishore Babu Thappeta,missing,https://waytochurch.com/lyrics/song/28645
28656,Emmanuel natho vunna Vaada,ఇమ్మానుఎల్ నాతొ వున్న వాడ,full,401,488,0,0,Rev Paul Thangaiah,missing,https://waytochurch.com/lyrics/song/28656
28659,maha devuda mahonnathuda,మహాదేవుడా మహోన్నతుడా మహాఘనుడా,none,659,0,0,0,Dr Negala Joshua,missing,https://waytochurch.com/lyrics/song/28659
28661,Jagamantha Sambarame 2,జగమంతా సంబరమే 2,none,521,0,0,0,DAVIDSON GAJULAVARTHI,missing,https://waytochurch.com/lyrics/song/28661
28669,Naa Devudu Goppavadu,నా దేవుడు గొప్పవాడు ఏదైనా చెయ్యగలడు,none,1457,0,1,0,M. Vinod Kumar,missing,https://waytochurch.com/lyrics/song/28669
28677,Kruthagnatha Yemi chesi ne Runamu Theerthumayya,కృతజ్ఞత ఏమి చేసి నీ రుణము తీర్తుమయ్య,full,1495,1741,0,0,Bro Subhash Raj T,missing,https://waytochurch.com/lyrics/song/28677
28687,CHESEVANNI ADBHUTHALE,చేసేవన్నీ అద్భుతాలే మరువలేను నీదు మేలే,none,591,0,0,0,Samuel Karmoji,missing,https://waytochurch.com/lyrics/song/28687
28738,Etthaina Konda Paina Ekaanthamuga Cheri,ఎత్తైన కొండపైన,full,353,413,0,0,,missing,https://waytochurch.com/lyrics/song/28738
29499,Adigadigo Oka Yuddham,అదిగదిగో ఒక యుద్ధం,full,308,363,0,0,,in_library_exact,https://waytochurch.com/lyrics/song/29499
29501,Evariki evaru ee lokamulo,ఎవరికి ఎవరు ఈ లోకములో,full,434,539,0,0,Bharat Mandru,missing,https://waytochurch.com/lyrics/song/29501
29504,Parishudhuda paripoornuda,పరిశుద్ధుడా పరిపూర్ణుడా,full,971,1188,0,0,Dr Jayapaul,in_library_lyric_line,https://waytochurch.com/lyrics/song/29504
29506,Sukumaruda jagamulanele paripalaka,సుకుమారుడా జగములనేలే పరిపాలక,none,636,0,0,0,Ps Abraham,missing,https://waytochurch.com/lyrics/song/29506
29508,Ashrayuda Naa Yesayya,ఆశ్రయుడా నా యేసయ్య,none,902,0,0,0,Ps Ramesh,missing,https://waytochurch.com/lyrics/song/29508
29530,Yesayya naa praanamaa ghanamaina stutigaanamaa,యేసయ్యా నా ప్రాణమా ఘనమైన స్తుతిగానమా,full,943,1176,0,0,Hosanna Ministries featuring Pastor Ramesh,missing,https://waytochurch.com/lyrics/song/29530
29531,Parishudhudaa paripoornudaa,పరిశుద్దుడా పరిపూర్ణుడా,full,545,730,0,0,Daniel Muchumarri,in_library_lyric_line,https://waytochurch.com/lyrics/song/29531
29535,Jeevamu Ga,జీవము గల దేవుని సంఘ,full,742,903,0,0,,in_library_contained,https://waytochurch.com/lyrics/song/29535
29536,Jeevaadhipathivi Neeve Naa,జీవాధిపతివి నీవే నా,full,452,543,0,0,,missing,https://waytochurch.com/lyrics/song/29536
29537,Jeevithamante Maata,జీవితమంటే మాటలు,full,695,819,0,0,,missing,https://waytochurch.com/lyrics/song/29537
29538,Jeevithaanthamu Varaku Neeke,జీవితాంతము వరకు నీకే,full,723,898,0,0,,in_library_contained,https://waytochurch.com/lyrics/song/29538
29539,Jeevinthu Nenu Ika Meedata,జీవింతు నేను ఇకమీదట,full,679,803,0,0,,in_library_contained,https://waytochurch.com/lyrics/song/29539
29540,Jaaligala Daivamaa Yesayyaa,జాలిగల దైవమా యేసయ్యా,full,466,566,0,0,,in_library_exact,https://waytochurch.com/lyrics/song/29540
29541,Siluva baruvaayena rudhiram dhaaralaayenaa,సిలువ బరువయెనా రుధిరం ధారలయేనా,full,405,507,0,0,Pastor Edurumondi John Chakravarthy,missing,https://waytochurch.com/lyrics/song/29541
29542,Jayinchuvaarini Konipova,జయించువారిని కొనిపోవ,full,391,455,0,0,,in_library_exact,https://waytochurch.com/lyrics/song/29542
29543,Sharonu rojave naa prana snehame,షారోను రోజావే నా ప్రాణ స్నేహమే,full,468,532,0,0,"ANU SAMUEL,  Pastor Nirmal Elroi (Tamil)",in_library_exact,https://waytochurch.com/lyrics/song/29543
29544,Minnayaina prema chupina yesayya,మిన్నయైన ప్రేమ చూపిన యేసయ్యా,full,607,703,0,0,Prabhod Kumar Adusumilli,missing,https://waytochurch.com/lyrics/song/29544
29545,Janminche Janminche yessaiah pasuvula pakalona,జన్మించె జన్మించె యేసయ్యా పశువుల పాకలోనా,full,706,839,0,0,,in_library_contained,https://waytochurch.com/lyrics/song/29545
29546,Janminche Janambu,జన్మించె జనంబులకు ఇమ్మానుయేల,full,404,486,0,0,,in_library_exact,https://waytochurch.com/lyrics/song/29546
29547,Padana sthothra keerthana,పాడనా స్తోత్ర కీర్తన పాడనా హృదయాలపన,full,550,667,0,2,WCM Kiran Paul,missing,https://waytochurch.com/lyrics/song/29547
29548,Jagamulanele Shree Yesaa,జగములనేలే శ్రీ యేసా,full,588,714,0,0,,in_library_exact,https://waytochurch.com/lyrics/song/29548
29549,Jai Jai Yesu Raajaa,జై జై యేసు రాజా,full,765,933,0,0,,missing,https://waytochurch.com/lyrics/song/29549
29550,Jai Jai Jai Yesayyaa,జై జై జై యేసయ్యా,full,521,595,0,0,,missing,https://waytochurch.com/lyrics/song/29550
29551,Ihaloka Paapi Koraku,ఇహలోక పాపి కొరక,full,214,252,0,0,,in_library_exact,https://waytochurch.com/lyrics/song/29551
29552,Ishraaye,ఇశ్రాయేలు సైన్యములకు ముంద,full,458,539,0,0,,in_library_contained,https://waytochurch.com/lyrics/song/29552
29553,Ishraayelu Raajuve,ఇశ్రాయేలు రాజువే,full,336,397,0,0,,in_library_exact,https://waytochurch.com/lyrics/song/29553
29554,Ishraayelu Devaa Naa,ఇశ్రాయేలు దేవా నా,full,690,900,0,0,,missing,https://waytochurch.com/lyrics/song/29554
29555,Immaanuye,ఇమ్మానుయేలు దేవుడా,full,304,364,0,0,,missing,https://waytochurch.com/lyrics/song/29555
29556,Innaallu Thodugaa Maatho,ఇన్నాళ్లు తోడుగా మాతో,full,408,503,0,0,,missing,https://waytochurch.com/lyrics/song/29556
29557,Neeku kaligina korikakai,నీవు కలిగిన కోరికకై,full,783,966,0,0,Praveen Paul,missing,https://waytochurch.com/lyrics/song/29557
29558,Iddarokkatiga Maareti,ఇద్దరొక్కటిగ మారేటి,full,623,770,0,0,,in_library_contained,https://waytochurch.com/lyrics/song/29558
29559,Idigo Nenuoka Noothana,ఇదిగో నేనొక నూతన,full,795,931,0,0,,missing,https://waytochurch.com/lyrics/song/29559
29560,Inna yellaaga maatho undi nadipinchavayya,ఇన్నేళ్ళుగా మాతో ఉండి నడిపించవయ్యా,full,641,788,0,2,Sister Nissy Paul,missing,https://waytochurch.com/lyrics/song/29560
29561,Idi Shubhodayam,ఇది శుభోదయం,full,332,398,0,0,,missing,https://waytochurch.com/lyrics/song/29561
29562,Idhe Naa Hrudhaya Vaanchana,ఇదే నా హృదయ వాంఛన,full,818,1014,0,0,,in_library_exact,https://waytochurch.com/lyrics/song/29562
29563,Idhi Devuni Nirnayamu,ఇది దేవుని నిర్ణయము,full,338,418,0,0,,in_library_exact,https://waytochurch.com/lyrics/song/29563
29564,Inthavaraku Neevu,ఇంతవరకు నీవు,full,489,605,0,0,,missing,https://waytochurch.com/lyrics/song/29564
29566,Inti Meeda Nunna Ontari,ఇంటి మీద నున్న ఒంటరి,full,432,527,0,0,,missing,https://waytochurch.com/lyrics/song/29566
29576,Neetho Unte Jeevitham,నీతో ఉంటే జీవితం,full,875,976,0,0,Raj Prakash paul,missing,https://waytochurch.com/lyrics/song/29576
29577,Pindamunai nenu naa thalli gharbamuna,పిండమునై నేను నా తల్లి గర్భమున,full,391,489,0,0,Surya Teja,missing,https://waytochurch.com/lyrics/song/29577
29578,Nee raktam challindi O Devaa,నీ రక్తం చల్లింది ఓ దేవా,full,863,1051,0,0,Raj Prakash Paul,missing,https://waytochurch.com/lyrics/song/29578
29579,Ey reethigaa ninu paadedhanu,ఏ రీతిగా నిను పాడెదను నా ఆశ్రయదుర్గమా,full,401,502,0,0,Paul Moses,missing,https://waytochurch.com/lyrics/song/29579
29581,Samardhuda Naa Yesaya,సమర్థుడా నా యేసయ్య,none,1267,0,0,0,Akshay Ezra Sastry Sonti,missing,https://waytochurch.com/lyrics/song/29581
29583,Neevu Thodaiyundagaa Yesu Bhayamu Ledu Ilalo,నీవు తోడైయుండగా,full,613,754,0,0,,missing,https://waytochurch.com/lyrics/song/29583
29584,Nee thyaagam naa viluvanu penchindhi,నీ త్యాగం నా విలువను పెంచింది,full,503,619,1,2,Pastor John Wesly,missing,https://waytochurch.com/lyrics/song/29584
29590,El Roi vai Nanu chudaga,ఎల్ రోయి వై నను చూడగా,none,456,0,0,0,Ps Nehemiah David,missing,https://waytochurch.com/lyrics/song/29590
29595,Visheshamaina Krupa Naa Yedala Choopuchunnavaa Prabhuvaa,విశేషమైన కృప,full,649,852,0,0,,missing,https://waytochurch.com/lyrics/song/29595
29596,Balavanthudaa dhanavanthudaa,బలవంతుడా ధనవంతుడా,full,458,578,0,3,A.R.Stevenson,missing,https://waytochurch.com/lyrics/song/29596
29597,Prathi udhayam nee krupanu,ప్రతి ఉదయం నీ కృపను,full,737,877,0,0,Daniel Surya Avula,missing,https://waytochurch.com/lyrics/song/29597
29598,Walk justly fill your heart with love,న్యాయముగా నడుచుకొని ప్రేమతొ హృదయము నింపుకొని,full,774,904,0,0,K.SatyaVeda Sagar,missing,https://waytochurch.com/lyrics/song/29598
29599,Pallavi,నీ కృప లేనిదే నీ దయ లేనిదే,full,370,460,0,0,Pastor. Samuel Nethala,missing,https://waytochurch.com/lyrics/song/29599
29600,Nee udaya kaantilo ne nadachivellada,నీ ఉదయ కాంతిలో నే నడచివెళ్ళెద,full,495,621,0,0,Lillian Christopher,missing,https://waytochurch.com/lyrics/song/29600
29601,Oo Oo Oo Oo Oo,దేవుడు చూస్తున్నాడు,full,1070,1218,0,0,,missing,https://waytochurch.com/lyrics/song/29601
29602,Tappipoyina gorrenu nenu,తప్పిపోయిన గొర్రెను నేను,full,354,417,2,2,Shyam Joseph,missing,https://waytochurch.com/lyrics/song/29602
29603,Jaalari jaalari jaalari jaalari jaalarivaa,జాలరి జాలరి జాలరి జాలరి జాలరివా యేసు జారి పోయిన వారి కోసం వచ్చేవా,full,356,429,0,0,Pastor B.Issac,missing,https://waytochurch.com/lyrics/song/29603
29605,Krupa Kaligina Vaadaa Neelo Nilichedanu,కృప కలిగిన వాడా నీలో నిలిచెదను,full,649,807,0,0,Bro.T.Vijayanand,missing,https://waytochurch.com/lyrics/song/29605
29606,Evaremanakuntunna nin aaradhistunna,ఎవరేమనుకుంటున్నా నిన్ ఆరాధిస్తున్న,full,688,773,0,0,Saahus Prince,missing,https://waytochurch.com/lyrics/song/29606
29607,Ela paadanu emi cheppanu,ఎలాపాడనూ ఏమిచెప్పనూ,full,640,971,2,2,,missing,https://waytochurch.com/lyrics/song/29607
29608,Pallavi,ఇదే కదా జీవితం నీ దరే సదా సాంత్వనం,full,629,807,0,0,Joshua Shaik,missing,https://waytochurch.com/lyrics/song/29608
29609,Athi Parishuddhudaa Sthuthi Naivedyamu,అతిపరిశుద్ధుడా స్తుతి నైవేద్యము,full,799,997,0,0,,in_library_exact,https://waytochurch.com/lyrics/song/29609
29651,Naa Baagaswamini Yeshua Jerusha,నా భాగస్వామిని,full,1155,1369,0,0,Joshi Ennam James & Prathima Ennam,missing,https://waytochurch.com/lyrics/song/29651
29657,Susadhyamega,సుసాధ్యమేగా,full,636,774,0,0,,missing,https://waytochurch.com/lyrics/song/29657
29658,Nee Sannidhi Chalu,మేఘస్తంభమైన సన్నిధిని రూపు మార్చగల సన్నిధిని,none,841,0,2,0,Evangelist Sam Prasad,in_library_exact,https://waytochurch.com/lyrics/song/29658
29659,Dhavala simhaasanam,ధవళ సింహాసనం,full,318,413,0,0,Prem Kodali,missing,https://waytochurch.com/lyrics/song/29659
29660,Gauravaneeyudaa Galileyavaada Yesayya ninnu ghanaparachedhanayya,గౌరవనీయుడా గలలీయవాడ యేసయ్య నిన్ను ఘనపరచెదనయ్య,full,371,489,2,2,John Sandeep,missing,https://waytochurch.com/lyrics/song/29660
29662,Evarunna lekunna naakemunna lekunna,ఎవరున్న లేకున్నా నాకేమున్నా లేకున్నా,partial,484,606,2,0,M. Manoj Kumar,missing,https://waytochurch.com/lyrics/song/29662
29685,Sari Cheyumo Devaa,సరిచేయుమో దేవా,full,488,583,0,0,Kranthi Chepuri,in_library_exact,https://waytochurch.com/lyrics/song/29685
29688,Sthiraparachuvaadavu Emaina cheyagalavu,స్థిరపరచువాడవు బలపరచువాడవు,full,522,642,0,0,Daniel Praneeth,in_library_exact,https://waytochurch.com/lyrics/song/29688
29698,Kruthagnatha sthrotharpanalu neeke chelinthunu,కృతజ్ఞత స్తోత్రార్పణలు నీకే చెల్లింతును,full,665,744,3,3,Suneeth Bobby,missing,https://waytochurch.com/lyrics/song/29698
29699,antha nee krupa,శూన్యమై ఉన్న నన్ను నూటికి నూరుపాలు చేసి,full,639,873,0,0,Prakash Halmidi,missing,https://waytochurch.com/lyrics/song/29699
29705,Asamanudu avamanaparachadu ninnu,అసామానుడైన వాడు అవమానపరచడు నిన్ను,full,921,1395,0,0,Pastor David Varma,missing,https://waytochurch.com/lyrics/song/29705
29709,Sthiraparachuvaadavu Balaparachuvaadavu,ఏమైనా చేయగలవు,full,532,665,0,0,,missing,https://waytochurch.com/lyrics/song/29709
29710,Adonai Suryodayamu Modhalokuni,సూర్యోదయము మొదలుకొని,full,1409,221,0,0,,missing,https://waytochurch.com/lyrics/song/29710
29716,kaaparivai nanu kachave,కాపరివై నన్ను కాచవే,full,772,1041,0,0,Ameeth Evans,missing,https://waytochurch.com/lyrics/song/29716
29720,Yese nee adharamu digulu chendaku,యేసే నీ ఆధారము దిగులు చెందకు,full,670,804,0,0,Anu Roy Samuel featuring Rufus Ganta,missing,https://waytochurch.com/lyrics/song/29720
29722,Nee Sannidhi anandhamu aadyanthamu,ఆనందము ఆద్యంతము,full,576,837,0,0,Kishore Kathula,missing,https://waytochurch.com/lyrics/song/29722
29723,Na Kosam Pranam Pettina,నా కోసం ప్రాణం పెట్టిన నా స్నేహితుడా,full,406,527,0,0,Pastor Paul Raju,missing,https://waytochurch.com/lyrics/song/29723
29727,Swasthaparachu Devudu Sarva Shakthimanthudu,స్వస్థపరచు దేవుడు,full,979,1189,0,0,,in_library_contained,https://waytochurch.com/lyrics/song/29727
29729,Swasthaparachu Devudu Sarva Shaktimanthudu,స్వస్థపరచు దేవుడు సర్వ శక్తిమంతుడు,full,934,1126,0,0,Kranthi Chepuri,in_library_exact,https://waytochurch.com/lyrics/song/29729
29730,Meriseti taaralaa nanu veliginchu,మెరిసేటి తారలా నను వెలిగించు,partial,511,633,2,0,"Joshua Shaik, Deva Prasad",missing,https://waytochurch.com/lyrics/song/29730
29732,Naa balamuga Kreesthu naakundaga,నా బలముగా క్రీస్తు నాకుండగా,full,510,591,0,0,Gersson Edinbaro,missing,https://waytochurch.com/lyrics/song/29732
29737,naa kosam,నాకోసం నీ ప్రాణం,full,414,654,0,0,Nathanael,missing,https://waytochurch.com/lyrics/song/29737
29740,lokamloni premalanni sasvatham kaavu,లోకములోని ప్రేమలన్ని శాశ్వతం కావు,none,800,0,0,0,,missing,https://waytochurch.com/lyrics/song/29740
29747,Aapatkalamuna tana parnashalalo,ఆపత్కాలమున తన పర్ణశాలలో,none,535,0,5,0,,missing,https://waytochurch.com/lyrics/song/29747
29752,కన్నీటితో నేను కడిగెదను,కన్నీటితో నేను కడిగెదను,none,389,0,0,0,,in_library_contained,https://waytochurch.com/lyrics/song/29752
29753,Ashaga unnadi,ఆశగా ఉన్నది,none,478,0,0,0,,missing,https://waytochurch.com/lyrics/song/29753
29758,జగములలో నీవే మా ప్రభు,జగములలో నీవే మా ప్రభు,none,1016,0,0,0,,missing,https://waytochurch.com/lyrics/song/29758
29760,Yesayya naa Nireekshana,యేసయ్యా నా నిరీక్షణ ఆధారమా,none,283,0,0,0,,missing,https://waytochurch.com/lyrics/song/29760
29761,Deyyamaa,దెయ్యమా దెయ్యమంటే నీకేంటి భయమా,none,0,0,0,0,,missing,https://waytochurch.com/lyrics/song/29761
29769,Neetho Naduthumu Ninne Koluthumu,నీతో నడుతుము,full,568,682,0,0,,missing,https://waytochurch.com/lyrics/song/29769
29773,E reethi sthuthinthunu,ఏ రీతి స్తుతింతును,none,738,0,0,0,,missing,https://waytochurch.com/lyrics/song/29773
29776,Abba ninne premisthuna,అబ్బా నిన్నే ప్రేమిస్తున్నా,none,496,0,0,0,,missing,https://waytochurch.com/lyrics/song/29776
29777,ascharyakaruda naa yesaiah,ఆశ్చర్యకరుడా నా యేసయ్యా,none,438,0,0,0,,missing,https://waytochurch.com/lyrics/song/29777
29781,Oohakandadayya Nee Karyamu,ఊహ కందదయ్యా నీ కార్యము,none,593,0,0,0,,missing,https://waytochurch.com/lyrics/song/29781
29786,నీ ప్రేమ నాకు కావాలయ్యా,నీ ప్రేమ నాకు కావాలయ్యా,none,1143,0,0,0,,missing,https://waytochurch.com/lyrics/song/29786
29793,Nee Krupaye Naa Jeevithamu,నీ కృపయే నా జీవితము,none,1350,0,3,0,Sirisha Grace,missing,https://waytochurch.com/lyrics/song/29793
29794,ముందుకే వెళ్లెదను,ముందుకే వెళ్లెదను,none,492,0,0,0,,missing,https://waytochurch.com/lyrics/song/29794
29800,తల్లి వడిలో పవలించె బిడ్డవలే,తల్లి వడిలో పవలించె బిడ్డవలే,none,1290,0,0,0,,missing,https://waytochurch.com/lyrics/song/29800
29801,Doothalu Digivache,దూతలు దిగివచ్చే,none,421,0,0,0,,missing,https://waytochurch.com/lyrics/song/29801
29805,Nenaithe Nee Krupayandhu,నేనైతే నీకృపయందు,none,622,0,0,0,,missing,https://waytochurch.com/lyrics/song/29805
29808,Naa hrudayam neetho nindene,నా హృదయం నీతో నిండనే,none,1145,0,0,0,,missing,https://waytochurch.com/lyrics/song/29808
29809,abraham gari viswasam,అబ్రాహాము గారి విశ్వాసం,none,1036,0,0,0,,missing,https://waytochurch.com/lyrics/song/29809
29816,jeevahaaramu kreesthe kreesthe jeevadhipathi,జీవాహారము క్రీస్తే జీవాధిపతి శ్రీ యేసే,none,660,0,0,0,,missing,https://waytochurch.com/lyrics/song/29816
29822,raraju puttenu nigilo thara velisenu,రారాజు పుట్టెను నింగిలో తార వెలిసేను,none,1184,0,0,0,PREM EVAN D,missing,https://waytochurch.com/lyrics/song/29822
29823,NEEVU LEKA KSHANAMAINA,నీవు లేక క్షణమైనా నిలువ లేను,none,595,0,0,0,PREM EVAN D,missing,https://waytochurch.com/lyrics/song/29823
29828,anandhinchudi,ఆనందించుడి,none,323,0,0,0,,unusable-title,https://waytochurch.com/lyrics/song/29828
29831,Santhosha Sambarame,క్రీస్తుజన్మించె నేడు కాంతి ఉదయించెనే,none,516,0,0,0,,missing,https://waytochurch.com/lyrics/song/29831
29832,Dharanilo Velasindu La,ధరణిలో వెలసినాడు,none,1319,0,0,0,,missing,https://waytochurch.com/lyrics/song/29832
29833,Parisaraana Sasyamantha Hymnal,కోత విస్తారమేగాని పనివారు కొద్దిగా ఉన్నారు,none,325,0,3,0,Translated : Kollkapu gopal Rao | Original Lyrics: O J Thompson,missing,https://waytochurch.com/lyrics/song/29833
29842,preme naa maargam dheva,ప్రేమే నా మార్గం దేవా,none,403,0,0,0,,missing,https://waytochurch.com/lyrics/song/29842
29846,thalli marachina thandri vidachina,తల్లి మరచిన తండ్రి విడచిన,none,890,0,0,0,,in_library_lyric_line,https://waytochurch.com/lyrics/song/29846
29847,STOTRARHUDA NA YESAYYA,స్తోత్రార్హుడా నా యేసయ్యా,none,847,0,5,0,,in_library_contained,https://waytochurch.com/lyrics/song/29847
29852,Karunathmude kadilochchade,కరుణాత్ముడే కదిలొచ్చాడే,none,693,0,2,0,,missing,https://waytochurch.com/lyrics/song/29852
29856,sarvalokana santhosham,సర్వలోకాన సంతోషమే,none,948,0,0,0,,missing,https://waytochurch.com/lyrics/song/29856
29857,endamavule jeevanadhulai,ఎండమావులే జీవనదులై,none,1173,0,0,0,,missing,https://waytochurch.com/lyrics/song/29857
29860,kanikara poornuda na yesaiah,కనికర పూర్ణుడా నా యెసయ్యా,none,1114,0,0,0,,missing,https://waytochurch.com/lyrics/song/29860
29875,లోకమునకు వెలుగుగా 0,లోకమునకు వెలుగుగా 0,none,569,0,0,0,,missing,https://waytochurch.com/lyrics/song/29875
29876,Janminchenu Emmanuelu,జన్మించేను ఇమ్మానుయేలు,full,708,783,0,0,Ps.Divya David,missing,https://waytochurch.com/lyrics/song/29876
29877,దేవా మా కుటుంబము నీ సేవకే అంకితము,దేవా మా కుటుంబము నీ సేవకే అంకితము,none,1195,0,0,0,,in_library_exact,https://waytochurch.com/lyrics/song/29877
29878,నీవు లేని క్షణము,నీవు లేని క్షణము,none,1640,0,0,0,,missing,https://waytochurch.com/lyrics/song/29878
29879,Andhala bala yesu,అందాల బాల యేసు అందరికి వెలుగునిచ్చె,none,0,0,0,0,Traditional Telugu Christmas Church Song (Public Domain – Lyricist Unknown),missing,https://waytochurch.com/lyrics/song/29879
29893,చక్కనివాడమ్మ,చక్కనివాడమ్మ,none,964,0,0,0,Karipothu Veerraju,missing,https://waytochurch.com/lyrics/song/29893
29894,యూదుల రాజుగ,యూదుల రాజుగ,none,949,0,0,0,,missing,https://waytochurch.com/lyrics/song/29894
29895,యేసు యేసు గొప్ప రాజు,యేసు యేసు గొప్ప రాజు,none,1531,0,0,0,,missing,https://waytochurch.com/lyrics/song/29895
29907,vandhanalayya vandanalaya,వందనాలయ్యా వందనాలయ్యా,none,2202,0,0,0,,in_library_lyric_line,https://waytochurch.com/lyrics/song/29907
29908,Nuthana samvatsaramulo naidoinchu prabhuva,నూతన సంవత్సరములో నడిపించుము ప్రభువా,none,1798,0,0,0,Sis. Swaroopa Pradeep,missing,https://waytochurch.com/lyrics/song/29908
29911,pravachana saramu prabavinchenu ilalona,ప్రవచేన సారము ప్రభవించెను ఇలలోన,none,866,0,0,0,,missing,https://waytochurch.com/lyrics/song/29911
29917,JALARI PANDUGA,జాలరి పండుగ,none,2370,0,0,0,DR. R. SANTHI JYOTHI KUMAR,missing,https://waytochurch.com/lyrics/song/29917
29918,చేప కడుపులో యోనా,చేప కడుపులో యోనా,none,946,0,0,0,,missing,https://waytochurch.com/lyrics/song/29918
29925,Viswadhipathi vani pogadi,విశ్వాధిపతివని పొగిడి శోధను వివరించెదను,none,2362,0,0,0,BRO.PRAKASH GARU,missing,https://waytochurch.com/lyrics/song/29925
29926,gathinchina kaalamantha,గతించిన కాలమంతా,none,1783,0,0,0,BRO.CH.SIVA,missing,https://waytochurch.com/lyrics/song/29926
29929,Yesu raju janminchinadu nee kosam,యేసు రాజు జన్మించినాడు నీకోసం,none,1520,0,0,0,,missing,https://waytochurch.com/lyrics/song/29929
29932,bhayamesthunchi yessaya,భయమేస్తుంది యేసయ్య భయానికి జవాబు యేసు,none,1072,0,0,0,,missing,https://waytochurch.com/lyrics/song/29932
29933,lokanike shubavartha,లోకానికే శుభవార్త,none,1620,0,0,0,,missing,https://waytochurch.com/lyrics/song/29933
29934,neelanti prema evvaru chupaleru,నీలాంటి ప్రేమ ఎవరు చూపలేరు ​ ​,none,942,0,0,0,,missing,https://waytochurch.com/lyrics/song/29934
29935,aaradhananku arhuda,ఆరాధనకు అర్హుడు,none,2052,0,0,0,Sis. Priscilla Robert,missing,https://waytochurch.com/lyrics/song/29935
29938,andukonuma swagatham,అందుకొనుమా స్వాగతం,none,362,0,0,0,,missing,https://waytochurch.com/lyrics/song/29938
29939,dhevude yesu dhevude nazareyudaina yesu,దేవుడే యేసు దేవుడే నజరేయుడైన యేసు,none,1093,0,0,0,,missing,https://waytochurch.com/lyrics/song/29939
29940,yesu kristhu prabhuvu andhariki prabhuvu,యేసు క్రీస్తు ప్రభువు అందరికీ ప్రభువు,none,2036,0,0,0,,missing,https://waytochurch.com/lyrics/song/29940
29966,inthakaalam mammunu,ఇంతకాలం మమ్మును,none,1663,0,0,0,Pastor Daniel Raju P,missing,https://waytochurch.com/lyrics/song/29966
29971,NAA VIJAYA SAARADHI NEEVE,నా విజయ సారథి నీవే,none,1799,0,0,0,,missing,https://waytochurch.com/lyrics/song/29971
29972,nutan vatsar subhavelalo,నూతన వత్సర శుభవేళలో,none,429,0,0,0,,missing,https://waytochurch.com/lyrics/song/29972
29973,ప్రభువా దృష్టించుము నాకు ఇబ్బంది కలిగెను,ప్రభువా దృష్టించుము నాకు ఇబ్బంది కలిగెను,none,1043,0,0,0,-,missing,https://waytochurch.com/lyrics/song/29973
29977,ప్రేమస్వరూపుడా,ప్రేమస్వరూపుడా,none,2116,0,0,0,,missing,https://waytochurch.com/lyrics/song/29977
29978,సార్వభౌముడా నా యేసయ్యా,సార్వభౌముడా నా యేసయ్యా,none,652,0,0,0,,missing,https://waytochurch.com/lyrics/song/29978
29979,vachindhi kotha samvacharam,వచ్చిందీ కొత్త సంవత్సరం,none,1307,0,0,0,,missing,https://waytochurch.com/lyrics/song/29979
29987,kruthagnatha sthuthulu neekenayya,కృతజ్ఞతస్తుతులు నీకేనయ్య,none,1842,0,0,0,Kondapally Anand kumar,in_library_contained,https://waytochurch.com/lyrics/song/29987
29988,AADHARANAKARTHA,నీ కన్నులు నన్ను చూచినవి యేసయ్యా,none,1637,0,0,0,,missing,https://waytochurch.com/lyrics/song/29988
29989,na sthiraadharudaina yessaya,నా స్థిరాధారుడా యేసయ్య,none,1905,0,0,0,PS. John Halleluia Garu,missing,https://waytochurch.com/lyrics/song/29989
29990,మరణమా జీవమా ఏది కోరుకుంది,మరణమా జీవమా ఏది కోరుకుంది,none,817,0,0,0,,missing,https://waytochurch.com/lyrics/song/29990
29991,నా దేవా నే నీతో ఉంటా ప్రతిక్షణం,నా దేవా నే నీతో ఉంటా ప్రతిక్షణం,none,1287,0,0,0,,missing,https://waytochurch.com/lyrics/song/29991
29992,న్యాయాధిపతి ॥,న్యాయాధిపతి ॥,none,1958,0,0,0,,unusable-title,https://waytochurch.com/lyrics/song/29992
30002,yesayya naa rajadhiraja,యేసయ్యా నా రాజాధిరాజా,none,946,0,0,0,Kurinela Pavan,missing,https://waytochurch.com/lyrics/song/30002
30008,na gaanam neevaiah,నా గానం నీవయ్యా,none,1056,0,0,0,,missing,https://waytochurch.com/lyrics/song/30008
30009,nee krupa lenidhe ne brathukagalana,నీ కృప లేనిదే నే బ్రతుకగలనా,none,1646,0,0,0,Naresh Rapaka,missing,https://waytochurch.com/lyrics/song/30009
30010,అనుభవించే ప్రతి యివి,అనుభవించే ప్రతి యివి,none,1835,0,0,0,,missing,https://waytochurch.com/lyrics/song/30010
30011,ఆదరించే వారు లేక,ఆదరించే వారు లేక,none,1462,0,0,0,,missing,https://waytochurch.com/lyrics/song/30011
30019,Yesu na sonthamai,యేసు నా సొంతమై,none,453,0,3,0,,missing,https://waytochurch.com/lyrics/song/30019
30024,నా పక్షమందు,నా పక్షమందు,none,1658,0,0,0,Pas.Ch.Kishore Babu Garu,missing,https://waytochurch.com/lyrics/song/30024
30025,nivu chesina upakaramulakai,నీవు చేసిన ఉపకారములకై,none,1196,0,0,0,**Bro. Krupa Rao Garu**,in_library_exact,https://waytochurch.com/lyrics/song/30025
30054,ప్రేమే జగతికి మూలం – యేసు క్రీస్తు ప్రేమ,ప్రేమే జగతికి మూలం – యేసు క్రీస్తు ప్రేమ,none,457,0,0,0,,missing,https://waytochurch.com/lyrics/song/30054
30058,vacchestunnadu yesu vacchestunnadu,వచ్చేస్తున్నాడు యేసు వచ్చేస్తున్నాడు,none,1309,0,0,0,,missing,https://waytochurch.com/lyrics/song/30058
30066,యేసు చెప్పెను నేనే మార్గము సత్యము జీవము,యేసు చెప్పెను నేనే మార్గము సత్యము జీవము,none,373,0,0,0,,missing,https://waytochurch.com/lyrics/song/30066
30067,I Naresh Rapaka,నీ మాటే నాకు ప్రాణం,none,1096,0,0,0,,missing,https://waytochurch.com/lyrics/song/30067
30083,స్తుతి కీర్తనలకు పాత్రుడైన,స్తుతి కీర్తనలకు పాత్రుడైన,none,1262,0,0,0,,missing,https://waytochurch.com/lyrics/song/30083
30084,పిలచిన వాడవు,పిలచిన వాడవు,none,1201,0,0,0,BROTHER JOHN BANIAN { 90106 17955 },missing,https://waytochurch.com/lyrics/song/30084
30089,యేసయ్యా… నన్ను వదలవు నీవు,యేసయ్యా… నన్ను వదలవు నీవు,none,1060,0,0,0,,missing,https://waytochurch.com/lyrics/song/30089
30095,దేవుని ఇష్టం,దేవుని ఇష్టం,none,1649,0,0,0,Br. Pastham Srinivas garu,missing,https://waytochurch.com/lyrics/song/30095
30096,కృపయే కదా,కృపయే కదా,none,2156,0,0,0,,unusable-title,https://waytochurch.com/lyrics/song/30096
30120,నాకష్ట కాలములో ట్రాక్,నాకష్ట కాలములో ట్రాక్,none,694,0,0,0,,missing,https://waytochurch.com/lyrics/song/30120
30121,బ్రతికించుకుంటాను,బ్రతికించుకుంటాను,none,1517,0,0,0,Sirivella Hanoch,missing,https://waytochurch.com/lyrics/song/30121
30125,విరిగిన నన్ను విలువగా మార్చిన యేసయ్యా,విరిగిన నన్ను విలువగా మార్చిన యేసయ్యా,none,289,0,0,0,,missing,https://waytochurch.com/lyrics/song/30125
30126,యేసయ్యా… నువ్వే నా ఆశ,యేసయ్యా… నువ్వే నా ఆశ,none,991,0,0,0,,missing,https://waytochurch.com/lyrics/song/30126
30129,చింత దండగ,చింత దండగ,none,1266,0,0,0,Dr. Victor Rampogu,unusable-title,https://waytochurch.com/lyrics/song/30129
30133,దావీదు వలెనే నాట్యమాడి,దావీదు వలెనే నాట్యమాడి,none,1108,0,0,0,- Jesus songs Telugu,missing,https://waytochurch.com/lyrics/song/30133
30134,కృప కలుగును గాక,కృప కలుగును గాక,none,2278,0,0,0,Jonah Samuel,missing,https://waytochurch.com/lyrics/song/30134
30135,paripoornuda na yessaiah,పరిపూర్ణుడా నాయేసయ్యా,none,586,0,3,0,Pastor.Vatam Samuel,missing,https://waytochurch.com/lyrics/song/30135
30141,asayam neeve yessaiah adharam neve messaiah,ఆశ్రయం నీవే యేసయ్యా ఆధారం నీవే మెస్సయ్యా,none,651,0,0,0,Bro N Pradeep Reddy (WayToParadise),missing,https://waytochurch.com/lyrics/song/30141
30147,shalemu raja na yessaiah,షాలేము రాజా నా యేసయ్యా,none,374,0,2,0,Sister Angel,missing,https://waytochurch.com/lyrics/song/30147
30148,na hrudhayam nee padhala dhagare,నా హృదయం నీ పాదాల దగ్గరే,none,1070,0,0,0,,missing,https://waytochurch.com/lyrics/song/30148
30153,entha kalamo e andhakaramu,ఎంత కాలమో ఈ అంధకారము,none,287,0,0,0,,missing,https://waytochurch.com/lyrics/song/30153
30154,kalataleni nidu prema,కలతలేని నీదు ప్రేమ,none,660,0,0,0,,missing,https://waytochurch.com/lyrics/song/30154
30155,సిలువ వరకు వచ్చిన ప్రేమ,సిలువ వరకు వచ్చిన ప్రేమ,none,1929,0,0,0,,missing,https://waytochurch.com/lyrics/song/30155
30164,వ్యర్థము వ్యర్థం సర్వము,వ్యర్థము వ్యర్థం సర్వము,none,738,0,8,0,,missing,https://waytochurch.com/lyrics/song/30164
30165,అంతము సమీపమైయున్నది,అంతము సమీపమైయున్నది,none,699,0,3,0,,missing,https://waytochurch.com/lyrics/song/30165
30166,పరిశుద్ధాత్మునిచే రేపబడుదాం రారాజు సైన్యమా మేల్కొనుము,పరిశుద్ధాత్మునిచే రేపబడుదాం రారాజు సైన్యమా మేల్కొనుము,none,1359,0,0,0,,missing,https://waytochurch.com/lyrics/song/30166
30167,మరణానికే,మరణానికే,none,475,0,0,0,,unusable-title,https://waytochurch.com/lyrics/song/30167
30168,ఎన్ని తలచినా ఏదిఅడిగినా కన్నీరు తెప్పించే ఆరాధన గీతం,ఎన్ని తలచినా ఏదిఅడిగినా కన్నీరు తెప్పించే ఆరాధన గీతం,none,1240,0,0,0,,missing,https://waytochurch.com/lyrics/song/30168
30169,నీవే నా దిక్కు,నీవే నా దిక్కు,none,1513,0,0,0,,missing,https://waytochurch.com/lyrics/song/30169
30170,నీ సిలువే నా ఆశ,నీ సిలువే నా ఆశ,none,417,0,0,0,,missing,https://waytochurch.com/lyrics/song/30170
30184,ఎంత మంచి ప్రేమ నీది యేసయ్య,ఎంత మంచి ప్రేమ నీది యేసయ్య,none,1535,0,0,0,,in_library_exact,https://waytochurch.com/lyrics/song/30184
30185,ఏముంది నాలో నీ పరిశుద్ధత లేదే –,ఏముంది నాలో నీ పరిశుద్ధత లేదే –,none,1564,0,0,0,,missing,https://waytochurch.com/lyrics/song/30185
30186,దేవుని కంఠస్వరము సంఘమా గుర్తుపట్టాలి,దేవుని కంఠస్వరము సంఘమా గుర్తుపట్టాలి,none,1345,0,0,0,,missing,https://waytochurch.com/lyrics/song/30186
30187,। ద్రాక్ష తోట నీది ।,। ద్రాక్ష తోట నీది ।,none,301,0,2,0,,missing,https://waytochurch.com/lyrics/song/30187
30188,ప్రార్థన చేయాలని ఆశగా ఉందయ్యా,ప్రార్థన చేయాలని ఆశగా ఉందయ్యా,none,676,0,0,0,,missing,https://waytochurch.com/lyrics/song/30188
30196,యోగ్యుడనా నేను అర్హుడనా☦,యోగ్యుడనా నేను అర్హుడనా☦,none,1456,0,0,0,Bro. Solomanraju,missing,https://waytochurch.com/lyrics/song/30196
30201,కలువరి గిరిలోన,కలువరి గిరిలోన,none,1522,0,0,0,Nagaraju Bandela,missing,https://waytochurch.com/lyrics/song/30201
30203,దేవా నీకే నా స్తుతి పాడెదన్,దేవా నీకే నా స్తుతి పాడెదన్,full,831,994,3,3,,missing,https://waytochurch.com/lyrics/song/30203
30204,ధవళ వర్ణుడు,ధవళ వర్ణుడు,none,578,0,0,0,Bro.Murali,missing,https://waytochurch.com/lyrics/song/30204
30223,విరిగి నలిగిన హృదయము,విరిగి నలిగిన హృదయము,none,2141,0,0,0,M John Bhaskar,in_library_contained,https://waytochurch.com/lyrics/song/30223
30230,మానవ జాతికి మనసుననీతి,మానవ జాతికి మనసుననీతి,none,825,0,0,0,,missing,https://waytochurch.com/lyrics/song/30230
30231,పస్కాబలియాగం,పస్కాబలియాగం,none,1848,0,0,0,Elder T.Solomon Raj garu,missing,https://waytochurch.com/lyrics/song/30231
30232,మా నిధులు నీ మహిమలో,మా నిధులు నీ మహిమలో,none,1287,0,0,0,,missing,https://waytochurch.com/lyrics/song/30232
30233,యేసయ్య ఓ నా యేసయ్య,యేసయ్య ఓ నా యేసయ్య,none,1525,0,0,0,,missing,https://waytochurch.com/lyrics/song/30233
30236,కనికర కాపరి క్రీస్తు కనికరము కొరకు కనిపెట్టుచు,కనికర కాపరి క్రీస్తు కనికరము కొరకు కనిపెట్టుచు,none,1271,0,0,0,,missing,https://waytochurch.com/lyrics/song/30236
30237,Divya Sakhuda,సఖుడా దివ్య సఖుడా,none,1451,0,0,0,,missing,https://waytochurch.com/lyrics/song/30237
30242,అంతరంగ పురుషుడు సాధుగుణం,అంతరంగ పురుషుడు సాధుగుణం,none,1294,0,0,0,,missing,https://waytochurch.com/lyrics/song/30242
30243,పంపుము దేవా పనివారలను – పంటను కోయుటకు,పంపుము దేవా పనివారలను – పంటను కోయుటకు,none,1077,0,0,0,Ps. D. John Augustine Garu 🙏,missing,https://waytochurch.com/lyrics/song/30243
30244,యేసయ్యా నీ ప్రేమ గొప్పది,యేసయ్యా నీ ప్రేమ గొప్పది,none,1083,0,0,0,,missing,https://waytochurch.com/lyrics/song/30244
30251,Ninu matrame ne nammanaya,నిను మాత్రమే నే నమ్మానయా,full,578,701,3,3,John J,missing,https://waytochurch.com/lyrics/song/30251
30257,గడచిన కాలం కృపలో మమ్ము,గడచిన కాలం కృపలో మమ్ము,none,1136,0,0,0,,missing,https://waytochurch.com/lyrics/song/30257
30258,ఏ క్షణమున ఏమౌనో,ఏ క్షణమున ఏమౌనో,none,1962,0,0,0,,missing,https://waytochurch.com/lyrics/song/30258
30263,ఎలోహీం ఎల్షద్దాయి అదోనై,ఎలోహీం ఎల్షద్దాయి అదోనై,none,385,0,0,0,,missing,https://waytochurch.com/lyrics/song/30263
30264,siluvalo sagindhi yatra,సిలువలో సాగింది యాత్ర,none,584,0,0,0,Traditional Telugu Christian Worship Song,in_library_exact,https://waytochurch.com/lyrics/song/30264
30265,భవిష్యద్ జ్ఞానము పై నుండి వచ్చు జ్ఞానము,భవిష్యద్ జ్ఞానము పై నుండి వచ్చు జ్ఞానము,none,741,0,0,0,,missing,https://waytochurch.com/lyrics/song/30265
30270,ఆనంద గీతాలు నే పాడుతు,ఆనంద గీతాలు నే పాడుతు,none,1193,0,0,0,,missing,https://waytochurch.com/lyrics/song/30270
30271,ఆ పసిపిల్లలు చేసిన తప్పేంటి,ఆ పసిపిల్లలు చేసిన తప్పేంటి,none,1055,0,0,0,Vikas Ravuri,missing,https://waytochurch.com/lyrics/song/30271
30275,నీవే కావాలేసయ్యా,నీవే కావాలేసయ్యా,none,1866,0,0,0,,missing,https://waytochurch.com/lyrics/song/30275
30276,వర్ధిల్లేదన్,వర్ధిల్లేదన్,none,430,0,0,0,,missing,https://waytochurch.com/lyrics/song/30276
30277,యేసయ్య నన్ను కనికరించావా,యేసయ్య నన్ను కనికరించావా,none,926,0,0,0,-,missing,https://waytochurch.com/lyrics/song/30277
30278,దావీదు కుమారుడా,దావీదు కుమారుడా,none,1152,0,0,0,,missing,https://waytochurch.com/lyrics/song/30278
30283,జీవజలపు ఊటవు నీవే,జీవజలపు ఊటవు నీవే,none,1120,0,0,0,,missing,https://waytochurch.com/lyrics/song/30283
30284,దేవుని వారసులము క్రీస్తులో నిత్యజీవ రాజ్య వారసులము,దేవుని వారసులము క్రీస్తులో నిత్యజీవ రాజ్య వారసులము,none,1027,0,0,0,,missing,https://waytochurch.com/lyrics/song/30284
30290,నీకిష్టమైది కావాలి దేవునికి,నీకిష్టమైది కావాలి దేవునికి,none,1072,0,0,0,,missing,https://waytochurch.com/lyrics/song/30290
30291,లోకాన్ని మోసింది యేసయ్య సిలువ,లోకాన్ని మోసింది యేసయ్య సిలువ,none,1275,0,0,0,Anand Kumar Kattula,missing,https://waytochurch.com/lyrics/song/30291
30297,యేసు రక్తము రక్తము రక్తము ✝,యేసు రక్తము రక్తము రక్తము ✝,none,1047,0,0,0,,in_library_exact,https://waytochurch.com/lyrics/song/30297
30298,నా భారాన్ని నీ పాదాల దగ్గర ఉంచాను యేసయ్య,నా భారాన్ని నీ పాదాల దగ్గర ఉంచాను యేసయ్య,none,680,0,0,0,,missing,https://waytochurch.com/lyrics/song/30298
30303,సృష్టికర్త దేవుడు కృపకలిగిన దేవుడు,సృష్టికర్త దేవుడు కృపకలిగిన దేవుడు,none,796,0,0,0,,missing,https://waytochurch.com/lyrics/song/30303
30305,క్షమించుమో ప్రభో,క్షమించుమో ప్రభో,none,1184,0,0,0,Sis. Prasanthi Mortha,missing,https://waytochurch.com/lyrics/song/30305
30306,సిలువ పై నివేదన,సిలువ పై నివేదన,none,1533,0,0,0,,missing,https://waytochurch.com/lyrics/song/30306
30307,జ్ఞాపకార్థ గీతం ప్రథమ వర్ధంతి,జ్ఞాపకార్థ గీతం ప్రథమ వర్ధంతి,none,385,0,0,0,,missing,https://waytochurch.com/lyrics/song/30307
30315,శరణం ప్రభువా,శరణం ప్రభువా,none,1212,0,0,0,Ps. Abhishek Devadas,missing,https://waytochurch.com/lyrics/song/30315
30316,నాలోనే నీవు ఉన్నావు యేసయ్య,నాలోనే నీవు ఉన్నావు యేసయ్య,none,1024,0,0,0,,missing,https://waytochurch.com/lyrics/song/30316
30320,Stutiganamu Chesedan,స్తుతిగానము చేసెదన్,none,558,0,0,0,Dr.Satish Kumar Garu,in_library_contained,https://waytochurch.com/lyrics/song/30320
30321,పరవశమై సర్వశక్తుని దర్శన భాగ్యము పొందుము,పరవశమై సర్వశక్తుని దర్శన భాగ్యము పొందుము,none,1332,0,0,0,,missing,https://waytochurch.com/lyrics/song/30321
30322,అద్భుత కృప నన్ను కాపాడెను,అద్భుత కృప నన్ను కాపాడెను,none,784,0,0,0,-,missing,https://waytochurch.com/lyrics/song/30322
30323,సమస్త జనులరా యెహోవాకు ఉత్సాహధ్వని చేయుడి,సమస్త జనులరా యెహోవాకు ఉత్సాహధ్వని చేయుడి,none,1045,0,0,0,,missing,https://waytochurch.com/lyrics/song/30323
30326,నా సహాయకుడు,నా సహాయకుడు,none,1470,0,0,0,PASTOR KORNELI,missing,https://waytochurch.com/lyrics/song/30326
30329,kaluvarilo chindinpabadenu yesu raktamu,కలువరిలో చిందింపబడెను యేసు రక్తము,none,825,0,0,0,,missing,https://waytochurch.com/lyrics/song/30329
30333,కరములే కరములు యేసయ్యా,కరములే కరములు యేసయ్యా,none,936,0,0,0,,missing,https://waytochurch.com/lyrics/song/30333
30334,సమాప్తము,సమాప్తము,none,1596,0,0,0,,unusable-title,https://waytochurch.com/lyrics/song/30334
30335,👉 దేవుని ఉగ్రత 🔥 నా మహిమను దోచుకున్నవాడా… మేలుకో,👉 దేవుని ఉగ్రత 🔥 నా మహిమను దోచుకున్నవాడా… మేలుకో,none,1447,0,0,0,,missing,https://waytochurch.com/lyrics/song/30335
30350,జగములనేలె పరిపాలకతెలుగు క్రిస్టియన్ సాంగ్,జగములనేలె పరిపాలకతెలుగు క్రిస్టియన్ సాంగ్,none,2026,0,0,0,,missing,https://waytochurch.com/lyrics/song/30350
30351,కుమ్మరించుము నీ ఆత్మను నాపై,కుమ్మరించుము నీ ఆత్మను నాపై,none,925,0,0,0,,missing,https://waytochurch.com/lyrics/song/30351
30352,సమానులెవరు ప్రభో ఆంధ్ర క్రైస్తవ కీర్తనలు,సమానులెవరు ప్రభో ఆంధ్ర క్రైస్తవ కీర్తనలు,none,573,0,0,0,,missing,https://waytochurch.com/lyrics/song/30352
30353,నోరు తెరువని ప్రేమ,నోరు తెరువని ప్రేమ,none,562,0,2,0,,missing,https://waytochurch.com/lyrics/song/30353
30357,Chupinava nidhu Prema,చూపినావా నీదు ప్రేమ,none,588,0,0,0,,missing,https://waytochurch.com/lyrics/song/30357
30358,yesulone sampoornatha,యేసులోనే సంపూర్ణత,none,828,0,0,0,,missing,https://waytochurch.com/lyrics/song/30358
30359,Annivelala Anandame,అన్నివేళలా ఆనందమే,none,403,0,0,0,Pastor P.V. Moses Rao,missing,https://waytochurch.com/lyrics/song/30359
30361,maranamu gelachina na dhivama,మరణము గెలిచిన నా దైవమా,none,1580,0,0,0,Bro. Nissi Samuel Lingibheri,missing,https://waytochurch.com/lyrics/song/30361
30362,మరణాన్ని గెలిచినోడు,మరణాన్ని గెలిచినోడు,none,1526,0,0,0,MARANAANNI GELACHINODU,missing,https://waytochurch.com/lyrics/song/30362
30371,ఇశ్రాయేలు కాపరి,ఇశ్రాయేలు కాపరి,none,1962,0,0,0,,missing,https://waytochurch.com/lyrics/song/30371
30374,ప్రేమకు ప్రతిఫలముప్రాణ త్యాగమా,ప్రేమకు ప్రతిఫలముప్రాణ త్యాగమా,none,477,0,0,0,,missing,https://waytochurch.com/lyrics/song/30374
30384,ఇమ్మానుయేలనువాడా ఉన్నావు నాతోడు,ఇమ్మానుయేలనువాడా ఉన్నావు నాతోడు,none,858,0,0,0,Dr. M.Moses,missing,https://waytochurch.com/lyrics/song/30384
30388,దివ్య తేజోమయ యేసయ్య,దివ్య తేజోమయ యేసయ్య,none,1637,0,0,0,,missing,https://waytochurch.com/lyrics/song/30388
30396,Rajadhi Raju Mahimaanvithudu,రాజాధి రాజు మహిమాన్వితుడై,full,649,760,0,0,"Pr. P. P. Mathew, Paippad",missing,https://waytochurch.com/lyrics/song/30396
30398,Aaradhana chethunu anni veylalaa,ఆరాధన చేతును అన్ని వేళలా,full,548,688,0,0,Bro Palaparthi Prabhudas,missing,https://waytochurch.com/lyrics/song/30398
