wtc_id,wtc_title,verdict,library_song_id,library_song_name,fuzzy_score,url
3,పరిశుద్ద పరిశుద్ద ప్రభువా,in_library_contained,547,Parishuddha Parishuddha,,https://waytochurch.com/lyrics/song/3/పరిశుద్ద-పరిశుద్ద-ప్రభువా
4,అందాల తార అరుదెన్ఛె నాకై,in_library_contained,138,Andaala Thaara,,https://waytochurch.com/lyrics/song/4/అందాల-తార-అరుదెన్ఛె-నాకై
5,అపరాదిని యేసయ్యా,in_library_exact,1427,Aparaadhini Yesayyaa,,https://waytochurch.com/lyrics/song/5/అపరాదిని-యేసయ్యా
6,ఆడెదన్ పాడెదన్,missing,,,,https://waytochurch.com/lyrics/song/6/ఆడెదన్-పాడెదన్
7,అత్యునత సింహాసనము పై,in_library_contained,507,Athyunnatha Simhaasanumpai,,https://waytochurch.com/lyrics/song/7/అత్యునత-సింహాసనము-పై
8,అన్ని నమముల కన్న పై నమము,in_library_lyric_line,39,Yesu Naamam,,https://waytochurch.com/lyrics/song/8/అన్ని-నమముల-కన్న-పై-నమము
9,"ఆరాధించెదను నిన్ను, నా యేసయ్య",in_library_contained,132,Aaraadhinchedanu Ninnu,,"https://waytochurch.com/lyrics/song/9/ఆరాధించెదను-నిన్ను,-నా-యేసయ్య-"
21,ఆలయంలో ప్రవేశించండి అందరూ,in_library_exact,348,Aalayamlo Praveshinchandi,,https://waytochurch.com/lyrics/song/21/ఆలయంలో-ప్రవేశించండి-అందరూ
22,ఆశ్చర్యమైన ప్రేమ కల్వరిలోని ప్రేమ,in_library_exact,436,Aascharyamaina Prema,,https://waytochurch.com/lyrics/song/22/ఆశ్చర్యమైన-ప్రేమ--కల్వరిలోని-ప్రేమ
23,ఆహా మహానందమే ఇహ పరంబులన్,missing,,,,https://waytochurch.com/lyrics/song/23/ఆహా-మహానందమే--ఇహ-పరంబులన్
24,ఇది కోతకు సమయం పనివారి తరుణం ప్రార్ధన చేయుదమా,in_library_exact,1461,Idhi Kothaku Samayam,,https://waytochurch.com/lyrics/song/24/ఇది-కోతకు-సమయం--పనివారి-తరుణం-ప్రార్ధన-చేయుదమా
25,ఉదయ కాంతి రేఖలో బెత్లెహేము పురమున,missing,,,,https://waytochurch.com/lyrics/song/25/ఉదయ-కాంతి-రేఖలో--బెత్లెహేము-పురమున
26,ఉన్నతమైన ప్రేమ అత్యున్నతమైన ప్రేమ,missing,,,,https://waytochurch.com/lyrics/song/26/ఉన్నతమైన-ప్రేమ--అత్యున్నతమైన-ప్రేమ
27,ఉన్నతమైన స్థలములలో ఉన్నతుడా మా దేవా,missing,,,,https://waytochurch.com/lyrics/song/27/ఉన్నతమైన-స్థలములలో---ఉన్నతుడా-మా-దేవా
28,ఊహల కందని లోకములో ఉన్నత సింహాసనమందు,missing,,,,https://waytochurch.com/lyrics/song/28/ఊహల-కందని-లోకములో-ఉన్నత-సింహాసనమందు
29,ఎందుకో నన్నింతగ నీవు ప్రేమించితివో దేవా,in_library_exact,22,Enduko Nanninthagaa Neevu,,https://waytochurch.com/lyrics/song/29/ఎందుకో-నన్నింతగ-నీవు-ప్రేమించితివో-దేవా
30,ఎన్ని తలచినా ఏది అడిగినా జరిగేది నీ చిత్తమే,in_library_contained,1115,Enni Thalachinaa,,https://waytochurch.com/lyrics/song/30/ఎన్ని-తలచినా--ఏది--అడిగినా--జరిగేది-నీ-చిత్తమే
31,ఒకసారి ఆలోచించవా ఓ సోదరా,missing,,,,https://waytochurch.com/lyrics/song/31/ఒకసారి-ఆలోచించవా-ఓ-సోదరా
32,ఓ నీతి సూర్యుడా క్రీస్తేసు నాథుడా,missing,,,,https://waytochurch.com/lyrics/song/32/ఓ-నీతి-సూర్యుడా---క్రీస్తేసు-నాథుడా
33,ఓ యేసు నీ దివ్య ప్రేమ వివరింప నాకు తరమా,missing,,,,https://waytochurch.com/lyrics/song/33/ఓ-యేసు-నీ-దివ్య-ప్రేమ-వివరింప-నాకు-తరమా
34,ఓరన్న ఓరన్న యేసుకు సాటివేరే లేరన్న లేరన్న,in_library_exact,850,Oranna Oranna,,https://waytochurch.com/lyrics/song/34/ఓరన్న--ఓరన్న-యేసుకు-సాటివేరే-లేరన్న-లేరన్న
35,కనుమా సిలువపై క్రీస్తేసుడు పొందిన శ్రమలు,missing,,,,https://waytochurch.com/lyrics/song/35/కనుమా-సిలువపై-క్రీస్తేసుడు-పొందిన-శ్రమలు
36,కల్వరిగిరిలోన సిల్వలో శ్రీయేసు పలు బాధలొందెను,in_library_contained,697,Kalvari Girilona Silvalo,,https://waytochurch.com/lyrics/song/36/కల్వరిగిరిలోన-సిల్వలో-శ్రీయేసు-పలు-బాధలొందెను
37,కలువరి గిరి సిలువలో పలు శ్రమలు పొందిన దైవమా,in_library_exact,1417,Kaluvari Giri Siluvalo,,https://waytochurch.com/lyrics/song/37/కలువరి-గిరి-సిలువలో--పలు-శ్రమలు-పొందిన-దైవమా
38,హల్లెలుయా అని పాడుచు క్రుపామయా నీకు స్తోత్రము,missing,,,,https://waytochurch.com/lyrics/song/38/హల్లెలుయా-అని-పాడుచు-క్రుపామయా-నీకు-స్తోత్రము
39,క్రీస్తు నేడు లేచెను ఆ ఆ ఆ హల్లెలూయ,missing,,,,https://waytochurch.com/lyrics/song/39/క్రీస్తు-నేడు-లేచెను-ఆ-ఆ-ఆ-హల్లెలూయ
40,ప్రేమ కలిగి సత్యము పలుకుచు,missing,,,,https://waytochurch.com/lyrics/song/40/ప్రేమ-కలిగి-సత్యము-పలుకుచు
41,ఘనమైనవి నీ కార్యములు నా యెడల,in_library_exact,1241,Ghanamainavi Nee Kaaryamulu,,https://waytochurch.com/lyrics/song/41/ఘనమైనవి-నీ-కార్యములు-నా-యెడల
42,గెత్సేమనే తోటలో ప్రార్ధింప నేర్పితివా,missing,,,,https://waytochurch.com/lyrics/song/42/గెత్సేమనే-తోటలో--ప్రార్ధింప-నేర్పితివా
43,చిరకాల స్నేహితుడా నా హృదయాన సన్నిహితుడా,in_library_exact,1019,Chirakaala Snehithudaa,,https://waytochurch.com/lyrics/song/43/చిరకాల-స్నేహితుడా--నా-హృదయాన-సన్నిహితుడా
44,జయము క్రీస్తూ జయ జయ లివిగో,missing,,,,https://waytochurch.com/lyrics/song/44/జయము-క్రీస్తూ---జయ-జయ-లివిగో
45,జయహే జయహే జయహే జయహే జయ జయ దేవ సుథ,missing,,,,https://waytochurch.com/lyrics/song/45/జయహే-జయహే-జయహే-జయహే--జయ-జయ-దేవ-సుథ
46,జీవనదిని నా హృదయములో ప్రవహింప చేయుమయా,in_library_contained,1071,Jeevanadini Naa Hrudayamulo,,https://waytochurch.com/lyrics/song/46/జీవనదిని-నా-హృదయములో-ప్రవహింప-చేయుమయా
47,దేవుని వారసులం ప్రేమ నివాసులము,in_library_exact,677,Devuni Vaarasulam,,https://waytochurch.com/lyrics/song/47/దేవుని-వారసులం--ప్రేమ-నివాసులము
48,దైవం ప్రేమ స్వరూపం ప్రేమకు భాష్యం శ్రీయేసుడే – అవనిలో,missing,,,,https://waytochurch.com/lyrics/song/48/దైవం-ప్రేమ-స్వరూపం--ప్రేమకు-భాష్యం--శ్రీయేసుడే-–-అవనిలో
49,నన్నెంతగానో ప్రేమించెను నన్నెంతగానో కరుణించెను,in_library_exact,1329,Nannenthagaano Preminchenu,,https://waytochurch.com/lyrics/song/49/నన్నెంతగానో-ప్రేమించెను---నన్నెంతగానో-కరుణించెను
50,నా పేరే తెలియని ప్రజలు ఎందరో ఉన్నారు,in_library_exact,368,Naa Pere Theliyani Prajalu,,https://waytochurch.com/lyrics/song/50/నా-పేరే-తెలియని-ప్రజలు--ఎందరో-ఉన్నారు
51,నా యేసు రాజుతో నేను సాగి పోదును,missing,,,,https://waytochurch.com/lyrics/song/51/నా-యేసు-రాజుతో-నేను-సాగి-పోదును
52,నిన్నే ప్రేమింతును నిన్నే ప్రేమింతును యేసు,in_library_exact,164,Ninne Preminthunu,,https://waytochurch.com/lyrics/song/52/నిన్నే-ప్రేమింతును--నిన్నే-ప్రేమింతును----యేసు
53,నిత్యుడైన దేవుని తోడు నీడ నీపై ఉడును,missing,,,,https://waytochurch.com/lyrics/song/53/నిత్యుడైన-దేవుని-తోడు-నీడ--నీపై-ఉడును
54,నీటి యూట యొద్ద నాట బడితిమి వేరుతన్ని ఎదిగి ఫలియింతుము,missing,,,,https://waytochurch.com/lyrics/song/54/నీటి-యూట-యొద్ద-నాట-బడితిమి--వేరుతన్ని-ఎదిగి-ఫలియింతుము
55,నీటి వాగుల కొరకు దుప్పి ఆశించునట్లు,in_library_exact,338,Naa Praanamaa Naa Samasthamaa,,https://waytochurch.com/lyrics/song/55/నీటి-వాగుల-కొరకు-దుప్పి-ఆశించునట్లు
56,నీవు నిర్మించిన దేవాలయములో నీతో జత పనివారము,missing,,,,https://waytochurch.com/lyrics/song/56/నీవు-నిర్మించిన-దేవాలయములో-నీతో-జత-పనివారము
57,నీ స్వరము వినిపించు ప్రభువా నీ దాసుడాలకించున్,in_library_exact,1058,Nee Swaramu,,https://waytochurch.com/lyrics/song/57/నీ-స్వరము-వినిపించు-ప్రభువా-నీ-దాసుడాలకించున్
58,నీలాకాశంలోన నింగికెగసె తార,missing,,,,https://waytochurch.com/lyrics/song/58/నీలాకాశంలోన-నింగికెగసె-తార
59,నీ శిలువలోనే నా ముక్తీ నీ నీడలోనే నా జీవితం,missing,,,,https://waytochurch.com/lyrics/song/59/నీ-శిలువలోనే-నా--ముక్తీ---నీ-నీడలోనే-నా-జీవితం
60,నీవుంటే నాకు చాలు యేసయ్యా నీ వెంటే నేను వుంటా నేసయ్యా,in_library_fuzzy,1563,Neevunte Naaku Chaalu Yesayyaa,0.905,https://waytochurch.com/lyrics/song/60/నీవుంటే--నాకు-చాలు-యేసయ్యా--నీ-వెంటే-నేను-వుంటా-నేసయ్యా
61,నే పాపినో ప్రభువా నను కావుమా దేవా,missing,,,,https://waytochurch.com/lyrics/song/61/నే-పాపినో-ప్రభువా--నను-కావుమా-దేవా
62,పరమ జీవము నాకు నివ్వ తిరిగి లేచెను నాతో నుండ,in_library_exact,549,Parama Jeevamu,,https://waytochurch.com/lyrics/song/62/పరమ-జీవము-నాకు-నివ్వ--తిరిగి-లేచెను-నాతో-నుండ
63,పరమ పావనుడు మరియ తనయుడు అవతరించెనే శుభ దినాన,missing,,,,https://waytochurch.com/lyrics/song/63/పరమ-పావనుడు-మరియ-తనయుడు-అవతరించెనే-శుభ-దినాన
64,ప్రభువా నీ కార్యములు ఆశ్చర్య కరమైనవి,in_library_exact,1694,Prabhuvaa Nee Kaaryamulu Aashcharyakaramainavi,,https://waytochurch.com/lyrics/song/64/ప్రభువా-నీ-కార్యములు-ఆశ్చర్య-కరమైనవి
65,పాడెదము వేడెదము యేసు నామము,missing,,,,https://waytochurch.com/lyrics/song/65/పాడెదము-వేడెదము-యేసు-నామము
66,ప్రార్ధన వినెడి పావనుడా ప్రార్ధన మాకు నేర్పుమయా,missing,,,,https://waytochurch.com/lyrics/song/66/ప్రార్ధన-వినెడి-పావనుడా--ప్రార్ధన-మాకు-నేర్పుమయా
68,మహోదయం శుభోదయం సర్వలోకాని కరుణోదయం,missing,,,,https://waytochurch.com/lyrics/song/68/మహోదయం--శుభోదయం--సర్వలోకాని-కరుణోదయం
69,మరణము గెలిచెను మన ప్రభువు – మనుజాళి రక్షణ కోసమూ,in_library_exact,299,Maranamu Gelichenu,,https://waytochurch.com/lyrics/song/69/మరణము-గెలిచెను-మన-ప్రభువు-–-మనుజాళి-రక్షణ-కోసమూ
70,మందలో చేరని గొర్రెలెన్నో కోట్ల కొలదిగా కలవు యిల,missing,,,,https://waytochurch.com/lyrics/song/70/మందలో-చేరని-గొర్రెలెన్నో-కోట్ల-కొలదిగా-కలవు-యిల
71,యెహోవ నా కాపరి యెహోవ నా ఊపిరి నాకు లేమి ఏమి,missing,,,,https://waytochurch.com/lyrics/song/71/యెహోవ-నా-కాపరి--యెహోవ-నా-ఊపిరి-నాకు-లేమి--ఏమి
72,యెహోవా నీ నామము ఎంతో బలమైనది,in_library_exact,445,Yehovaa Nee Naamamu,,https://waytochurch.com/lyrics/song/72/యెహోవా-నీ-నామము--ఎంతో-బలమైనది
73,యేసు రక్తము రక్తము రక్తము యేసు రక్తము రక్తము రక్తము,missing,,,,https://waytochurch.com/lyrics/song/73/యేసు-రక్తము-రక్తము--రక్తము--యేసు-రక్తము-రక్తము-రక్తము
74,యెహోవా దయాళుడు,in_library_exact,452,Yehovaa Dayaaludu (Aayanake Kruthagnatha),,https://waytochurch.com/lyrics/song/74/యెహోవా-దయాళుడు
75,యేసు నీ క్రుపలో మము కాపాడుము దేవా,missing,,,,https://waytochurch.com/lyrics/song/75/యేసు-నీ-క్రుపలో-మము-కాపాడుము-దేవా
76,రండహో వినరండహో శుభ వార్త ఒకటి వినిపించెదం,missing,,,,https://waytochurch.com/lyrics/song/76/రండహో-వినరండహో-శుభ-వార్త-ఒకటి-వినిపించెదం
77,రండి యెహోవాను గూర్చి ఉత్సాహగానము చేయుదము,in_library_fuzzy,1600,Randi Yehovaanu Goorchi,0.895,https://waytochurch.com/lyrics/song/77/రండి-యెహోవాను-గూర్చి-ఉత్సాహగానము-చేయుదము
78,రాకడ సమయములో కడబూర శబ్దంలో,missing,,,,https://waytochurch.com/lyrics/song/78/రాకడ-సమయములో-కడబూర-శబ్దంలో
79,రుచి చూచి ఎరిగితిని యెహోవా ఉత్తముడనియు,in_library_exact,895,Ruchi Choochi Erigithini,,https://waytochurch.com/lyrics/song/79/రుచి-చూచి-ఎరిగితిని-యెహోవా-ఉత్తముడనియు
80,లెక్కలేని చుక్కలెన్నో చక్కగా వెలుగుచుండ,missing,,,,https://waytochurch.com/lyrics/song/80/లెక్కలేని-చుక్కలెన్నో-చక్కగా-వెలుగుచుండ
81,లెక్కింపలేని స్తోత్రముల్ దేవా ఎల్లప్పుడు నే పాడెదన్,missing,,,,https://waytochurch.com/lyrics/song/81/లెక్కింపలేని-స్తోత్రముల్--దేవా-ఎల్లప్పుడు-నే-పాడెదన్
82,విజయ ఘోష వినిపించెను విశ్వమంత గళము లెత్తి వినిపించర స్తోత్ర గీతముల్,missing,,,,https://waytochurch.com/lyrics/song/82/విజయ-ఘోష-వినిపించెను-విశ్వమంత-గళము-లెత్తి-వినిపించర-స్తోత్ర-గీతముల్
83,విమోచకుడు మన యేసు ప్రభువు అవతరించిన శుభ దినమే,missing,,,,https://waytochurch.com/lyrics/song/83/విమోచకుడు-మన-యేసు-ప్రభువు--అవతరించిన-శుభ-దినమే
84,సదా కాలము నీతో నేను జీవించెదను యేసయ్యా,in_library_exact,1126,Sadaa Kaalamu Neetho Nenu,,https://waytochurch.com/lyrics/song/84/సదా-కాలము-నీతో-నేను-జీవించెదను--యేసయ్యా
85,సమీపించరాని తెజేస్సులోనీవు వశియించువాడవయా,in_library_fuzzy,38,Sameepincharaani Thejassulo,0.950,https://waytochurch.com/lyrics/song/85/సమీపించరాని-తెజేస్సులోనీవు-వశియించువాడవయా
86,సర్వకృపానిధియగు ప్రభువా సకల చరాచర సంతోషమా,in_library_exact,1424,Sarva Krupaanidhiyagu Prabhuvaa,,https://waytochurch.com/lyrics/song/86/సర్వకృపానిధియగు-ప్రభువా--సకల-చరాచర-సంతోషమా
87,సాగి పోదును ఆగి పోను నేను,in_library_exact,1293,Saagipodunu Aagiponu Nenu,,https://waytochurch.com/lyrics/song/87/సాగి-పోదును--ఆగి-పోను-నేను
88,సిల్వలో నాకై కార్చెను యేసు రక్తము,in_library_exact,1419,Silvalo Naakai Kaarchenu,,https://waytochurch.com/lyrics/song/88/సిల్వలో-నాకై-కార్చెను--యేసు-రక్తము
89,సిలువయందె నీదు ప్రేమ తెలిసికొంటినో ప్రభు,missing,,,,https://waytochurch.com/lyrics/song/89/సిలువయందె-నీదు-ప్రేమ-తెలిసికొంటినో-ప్రభు
90,సృష్టికర్త యేసుని స్తుతించెదము సర్వసృష్టియు ప్రభు క్రియలే,missing,,,,https://waytochurch.com/lyrics/song/90/సృష్టికర్త--యేసుని--స్తుతించెదము-సర్వసృష్టియు-ప్రభు-క్రియలే
91,సృష్టి పితా సర్వో న్నతా సమర్పింతున్ సర్వస్వమున్,missing,,,,https://waytochurch.com/lyrics/song/91/సృష్టి-పితా--సర్వో--న్నతా--సమర్పింతున్--సర్వస్వమున్
92,స్తోత్రం చెల్లింతుము స్తుతి స్తోత్రం చెల్లింతుము,in_library_exact,927,Sthothram Chellinthumu,,https://waytochurch.com/lyrics/song/92/స్తోత్రం-చెల్లింతుము--స్తుతి-స్తోత్రం-చెల్లింతుము
93,శ్రీ యేసు గీతి పాడవా ఆ సిల్వ ప్రేమ చాటవా,missing,,,,https://waytochurch.com/lyrics/song/93/శ్రీ-యేసు-గీతి-పాడవా--ఆ--సిల్వ--ప్రేమ--చాటవా
94,హల్లెలూయ స్తుతి మహిమ ఎల్లప్పుడు దేవుని కిచ్చెదము,in_library_exact,217,Hallelooya Sthuthi Mahima,,https://waytochurch.com/lyrics/song/94/హల్లెలూయ-స్తుతి-మహిమ-ఎల్లప్పుడు-దేవుని-కిచ్చెదము
95,హల్లెలూయ యేసు ప్రభున్ ఎల్లరు స్తుతియించుడి,in_library_exact,329,Hallelooyaa Yesu Prabhun,,https://waytochurch.com/lyrics/song/95/హల్లెలూయ-యేసు-ప్రభున్-ఎల్లరు-స్తుతియించుడి
96,హల్లేలూయ పాడెద ప్రభు నిన్ను కొనియాడెదన్,in_library_exact,345,Hallelooyaa Paadedaaa,,https://waytochurch.com/lyrics/song/96/హల్లేలూయ-పాడెద--ప్రభు-నిన్ను-కొనియాడెదన్
107,ఆయెనె నా సంగీతము బలమైన కోటయును,in_library_exact,1374,Aayane Naa Sangeethamu,,https://waytochurch.com/lyrics/song/107/ఆయెనె-నా-సంగీతము--బలమైన-కోటయును
108,అబ్రహాము దేవుడవు ఇస్సాకు దేవుడవు,missing,,,,https://waytochurch.com/lyrics/song/108/అబ్రహాము-దేవుడవు--ఇస్సాకు-దేవుడవు
109,ఆరాధన అధిక స్తోత్రము నా యేసుకే నేనర్పింతును,in_library_exact,313,Aaraadhana Adhika Sthothramu,,https://waytochurch.com/lyrics/song/109/ఆరాధన-అధిక-స్తోత్రము--నా-యేసుకే-నేనర్పింతును
110,చాటించుడి మనుష్య జాతి కేసు నామము చాటించుడి యవశ్య యేసు ప్రేమ సారము,in_library_fuzzy,1211,Chaatinchudi Manushya Jaathi,0.933,https://waytochurch.com/lyrics/song/110/చాటించుడి-మనుష్య-జాతి-కేసు-నామము--చాటించుడి-యవశ్య-యేసు-ప్రేమ-సారము
111,చింత లేదిక యేసు పుట్టెను,in_library_exact,61,Chintha Ledika,,https://waytochurch.com/lyrics/song/111/చింత-లేదిక-యేసు-పుట్టెను
112,చూడుము గెత్సెమనె తోటలో నా ప్రియుడు,missing,,,,https://waytochurch.com/lyrics/song/112/చూడుము-గెత్సెమనె--తోటలో-నా-ప్రియుడు
113,దేవా మహోన్నతుడా మహిమా ప్రకాశితుడా,in_library_exact,584,Devaa Mahonnathudaa,,https://waytochurch.com/lyrics/song/113/దేవా-మహోన్నతుడా-మహిమా-ప్రకాశితుడా
114,దేవా నీ యావరణం మాకెంతో శ్రేయస్కరం,missing,,,,https://waytochurch.com/lyrics/song/114/దేవా-నీ-యావరణం-మాకెంతో-శ్రేయస్కరం
115,దేవ సంస్తుతి చేయవే మనసా శ్రీమంతుడగు యెహోవ సంస్తుతి,in_library_contained,1450,Deva Samsthuthi Cheyave,,https://waytochurch.com/lyrics/song/115/దేవ-సంస్తుతి-చేయవే-మనసా--శ్రీమంతుడగు-యెహోవ-సంస్తుతి
116,దేవర నీ దీవెనలు ధారళముగను వీరలపై,in_library_exact,1292,Devara Nee Deevenalu,,https://waytochurch.com/lyrics/song/116/దేవర-నీ-దీవెనలు--ధారళముగను-వీరలపై
117,దేవుని స్తుతియించుడి యెల్లాప్పుడు దేవుని స్తతియించుడి ఆ,missing,,,,https://waytochurch.com/lyrics/song/117/దేవుని-స్తుతియించుడి--యెల్లాప్పుడు-దేవుని-స్తతియించుడి-ఆ
118,దేవుని ఉపకారంబులలోన దేనిని మరువకుము,missing,,,,https://waytochurch.com/lyrics/song/118/దేవుని-ఉపకారంబులలోన--దేనిని-మరువకుము
119,దేవుని యందు నిరీక్షణనుంచి ఆయనను స్తుతించు నా ప్రాణమా,in_library_exact,1285,Devuniyandu Nireekshana Nunchi,,https://waytochurch.com/lyrics/song/119/దేవుని-యందు-నిరీక్షణనుంచి--ఆయనను-స్తుతించు-నా-ప్రాణమా
120,దేవునికి స్తోత్రము గానము చేయుటయే మంచిది,in_library_exact,902,Devuniki Sthothramu Gaanamu,,https://waytochurch.com/lyrics/song/120/దేవునికి-స్తోత్రము-గానము--చేయుటయే-మంచిది
121,దూత పాట పాడుడి రక్షకున్ స్తుతించుడి ఆ ప్రభుండు,in_library_contained,538,Dootha Paata Paadudi,,https://waytochurch.com/lyrics/song/121/దూత-పాట-పాడుడి-రక్షకున్-స్తుతించుడి--ఆ-ప్రభుండు
122,గొప్పా దేవుడవని శక్తి సంపన్నుడని గలమెత్తి నిన్ను నేను గాణమాడెదన్,in_library_fuzzy,706,Goppa Devudavani,0.933,https://waytochurch.com/lyrics/song/122/గొప్పా-దేవుడవని-శక్తి-సంపన్నుడని--గలమెత్తి-నిన్ను-నేను-గాణమాడెదన్
123,హల్లెలూయ యని పాడి స్తుతింపను రారె జనులారా మనసారా ఊరూర,in_library_exact,1219,Hallelooyaa Ani Paadi,,https://waytochurch.com/lyrics/song/123/హల్లెలూయ-యని-పాడి-స్తుతింపను--రారె-జనులారా-మనసారా-ఊరూర
124,హల్లేలూయ పాట యెసయ్య పాట,in_library_exact,1553,Hallelooya Paata,,https://waytochurch.com/lyrics/song/124/హల్లేలూయ-పాట--యెసయ్య-పాట
125,ఇదిగో దేవా నా జీవితం ఆపాద మస్తకం నీకంకితం,in_library_exact,1081,Idhigo Devaa Naa Jeevitham,,https://waytochurch.com/lyrics/song/125/ఇదిగో-దేవా-నా-జీవితం--ఆపాద-మస్తకం-నీకంకితం
126,వర్ణించలేని త్యాగం ఓదార్పు నొందని వైనం,missing,,,,https://waytochurch.com/lyrics/song/126/వర్ణించలేని-త్యాగం--ఓదార్పు-నొందని-వైనం
127,కన్నతల్లి చేర్చునట్లు నన్ను చేర్చు నా ప్రియుడు,in_library_exact,693,Kanna Thalli Cherchunatlu,,https://waytochurch.com/lyrics/song/127/కన్నతల్లి-చేర్చునట్లు--నన్ను-చేర్చు-నా-ప్రియుడు
128,క్రీస్తులో జీవించు నాకు ఎల్లాప్పుడు జయముండును,in_library_exact,52,Kreesthulo Jeevinchu Naaku,,https://waytochurch.com/lyrics/song/128/క్రీస్తులో-జీవించు-నాకు--ఎల్లాప్పుడు-జయముండును
129,క్రొత్త యెడు మొదలు బెట్టెను మన బ్రతుకు నందు క్రొత్త యెడు,in_library_contained,444,Krottha Yedu Modalu Bettenu,,https://waytochurch.com/lyrics/song/129/క్రొత్త-యెడు-మొదలు-బెట్టెను--మన-బ్రతుకు-నందు--క్రొత్త-యెడు
130,కృపా సత్యా సంపూర్ణుడా,in_library_exact,1680,Krupa Sathya Sampoornudaa,,https://waytochurch.com/lyrics/song/130/కృపా-సత్యా-సంపూర్ణుడా
131,కృపలను తలంచుచు ఆయుష్కాలమంతా ప్రభుని కృతజ్ఞతతో స్తుతింతున్,in_library_contained,397,Krupalanu Thalanchuchu,,https://waytochurch.com/lyrics/song/131/కృపలను-తలంచుచు--ఆయుష్కాలమంతా-ప్రభుని-కృతజ్ఞతతో-స్తుతింతున్
132,కృపామయుడా నీలోనా నివసింప జేసినందునా,in_library_exact,576,Krupaamayudaa,,https://waytochurch.com/lyrics/song/132/కృపామయుడా--నీలోనా--నివసింప-జేసినందునా
133,కుమ్మరి ఓ కుమ్మరి జగదుత్పత్తిధారి,missing,,,,https://waytochurch.com/lyrics/song/133/కుమ్మరి-ఓ-కుమ్మరి--జగదుత్పత్తిధారి
134,కుతూహల మార్భాటమే నా యేసుని సన్నిధిలో,missing,,,,https://waytochurch.com/lyrics/song/134/కుతూహల-మార్భాటమే--నా-యేసుని-సన్నిధిలో
135,మా ఊహలు పుట్టక మునుపే మా సర్వమునెరిగిన దేవ,in_library_exact,499,Maa Oohalu Puttaka Munupe,,https://waytochurch.com/lyrics/song/135/మా-ఊహలు-పుట్టక-మునుపే--మా-సర్వమునెరిగిన-దేవ
136,మహిమ నీకె ప్రభూ ఘనత నీకె ప్రభూ స్తుతీ ఘనత మహిమయు,missing,,,,https://waytochurch.com/lyrics/song/136/మహిమ-నీకె-ప్రభూ--ఘనత-నీకె-ప్రభూ--స్తుతీ-ఘనత-మహిమయు
137,మహోన్నతుడా నీ కృపలో నేను నివసించుట నా జీవిత ధన్యతైయున్నది,in_library_contained,1457,Mahonnathudaa Nee Krupalo,,https://waytochurch.com/lyrics/song/137/మహోన్నతుడా-నీ-కృపలో-నేను-నివసించుట--నా-జీవిత-ధన్యతైయున్నది
138,మంగళమే యేసునకు మనుజావతారునకు,in_library_exact,95,Mangalame Yesunaku,,https://waytochurch.com/lyrics/song/138/మంగళమే-యేసునకు--మనుజావతారునకు
139,మణులు మాణిక్యములున్న మేడమిద్దెలు ఎన్నున్నా,missing,,,,https://waytochurch.com/lyrics/song/139/మణులు-మాణిక్యములున్న--మేడమిద్దెలు-ఎన్నున్నా
140,నా జీవిత యాత్రలో ప్రభువా నీ పాదమే శరణం,in_library_exact,617,Naa Jeevitha Yaathralo,,https://waytochurch.com/lyrics/song/140/నా-జీవిత-యాత్రలో--ప్రభువా-నీ-పాదమే-శరణం
141,నా ప్రాణ ప్రియుడా యేసు రాజా అర్పింతును నా హృదయార్పణ,in_library_exact,795,Naa Praanapriyudaa Yesu Raajaa,,https://waytochurch.com/lyrics/song/141/నా-ప్రాణ-ప్రియుడా-యేసు-రాజా--అర్పింతును-నా--హృదయార్పణ
142,నా స్తుతి పాత్రుడా నా యెసయ్యా నా ఆరాధనకు,in_library_contained,1183,Naa Sthuthi Paathrudaa,,https://waytochurch.com/lyrics/song/142/నా-స్తుతి-పాత్రుడా-నా-యెసయ్యా--నా-ఆరాధనకు
143,నడిపించు నా నావ నడి సంద్రమున దేవా,in_library_exact,1322,Nadipinchu Naa Naavaa,,https://waytochurch.com/lyrics/song/143/నడిపించు-నా-నావ--నడి-సంద్రమున-దేవా
144,నే సాగెద యేసునితో నా జీవిత కాలమంత,in_library_exact,1150,Ne Saageda Yesunitho,,https://waytochurch.com/lyrics/song/144/నే-సాగెద-యేసునితో--నా-జీవిత-కాలమంత
145,నేడో రేపో నా ప్రియుడేసు మేఘాల మీద ఏతెంచును,in_library_exact,1205,Nedo Repo Naa Priyudesu,,https://waytochurch.com/lyrics/song/145/నేడో-రేపో-నా-ప్రియుడేసు--మేఘాల-మీద-ఏతెంచును
146,నీ చేతితో నన్ను పట్టుకో నీఆత్మతో నన్ను నడుపు,in_library_exact,374,Nee Chethitho Nannu Pattuko,,https://waytochurch.com/lyrics/song/146/నీ-చేతితో-నన్ను-పట్టుకో--నీఆత్మతో-నన్ను-నడుపు
147,నీ రక్తమే నీ రక్తమేనన్ శుద్ధీకరించున్ నీ రక్తమే నా బలము,in_library_exact,296,Nee Rakthame Nee Rakthame,,https://waytochurch.com/lyrics/song/147/నీ-రక్తమే-నీ-రక్తమేనన్--శుద్ధీకరించున్--నీ-రక్తమే-నా-బలము
148,నీవే నా దేవుడవు ఆరాధింతను,in_library_exact,775,Neeve Naa Devudavu,,https://waytochurch.com/lyrics/song/148/నీవే-నా-దేవుడవు--ఆరాధింతను
149,హో హ్యాప్పీ క్రిస్మస్ హ్యాప్పీ క్రిస్మస్,in_library_exact,568,Saamaanyudavu Kaavu,,https://waytochurch.com/lyrics/song/149/హో-హ్యాప్పీ-క్రిస్మస్-హ్యాప్పీ-క్రిస్మస్
150,నీవు చేసిన ఉపకారములకు నేనేమి చెల్లింతును,in_library_exact,799,Neevu Chesina Upakaaramulaku,,https://waytochurch.com/lyrics/song/150/నీవు-చేసిన-ఉపకారములకు--నేనేమి-చెల్లింతును
151,నూతన గీతము పాడెదను నా ప్రియుడేసునిలో,missing,,,,https://waytochurch.com/lyrics/song/151/నూతన-గీతము-పాడెదను-నా-ప్రియుడేసునిలో
152,ఓ ప్రభువా ఓ ప్రభువా నీవే నా మంచి కాపరివి నీవే నా మంచి కాపరివి,missing,,,,https://waytochurch.com/lyrics/song/152/ఓ-ప్రభువా-ఓ-ప్రభువా--నీవే-నా-మంచి-కాపరివి--నీవే-నా-మంచి-కాపరివి
153,ఓ సద్భక్తులారా లోక రక్షకుండు బెత్లె్హేమందు నేడు,in_library_contained,646,Christmas Medley 3,,https://waytochurch.com/lyrics/song/153/ఓ-సద్భక్తులారా-లోక-రక్షకుండు--బెత్లె్హేమందు-నేడు
154,ప్రభువా నీలో జీవించుట కృపా బాహుళ్యమే నా యెడ కృపాబాహుళ్యమే,missing,,,,https://waytochurch.com/lyrics/song/154/ప్రభువా-నీలో-జీవించుట--కృపా-బాహుళ్యమే--నా-యెడ-కృపాబాహుళ్యమే
155,ప్రార్ధన యేసుని సందర్శన పరమ తండ్రితో సంభాషణ,in_library_exact,131,Praardhana Yesuni Sandarshana,,https://waytochurch.com/lyrics/song/155/ప్రార్ధన-యేసుని-సందర్శన--పరమ-తండ్రితో-సంభాషణ
156,ప్రేమ యేసుని ప్రేమ అది ఎవ్వరు కొలువలేనిది,in_library_exact,316,Prema Yesuni Prema,,https://waytochurch.com/lyrics/song/156/ప్రేమ-యేసుని-ప్రేమ--అది-ఎవ్వరు-కొలువలేనిది
157,రక్షకుండుదయించి నాడట మన కొరకు బరమ రక్షకుండుదయించి,missing,,,,https://waytochurch.com/lyrics/song/157/రక్షకుండుదయించి-నాడట--మన-కొరకు--బరమ-రక్షకుండుదయించి
158,రండి యుత్చాహించి పాడుదము రక్షణదుర్గము మన ప్రభువే,missing,,,,https://waytochurch.com/lyrics/song/158/రండి-యుత్చాహించి-పాడుదము--రక్షణదుర్గము-మన-ప్రభువే
159,శాశ్వాతామైనదీ నీవు నా యెడ చూపినా కృప,in_library_exact,665,Shaashwathamainadi,,https://waytochurch.com/lyrics/song/159/శాశ్వాతామైనదీ--నీవు-నా-యెడ-చూపినా-కృప
160,సిలువ చెంత చేరిననాడు కలుషములను కడిగివేయు,in_library_contained,998,Siluva Chentha Cherina Naadu,,https://waytochurch.com/lyrics/song/160/సిలువ-చెంత-చేరిననాడు--కలుషములను-కడిగివేయు
161,స్తోత్రరూపమగు క్రొత్త గీతంబులన్ నా నోటనుంచెను నా యేసయ్యా,missing,,,,https://waytochurch.com/lyrics/song/161/స్తోత్రరూపమగు-క్రొత్త-గీతంబులన్--నా-నోటనుంచెను-నా-యేసయ్యా
162,స్తుతి యాగము నా యేసుకే అర్పించెదను ఎల్లప్పుడు,missing,,,,https://waytochurch.com/lyrics/song/162/స్తుతి-యాగము-నా-యేసుకే--అర్పించెదను--ఎల్లప్పుడు
163,స్తుతించెదనుస్తుతించెదనూ,in_library_exact,157,Sthuthinchedanu Sthuthinchedanu,,https://waytochurch.com/lyrics/song/163/స్తుతించెదనుస్తుతించెదనూ
164,స్తుతియించెదా నీ నామం దేవా అనుదినం,in_library_exact,384,Sthuthiyinchedaa Nee Naamam,,https://waytochurch.com/lyrics/song/164/స్తుతియించెదా-నీ-నామం--దేవా-అనుదినం
165,వందనం బొనర్తుమో ప్రభో ప్రభో,in_library_exact,1264,Vandanambonarthumo,,https://waytochurch.com/lyrics/song/165/వందనం-బొనర్తుమో-ప్రభో-ప్రభో
166,విశ్వాస వనితలము ప్రభు యేసు ముద్రికలం,missing,,,,https://waytochurch.com/lyrics/song/166/విశ్వాస-వనితలము--ప్రభు-యేసు-ముద్రికలం
167,యెహోవా నా మొర లాలించను దన మహా దయనుననుగణీంచెను,in_library_exact,1492,Yehova Naa Moralaalinchenu,,https://waytochurch.com/lyrics/song/167/యెహోవా-నా-మొర-లాలించను--దన-మహా-దయనుననుగణీంచెను
168,యెహోవాయే నా కాపరిగా నాకేమి కొదువగునూ,in_library_exact,848,Yehovaaye Naa Kaaparigaa,,https://waytochurch.com/lyrics/song/168/యెహోవాయే-నా-కాపరిగా--నాకేమి-కొదువగునూ
169,యేసే నా పరిహారి ప్రియ యేసే నా పరిహారి,in_library_exact,70,Yese Naa Parihaari,,https://waytochurch.com/lyrics/song/169/యేసే-నా-పరిహారి--ప్రియ-యేసే-నా-పరిహారి
170,యేసు రాజు రాజుల రాజై త్వరగా వచ్చుచుండె త్వరగ,in_library_contained,910,Yesu Raaju Raajula Raajai,,https://waytochurch.com/lyrics/song/170/యేసు-రాజు-రాజుల-రాజై--త్వరగా-వచ్చుచుండె--త్వరగ
171,యేసుతో ఠీవిగాను అడ్డుగా వచ్చువైరి గెల్వను,missing,,,,https://waytochurch.com/lyrics/song/171/యేసుతో-ఠీవిగాను--అడ్డుగా-వచ్చువైరి-గెల్వను
172,యోగ్యుడవో యోగ్యుడవో యేసు ప్రభో నీవె యోగ్యుడవో,missing,,,,https://waytochurch.com/lyrics/song/172/యోగ్యుడవో--యోగ్యుడవో-యేసు-ప్రభో-నీవె-యోగ్యుడవో
173,కన్నీరేలమ్మ కరుణించు యేసు నిన్ను విడువబోడమ్మా,in_library_exact,594,Kanneerelammaa,,https://waytochurch.com/lyrics/song/173/కన్నీరేలమ్మ-కరుణించు-యేసు-నిన్ను-విడువబోడమ్మా
174,శుద్దా హ్రుదాయమ్ కలుగజెయుము,missing,,,,https://waytochurch.com/lyrics/song/174/శుద్దా-హ్రుదాయమ్-కలుగజెయుము
175,ణీ ప్రెమయె నకు చలు,missing,,,,https://waytochurch.com/lyrics/song/175/ణీ-ప్రెమయె-నకు-చలు
176,నీవెన్నాళ్ళు రెండు తలంపులతో,in_library_exact,769,Neevennaallu Rendu Thalampulatho,,https://waytochurch.com/lyrics/song/176/నీవెన్నాళ్ళు-రెండు-తలంపులతో
177,శ్రీ యేసుండు జన్మించె రేయిలో ||||,in_library_exact,68,Shree Yesundu Janminche,,https://waytochurch.com/lyrics/song/177/శ్రీ-యేసుండు-జన్మించె-రేయిలో-||||
178,శుద్ధ హృదయం కలుగజేయుము,in_library_exact,266,Shuddha Hrudayam,,https://waytochurch.com/lyrics/song/178/శుద్ధ-హృదయం-కలుగజేయుము
179,శాశ్వతము కాదు ఈ లోకము,in_library_exact,1522,Shaashwathamu Kaadu Ee Lokamu,,https://waytochurch.com/lyrics/song/179/శాశ్వతము-కాదు-ఈ-లోకము
180,వేటకాని ఉరిలో నుండి,missing,,,,https://waytochurch.com/lyrics/song/180/వేటకాని-ఉరిలో-నుండి
181,అడవి చెట్ల నడుమ – ఒక జల్దరు వృక్షం వలె,in_library_exact,1194,Adavi Chetla Naduma,,https://waytochurch.com/lyrics/song/181/అడవి-చెట్ల-నడుమ-–-ఒక-జల్దరు-వృక్షం-వలె
182,అడిగినది కొంతే అయినా,in_library_exact,1168,Adiginadi Konthe Ayinaa,,https://waytochurch.com/lyrics/song/182/అడిగినది-కొంతే-అయినా
183,అడుగుడి మీకు ఇవ్వబడును,in_library_exact,1514,Adugudi Meeku Ivvabadunu,,https://waytochurch.com/lyrics/song/183/అడుగుడి-మీకు-ఇవ్వబడును
184,అదే అదే ఆ రోజు,in_library_exact,1,Ade Ade Aa Roju,,https://waytochurch.com/lyrics/song/184/అదే-అదే-ఆ-రోజు
185,అనుదినము ప్రభుని స్తుతియించెదము,in_library_exact,851,Anudinamu Prabhuni,,https://waytochurch.com/lyrics/song/185/అనుదినము-ప్రభుని-స్తుతియించెదము
186,అర్పించుచుంటిని యేసయ్యా,in_library_exact,757,Arpinchuchunitini Yesayyaa,,https://waytochurch.com/lyrics/song/186/అర్పించుచుంటిని-యేసయ్యా
187,అందాల ఉద్యానవనమా,in_library_exact,1074,Andaala Udyaanavanamaa,,https://waytochurch.com/lyrics/song/187/అందాల-ఉద్యానవనమా
188,ఆఅకాశమన్డున్న ఆఅసీనుడా,missing,,,,https://waytochurch.com/lyrics/song/188/ఆఅకాశమన్డున్న-ఆఅసీనుడా
189,ఆత్మ దీపమును,in_library_exact,1449,Aathma Deepamunu,,https://waytochurch.com/lyrics/song/189/ఆత్మ-దీపమును
190,ఇది ఆత్మీయ యాత్ర,missing,,,,https://waytochurch.com/lyrics/song/190/ఇది-ఆత్మీయ-యాత్ర
191,ఆనందము ప్రభు నాకొసగెను,in_library_exact,1494,Aanandamu Prabhu Naakosagenu,,https://waytochurch.com/lyrics/song/191/ఆనందము-ప్రభు-నాకొసగెను
192,ఆయనే నా సంగీతము బలమైన కోటయును,in_library_exact,1374,Aayane Naa Sangeethamu,,https://waytochurch.com/lyrics/song/192/ఆయనే-నా-సంగీతము-బలమైన-కోటయును
193,ఆశ్చర్యకరుడు ఆలోచనకర్త,in_library_exact,59,Aascharyakarudaa Aalochanakarthaa,,https://waytochurch.com/lyrics/song/193/ఆశ్చర్యకరుడు-ఆలోచనకర్త
194,ఆశీర్వాదంబుల్ మా మీద,in_library_exact,1482,Aasheervaadambul Maa Meeda,,https://waytochurch.com/lyrics/song/194/ఆశీర్వాదంబుల్-మా-మీద
195,ఆనందముగా యెహోవా నీ కృపలన్ని,in_library_exact,618,Aanandamugaa Yehovaa Nee,,https://waytochurch.com/lyrics/song/195/ఆనందముగా-యెహోవా-నీ-కృపలన్ని
196,ఆహా యేమానందం ఆహా యేమానందము,in_library_exact,137,Aahaa Yemaanandam,,https://waytochurch.com/lyrics/song/196/ఆహా-యేమానందం-ఆహా-యేమానందము
197,ఇదియేనయ్య మా ప్రార్థన,in_library_exact,844,Idhiyenayyaa Maa Praardhana,,https://waytochurch.com/lyrics/song/197/ఇదియేనయ్య-మా-ప్రార్థన
198,ఇదే నా కోరిక,in_library_exact,1454,Idhe Naa Korika,,https://waytochurch.com/lyrics/song/198/ఇదే-నా-కోరిక
199,ఇహమందున ఆ పరమందు నాకు,in_library_exact,1493,Ihamanduna Aa Paramandu,,https://waytochurch.com/lyrics/song/199/ఇహమందున-ఆ-పరమందు-నాకు
200,ఇళ్లలోన పండుగంట కళ్ళలోన కాంతులంట,in_library_exact,747,Illalona Panduganta,,https://waytochurch.com/lyrics/song/200/ఇళ్లలోన-పండుగంట-కళ్ళలోన-కాంతులంట
201,ఇంత కాలం నీదు కృపలో కాచిన దేవా (2),in_library_exact,1445,Intha Kaalam,,https://waytochurch.com/lyrics/song/201/ఇంత-కాలం-నీదు-కృపలో-కాచిన-దేవా-(2)
202,ఇంతలోనే కనబడి అంతలోనే మాయమయ్యే,in_library_exact,1308,Inthalone Kanabadi,,https://waytochurch.com/lyrics/song/202/ఇంతలోనే-కనబడి-అంతలోనే-మాయమయ్యే
203,ఊహించలేని మేలులతో నింపిన,in_library_exact,1436,Oohinchaleni Melulatho Nimpina,,https://waytochurch.com/lyrics/song/203/ఊహించలేని-మేలులతో-నింపిన
204,ఎన్ని మార్లు నీవు దైవ వాక్యమును విని,in_library_exact,602,Enni Maarlu,,https://waytochurch.com/lyrics/song/204/ఎన్ని-మార్లు-నీవు-దైవ-వాక్యమును-విని
205,ఎవరికి ఎవరు ఈ లోకంలో,in_library_exact,1238,Evariki Evaru,,https://waytochurch.com/lyrics/song/205/ఎవరికి-ఎవరు-ఈ-లోకంలో
206,ఎంత మధురము యేసుని ప్రేమ,in_library_exact,35,Entha Madhuramu,,https://waytochurch.com/lyrics/song/206/ఎంత-మధురము-యేసుని-ప్రేమ
207,ఎంత మంచి దేవుడవయ్యా యేసయ్యా,in_library_exact,357,Entha Manchi Devudavayyaa,,https://waytochurch.com/lyrics/song/207/ఎంత-మంచి-దేవుడవయ్యా-యేసయ్యా
208,ఏ వైపు చూసినా యుద్ధ వార్తలేగా,in_library_exact,1515,Ae Vaipu Choosinaa,,https://waytochurch.com/lyrics/song/208/ఏ-వైపు-చూసినా-యుద్ధ-వార్తలేగా
209,ఓ మానవా నిజమేదో ఎరుగవా,in_library_exact,199,O Maanavaaa,,https://waytochurch.com/lyrics/song/209/ఓ-మానవా-నిజమేదో-ఎరుగవా
210,కనులున్నా కానలేని చెవులున్నా వినలేని ||||,in_library_exact,1470,Kanulunnaa Kaanaleni,,https://waytochurch.com/lyrics/song/210/కనులున్నా-కానలేని-చెవులున్నా-వినలేని-||||
211,కలములతో రాయగలమా,in_library_exact,53,Kalamulatho Raayagalamaa,,https://waytochurch.com/lyrics/song/211/కలములతో-రాయగలమా
212,కలువరిగిరిలో సిలువధారియై,in_library_exact,163,Kaluvari Girilo Siluva Dhaariyai,,https://waytochurch.com/lyrics/song/212/కలువరిగిరిలో-సిలువధారియై
213,కల్యాణం కమనీయం,missing,,,,https://waytochurch.com/lyrics/song/213/కల్యాణం-కమనీయం
214,క్రైస్తవమొక మతము కాదిది,in_library_exact,1539,Kraisthavamoka Mathamu Kaadidi,,https://waytochurch.com/lyrics/song/214/క్రైస్తవమొక-మతము-కాదిది
215,గమ్యం చేరాలని నీతో ఉండాలని,in_library_exact,242,Gamyam Cheraalani,,https://waytochurch.com/lyrics/song/215/గమ్యం-చేరాలని-నీతో-ఉండాలని
216,గాడాంధకారపు లోయలో,in_library_exact,1030,Gaadaandhakaarapu Loyalo,,https://waytochurch.com/lyrics/song/216/గాడాంధకారపు-లోయలో
217,చిత్ర చిత్రాల వాడే మన యేసయ్య,in_library_exact,1053,Chithra Chithraala Vaade,,https://waytochurch.com/lyrics/song/217/చిత్ర-చిత్రాల-వాడే-మన-యేసయ్య
218,చేయి పట్టుకో నా చేయి పట్టుకో,in_library_exact,1569,Cheyi Pattuko,,https://waytochurch.com/lyrics/song/218/చేయి-పట్టుకో-నా-చేయి-పట్టుకో
219,జన్మించెను ఒక తార,in_library_exact,1319,Janminchenu Oka Thaara,,https://waytochurch.com/lyrics/song/219/జన్మించెను-ఒక-తార
220,జుంటి తేనె ధారల కన్నా,in_library_exact,412,Junti Thene Dhaarala Kannaa,,https://waytochurch.com/lyrics/song/220/జుంటి-తేనె-ధారల-కన్నా
221,జయం జయం జయం జయం,in_library_exact,233,Jayam Jayam,,https://waytochurch.com/lyrics/song/221/జయం-జయం-జయం-జయం
222,తరతరాలలో యుగయుగాలలో జగజగాలలో,in_library_exact,772,Thara Tharaalalo Yuga Yugaalalo,,https://waytochurch.com/lyrics/song/222/తరతరాలలో-యుగయుగాలలో-జగజగాలలో
223,తల్లిలా లాలించును తండ్రిలా ప్రేమించును,in_library_exact,1027,Thallilaa Laalinchunu,,https://waytochurch.com/lyrics/song/223/తల్లిలా-లాలించును-తండ్రిలా-ప్రేమించును
224,తూర్పు దిక్కు చుక్క బుట్టె,in_library_exact,920,Thoorpu Dikka Chukka Butte,,https://waytochurch.com/lyrics/song/224/తూర్పు-దిక్కు-చుక్క-బుట్టె
225,దారి తప్పి పోతున్నావా విశ్వాసి,in_library_exact,21,Daari Thappipothunnaavaa,,https://waytochurch.com/lyrics/song/225/దారి-తప్పి-పోతున్నావా-విశ్వాసి
226,దినమెల్ల నే పాడినా కీర్తించినా,in_library_exact,456,Dinamella Ne Paadinaa,,https://waytochurch.com/lyrics/song/226/దినమెల్ల-నే-పాడినా-కీర్తించినా
227,దేవా నీ గొప్పకార్యములన్ – మదిన్ తలచి స్తుతించెదం,in_library_exact,336,Devaa Nee Goppa Kaaryamulan,,https://waytochurch.com/lyrics/song/227/దేవా-నీ-గొప్పకార్యములన్-–-మదిన్-తలచి-స్తుతించెదం
228,నజరేయుడా నా యేసయ్య,in_library_exact,655,Najareyudaa Naa Yesayyaa,,https://waytochurch.com/lyrics/song/228/నజరేయుడా-నా-యేసయ్య
229,నడిపించు నా నావా నడి సంద్రమున దేవా,in_library_exact,1322,Nadipinchu Naa Naavaa,,https://waytochurch.com/lyrics/song/229/నడిపించు-నా-నావా-నడి-సంద్రమున-దేవా
230,నన్నెంతగానో ప్రేమించిన ప్రభువా,in_library_exact,611,Nannenthagaano Preminchina Prabhuvaa,,https://waytochurch.com/lyrics/song/230/నన్నెంతగానో-ప్రేమించిన-ప్రభువా
231,నమ్మకమైన నా స్నేహితుడు,in_library_exact,1487,Nammakamaina Naa Snehithudu,,https://waytochurch.com/lyrics/song/231/నమ్మకమైన-నా-స్నేహితుడు
232,నా కనుల వెంబడి కన్నీరు రానీయక,in_library_exact,897,Naa Kanula Vembadi,,https://waytochurch.com/lyrics/song/232/నా-కనుల-వెంబడి-కన్నీరు-రానీయక
233,నా కోసమా ఈ సిలువ యాగము,in_library_exact,889,Naa Kosamaa,,https://waytochurch.com/lyrics/song/233/నా-కోసమా-ఈ-సిలువ-యాగము
234,నా గుండె చప్పుడు చేస్తుంది నీకే స్తోత్రమని,in_library_exact,1412,Naa Gunde Chappudu Chesthundi,,https://waytochurch.com/lyrics/song/234/నా-గుండె-చప్పుడు-చేస్తుంది-నీకే-స్తోత్రమని
235,అత్యున్నతమైన సింహాసనంపై,in_library_exact,963,Yese Sarvam,,https://waytochurch.com/lyrics/song/235/అత్యున్నతమైన-సింహాసనంపై
236,నా నాథుడా నా యుల్లమిచ్చితి నీకు,in_library_exact,1376,Naa Naathudaa,,https://waytochurch.com/lyrics/song/236/నా-నాథుడా-నా-యుల్లమిచ్చితి-నీకు
237,నా నీతి నీవే నా ఖ్యాతి నీవే,in_library_exact,1066,Naa Neethi Neeve,,https://waytochurch.com/lyrics/song/237/నా-నీతి-నీవే-నా-ఖ్యాతి-నీవే
238,నా ప్రాణమా నాలో నీవు,in_library_exact,578,Naa Praanamaa Naalo Neevu,,https://waytochurch.com/lyrics/song/238/నా-ప్రాణమా-నాలో-నీవు
239,నా ప్రాణమా యేసయ్యా… నా ధ్యానమా యేసయ్యా,in_library_exact,710,Naa Praanamaa Neeke Vandanam,,https://waytochurch.com/lyrics/song/239/నా-ప్రాణమా-యేసయ్యా…-నా-ధ్యానమా-యేసయ్యా
240,నా ప్రాణమా యెహోవాను నీవు సన్నుతించుము,missing,,,,https://waytochurch.com/lyrics/song/240/నా-ప్రాణమా-యెహోవాను-నీవు-సన్నుతించుము
241,నా ప్రాణానికి ప్రాణం నీవేనయ్యా,in_library_exact,14,Naa Praanaaniki Praanam,,https://waytochurch.com/lyrics/song/241/నా-ప్రాణానికి-ప్రాణం-నీవేనయ్యా
242,నా మనో నేత్రము తెరచి,in_library_exact,105,Naa Mano Nethramu Therachi,,https://waytochurch.com/lyrics/song/242/నా-మనో-నేత్రము-తెరచి
243,నా యేసయ్యా నా రక్షకా,in_library_exact,149,Naa Yesayyaa Naa Rakshakaa,,https://waytochurch.com/lyrics/song/243/నా-యేసయ్యా-నా-రక్షకా
244,నా యేసూ నీ పాదాల చెంతా,in_library_exact,1518,Naa Yesuu Nee Paadaala Chenthaa,,https://waytochurch.com/lyrics/song/244/నా-యేసూ-నీ-పాదాల-చెంతా
245,నాకు నీ కృప చాలును ప్రియుడా,in_library_exact,990,Naaku Nee Krupa Chaalunu,,https://waytochurch.com/lyrics/song/245/నాకు-నీ-కృప-చాలును-ప్రియుడా
246,నాతో మాట్లాడు ప్రభువా – నీవే మాట్లాడుమయ్యా (2),in_library_exact,734,Naatho Maatlaadu Prabhuvaa,,https://waytochurch.com/lyrics/song/246/నాతో-మాట్లాడు-ప్రభువా-–-నీవే-మాట్లాడుమయ్యా-(2)
247,నాదంటూ లోకాన ఏదీ లేదయ్యా,in_library_exact,860,Naadantu Lokaana,,https://waytochurch.com/lyrics/song/247/నాదంటూ-లోకాన-ఏదీ-లేదయ్యా
248,నాదు జీవమాయెనే నా సమస్తము,in_library_exact,904,Naadu Jeevamaayene,,https://waytochurch.com/lyrics/song/248/నాదు-జీవమాయెనే-నా-సమస్తము
249,నిత్యము స్తుతించినా,in_library_exact,1060,Nithyamu Sthuthinchinaa,,https://waytochurch.com/lyrics/song/249/నిత్యము-స్తుతించినా
250,నిను చూసే కన్నులు నాకు ఇమ్మయ్యా,in_library_exact,1295,Ninu Choose Kannulu,,https://waytochurch.com/lyrics/song/250/నిను-చూసే-కన్నులు-నాకు-ఇమ్మయ్యా
251,నిన్ను కాపాడు దేవుడు,in_library_exact,317,Ninnu Kaapaadu Devudu,,https://waytochurch.com/lyrics/song/251/నిన్ను-కాపాడు-దేవుడు
252,నిన్నే నిన్నే నమ్ముకున్నానయ్య,in_library_exact,740,Ninne Ninne Nammukunnaanayyaa,,https://waytochurch.com/lyrics/song/252/నిన్నే-నిన్నే-నమ్ముకున్నానయ్య
253,నీ కృప నాకు చాలును,in_library_exact,1181,Nee Krupa Naaku Chaalunu,,https://waytochurch.com/lyrics/song/253/నీ-కృప-నాకు-చాలును
254,నీ చేతిలో రొట్టెను నేనయ్య విరువు యేసయ్యా,in_library_exact,1117,Nee Chethilo Rottenu Nenayya,,https://waytochurch.com/lyrics/song/254/నీ-చేతిలో-రొట్టెను-నేనయ్య-విరువు-యేసయ్యా
255,నీ ధనము నీ ఘనము ప్రభు యేసుదే,in_library_exact,596,Nee Dhanamu Nee Ghanamu,,https://waytochurch.com/lyrics/song/255/నీ-ధనము-నీ-ఘనము-ప్రభు-యేసుదే
256,నీ ప్రేమలో నుండి నన్ను ఎడబాపు వారెవరు,in_library_exact,852,Nee Premalo Nundi Nannu,,https://waytochurch.com/lyrics/song/256/నీ-ప్రేమలో-నుండి-నన్ను-ఎడబాపు-వారెవరు
257,నీ ప్రేమా నీ కరుణా చాలునయ్యా నా జీవితాన,in_library_exact,1085,Nee Premaa Nee Karunaa,,https://waytochurch.com/lyrics/song/257/నీ-ప్రేమా-నీ-కరుణా-చాలునయ్యా-నా-జీవితాన
258,నీ రూపు చూడ నేనాశపడితి,in_library_exact,1401,Nee Roopu Chooda,,https://waytochurch.com/lyrics/song/258/నీ-రూపు-చూడ-నేనాశపడితి
259,నీ వాక్యమే నా పాదాలకు దీపము,in_library_exact,517,Nee Vaakyame Naa Paadaalaku,,https://waytochurch.com/lyrics/song/259/నీ-వాక్యమే-నా-పాదాలకు-దీపము
260,నీకంటె నమ్మదగిన దేవుడెవరయ్యా,in_library_exact,83,Neekante Nammadagina,,https://waytochurch.com/lyrics/song/260/నీకంటె-నమ్మదగిన-దేవుడెవరయ్యా
261,నీకు ఇష్టుడిగా ఇలలో నే ఉండాలని,missing,,,,https://waytochurch.com/lyrics/song/261/నీకు-ఇష్టుడిగా-ఇలలో-నే-ఉండాలని
262,పదములు చాలని ప్రేమ ఇది,in_library_exact,869,Padamulu Chaalani Prema,,https://waytochurch.com/lyrics/song/262/పదములు-చాలని-ప్రేమ-ఇది
263,పదివేలలో అతిప్రియుడు,in_library_exact,1216,Padivelalo Athi Priyudu,,https://waytochurch.com/lyrics/song/263/పదివేలలో-అతిప్రియుడు
264,పదివేలలో అతిసుందరుడా,in_library_exact,1101,Padivelalo Athi Sundarudaa (Aaraadhinthun),,https://waytochurch.com/lyrics/song/264/పదివేలలో-అతిసుందరుడా
265,పొందితిని నేను ప్రభువా నీ నుండి,in_library_exact,1184,Pondithini Nenu,,https://waytochurch.com/lyrics/song/265/పొందితిని-నేను-ప్రభువా-నీ-నుండి
266,ప్రభు యేసు నా రక్షకా,in_library_exact,663,Prabhu Yesu Naa Rakshakaa,,https://waytochurch.com/lyrics/song/266/ప్రభు-యేసు-నా-రక్షకా
267,ప్రభు యేసుని వదనములో – నా దేవుడు కనిపించె,in_library_exact,1326,Prabhu Yesuni Vadanamulo,,https://waytochurch.com/lyrics/song/267/ప్రభు-యేసుని-వదనములో-–-నా-దేవుడు-కనిపించె
268,ప్రియ యేసు నిర్మించితివి,in_library_exact,416,Priya Yesu Nirminchithivi,,https://waytochurch.com/lyrics/song/268/ప్రియ-యేసు-నిర్మించితివి
269,ప్రియ యేసు రాజును నే చూచిన చాలు,in_library_exact,798,Priya Yesu Raajunu,,https://waytochurch.com/lyrics/song/269/ప్రియ-యేసు-రాజును-నే-చూచిన-చాలు
270,ప్రేమించెదన్ అధికముగా,in_library_exact,1353,Preminchedan Adhikamugaa,,https://waytochurch.com/lyrics/song/270/ప్రేమించెదన్-అధికముగా
271,బ్రతకాలని ఉన్నా బ్రతకలేకున్నా,in_library_exact,1227,Brathakaalani Unnaa,,https://waytochurch.com/lyrics/song/271/బ్రతకాలని-ఉన్నా-బ్రతకలేకున్నా
272,బంగారం అడుగలేదు వజ్రాల్ని అడుగలేదు,in_library_exact,623,Bangaaram Adugaledu,,https://waytochurch.com/lyrics/song/272/బంగారం-అడుగలేదు-వజ్రాల్ని-అడుగలేదు
273,బేత్లేహేం పురమున చిత్రంబు కలిగె,in_library_exact,188,Bethlehem Puramuna,,https://waytochurch.com/lyrics/song/273/బేత్లేహేం-పురమున-చిత్రంబు-కలిగె
274,భజన చేయుచు భక్తపాలక,in_library_exact,441,Bhajana Cheyuchu Bhaktha Paalaka,,https://waytochurch.com/lyrics/song/274/భజన-చేయుచు-భక్తపాలక
275,భీకరుండౌ మా యెహోవా – పీఠ మెదుటన్ గూడరే,in_library_exact,1334,Bheekarundau Maa Yehovaa,,https://waytochurch.com/lyrics/song/275/భీకరుండౌ-మా-యెహోవా-–-పీఠ-మెదుటన్-గూడరే
276,మహిమ ఘనతకు అర్హుడవు,in_library_exact,749,Mahima Ghanathaku Arhudavu,,https://waytochurch.com/lyrics/song/276/మహిమ-ఘనతకు-అర్హుడవు
277,మార్గము చూపుము ఇంటికి నా తండ్రి ఇంటికి,in_library_exact,352,Maargamu Choopumu Intiki,,https://waytochurch.com/lyrics/song/277/మార్గము-చూపుము-ఇంటికి-నా-తండ్రి-ఇంటికి
278,మారిపోవాలి ఈ లోకమంతా,in_library_exact,600,Maaripovaali Ee Lokamanthaa,,https://waytochurch.com/lyrics/song/278/మారిపోవాలి-ఈ-లోకమంతా
279,మూడు దశాబ్దాల వైవాహిక జీవితాన్ని,in_library_exact,1051,Moodu Dashaabdaala,,https://waytochurch.com/lyrics/song/279/మూడు-దశాబ్దాల-వైవాహిక-జీవితాన్ని
280,మూడునాళ్ళ ముచ్చట కోసం,in_library_exact,451,Moodu Naalla Muchchata Kosam,,https://waytochurch.com/lyrics/song/280/మూడునాళ్ళ-ముచ్చట-కోసం
281,యుద్ధము యెహోవాదే ||||,in_library_exact,640,Yuddhamu Yehovaade,,https://waytochurch.com/lyrics/song/281/యుద్ధము-యెహోవాదే-||||
282,యెహోవా నా బలమా,in_library_exact,601,Yehovaa Naa Balamaa,,https://waytochurch.com/lyrics/song/282/యెహోవా-నా-బలమా
283,యెహోవాకు స్తుతులు పాడండి – మీరు,in_library_exact,84,Yehovaaku Sthuthulu Paadandi,,https://waytochurch.com/lyrics/song/283/యెహోవాకు-స్తుతులు-పాడండి-–-మీరు
284,యెహోవాను స్తుతియించు – ప్రభువును ఘనపరచు,in_library_exact,715,Yehovaanu Sthuthiyinchu,,https://waytochurch.com/lyrics/song/284/యెహోవాను-స్తుతియించు-–-ప్రభువును-ఘనపరచు
285,యేసయ్యా నీ నామమునే కీర్తించెదన్,in_library_exact,1038,Yesayyaa Nee Naamamune,,https://waytochurch.com/lyrics/song/285/యేసయ్యా-నీ-నామమునే-కీర్తించెదన్
286,యేసు జననము లోకానికెంతో వరము,in_library_exact,415,Yesu Jananamu,,https://waytochurch.com/lyrics/song/286/యేసు-జననము-లోకానికెంతో-వరము
287,యేసు నిన్ను నేను చూడలేను,in_library_exact,392,Yesu Ninnu Nenu,,https://waytochurch.com/lyrics/song/287/యేసు-నిన్ను-నేను-చూడలేను
288,యేసు మాతో నీవుండగా,in_library_exact,197,Yesu Maatho Neevundagaa,,https://waytochurch.com/lyrics/song/288/యేసు-మాతో-నీవుండగా
289,యేసు రక్తములో నాకు జయమే జయము,in_library_exact,425,Yesu Rakthamulo,,https://waytochurch.com/lyrics/song/289/యేసు-రక్తములో-నాకు-జయమే-జయము
290,యేసు సర్వోన్నతుడా… క్రీస్తు సర్వశక్తిమంతుడా…,in_library_exact,1120,Yesu Sarvonnathudaa,,https://waytochurch.com/lyrics/song/290/యేసు-సర్వోన్నతుడా…--క్రీస్తు-సర్వశక్తిమంతుడా…
291,యేసుని నా మదిలో స్వీకరించాను,in_library_exact,519,Yesuni Naa Madilo,,https://waytochurch.com/lyrics/song/291/యేసుని-నా-మదిలో-స్వీకరించాను
292,యేసే నా ఆశ్రయము,in_library_exact,1410,Yese Naa Aashrayamu,,https://waytochurch.com/lyrics/song/292/యేసే-నా-ఆశ్రయము
293,రమ్మనుచున్నాడు నిన్ను ప్రభు యేసు,in_library_exact,462,Rammanuchunnaadu Ninnu,,https://waytochurch.com/lyrics/song/293/రమ్మనుచున్నాడు-నిన్ను-ప్రభు-యేసు
294,రాజులకు రాజు పుట్టేనయ్య ||||,in_library_lyric_line,987,Christmas Medley 1,,https://waytochurch.com/lyrics/song/294/రాజులకు-రాజు-పుట్టేనయ్య-||||
295,రారాజు జన్మించినాడు,in_library_exact,1521,Raaraaju Janminchinaadu,,https://waytochurch.com/lyrics/song/295/రారాజు-జన్మించినాడు
296,రెండే రెండే దారులు,in_library_exact,1146,Rende Rende Daarulu,,https://waytochurch.com/lyrics/song/296/రెండే-రెండే-దారులు
297,సమర్పణ చేయుము ప్రభువునకు,in_library_exact,420,Samarpana Cheyumu Prabhuvunaku,,https://waytochurch.com/lyrics/song/297/సమర్పణ-చేయుము-ప్రభువునకు
298,సాగిలపడి మ్రొక్కెదము సత్యముతో ఆత్మలో,in_library_exact,1464,Saagilapadi Mrokkedamu,,https://waytochurch.com/lyrics/song/298/సాగిలపడి-మ్రొక్కెదము-సత్యముతో-ఆత్మలో
299,సాక్ష్యమిచ్చెద మన స్వామి యేసు దేవుడంచు,in_library_exact,714,Saakshyamichcheda,,https://waytochurch.com/lyrics/song/299/సాక్ష్యమిచ్చెద-మన-స్వామి-యేసు-దేవుడంచు
300,సిలువలో బలి అయిన దేవుని గొర్రెపిల్ల,in_library_exact,315,Siluvalo Bali Aina,,https://waytochurch.com/lyrics/song/300/సిలువలో-బలి-అయిన-దేవుని-గొర్రెపిల్ల
301,సిలువలో సాగింది యాత్ర,in_library_exact,289,Siluvalo Saagindi Yaathra,,https://waytochurch.com/lyrics/song/301/సిలువలో-సాగింది-యాత్ర
302,సీయోను పాటలు సంతోషముగా,in_library_exact,310,Seeyonu Paatalu Santhoshamugaa,,https://waytochurch.com/lyrics/song/302/సీయోను-పాటలు-సంతోషముగా
303,సుగుణాల సంపన్నుడా – స్తుతి గానాల వారసుడా,in_library_exact,980,Sugunaala Sampannudaa,,https://waytochurch.com/lyrics/song/303/సుగుణాల-సంపన్నుడా-–-స్తుతి-గానాల-వారసుడా
304,స్తుతియు మహిమ ఘనత నీకే,in_library_exact,554,Sthuthiyu Mahima (Aaraadhana),,https://waytochurch.com/lyrics/song/304/స్తుతియు-మహిమ-ఘనత-నీకే
305,స్తుతుల మీద ఆసీనుడా,in_library_exact,1363,Sthuthula Meeda Aaseenudaa,,https://waytochurch.com/lyrics/song/305/స్తుతుల-మీద-ఆసీనుడా
306,స్తుతుల మీద ఆసీనుడా,in_library_exact,1363,Sthuthula Meeda Aaseenudaa,,https://waytochurch.com/lyrics/song/306/స్తుతుల-మీద-ఆసీనుడా
307,సోలిపోవలదు మనస్సా సోలిపోవలదు,in_library_exact,120,Solipovaladu Medley,,https://waytochurch.com/lyrics/song/307/సోలిపోవలదు-మనస్సా-సోలిపోవలదు
308,స్తోత్రింతుము నిను మాదు తండ్రి,in_library_exact,1486,Sthothrinthumu Ninu,,https://waytochurch.com/lyrics/song/308/స్తోత్రింతుము-నిను-మాదు-తండ్రి
309,ఆశ్చర్యకరుడు ఆలోచనకర్త,in_library_exact,59,Aascharyakarudaa Aalochanakarthaa,,https://waytochurch.com/lyrics/song/309/ఆశ్చర్యకరుడు--ఆలోచనకర్త
310,శుద్ధుడ ఘనుడ రక్షకుడ,in_library_exact,694,Shuddhudaa Ghanudaa Rakshakudaa,,https://waytochurch.com/lyrics/song/310/శుద్ధుడ-ఘనుడ--రక్షకుడ
311,బేత్లెహేములో సందడి పశుల పాకలో సందడి,in_library_exact,1441,Bethlehemulo Sandadi,,https://waytochurch.com/lyrics/song/311/బేత్లెహేములో-సందడి--పశుల-పాకలో-సందడి
312,దేవ నీ నామం ఎంతో బలమైనది,missing,,,,https://waytochurch.com/lyrics/song/312/దేవ-నీ-నామం--ఎంతో-బలమైనది
313,దేవా నీ నామం బలమైనది నీ నామం,in_library_exact,882,Devaa Nee Naamam (Kripal Mohan),,https://waytochurch.com/lyrics/song/313/దేవా-నీ-నామం--బలమైనది-నీ-నామం
314,ఇమ్మానుయేలు రక్తము ఇంపైన యూటగు,in_library_exact,227,Immaanuyelu Rakthamu,,https://waytochurch.com/lyrics/song/314/ఇమ్మానుయేలు-రక్తము--ఇంపైన-యూటగు
315,నా జీవిత కాలమంత,missing,,,,https://waytochurch.com/lyrics/song/315/నా-జీవిత-కాలమంత
316,నా తండ్రి నీవే నా దేవుడవు నీవే,in_library_exact,146,Naa Thandri Neeve,,https://waytochurch.com/lyrics/song/316/నా-తండ్రి-నీవే--నా-దేవుడవు-నీవే
317,నీవే నా ఊపిరి,missing,,,,https://waytochurch.com/lyrics/song/317/నీవే-నా-ఊపిరి
318,జగతికి పునాది వేయక ముందే జనియించిన ప్రేమ,missing,,,,https://waytochurch.com/lyrics/song/318/జగతికి-పునాది-వేయక-ముందే-జనియించిన-ప్రేమ
319,యేసుని రూపం లోనికి మారాలి,in_library_exact,1707,Yesuni Roopanloniki Maaraali,,https://waytochurch.com/lyrics/song/319/యేసుని--రూపం--లోనికి--మారాలి
320,ఏ వ్యక్తినైనా ఏ స్థితియందైనా ఎంతగానో ప్రేమించు ప్రేమ,missing,,,,https://waytochurch.com/lyrics/song/320/ఏ-వ్యక్తినైనా-ఏ-స్థితియందైనా--ఎంతగానో-ప్రేమించు-ప్రేమ
321,సృష్టికర్త యేసు దేవ సర్వలోకం నీమాట వినునూ,in_library_exact,960,Srushti Karthaa Yesu Devaa,,https://waytochurch.com/lyrics/song/321/సృష్టికర్త-యేసు-దేవ-సర్వలోకం-నీమాట-వినునూ
322,విలువైన ప్రేమలో వంచన లేదు,in_library_exact,1683,Viluvaina Premalo - Vanchana Ledu,,https://waytochurch.com/lyrics/song/322/విలువైన-ప్రేమలో-వంచన-లేదు
323,ఊహకు అందని ప్రేమ నా యేసు ప్రేమ,missing,,,,https://waytochurch.com/lyrics/song/323/ఊహకు-అందని-ప్రేమ-నా-యేసు-ప్రేమ
324,సృష్టి కర్తవైన యెహోవా,in_library_exact,1567,Srushtikarthavaina Yehovaa,,https://waytochurch.com/lyrics/song/324/సృష్టి-కర్తవైన-యెహోవా
325,వేల్పులలో బహు ఘనుడా యేసయ్యా,missing,,,,https://waytochurch.com/lyrics/song/325/వేల్పులలో-బహు-ఘనుడా-యేసయ్యా
326,జీవించుచున్నది నేను కాదు,in_library_contained,852,Nee Premalo Nundi Nannu,,https://waytochurch.com/lyrics/song/326/జీవించుచున్నది-నేను-కాదు
327,నీతి న్యాయములు జరిగించు నా యేసయ్యా,in_library_exact,794,Neethi Nyaayamulu,,https://waytochurch.com/lyrics/song/327/నీతి--న్యాయములు--జరిగించు-నా-యేసయ్యా
328,దేవా నీ కృప నిరంతరం మారనిదెపుడు నా ప్రభువా,missing,,,,https://waytochurch.com/lyrics/song/328/దేవా-నీ-కృప-నిరంతరం--మారనిదెపుడు-నా-ప్రభువా
329,సరిరారెవ్వరూ నా ప్రియుడైన యేసయ్యకు,in_library_exact,1248,Sari Raarevvaru,,https://waytochurch.com/lyrics/song/329/సరిరారెవ్వరూ-నా-ప్రియుడైన-యేసయ్యకు
330,నా ప్రాణ ప్రియుడవు నీవే నా ప్రాణ నాధుడ నీవే,missing,,,,https://waytochurch.com/lyrics/song/330/నా-ప్రాణ-ప్రియుడవు-నీవే--నా-ప్రాణ-నాధుడ-నీవే
331,ప్రాణేశ్వర ప్రభు దైవకుమార,in_library_exact,1339,Praaneshwara,,https://waytochurch.com/lyrics/song/331/ప్రాణేశ్వర--ప్రభు-దైవకుమార
332,శాశ్వత కృపను నేను తలంచగా,in_library_exact,598,Shaashwatha Krupanu,,https://waytochurch.com/lyrics/song/332/శాశ్వత-కృపను-నేను-తలంచగా
333,నా జీవం నీ కృపలో దాచితివే నా జీవితకాలమంతా,in_library_exact,898,Naa Jeevam Nee Krupalo,,https://waytochurch.com/lyrics/song/333/నా-జీవం-నీ-కృపలో-దాచితివే--నా-జీవితకాలమంతా
334,నీ ప్రేమే నను ఆదరించేను,missing,,,,https://waytochurch.com/lyrics/song/334/నీ-ప్రేమే-నను-ఆదరించేను
335,స్తుతి పాత్రుడా స్తోత్రార్హుడా,in_library_exact,1478,Sthuthi Paathrudaa Sthothraarhudaa,,https://waytochurch.com/lyrics/song/335/స్తుతి-పాత్రుడా--స్తోత్రార్హుడా
336,సన్నుతించెదను దయాళుడవు నీవని,missing,,,,https://waytochurch.com/lyrics/song/336/సన్నుతించెదను--దయాళుడవు-నీవని
337,ఆశ్చర్యాకరుడా నా ఆలోచన కర్తవు,in_library_exact,736,Aascharyakarudaa (Yesanna),,https://waytochurch.com/lyrics/song/337/ఆశ్చర్యాకరుడా--నా-ఆలోచన-కర్తవు
338,యేసు అను నామమే నా మధుర గానమే,missing,,,,https://waytochurch.com/lyrics/song/338/యేసు-అను-నామమే--నా-మధుర-గానమే
339,హల్లెలూయా యేసయ్యా,missing,,,,https://waytochurch.com/lyrics/song/339/హల్లెలూయా-యేసయ్యా
340,దేవా నా దేవుడవు నీవే,missing,,,,https://waytochurch.com/lyrics/song/340/దేవా-నా-దేవుడవు-నీవే
341,ఆనందమే ప్రభు యేసుని స్తుతించుట ఆత్మానంద గీతమే పాడెదా,missing,,,,https://waytochurch.com/lyrics/song/341/ఆనందమే--ప్రభు-యేసుని-స్తుతించుట-ఆత్మానంద-గీతమే-పాడెదా
342,ప్రేమమయా యేసు ప్రభువా నిన్నే స్తుతింతును ప్రభువా,missing,,,,https://waytochurch.com/lyrics/song/342/ప్రేమమయా-యేసు-ప్రభువా--నిన్నే-స్తుతింతును-ప్రభువా
343,ఆనందం యేసుతో ఆనందం,missing,,,,https://waytochurch.com/lyrics/song/343/ఆనందం-యేసుతో-ఆనందం
344,నా వేదనలో వెదకితిని,missing,,,,https://waytochurch.com/lyrics/song/344/నా-వేదనలో--వెదకితిని
345,సర్వోన్నతుడా నీవే నాకు ఆశ్రయదుర్గము,in_library_exact,1016,Sarvonnathudaa,,https://waytochurch.com/lyrics/song/345/సర్వోన్నతుడా--నీవే-నాకు-ఆశ్రయదుర్గము
346,వందనము నీకే నా వందనము,in_library_exact,639,Vandanamu Neeke Naa,,https://waytochurch.com/lyrics/song/346/వందనము-నీకే--నా-వందనము
347,మాధుర్యమే నా ప్రభుతో జీవితం,in_library_exact,78,Maadhuryame Naa Prabhutho,,https://waytochurch.com/lyrics/song/347/మాధుర్యమే-నా-ప్రభుతో-జీవితం
348,ఏమని వర్ణింతు నీ కృపను ఏరులై పారెనె నా గుండెలోన,missing,,,,https://waytochurch.com/lyrics/song/348/ఏమని-వర్ణింతు--నీ-కృపను--ఏరులై-పారెనె--నా-గుండెలోన
349,నిత్యుడా నీ సన్నిధి నిండుగా నా తోడూ,missing,,,,https://waytochurch.com/lyrics/song/349/నిత్యుడా--నీ-సన్నిధి-నిండుగా-నా-తోడూ
350,తేజోవాసుల స్వాస్థ్యమందు నను చేర్చుటే,missing,,,,https://waytochurch.com/lyrics/song/350/తేజోవాసుల-స్వాస్థ్యమందు--నను-చేర్చుటే
351,స్తుతి సింహాసనాసీనుడవు,missing,,,,https://waytochurch.com/lyrics/song/351/స్తుతి-సింహాసనాసీనుడవు
352,అనాదిలో నియమించబడిన గొర్రెపిల్ల,missing,,,,https://waytochurch.com/lyrics/song/352/అనాదిలో-నియమించబడిన-గొర్రెపిల్ల
353,ప్రభువా నీ సముఖము నందు,missing,,,,https://waytochurch.com/lyrics/song/353/ప్రభువా--నీ-సముఖము-నందు
354,నిత్యుడగు నా తండ్రి నీకే స్తోత్రము,missing,,,,https://waytochurch.com/lyrics/song/354/నిత్యుడగు-నా-తండ్రి-నీకే-స్తోత్రము
355,నీ కృప బాహుళ్యమే నా జీవిత ఆధారమే,missing,,,,https://waytochurch.com/lyrics/song/355/నీ-కృప-బాహుళ్యమే--నా-జీవిత-ఆధారమే
356,ఆశ్చర్యకరుడా నీదు కృపా అనుదినం అనుభవించెద,missing,,,,https://waytochurch.com/lyrics/song/356/ఆశ్చర్యకరుడా-నీదు-కృపా--అనుదినం-అనుభవించెద
357,ఎవరున్నారు ఈ లోకంలో,missing,,,,https://waytochurch.com/lyrics/song/357/ఎవరున్నారు-ఈ-లోకంలో
358,యుద్ధ వీరులం మనము యుద్ధ వీరులం,missing,,,,https://waytochurch.com/lyrics/song/358/యుద్ధ-వీరులం--మనము-యుద్ధ-వీరులం
359,సీయోనులో నా యేసుతో,missing,,,,https://waytochurch.com/lyrics/song/359/సీయోనులో--నా-యేసుతో
360,నా జీవితం నీకంకితం,missing,,,,https://waytochurch.com/lyrics/song/360/నా-జీవితం--నీకంకితం
361,సూర్యుని ధరించి చంద్రుని మీద నిలిచి,missing,,,,https://waytochurch.com/lyrics/song/361/సూర్యుని-ధరించి--చంద్రుని-మీద-నిలిచి
362,ఊహలు నాదు ఊటలు,in_library_exact,155,Oohalu Naadu Ootalu,,https://waytochurch.com/lyrics/song/362/ఊహలు--నాదు-ఊటలు
363,యేసయ్యా,unusable-title,,,,https://waytochurch.com/lyrics/song/363/యేసయ్యా
364,నూతన యెరుషలేమ్ దిగి వచ్చుచున్నది,missing,,,,https://waytochurch.com/lyrics/song/364/నూతన-యెరుషలేమ్--దిగి-వచ్చుచున్నది
365,నను విడువక యెడబాయక,missing,,,,https://waytochurch.com/lyrics/song/365/నను-విడువక-యెడబాయక
366,కలవర పడి నే కొండల వైపు నా కన్నులెత్తుదునా,missing,,,,https://waytochurch.com/lyrics/song/366/కలవర-పడి-నే-కొండల-వైపు-నా-కన్నులెత్తుదునా
367,నా ప్రియుడా యెసయ్యా నీ కృప లేనిదే నే బ్రతుకలేను,missing,,,,https://waytochurch.com/lyrics/song/367/నా-ప్రియుడా-యెసయ్యా--నీ-కృప-లేనిదే-నే-బ్రతుకలేను
368,నా ప్రాణ ఆత్మ శరీరం అంకితం నీకే ప్రభూ,missing,,,,https://waytochurch.com/lyrics/song/368/నా-ప్రాణ-ఆత్మ-శరీరం--అంకితం-నీకే-ప్రభూ
369,నా యేసు రాజా నా ఆరాధ్య దైవమా,in_library_exact,1200,Naa Yesu Raajaa,,https://waytochurch.com/lyrics/song/369/నా-యేసు-రాజా--నా-ఆరాధ్య-దైవమా
370,యేసయ్యా నాప్రియా,missing,,,,https://waytochurch.com/lyrics/song/370/యేసయ్యా-నాప్రియా
371,నేను వెళ్ళే మార్గము నా యేసుకే తెలియును,in_library_exact,853,Nenu Velle Maargamu,,https://waytochurch.com/lyrics/song/371/నేను-వెళ్ళే-మార్గము--నా-యేసుకే-తెలియును
372,ఎగురుతున్నది విజయ పతాకం యేసు రక్తమే మా జీవిత విజయం,missing,,,,https://waytochurch.com/lyrics/song/372/ఎగురుతున్నది-విజయ-పతాకం--యేసు-రక్తమే-మా-జీవిత-విజయం
373,అంత్య దినములందు మేం ఉండగా నీ ఆత్మా కుమ్మరింపు నీయుమా,missing,,,,https://waytochurch.com/lyrics/song/373/అంత్య-దినములందు-మేం-ఉండగా--నీ-ఆత్మా-కుమ్మరింపు-నీయుమా
374,దేవుడు మా పక్షమున ఉండగా మాకు విరోధి ఎవడు,missing,,,,https://waytochurch.com/lyrics/song/374/దేవుడు-మా-పక్షమున-ఉండగా--మాకు-విరోధి-ఎవడు
375,ఇదిగో వినుమా ఓ లోకమా త్వరలో ప్రభువు రానుండెను,missing,,,,https://waytochurch.com/lyrics/song/375/ఇదిగో-వినుమా-ఓ-లోకమా--త్వరలో-ప్రభువు-రానుండెను
376,ఇశ్రాయేలును కాపాడు దేవుడు కునుకడు నిద్రపోడెన్నడు,missing,,,,https://waytochurch.com/lyrics/song/376/ఇశ్రాయేలును-కాపాడు-దేవుడు-కునుకడు-నిద్రపోడెన్నడు
377,జయ పతాకం ఎగరాలి ఈ దేశం సొంతం కావాలి,missing,,,,https://waytochurch.com/lyrics/song/377/జయ-పతాకం-ఎగరాలి--ఈ-దేశం-సొంతం-కావాలి
378,జయహే జయహే క్రీస్తేసు ప్రభుకు జయహే జయహే జయహే రారాజు ప్రభుకు జయహే,missing,,,,https://waytochurch.com/lyrics/song/378/జయహే-జయహే-క్రీస్తేసు-ప్రభుకు-జయహే-జయహే-జయహే-రారాజు-ప్రభుకు-జయహే
379,నా నీతి నీవే నా ఖ్యాతి నీవే నా దైవమా యేసయా,in_library_contained,1066,Naa Neethi Neeve,,https://waytochurch.com/lyrics/song/379/నా-నీతి-నీవే-నా-ఖ్యాతి-నీవే--నా-దైవమా-యేసయా
380,చేద్దామా పోరాటం ఆత్మీయ పోరాటం అపవాది శక్తులతో అనుదినము పోరాటం,missing,,,,https://waytochurch.com/lyrics/song/380/చేద్దామా-పోరాటం-ఆత్మీయ-పోరాటం--అపవాది--శక్తులతో-అనుదినము-పోరాటం
381,నిబ్బరం కలిగి ధైర్యముగుండు దిగులు పడకు జడియకు ఎపుడు,in_library_fuzzy,424,Nibbaram Kaligi,0.980,https://waytochurch.com/lyrics/song/381/నిబ్బరం-కలిగి-ధైర్యముగుండు--దిగులు-పడకు-జడియకు-ఎపుడు
382,లోకమును జయించిన విజయము విశ్వాసమే ఈ లోకమును జయించిన విజయము విశ్వాసమే,missing,,,,https://waytochurch.com/lyrics/song/382/లోకమును-జయించిన-విజయము-విశ్వాసమే--ఈ-లోకమును-జయించిన-విజయము-విశ్వాసమే
383,లోక పాపమును మోసుకెళ్ళిన దేవుని గొర్రె పిల్ల,missing,,,,https://waytochurch.com/lyrics/song/383/లోక-పాపమును-మోసుకెళ్ళిన-దేవుని-గొర్రె-పిల్ల
384,వీరుడే లేచెను మరణపు ముల్లును విరచి సాధ్యమా మంటికి ప్రభువునే వుంచను అణచి,missing,,,,https://waytochurch.com/lyrics/song/384/వీరుడే-లేచెను--మరణపు-ముల్లును-విరచి--సాధ్యమా-మంటికి--ప్రభువునే-వుంచను-అణచి
385,విశ్వాస వీరులం క్రీస్తు శిష్యులం దేవునికే మేం వారసులం,missing,,,,https://waytochurch.com/lyrics/song/385/విశ్వాస-వీరులం-క్రీస్తు-శిష్యులం--దేవునికే-మేం-వారసులం
386,యేసయ్యలోనే ఉన్నది మనకు రక్షణ నిరీక్షణ,missing,,,,https://waytochurch.com/lyrics/song/386/యేసయ్యలోనే-ఉన్నది-మనకు-రక్షణ-నిరీక్షణ
387,మార్గం సత్యం జీవం క్రీస్తేసని చాటేద్దాం చేయి చేయి కలిపి ప్రభు రాజ్యం కట్టేద్దాం,missing,,,,https://waytochurch.com/lyrics/song/387/మార్గం-సత్యం-జీవం-క్రీస్తేసని-చాటేద్దాం-చేయి-చేయి-కలిపి-ప్రభు-రాజ్యం-కట్టేద్దాం
388,యుద్ధ వీరుడా కదులు ముందుకు పాలు తేనెలా నగరుకు,in_library_exact,1671,Yuddha Veerudaa Kadulumunduku - Paalu Thenela Nagaraku,,https://waytochurch.com/lyrics/song/388/యుద్ధ-వీరుడా-కదులు-ముందుకు-పాలు-తేనెలా-నగరుకు
389,యేసు దేవుని ఆరాధికులం వెనుక చూడని సైనికులం,missing,,,,https://waytochurch.com/lyrics/song/389/యేసు-దేవుని-ఆరాధికులం--వెనుక-చూడని-సైనికులం
390,శుద్ధ హృదయం కలుగజేయుము,in_library_exact,266,Shuddha Hrudayam,,https://waytochurch.com/lyrics/song/390/శుద్ధ-హృదయం-కలుగజేయుము
391,జీసస్ జీసస్,missing,,,,https://waytochurch.com/lyrics/song/391/జీసస్-జీసస్
392,రాజులు మనకెవ్వరు లేరు శూరులు మనకెవ్వరు లేరు,in_library_contained,640,Yuddhamu Yehovaade,,https://waytochurch.com/lyrics/song/392/రాజులు-మనకెవ్వరు-లేరు--శూరులు-మనకెవ్వరు-లేరు
393,ప్రభు నామం నా ఆశ్రయమే ఆయనను స్తుతించెదను ప్రభు మహిమ నా జీవితమే ఆయనను వెంబడింతును,missing,,,,https://waytochurch.com/lyrics/song/393/ప్రభు-నామం-నా-ఆశ్రయమే-ఆయనను-స్తుతించెదను--ప్రభు-మహిమ-నా-జీవితమే-ఆయనను-వెంబడింతును
394,కృప కృప నా యేసు కృప కృప కృప కృప,in_library_exact,972,Krupa Krupa Naa Yesu Krupaa,,https://waytochurch.com/lyrics/song/394/కృప-కృప-నా-యేసు-కృప-కృప-కృప-కృప
395,కొందరేమో గుర్రాలంటూ కొందరేమో రథాలంటూ అబ్బురంగా అతిశయపడతారు,missing,,,,https://waytochurch.com/lyrics/song/395/కొందరేమో-గుర్రాలంటూ-కొందరేమో-రథాలంటూ-అబ్బురంగా--అతిశయపడతారు
396,జయమింకా మనదేరా జయ ధ్వనినే చేసేయ్ రా ప్రేమించే యేసునిలో అత్యధికపు జయమేరా,missing,,,,https://waytochurch.com/lyrics/song/396/జయమింకా-మనదేరా-జయ-ధ్వనినే-చేసేయ్-రా--ప్రేమించే-యేసునిలో-అత్యధికపు-జయమేరా
397,యేసుని యందలి ఆనందమే మాకు బలము,missing,,,,https://waytochurch.com/lyrics/song/397/యేసుని-యందలి-ఆనందమే-మాకు-బలము
398,యెహోవా మా బలమా నీవే కదా నా ధీమా,missing,,,,https://waytochurch.com/lyrics/song/398/యెహోవా-మా-బలమా-నీవే-కదా-నా-ధీమా
399,పరాక్రమము గల బలాడ్యుడా నీ కంటికి కనిపించే నీ చెవులకు వినిపించే,missing,,,,https://waytochurch.com/lyrics/song/399/పరాక్రమము-గల-బలాడ్యుడా--నీ-కంటికి-కనిపించే-నీ-చెవులకు-వినిపించే
400,ఇదియే సమయం ఇక లేరా నేస్తం ప్రభుకై రగిలే జ్వాలై,missing,,,,https://waytochurch.com/lyrics/song/400/ఇదియే-సమయం-ఇక-లేరా-నేస్తం-ప్రభుకై-రగిలే-జ్వాలై
401,హోలీ హోలీ హోలీ హోలీ హోలీ హోలీ హోలీ హోలీ,in_library_exact,804,Vadhiyimpabadina Gorrepillaa,,https://waytochurch.com/lyrics/song/401/హోలీ-హోలీ-హోలీ-హోలీ----హోలీ-హోలీ-హోలీ-హోలీ
402,ఎంతో వింత ఎంతో చింత యేసునాధున్ మరణమంత,missing,,,,https://waytochurch.com/lyrics/song/402/ఎంతో-వింత-ఎంతో-చింత-యేసునాధున్-మరణమంత
403,ఆహా మహాత్మ హా శరణ్యాహా విమోచకద్రోహ,in_library_contained,1571,Aahaa Mahaathma,,https://waytochurch.com/lyrics/song/403/ఆహా-మహాత్మ-హా--శరణ్యాహా-విమోచకద్రోహ
404,యెవరు చెసిరి పువుఉలనుఉ,missing,,,,https://waytochurch.com/lyrics/song/404/యెవరు-చెసిరి-పువుఉలనుఉ
418,నీ కంటిపాపనూ నా కంటనీరు చూడలేవు,in_library_exact,651,Nee Kantipaapanu,,https://waytochurch.com/lyrics/song/418/నీ-కంటిపాపనూ--నా-కంటనీరు-చూడలేవు
453,ఏ సమయమందైన ఏ స్ధలమందైన,missing,,,,https://waytochurch.com/lyrics/song/453/ఏ-సమయమందైన-ఏ-స్ధలమందైన
496,ఆనంధం –ఆనంధం –ధినధినం ఆనంధం రారాజు నా స్వంతమాయెనే –,missing,,,,https://waytochurch.com/lyrics/song/496/ఆనంధం-–ఆనంధం-–ధినధినం-ఆనంధం-రారాజు-నా-స్వంతమాయెనే-–
497,ఆనంధ మానంధ మాయెను – నాధు ప్రియ కుమారుని యంధు,missing,,,,https://waytochurch.com/lyrics/song/497/ఆనంధ-మానంధ-మాయెను-–-నాధు-ప్రియ-కుమారుని-యంధు
498,నీతిగల యొహోవా స్థుథి మీ – యాథ్మథో నర్పించుదిమీ యాథ్మథో,missing,,,,https://waytochurch.com/lyrics/song/498/నీతిగల-యొహోవా-స్థుథి-మీ-–-యాథ్మథో-నర్పించుదిమీ-యాథ్మథో
499,ధేవ ధివ్యనంథ ప్రభావ మాంపాహి ఘన యోహోవా స్థావర జంగమ,missing,,,,https://waytochurch.com/lyrics/song/499/ధేవ-ధివ్యనంథ-ప్రభావ-మాంపాహి-ఘన-యోహోవా-స్థావర-జంగమ
500,ఘానము చేయుదు సుకీర్థననుఒహోవను గూరిచి క్రొథ గాను రక్థి గాను,missing,,,,https://waytochurch.com/lyrics/song/500/ఘానము-చేయుదు-సుకీర్థననుఒహోవను-గూరిచి-క్రొథ-గాను-రక్థి-గాను
501,ఆన్ని కాలంబులనున్న యోహోవాని న్నెన్నథరంబయో కన్న థంద్రి – వన్నె,missing,,,,https://waytochurch.com/lyrics/song/501/ఆన్ని-కాలంబులనున్న-యోహోవాని-న్నెన్నథరంబయో-కన్న-థంద్రి-–-వన్నె
502,హల్లెలూయ స్తోత్రం,missing,,,,https://waytochurch.com/lyrics/song/502/హల్లెలూయ-స్తోత్రం
503,యేసు నీ క్రుపలో,missing,,,,https://waytochurch.com/lyrics/song/503/యేసు-నీ-క్రుపలో
504,మంచి సాక్షిగ మార్చుము,missing,,,,https://waytochurch.com/lyrics/song/504/మంచి-సాక్షిగ-మార్చుము
505,దేవా నీకు స్తోత్రము,missing,,,,https://waytochurch.com/lyrics/song/505/దేవా-నీకు-స్తోత్రము
506,ప్రియతమా బంధమ నా హృదయపు ఆశ్రయ దుర్గమ అనుదినం అనుక్షణం నీ వొడిలో,missing,,,,https://waytochurch.com/lyrics/song/506/ప్రియతమా-బంధమ-నా-హృదయపు-ఆశ్రయ-దుర్గమ-అనుదినం-అనుక్షణం-నీ-వొడిలో
507,భారత దేశమా యేసుకే నా భారత దేశమా ప్రియయేసుకే,in_library_exact,98,Bhaaratha Deshamaa Yesuke,,https://waytochurch.com/lyrics/song/507/భారత-దేశమా-యేసుకే--నా-భారత-దేశమా-ప్రియయేసుకే
508,నన్నెంతగా ప్రేమించితివో,in_library_exact,1063,Nannenthagaa Preminchithivo,,https://waytochurch.com/lyrics/song/508/నన్నెంతగా-ప్రేమించితివో
509,ఆరాధించెదను నిన్ను నా యేసయ్య ఆత్మతో సత్యముతో,in_library_exact,132,Aaraadhinchedanu Ninnu,,https://waytochurch.com/lyrics/song/509/ఆరాధించెదను-నిన్ను-నా-యేసయ్య--ఆత్మతో-సత్యముతో
510,శృతి చేసి నే పాడనా స్తోత్రగీతం,in_library_exact,679,Shruthi Chesi Ne Paadanaa,,https://waytochurch.com/lyrics/song/510/శృతి-చేసి-నే-పాడనా--స్తోత్రగీతం
511,నీవు లేని రోజు అసలు రోజే కాదయా,in_library_exact,2,Neevu Leni Roju,,https://waytochurch.com/lyrics/song/511/నీవు-లేని-రోజు-అసలు-రోజే-కాదయా
512,పునరుత్థానుడ నా యేసయ్య మరణము గెలిచి బ్రతికించితివి నన్ను,in_library_exact,942,Punarutthaanudaa,,https://waytochurch.com/lyrics/song/512/పునరుత్థానుడ-నా-యేసయ్య-మరణము-గెలిచి-బ్రతికించితివి-నన్ను
513,యూదా స్తుతి గోత్రపు సింహమా,in_library_exact,803,Yoodaa Sthuthi Gothrapu,,https://waytochurch.com/lyrics/song/513/యూదా-స్తుతి-గోత్రపు-సింహమా
514,సూర్యుని ధరించి చంద్రుని మీద నిలిచి,missing,,,,https://waytochurch.com/lyrics/song/514/సూర్యుని-ధరించి--చంద్రుని-మీద-నిలిచి
515,స్తుతికి పాత్రుడా స్తోత్రార్హుడా,missing,,,,https://waytochurch.com/lyrics/song/515/స్తుతికి-పాత్రుడా--స్తోత్రార్హుడా
516,నీ కృపా నాకు చాలును నీ కృప లేనిదే నే బ్రతుకలేను,in_library_exact,1181,Nee Krupa Naaku Chaalunu,,https://waytochurch.com/lyrics/song/516/నీ-కృపా-నాకు-చాలును-నీ-కృప-లేనిదే-నే-బ్రతుకలేను
517,పల్లె పల్లెల్లో పట్టణాల మూలల్లో,missing,,,,https://waytochurch.com/lyrics/song/517/పల్లె-పల్లెల్లో-పట్టణాల-మూలల్లో
518,ముసలమ్మ ముచ్చట్లు కట్టిపెట్టి,missing,,,,https://waytochurch.com/lyrics/song/518/ముసలమ్మ-ముచ్చట్లు-కట్టిపెట్టి
519,మనసార పూజించి నిన్ను ఆరాధిస్తా,in_library_fuzzy,1466,Manasaaraa Poojinchi,0.880,https://waytochurch.com/lyrics/song/519/మనసార-పూజించి-నిన్ను-ఆరాధిస్తా
520,మహిమ స్వరూపుడా మృత్యుంజయుడా,missing,,,,https://waytochurch.com/lyrics/song/520/మహిమ-స్వరూపుడా-మృత్యుంజయుడా
521,దయగల హృదయుడవు,missing,,,,https://waytochurch.com/lyrics/song/521/దయగల-హృదయుడవు
522,నీ సల్లని సూపే ఓ యేసయ్యా,missing,,,,https://waytochurch.com/lyrics/song/522/నీ-సల్లని-సూపే-ఓ-యేసయ్యా
523,ఎడబాయని దేవా ఇమ్మానుయేలు ప్రభువా,missing,,,,https://waytochurch.com/lyrics/song/523/ఎడబాయని-దేవా--ఇమ్మానుయేలు-ప్రభువా
524,గడచిన కాలమంతా నిలిచితివి నా చెంత,missing,,,,https://waytochurch.com/lyrics/song/524/గడచిన-కాలమంతా-నిలిచితివి-నా-చెంత
525,అంబరవీధిలో తారక వెలసెను తూర్పున వింతగా,missing,,,,https://waytochurch.com/lyrics/song/525/అంబరవీధిలో-తారక--వెలసెను-తూర్పున-వింతగా
526,మహిమ రూపము మనిషి ఆయెను బాలయేసునిగా,missing,,,,https://waytochurch.com/lyrics/song/526/మహిమ-రూపము-మనిషి-ఆయెను-బాలయేసునిగా
527,ఆకాశంలో కొత్త చుక్క పుట్టింది,missing,,,,https://waytochurch.com/lyrics/song/527/ఆకాశంలో-కొత్త-చుక్క-పుట్టింది
528,అందరి చెవులు గింగురుమనేలా అంతట చాటి చెప్పాలా,missing,,,,https://waytochurch.com/lyrics/song/528/అందరి-చెవులు-గింగురుమనేలా-అంతట-చాటి-చెప్పాలా
529,ఊరుకో హృదయమా నీలో మత్సరమా,missing,,,,https://waytochurch.com/lyrics/song/529/ఊరుకో-హృదయమా--నీలో-మత్సరమా
530,ఉన్నతమైన రాజ్యపువాసీ యేసయ్యా,missing,,,,https://waytochurch.com/lyrics/song/530/ఉన్నతమైన-రాజ్యపువాసీ-యేసయ్యా
531,సహసకర్యాలు చేయగలిగే దేవుని హస్తము,missing,,,,https://waytochurch.com/lyrics/song/531/సహసకర్యాలు-చేయగలిగే-దేవుని-హస్తము
532,ఓ మానవుడా మేలుకొనుము నిదురయేలరా,missing,,,,https://waytochurch.com/lyrics/song/532/ఓ-మానవుడా-మేలుకొనుము-నిదురయేలరా
533,ఆగిపోదు నా పాట గమ్యం చేరేదాక,missing,,,,https://waytochurch.com/lyrics/song/533/ఆగిపోదు-నా-పాట--గమ్యం-చేరేదాక
534,ఆనన్తము నున్డి అనన్తము వరకు జీవిన్చు ఢెవ,missing,,,,https://waytochurch.com/lyrics/song/534/ఆనన్తము-నున్డి-అనన్తము-వరకు-జీవిన్చు-ఢెవ
535,జీవితంలో నీలా ఉండాలని యేసు నాలో ఎంతో ఆశున్నది,in_library_exact,439,Jeevithamlo Neelaa Undaalani,,https://waytochurch.com/lyrics/song/535/జీవితంలో-నీలా-ఉండాలని-యేసు-నాలో-ఎంతో-ఆశున్నది
536,అల్ఫా ఒమేగా అయినా మహిమాన్వితుడా,in_library_fuzzy,1556,Alphaa Omegayaina,0.889,https://waytochurch.com/lyrics/song/536/అల్ఫా-ఒమేగా-అయినా-మహిమాన్వితుడా
537,హల్లెలూయ స్తోత్రం యేసయ్య,in_library_exact,160,Gadachina Kaalamu,,https://waytochurch.com/lyrics/song/537/హల్లెలూయ-స్తోత్రం-యేసయ్య
538,హల్లెలూయ స్తోత్రం యేసయ్య కృప చాలును నీ కృప చాలును,missing,,,,https://waytochurch.com/lyrics/song/538/హల్లెలూయ-స్తోత్రం-యేసయ్య--కృప-చాలును-నీ-కృప-చాలును
539,గురిలేని పయనం దరి చేరకుంటే,missing,,,,https://waytochurch.com/lyrics/song/539/గురిలేని-పయనం-దరి-చేరకుంటే
540,నా తండ్రీ నిను నేను మరువలేను,missing,,,,https://waytochurch.com/lyrics/song/540/నా-తండ్రీ-నిను-నేను-మరువలేను
541,చితికిన నా జీవితము చినిగిన ఓ కాగితము,missing,,,,https://waytochurch.com/lyrics/song/541/చితికిన-నా-జీవితము-చినిగిన-ఓ-కాగితము
542,ఫలములు కలిగిన శిష్యునిగా నన్ను మార్చితివా,missing,,,,https://waytochurch.com/lyrics/song/542/ఫలములు-కలిగిన-శిష్యునిగా-నన్ను-మార్చితివా
543,మొదట నీ స్థితి కొంచెమే అయినను,missing,,,,https://waytochurch.com/lyrics/song/543/మొదట-నీ-స్థితి-కొంచెమే-అయినను
544,నన్ను ఎవ్వరు కదిలించలేరు దేనికి ఆ శక్తి లేదు,missing,,,,https://waytochurch.com/lyrics/song/544/నన్ను-ఎవ్వరు-కదిలించలేరు-దేనికి-ఆ-శక్తి-లేదు
545,ఆశలన్నీ నీ మీదనే తీర్చవా ప్రభూ,missing,,,,https://waytochurch.com/lyrics/song/545/ఆశలన్నీ-నీ-మీదనే-తీర్చవా-ప్రభూ
546,నా బలము నన్ను విడిచిపోయినా,missing,,,,https://waytochurch.com/lyrics/song/546/నా-బలము-నన్ను-విడిచిపోయినా
547,నీవే నా రక్షణ నీవే నిరీక్షణ,in_library_exact,7,Neeve Naa Rakshana,,https://waytochurch.com/lyrics/song/547/నీవే-నా-రక్షణ-నీవే-నిరీక్షణ
548,కృతజ్ఞతతో సమర్పణతో ఆయన సన్నిది చేరెదము,missing,,,,https://waytochurch.com/lyrics/song/548/కృతజ్ఞతతో-సమర్పణతో-ఆయన-సన్నిది-చేరెదము
549,పశుశాలలో నీవు పవళించినావు పరమాత్ముడవు నీవు,missing,,,,https://waytochurch.com/lyrics/song/549/పశుశాలలో-నీవు-పవళించినావు-పరమాత్ముడవు-నీవు
550,సాత్వీకుడా దీనులను కరుణించే నా యేసయ్య,missing,,,,https://waytochurch.com/lyrics/song/550/సాత్వీకుడా-దీనులను-కరుణించే-నా-యేసయ్య
551,నీ బాహుబలము ఎన్నడైన దూరమాయెనా,missing,,,,https://waytochurch.com/lyrics/song/551/నీ-బాహుబలము-ఎన్నడైన-దూరమాయెనా
552,ఆర్భాటముతో ప్రధాన దూత శబ్ధముతో దేవుని బూరతో,missing,,,,https://waytochurch.com/lyrics/song/552/ఆర్భాటముతో-ప్రధాన-దూత-శబ్ధముతో-దేవుని-బూరతో
553,చాటాలి జగతిలో దేవుని కీర్తి కావాలి మనిషికి దేవుని నీతి,missing,,,,https://waytochurch.com/lyrics/song/553/చాటాలి-జగతిలో-దేవుని-కీర్తి-కావాలి-మనిషికి-దేవుని-నీతి
554,బెత్లేహేములోనంట సందడి పశువుల పాకలో సందడి,in_library_exact,814,Bethlahemulonantaa Sandadi,,https://waytochurch.com/lyrics/song/554/బెత్లేహేములోనంట--సందడి-పశువుల-పాకలో-సందడి
555,క్రీస్మస్ పండుగ వచ్చేనులే నేడు యేసయ్య జన్మ దినం వచ్చేనులే,in_library_exact,1189,Christmas Panduga,,https://waytochurch.com/lyrics/song/555/క్రీస్మస్-పండుగ-వచ్చేనులే-నేడు-యేసయ్య-జన్మ-దినం-వచ్చేనులే
556,ఎన్నాళ్ళుగా ఎన్నేళ్ళుగా నా నీరిక్షనా,missing,,,,https://waytochurch.com/lyrics/song/556/ఎన్నాళ్ళుగా-ఎన్నేళ్ళుగా-నా-నీరిక్షనా
557,ఎందుకో నన్ను నీవు ప్రేమించినావు దేవా,in_library_fuzzy,9,Enduko Nannu Neevu,0.889,https://waytochurch.com/lyrics/song/557/ఎందుకో-నన్ను-నీవు-ప్రేమించినావు-దేవా
558,అనురాగాలు కురిపించే నీ ప్రేమ తలచి,missing,,,,https://waytochurch.com/lyrics/song/558/అనురాగాలు-కురిపించే-నీ-ప్రేమ-తలచి
559,రాజాధి రాజ రవి కోటి తేజ రమణీయ సామ్రాజ్య పరిపాలక,in_library_exact,1245,Raajaadhi Raaja,,https://waytochurch.com/lyrics/song/559/రాజాధి-రాజ-రవి-కోటి-తేజ-రమణీయ-సామ్రాజ్య-పరిపాలక
560,నిండు మనసుతో నిన్నే ఆరాదించుట నీ సంకల్పం,missing,,,,https://waytochurch.com/lyrics/song/560/నిండు-మనసుతో-నిన్నే-ఆరాదించుట-నీ-సంకల్పం
561,లాలి లాలి లాలి లాలమ్మ లాలీ,missing,,,,https://waytochurch.com/lyrics/song/561/లాలి-లాలి-లాలి-లాలమ్మ-లాలీ
562,సంతోషం నాకు సంతోషం యేసు నాలో ఉంటే సంతోషం,missing,,,,https://waytochurch.com/lyrics/song/562/సంతోషం-నాకు-సంతోషం--యేసు-నాలో-ఉంటే-సంతోషం
563,షారోను రోజా యేసే పరిపూర్ణ సుందరుడు,in_library_exact,1547,Shaaronu Rojaa Yese,,https://waytochurch.com/lyrics/song/563/షారోను-రోజా-యేసే--పరిపూర్ణ-సుందరుడు
564,సుధినం సర్వ జనులకు సమధానం సర్వ జగతికి,in_library_exact,1718,Sudhinam Sarvajanulaku - Samaadhanam - Sarva Jagathiki,,https://waytochurch.com/lyrics/song/564/సుధినం-సర్వ-జనులకు--సమధానం-సర్వ-జగతికి
565,అందాల ఉద్యన వనమా ఓ క్రెస్తవా సంఘామా,in_library_exact,1074,Andaala Udyaanavanamaa,,https://waytochurch.com/lyrics/song/565/అందాల-ఉద్యన-వనమా-ఓ-క్రెస్తవా-సంఘామా
566,అంబరానికి అంటేలా సంబరాలతో చాటాల,in_library_exact,1335,Ambaraaniki Antelaa (Yesayya Puttaadani),,https://waytochurch.com/lyrics/song/566/అంబరానికి-అంటేలా-సంబరాలతో-చాటాల
567,అతి త్వరలో వచ్చుచున్నాడు యేసయ్య మేఘాసీనుడిగా,missing,,,,https://waytochurch.com/lyrics/song/567/అతి-త్వరలో-వచ్చుచున్నాడు-యేసయ్య-మేఘాసీనుడిగా
568,అల్లనేరేడల్లో అల్లనేరేడల్లో,in_library_exact,1711,Allaneredallo... Allaneredallo...,,https://waytochurch.com/lyrics/song/568/అల్లనేరేడల్లో-అల్లనేరేడల్లో
569,ఆ జాలి ప్రేమను గమనింపకుందువా,missing,,,,https://waytochurch.com/lyrics/song/569/ఆ-జాలి-ప్రేమను-గమనింపకుందువా
570,ఆగక సాగుమా సేవలో సేవకా,in_library_contained,1337,Aagaka Saagumaa,,https://waytochurch.com/lyrics/song/570/ఆగక-సాగుమా-సేవలో-సేవకా
571,ఆత్మపరిశుద్దాత్ముడా నాలో నివసించుము,missing,,,,https://waytochurch.com/lyrics/song/571/ఆత్మపరిశుద్దాత్ముడా--నాలో-నివసించుము
572,ఆనంద సంవత్సరం ఆశీర్వద కాలం,in_library_exact,1662,Aananda Samvathsaram,,https://waytochurch.com/lyrics/song/572/ఆనంద-సంవత్సరం-ఆశీర్వద-కాలం
573,ఆనందమే ప్రభు యేసుని స్తుతించుట,missing,,,,https://waytochurch.com/lyrics/song/573/ఆనందమే-ప్రభు-యేసుని-స్తుతించుట
574,ఆరాధన స్తుతి ఆరాధన,in_library_exact,531,Aaraadhana Sthuthi Aaraadhana,,https://waytochurch.com/lyrics/song/574/ఆరాధన-స్తుతి-ఆరాధన
575,ఆరాధనా ఆరాధనా,in_library_exact,1191,Aaraadhana Aaraadhana (Chellinchedamu),,https://waytochurch.com/lyrics/song/575/ఆరాధనా-ఆరాధనా
576,ఐక్యపరచుమయ్యా ఈ వధూవరులను,missing,,,,https://waytochurch.com/lyrics/song/576/ఐక్యపరచుమయ్యా-ఈ-వధూవరులను
577,అందరికి కావాలి యేసయ్య రక్తము,in_library_exact,1364,Andariki Kaavaali,,https://waytochurch.com/lyrics/song/577/అందరికి-కావాలి-యేసయ్య-రక్తము
578,అమ్మల్లారా ఓ అక్కల్లారా,in_library_exact,253,Ammallaaraa O Akkallaaraa,,https://waytochurch.com/lyrics/song/578/అమ్మల్లారా-ఓ-అక్కల్లారా
579,ఆకాశమందున్న ఆసీనుడా,in_library_exact,213,Aakaashamandunna Aaseenudaa,,https://waytochurch.com/lyrics/song/579/ఆకాశమందున్న-ఆసీనుడా
580,ఆలయంలో ప్రవేశించండి అందరూ,in_library_exact,348,Aalayamlo Praveshinchandi,,https://waytochurch.com/lyrics/song/580/ఆలయంలో-ప్రవేశించండి-అందరూ
581,బంగారం కంటె ఎంతోష్టమైనది,in_library_exact,1734,Bangaaram Kante Enthoshtamainadi,,https://waytochurch.com/lyrics/song/581/బంగారం-కంటె-ఎంతోష్టమైనది
582,బంగారం తండ్రి నా యేసయ్యా,missing,,,,https://waytochurch.com/lyrics/song/582/బంగారం-తండ్రి-నా-యేసయ్యా
583,బ్రతికెద నీ కోసమే నా ధ్యానమే,missing,,,,https://waytochurch.com/lyrics/song/583/బ్రతికెద-నీ-కోసమే-నా-ధ్యానమే
584,భారతదేశ సువార్త సంఘమా భువిదివి సంగమమా,in_library_exact,294,Bhaaratha Desha Suvaartha,,https://waytochurch.com/lyrics/song/584/భారతదేశ-సువార్త-సంఘమా-భువిదివి-సంగమమా
585,భారతదేశమా యేసుకే,in_library_exact,98,Bhaaratha Deshamaa Yesuke,,https://waytochurch.com/lyrics/song/585/భారతదేశమా-యేసుకే
586,బలపరచుము స్థిరపరచుము నా ప్రార్ధనకు బదులీయుమూ,in_library_fuzzy,1468,Balaparachumu,0.917,https://waytochurch.com/lyrics/song/586/బలపరచుము-స్థిరపరచుము-నా-ప్రార్ధనకు-బదులీయుమూ
587,బలె బలె మాట బంగారు మాట బైబిల్ మాట యేసు మాట,missing,,,,https://waytochurch.com/lyrics/song/587/బలె-బలె-మాట-బంగారు-మాట-బైబిల్-మాట-యేసు-మాట
588,బైబిలు గ్రంధం ద్వారబంధం పరలోక పరమపురికి,missing,,,,https://waytochurch.com/lyrics/song/588/బైబిలు-గ్రంధం-ద్వారబంధం-పరలోక-పరమపురికి
589,బ్రతికి చస్తావా చచ్చి బ్రతుకుతావా,missing,,,,https://waytochurch.com/lyrics/song/589/బ్రతికి-చస్తావా-చచ్చి-బ్రతుకుతావా
590,భజియింతుము నిను జగదీశా శ్రీ యేసా మా రక్షణకర్త,in_library_exact,917,Bhajiyinthumu Ninu Jagadeeshaa,,https://waytochurch.com/lyrics/song/590/భజియింతుము-నిను-జగదీశా-శ్రీ-యేసా-మా-రక్షణకర్త
591,భయపడకు భయపడకు నీ పయనం సాగించు,missing,,,,https://waytochurch.com/lyrics/song/591/భయపడకు-భయపడకు-నీ-పయనం-సాగించు
592,భయము చెందకు భక్తుడా ఈ మాయలోక ఛాయాలు చూచినపుడు,in_library_fuzzy,1351,Bhayamu Chendaku,0.978,https://waytochurch.com/lyrics/song/592/భయము-చెందకు-భక్తుడా-ఈ-మాయలోక-ఛాయాలు-చూచినపుడు
593,చాలు చాలు చాలు,missing,,,,https://waytochurch.com/lyrics/song/593/చాలు-చాలు-చాలు
594,చాలునయ్యా చాలునయ్యా,in_library_exact,1280,Chaalunayyaa Chaalunayyaa,,https://waytochurch.com/lyrics/song/594/చాలునయ్యా-చాలునయ్యా
595,చిరుదీపమల్లె వెలిగింది లోకం ఆ వెలుగు కొరకే వేచింది లోకం,missing,,,,https://waytochurch.com/lyrics/song/595/చిరుదీపమల్లె-వెలిగింది-లోకం-ఆ-వెలుగు-కొరకే-వేచింది-లోకం
596,చాలిన దేవుడవు యేసు చాలిన దేవుడ నీవు,missing,,,,https://waytochurch.com/lyrics/song/596/చాలిన-దేవుడవు-యేసు-చాలిన-దేవుడ-నీవు
597,చిరునగవు మోము తోడా,missing,,,,https://waytochurch.com/lyrics/song/597/చిరునగవు-మోము-తోడా
598,చీకటి లోయలో నేను పడియుండగా,in_library_exact,1477,Cheekati Loyalo,,https://waytochurch.com/lyrics/song/598/చీకటి-లోయలో-నేను-పడియుండగా
599,చూడాలని ఉంది యేసుని చేరాలని ఉంది,missing,,,,https://waytochurch.com/lyrics/song/599/చూడాలని-ఉంది-యేసుని-చేరాలని-ఉంది
600,చెట్టు చూస్తే పచ్చగుంది,in_library_exact,229,Chettu Choosthe Pachchagundi,,https://waytochurch.com/lyrics/song/600/చెట్టు-చూస్తే-పచ్చగుంది
601,దాహము గొన్నవారలారా దాహము తీర్చుకొనండి,missing,,,,https://waytochurch.com/lyrics/song/601/దాహము-గొన్నవారలారా-దాహము-తీర్చుకొనండి
602,దెయ్యమా దైవమ తెలుసుకొ నేస్తమ,missing,,,,https://waytochurch.com/lyrics/song/602/దెయ్యమా-దైవమ-తెలుసుకొ-నేస్తమ
603,దేవా నీకేమిత్తును ఈ దనురాలను అసహాయురాలను,missing,,,,https://waytochurch.com/lyrics/song/603/దేవా-నీకేమిత్తును-ఈ-దనురాలను-అసహాయురాలను
604,దేవుడంటే నీకిష్టమా ఏ కష్టానికైన సిద్ధమా,missing,,,,https://waytochurch.com/lyrics/song/604/దేవుడంటే-నీకిష్టమా-ఏ-కష్టానికైన-సిద్ధమా
605,దేవుని యందు నిరీక్షణ నుంచి,in_library_exact,1285,Devuniyandu Nireekshana Nunchi,,https://waytochurch.com/lyrics/song/605/దేవుని-యందు-నిరీక్షణ-నుంచి
606,ఓ సద్భక్తులారా లోకరక్షకుండు,in_library_exact,726,O Sadbhakthulaaraa,,https://waytochurch.com/lyrics/song/606/ఓ-సద్భక్తులారా-లోకరక్షకుండు
607,శుద్ధరాత్రి సద్ధణంగ నందఱు నిద్రప,in_library_contained,870,Shuddha Raathri,,https://waytochurch.com/lyrics/song/607/శుద్ధరాత్రి-సద్ధణంగ-నందఱు-నిద్రప
608,తేజో మహా ప్రకాశ ప్రధాత శతకోట,missing,,,,"https://waytochurch.com/lyrics/song/608/తేజో-మహా-ప్రకాశ-ప్రధాత
శతకోట"
609,ఎంత మంచి దేవుడవయ్యా చింత లన,missing,,,,"https://waytochurch.com/lyrics/song/609/ఎంత-మంచి-దేవుడవయ్యా-
చింత-లన"
610,ఎంత ప్రేమ యేసయ్యా ద్రోహినైన నా కొరక,in_library_exact,189,Entha Prema Yesayyaa,,https://waytochurch.com/lyrics/song/610/ఎంత-ప్రేమ-యేసయ్యా-ద్రోహినైన-నా-కొరక
611,గురిలేని బ్రతుకిది దరిచేర్చవా నా ప్,missing,,,,https://waytochurch.com/lyrics/song/611/గురిలేని-బ్రతుకిది-దరిచేర్చవా-నా-ప్
612,హల్లెలుయ హొసన్నహొ జయజయ విజయమహొ,in_library_exact,1688,Halleluya Hosannaho,,https://waytochurch.com/lyrics/song/612/హల్లెలుయ-హొసన్నహొ-జయజయ-విజయమహొ
613,ఇదిగో దేవా నా జీవితం ఆపాద మస్తకం నీ,in_library_contained,1081,Idhigo Devaa Naa Jeevitham,,https://waytochurch.com/lyrics/song/613/ఇదిగో-దేవా-నా-జీవితం-ఆపాద-మస్తకం-నీ
614,నిను చూడని క్షణము నీతో నుండని బ్రతు,in_library_contained,1138,Neetho Nundani Brathuku,,https://waytochurch.com/lyrics/song/614/నిను-చూడని-క్షణము-నీతో-నుండని-బ్రతు
615,ఆ ఆ ఆ ఆ ఆ,unusable-title,,,,https://waytochurch.com/lyrics/song/615/ఆ----ఆ----ఆ----ఆ----ఆ
616,చాలిన దేవుడవు యేసు చాలిన దేవుడ నీవు,missing,,,,https://waytochurch.com/lyrics/song/616/చాలిన-దేవుడవు-యేసు-చాలిన-దేవుడ-నీవు
617,చాలు చాలు చాలు నాకు యేసు చాలు చ,missing,,,,"https://waytochurch.com/lyrics/song/617/చాలు-చాలు-చాలు
నాకు-యేసు-చాలు-చ"
618,చాలునయ్యా చాలునయ్యా నీ క్రప నాక,missing,,,,"https://waytochurch.com/lyrics/song/618/చాలునయ్యా-చాలునయ్యా
నీ-క్రప-నాక"
619,చేయి పట్టుకో నా చేయి పట్టుకో జా,in_library_contained,1569,Cheyi Pattuko,,"https://waytochurch.com/lyrics/song/619/చేయి-పట్టుకో-నా-చేయి-పట్టుకో
జా"
620,చీకటి లోయలో నేను పడియుండగా నేవే,in_library_contained,1477,Cheekati Loyalo,,"https://waytochurch.com/lyrics/song/620/చీకటి-లోయలో-నేను-పడియుండగా
నేవే"
621,చిరకాల స్నేహితుడా నా హ్రుదయాన సన్ని,missing,,,,https://waytochurch.com/lyrics/song/621/చిరకాల-స్నేహితుడా-నా-హ్రుదయాన-సన్ని
622,చిరుదీపమల్లె వెలిగింది లోకం ఆ వెలుగ,missing,,,,https://waytochurch.com/lyrics/song/622/చిరుదీపమల్లె-వెలిగింది-లోకం-ఆ-వెలుగ
623,చిరునగవు మోము తోడా భవ దివ్య భజన,missing,,,,"https://waytochurch.com/lyrics/song/623/చిరునగవు-మోము-తోడా
భవ-దివ్య-భజన"
624,చూడాలని ఉంది యేసుని చేరాలని ఉంది,missing,,,,https://waytochurch.com/lyrics/song/624/చూడాలని-ఉంది-యేసుని-చేరాలని-ఉంది
625,దాహము గొన్నవారలారా దాహము తీర్చుకొనం,missing,,,,https://waytochurch.com/lyrics/song/625/దాహము-గొన్నవారలారా-దాహము-తీర్చుకొనం
626,దైవనిర్ణయం ఈ పరిణయం రమణీయం అతిమ,missing,,,,https://waytochurch.com/lyrics/song/626/దైవనిర్ణయం-ఈ-పరిణయం-రమణీయం-అతిమ
627,దేవా నీ నామమ్ బలమైనది నీ నామమ్,in_library_fuzzy,882,Devaa Nee Naamam (Kripal Mohan),0.923,https://waytochurch.com/lyrics/song/627/దేవా-నీ-నామమ్-బలమైనది-నీ-నామమ్
628,దేవా నీకేమిత్తును ఈ దనురాలను అసహాయు,missing,,,,https://waytochurch.com/lyrics/song/628/దేవా-నీకేమిత్తును-ఈ-దనురాలను-అసహాయు
629,దేవరనీ దీవెనలు ధారళముగను వీరలపై,in_library_exact,1292,Devara Nee Deevenalu,,https://waytochurch.com/lyrics/song/629/దేవరనీ-దీవెనలు-ధారళముగను-వీరలపై
630,దేవుడంటే నీకిష్టమా ఏ కష్టానికైన సిద,missing,,,,https://waytochurch.com/lyrics/song/630/దేవుడంటే-నీకిష్టమా-ఏ-కష్టానికైన-సిద
631,దేవుడే కనిపించి నీకేమి కావాలని అడిగ,missing,,,,https://waytochurch.com/lyrics/song/631/దేవుడే-కనిపించి-నీకేమి-కావాలని-అడిగ
632,దేవుడెవరు దేవుడెవరు దేవుడెవరని సం,missing,,,,https://waytochurch.com/lyrics/song/632/దేవుడెవరు-దేవుడెవరు-దేవుడెవరని-సం
633,దేవుడు మనకు ఎల్లప్పుడు తోడుగ నున్నా,in_library_contained,203,Devudu Manaku Ellappudu,,https://waytochurch.com/lyrics/song/633/దేవుడు-మనకు-ఎల్లప్పుడు-తోడుగ-నున్నా
634,దేవుడు మాపక్షమున ఉండగా మాకు విరోది,missing,,,,https://waytochurch.com/lyrics/song/634/దేవుడు-మాపక్షమున-ఉండగా-మాకు-విరోది
635,దేవుని ప్రేమలో కొనసాగుమా ఓ సోదరా ఓ,missing,,,,https://waytochurch.com/lyrics/song/635/దేవుని-ప్రేమలో-కొనసాగుమా-ఓ-సోదరా-ఓ
636,దేవుని సముఖ జీవ కవిలెలో నీ పేరున్నద,in_library_contained,924,Devuni Samukha Jeeva Kavilelo,,https://waytochurch.com/lyrics/song/636/దేవుని-సముఖ-జీవ-కవిలెలో-నీ-పేరున్నద
637,దేవుని సన్నిధిలో సంపూర్ణ సంతోషం,missing,,,,https://waytochurch.com/lyrics/song/637/దేవుని-సన్నిధిలో-సంపూర్ణ-సంతోషం
638,దేవుని వారసులం ప్రేమ నివాసులము,in_library_exact,677,Devuni Vaarasulam,,https://waytochurch.com/lyrics/song/638/దేవుని-వారసులం-ప్రేమ-నివాసులము
639,దేవుని యందు నిరీక్షణ నుంచి ఆయనన,in_library_contained,1285,Devuniyandu Nireekshana Nunchi,,"https://waytochurch.com/lyrics/song/639/దేవుని-యందు-నిరీక్షణ-నుంచి
ఆయనన"
640,దేవునికి స్తోత్రము గానము చేయుటయే మం,in_library_contained,115,Oneness,,https://waytochurch.com/lyrics/song/640/దేవునికి-స్తోత్రము-గానము-చేయుటయే-మం
641,దెయ్యమా దైవమా తెలుసుకో నేస్తమా,missing,,,,https://waytochurch.com/lyrics/song/641/దెయ్యమా-దైవమా-తెలుసుకో-నేస్తమా
642,ధన్యము ఎంతో ధన్యము యేసయ్యను కలిగిన,in_library_contained,1061,Dhanyamu Entho Dhanyamu,,https://waytochurch.com/lyrics/song/642/ధన్యము-ఎంతో-ధన్యము-యేసయ్యను-కలిగిన
643,ధ్యానించుము దివారాత్రము దేవుని ధర్మ,missing,,,,https://waytochurch.com/lyrics/song/643/ధ్యానించుము-దివారాత్రము-దేవుని-ధర్మ
644,దినదినంబు యేసుకు దగ్గరగా చేరుతా,in_library_exact,659,Dinadinambu Yesuku,,https://waytochurch.com/lyrics/song/644/దినదినంబు-యేసుకు-దగ్గరగా-చేరుతా
645,ఈ పరిణయ శుభవేళ స్వాగతంనవ వరుడా,missing,,,,https://waytochurch.com/lyrics/song/645/ఈ-పరిణయ-శుభవేళ-స్వాగతంనవ-వరుడా
646,ఏ సాటి లేని యేసుని ప్రేమ ఎప్పుడైనా,missing,,,,https://waytochurch.com/lyrics/song/646/ఏ-సాటి-లేని-యేసుని-ప్రేమ-ఎప్పుడైనా
647,ఈ తరం యువతరం ప్రభు యేసుకే అంకితం,in_library_exact,1268,Ee Tharam Yuvatharam,,https://waytochurch.com/lyrics/song/647/ఈ-తరం-యువతరం-ప్రభు-యేసుకే-అంకితం
648,ఎక్కడెక్కడో పుట్టి ఎక్కడెక్కడో పెరి,in_library_contained,1107,Ekkadekkado Putti,,https://waytochurch.com/lyrics/song/648/ఎక్కడెక్కడో-పుట్టి-ఎక్కడెక్కడో-పెరి
649,ఏమని పాడను ఏమని పొగడను నాదు దేవ,in_library_contained,673,Emani Paadanu,,"https://waytochurch.com/lyrics/song/649/ఏమని-పాడను-ఏమని-పొగడను
నాదు-దేవ"
650,ఎండిన ఎడారి బ్రతుకులో నిండైన ఆశ,in_library_contained,983,Endina Edaari Brathukulo,,"https://waytochurch.com/lyrics/song/650/ఎండిన-ఎడారి-బ్రతుకులో
నిండైన-ఆశ"
651,ఎందుకో నన్నింతగా నీవు ప్రేమించితివో,in_library_contained,22,Enduko Nanninthagaa Neevu,,https://waytochurch.com/lyrics/song/651/ఎందుకో-నన్నింతగా-నీవు-ప్రేమించితివో
652,ఎన్నెలో ఎన్నెలా కన్నుల్లో ఎన్నెలా,missing,,,,https://waytochurch.com/lyrics/song/652/ఎన్నెలో-ఎన్నెలా-కన్నుల్లో-ఎన్నెలా
653,ఎన్నిరోజులగునో యేసుని సువార్త అ,missing,,,,"https://waytochurch.com/lyrics/song/653/ఎన్నిరోజులగునో-యేసుని-సువార్త
అ"
654,ఎంత ఆశ్చర్యకరుడో యన్నా ఎంచలేము మా య,missing,,,,https://waytochurch.com/lyrics/song/654/ఎంత-ఆశ్చర్యకరుడో-యన్నా-ఎంచలేము-మా-య
655,ఎంత మధురము యేసుని ప్రేమ ఎంత మధు,in_library_contained,35,Entha Madhuramu,,"https://waytochurch.com/lyrics/song/655/ఎంత-మధురము-యేసుని-ప్రేమ
ఎంత-మధు"
656,ఎంత మధురము యేసువాక్యము నా జీవిత,in_library_contained,1681,Entha Madhuramu Yesu Vaakyamu,,"https://waytochurch.com/lyrics/song/656/ఎంత-మధురము-యేసువాక్యము
నా-జీవిత"
657,ఎంతో సుందరుడమ్మతాను నేనెంతో ముర,in_library_contained,179,Entho Sundarudamma Thaanu,,"https://waytochurch.com/lyrics/song/657/ఎంతో-సుందరుడమ్మతాను
నేనెంతో-ముర"
658,ఎవరో తెలుసా యేసయ్యా చెబుతా నేడు,in_library_contained,1199,Evaro Thelusaa Yesayyaa,,"https://waytochurch.com/lyrics/song/658/ఎవరో-తెలుసా-యేసయ్యా
చెబుతా-నేడు"
659,గమ్యం చేరాలని నీతో ఉండాలని పగలు రేయ,in_library_contained,242,Gamyam Cheraalani,,https://waytochurch.com/lyrics/song/659/గమ్యం-చేరాలని-నీతో-ఉండాలని-పగలు-రేయ
660,గర్భఫలము దేవుడిచ్చు బహుమానం కుమ,missing,,,,"https://waytochurch.com/lyrics/song/660/గర్భఫలము-దేవుడిచ్చు-బహుమానం
కుమ"
661,గిలాదులో గుగ్గిలము లేదా ఎక్కడా,missing,,,,"https://waytochurch.com/lyrics/song/661/గిలాదులో-గుగ్గిలము-లేదా
ఎక్కడా"
662,గొప్ప దేవుడవని శక్తి సంపన్నుడని,in_library_exact,706,Goppa Devudavani,,https://waytochurch.com/lyrics/song/662/గొప్ప-దేవుడవని-శక్తి-సంపన్నుడని
663,గురియొద్దకే పరుగిడుచుంటిని క్రీస్తు,missing,,,,https://waytochurch.com/lyrics/song/663/గురియొద్దకే-పరుగిడుచుంటిని-క్రీస్తు
664,హే హే మనసంతా నిండే హే హే ఎంతో ఆనందం,in_library_exact,1739,Hey Hey Manasanthaa Ninde,,https://waytochurch.com/lyrics/song/664/హే-హే-మనసంతా-నిండే-హే-హే-ఎంతో-ఆనందం
665,ఇదే నా కోరిక నవజీవన రాగమాలిక,in_library_contained,1454,Idhe Naa Korika,,https://waytochurch.com/lyrics/song/665/ఇదే-నా-కోరిక-నవజీవన-రాగమాలిక
666,ఇది కోతకు సమయం పనివారి తరుణం ప్రార్,in_library_contained,1461,Idhi Kothaku Samayam,,https://waytochurch.com/lyrics/song/666/ఇది-కోతకు-సమయం-పనివారి-తరుణం-ప్రార్
667,ఇంతటి ప్రేమను వింతగ చూపను ఎంతటివాడన,in_library_contained,1738,Inthati Premanu Vinthaga,,https://waytochurch.com/lyrics/song/667/ఇంతటి-ప్రేమను-వింతగ-చూపను-ఎంతటివాడన
668,ఇంతలోనే కనబడి అంతలోనే మాయమయ్యే,in_library_exact,1308,Inthalone Kanabadi,,"https://waytochurch.com/lyrics/song/668/ఇంతలోనే-కనబడి-అంతలోనే-
మాయమయ్యే"
669,జాగెల యువక రావేల త్వరగ నీరాక కో,missing,,,,"https://waytochurch.com/lyrics/song/669/జాగెల-యువక-రావేల-త్వరగ
నీరాక-కో"
670,జనించె నేడు దివ్య బాలుడు నిజంబు,missing,,,,"https://waytochurch.com/lyrics/song/670/జనించె-నేడు-దివ్య-బాలుడు
నిజంబు"
671,జయ జయ యేసు జయ యేసు జయ జయ క్రీస్తు జ,in_library_contained,23,Jaya Jaya Yesu,,https://waytochurch.com/lyrics/song/671/జయ-జయ-యేసు-జయ-యేసు-జయ-జయ-క్రీస్తు-జ
672,జయ రాజు యేసు జండ క్రింద సేవకు వస్తి,missing,,,,https://waytochurch.com/lyrics/song/672/జయ-రాజు-యేసు-జండ-క్రింద-సేవకు-వస్తి
673,జయహే జయహే జయహే జయహే జయ,missing,,,,https://waytochurch.com/lyrics/song/673/జయహే-జయహే-జయహే-జయహే-జయ
674,జయహే జయహే క్రీస్తేసు ప్రభువుకే జయహే,missing,,,,https://waytochurch.com/lyrics/song/674/జయహే-జయహే-క్రీస్తేసు-ప్రభువుకే-జయహే
675,జయము నీదే జయము నీదే ఓ సేవకుడా సోద,in_library_prefix,1716,Jayamu Neede Jayamu Neede O Sevakudaa,0.882,https://waytochurch.com/lyrics/song/675/జయము-నీదే-జయము-నీదే-ఓ-సేవకుడా-సోద
676,జయశీలుడా మా యేసయ్యా జీవించు వాడా మె,missing,,,,https://waytochurch.com/lyrics/song/676/జయశీలుడా-మా-యేసయ్యా-జీవించు-వాడా-మె
677,జీవనదిని నా హృదయములో ప్రవహింప చేయుమ,in_library_contained,1071,Jeevanadini Naa Hrudayamulo,,https://waytochurch.com/lyrics/song/677/జీవనదిని-నా-హృదయములో-ప్రవహింప-చేయుమ
678,జీవిత యాత్రలో నాదు గురి నీవెగా నీకు,missing,,,,https://waytochurch.com/lyrics/song/678/జీవిత-యాత్రలో-నాదు-గురి-నీవెగా-నీకు
679,జీవితంలో నీలా ఉండాలని యేసు నాలో ఎంత,in_library_contained,439,Jeevithamlo Neelaa Undaalani,,https://waytochurch.com/lyrics/song/679/జీవితంలో-నీలా-ఉండాలని-యేసు-నాలో-ఎంత
680,జీవితాంతమునే నీతో నడవాలని ఎన్నడ,in_library_contained,372,Jeevithaanthamu Ne Neetho,,"https://waytochurch.com/lyrics/song/680/జీవితాంతమునే-నీతో-నడవాలని
ఎన్నడ"
681,జో జో లాలి బాల యేసు లాలి నన,missing,,,,"https://waytochurch.com/lyrics/song/681/జో-జో-లాలి-
బాల-యేసు-లాలి-నన"
682,జో లాలి జో మరియతనయుడా జో లాలి జ,missing,,,,"https://waytochurch.com/lyrics/song/682/జో-లాలి-జో-మరియతనయుడా
జో-లాలి-జ"
683,జుంటె తేనె ధారలకన్న యేసు నామమే మధుర,in_library_exact,412,Junti Thene Dhaarala Kannaa,,https://waytochurch.com/lyrics/song/683/జుంటె-తేనె-ధారలకన్న-యేసు-నామమే-మధుర
684,జ్యోతిర్మయుడా నా ప్రాణ ప్రియుడా స్త,in_library_contained,542,Jyothirmayudaa,,https://waytochurch.com/lyrics/song/684/జ్యోతిర్మయుడా-నా-ప్రాణ-ప్రియుడా-స్త
685,కడవరి దినములలో రావాలి ఉజ్జీవం య,missing,,,,"https://waytochurch.com/lyrics/song/685/కడవరి-దినములలో-రావాలి-ఉజ్జీవం
య"
686,కలలో ఆ రాత్రి మదిలో ఊహలలో తలపుల,missing,,,,"https://waytochurch.com/lyrics/song/686/కలలో-ఆ-రాత్రి-మదిలో
ఊహలలో-తలపుల"
687,కలవంటిది నీ జీవితము కడుస్వల్పకాలము,in_library_exact,668,Kalavantidi Nee Jeevitham,,https://waytochurch.com/lyrics/song/687/కలవంటిది-నీ-జీవితము-కడుస్వల్పకాలము
688,కల్వరి స్వరము నీ కొరకే సుమధుర స్వరమ,missing,,,,https://waytochurch.com/lyrics/song/688/కల్వరి-స్వరము-నీ-కొరకే-సుమధుర-స్వరమ
689,కల్వరిగిరిపై సిలువ భారము భరించితివా,missing,,,,https://waytochurch.com/lyrics/song/689/కల్వరిగిరిపై-సిలువ-భారము-భరించితివా
690,కళ్యాణం కమనీయం ఈ సమయం అతి మధురం,in_library_exact,1321,Kalyaanam Kamaneeyam,,https://waytochurch.com/lyrics/song/690/కళ్యాణం-కమనీయం-ఈ-సమయం-అతి-మధురం
691,కళ్యాణమే వైబోగం కమనీయ కాంతుల దీపం,missing,,,,https://waytochurch.com/lyrics/song/691/కళ్యాణమే-వైబోగం-కమనీయ-కాంతుల-దీపం
692,కనలేని కనులేలనయ్యా వినలేని చెవులేలన,in_library_contained,929,Kanaleni Kanulelanayyaa,,https://waytochurch.com/lyrics/song/692/కనలేని-కనులేలనయ్యా-వినలేని-చెవులేలన
693,కనిపించదాయె కనుచూపులోన ఒక ఆశ నా,missing,,,,"https://waytochurch.com/lyrics/song/693/కనిపించదాయె-కనుచూపులోన
ఒక-ఆశ-నా"
694,కన్నీటితో పాదలనె కడగన నా హృదయము,missing,,,,"https://waytochurch.com/lyrics/song/694/కన్నీటితో-పాదలనె-కడగన
నా-హృదయము"
695,కన్నులుండి చూడలేవా యేసు మహిమను,in_library_exact,341,Kannulundi Choodaleva,,https://waytochurch.com/lyrics/song/695/కన్నులుండి-చూడలేవా-యేసు-మహిమను
696,కనుమూయక ముందే తెలుసుకో ఓ నిజాన్ని,missing,,,,https://waytochurch.com/lyrics/song/696/కనుమూయక-ముందే-తెలుసుకో-ఓ-నిజాన్ని
697,కట్టెలపై నీ శరీరం కనిపించదు గంటకు మ,in_library_contained,398,Kattelapai Nee Shareeram,,https://waytochurch.com/lyrics/song/697/కట్టెలపై-నీ-శరీరం-కనిపించదు-గంటకు-మ
698,కీర్తనీయుడా నా షాలేము రాజా వధిం,missing,,,,"https://waytochurch.com/lyrics/song/698/కీర్తనీయుడా-నా-షాలేము-రాజా
వధిం"
699,కోటి కిరణముల కాంతిని మించిన శాంతివి,missing,,,,https://waytochurch.com/lyrics/song/699/కోటి-కిరణముల-కాంతిని-మించిన-శాంతివి
700,క్రీస్తు మహిమకే మా ప్రాణం మా జీవం మ,missing,,,,https://waytochurch.com/lyrics/song/700/క్రీస్తు-మహిమకే-మా-ప్రాణం-మా-జీవం-మ
701,క్రీస్తు నేడు పుట్టెనె రక్షణ దొరికె,missing,,,,https://waytochurch.com/lyrics/song/701/క్రీస్తు-నేడు-పుట్టెనె-రక్షణ-దొరికె
702,క్రీస్తు విరోధులపై సింహగర్జన క్,missing,,,,"https://waytochurch.com/lyrics/song/702/క్రీస్తు-విరోధులపై-సింహగర్జన
క్"
703,క్రొత్త యేడు మొదలు బెట్టెను మన బ్రత,in_library_contained,444,Krottha Yedu Modalu Bettenu,,https://waytochurch.com/lyrics/song/703/క్రొత్త-యేడు-మొదలు-బెట్టెను-మన-బ్రత
704,మధురం అమరం నీ ప్రేమ యేసు అమృత ధార న,missing,,,,https://waytochurch.com/lyrics/song/704/మధురం-అమరం-నీ-ప్రేమ-యేసు-అమృత-ధార-న
705,మధురం మధురం నా ప్రియ యేసునీ ప్,in_library_contained,40,Madhuram Madhuram Naa Priya Yesu,,https://waytochurch.com/lyrics/song/705/మధురం-మధురం-నా-ప్రియ-యేసునీ-ప్
706,మధురమైనది నా యేసు ప్రేమ మరపురాన,in_library_contained,1590,Madhuramainadi Naa Yesu Prema,,"https://waytochurch.com/lyrics/song/706/మధురమైనది-నా-యేసు-ప్రేమ
మరపురాన"
707,మహిమ గల తండ్రి మంచి వ్యవసాయకుడు,in_library_exact,849,Mahimagala Thandri,,https://waytochurch.com/lyrics/song/707/మహిమ-గల-తండ్రి-మంచి-వ్యవసాయకుడు
708,మహిమ ప్రభునీకే ఘనత ప్రభు నీకే,in_library_fuzzy,1713,Mahima Prabhuvuneeke Ghanatha Prabhu Neeke,0.903,https://waytochurch.com/lyrics/song/708/మహిమ-ప్రభునీకే-ఘనత-ప్రభు-నీకే
709,మహిమోన్నతుడు మహిమాన్వితుడు మరణం,missing,,,,"https://waytochurch.com/lyrics/song/709/మహిమోన్నతుడు-మహిమాన్వితుడు
మరణం"
710,మనసున్న మంచిదేవా నీ మనసును నాకిచ్చా,missing,,,,https://waytochurch.com/lyrics/song/710/మనసున్న-మంచిదేవా-నీ-మనసును-నాకిచ్చా
711,మానవుడా కారణజన్ముడా నీ జన్మకు కారణ,missing,,,,https://waytochurch.com/lyrics/song/711/మానవుడా-కారణజన్ముడా-నీ-జన్మకు-కారణ
712,మనిషీ ఓ మనిషీ ఓ మనిషీ నీవెవరు య,missing,,,,"https://waytochurch.com/lyrics/song/712/మనిషీ-ఓ-మనిషీ-ఓ-మనిషీ-నీవెవరు
య"
713,మార్గం జీవం నీవే దేవా నిన్ను స్తుతి,in_library_contained,1733,Maargam Jeevam Neeve Devaa - Ninnu Sthuthinchi Paadaga,,https://waytochurch.com/lyrics/song/713/మార్గం-జీవం-నీవే-దేవా-నిన్ను-స్తుతి
714,మార్గం సత్యం జీవం క్రీస్తేసని చ,missing,,,,"https://waytochurch.com/lyrics/song/714/మార్గం-సత్యం-జీవం
క్రీస్తేసని-చ"
715,మరియ తనయుడట మనుజ రూపుడట మాన వాళ,in_library_contained,1732,Mariya Thanayudata Manuja Roopudata,,"https://waytochurch.com/lyrics/song/715/మరియ-తనయుడట-మనుజ-రూపుడట
మాన-వాళ"
716,మాటాడు నా ప్రభువా నాతో మాటాడు నా ప్,missing,,,,https://waytochurch.com/lyrics/song/716/మాటాడు-నా-ప్రభువా-నాతో-మాటాడు-నా-ప్
717,మట్టివిరా వట్టివిరా మన్నువురా మన్నవ,missing,,,,https://waytochurch.com/lyrics/song/717/మట్టివిరా-వట్టివిరా-మన్నువురా-మన్నవ
718,మాయలోకం మాయలోకం తెలుసుకో ఇది మాయలోక,missing,,,,https://waytochurch.com/lyrics/song/718/మాయలోకం-మాయలోకం-తెలుసుకో-ఇది-మాయలోక
719,మేడున్నా మిద్దున్నా పెద్ద గద్దెమీద,in_library_contained,1687,Medunnaa Middunnaa - Pedda Gadde Meeda Neevunnaa,,https://waytochurch.com/lyrics/song/719/మేడున్నా-మిద్దున్నా-పెద్ద-గద్దెమీద
720,మెనే మెనే టెకేల్ ఉఫార్సీన్ మెనే మెన,missing,,,,https://waytochurch.com/lyrics/song/720/మెనే-మెనే-టెకేల్-ఉఫార్సీన్-మెనే-మెన
721,నా ఆశ నీతో ఉండాలని నా ఆశ నీలా ఉ,missing,,,,"https://waytochurch.com/lyrics/song/721/నా-ఆశ-నీతో-ఉండాలని
నా-ఆశ-నీలా-ఉ"
722,నా దీపము యేసయ్యా నీవు వెలిగించినావు,in_library_exact,1304,Naa Deepamu Yesayyaa,,https://waytochurch.com/lyrics/song/722/నా-దీపము-యేసయ్యా-నీవు-వెలిగించినావు
723,నా హృదయము వింతగ మారెను యేసు,missing,,,,"https://waytochurch.com/lyrics/song/723/నా-హృదయము-వింతగ-మారెను-
యేసు"
725,నా జీవిత యాత్రలో ప్రభువా నీ పాదమే శ,in_library_contained,617,Naa Jeevitha Yaathralo,,https://waytochurch.com/lyrics/song/725/నా-జీవిత-యాత్రలో-ప్రభువా-నీ-పాదమే-శ
726,నా కనుల వెంబడి కన్నీరు రానీయకా న,in_library_contained,897,Naa Kanula Vembadi,,https://waytochurch.com/lyrics/song/726/నా-కనుల-వెంబడి-కన్నీరు-రానీయకా--న
727,నా కెంతో ఆనందం నీ సన్నిధి ప్రభువా,in_library_exact,369,Naakentho Aanandam,,https://waytochurch.com/lyrics/song/727/నా-కెంతో-ఆనందం-నీ-సన్నిధి-ప్రభువా
728,నా నీతి నీవే నా ఖ్యాతి నీవే నా దైవమ,in_library_contained,1066,Naa Neethi Neeve,,https://waytochurch.com/lyrics/song/728/నా-నీతి-నీవే-నా-ఖ్యాతి-నీవే-నా-దైవమ
729,నా నోటన్ క్రొత్త పాట నా యేసు ఇచ్చె,in_library_contained,29,Naa Notan Krottha Paata,,https://waytochurch.com/lyrics/song/729/నా-నోటన్-క్రొత్త-పాట-నా-యేసు-ఇచ్చె
730,నా పాదములకు దీపం నా త్రోవలకు వెలుగు,missing,,,,https://waytochurch.com/lyrics/song/730/నా-పాదములకు-దీపం-నా-త్రోవలకు-వెలుగు
731,నా పేరే తెలియని ప్రజలు ఎందరో ఉన్నార,in_library_exact,368,Naa Pere Theliyani Prajalu,,https://waytochurch.com/lyrics/song/731/నా-పేరే-తెలియని-ప్రజలు-ఎందరో-ఉన్నార
732,నా ప్రాణ ప్రియుడా నా యేసు ప్రభువా,missing,,,,https://waytochurch.com/lyrics/song/732/నా-ప్రాణ-ప్రియుడా-నా-యేసు-ప్రభువా
733,నా ప్రాణం నా సర్వం అంతరంగమున సమస్తమ,missing,,,,https://waytochurch.com/lyrics/song/733/నా-ప్రాణం-నా-సర్వం-అంతరంగమున-సమస్తమ
734,నా ప్రాణానికి ప్రాణం నీవే యేసయ్యా,missing,,,,https://waytochurch.com/lyrics/song/734/నా-ప్రాణానికి-ప్రాణం-నీవే-యేసయ్యా
735,నా ప్రియ యేసు రాజా ఆదుకో నన్నెపుడు,missing,,,,https://waytochurch.com/lyrics/song/735/నా-ప్రియ-యేసు-రాజా-ఆదుకో-నన్నెపుడు
736,నా ప్రియుడు నా స్నేహితుడు అతి మ,missing,,,,"https://waytochurch.com/lyrics/song/736/నా-ప్రియుడు-నా-స్నేహితుడు
అతి-మ"
737,నా రాజా నా దేవా స్తొత్ర గీతం పాడెదన,missing,,,,https://waytochurch.com/lyrics/song/737/నా-రాజా-నా-దేవా-స్తొత్ర-గీతం-పాడెదన
738,నా వేదనలో వెదకితిని శ్రీయేసుని పాదా,missing,,,,https://waytochurch.com/lyrics/song/738/నా-వేదనలో-వెదకితిని-శ్రీయేసుని-పాదా
739,నా యేసయ్యా నా రక్షకా నా నమ్మదగి,in_library_contained,149,Naa Yesayyaa Naa Rakshakaa,,"https://waytochurch.com/lyrics/song/739/నా-యేసయ్యా-నా-రక్షకా
నా-నమ్మదగి"
740,నా యేసు రాజు నాకై పుట్టిన రోజు,in_library_exact,973,Naa Yesu Raaju,,https://waytochurch.com/lyrics/song/740/నా-యేసు-రాజు-నాకై-పుట్టిన-రోజు
741,నా యేసుని సన్నిధిలోనే నా జీవితం అర్,missing,,,,https://waytochurch.com/lyrics/song/741/నా-యేసుని-సన్నిధిలోనే-నా-జీవితం-అర్
742,నాది నాది అంటు వాదులాట నీకెందుకు,missing,,,,https://waytochurch.com/lyrics/song/742/నాది-నాది-అంటు-వాదులాట-నీకెందుకు
743,నడిపిస్తాడు నా దేవుడు శ్రమలోనైనా నన,in_library_contained,1294,Nadipisthaadu Naa Devudu,,https://waytochurch.com/lyrics/song/743/నడిపిస్తాడు-నా-దేవుడు-శ్రమలోనైనా-నన
744,నాదు జీవ మాయనే నా సమస్తము నా సర,in_library_contained,904,Naadu Jeevamaayene,,"https://waytochurch.com/lyrics/song/744/నాదు-జీవ-మాయనే-నా-సమస్తము
నా-సర"
745,నాదు జీవమాయనే నా సమస్తము నా సర్,in_library_contained,904,Naadu Jeevamaayene,,"https://waytochurch.com/lyrics/song/745/నాదు-జీవమాయనే-నా-సమస్తము
నా-సర్"
746,నజరేయుడా నా యేసయ్యా ఎన్నియుగాలకైనా,in_library_exact,655,Najareyudaa Naa Yesayyaa,,https://waytochurch.com/lyrics/song/746/నజరేయుడా-నా-యేసయ్యా-ఎన్నియుగాలకైనా
747,నాకు జీవమైనయున్న నా జీవమా నాకు,missing,,,,"https://waytochurch.com/lyrics/song/747/నాకు-జీవమైనయున్న-నా-జీవమా
నాకు"
748,నాలో నిన్ను చూడనీ నీతో బ్రతుకు సాగన,missing,,,,https://waytochurch.com/lyrics/song/748/నాలో-నిన్ను-చూడనీ-నీతో-బ్రతుకు-సాగన
749,నాలోన అణువణువున నీవని నీలోన నన్,missing,,,,"https://waytochurch.com/lyrics/song/749/నాలోన-అణువణువున-నీవని
నీలోన-నన్"
750,నాలోని ఆశా జ్యోతి నీవే నా ప్రభువా న,missing,,,,https://waytochurch.com/lyrics/song/750/నాలోని-ఆశా-జ్యోతి-నీవే-నా-ప్రభువా-న
751,నమ్మవద్దు నమ్మవద్దు ఈ మాయలోకం నమ్మవ,missing,,,,https://waytochurch.com/lyrics/song/751/నమ్మవద్దు-నమ్మవద్దు-ఈ-మాయలోకం-నమ్మవ
752,నమ్మి నమ్మి మనుష్యులను నీవు నమ్మి న,missing,,,,https://waytochurch.com/lyrics/song/752/నమ్మి-నమ్మి-మనుష్యులను-నీవు-నమ్మి-న
753,నన్నాకర్షించిన నీ స్నేహబంధం ఆత్మీయ,in_library_contained,1318,Nannaakarshinchina Nee Sneha Bandham,,https://waytochurch.com/lyrics/song/753/నన్నాకర్షించిన-నీ-స్నేహబంధం-ఆత్మీయ
754,నన్ను దిద్దుము చిన్న ప్రాయము సన్నుత,in_library_contained,1190,Nannu Diddumu Chinna Praayamu,,https://waytochurch.com/lyrics/song/754/నన్ను-దిద్దుము-చిన్న-ప్రాయము-సన్నుత
755,నన్ను విడిపించి నా నన్ను రక్షించినా,missing,,,,https://waytochurch.com/lyrics/song/755/నన్ను-విడిపించి-నా-నన్ను-రక్షించినా
756,నను ప్రేమించిన యేసయ్యా నిన్ను నేను,missing,,,,https://waytochurch.com/lyrics/song/756/నను-ప్రేమించిన-యేసయ్యా-నిన్ను-నేను
757,నశియించు ఆత్మలెన్నియో చేజారిపోవుచుం,in_library_contained,966,Nashiyinchu Aathmalenniyo,,https://waytochurch.com/lyrics/song/757/నశియించు-ఆత్మలెన్నియో-చేజారిపోవుచుం
758,నాతో మాట్లాడు ప్రభువా నీవే మాట్లాడు,in_library_contained,734,Naatho Maatlaadu Prabhuvaa,,https://waytochurch.com/lyrics/song/758/నాతో-మాట్లాడు-ప్రభువా-నీవే-మాట్లాడు
759,నాతో నీవు మాట్లడినచో నే బ్రతికెదను,in_library_fuzzy,195,Naatho Neevu Maatlaadinacho,0.970,https://waytochurch.com/lyrics/song/759/నాతో-నీవు-మాట్లడినచో-నే-బ్రతికెదను
760,నావన్ని అంగీకరించుమీ దేవా నన్నెపుడు,missing,,,,https://waytochurch.com/lyrics/song/760/నావన్ని-అంగీకరించుమీ-దేవా-నన్నెపుడు
761,నేడో రేపో యేసు రాకడ కాలం సమయం ఎ,missing,,,,"https://waytochurch.com/lyrics/song/761/నేడో-రేపో-యేసు-రాకడ-కాలం-సమయం
ఎ"
762,నీలా లేరెవ్వరు నీకు సాటెవ్వరు మహా ద,missing,,,,https://waytochurch.com/lyrics/song/762/నీలా-లేరెవ్వరు-నీకు-సాటెవ్వరు-మహా-ద
763,నీవే నా ఆకర్షణ నీవే నా నిరీక్షణ నీవ,missing,,,,https://waytochurch.com/lyrics/song/763/నీవే-నా-ఆకర్షణ-నీవే-నా-నిరీక్షణ-నీవ
764,నీవు చేసిన ఉపకారములకు నేనేమి చెల్లి,in_library_contained,799,Neevu Chesina Upakaaramulaku,,https://waytochurch.com/lyrics/song/764/నీవు-చేసిన-ఉపకారములకు-నేనేమి-చెల్లి
765,నేనెందుకని నీ సొత్తుగా మారితిని,missing,,,,https://waytochurch.com/lyrics/song/765/నేనెందుకని-నీ-సొత్తుగా-మారితిని
766,నేను వెళ్ళేమార్గము నాయేసుకే తెలియున,in_library_exact,853,Nenu Velle Maargamu,,https://waytochurch.com/lyrics/song/766/నేను-వెళ్ళేమార్గము-నాయేసుకే-తెలియున
767,నెరవేరుగురుతు లవి యన్నియు పరిపూర్ణమ,missing,,,,https://waytochurch.com/lyrics/song/767/నెరవేరుగురుతు-లవి-యన్నియు-పరిపూర్ణమ
768,నేసాగెద యేసునితో నా జీవిత కాలమంతా,in_library_exact,1150,Ne Saageda Yesunitho,,https://waytochurch.com/lyrics/song/768/నేసాగెద-యేసునితో-నా-జీవిత-కాలమంతా
769,నీ మధిలో నను తలచు ప్రభువా న,missing,,,,"https://waytochurch.com/lyrics/song/769/నీ--మధిలో-నను-తలచు-ప్రభువా
న"
770,నీ ఆరాధన హృదయ ఆలాపనా ఆత్మతో సత్,missing,,,,"https://waytochurch.com/lyrics/song/770/నీ-ఆరాధన-హృదయ-ఆలాపనా
ఆత్మతో-సత్"
771,నీ చేతితో నన్ను పట్టుకో నీ ఆత్మతో న,in_library_contained,374,Nee Chethitho Nannu Pattuko,,https://waytochurch.com/lyrics/song/771/నీ-చేతితో-నన్ను-పట్టుకో-నీ-ఆత్మతో-న
772,నీ దేవుడేడంచు నన్నడుగుచున్నారు,missing,,,,https://waytochurch.com/lyrics/song/772/నీ-దేవుడేడంచు-నన్నడుగుచున్నారు
773,నీ జీవితములో గమ్యంబు ఏదో ఒకసారి యోచ,in_library_contained,1298,Nee Jeevithamulo,,https://waytochurch.com/lyrics/song/773/నీ-జీవితములో-గమ్యంబు-ఏదో-ఒకసారి-యోచ
774,నీ కష్టాలన్నీ బాధలన్నీ శ్రమలన్నీ తీ,missing,,,,https://waytochurch.com/lyrics/song/774/నీ-కష్టాలన్నీ-బాధలన్నీ-శ్రమలన్నీ-తీ
775,నీ కృప చాలును నీ ప్రేమ చాలును న,in_library_contained,355,Nee Krupa Chaalunu,,"https://waytochurch.com/lyrics/song/775/నీ-కృప-చాలును-నీ-ప్రేమ-చాలును
న"
776,నీ మాటలతో నా బ్రతుకు బ్రతికిస్తావని,missing,,,,https://waytochurch.com/lyrics/song/776/నీ-మాటలతో-నా-బ్రతుకు-బ్రతికిస్తావని
777,నీ ముఖము మనోహరము నీ స్వరము మాధుర్యమ,missing,,,,https://waytochurch.com/lyrics/song/777/నీ-ముఖము-మనోహరము-నీ-స్వరము-మాధుర్యమ
778,నీ నామము పరిశుద్ధబడిలో దిద్ది నేర్చ,missing,,,,https://waytochurch.com/lyrics/song/778/నీ-నామము-పరిశుద్ధబడిలో-దిద్ది-నేర్చ
779,నీ నామమునే కొనియాడెదను నీ సన్నిధిలో,missing,,,,https://waytochurch.com/lyrics/song/779/నీ-నామమునే-కొనియాడెదను-నీ-సన్నిధిలో
780,నీ ప్రేమా నీ కరుణా చాలునయా నా,missing,,,,https://waytochurch.com/lyrics/song/780/నీ-ప్రేమా--నీ-కరుణా--చాలునయా-నా
781,నీ ప్రేమయే నాకు చాలు నీతోడు నాకుంటే,missing,,,,https://waytochurch.com/lyrics/song/781/నీ-ప్రేమయే-నాకు-చాలు-నీతోడు-నాకుంటే
782,నీ రాజ్యం శాశ్వాత రాజ్యం నీ పరిపాలన,missing,,,,https://waytochurch.com/lyrics/song/782/నీ-రాజ్యం-శాశ్వాత-రాజ్యం-నీ-పరిపాలన
783,నీ వాక్యమే నన్ను బ్రతికించెను భ,in_library_contained,1039,Nee Vaakyame Nannu Brathikinchenu,,"https://waytochurch.com/lyrics/song/783/నీ-వాక్యమే-నన్ను-బ్రతికించెను
భ"
784,నీ వంటి వారు ఎవరు ఈ లోకంలో యేసయ్యా,missing,,,,https://waytochurch.com/lyrics/song/784/నీ-వంటి-వారు-ఎవరు-ఈ-లోకంలో-యేసయ్యా
785,నీ వుంటే చాలు నీ వుంటే చాలు నీ వుంట,missing,,,,https://waytochurch.com/lyrics/song/785/నీ-వుంటే-చాలు-నీ-వుంటే-చాలు-నీ-వుంట
786,నీధనము నీఘనము ప్రభు యేసుదే నీ ద,in_library_contained,596,Nee Dhanamu Nee Ghanamu,,"https://waytochurch.com/lyrics/song/786/నీధనము-నీఘనము-ప్రభు-యేసుదే
నీ-ద"
787,నిజమైన దేవుడు ఎన్నడు విడువడు చే,missing,,,,"https://waytochurch.com/lyrics/song/787/నిజమైన-దేవుడు-ఎన్నడు-విడువడు
చే"
788,నీకన్నా లోకాన నా కెవరున్నారయ్యా,missing,,,,https://waytochurch.com/lyrics/song/788/నీకన్నా-లోకాన-నా-కెవరున్నారయ్యా
789,నిక్కమురా లోకము చెడ్డదిరా తక్షణమే మ,missing,,,,https://waytochurch.com/lyrics/song/789/నిక్కమురా-లోకము-చెడ్డదిరా-తక్షణమే-మ
790,నీకున్న భారమంత ప్రభుపై నుంచు కలవర చ,missing,,,,https://waytochurch.com/lyrics/song/790/నీకున్న-భారమంత-ప్రభుపై-నుంచు-కలవర-చ
791,నిండు మనసుతో నిన్ను ప్రేమింతును,missing,,,,https://waytochurch.com/lyrics/song/791/నిండు-మనసుతో-నిన్ను-ప్రేమింతును
792,నింగిలోని చందురుడా మందగాచే ఇందురుడా,missing,,,,https://waytochurch.com/lyrics/song/792/నింగిలోని-చందురుడా-మందగాచే-ఇందురుడా
793,నిన్న నేడు రేపు మారని దేవుడు నీవు,in_library_lyric_line,115,Oneness,,https://waytochurch.com/lyrics/song/793/నిన్న-నేడు-రేపు-మారని-దేవుడు-నీవు
794,నిన్నే ప్రేమింతును నే వెనుతిరుగా,missing,,,,https://waytochurch.com/lyrics/song/794/నిన్నే-ప్రేమింతును-నే-వెనుతిరుగా
795,నిన్నె వెదకెద నీకై బ్రదికెదా యే,missing,,,,"https://waytochurch.com/lyrics/song/795/నిన్నె-వెదకెద-నీకై-బ్రదికెదా
యే"
796,నిన్ను చూడాలి నితో నడవాలి మాటలా,missing,,,,"https://waytochurch.com/lyrics/song/796/నిన్ను-చూడాలి-నితో-నడవాలి
మాటలా"
797,నిరంతరం నీతోనే జీవించాలనే ఆశ నన్నిల,in_library_contained,1309,Nirantharam Neethone,,https://waytochurch.com/lyrics/song/797/నిరంతరం-నీతోనే-జీవించాలనే-ఆశ-నన్నిల
798,నీతో సమమెవరు నీలా ప్రేమించేదెవరు,in_library_exact,248,Neetho Samamevaru,,https://waytochurch.com/lyrics/song/798/నీతో-సమమెవరు-నీలా-ప్రేమించేదెవరు
799,నీతి న్యాయములు ప్రేమించువాడు నా యేస,missing,,,,https://waytochurch.com/lyrics/song/799/నీతి-న్యాయములు-ప్రేమించువాడు-నా-యేస
800,నీటి వాగుల కొరకు దుప్పి ఆశించునట్లు,in_library_exact,338,Naa Praanamaa Naa Samasthamaa,,https://waytochurch.com/lyrics/song/800/నీటి-వాగుల-కొరకు-దుప్పి-ఆశించునట్లు
801,నీటియూట యొద్ద నాటబడితిమి వేరుతన్ని,missing,,,,https://waytochurch.com/lyrics/song/801/నీటియూట-యొద్ద-నాటబడితిమి-వేరుతన్ని
802,నీతోనే ఆనందం నీలోనే అతిశయం నీతోన,missing,,,,"https://waytochurch.com/lyrics/song/802/నీతోనే-ఆనందం-నీలోనే-అతిశయం-
నీతోన"
803,నీవే చాలయ్యా యేసు నీవే చాలయ్యా,missing,,,,https://waytochurch.com/lyrics/song/803/నీవే-చాలయ్యా-యేసు-నీవే-చాలయ్యా
804,నీవే నా దేవుడవు ఆరాధింతును నీవే,in_library_contained,775,Neeve Naa Devudavu,,"https://waytochurch.com/lyrics/song/804/నీవే-నా-దేవుడవు-ఆరాధింతును
నీవే"
805,నీవే నన్నుకోరుకొన్నావు నీవే నన్ను చ,in_library_contained,1098,Neeve Nannu Korukunnaavu,,https://waytochurch.com/lyrics/song/805/నీవే-నన్నుకోరుకొన్నావు-నీవే-నన్ను-చ
806,నీవుంటే నాకు చాలు యేసయ్యా నీవెం,in_library_contained,1563,Neevunte Naaku Chaalu Yesayyaa,,"https://waytochurch.com/lyrics/song/806/నీవుంటే-నాకు-చాలు-యేసయ్యా
నీవెం"
807,ఓ హో హో ఓ ఓ ఓ ఓ ఓ ఓ,missing,,,,https://waytochurch.com/lyrics/song/807/ఓ-హో-హో-ఓ-ఓ-ఓ-ఓ-ఓ-ఓ
808,ఓ నేస్తమా ఈ శుభవార్త తెలియునా,missing,,,,https://waytochurch.com/lyrics/song/808/ఓ-నేస్తమా-ఈ-శుభవార్త-తెలియునా
809,ఓఓహో క్రైస్తవుడా ఓహోహో విశ్వాసి,missing,,,,https://waytochurch.com/lyrics/song/809/ఓఓహో-క్రైస్తవుడా-ఓహోహో-విశ్వాసి
810,ఓ పెండ్లి వరుడా ఓ పెండ్లి వధువా,missing,,,,https://waytochurch.com/lyrics/song/810/ఓ-పెండ్లి-వరుడా-ఓ-పెండ్లి-వధువా
811,ఓ ప్రభువా ఓ ప్రభువా నీవే నా మంచ,in_library_contained,1575,O Prabhuvaa O Prabhuvaa,,"https://waytochurch.com/lyrics/song/811/ఓ-ప్రభువా-ఓ-ప్రభువా
నీవే-నా-మంచ"
812,ఓ ప్రియ నావిక నా జీవితం నీ కంకితం,missing,,,,https://waytochurch.com/lyrics/song/812/ఓ-ప్రియ-నావిక-నా-జీవితం-నీ-కంకితం
813,ఓ ప్రియ యువకా నమ్మకు నీ యౌవ్వనం,missing,,,,https://waytochurch.com/lyrics/song/813/ఓ-ప్రియ-యువకా-నమ్మకు-నీ-యౌవ్వనం
814,ఓ తల్లి కన్నను ఓ తండ్రి కన్నను,in_library_contained,1685,O Thalli Kannanu O Thandri Kannanu - Preminchu,,https://waytochurch.com/lyrics/song/814/ఓ-తల్లి-కన్నను-ఓ-తండ్రి-కన్నను
815,పాదములే చాలును పాపలోకములో నాకేమ,missing,,,,"https://waytochurch.com/lyrics/song/815/పాదములే-చాలును-పాపలోకములో
నాకేమ"
816,పాడెద నేనొక నూతన గీతం పాడెద మనసారా,missing,,,,https://waytochurch.com/lyrics/song/816/పాడెద-నేనొక-నూతన-గీతం-పాడెద-మనసారా
817,పై నుండి దిగివచ్చె యెరుషలేమా నీ,missing,,,,"https://waytochurch.com/lyrics/song/817/పై-నుండి-దిగివచ్చె-యెరుషలేమా
నీ"
818,పరదేశుల మో ప్రియులారా మన పుర మిదిగా,in_library_contained,1272,Paradeshulamo Priyulaaraa,,https://waytochurch.com/lyrics/song/818/పరదేశుల-మో-ప్రియులారా-మన-పుర-మిదిగా
819,పరలోకమందున్న తండ్రీ పరిశుద్ధుడవ,in_library_contained,1714,Paralokamandunna Thandree - Parishuddhudavaina Devaa,,"https://waytochurch.com/lyrics/song/819/పరలోకమందున్న-తండ్రీ
పరిశుద్ధుడవ"
820,పరమగీతం పాడనా ప్రభుని ప్రేమను ప,missing,,,,"https://waytochurch.com/lyrics/song/820/పరమగీతం-పాడనా
ప్రభుని-ప్రేమను-ప"
821,పరిశుద్ధ పరిశుద్ధ పరిశుద్ధ ప్రభువా,in_library_exact,547,Parishuddha Parishuddha,,https://waytochurch.com/lyrics/song/821/పరిశుద్ధ-పరిశుద్ధ-పరిశుద్ధ-ప్రభువా
822,పోదాము పోదాము పయనమోదాము సువార్త,missing,,,,"https://waytochurch.com/lyrics/song/822/పోదాము-పోదాము-పయనమోదాము
సువార్త"
823,ప్రభు నామం నా ఆశ్రయమే ఆయనను స్తుతియ,missing,,,,https://waytochurch.com/lyrics/song/823/ప్రభు-నామం-నా-ఆశ్రయమే-ఆయనను-స్తుతియ
824,ప్రభు సన్నిధిలో ఆనందమే ఉల్లాసమే అను,in_library_contained,864,Prabhu Sannidhilo Aanandame,,https://waytochurch.com/lyrics/song/824/ప్రభు-సన్నిధిలో-ఆనందమే-ఉల్లాసమే-అను
825,ప్రభుని స్తుతింప పరుగిడి రావా ప,missing,,,,"https://waytochurch.com/lyrics/song/825/ప్రభుని-స్తుతింప-పరుగిడి-రావా
ప"
826,ప్రభువా ఈ ఆనందం నాలో కలిగిన వైనం,in_library_exact,1499,Prabhuvaa Ee Aanandam,,https://waytochurch.com/lyrics/song/826/ప్రభువా-ఈ-ఆనందం-నాలో-కలిగిన-వైనం
827,ప్రభువా నీ కార్యములు ఆశ్చర్యకరమైనవి,in_library_exact,1694,Prabhuvaa Nee Kaaryamulu Aashcharyakaramainavi,,https://waytochurch.com/lyrics/song/827/ప్రభువా-నీ-కార్యములు-ఆశ్చర్యకరమైనవి
828,ప్రాణేశ్వరా ప్రభు యేసునా జీవితమ,in_library_contained,1741,Praaneshwaraa Prabhu Yesunaa Jeevithame Nee Aaraadhanaa,,"https://waytochurch.com/lyrics/song/828/ప్రాణేశ్వరా-ప్రభు-యేసునా
జీవితమ"
829,ప్రార్ధన వినెడి పావనుడా ప్రార్ధ,missing,,,,"https://waytochurch.com/lyrics/song/829/ప్రార్ధన-వినెడి-పావనుడా
ప్రార్ధ"
830,ప్రతి ఉదయం పాడేద నీ గానం నా దేవ,in_library_contained,1735,Prathi Udayam Paadeda Nee Gaanam,,"https://waytochurch.com/lyrics/song/830/ప్రతి-ఉదయం-పాడేద-నీ-గానం
నా-దేవ"
831,ప్రేమ ప్రేమ నా యేసుని ప్రేమ ప్ర,missing,,,,"https://waytochurch.com/lyrics/song/831/ప్రేమ-ప్రేమ-నా-యేసుని-ప్రేమ
ప్ర"
832,ప్రేమ యేసుని ప్రేమ అది ఎవ్వరు కొలువ,in_library_contained,316,Prema Yesuni Prema,,https://waytochurch.com/lyrics/song/832/ప్రేమ-యేసుని-ప్రేమ-అది-ఎవ్వరు-కొలువ
833,ప్రేమలేని లోకమా ప్రేమ ఎరుగని జనమా,missing,,,,https://waytochurch.com/lyrics/song/833/ప్రేమలేని-లోకమా-ప్రేమ-ఎరుగని-జనమా
834,ప్రేమపంచే గుణమెనీదని ప్రాణ మిచ్చిన,missing,,,,https://waytochurch.com/lyrics/song/834/ప్రేమపంచే-గుణమెనీదని-ప్రాణ-మిచ్చిన
835,ప్రేమించావు నన్ను పోషించావు నాక,missing,,,,"https://waytochurch.com/lyrics/song/835/ప్రేమించావు-నన్ను-పోషించావు
నాక"
836,ప్రియ యేసురాజును నే చూచిన చాలు,in_library_exact,798,Priya Yesu Raajunu,,https://waytochurch.com/lyrics/song/836/ప్రియ-యేసురాజును-నే-చూచిన-చాలు
837,పుడమి పులకించే నీ రాకతో ప్రభూ ప,in_library_contained,1695,Pudami Pulakinche Nee Raakatho Prabhu,,"https://waytochurch.com/lyrics/song/837/పుడమి-పులకించే-నీ-రాకతో-ప్రభూ
ప"
838,పువ్వు కింత పరిమళమా ఒక రాజూకింత,in_library_contained,1703,Puvvu Kintha Parimallamaa,,"https://waytochurch.com/lyrics/song/838/పువ్వు-కింత-పరిమళమా
ఒక-రాజూకింత"
839,రాజా నీ సన్నిధి లోనే దొరికెనే ఆనంద,in_library_contained,725,Raajaa Nee Sannidhilone,,https://waytochurch.com/lyrics/song/839/రాజా-నీ-సన్నిధి-లోనే-దొరికెనే-ఆనంద
840,రక్షకుండుదయించినాఁడఁటమనకొరకుఁబ,in_library_fuzzy,845,Rakshakundudayinchinaadata,0.882,https://waytochurch.com/lyrics/song/840/రక్షకుండుదయించినాఁడఁటమనకొరకుఁబ
841,రమ్మానుచున్నాడు నిన్ను ప్రభు యేసు,in_library_exact,462,Rammanuchunnaadu Ninnu,,https://waytochurch.com/lyrics/song/841/రమ్మానుచున్నాడు-నిన్ను-ప్రభు-యేసు
842,రండి రండి యేసు పిలిచెను ఆత్మరక్షణ్,missing,,,,https://waytochurch.com/lyrics/song/842/రండి-రండి-యేసు-పిలిచెను-ఆత్మరక్షణ్
843,రండి సువార్త సునాదముతో రంజిలు సిలువ,in_library_contained,1180,Randi Suvaartha Sunaadamutho,,https://waytochurch.com/lyrics/song/843/రండి-సువార్త-సునాదముతో-రంజిలు-సిలువ
844,రండి యుత్సహించి పాడుదుము రక్షణ దుర్,missing,,,,https://waytochurch.com/lyrics/song/844/రండి-యుత్సహించి-పాడుదుము-రక్షణ-దుర్
845,రావయ్య యేసునాధా మా రక్షణ మార్గము,missing,,,,https://waytochurch.com/lyrics/song/845/రావయ్య-యేసునాధా-మా-రక్షణ-మార్గము
846,రోజంతా నీ పాద చెంత నేనుండ నా కో,in_library_contained,1664,Rojanthaa Nee Paada Chentha,,"https://waytochurch.com/lyrics/song/846/రోజంతా-నీ-పాద-చెంత
నేనుండ-నా-కో"
847,రోషం కలిగిన క్రైస్తవుడా హద్దులే నీక,in_library_contained,1719,Rosham Kaligina Kraisthavudaa Haddule Neeku Levu,,https://waytochurch.com/lyrics/song/847/రోషం-కలిగిన-క్రైస్తవుడా-హద్దులే-నీక
848,సదాకాలము నీతో నేను జీవించెదను యేసయ్,in_library_contained,1126,Sadaa Kaalamu Neetho Nenu,,https://waytochurch.com/lyrics/song/848/సదాకాలము-నీతో-నేను-జీవించెదను-యేసయ్
849,సాగెద నేను యేసునిలో శ్రమయైన కరువైనా,in_library_exact,1728,Saageda Nenu Yesunilo - Shramayaina Karuvainaa,,https://waytochurch.com/lyrics/song/849/సాగెద-నేను-యేసునిలో-శ్రమయైన-కరువైనా
850,సాగేటి ఈ జీవ యాత్రలోరేగేటి పెను తుఫ,missing,,,,https://waytochurch.com/lyrics/song/850/సాగేటి-ఈ-జీవ-యాత్రలోరేగేటి-పెను-తుఫ
851,సాగిలపడి మ్రొక్కెదము సత్యముతో ఆత్మత,in_library_fuzzy,1464,Saagilapadi Mrokkedamu,0.944,https://waytochurch.com/lyrics/song/851/సాగిలపడి-మ్రొక్కెదము-సత్యముతో-ఆత్మత
852,సజీవ యాగముగ సర్వాంగ హొమముగా చేయ,in_library_contained,1726,Sajeeva Yaagamuga Sarvaanga Homamugaa,,"https://waytochurch.com/lyrics/song/852/సజీవ-యాగముగ-సర్వాంగ-హొమముగా
చేయ"
853,సకల శాస్త్రాలను అధిగమించిన నీ వాక్య,missing,,,,https://waytochurch.com/lyrics/song/853/సకల-శాస్త్రాలను-అధిగమించిన-నీ-వాక్య
854,సమానులెవరు ప్రభో నీ సమానులెవరు ప్రభ,in_library_exact,588,Samaanulavru Prabho,,https://waytochurch.com/lyrics/song/854/సమానులెవరు-ప్రభో-నీ-సమానులెవరు-ప్రభ
855,సంకీర్తన నా స్తుతికీర్తన సంభాషన,in_library_contained,1660,Sankeerthana - Naa Sthuthikeerthana,,"https://waytochurch.com/lyrics/song/855/సంకీర్తన-నా-స్తుతికీర్తన
సంభాషన"
856,సంపూర్ణమైన నీ క్రుప శాశ్వతమైనది నీ,missing,,,,https://waytochurch.com/lyrics/song/856/సంపూర్ణమైన-నీ-క్రుప-శాశ్వతమైనది-నీ
858,సన్నుతింతు యేసు స్వామి నిన్ను అనుది,in_library_contained,916,Sannuthinthu Yesu Swaami,,https://waytochurch.com/lyrics/song/858/సన్నుతింతు-యేసు-స్వామి-నిన్ను-అనుది
859,సర్వ క్రుపానిధీయగు ప్రభువా సకల చరాచ,missing,,,,https://waytochurch.com/lyrics/song/859/సర్వ-క్రుపానిధీయగు-ప్రభువా-సకల-చరాచ
860,సర్వ సృష్టికి రాజైన దేవా తేజోసంపన్న,in_library_contained,1742,Sarva Srushtiki Raajaina Devaa - Thejosampannudaa,,https://waytochurch.com/lyrics/song/860/సర్వ-సృష్టికి-రాజైన-దేవా-తేజోసంపన్న
861,సర్వ యుగములలో సజీవుడవుసరిపోల్చ,in_library_contained,290,Sarva Yugamulalo Sajeevudavu,,https://waytochurch.com/lyrics/song/861/సర్వ-యుగములలో-సజీవుడవుసరిపోల్చ
862,సర్వచిత్తంబు నీదేనయ్యా స్వరూపమిచ్చు,in_library_contained,516,Sarva Chitthambu Needenayyaa,,https://waytochurch.com/lyrics/song/862/సర్వచిత్తంబు-నీదేనయ్యా-స్వరూపమిచ్చు
863,శాశ్వతమైన ప్రేమకు పాత్రుని చేసి,missing,,,,https://waytochurch.com/lyrics/song/863/శాశ్వతమైన-ప్రేమకు-పాత్రుని-చేసి
864,సత్యమునకు మేం సాక్షులము క్రీస్తుకు,missing,,,,https://waytochurch.com/lyrics/song/864/సత్యమునకు-మేం-సాక్షులము-క్రీస్తుకు
865,షారోను వనములో పూసిన పుష్పమై లోయ,missing,,,,"https://waytochurch.com/lyrics/song/865/షారోను-వనములో-పూసిన-పుష్పమై
లోయ"
866,సిలువ యోధులం సిలువ యోధులం క్రీస,missing,,,,"https://waytochurch.com/lyrics/song/866/సిలువ-యోధులం-సిలువ-యోధులం
క్రీస"
867,సిలువచెంత చేరిననాడు కలుషములను కడిగి,in_library_contained,998,Siluva Chentha Cherina Naadu,,https://waytochurch.com/lyrics/song/867/సిలువచెంత-చేరిననాడు-కలుషములను-కడిగి
868,సిలువలో ఆ సిలువలో ఆ ఘోర కల్వరిలో,in_library_exact,1209,Siluvalo Aa Siluvalo,,https://waytochurch.com/lyrics/song/868/సిలువలో-ఆ-సిలువలో-ఆ-ఘోర-కల్వరిలో
869,సిలువలో నాకై శ్రమనొంది నీ ప్రేమ బాహ,in_library_contained,1740,Siluvalo Naakai Shramanondi - Nee Prema Baahuvu Andinchi,,https://waytochurch.com/lyrics/song/869/సిలువలో-నాకై-శ్రమనొంది-నీ-ప్రేమ-బాహ
870,సిలువను మోస్తు సాగుతాం విప్లవ జ్వాల,in_library_contained,1729,Siluvanu Mosthu Saaguthaam - Viplava Jvaalanu Ragilisthaam,,https://waytochurch.com/lyrics/song/870/సిలువను-మోస్తు-సాగుతాం-విప్లవ-జ్వాల
871,సిల్వలో నాకై కార్చెను యేసు రక్తము,in_library_exact,1419,Silvalo Naakai Kaarchenu,,https://waytochurch.com/lyrics/song/871/సిల్వలో-నాకై-కార్చెను-యేసు-రక్తము
872,సింహాసనాసీనుడా యూదా గోత్రపు సింహమా,missing,,,,https://waytochurch.com/lyrics/song/872/సింహాసనాసీనుడా-యూదా-గోత్రపు-సింహమా
873,శ్రీ యేసు నీదు నామమందు అర్పించిన మా,missing,,,,https://waytochurch.com/lyrics/song/873/శ్రీ-యేసు-నీదు-నామమందు-అర్పించిన-మా
874,శ్రీకరుండ శ్రీయేసునాధా శ్రీమంతుడవు,in_library_contained,1730,Shreekarunda Shreeyesunaadhaa - Shreemanthudavu Srujanaathmudaa,,https://waytochurch.com/lyrics/song/874/శ్రీకరుండ-శ్రీయేసునాధా-శ్రీమంతుడవు
875,సృష్టి కర్త యేసు దేవా సర్వ లోకం నీ,in_library_contained,960,Srushti Karthaa Yesu Devaa,,https://waytochurch.com/lyrics/song/875/సృష్టి-కర్త-యేసు-దేవా-సర్వ-లోకం-నీ
876,శృతిచేసి నే పాడనా స్తోత్రగీతం భ,in_library_contained,679,Shruthi Chesi Ne Paadanaa,,"https://waytochurch.com/lyrics/song/876/శృతిచేసి-నే-పాడనా-స్తోత్రగీతం
భ"
877,స్తుతి పాత్రుడా స్తోత్రార్హుడా స్తు,in_library_contained,554,Sthuthiyu Mahima (Aaraadhana),,https://waytochurch.com/lyrics/song/877/స్తుతి-పాత్రుడా-స్తోత్రార్హుడా-స్తు
878,స్తుతి ఆరాధన పరిశుద్దునకే జీవాధ,missing,,,,"https://waytochurch.com/lyrics/song/878/స్తుతి-ఆరాధన-పరిశుద్దునకే
జీవాధ"
879,స్తుతి నైవేద్యం అందుకో యేసయ్యా,missing,,,,https://waytochurch.com/lyrics/song/879/స్తుతి-నైవేద్యం-అందుకో-యేసయ్యా
880,స్తుతి సింహాసనాసీనుడా యేసురాజా దివ్,in_library_contained,1371,Sthuthi Simhaasanaaseenudaa (Yesu Raajaa),,https://waytochurch.com/lyrics/song/880/స్తుతి-సింహాసనాసీనుడా-యేసురాజా-దివ్
881,స్తుతి స్తోత్రార్హుడా యేసురాజా,in_library_exact,1727,Sthuthi Sthothraarhudaa Yesuraajaa,,https://waytochurch.com/lyrics/song/881/స్తుతి-స్తోత్రార్హుడా-యేసురాజా
882,స్తుతికి పాత్రుడా స్తొత్రార్హుడా,missing,,,,https://waytochurch.com/lyrics/song/882/స్తుతికి-పాత్రుడా-స్తొత్రార్హుడా
883,స్తుతియు ఘనతయు మహిమ నిరతము యేసు,missing,,,,"https://waytochurch.com/lyrics/song/883/స్తుతియు-ఘనతయు-మహిమ-నిరతము
యేసు"
884,స్తుతులకు పాత్రుడు ఘనతకు అర్హుడు,in_library_exact,104,Sthuthulaku Paathrudaa (Aaraadhana),,https://waytochurch.com/lyrics/song/884/స్తుతులకు-పాత్రుడు-ఘనతకు-అర్హుడు
885,శుద్ధ హృదయం కలుగ జేయుము నాల,in_library_contained,266,Shuddha Hrudayam,,"https://waytochurch.com/lyrics/song/885/శుద్ధ-హృదయం-కలుగ-జేయుము-
నాల"
886,సుదినం సర్వజనులకు సమాధానం సర్వ జగతి,in_library_contained,1718,Sudhinam Sarvajanulaku - Samaadhanam - Sarva Jagathiki,,https://waytochurch.com/lyrics/song/886/సుదినం-సర్వజనులకు-సమాధానం-సర్వ-జగతి
887,సుగుణ శీలుడు సుందర రూపుడు యేసునాధుడ,in_library_exact,1702,Suguna Sheeludu Sundara Roopudu Yesunaadhudu,,https://waytochurch.com/lyrics/song/887/సుగుణ-శీలుడు-సుందర-రూపుడు-యేసునాధుడ
888,తల్లి మరచిన మరువని దేవా తండ్రి విడచ,missing,,,,https://waytochurch.com/lyrics/song/888/తల్లి-మరచిన-మరువని-దేవా-తండ్రి-విడచ
889,తల్లిలా లాలించును తండ్రిలా ప్రేమించ,in_library_contained,1027,Thallilaa Laalinchunu,,https://waytochurch.com/lyrics/song/889/తల్లిలా-లాలించును-తండ్రిలా-ప్రేమించ
890,తంబుర నాద స్వరములతోడ తగువిదిని,missing,,,,"https://waytochurch.com/lyrics/song/890/తంబుర-నాద-స్వరములతోడ
తగువిదిని"
891,తండ్రి కుమార శుద్ధాత్ముడా త్రియేక ద,missing,,,,https://waytochurch.com/lyrics/song/891/తండ్రి-కుమార-శుద్ధాత్ముడా-త్రియేక-ద
892,తండ్రి పరమ తండ్రి నీవే మా ప్రియ తండ,missing,,,,https://waytochurch.com/lyrics/song/892/తండ్రి-పరమ-తండ్రి-నీవే-మా-ప్రియ-తండ
893,తరతరాలలో యుగయుగాలలో జగజగాలలో,in_library_exact,772,Thara Tharaalalo Yuga Yugaalalo,,https://waytochurch.com/lyrics/song/893/తరతరాలలో--యుగయుగాలలో--జగజగాలలో
894,తేజస్సంబంధులారా క్రీస్తుని ధరించుకొ,missing,,,,https://waytochurch.com/lyrics/song/894/తేజస్సంబంధులారా-క్రీస్తుని-ధరించుకొ
895,తేనెకన్న తీయనైనది నా యేసు ప్రేమ,in_library_contained,236,Thene Kanna Theeyanainadi,,https://waytochurch.com/lyrics/song/895/తేనెకన్న-తీయనైనది-నా-యేసు-ప్రేమ
896,తేనియకంటెను యేసుని నామం దివ్యమధురమౌ,missing,,,,https://waytochurch.com/lyrics/song/896/తేనియకంటెను-యేసుని-నామం-దివ్యమధురమౌ
897,తొలకరివాన దీవెనలు కురిపించు వాన,in_library_exact,231,Tholakari Vaana,,https://waytochurch.com/lyrics/song/897/తొలకరివాన-దీవెనలు-కురిపించు-వాన
898,తుఫాను వీచిన వేళ అలజడి రేగిన వేళ,missing,,,,https://waytochurch.com/lyrics/song/898/తుఫాను-వీచిన-వేళ-అలజడి-రేగిన-వేళ
899,ఉదయించినాఁడు క్రీస్తుఁడు నేఁడు ఉదయి,missing,,,,https://waytochurch.com/lyrics/song/899/ఉదయించినాఁడు-క్రీస్తుఁడు-నేఁడు-ఉదయి
900,ఊహకు అందని ప్రేమ నా యేసు ప్రేమా,missing,,,,https://waytochurch.com/lyrics/song/900/ఊహకు-అందని-ప్రేమ-నా-యేసు-ప్రేమా
901,ఉత్తముడని దేవుని రుచి చూచి యేసు,missing,,,,"https://waytochurch.com/lyrics/song/901/ఉత్తముడని-దేవుని-రుచి-చూచి
యేసు"
902,వందనం నీకే వందనం నీకే,in_library_contained,754,Neethi Sooryudavai,,"https://waytochurch.com/lyrics/song/902/వందనం-నీకే-వందనం-
నీకే"
903,వెంబడింతును నా యేసుని ఎల్లవేళలలో,in_library_exact,1712,Vembadinthunu Naa Yesuni - Ellavelalalo,,https://waytochurch.com/lyrics/song/903/వెంబడింతును-నా-యేసుని-ఎల్లవేళలలో
904,వెండి బంగారాలకన్న మిన్న అయినది,in_library_exact,671,Vendi Bangaaraala Kanna,,https://waytochurch.com/lyrics/song/904/వెండి-బంగారాలకన్న-మిన్న-అయినది
905,విడువని దేవుడ నీవే మా మంచి యేసయ్యా,missing,,,,https://waytochurch.com/lyrics/song/905/విడువని-దేవుడ-నీవే-మా-మంచి-యేసయ్యా
906,విలువైన ప్రేమలో వంచన లేదు కల్వరి ప్,in_library_contained,1683,Viluvaina Premalo - Vanchana Ledu,,https://waytochurch.com/lyrics/song/906/విలువైన-ప్రేమలో-వంచన-లేదు-కల్వరి-ప్
907,విలువైనది ఈ జీవితం అన్ని వేళల ఆ,missing,,,,"https://waytochurch.com/lyrics/song/907/విలువైనది-ఈ-జీవితం
అన్ని-వేళల-ఆ"
908,వినయవిధేయత భక్తి స్త్రీకి అలంకారం,missing,,,,https://waytochurch.com/lyrics/song/908/వినయవిధేయత-భక్తి-స్త్రీకి-అలంకారం
909,వివాహమన్నది పవిత్రమైనదిఘనుడైన,in_library_contained,110,Vivaahamannadi,,https://waytochurch.com/lyrics/song/909/వివాహమన్నది-పవిత్రమైనదిఘనుడైన
910,యవ్వన క్రైస్తవ జనమా క్రీస్తుని ప్రే,missing,,,,https://waytochurch.com/lyrics/song/910/యవ్వన-క్రైస్తవ-జనమా-క్రీస్తుని-ప్రే
911,యెహొవా కొరకు ఎదురుచూడు మనసా సిగ,in_library_contained,1720,Yehovaa Koraku Eduruchoodu Manasaa,,"https://waytochurch.com/lyrics/song/911/యెహొవా-కొరకు-ఎదురుచూడు-మనసా
సిగ"
912,యెహొవ నా మొర లాలి౦చెను దన మహా దయను,missing,,,,https://waytochurch.com/lyrics/song/912/యెహొవ-నా-మొర-లాలి౦చెను-దన-మహా-దయను
913,యెహొవా నీ నామము ఎంతో బలమైనది,in_library_exact,445,Yehovaa Nee Naamamu,,https://waytochurch.com/lyrics/song/913/యెహొవా-నీ-నామము-ఎంతో-బలమైనది
914,యేసన్న స్వరమన్నా నీవెపుడైనా విన్నావ,in_library_fuzzy,333,Yesanna Swaramannaa,0.882,https://waytochurch.com/lyrics/song/914/యేసన్న-స్వరమన్నా-నీవెపుడైనా-విన్నావ
915,యేసయ్యా ప్రియమైన మా రక్షకా నీదు,in_library_contained,1731,Yesayyaa Priyamaina Maa Rakshakaa,,"https://waytochurch.com/lyrics/song/915/యేసయ్యా-ప్రియమైన-మా-రక్షకా
నీదు"
916,యేసయ్య నను కొరుకున్న నిజస్నేహితుడా,missing,,,,https://waytochurch.com/lyrics/song/916/యేసయ్య-నను-కొరుకున్న-నిజస్నేహితుడా
917,యేసే సత్యం యేసే నిత్యం యేసే సర్వం జ,missing,,,,https://waytochurch.com/lyrics/song/917/యేసే-సత్యం-యేసే-నిత్యం-యేసే-సర్వం-జ
918,యేసు దేవుని ఆరాధికులం వెనుక చూడని స,missing,,,,https://waytochurch.com/lyrics/song/918/యేసు-దేవుని-ఆరాధికులం-వెనుక-చూడని-స
919,యేసు క్రీస్తు జననము దేవ దేవుని బహుమ,in_library_contained,1743,Yesu Kreesthu Jananamu - Deva Devuni Bahumaanam,,https://waytochurch.com/lyrics/song/919/యేసు-క్రీస్తు-జననము-దేవ-దేవుని-బహుమ
920,యేసు నా సొంతం నేటికి ఏనాటికి,missing,,,,https://waytochurch.com/lyrics/song/920/యేసు-నా-సొంతం-నేటికి-ఏనాటికి
921,యేసూ నీ కృపలో నను రక్షించితివా నీ న,missing,,,,https://waytochurch.com/lyrics/song/921/యేసూ-నీ-కృపలో-నను-రక్షించితివా-నీ-న
922,యేసు రక్తము ప్రభు యేసు రక్తము,in_library_exact,1693,Yesu Rakthamu Prabhuyesu Rakthamu,,https://waytochurch.com/lyrics/song/922/యేసు-రక్తము-ప్రభు-యేసు-రక్తము
923,యేసు సామి నీకు నేను నా సమస్త మిత్తు,missing,,,,https://waytochurch.com/lyrics/song/923/యేసు-సామి-నీకు-నేను-నా-సమస్త-మిత్తు
924,యేసు వార్త చాటుదాం రమ్ము ఓ సోదరా,missing,,,,https://waytochurch.com/lyrics/song/924/యేసు-వార్త-చాటుదాం-రమ్ము-ఓ-సోదరా
925,యేసుదేవా నను కొనిపోవా నీ రాజ్యముకై,in_library_contained,88,Yesu Devaa Nanu Konipovaa,,https://waytochurch.com/lyrics/song/925/యేసుదేవా-నను-కొనిపోవా-నీ-రాజ్యముకై
926,యేసునాధా దేవా వందనాలు రాజా వందనాలు,missing,,,,https://waytochurch.com/lyrics/song/926/యేసునాధా-దేవా-వందనాలు-రాజా-వందనాలు
927,యేసునందే రక్షణ మనకు హల్లెలూయ,missing,,,,https://waytochurch.com/lyrics/song/927/యేసునందే-రక్షణ-మనకు-హల్లెలూయ
928,యేసుని నామము ఎంతో మధురము మధ,in_library_contained,1689,Yesuni Naamamu Entho Madhuramu,,"https://waytochurch.com/lyrics/song/928/యేసుని-నామము-ఎంతో-మధురము-
మధ"
929,యేసుని రూపంలోనికి మారాలి యేసుని,in_library_contained,1707,Yesuni Roopanloniki Maaraali,,"https://waytochurch.com/lyrics/song/929/యేసుని-రూపంలోనికి-మారాలి
యేసుని"
930,యేసుని యేసుని మాటలు విందువా నీ,missing,,,,"https://waytochurch.com/lyrics/song/930/యేసుని-యేసుని-మాటలు-విందువా
నీ"
931,యోగ్యుడవో యోగ్యుడవో యేసు ప్రభో నీవే,missing,,,,https://waytochurch.com/lyrics/song/931/యోగ్యుడవో-యోగ్యుడవో-యేసు-ప్రభో-నీవే
932,యుద్ధ వీరుడా కదులుముందుకు పాలు తేనె,in_library_contained,1671,Yuddha Veerudaa Kadulumunduku - Paalu Thenela Nagaraku,,https://waytochurch.com/lyrics/song/932/యుద్ధ-వీరుడా-కదులుముందుకు-పాలు-తేనె
933,యుద్ధము యెహొవాదే రా,missing,,,,"https://waytochurch.com/lyrics/song/933/యుద్ధము-యెహొవాదే-

-రా"
934,యుగముల పర్వంతము స్తొత్రములకర్హుడు,missing,,,,https://waytochurch.com/lyrics/song/934/యుగముల-పర్వంతము-స్తొత్రములకర్హుడు
935,దేవునికి భయపడవా మానవా నీ దేవునికి భయ,in_library_contained,686,Devuniki Bhayapadavaa,,"https://waytochurch.com/lyrics/song/935/దేవునికి-భయపడవా-మానవా
నీ-దేవునికి-భయ"
936,దూత పాట పాడుడి రక్షకున్ స్తుతించుడి,in_library_exact,538,Dootha Paata Paadudi,,https://waytochurch.com/lyrics/song/936/దూత-పాట-పాడుడి-రక్షకున్-స్తుతించుడి
937,ఏం చేసానయ్యా నీకోసం ఈ బ్రతుకునిచ్చావని,in_library_exact,1497,Em Chesaanayyaa Neekosam,,https://waytochurch.com/lyrics/song/937/ఏం-చేసానయ్యా-నీకోసం-ఈ-బ్రతుకునిచ్చావని
938,గీతం గీతం జయ జయ గీతం చేయి తట్టి పాడె,in_library_contained,75,Geetham Geetham,,"https://waytochurch.com/lyrics/song/938/గీతం-గీతం-జయ-జయ-గీతం
చేయి-తట్టి-పాడె"
939,గొర్రెపిల్ల జీవ గ్రంథమందు నీ పేరున్నదా,in_library_exact,1042,Gorrepilla Jeeva Grandhamandu,,https://waytochurch.com/lyrics/song/939/గొర్రెపిల్ల-జీవ-గ్రంథమందు-నీ-పేరున్నదా
940,ఇయ్యాల ఇంట్ల రేపు మంట్ల ఏది నీది,in_library_contained,1324,Iyyaala Intla Repu Mantla,,"https://waytochurch.com/lyrics/song/940/ఇయ్యాల-ఇంట్ల-రేపు-మంట్ల-
ఏది-నీది"
941,జాగ్రత్త భక్తులారా పిలుపిదే ప్రభు యేసు వ,in_library_contained,238,Jaagrattha Bhakthulaaraa,,https://waytochurch.com/lyrics/song/941/జాగ్రత్త-భక్తులారా-పిలుపిదే-ప్రభు-యేసు-వ
942,కళ్ళల్లో కన్నీరెందుకు గుండెల్లో దిగులెంద,in_library_contained,1446,Kallallo Kanneerenduku,,https://waytochurch.com/lyrics/song/942/కళ్ళల్లో-కన్నీరెందుకు-గుండెల్లో-దిగులెంద
943,కల్వరిగిరిలోన సిల్వలో శ్రీయేసు పలు బ,in_library_contained,697,Kalvari Girilona Silvalo,,"https://waytochurch.com/lyrics/song/943/కల్వరిగిరిలోన-సిల్వలో-శ్రీయేసు
పలు-బ"
944,కన్నీరే మనిషిని బాధిస్తుంది ఆ కన్నీర,in_library_contained,591,Kanneere Manishini Baadhisthundi,,"https://waytochurch.com/lyrics/song/944/కన్నీరే-మనిషిని-బాధిస్తుంది
ఆ-కన్నీర"
945,కన్నీరేలమ్మా కరుణించు యేసు నిన్ను విడువబ,in_library_contained,594,Kanneerelammaa,,https://waytochurch.com/lyrics/song/945/కన్నీరేలమ్మా-కరుణించు-యేసు-నిన్ను-విడువబ
946,కన్నీటి లోయలలో నేనెంతో కృంగిననూ కన్న,in_library_contained,508,Kanneeti Loyalalo,,"https://waytochurch.com/lyrics/song/946/కన్నీటి-లోయలలో-నేనెంతో-కృంగిననూ
కన్న"
947,క్రీస్తు పుట్టెను పశుల పాకలో పాపమంతయ,in_library_contained,1527,Kreesthu Puttenu,,"https://waytochurch.com/lyrics/song/947/క్రీస్తు-పుట్టెను-పశుల-పాకలో
పాపమంతయ"
948,ఓ సద్భాక్తులారా లోక రక్షకుండు బెత్లే,in_library_contained,646,Christmas Medley 3,,"https://waytochurch.com/lyrics/song/948/ఓ-సద్భాక్తులారా-లోక-రక్షకుండు
బెత్లే"
949,ఒంటరివి కావు ఏనాడు నీవు నీ తోడు యేసు,in_library_contained,94,Ontarivi Kaavu,,"https://waytochurch.com/lyrics/song/949/ఒంటరివి-కావు-ఏనాడు-నీవు
నీ-తోడు-యేసు"
950,సుధా మధుర కిరణాల అరుణోదయం కరుణామయుని,in_library_contained,51,Sudhaa Madhura Kiranaala,,"https://waytochurch.com/lyrics/song/950/సుధా-మధుర-కిరణాల-అరుణోదయం
కరుణామయుని"
951,తోడు లేరని కుమిలిపోకు యేసే నీ తోడు ఉ,in_library_contained,103,Thodu Lerani Kumilipoku,,"https://waytochurch.com/lyrics/song/951/తోడు-లేరని-కుమిలిపోకు
యేసే-నీ-తోడు-ఉ"
952,తుప్పు పట్టి పోవుటకంటే కరిగిపోత,in_library_contained,386,Thuppu Patti Povuta Kante,,"https://waytochurch.com/lyrics/song/952/తుప్పు-పట్టి-పోవుటకంటే-
కరిగిపోత"
953,యేసు మంచి దేవుడు ప్రేమగల దేవుడు యేసు,in_library_contained,390,Yesu Manchi Devudu,,"https://waytochurch.com/lyrics/song/953/యేసు-మంచి-దేవుడు-ప్రేమగల-దేవుడు
యేసు"
959,సర్వ కృపానిధీయగు ప్రభువా సకల చరాచర స౦తోషమా,in_library_fuzzy,1424,Sarva Krupaanidhiyagu Prabhuvaa,0.936,https://waytochurch.com/lyrics/song/959/సర్వ-కృపానిధీయగు-ప్రభువా-సకల-చరాచర-స౦తోషమా
1070,తీయని స్వరాలతో నా మనసే నిండెను,in_library_exact,953,Theeyani Swaraalatho,,https://waytochurch.com/lyrics/song/1070/తీయని-స్వరాలతో-నా-మనసే-నిండెను
1619,నిరతము స్తుతియించుము ఓ మనసా,in_library_exact,1090,Nirathamu Sthuthiyinchumu,,https://waytochurch.com/lyrics/song/1619/నిరతము-స్తుతియించుము-ఓ-మనసా
1790,ఏ తెగులూ నీ గుడారమున్ సమీపించదయ్య,in_library_fuzzy,380,Ae Thegulu Nee Gudaaramu,0.903,https://waytochurch.com/lyrics/song/1790/ఏ-తెగులూ-నీ-గుడారమున్-సమీపించదయ్య
1791,ఆరాధనలందుకో ఆరాధనలందుకో,missing,,,,https://waytochurch.com/lyrics/song/1791/ఆరాధనలందుకో-ఆరాధనలందుకో
2370,ముక్తి దిలాయె ఈషు నామ్,missing,,,,https://waytochurch.com/lyrics/song/2370/ముక్తి-దిలాయె-ఈషు-నామ్
2371,నీలె ఆస్మాన్ కె పార్ జాయెంగె,in_library_exact,1692,Neele Aasmaan Ke Paar Jaayenge,,https://waytochurch.com/lyrics/song/2371/నీలె-ఆస్మాన్-కె-పార్-జాయెంగె
2385,దాటిపోవు వాడు కాదు యేసు దైవము,in_library_exact,1698,Daatipovu Vaadu Kaadu - Yesu Daivamu,,https://waytochurch.com/lyrics/song/2385/దాటిపోవు-వాడు-కాదు--యేసు-దైవము
2386,జీవితాంతమూ నే నీతో నడవాలని,in_library_exact,372,Jeevithaanthamu Ne Neetho,,https://waytochurch.com/lyrics/song/2386/జీవితాంతమూ-నే-నీతో-నడవాలని
2387,నమ్మి నమ్మి మనుషులను నీవు నమ్మీ నమ్మీ,missing,,,,https://waytochurch.com/lyrics/song/2387/నమ్మి-నమ్మి-మనుషులను-నీవు-నమ్మీ-నమ్మీ
2388,యేసుని నామములో మన బాధలు పోవును,in_library_exact,191,Yesuni Naamamulo,,https://waytochurch.com/lyrics/song/2388/యేసుని-నామములో--మన-బాధలు-పోవును
2389,నా జయము కోరిన దేవా సైన్యములకధిపతి యెహోవా,missing,,,,https://waytochurch.com/lyrics/song/2389/నా-జయము-కోరిన-దేవా--సైన్యములకధిపతి-యెహోవా
2390,కుల పిచ్చోడ్ని నేను కళ్ళులేని కభోదిని,in_library_exact,1699,Kula Pichchodni Nenu - Kalllluleni Kabhodini,,https://waytochurch.com/lyrics/song/2390/కుల-పిచ్చోడ్ని-నేను--కళ్ళులేని-కభోదిని
2391,తల్లికున్నదా తండ్రికున్నదా నీ ప్రేమ జాలి యేసయ్యా,missing,,,,https://waytochurch.com/lyrics/song/2391/తల్లికున్నదా--తండ్రికున్నదా--నీ-ప్రేమ-జాలి-యేసయ్యా
2392,జీవన తొలి సంధ్యా నీతోనే ఆరంభం,in_library_exact,604,Jeevana Tholi Sandhya,,https://waytochurch.com/lyrics/song/2392/జీవన-తొలి-సంధ్యా-నీతోనే-ఆరంభం
2393,నేనంటే నీకెందుకో ఈ ప్రేమ నన్ను మరచిపోవెందుకో,in_library_exact,873,Nenante Neekenduko,,https://waytochurch.com/lyrics/song/2393/నేనంటే-నీకెందుకో-ఈ-ప్రేమ-నన్ను-మరచిపోవెందుకో
2394,నీవుంటే నాకు చాలు యేసయ్యా నీవెంటే నేను ఉంటా యేసయ్యా,in_library_fuzzy,1563,Neevunte Naaku Chaalu Yesayyaa,0.905,https://waytochurch.com/lyrics/song/2394/నీవుంటే-నాకు-చాలు-యేసయ్యా-నీవెంటే-నేను-ఉంటా-యేసయ్యా
2395,కొంతసేపు కనబడి అంతలోనే మాయమయ్యే,in_library_exact,1188,Konthasepu Kanabadi,,https://waytochurch.com/lyrics/song/2395/కొంతసేపు-కనబడి--అంతలోనే-మాయమయ్యే
2400,ప్రియుడా నీ ప్రేమ – పాదముల్ చేరితి,in_library_contained,1697,Priyudaa Nee Prema – Paadamul Cherithi,,https://waytochurch.com/lyrics/song/2400/ప్రియుడా-నీ-ప్రేమ-–-పాదముల్-చేరితి
2401,నీవుచేసిన ఉపకారములకు నేనేమి చేల్లింతును,in_library_exact,799,Neevu Chesina Upakaaramulaku,,https://waytochurch.com/lyrics/song/2401/నీవుచేసిన-ఉపకారములకు--నేనేమి-చేల్లింతును
2402,హల్లెలుయా యని పాడి స్తుతింపని రారే,in_library_contained,1219,Hallelooyaa Ani Paadi,,https://waytochurch.com/lyrics/song/2402/హల్లెలుయా-యని-పాడి-స్తుతింపని-రారే
2403,ఆరాధనాలందుకో ఆరాధనాలందుకో,missing,,,,https://waytochurch.com/lyrics/song/2403/ఆరాధనాలందుకో-ఆరాధనాలందుకో
2404,గాఢాంధ కారములో నే నడిచిన వేళలలో,in_library_exact,1187,Gaadaandhakaaramulo Ne Nadachina,,https://waytochurch.com/lyrics/song/2404/గాఢాంధ-కారములో-నే-నడిచిన-వేళలలో
2405,గొల్గోత కొండపైన గాయాలు పొందితివి,in_library_contained,318,Siluva Dhyaanam,,https://waytochurch.com/lyrics/song/2405/గొల్గోత-కొండపైన-గాయాలు-పొందితివి
2406,కల్వరి ప్రేమను తలంచినప్పుడు కలుగుచున్నది దుఃఖం,in_library_exact,254,Kalvari Premanu,,https://waytochurch.com/lyrics/song/2406/కల్వరి-ప్రేమను-తలంచినప్పుడు-కలుగుచున్నది-దుఃఖం
2407,మహోన్నతుడా నీ క్రుపలో నేను నివసించుట,in_library_fuzzy,1457,Mahonnathudaa Nee Krupalo,0.903,https://waytochurch.com/lyrics/song/2407/మహోన్నతుడా-నీ-క్రుపలో-నేను-నివసించుట
2408,న్యాయాధిపతిఐన దేవుడు నిను తీర్పు తీర్చేటి వేళలో,in_library_fuzzy,460,Nyaayaadhipathi Aina Devudu,0.884,https://waytochurch.com/lyrics/song/2408/న్యాయాధిపతిఐన-దేవుడు-నిను-తీర్పు-తీర్చేటి-వేళలో
2409,పంపుము దేవా దీవెనలతో,in_library_contained,1542,Pampumu Devaa,,https://waytochurch.com/lyrics/song/2409/పంపుము-దేవా-దీవెనలతో
2410,రమ్ము రమ్ము పరిశుద్ధాత్మ,missing,,,,https://waytochurch.com/lyrics/song/2410/రమ్ము-రమ్ము-పరిశుద్ధాత్మ
2411,సిలువలో బలియైన దేవుని గొర్రెపిల్ల,in_library_fuzzy,315,Siluvalo Bali Aina,0.909,https://waytochurch.com/lyrics/song/2411/సిలువలో-బలియైన-దేవుని-గొర్రెపిల్ల
2419,ఎనలేని ప్రేమ నాపైన చూపి,in_library_exact,307,Enaleni Prema (Oohinchagalanaa),,https://waytochurch.com/lyrics/song/2419/ఎనలేని-ప్రేమ-నాపైన-చూపి
2420,ధవళవర్ణుడా రత్నవర్ణుడా,in_library_lyric_line,457,Neethone Ne Nadavaalani,,https://waytochurch.com/lyrics/song/2420/ధవళవర్ణుడా-రత్నవర్ణుడా
2421,కనుగొంటిని నిన్నే ఓ నజరేయా,in_library_contained,1725,Kanugontini Ninne O Najareyaa,,https://waytochurch.com/lyrics/song/2421/కనుగొంటిని-నిన్నే-ఓ-నజరేయా
2422,ఏదేను తోటలో ఆదాము హవ్వలు,missing,,,,https://waytochurch.com/lyrics/song/2422/ఏదేను-తోటలో-ఆదాము-హవ్వలు
2423,అనంత జ్ఞాని నీకు అల్పుడను నాకు సహవాసమా,in_library_exact,1705,Anantha Gnaani Neeku - Alpudanu Naaku Sahavaasamaa,,https://waytochurch.com/lyrics/song/2423/అనంత-జ్ఞాని-నీకు--అల్పుడను-నాకు-సహవాసమా
2424,ఆనందింతును నీలో దేవ అనుదినం నిన్ను స్తుతించుచు,in_library_fuzzy,1214,Aanandinthu Neelo Devaa,0.973,https://waytochurch.com/lyrics/song/2424/ఆనందింతును-నీలో-దేవ--అనుదినం-నిన్ను-స్తుతించుచు
2425,ఆరని ప్రేమ ఇది ఆర్పజాలని జ్వాల ఇది,in_library_exact,948,Aarani Prema Idi,,https://waytochurch.com/lyrics/song/2425/ఆరని-ప్రేమ-ఇది--ఆర్పజాలని-జ్వాల-ఇది
2426,ఉదయమాయే హృదయమా ప్రభు యేసుని ప్రార్తించవే,in_library_fuzzy,1041,Udayamaaye Hrudayamaa,0.900,https://waytochurch.com/lyrics/song/2426/ఉదయమాయే-హృదయమా--ప్రభు-యేసుని-ప్రార్తించవే
2427,ఎందుకయ్యా యేసయ్య నన్ను ప్రేమించితివి,missing,,,,https://waytochurch.com/lyrics/song/2427/ఎందుకయ్యా-యేసయ్య-నన్ను-ప్రేమించితివి
2428,ఎగురుచున్నది విజయపతాకం,in_library_exact,1670,Eguruchunnadi Vijayapathaakam,,https://waytochurch.com/lyrics/song/2428/ఎగురుచున్నది-విజయపతాకం
2429,ఎందుకో నన్ను నీవు ఎన్నుకున్నావు,in_library_exact,1673,Enduko Nannu Neevu Ennukunnaavu,,https://waytochurch.com/lyrics/song/2429/ఎందుకో-నన్ను-నీవు-ఎన్నుకున్నావు
2430,ఎంత కృపామయుడవు యేసయ్య,in_library_exact,209,Entha Krupaamayudavu,,https://waytochurch.com/lyrics/song/2430/ఎంత-కృపామయుడవు-యేసయ్య
2431,ఓ క్రైస్తవుడా సైనికుడా బలవంతుడా పరిశుద్ధుడా,missing,,,,https://waytochurch.com/lyrics/song/2431/ఓ-క్రైస్తవుడా--సైనికుడా--బలవంతుడా--పరిశుద్ధుడా
2432,కొంత సేపు కనబడి అంతలోనే మాయమయ్యే,in_library_exact,1188,Konthasepu Kanabadi,,https://waytochurch.com/lyrics/song/2432/కొంత-సేపు-కనబడి--అంతలోనే-మాయమయ్యే
2433,కృప చేత పిలిచినపుడే నేను నీ వాడనైతినయ్యా,missing,,,,https://waytochurch.com/lyrics/song/2433/కృప-చేత-పిలిచినపుడే--నేను-నీ-వాడనైతినయ్యా
2434,కాలమెల్ల మారినా మారడు నా యేసు నాధుడు,in_library_exact,1665,Kaalamella Maarinaa - Maaradu Naa Yesu Naathudu,,https://waytochurch.com/lyrics/song/2434/కాలమెల్ల-మారినా--మారడు-నా-యేసు-నాధుడు
2435,కృపామయుడా నీలోన నివసింపజేసినందున,in_library_exact,576,Krupaamayudaa,,https://waytochurch.com/lyrics/song/2435/కృపామయుడా-నీలోన-నివసింపజేసినందున
2436,దేవుని స్తుతియించుడి ఎల్లప్పుడు దేవుని స్తుతియించుడి,in_library_contained,115,Oneness,,https://waytochurch.com/lyrics/song/2436/దేవుని-స్తుతియించుడి--ఎల్లప్పుడు-దేవుని-స్తుతియించుడి
2437,నీ నామమే నా గానము నీవే నా ప్రాకారము,missing,,,,https://waytochurch.com/lyrics/song/2437/నీ-నామమే-నా-గానము--నీవే-నా-ప్రాకారము
2438,నిన్ను బట్టి బ్రతుకుతున్న నీరీక్షణతో జీవిస్తున్నా,in_library_exact,1686,Ninnu Batti Brathukuthunna- Neereekshanatho Jeevisthunnaa,,https://waytochurch.com/lyrics/song/2438/నిన్ను-బట్టి-బ్రతుకుతున్న-నీరీక్షణతో-జీవిస్తున్నా
2439,పేరుపెట్టి పిలిచినాడు నీ స్నేహితుడు,missing,,,,https://waytochurch.com/lyrics/song/2439/పేరుపెట్టి-పిలిచినాడు--నీ-స్నేహితుడు
2440,పాడేదం హల్లెలుయః క్రొత్త పాట పాడేదం,missing,,,,https://waytochurch.com/lyrics/song/2440/పాడేదం-హల్లెలుయః--క్రొత్త-పాట-పాడేదం
2441,మహిమ మహిమ మన యేసు రాజు కే మహిమ,missing,,,,https://waytochurch.com/lyrics/song/2441/మహిమ-మహిమ-మన-యేసు-రాజు-కే-మహిమ
2442,శుభ వేళ స్తోత్రబలి,in_library_exact,1002,Shubha Vela Sthothra Bali,,https://waytochurch.com/lyrics/song/2442/శుభ-వేళ--స్తోత్రబలి
2443,రాతి కుండను నేను ఖాళియై యున్నాను,in_library_contained,1744,Raathi Kundanu Nenu - Khaalliyai Yunnaanu,,https://waytochurch.com/lyrics/song/2443/రాతి-కుండను-నేను--ఖాళియై-యున్నాను
2444,ఆలోచించూ ఆలోచించు ఓ నా నేస్తం ఆలోచించు,in_library_exact,1679,Aalochinchoo Aalochinchu - O Naa Nestham Aalochinchu,,https://waytochurch.com/lyrics/song/2444/ఆలోచించూ-ఆలోచించు--ఓ-నా-నేస్తం-ఆలోచించు
2445,అదే అదే ఆ రోజూ యేసయ్య ఉగ్రత రోజు,in_library_exact,1,Ade Ade Aa Roju,,https://waytochurch.com/lyrics/song/2445/అదే-అదే-ఆ-రోజూ--యేసయ్య-ఉగ్రత-రోజు
2446,పరమ జీవము నాకు నివ్వ తిరిగి లేచెను నాతోనుండా,in_library_exact,549,Parama Jeevamu,,https://waytochurch.com/lyrics/song/2446/పరమ-జీవము-నాకు-నివ్వ--తిరిగి-లేచెను-నాతోనుండా
2447,పరములో నీతోనే ఉండాలనీ నను కోరి కొన్నావు,in_library_exact,1736,Paramulo Neethone Undaalanee - Nanu Kori Konnaavu,,https://waytochurch.com/lyrics/song/2447/పరములో-నీతోనే-ఉండాలనీ--నను-కోరి-కొన్నావు
2448,నీ వాక్కు వినిపించుమయ్యా నేత్రాలు తెరిపించుమయ్యా,in_library_exact,1723,Nee Vaakku Vinipinchumayyaa - Nethraalu Theripinchumayyaa,,https://waytochurch.com/lyrics/song/2448/నీ-వాక్కు-వినిపించుమయ్యా--నేత్రాలు-తెరిపించుమయ్యా
2449,పరిశుద్ధ జనముతో చేరి పరిశుద్ధ స్థలములో నిలచి,missing,,,,https://waytochurch.com/lyrics/song/2449/పరిశుద్ధ-జనముతో-చేరి--పరిశుద్ధ-స్థలములో-నిలచి
2450,అంకితం ప్రభూ నా జీవితం నీ చరణాల సేవకే అంకితమయ్యా,in_library_exact,1570,Ankitham Prabhu Naa Jeevitham,,https://waytochurch.com/lyrics/song/2450/అంకితం-ప్రభూ-నా-జీవితం--నీ-చరణాల-సేవకే-అంకితమయ్యా
2451,నా స్నేహం యేసుతోనే నా గమ్యం క్రీస్తులోనే,in_library_exact,1704,Naa Sneham.. Yesuthone - Naa Gamyam.. Kreesthulone,,https://waytochurch.com/lyrics/song/2451/నా-స్నేహం-యేసుతోనే--నా-గమ్యం-క్రీస్తులోనే
2453,హృదయారణ్యములో నే కృంగిన సమయములో,in_library_contained,678,Naaku Balamu Unnantha Varaku,,https://waytochurch.com/lyrics/song/2453/హృదయారణ్యములో--నే-కృంగిన-సమయములో
2454,ధనరాశులున్నా భవనాలు ఉన్నా మనలేవు ధరలోన ఓ మానవా,missing,,,,https://waytochurch.com/lyrics/song/2454/ధనరాశులున్నా--భవనాలు-ఉన్నా--మనలేవు-ధరలోన-ఓ-మానవా
2455,ఈ తరం యువతరం ప్రభు యేసుకే అంకితము,in_library_prefix,1268,Ee Tharam Yuvatharam,0.941,https://waytochurch.com/lyrics/song/2455/ఈ-తరం-యువతరం--ప్రభు-యేసుకే-అంకితము
2456,నా సమీపమై యున్న నా దేవుడవేసయ్యా,in_library_exact,1710,Naa Sameepamai Yunna - Naa Devudavesayyaa,,https://waytochurch.com/lyrics/song/2456/నా-సమీపమై-యున్న--నా-దేవుడవేసయ్యా
2457,ఆదరించిన యేసయ్యా ఆరాధనకు యోగ్యుడా,in_library_exact,1737,Aadarinchina Yesayyaa - Aaraadhanaku Yogyudaa,,https://waytochurch.com/lyrics/song/2457/ఆదరించిన-యేసయ్యా--ఆరాధనకు-యోగ్యుడా
2458,జ్యోతిర్మయుడా నా ప్రాణ ప్రియుడా స్తుతి మహిమలు నీకే,in_library_exact,542,Jyothirmayudaa,,https://waytochurch.com/lyrics/song/2458/జ్యోతిర్మయుడా-నా-ప్రాణ-ప్రియుడా--స్తుతి-మహిమలు-నీకే
2459,సత్తువభూమిలో శ్రేష్టమైన ద్రాక్షతీగలను నాటించిన దేవుడు,missing,,,,https://waytochurch.com/lyrics/song/2459/సత్తువభూమిలో-శ్రేష్టమైన-ద్రాక్షతీగలను-నాటించిన-దేవుడు
2460,స్తుతి చేయుటే కాదు ఆరాధన దేవుని పని చేయుటయే ఆరాధన,missing,,,,https://waytochurch.com/lyrics/song/2460/స్తుతి-చేయుటే-కాదు-ఆరాధన--దేవుని-పని-చేయుటయే-ఆరాధన
2461,దేవుని ప్రేమ దేవుని ప్రేమ శాశ్వతమైన ప్రేమ,in_library_exact,1724,Devuni Prema - Devuni Prema - Shaashwathamaina Prema,,https://waytochurch.com/lyrics/song/2461/దేవుని-ప్రేమ--దేవుని-ప్రేమ--శాశ్వతమైన-ప్రేమ
2462,కలములతో వ్రాయగలమా కవితలతో వర్ణించగలమా,in_library_fuzzy,53,Kalamulatho Raayagalamaa,0.930,https://waytochurch.com/lyrics/song/2462/కలములతో-వ్రాయగలమా-కవితలతో-వర్ణించగలమా
2463,ఓ దేవా నా యాత్రలోన నా తోడు నీవేనయా,missing,,,,https://waytochurch.com/lyrics/song/2463/ఓ-దేవా-నా-యాత్రలోన--నా-తోడు-నీవేనయా
2464,నింగిలోని చందురుడా మంద కాచే ఇందురుడా,in_library_exact,1669,Ningiloni Chandurudaa - Manda Kaache Indurudaa,,https://waytochurch.com/lyrics/song/2464/నింగిలోని-చందురుడా--మంద-కాచే-ఇందురుడా
2465,కల్వరి ప్రేమ ప్రకటించుచున్నది సర్వలోకానికి,in_library_exact,1684,Kalvari Prema Prakatinchuchunnadi - Sarvalokaaniki,,https://waytochurch.com/lyrics/song/2465/కల్వరి-ప్రేమ-ప్రకటించుచున్నది--సర్వలోకానికి
2466,ఇమ్మానుయేలు నా తోడై యున్నాడు,in_library_exact,1717,Immaanuyelu Naa Thodai Yunnaadu,,https://waytochurch.com/lyrics/song/2466/ఇమ్మానుయేలు-నా-తోడై-యున్నాడు
2467,మనోవిచారము కూడదు నీకు మహిమ తలంపులే కావలెను,in_library_exact,1654,Manovichaaramu Koodadu Neeku - Mahima Thalampule Kaavalenu,,https://waytochurch.com/lyrics/song/2467/మనోవిచారము-కూడదు-నీకు--మహిమ-తలంపులే-కావలెను
2468,స్తుతిపాత్రుడా స్తోత్రార్హుడా స్తుతులందుకో పూజార్హుడా,in_library_exact,1478,Sthuthi Paathrudaa Sthothraarhudaa,,https://waytochurch.com/lyrics/song/2468/స్తుతిపాత్రుడా--స్తోత్రార్హుడా--స్తుతులందుకో-పూజార్హుడా
2469,నిజముగా మొరపెట్టినా దేవుడాలకించకుండునా,in_library_exact,1005,Nijamugaa Mora Pettina,,https://waytochurch.com/lyrics/song/2469/నిజముగా-మొరపెట్టినా--దేవుడాలకించకుండునా
2470,నీ మాట నా పాటగా అనుక్షణం పాడనీ,missing,,,,https://waytochurch.com/lyrics/song/2470/నీ-మాట-నా-పాటగా--అనుక్షణం-పాడనీ
2471,నిన్నే నిన్నే స్తుతియింతున్ నిన్నే నిన్నే కీర్తింతున్,in_library_exact,1722,Ninne Ninne Sthuthiyinthun - Ninne Ninne Keerthinthun,,https://waytochurch.com/lyrics/song/2471/నిన్నే-నిన్నే-స్తుతియింతున్--నిన్నే-నిన్నే-కీర్తింతున్
2472,నిబంధనా జనులం నిరీక్షణా ధనులం,in_library_exact,1393,Nibandhanaa Janulam,,https://waytochurch.com/lyrics/song/2472/నిబంధనా-జనులం--నిరీక్షణా-ధనులం
2473,అన్ని కాలంబుల నున్న యెహోవా ని,in_library_exact,478,Anni Kaalambula,,https://waytochurch.com/lyrics/song/2473/అన్ని-కాలంబుల-నున్న-యెహోవా-ని
2474,ఎంత ప్రేమ యెంత ప్రేమ యెంత ప్రే,missing,,,,https://waytochurch.com/lyrics/song/2474/ఎంత-ప్రేమ-యెంత-ప్రేమ-యెంత-ప్రే
2475,చూచుచున్నాము నీ వైపు మా ప్రియ,in_library_contained,797,Choochuchunnaamu Nee Vaipu,,https://waytochurch.com/lyrics/song/2475/చూచుచున్నాము-నీ-వైపు-మా-ప్రియ
2476,దేవ సంస్తుతి చేయవే మనసా శ్రీ మ,in_library_contained,1450,Deva Samsthuthi Cheyave,,https://waytochurch.com/lyrics/song/2476/దేవ-సంస్తుతి-చేయవే-మనసా-శ్రీ-మ
2477,నా కాలగతు లెవ్వి నా చేతులను లే,missing,,,,https://waytochurch.com/lyrics/song/2477/నా-కాలగతు-లెవ్వి-నా-చేతులను-లే
2478,నాకేమి కొదువ నాధుఁడుండ నిఁక శ్,missing,,,,https://waytochurch.com/lyrics/song/2478/నాకేమి-కొదువ-నాధుఁడుండ-నిఁక-శ్
2479,యెహోవా నా కాపరి లే మేమి గలుగదు,missing,,,,https://waytochurch.com/lyrics/song/2479/యెహోవా-నా-కాపరి-లే-మేమి-గలుగదు
2480,యెహోవా నా మొఱ లాలించెను దన మహా,in_library_contained,1492,Yehova Naa Moralaalinchenu,,https://waytochurch.com/lyrics/song/2480/యెహోవా-నా-మొఱ-లాలించెను-దన-మహా
2481,యెహోవా భజన చేయండి పాప నరులారా,missing,,,,https://waytochurch.com/lyrics/song/2481/యెహోవా-భజన-చేయండి-పాప-నరులారా
2482,కూడికొని యున్నాము సంఘ ప్రభో కూ,missing,,,,https://waytochurch.com/lyrics/song/2482/కూడికొని-యున్నాము-సంఘ-ప్రభో-కూ
2483,చూడ గోరెద దేవ మందిరావరణములను చ,missing,,,,https://waytochurch.com/lyrics/song/2483/చూడ-గోరెద-దేవ-మందిరావరణములను-చ
2484,గానముఁ జేయుఁడు సుకీర్తనను యెహో,missing,,,,https://waytochurch.com/lyrics/song/2484/గానముఁ-జేయుఁడు-సుకీర్తనను-యెహో
2485,పరిశుద్ధ పరిశుద్ధ పరిశుద్ధ ప్ర,in_library_contained,547,Parishuddha Parishuddha,,https://waytochurch.com/lyrics/song/2485/పరిశుద్ధ-పరిశుద్ధ-పరిశుద్ధ-ప్ర
2486,త్రిత్వమై నిత్యత్వమున నేకత్వమగ,missing,,,,https://waytochurch.com/lyrics/song/2486/త్రిత్వమై-నిత్యత్వమున-నేకత్వమగ
2487,వ్యోమ సింహాసనస్థుఁడ యుర్వి పాద,missing,,,,https://waytochurch.com/lyrics/song/2487/వ్యోమ-సింహాసనస్థుఁడ-యుర్వి-పాద
2488,ఎటుల నీకు స్తుతు లొనర్తుము యెహ,missing,,,,https://waytochurch.com/lyrics/song/2488/ఎటుల-నీకు-స్తుతు-లొనర్తుము-యెహ
2489,భూమండలము దాని సంపూర్ణత యును లో,missing,,,,https://waytochurch.com/lyrics/song/2489/భూమండలము-దాని-సంపూర్ణత-యును-లో
2490,పరలోకమున నుండు దేవ నీ పదముల కొ,missing,,,,https://waytochurch.com/lyrics/song/2490/పరలోకమున-నుండు-దేవ-నీ-పదముల-కొ
2491,రండి యుత్సహించి పాడుదము రక్షణ,missing,,,,https://waytochurch.com/lyrics/song/2491/రండి-యుత్సహించి-పాడుదము-రక్షణ
2492,కలుగునుగాక దేవునికి మహిమ కలుగు,in_library_contained,243,Kalugunu Gaaka Devuniki Mahima,,https://waytochurch.com/lyrics/song/2492/కలుగునుగాక-దేవునికి-మహిమ-కలుగు
2493,మహిమ సర్వోన్నతమైన దైవమునకి మ్మ,missing,,,,https://waytochurch.com/lyrics/song/2493/మహిమ-సర్వోన్నతమైన-దైవమునకి-మ్మ
2494,పాహిలోక ప్రభో పాహి లోక ప్రభో,missing,,,,https://waytochurch.com/lyrics/song/2494/పాహిలోక-ప్రభో-పాహి-లోక-ప్రభో
2495,యేసు నాయకుఁడ యెల్ల వేళలను నీ ద,missing,,,,https://waytochurch.com/lyrics/song/2495/యేసు-నాయకుఁడ-యెల్ల-వేళలను-నీ-ద
2496,మా యేసు క్రీస్తు నీవే మహిమగల ర,missing,,,,https://waytochurch.com/lyrics/song/2496/మా-యేసు-క్రీస్తు-నీవే-మహిమగల-ర
2497,ఓ ప్రభుండా నిన్ నుతీంచుచున్నాము వినయముతోడ,missing,,,,https://waytochurch.com/lyrics/song/2497/ఓ-ప్రభుండా-నిన్-నుతీంచుచున్నాము-వినయముతోడ
2498,దహన బలి నీకు ననిష్టము మరియు దై,missing,,,,https://waytochurch.com/lyrics/song/2498/దహన-బలి-నీకు-ననిష్టము-మరియు-దై
2499,యెహోవ గద్దె ముందట,missing,,,,https://waytochurch.com/lyrics/song/2499/యెహోవ-గద్దె-ముందట
2500,సర్వేశా రమ్ము నీ సన్నిధి కాంతి నొసంగు మాకు,missing,,,,https://waytochurch.com/lyrics/song/2500/సర్వేశా-రమ్ము-నీ-సన్నిధి-కాంతి-నొసంగు-మాకు
2501,ఇన్నాళ్లు మాకు సాయమై యీ ముందుకును,missing,,,,https://waytochurch.com/lyrics/song/2501/ఇన్నాళ్లు-మాకు-సాయమై-యీ-ముందుకును
2502,సర్వాద్భుతంబులన్ సర్వత్రఁ జేయుకర్తన్,missing,,,,https://waytochurch.com/lyrics/song/2502/సర్వాద్భుతంబులన్-సర్వత్రఁ-జేయుకర్తన్
2503,మాకర్త గట్టి దుర్గము నే నమ్ము ఆయుధంబు,missing,,,,https://waytochurch.com/lyrics/song/2503/మాకర్త-గట్టి-దుర్గము-నే-నమ్ము-ఆయుధంబు
2504,కృపగల దేవుని సర్వదా నుతించుఁడి,missing,,,,https://waytochurch.com/lyrics/song/2504/కృపగల-దేవుని-సర్వదా-నుతించుఁడి
2505,నృపా విమోచకా ప్రభూ వేలాది నోళ్ల నీ,missing,,,,https://waytochurch.com/lyrics/song/2505/నృపా--విమోచకా--ప్రభూ-వేలాది-నోళ్ల-నీ
2506,దేవా దివ్యానంత ప్రభావ మాంపాహి,missing,,,,https://waytochurch.com/lyrics/song/2506/దేవా-దివ్యానంత-ప్రభావ-మాంపాహి
2507,శుద్ధి శుద్ధి శుద్ధి సర్వశక్త ప్రభు,missing,,,,https://waytochurch.com/lyrics/song/2507/శుద్ధి-శుద్ధి-శుద్ధి-సర్వశక్త-ప్రభు
2508,మేలుకొనరే మీ మనంబుల మేలిమిగ మీ,missing,,,,https://waytochurch.com/lyrics/song/2508/మేలుకొనరే-మీ-మనంబుల-మేలిమిగ-మీ
2509,తెల్లవారిన వేళఁ దెలి వొంది మన,missing,,,,https://waytochurch.com/lyrics/song/2509/తెల్లవారిన-వేళఁ-దెలి-వొంది-మన
2510,శ్రీ యేసు కర్తను సేవఁ జేయుటకు,missing,,,,https://waytochurch.com/lyrics/song/2510/శ్రీ-యేసు-కర్తను-సేవఁ-జేయుటకు
2511,సకల జగజ్జాల కర్తా భక్త సంఘ హృద,missing,,,,https://waytochurch.com/lyrics/song/2511/సకల-జగజ్జాల-కర్తా-భక్త-సంఘ-హృద
2512,వేఁడెద నాదగు వినతిని గైకొనవే జ,missing,,,,https://waytochurch.com/lyrics/song/2512/వేఁడెద-నాదగు-వినతిని-గైకొనవే-జ
2513,ప్రభువా నిన్నారాధింపను జేరితిమ,missing,,,,https://waytochurch.com/lyrics/song/2513/ప్రభువా-నిన్నారాధింపను-జేరితిమ
2514,లేచి స్తుతింపఁ బూనుఁడి లోకేశ్వ,missing,,,,https://waytochurch.com/lyrics/song/2514/లేచి-స్తుతింపఁ-బూనుఁడి-లోకేశ్వ
2515,స్తోత్రము స్తోత్రము ఓ దేవా ఈ వ,missing,,,,https://waytochurch.com/lyrics/song/2515/స్తోత్రము-స్తోత్రము-ఓ-దేవా-ఈ-వ
2516,వినవే నా వినతి నివేదన దయ వెలయఁ,missing,,,,https://waytochurch.com/lyrics/song/2516/వినవే-నా-వినతి-నివేదన-దయ-వెలయఁ
2517,నీతిగల యెహోవా స్తుతి మీయాత్మతో,missing,,,,https://waytochurch.com/lyrics/song/2517/నీతిగల-యెహోవా-స్తుతి-మీయాత్మతో
2518,దేవ నీకు స్తోత్రము ఈ రాత్రిలో,missing,,,,https://waytochurch.com/lyrics/song/2518/దేవ-నీకు-స్తోత్రము-ఈ-రాత్రిలో
2519,దినము గతియించెను దిననాధుఁడ పరా,missing,,,,https://waytochurch.com/lyrics/song/2519/దినము-గతియించెను-దిననాధుఁడ-పరా
2520,ఆకాశంబు భూమియు అంతట చీకటి యా,missing,,,,https://waytochurch.com/lyrics/song/2520/ఆకాశంబు-భూమియు-అంతట-చీకటి-యా
2521,ఈ సాయంకాలమున యేసు ప్రభో వేఁడెద,in_library_contained,1399,Ee Saayankaalamuna,,https://waytochurch.com/lyrics/song/2521/ఈ-సాయంకాలమున-యేసు-ప్రభో-వేఁడెద
2522,నా యేసూ ఆత్మ సూర్యుఁడా నీవ,missing,,,,https://waytochurch.com/lyrics/song/2522/నా-యేసూ-ఆత్మ-సూర్యుఁడా-నీవ
2523,ప్రొద్దు గ్రుంకుచున్నది సద్ద,missing,,,,https://waytochurch.com/lyrics/song/2523/ప్రొద్దు-గ్రుంకుచున్నది-సద్ద
2524,రాత్రియయ్యెన న్నెడఁబాయకు ధా,missing,,,,https://waytochurch.com/lyrics/song/2524/రాత్రియయ్యెన-న్నెడఁబాయకు-ధా
2525,ఓ రక్షకా నీ దివ్య నామము ఐక,missing,,,,https://waytochurch.com/lyrics/song/2525/ఓ-రక్షకా-నీ-దివ్య-నామము-ఐక
2526,భీకరుండౌ మా యెహోవా పీఠ మెదుటం,in_library_contained,1334,Bheekarundau Maa Yehovaa,,https://waytochurch.com/lyrics/song/2526/భీకరుండౌ-మా-యెహోవా-పీఠ-మెదుటం
2527,సన్నుతింతుమో ప్రభో సదమలమగు భ,in_library_contained,1247,Sannuthinthumo Prabho,,https://waytochurch.com/lyrics/song/2527/సన్నుతింతుమో-ప్రభో-సదమలమగు-భ
2528,సర్వ శక్తుని స్తోత్రగానము సల్ప,in_library_contained,1132,Sarvashakthuni Sthothra Gaanamu,,https://waytochurch.com/lyrics/song/2528/సర్వ-శక్తుని-స్తోత్రగానము-సల్ప
2529,ప్రబలముగనే ప్రస్తుతించెద ప్రభు,missing,,,,https://waytochurch.com/lyrics/song/2529/ప్రబలముగనే-ప్రస్తుతించెద-ప్రభు
2530,మరణమున్ జయించి లేచెను మన ప్రభు,missing,,,,https://waytochurch.com/lyrics/song/2530/మరణమున్-జయించి-లేచెను-మన-ప్రభు
2531,క్రీస్తు నేడు లేచెను ఆ ఆ ఆ హల,missing,,,,"https://waytochurch.com/lyrics/song/2531/క్రీస్తు-నేడు-లేచెను
ఆ-ఆ-ఆ-హల"
2532,క్రీస్తు ప్రభుని ప్రత్యక్షతలను,missing,,,,https://waytochurch.com/lyrics/song/2532/క్రీస్తు-ప్రభుని-ప్రత్యక్షతలను
2533,ఇదిగో నా శిష్యులారా యెఱుక లుంచ,missing,,,,https://waytochurch.com/lyrics/song/2533/ఇదిగో-నా-శిష్యులారా-యెఱుక-లుంచ
2534,రండు విశ్వాసులారా రండు విజయము,missing,,,,https://waytochurch.com/lyrics/song/2534/రండు-విశ్వాసులారా-రండు-విజయము
2535,సుదతులార మీ రిచ్చోట నెవ్వరి వె,missing,,,,https://waytochurch.com/lyrics/song/2535/సుదతులార-మీ-రిచ్చోట-నెవ్వరి-వె
2536,విజయంబు విజయంబు విజయంబు మా యేస,missing,,,,https://waytochurch.com/lyrics/song/2536/విజయంబు-విజయంబు-విజయంబు-మా-యేస
2537,హలెలూయ యని పాడుఁడీ సమాధిపై వెల,missing,,,,https://waytochurch.com/lyrics/song/2537/హలెలూయ-యని-పాడుఁడీ-సమాధిపై-వెల
2538,యేసు లేచెను ఆదివారమున యేసు లేచ,missing,,,,https://waytochurch.com/lyrics/song/2538/యేసు-లేచెను-ఆదివారమున-యేసు-లేచ
2539,క్రీస్తు లేచెను హల్లెలూయ క్రీస,in_library_contained,1580,Kreesthu Lechenu Halleluya,,https://waytochurch.com/lyrics/song/2539/క్రీస్తు-లేచెను-హల్లెలూయ-క్రీస
2540,యేసు పునరుత్థానమాయెను చావునొంద,missing,,,,https://waytochurch.com/lyrics/song/2540/యేసు-పునరుత్థానమాయెను-చావునొంద
2541,యేసు సమాధిలో పరుండియుండి వాస,missing,,,,"https://waytochurch.com/lyrics/song/2541/యేసు-సమాధిలో
పరుండియుండి
వాస"
2542,పరమ ప్రభో యేసురక్షకా ధననరుల బ్,missing,,,,https://waytochurch.com/lyrics/song/2542/పరమ-ప్రభో-యేసురక్షకా-ధననరుల-బ్
2543,మేఘంబుపై నెక్కి మేలుగ ప్రభు క్,missing,,,,https://waytochurch.com/lyrics/song/2543/మేఘంబుపై-నెక్కి-మేలుగ-ప్రభు-క్
2544,కోలాహలముగఁ గూరిమితోఁ గూడి కోలా,missing,,,,https://waytochurch.com/lyrics/song/2544/కోలాహలముగఁ-గూరిమితోఁ-గూడి-కోలా
2545,రాజాధి రాజా రారా రాజులకు రాజువ,in_library_contained,675,Raajaadhi Raajaa Raaraa,,https://waytochurch.com/lyrics/song/2545/రాజాధి-రాజా-రారా-రాజులకు-రాజువ
2546,నాడు వచ్చినట్లు గాదు నేఁడు వచ,missing,,,,https://waytochurch.com/lyrics/song/2546/నాడు-వచ్చినట్లు-గాదు-నేఁడు-వచ
2547,మహిమతో మన యేసు ఇహమునకు వేంచేయు,missing,,,,https://waytochurch.com/lyrics/song/2547/మహిమతో-మన-యేసు-ఇహమునకు-వేంచేయు
2548,అయ్యో యిది దుఃఖము ప్రభు తీర్పు,missing,,,,https://waytochurch.com/lyrics/song/2548/అయ్యో-యిది-దుఃఖము-ప్రభు-తీర్పు
2549,ఓహోహో మా యన్నలారా యుద్యోగింపండ,missing,,,,https://waytochurch.com/lyrics/song/2549/ఓహోహో-మా-యన్నలారా-యుద్యోగింపండ
2550,కోప దినము వచ్చును పాపుల గుండె,missing,,,,https://waytochurch.com/lyrics/song/2550/కోప-దినము-వచ్చును-పాపుల-గుండె
2551,వచ్చును క్రీస్తు వచ్చును భూలోక,missing,,,,https://waytochurch.com/lyrics/song/2551/వచ్చును-క్రీస్తు-వచ్చును-భూలోక
2552,యేసు వచ్చెడి వేళాయె సోదరులారా,missing,,,,https://waytochurch.com/lyrics/song/2552/యేసు-వచ్చెడి-వేళాయె-సోదరులారా
2553,ప్రభు పునరాగమరీతి విను మో ప్రభ,missing,,,,https://waytochurch.com/lyrics/song/2553/ప్రభు-పునరాగమరీతి-విను-మో-ప్రభ
2554,పరిశుద్ధాత్మ నిత్యాత్మ పరమ పావ,missing,,,,https://waytochurch.com/lyrics/song/2554/పరిశుద్ధాత్మ-నిత్యాత్మ-పరమ-పావ
2555,పరిశుద్ధాత్ముఁడ ప్రభువ వరదా,missing,,,,https://waytochurch.com/lyrics/song/2555/పరిశుద్ధాత్ముఁడ-ప్రభువ-వరదా
2556,పరిశుద్ధాత్మ ప్రభుని వరదివ్యశక,missing,,,,https://waytochurch.com/lyrics/song/2556/పరిశుద్ధాత్మ-ప్రభుని-వరదివ్యశక
2557,పరిశుద్ధాత్మా పావురమా నీ దాసుల,missing,,,,https://waytochurch.com/lyrics/song/2557/పరిశుద్ధాత్మా-పావురమా-నీ-దాసుల
2558,రమ్ము పరిశుద్ధాత్మ దేవుఁడా మమ్,missing,,,,https://waytochurch.com/lyrics/song/2558/రమ్ము-పరిశుద్ధాత్మ-దేవుఁడా-మమ్
2559,పరిశుద్ధాత్మునిఁ బొందుము ప్రభు,missing,,,,https://waytochurch.com/lyrics/song/2559/పరిశుద్ధాత్మునిఁ-బొందుము-ప్రభు
2560,వినరే యపోస్తలుల కార్యముల్ క్రై,missing,,,,https://waytochurch.com/lyrics/song/2560/వినరే-యపోస్తలుల-కార్యముల్-క్రై
2561,దైవాత్మా దిగుము దాసుల పైని నీ,missing,,,,https://waytochurch.com/lyrics/song/2561/దైవాత్మా-దిగుము-దాసుల-పైని-నీ
2562,ఆత్మా నడుపు స త్యము లోని కిపుడ,missing,,,,https://waytochurch.com/lyrics/song/2562/ఆత్మా-నడుపు-స-త్యము-లోని-కిపుడ
2563,శ్రీ యేసు స్వామి తిరిగి మోక్ష,missing,,,,"https://waytochurch.com/lyrics/song/2563/శ్రీ-యేసు-స్వామి-తిరిగి
మోక్ష"
2564,దివ్య పావనాత్మ నీ యీవు లన్ని,missing,,,,"https://waytochurch.com/lyrics/song/2564/దివ్య-పావనాత్మ-నీ
యీవు-లన్ని"
2565,దైవాత్మ పరిశుద్ధుడా ధారాళ ప్ర,missing,,,,"https://waytochurch.com/lyrics/song/2565/దైవాత్మ-పరిశుద్ధుడా
ధారాళ-ప్ర"
2566,పరిశుద్ధాత్మను గోరుము జీవము యే,missing,,,,https://waytochurch.com/lyrics/song/2566/పరిశుద్ధాత్మను-గోరుము-జీవము-యే
2567,పరిశుద్ధాత్ముఁడ దేవ ప్రభువా న,missing,,,,https://waytochurch.com/lyrics/song/2567/పరిశుద్ధాత్ముఁడ-దేవ-ప్రభువా-న
2568,రమ్ము రమ్ము పరిశుద్ధాత్మా రమ్మ,missing,,,,https://waytochurch.com/lyrics/song/2568/రమ్ము-రమ్ము-పరిశుద్ధాత్మా-రమ్మ
2569,దేవుఁ డిచ్చిన దివ్యవాక్య మి దే,missing,,,,https://waytochurch.com/lyrics/song/2569/దేవుఁ-డిచ్చిన-దివ్యవాక్య-మి-దే
2570,దేవుని గ్రంధము దినదినము చదువుమ,missing,,,,https://waytochurch.com/lyrics/song/2570/దేవుని-గ్రంధము-దినదినము-చదువుమ
2571,ప్రభువా పంపుమా నీ శుభవర్షము ని,missing,,,,https://waytochurch.com/lyrics/song/2571/ప్రభువా-పంపుమా-నీ-శుభవర్షము-ని
2572,సుఖ మిచ్చెగద మాకు ప్రభుయేసువా,missing,,,,https://waytochurch.com/lyrics/song/2572/సుఖ-మిచ్చెగద-మాకు-ప్రభుయేసువా
2573,మమ్ముఁ ప్రేమఁ జూచి దేవుఁడు మకు,missing,,,,https://waytochurch.com/lyrics/song/2573/మమ్ముఁ-ప్రేమఁ-జూచి-దేవుఁడు-మకు
2574,శ్రీ వినోద దాయకంబు దేవుని వాక్,missing,,,,https://waytochurch.com/lyrics/song/2574/శ్రీ-వినోద-దాయకంబు-దేవుని-వాక్
2575,యెహోవ పురి పునాది యిల మహా స్థి,missing,,,,https://waytochurch.com/lyrics/song/2575/యెహోవ-పురి-పునాది-యిల-మహా-స్థి
2576,యేసు దేహము సంఘము ప్రభు క్రీస్త,missing,,,,https://waytochurch.com/lyrics/song/2576/యేసు-దేహము-సంఘము-ప్రభు-క్రీస్త
2577,ఎల్ల సోదరు లైక్యత వసియించుట యె,missing,,,,https://waytochurch.com/lyrics/song/2577/ఎల్ల-సోదరు-లైక్యత-వసియించుట-యె
2578,సమకూర్చుము తండ్రి క్రైస్తవ సభల,missing,,,,https://waytochurch.com/lyrics/song/2578/సమకూర్చుము-తండ్రి-క్రైస్తవ-సభల
2579,ప్రభుక్రీస్తు యేసు ప్రేమించె స,missing,,,,https://waytochurch.com/lyrics/song/2579/ప్రభుక్రీస్తు-యేసు-ప్రేమించె-స
2580,సంఘ శిరసై వెలయు ప్రభువా సత్యకృ,missing,,,,https://waytochurch.com/lyrics/song/2580/సంఘ-శిరసై-వెలయు-ప్రభువా-సత్యకృ
2581,ఈ సంఘం పునాది క్రీస్తే సాధీశు,missing,,,,"https://waytochurch.com/lyrics/song/2581/ఈ-సంఘం-పునాది
క్రీస్తే-సాధీశు"
2582,దేవుని సీయోన్ పురమా శ్రేష్టమ,missing,,,,"https://waytochurch.com/lyrics/song/2582/దేవుని-సీయోన్-పురమా
శ్రేష్టమ"
2583,ఘన యెహోవా నీ గుడారం బున నతిథియ,missing,,,,https://waytochurch.com/lyrics/song/2583/ఘన-యెహోవా-నీ-గుడారం-బున-నతిథియ
2584,ఎంతో సుందరమైనవి ధర గిరులపై నెం,missing,,,,https://waytochurch.com/lyrics/song/2584/ఎంతో-సుందరమైనవి-ధర-గిరులపై-నెం
2585,పరిశుద్ధాత్ముఁడ లెమ్ము నీ సంఘ,missing,,,,https://waytochurch.com/lyrics/song/2585/పరిశుద్ధాత్ముఁడ-లెమ్ము-నీ-సంఘ
2586,అడుగుచున్నా మో దేవ కడు దయను గా,missing,,,,https://waytochurch.com/lyrics/song/2586/అడుగుచున్నా-మో-దేవ-కడు-దయను-గా
2587,దీవెనల నిడు దేవా నీదు సేవకై వె,missing,,,,https://waytochurch.com/lyrics/song/2587/దీవెనల-నిడు-దేవా-నీదు-సేవకై-వె
2588,వినరే నరులారా మనముల వేడుకలను మ,missing,,,,https://waytochurch.com/lyrics/song/2588/వినరే-నరులారా-మనముల-వేడుకలను-మ
2589,దేవా శిశువుల దెచ్చితిమి నీవు,missing,,,,https://waytochurch.com/lyrics/song/2589/దేవా-శిశువుల-దెచ్చితిమి-నీవు
2590,యే సొసంగె గొప్ప యాజ్ఞను తన శిష,missing,,,,https://waytochurch.com/lyrics/song/2590/యే-సొసంగె-గొప్ప-యాజ్ఞను-తన-శిష
2591,ఆచరించుచునున్నాము ఆ చందము మేము,missing,,,,https://waytochurch.com/lyrics/song/2591/ఆచరించుచునున్నాము-ఆ-చందము-మేము
2592,రండి రండి సువార్తబోధ విన రారోజ,missing,,,,https://waytochurch.com/lyrics/song/2592/రండి-రండి-సువార్తబోధ-విన-రారోజ
2593,మనస యాత్మ తేజరిల్లుమా యలంకరి,missing,,,,https://waytochurch.com/lyrics/song/2593/మనస-యాత్మ-తేజరిల్లుమా-యలంకరి
2594,శ్రీ రాజిల్లుచు యేసు క్రీస్తు,missing,,,,"https://waytochurch.com/lyrics/song/2594/శ్రీ-రాజిల్లుచు-యేసు
క్రీస్తు"
2595,గ్రీన్లాండ్ దేశస్థులును ఇండియ,missing,,,,"https://waytochurch.com/lyrics/song/2595/గ్రీన్లాండ్-దేశస్థులును
ఇండియ"
2596,శ్రీయేసు రాజ్య ముండును సూర్యు,missing,,,,"https://waytochurch.com/lyrics/song/2596/శ్రీయేసు-రాజ్య-ముండును
సూర్యు"
2597,శుభవార్త వింటిమి యేసు రక్షించ,missing,,,,"https://waytochurch.com/lyrics/song/2597/శుభవార్త-వింటిమి
యేసు-రక్షించ"
2598,ఓ దయానిలయా ప్రభువా మా కున్న,missing,,,,https://waytochurch.com/lyrics/song/2598/ఓ-దయానిలయా-ప్రభువా-మా-కున్న
2599,జీవాహారము రమ్ము చిరజీవాన్నము న,missing,,,,https://waytochurch.com/lyrics/song/2599/జీవాహారము-రమ్ము-చిరజీవాన్నము-న
2600,దేవా దీవించు మిప్పుడు దీన జనాళ,missing,,,,https://waytochurch.com/lyrics/song/2600/దేవా-దీవించు-మిప్పుడు-దీన-జనాళ
2601,చేరి భుజియింపుడీవిందు యేసు సిద,missing,,,,https://waytochurch.com/lyrics/song/2601/చేరి-భుజియింపుడీవిందు-యేసు-సిద
2602,మానవుఁడవై సకల నరుల మానక నా దోష,in_library_contained,1079,Maanavudavai Sakala,,https://waytochurch.com/lyrics/song/2602/మానవుఁడవై-సకల-నరుల-మానక-నా-దోష
2603,మన యేసు మరణస్మా రణవిందులోఁబాలు,missing,,,,https://waytochurch.com/lyrics/song/2603/మన-యేసు-మరణస్మా-రణవిందులోఁబాలు
2604,స్తోత్రార్పణ నర్పింతము జప ధూపమ,missing,,,,https://waytochurch.com/lyrics/song/2604/స్తోత్రార్పణ-నర్పింతము-జప-ధూపమ
2605,యేసూ నిన్ జూతు నిందుఁ దేటగా,missing,,,,https://waytochurch.com/lyrics/song/2605/యేసూ-నిన్-జూతు-నిందుఁ-దేటగా
2606,ఇఁక నేమి గతి యున్నది మానవులారా,missing,,,,https://waytochurch.com/lyrics/song/2606/ఇఁక-నేమి-గతి-యున్నది-మానవులారా
2607,రండి యేసుని యొద్దకుఁ ప్రియులార,missing,,,,https://waytochurch.com/lyrics/song/2607/రండి-యేసుని-యొద్దకుఁ-ప్రియులార
2608,యేసు నాథ కథా సుధా రస మిదిగో పా,missing,,,,https://waytochurch.com/lyrics/song/2608/యేసు-నాథ-కథా-సుధా-రస-మిదిగో-పా
2609,రారె యేసుని జూతము కోరిక దీర రా,missing,,,,https://waytochurch.com/lyrics/song/2609/రారె-యేసుని-జూతము-కోరిక-దీర-రా
2610,రారో జనులారా వేగముఁ గూడి రారో,missing,,,,https://waytochurch.com/lyrics/song/2610/రారో-జనులారా-వేగముఁ-గూడి-రారో
2611,యేసుని సుచరిత మెంత పొనరినది యె,missing,,,,https://waytochurch.com/lyrics/song/2611/యేసుని-సుచరిత-మెంత-పొనరినది-యె
2612,పోయెఁగ పోయెఁగ కాలము వెళ్లి పోయ,missing,,,,https://waytochurch.com/lyrics/song/2612/పోయెఁగ-పోయెఁగ-కాలము-వెళ్లి-పోయ
2613,వినరే యేసుక్రీస్తు బోధ మదిని గ,missing,,,,https://waytochurch.com/lyrics/song/2613/వినరే-యేసుక్రీస్తు-బోధ-మదిని-గ
2614,రండి మానవులారా రక్షకునిన మ్మండ,missing,,,,https://waytochurch.com/lyrics/song/2614/రండి-మానవులారా-రక్షకునిన-మ్మండ
2615,పాపినినేనని ప్రభుపదములకడ ప్రార,missing,,,,https://waytochurch.com/lyrics/song/2615/పాపినినేనని-ప్రభుపదములకడ-ప్రార
2616,హే ప్రభుయేసు హే ప్రభు యేసు హే,in_library_contained,1277,Easter Medley,,https://waytochurch.com/lyrics/song/2616/హే-ప్రభుయేసు-హే-ప్రభు-యేసు-హే
2617,ఎందుకు మఱచితివి యేసుని ప్రేమ ఎ,missing,,,,https://waytochurch.com/lyrics/song/2617/ఎందుకు-మఱచితివి-యేసుని-ప్రేమ-ఎ
2618,పాపకూపమునందు పడి మునిగియున్నావ,missing,,,,https://waytochurch.com/lyrics/song/2618/పాపకూపమునందు-పడి-మునిగియున్నావ
2619,దారుణ మగు మరణ వారిధి దాఁట నె వ,missing,,,,https://waytochurch.com/lyrics/song/2619/దారుణ-మగు-మరణ-వారిధి-దాఁట-నె-వ
2620,హృదయమనెడు తలుపు నొద్ద యేసు నాధ,in_library_fuzzy,752,Hrudayamanedu Thalupu Nodda,0.903,https://waytochurch.com/lyrics/song/2620/హృదయమనెడు-తలుపు-నొద్ద-యేసు-నాధ
2621,జను లందఱు వినండి దివ్య సంగతి,missing,,,,"https://waytochurch.com/lyrics/song/2621/జను-లందఱు-వినండి
దివ్య-సంగతి"
2622,మహా వైద్యుండు వచ్చెను ప్రజాళి,missing,,,,"https://waytochurch.com/lyrics/song/2622/మహా-వైద్యుండు-వచ్చెను
ప్రజాళి"
2623,ధరణిలోని ధనము లెల్ల ధరణిపాలై ప,missing,,,,https://waytochurch.com/lyrics/song/2623/ధరణిలోని-ధనము-లెల్ల-ధరణిపాలై-ప
2624,నిజముగాఁ పరిశుద్ధు డొకఁ డీ నేల,missing,,,,https://waytochurch.com/lyrics/song/2624/నిజముగాఁ-పరిశుద్ధు-డొకఁ-డీ-నేల
2625,పాపులకు సఖుండు మన ప్రాపు యేసె,missing,,,,https://waytochurch.com/lyrics/song/2625/పాపులకు-సఖుండు-మన-ప్రాపు-యేసె
2626,యేసునే సేవింపరండి మోసపోకండి ప్,missing,,,,https://waytochurch.com/lyrics/song/2626/యేసునే-సేవింపరండి-మోసపోకండి-ప్
2627,మన మొదటి తల్లిదండ్రులల్ మాయకు,missing,,,,https://waytochurch.com/lyrics/song/2627/మన-మొదటి-తల్లిదండ్రులల్-మాయకు
2628,నమ్మరె నరులార యేసుని సమ్మతిగాఁ,missing,,,,https://waytochurch.com/lyrics/song/2628/నమ్మరె-నరులార-యేసుని-సమ్మతిగాఁ
2629,యేసు క్రీస్తుని గొల్వ రన్న యీ,missing,,,,https://waytochurch.com/lyrics/song/2629/యేసు-క్రీస్తుని-గొల్వ-రన్న-యీ
2630,ఇది యెహోవా కలిగించిన దినము సుద,missing,,,,https://waytochurch.com/lyrics/song/2630/ఇది-యెహోవా-కలిగించిన-దినము-సుద
2631,సుక్షేమ శుభకాల విశ్రాంతి దిన,missing,,,,https://waytochurch.com/lyrics/song/2631/సుక్షేమ-శుభకాల-విశ్రాంతి-దిన
2632,త్రాహి మాం క్రీస్తు నాధ దయఁ జూ,missing,,,,https://waytochurch.com/lyrics/song/2632/త్రాహి-మాం-క్రీస్తు-నాధ-దయఁ-జూ
2633,శరణు నా యేసు ప్రభువా నీవెగా పర,missing,,,,https://waytochurch.com/lyrics/song/2633/శరణు-నా-యేసు-ప్రభువా-నీవెగా-పర
2634,రావయ్య యేసునాధా మా రక్షణమార్గమ,missing,,,,https://waytochurch.com/lyrics/song/2634/రావయ్య-యేసునాధా-మా-రక్షణమార్గమ
2635,ఏ ముఖాంబుతోడ వత్తు యేసు నాధనీద,missing,,,,https://waytochurch.com/lyrics/song/2635/ఏ-ముఖాంబుతోడ-వత్తు-యేసు-నాధనీద
2636,నన్ను దిద్దుము చిన్న ప్రాయము స,in_library_contained,1190,Nannu Diddumu Chinna Praayamu,,https://waytochurch.com/lyrics/song/2636/నన్ను-దిద్దుము-చిన్న-ప్రాయము-స
2637,నమ్మితి నయ్యా యేసయ్యా నీ పాదము,missing,,,,https://waytochurch.com/lyrics/song/2637/నమ్మితి-నయ్యా-యేసయ్యా-నీ-పాదము
2638,దేవ నీవు నన్ను ఁ బరిశో ధించి బ,missing,,,,https://waytochurch.com/lyrics/song/2638/దేవ-నీవు-నన్ను-ఁ-బరిశో-ధించి-బ
2639,పాప పశ్చాత్తాప మొందని వారికి ప,missing,,,,https://waytochurch.com/lyrics/song/2639/పాప-పశ్చాత్తాప-మొందని-వారికి-ప
2640,పాపిని కృప జూపవయ్యా దాపు జేరిత,missing,,,,https://waytochurch.com/lyrics/song/2640/పాపిని-కృప-జూపవయ్యా-దాపు-జేరిత
2641,ఖండింపవలెను దుర్గుణములు ఖండింప,missing,,,,https://waytochurch.com/lyrics/song/2641/ఖండింపవలెను-దుర్గుణములు-ఖండింప
2642,మనసా వినవేమే క్రీస్తునిఁ గని స,missing,,,,https://waytochurch.com/lyrics/song/2642/మనసా-వినవేమే-క్రీస్తునిఁ-గని-స
2643,దేవ దీనపాపిని ఓ పావన గావు కృప,missing,,,,https://waytochurch.com/lyrics/song/2643/దేవ-దీనపాపిని-ఓ-పావన-గావు-కృప
2644,అపరాధిని యేసయ్య కృప జూపి బ్రోవ,in_library_contained,1427,Aparaadhini Yesayyaa,,https://waytochurch.com/lyrics/song/2644/అపరాధిని-యేసయ్య-కృప-జూపి-బ్రోవ
2645,పశ్చాత్తాపము బొందుము జీవమ నీవు,missing,,,,https://waytochurch.com/lyrics/song/2645/పశ్చాత్తాపము-బొందుము-జీవమ-నీవు
2646,ఉన్నట్టు నేను వచ్చెదన్ పాపిష్,missing,,,,"https://waytochurch.com/lyrics/song/2646/ఉన్నట్టు-నేను-వచ్చెదన్
పాపిష్"
2647,ఓ యేసు రక్షకా నీ పిల్పు వింద,missing,,,,"https://waytochurch.com/lyrics/song/2647/ఓ-యేసు-రక్షకా
నీ-పిల్పు-వింద"
2648,యేసు నీదు జాలివల్ల లెక్క లేన,missing,,,,"https://waytochurch.com/lyrics/song/2648/యేసు-నీదు-జాలివల్ల
లెక్క-లేన"
2649,ఉన్నపాటున వచ్చు చున్నాను నీ పా,in_library_contained,288,Unna Paatuna Vachchuchunnaanu,,https://waytochurch.com/lyrics/song/2649/ఉన్నపాటున-వచ్చు-చున్నాను-నీ-పా
2650,దిక్కులేని వాఁడనో ప్రభో నీ యండ,missing,,,,https://waytochurch.com/lyrics/song/2650/దిక్కులేని-వాఁడనో-ప్రభో-నీ-యండ
2651,పాపము దలఁచు సుమీ పశ్చా త్తాపము,missing,,,,https://waytochurch.com/lyrics/song/2651/పాపము-దలఁచు-సుమీ-పశ్చా-త్తాపము
2652,పాపినయ్యా నేఁ బాపి నయ్యా కాపాడ,missing,,,,https://waytochurch.com/lyrics/song/2652/పాపినయ్యా-నేఁ-బాపి-నయ్యా-కాపాడ
2653,ఎఱింగి యెఱిఁగి చెడిపోతివి మనసా,missing,,,,https://waytochurch.com/lyrics/song/2653/ఎఱింగి-యెఱిఁగి-చెడిపోతివి-మనసా
2654,యేసు విభునిఁ దలఁచి మదిలో ద్వేష,missing,,,,https://waytochurch.com/lyrics/song/2654/యేసు-విభునిఁ-దలఁచి-మదిలో-ద్వేష
2655,ఆదరింపుము యేసువా ని న్నాశ్రయిం,missing,,,,https://waytochurch.com/lyrics/song/2655/ఆదరింపుము-యేసువా-ని-న్నాశ్రయిం
2656,తన యక్రమములకు క్షమా పణ నొందినవ,missing,,,,https://waytochurch.com/lyrics/song/2656/తన-యక్రమములకు-క్షమా-పణ-నొందినవ
2657,యేసుఁడు రాఁగన్ జేసిన దోషము నాశ,missing,,,,https://waytochurch.com/lyrics/song/2657/యేసుఁడు-రాఁగన్-జేసిన-దోషము-నాశ
2658,ఎంత పాపి నైనను యేసు చేర్చుకొన,in_library_contained,548,Entha Paapinainanu,,"https://waytochurch.com/lyrics/song/2658/ఎంత-పాపి-నైనను
యేసు-చేర్చుకొన"
2659,సిల్వ చెంత నేసువా చేర్చి నన్న,missing,,,,"https://waytochurch.com/lyrics/song/2659/సిల్వ-చెంత-నేసువా
చేర్చి-నన్న"
2660,డాగు నేది మాపును వేగ యేసు రక్,missing,,,,"https://waytochurch.com/lyrics/song/2660/డాగు-నేది-మాపును
వేగ-యేసు-రక్"
2661,నాకై చీల్చఁబడ్డ యో నా యనంత నగ,in_library_contained,57,Naakai Cheelchabadda,,"https://waytochurch.com/lyrics/song/2661/నాకై-చీల్చఁబడ్డ-యో
నా-యనంత-నగ"
2662,ఇమ్మానుయేలు రక్తము ఇంపైన యూటగ,in_library_exact,227,Immaanuyelu Rakthamu,,"https://waytochurch.com/lyrics/song/2662/ఇమ్మానుయేలు-రక్తము
ఇంపైన-యూటగ"
2663,పరమ రాజ్యమునకు నరులు తిరిగి పు,missing,,,,https://waytochurch.com/lyrics/song/2663/పరమ-రాజ్యమునకు-నరులు-తిరిగి-పు
2664,హా యానంద సుదినము నా యేసున్ న,missing,,,,"https://waytochurch.com/lyrics/song/2664/హా-యానంద-సుదినము
నా-యేసున్-న"
2665,యేసు నావాడని నమ్ముదున్ భాసిల్,missing,,,,"https://waytochurch.com/lyrics/song/2665/యేసు-నావాడని-నమ్ముదున్
భాసిల్"
2666,ఆనంద మగు ముక్తి యే నా మందిరము,missing,,,,https://waytochurch.com/lyrics/song/2666/ఆనంద-మగు-ముక్తి-యే-నా-మందిరము
2667,నా కింత ప్రోత్సాహా నందంబుల్ గల,missing,,,,https://waytochurch.com/lyrics/song/2667/నా-కింత-ప్రోత్సాహా-నందంబుల్-గల
2668,ఇతరుల సాక్ష్యము లెంతో గలిగియున,missing,,,,https://waytochurch.com/lyrics/song/2668/ఇతరుల-సాక్ష్యము-లెంతో-గలిగియున
2669,సిలువ సైనికులారా నిలువండి వడి,missing,,,,https://waytochurch.com/lyrics/song/2669/సిలువ-సైనికులారా-నిలువండి-వడి
2670,వీరుల మయ్యా జయ వీరుల మయ్యా మా,missing,,,,https://waytochurch.com/lyrics/song/2670/వీరుల-మయ్యా-జయ-వీరుల-మయ్యా-మా
2671,యేసు క్రీస్తు మతస్థుఁ డనఁగా నె,missing,,,,https://waytochurch.com/lyrics/song/2671/యేసు-క్రీస్తు-మతస్థుఁ-డనఁగా-నె
2672,యేసుప్రభుకై సాక్షులెవరెవరో ఎవ్,missing,,,,https://waytochurch.com/lyrics/song/2672/యేసుప్రభుకై-సాక్షులెవరెవరో-ఎవ్
2673,క్రీస్తు యోధులారా యుద్ధ మాడుఁ,missing,,,,"https://waytochurch.com/lyrics/song/2673/క్రీస్తు-యోధులారా
యుద్ధ-మాడుఁ"
2674,ఓ యేసు భక్తులారా మీ రాజు ధ్వ,missing,,,,"https://waytochurch.com/lyrics/song/2674/ఓ-యేసు-భక్తులారా
మీ-రాజు-ధ్వ"
2675,సంతోషింపరె ప్రియులారా యేసుని చ,missing,,,,https://waytochurch.com/lyrics/song/2675/సంతోషింపరె-ప్రియులారా-యేసుని-చ
2676,నా యేసు నా యాత్మ బలమా నీదు గ,missing,,,,https://waytochurch.com/lyrics/song/2676/నా-యేసు-నా-యాత్మ-బలమా-నీదు-గ
2677,నీ కన్న నిఁక వేరే వేల్పులు లేర,missing,,,,https://waytochurch.com/lyrics/song/2677/నీ-కన్న-నిఁక-వేరే-వేల్పులు-లేర
2678,వెలుగును రక్షణ కర్తయునగునా బలమ,missing,,,,https://waytochurch.com/lyrics/song/2678/వెలుగును-రక్షణ-కర్తయునగునా-బలమ
2679,నేను క్రీస్తు ప్రభుని జేరి నేన,missing,,,,https://waytochurch.com/lyrics/song/2679/నేను-క్రీస్తు-ప్రభుని-జేరి-నేన
2680,దాపుఁజేరుచుఁ బాడుము జీవపు మాట,missing,,,,"https://waytochurch.com/lyrics/song/2680/దాపుఁజేరుచుఁ-బాడుము
జీవపు-మాట"
2681,యేసుని జేరఁ వేగము రా మార్గముఁ,missing,,,,"https://waytochurch.com/lyrics/song/2681/యేసుని-జేరఁ-వేగము-రా
మార్గముఁ"
2682,సాక్ష్య మిచ్చెద స్వామి యేసు దే,missing,,,,https://waytochurch.com/lyrics/song/2682/సాక్ష్య-మిచ్చెద-స్వామి-యేసు-దే
2683,నా యాత్మ లెమ్ము సిద్ధము కమ్మ,missing,,,,https://waytochurch.com/lyrics/song/2683/నా-యాత్మ-లెమ్ము-సిద్ధము-కమ్మ
2684,లేలెమ్ము క్రైస్తవుఁడా నీలో మేల,missing,,,,https://waytochurch.com/lyrics/song/2684/లేలెమ్ము-క్రైస్తవుఁడా-నీలో-మేల
2685,ఏల చింత యేల వంత యిచట నీకు క్రై,missing,,,,https://waytochurch.com/lyrics/song/2685/ఏల-చింత-యేల-వంత-యిచట-నీకు-క్రై
2686,దేవా వెంబడించితి నీ నామమున్ జ,missing,,,,https://waytochurch.com/lyrics/song/2686/దేవా-వెంబడించితి-నీ-నామమున్-జ
2687,భయమేల క్రైస్తవుండా నీవిక నపజయమ,missing,,,,https://waytochurch.com/lyrics/song/2687/భయమేల-క్రైస్తవుండా-నీవిక-నపజయమ
2688,శోధనకు మీరు చోటియకుఁడి ధైర్య,missing,,,,"https://waytochurch.com/lyrics/song/2688/శోధనకు-మీరు
చోటియకుఁడి
ధైర్య"
2689,పైనమై యున్నా నయ్యా నీ పాదాంబుజ,missing,,,,https://waytochurch.com/lyrics/song/2689/పైనమై-యున్నా-నయ్యా-నీ-పాదాంబుజ
2690,పరదేశి పుణ్యక్షేత్ర యాత్రఁ బ,missing,,,,"https://waytochurch.com/lyrics/song/2690/పరదేశి-పుణ్యక్షేత్ర
యాత్రఁ-బ"
2691,వద్దు మనస బుద్ధి కురుచ పెద్దలక,missing,,,,https://waytochurch.com/lyrics/song/2691/వద్దు-మనస-బుద్ధి-కురుచ-పెద్దలక
2692,యేసుని కొరకై యిల జీవించెద భాసు,missing,,,,https://waytochurch.com/lyrics/song/2692/యేసుని-కొరకై-యిల-జీవించెద-భాసు
2693,వారె మంచి క్రైస్తవులు గదా యీ ల,missing,,,,https://waytochurch.com/lyrics/song/2693/వారె-మంచి-క్రైస్తవులు-గదా-యీ-ల
2694,యేసుని సేవింప దయచేసితివి ప్రేమ,missing,,,,https://waytochurch.com/lyrics/song/2694/యేసుని-సేవింప-దయచేసితివి-ప్రేమ
2695,ఏది నా విశ్రాంతి యీ లోకమందు నే,missing,,,,https://waytochurch.com/lyrics/song/2695/ఏది-నా-విశ్రాంతి-యీ-లోకమందు-నే
2696,విసుకదే ప్రాణంబు విజ్ఞాని కిలన,missing,,,,https://waytochurch.com/lyrics/song/2696/విసుకదే-ప్రాణంబు-విజ్ఞాని-కిలన
2697,ఇందులేదు నిలుచు పట్టణం క్రీస్త,missing,,,,https://waytochurch.com/lyrics/song/2697/ఇందులేదు-నిలుచు-పట్టణం-క్రీస్త
2698,లోకము వారెల్ల లోకువఁ జూచిన లోప,missing,,,,https://waytochurch.com/lyrics/song/2698/లోకము-వారెల్ల-లోకువఁ-జూచిన-లోప
2699,ఘనమైన క్రీస్తు కృపఁ గనుగొంటి న,missing,,,,https://waytochurch.com/lyrics/song/2699/ఘనమైన-క్రీస్తు-కృపఁ-గనుగొంటి-న
2700,మనసానందముఁ బొందుట కన్నను మరి య,missing,,,,https://waytochurch.com/lyrics/song/2700/మనసానందముఁ-బొందుట-కన్నను-మరి-య
2701,నా దేవ ప్రభువా నీ చెంతను సదా,in_library_contained,388,Naa Deva Prabhuvaa,,"https://waytochurch.com/lyrics/song/2701/నా-దేవ-ప్రభువా
నీ-చెంతను
సదా"
2702,జీవితంబు ఘోర కష్టనష్టంబుల్ ఆవ,missing,,,,"https://waytochurch.com/lyrics/song/2702/జీవితంబు-ఘోర-కష్టనష్టంబుల్
ఆవ"
2703,ఓ మా తండ్రి నీదు నామము నిత్య మ,missing,,,,https://waytochurch.com/lyrics/song/2703/ఓ-మా-తండ్రి-నీదు-నామము-నిత్య-మ
2704,నిన్ను నేను విడువను దేవ నీవు న,missing,,,,https://waytochurch.com/lyrics/song/2704/నిన్ను-నేను-విడువను-దేవ-నీవు-న
2705,విన రమ్ము యేసు నాధుఁడ నా మనవి,missing,,,,https://waytochurch.com/lyrics/song/2705/విన-రమ్ము-యేసు-నాధుఁడ-నా-మనవి
2706,ప్రార్థన వినెడి పావనుడా ప్రార్,in_library_contained,1306,Praardhana Vinedi Paavanudaa,,https://waytochurch.com/lyrics/song/2706/ప్రార్థన-వినెడి-పావనుడా-ప్రార్
2707,ఓ ప్రార్థనా సుప్రార్థనా నీ ప్,missing,,,,"https://waytochurch.com/lyrics/song/2707/ఓ-ప్రార్థనా-సుప్రార్థనా
నీ-ప్"
2708,యేసు నీ సదాత్మ వృష్టి భక్తు,missing,,,,"https://waytochurch.com/lyrics/song/2708/యేసు-నీ-సదాత్మ-వృష్టి
భక్తు"
2709,ఆశీరవంబు ల్మామీఁద వర్షింపజేయు,missing,,,,"https://waytochurch.com/lyrics/song/2709/ఆశీరవంబు-ల్మామీఁద
వర్షింపజేయు"
2710,రక్షకా నన్ మర్వఁబోకు మొఱ్ఱ న,missing,,,,"https://waytochurch.com/lyrics/song/2710/రక్షకా-నన్-మర్వఁబోకు
మొఱ్ఱ-న"
2711,దాసుల ప్రార్థన దప్పక యెసఁగెడు,missing,,,,https://waytochurch.com/lyrics/song/2711/దాసుల-ప్రార్థన-దప్పక-యెసఁగెడు
2712,పరమ నందుండెడు మా పరమ జనక నీదు,missing,,,,https://waytochurch.com/lyrics/song/2712/పరమ-నందుండెడు-మా-పరమ-జనక-నీదు
2713,ఆలించు దేవా నా మనవుల నాలించు ద,missing,,,,https://waytochurch.com/lyrics/song/2713/ఆలించు-దేవా-నా-మనవుల-నాలించు-ద
2714,దేవా సహాయము నిమ్మా జీవంపు టూటల,missing,,,,https://waytochurch.com/lyrics/song/2714/దేవా-సహాయము-నిమ్మా-జీవంపు-టూటల
2715,నన్ను ఁ గన్నయ్య రావె నా యేసు న,in_library_contained,1462,Nannu Gannayya Raave,,https://waytochurch.com/lyrics/song/2715/నన్ను-ఁ-గన్నయ్య-రావె-నా-యేసు-న
2716,కఱుణాపీఠము జేరరే దేవుని కృపా చ,missing,,,,https://waytochurch.com/lyrics/song/2716/కఱుణాపీఠము-జేరరే-దేవుని-కృపా-చ
2717,యేసు పరలోక నాయక సువి శేష సుఫల,missing,,,,https://waytochurch.com/lyrics/song/2717/యేసు-పరలోక-నాయక-సువి-శేష-సుఫల
2718,నా యేసు నాధా ననుఁ జూడవే నా జీవ,missing,,,,https://waytochurch.com/lyrics/song/2718/నా-యేసు-నాధా-ననుఁ-జూడవే-నా-జీవ
2719,విశ్వాసముతో వేఁడెడి వారికి విశ,missing,,,,https://waytochurch.com/lyrics/song/2719/విశ్వాసముతో-వేఁడెడి-వారికి-విశ
2720,విశ్వాస ఫలితములు విశదమ్ముగా నీ,missing,,,,https://waytochurch.com/lyrics/song/2720/విశ్వాస-ఫలితములు-విశదమ్ముగా-నీ
2721,సందియము వీడవే నా మనసా యా నందము,missing,,,,https://waytochurch.com/lyrics/song/2721/సందియము-వీడవే-నా-మనసా-యా-నందము
2722,విశ్వాసమే విజయము విను ప్రియుఁడ,missing,,,,https://waytochurch.com/lyrics/song/2722/విశ్వాసమే-విజయము-విను-ప్రియుఁడ
2723,ఓ దేవ రక్షకా నే విశ్వాసంబుతో,missing,,,,"https://waytochurch.com/lyrics/song/2723/ఓ-దేవ-రక్షకా
నే-విశ్వాసంబుతో"
2724,నీ చరణములే నమ్మితి నీ పాదములే,missing,,,,https://waytochurch.com/lyrics/song/2724/నీ-చరణములే-నమ్మితి-నీ-పాదములే
2725,దినదినముకు దిక్కు నీవే మా దేవు,missing,,,,https://waytochurch.com/lyrics/song/2725/దినదినముకు-దిక్కు-నీవే-మా-దేవు
2726,పాడుదును క్రీస్తు పేర పదము నెం,missing,,,,https://waytochurch.com/lyrics/song/2726/పాడుదును-క్రీస్తు-పేర-పదము-నెం
2727,జడియకుము నే నే యున్నానని కడు న,missing,,,,https://waytochurch.com/lyrics/song/2727/జడియకుము-నే-నే-యున్నానని-కడు-న
2728,దేవుఁడే నా కాశ్రయంబు దివ్యమైన,in_library_contained,224,Devude Naakaashrayambu,,https://waytochurch.com/lyrics/song/2728/దేవుఁడే-నా-కాశ్రయంబు-దివ్యమైన
2729,మనసు నిచ్చి వినుమా మది ననుసరిం,missing,,,,https://waytochurch.com/lyrics/song/2729/మనసు-నిచ్చి-వినుమా-మది-ననుసరిం
2730,ప్రీతిగల మన యేసుఁ డెంతో గొప్ప,in_library_contained,1134,Preethigala Mana Yesu,,"https://waytochurch.com/lyrics/song/2730/ప్రీతిగల-మన-యేసుఁ
డెంతో-గొప్ప"
2731,యేసూ యాత్మ ప్రియుఁడా నిన్ను,missing,,,,"https://waytochurch.com/lyrics/song/2731/యేసూ-యాత్మ-ప్రియుఁడా
నిన్ను"
2732,మా శ్రమ లన్ని తీర్చితివి మాకు,missing,,,,"https://waytochurch.com/lyrics/song/2732/మా-శ్రమ-లన్ని-తీర్చితివి
మాకు"
2733,అలసటపడ్డ నీవు దేవోక్తి విను,missing,,,,"https://waytochurch.com/lyrics/song/2733/అలసటపడ్డ-నీవు
దేవోక్తి-విను"
2734,ఎందు కే చింతించెదవు నా డెందమా,missing,,,,https://waytochurch.com/lyrics/song/2734/ఎందు-కే-చింతించెదవు-నా-డెందమా
2735,మనమీ మనుమీ మనస నీ వనుదినము యేస,missing,,,,https://waytochurch.com/lyrics/song/2735/మనమీ-మనుమీ-మనస-నీ-వనుదినము-యేస
2736,దేవ దాసపాలక రాజా రావే జీవముల ప,in_library_contained,1537,Deva Daasapaalaka,,https://waytochurch.com/lyrics/song/2736/దేవ-దాసపాలక-రాజా-రావే-జీవముల-ప
2737,ఎన్నడు నెడఁబాయ నే కొలది విడనా,missing,,,,https://waytochurch.com/lyrics/song/2737/ఎన్నడు-నెడఁబాయ-నే-కొలది-విడనా
2738,జీవమా చింతించకుండు నిన్నుఁ గావ,missing,,,,https://waytochurch.com/lyrics/song/2738/జీవమా-చింతించకుండు-నిన్నుఁ-గావ
2739,భయము నొందకుము క్రైస్తవ సహోదర య,missing,,,,https://waytochurch.com/lyrics/song/2739/భయము-నొందకుము-క్రైస్తవ-సహోదర-య
2740,యేసునాధుని సేవ యిపుడు మాకబ్బెన,missing,,,,https://waytochurch.com/lyrics/song/2740/యేసునాధుని-సేవ-యిపుడు-మాకబ్బెన
2741,వెరువనేల మనసా క్రీస్తుని వేఁడవ,missing,,,,https://waytochurch.com/lyrics/song/2741/వెరువనేల-మనసా-క్రీస్తుని-వేఁడవ
2742,ఓ దేవ నేను నీ దాపున నుండెదన్ న,missing,,,,https://waytochurch.com/lyrics/song/2742/ఓ-దేవ-నేను-నీ-దాపున-నుండెదన్-న
2743,యేసు కరుణ యిదియే మా శరణు యేసు,missing,,,,https://waytochurch.com/lyrics/song/2743/యేసు-కరుణ-యిదియే-మా-శరణు-యేసు
2744,శరణుఁ జొచ్చితి యేసునాధుఁడ శక్త,missing,,,,https://waytochurch.com/lyrics/song/2744/శరణుఁ-జొచ్చితి-యేసునాధుఁడ-శక్త
2745,యెహోవ నా కాపరి యిఁకఁ గొదు వేమి,missing,,,,https://waytochurch.com/lyrics/song/2745/యెహోవ-నా-కాపరి-యిఁకఁ-గొదు-వేమి
2746,సర్వశక్తుఁడ నిర్మలాత్ముఁడ సర్వ,missing,,,,https://waytochurch.com/lyrics/song/2746/సర్వశక్తుఁడ-నిర్మలాత్ముఁడ-సర్వ
2747,శరణు శరణు యేసు దేవా నన్నుఁ గరు,missing,,,,https://waytochurch.com/lyrics/song/2747/శరణు-శరణు-యేసు-దేవా-నన్నుఁ-గరు
2748,నాధా సముయేలు రీతి నీ యామోద శ,missing,,,,"https://waytochurch.com/lyrics/song/2748/నాధా-సముయేలు-రీతి
నీ-యామోద-శ"
2749,నా రక్షకుని వెంబడింతు నన్నిటన్,missing,,,,https://waytochurch.com/lyrics/song/2749/నా-రక్షకుని-వెంబడింతు-నన్నిటన్
2750,యేసూ నా ప్రభువా నీ ప్రేమ లే,missing,,,,"https://waytochurch.com/lyrics/song/2750/యేసూ-నా-ప్రభువా
నీ-ప్రేమ-లే"
2751,ఓ దివ్యకాంతి మబ్బు కమ్మఁగా న,missing,,,,"https://waytochurch.com/lyrics/song/2751/ఓ-దివ్యకాంతి-మబ్బు-కమ్మఁగా
న"
2752,నడ్పుమీ మహా యెహోవా లోక యాత్ర,missing,,,,"https://waytochurch.com/lyrics/song/2752/నడ్పుమీ-మహా-యెహోవా
లోక-యాత్ర"
2753,కొండల తట్టు నేఁ గోర్కెతోడ నాదు,missing,,,,https://waytochurch.com/lyrics/song/2753/కొండల-తట్టు-నేఁ-గోర్కెతోడ-నాదు
2754,జీవమార్గమున్ యేసూ చూపవే నీవ,missing,,,,"https://waytochurch.com/lyrics/song/2754/జీవమార్గమున్
యేసూ-చూపవే
నీవ"
2755,ఆహా నాకేమానందము శ్రీ యేసు నాచ,missing,,,,"https://waytochurch.com/lyrics/song/2755/ఆహా-నాకేమానందము
శ్రీ-యేసు-నాచ"
2756,యేసు మమ్ము నడిపించు నీదు కాప,missing,,,,"https://waytochurch.com/lyrics/song/2756/యేసు-మమ్ము-నడిపించు
నీదు-కాప"
2757,నీవు తోడై యున్నఁజాలు యేసు నిత్,missing,,,,https://waytochurch.com/lyrics/song/2757/నీవు-తోడై-యున్నఁజాలు-యేసు-నిత్
2758,నీవే నా ప్రియుఁడవు యేసు ప్రభు,missing,,,,https://waytochurch.com/lyrics/song/2758/నీవే-నా-ప్రియుఁడవు-యేసు-ప్రభు
2759,ఓ దేవా నన్నుఁ బ్రోవ నీదె భార మ,missing,,,,https://waytochurch.com/lyrics/song/2759/ఓ-దేవా-నన్నుఁ-బ్రోవ-నీదె-భార-మ
2760,నాధ యేసు నాధ క్రీస్తు నాధ నేనన,missing,,,,https://waytochurch.com/lyrics/song/2760/నాధ-యేసు-నాధ-క్రీస్తు-నాధ-నేనన
2761,నాకై చీలిన యుగ యుగముల శిల ముక్,missing,,,,https://waytochurch.com/lyrics/song/2761/నాకై-చీలిన-యుగ-యుగముల-శిల-ముక్
2762,ముక్తిఁ గనరే మీ మనంబుల శక్తిగల,missing,,,,https://waytochurch.com/lyrics/song/2762/ముక్తిఁ-గనరే-మీ-మనంబుల-శక్తిగల
2763,యేసూ నా యాత్మ రక్షకుండ నన్ను వ,missing,,,,https://waytochurch.com/lyrics/song/2763/యేసూ-నా-యాత్మ-రక్షకుండ-నన్ను-వ
2764,యేసు నామం బెత్తి పాడుదమ క్రీస్,missing,,,,https://waytochurch.com/lyrics/song/2764/యేసు-నామం-బెత్తి-పాడుదమ-క్రీస్
2765,యేసు భక్తవరులతో ని వాసముందమ యే,missing,,,,https://waytochurch.com/lyrics/song/2765/యేసు-భక్తవరులతో-ని-వాసముందమ-యే
2766,మా యేసు క్రీస్తుని మఱుఁగు గల్గ,missing,,,,https://waytochurch.com/lyrics/song/2766/మా-యేసు-క్రీస్తుని-మఱుఁగు-గల్గ
2767,యేసును చూచుట యెన్నటికో పర వాసు,missing,,,,https://waytochurch.com/lyrics/song/2767/యేసును-చూచుట-యెన్నటికో-పర-వాసు
2768,వేచియుంటిని నీ తట్టు యేసువమేము,missing,,,,https://waytochurch.com/lyrics/song/2768/వేచియుంటిని-నీ-తట్టు-యేసువమేము
2769,జీవము పోవగన్ దేవుని సన్నిధి జీ,missing,,,,https://waytochurch.com/lyrics/song/2769/జీవము-పోవగన్-దేవుని-సన్నిధి-జీ
2770,నిదురఁ బోయినట్టి నీ పాద సేవకున,missing,,,,https://waytochurch.com/lyrics/song/2770/నిదురఁ-బోయినట్టి-నీ-పాద-సేవకున
2771,మరణమునకు విజయ మేది మరణ మోడిపోయ,missing,,,,https://waytochurch.com/lyrics/song/2771/మరణమునకు-విజయ-మేది-మరణ-మోడిపోయ
2772,లేచు దినము వచ్చును మృతు లెల్ల,missing,,,,https://waytochurch.com/lyrics/song/2772/లేచు-దినము-వచ్చును-మృతు-లెల్ల
2773,అంత్య దినమందు దూత బూర నూదు చు,missing,,,,"https://waytochurch.com/lyrics/song/2773/అంత్య-దినమందు-దూత
బూర-నూదు-చు"
2774,యేసుని చేతులందు యేసుని రొమ్ము,missing,,,,"https://waytochurch.com/lyrics/song/2774/యేసుని-చేతులందు
యేసుని-రొమ్ము"
2775,రవికాంతిని మించినదౌ ఒక దేశము,missing,,,,"https://waytochurch.com/lyrics/song/2775/రవికాంతిని-మించినదౌ
ఒక-దేశము"
2776,సద్భక్తితోడ సాక్షులై నిత్య వి,missing,,,,"https://waytochurch.com/lyrics/song/2776/సద్భక్తితోడ-సాక్షులై-నిత్య
వి"
2777,శృంగార ద్వారంబు మా యేసు మోక్ష,missing,,,,https://waytochurch.com/lyrics/song/2777/శృంగార-ద్వారంబు-మా-యేసు-మోక్ష
2778,దేవదేవుని గొప్ప పురము పరలోకానం,missing,,,,https://waytochurch.com/lyrics/song/2778/దేవదేవుని-గొప్ప-పురము-పరలోకానం
2779,యెహోవా మా తండ్రి గాఁడ యేసుఁడు,missing,,,,https://waytochurch.com/lyrics/song/2779/యెహోవా-మా-తండ్రి-గాఁడ-యేసుఁడు
2780,నీదు సన్ని ధానమందు ఓ నా యేసుర,missing,,,,"https://waytochurch.com/lyrics/song/2780/నీదు-సన్ని-ధానమందు
ఓ-నా-యేసుర"
2781,గొప్ప దేవ నాకు తండ్రివి యాకాశమ,missing,,,,https://waytochurch.com/lyrics/song/2781/గొప్ప-దేవ-నాకు-తండ్రివి-యాకాశమ
2782,ఘనుఁడైన యెహోవా గద్దె ముందట మీర,missing,,,,https://waytochurch.com/lyrics/song/2782/ఘనుఁడైన-యెహోవా-గద్దె-ముందట-మీర
2783,గతకాలములయందు ఘనసహాయుడ దేవా హ,missing,,,,https://waytochurch.com/lyrics/song/2783/గతకాలములయందు-ఘనసహాయుడ-దేవా-హ
2784,పరిమపురి కల్పభూజ నిరత భూనరుల ప,missing,,,,https://waytochurch.com/lyrics/song/2784/పరిమపురి-కల్పభూజ-నిరత-భూనరుల-ప
2785,ఎంత ప్రేమించెనో దేవుఁడు మనపై న,missing,,,,https://waytochurch.com/lyrics/song/2785/ఎంత-ప్రేమించెనో-దేవుఁడు-మనపై-న
2786,దేవుని గొప్ప ప్రేమను కలంబు,missing,,,,https://waytochurch.com/lyrics/song/2786/దేవుని-గొప్ప-ప్రేమను-కలంబు
2787,దైవ ప్రేమ పృథ్విలోని యన్నిట,missing,,,,https://waytochurch.com/lyrics/song/2787/దైవ-ప్రేమ-పృథ్విలోని-యన్నిట
2788,శాశ్వతుడా విస్మయమొంది నేను,missing,,,,https://waytochurch.com/lyrics/song/2788/శాశ్వతుడా-విస్మయమొంది-నేను
2789,రమ్ము శ్రీ యేసూ సమ్మతి నాదు మన,missing,,,,https://waytochurch.com/lyrics/song/2789/రమ్ము-శ్రీ-యేసూ-సమ్మతి-నాదు-మన
2790,విమల హృదయ మిమ్ము విదితంబు నిను,missing,,,,https://waytochurch.com/lyrics/song/2790/విమల-హృదయ-మిమ్ము-విదితంబు-నిను
2791,సంపూర్ణ పరిశుద్ధి నిమ్ము సత్య,missing,,,,https://waytochurch.com/lyrics/song/2791/సంపూర్ణ-పరిశుద్ధి-నిమ్ము-సత్య
2792,తనువు నా దిదిగో గై కొనుమీ యో ప,in_library_contained,750,Thanuvu Naa Didigo,,https://waytochurch.com/lyrics/song/2792/తనువు-నా-దిదిగో-గై-కొనుమీ-యో-ప
2793,నీ చిత్తం బేను నీ చిత్తంబే నే,missing,,,,"https://waytochurch.com/lyrics/song/2793/నీ-చిత్తం-బేను-నీ-చిత్తంబే
నే"
2794,నాదు ప్రాణ మోప్రభో నేను నీకర,missing,,,,"https://waytochurch.com/lyrics/song/2794/నాదు-ప్రాణ-మోప్రభో
నేను-నీకర"
2795,సర్వచిత్తంబు నీదేనయ్యా స్వరూపమ,in_library_contained,516,Sarva Chitthambu Needenayyaa,,https://waytochurch.com/lyrics/song/2795/సర్వచిత్తంబు-నీదేనయ్యా-స్వరూపమ
2796,సమృద్ధి జీవము సంపత్తి నాకుఁగా,missing,,,,"https://waytochurch.com/lyrics/song/2796/సమృద్ధి-జీవము
సంపత్తి-నాకుఁగా"
2797,సంపూర్ణ జీవము సంపత్తి నాకు గా,missing,,,,"https://waytochurch.com/lyrics/song/2797/సంపూర్ణ-జీవము
సంపత్తి-నాకు-గా"
2798,నే నీవాఁడనై యుండఁ గోరెదన్ యేస,missing,,,,"https://waytochurch.com/lyrics/song/2798/నే-నీవాఁడనై-యుండఁ-గోరెదన్
యేస"
2799,యేసుసామి నీకు నేను నా సమస్త మ,missing,,,,"https://waytochurch.com/lyrics/song/2799/యేసుసామి-నీకు-నేను
నా-సమస్త-మ"
2800,నావన్ని యంగీకరించుమీ దేవా నన్న,in_library_contained,1380,Naavanni Yangeekarinchumee Devaa,,https://waytochurch.com/lyrics/song/2800/నావన్ని-యంగీకరించుమీ-దేవా-నన్న
2801,జీవితాంతము వరకు నీకే సేవ సల్పు,in_library_contained,1532,Jeevithaanthamu Varaku Neeke,,https://waytochurch.com/lyrics/song/2801/జీవితాంతము-వరకు-నీకే-సేవ-సల్పు
2802,శ్రీ యెహోవా నీ కొసంగెద శ్రేయ మ,missing,,,,https://waytochurch.com/lyrics/song/2802/శ్రీ-యెహోవా-నీ-కొసంగెద-శ్రేయ-మ
2803,జ్యోతిగ మము జేయుమో దేవా యీ లోక,missing,,,,https://waytochurch.com/lyrics/song/2803/జ్యోతిగ-మము-జేయుమో-దేవా-యీ-లోక
2804,నేను నీ వాఁడను దేవా నిక్కంబుగ,missing,,,,https://waytochurch.com/lyrics/song/2804/నేను-నీ-వాఁడను-దేవా-నిక్కంబుగ
2805,యేసు నా సిలువ నెత్తి యిప్పుడు,missing,,,,https://waytochurch.com/lyrics/song/2805/యేసు-నా-సిలువ-నెత్తి-యిప్పుడు
2806,సృష్టిపితా సర్వోన్నతా సమర్పింత,missing,,,,https://waytochurch.com/lyrics/song/2806/సృష్టిపితా-సర్వోన్నతా-సమర్పింత
2807,కొనుము మా హృదయంబు లను నీకర్పిం,missing,,,,https://waytochurch.com/lyrics/song/2807/కొనుము-మా-హృదయంబు-లను-నీకర్పిం
2808,సంతసంబున వత్తు సర్వేశ్వరుని చి,missing,,,,https://waytochurch.com/lyrics/song/2808/సంతసంబున-వత్తు-సర్వేశ్వరుని-చి
2809,లెమ్ము తేజరిల్లుము నీకు వెలుగు,in_library_contained,947,Lemmu Thejarillumu Neeku,,https://waytochurch.com/lyrics/song/2809/లెమ్ము-తేజరిల్లుము-నీకు-వెలుగు
2810,కఱుణాయుతం బౌకార్యములు కనబడవలెగ,missing,,,,https://waytochurch.com/lyrics/song/2810/కఱుణాయుతం-బౌకార్యములు-కనబడవలెగ
2811,రేపు మాపు గూడరమ్య మైన గింజల్,missing,,,,https://waytochurch.com/lyrics/song/2811/రేపు-మాపు-గూడరమ్య-మైన-గింజల్
2812,పాపము వలనఁ చెడినవానిఁ ప్రేమతో,missing,,,,"https://waytochurch.com/lyrics/song/2812/పాపము-వలనఁ-చెడినవానిఁ
ప్రేమతో"
2813,జాగ్రత జాగ్రత యేసుఁ డిట్లు పి,missing,,,,"https://waytochurch.com/lyrics/song/2813/జాగ్రత-జాగ్రత
యేసుఁ-డిట్లు-పి"
2814,చాటించుఁడి మనుష్యజాతి కేసు నా,in_library_contained,1211,Chaatinchudi Manushya Jaathi,,"https://waytochurch.com/lyrics/song/2814/చాటించుఁడి-మనుష్యజాతి-కేసు
నా"
2815,ఓడ్డుచేరి నీ యెదుట నిల్పునపుడ,missing,,,,"https://waytochurch.com/lyrics/song/2815/ఓడ్డుచేరి-నీ-యెదుట
నిల్పునపుడ"
2816,శ్రీ యేసుని వేఁడు మనసా సేవింపవ,missing,,,,https://waytochurch.com/lyrics/song/2816/శ్రీ-యేసుని-వేఁడు-మనసా-సేవింపవ
2817,ప్రభు సేవ కిదియే సమయంబు ప్రజల,missing,,,,https://waytochurch.com/lyrics/song/2817/ప్రభు-సేవ-కిదియే-సమయంబు-ప్రజల
2818,ఎవరు క్రీస్తు వైపు నున్నారు ఎవ,missing,,,,https://waytochurch.com/lyrics/song/2818/ఎవరు-క్రీస్తు-వైపు-నున్నారు-ఎవ
2819,చాటుఁడి శుభవార్తను బోధకులారా చ,missing,,,,https://waytochurch.com/lyrics/song/2819/చాటుఁడి-శుభవార్తను-బోధకులారా-చ
2820,ఆత్మలను సంపాదింపఁ నగు ఆత్మ బలమ,missing,,,,https://waytochurch.com/lyrics/song/2820/ఆత్మలను-సంపాదింపఁ-నగు-ఆత్మ-బలమ
2821,జయప్రభు యేసునె వెంబడించుచు జయమ,missing,,,,https://waytochurch.com/lyrics/song/2821/జయప్రభు-యేసునె-వెంబడించుచు-జయమ
2822,భారమైనది సేవ మరణము కన్న భారమైన,missing,,,,https://waytochurch.com/lyrics/song/2822/భారమైనది-సేవ-మరణము-కన్న-భారమైన
2823,యెహోవయే నా మహాదేవుఁడని బహుగ నె,missing,,,,https://waytochurch.com/lyrics/song/2823/యెహోవయే-నా-మహాదేవుఁడని-బహుగ-నె
2824,వారు భాగ్యవంతు లౌదురు భూ లోకమం,missing,,,,https://waytochurch.com/lyrics/song/2824/వారు-భాగ్యవంతు-లౌదురు-భూ-లోకమం
2825,చాలును లోక భోగములు చాలును చాలు,missing,,,,https://waytochurch.com/lyrics/song/2825/చాలును-లోక-భోగములు-చాలును-చాలు
2826,పదరే సోదరులార పమ్మపురిఁజేర మధు,missing,,,,https://waytochurch.com/lyrics/song/2826/పదరే-సోదరులార-పమ్మపురిఁజేర-మధు
2827,పరదేశుల మో ప్రియులారా మన పుర మ,in_library_contained,1272,Paradeshulamo Priyulaaraa,,https://waytochurch.com/lyrics/song/2827/పరదేశుల-మో-ప్రియులారా-మన-పుర-మ
2828,పోపోవే యో లోకమా చాలిఁకఁజాలు నీ,missing,,,,https://waytochurch.com/lyrics/song/2828/పోపోవే-యో-లోకమా-చాలిఁకఁజాలు-నీ
2829,సకలేంద్రియములారా చాల మీ పని దీ,missing,,,,https://waytochurch.com/lyrics/song/2829/సకలేంద్రియములారా-చాల-మీ-పని-దీ
2830,ఏదియది యేదియది యేదిరా మన దేశము,missing,,,,https://waytochurch.com/lyrics/song/2830/ఏదియది-యేదియది-యేదిరా-మన-దేశము
2831,స్వంతత్ర రాజ్యం ప్రభురాజ్యం స్,missing,,,,https://waytochurch.com/lyrics/song/2831/స్వంతత్ర-రాజ్యం-ప్రభురాజ్యం-స్
2832,శృంగార దేశము చేరఁగానే నా దుఃఖ,missing,,,,"https://waytochurch.com/lyrics/song/2832/శృంగార-దేశము-చేరఁగానే
నా-దుఃఖ"
2833,ఎంతో శృంగార మైనది యేసుని చరిత,missing,,,,https://waytochurch.com/lyrics/song/2833/ఎంతో-శృంగార-మైనది-యేసుని-చరిత
2834,పరములోన బరములోనఁ పాప మేమి లేదు,missing,,,,https://waytochurch.com/lyrics/song/2834/పరములోన-బరములోనఁ-పాప-మేమి-లేదు
2835,పరిశుద్ధి పరిశుద్ధి పరిశుద్ధి,in_library_contained,547,Parishuddha Parishuddha,,https://waytochurch.com/lyrics/song/2835/పరిశుద్ధి-పరిశుద్ధి-పరిశుద్ధి
2836,పరిశుద్ధం పరిశుద్ధం పరిశుద్ధం,in_library_contained,547,Parishuddha Parishuddha,,https://waytochurch.com/lyrics/song/2836/పరిశుద్ధం-పరిశుద్ధం-పరిశుద్ధం
2837,మహిమ మహిమ మహిమ యనుచు శిశువులు,missing,,,,https://waytochurch.com/lyrics/song/2837/మహిమ-మహిమ-మహిమ-యనుచు-శిశువులు
2838,పరమేదేశ మిదిగో నూతన యెరూస లేమద,missing,,,,https://waytochurch.com/lyrics/song/2838/పరమేదేశ-మిదిగో-నూతన-యెరూస-లేమద
2839,విందు పరమందుఁబెండ్లి విందు పరమ,missing,,,,https://waytochurch.com/lyrics/song/2839/విందు-పరమందుఁబెండ్లి-విందు-పరమ
2840,చక్కని పరలోక సంబంధులతో గూడి సం,missing,,,,https://waytochurch.com/lyrics/song/2840/చక్కని-పరలోక-సంబంధులతో-గూడి-సం
2841,దేవర బ్రోవుమా దీన కుటుంబమున్ ద,missing,,,,https://waytochurch.com/lyrics/song/2841/దేవర-బ్రోవుమా-దీన-కుటుంబమున్-ద
2842,ప్రభువుగన్ ప్రతిష్టింపరే గృహము,missing,,,,https://waytochurch.com/lyrics/song/2842/ప్రభువుగన్-ప్రతిష్టింపరే-గృహము
2843,యేసుక్రీస్తుని దాసులారా మీ సుత,missing,,,,https://waytochurch.com/lyrics/song/2843/యేసుక్రీస్తుని-దాసులారా-మీ-సుత
2844,యెహోవ యందు భక్తి బహుగ గలిగియుం,missing,,,,https://waytochurch.com/lyrics/song/2844/యెహోవ-యందు-భక్తి-బహుగ-గలిగియుం
2845,నేనును నా యింటివారును నీతి సూర,missing,,,,https://waytochurch.com/lyrics/song/2845/నేనును-నా-యింటివారును-నీతి-సూర
2846,రమ్ము రమ్ము మా యింటికి తండ్రీ,missing,,,,https://waytochurch.com/lyrics/song/2846/రమ్ము-రమ్ము-మా-యింటికి-తండ్రీ
2847,ఎంతో రమ్యంబైనది భూతలమందు ఎంతో,missing,,,,https://waytochurch.com/lyrics/song/2847/ఎంతో-రమ్యంబైనది-భూతలమందు-ఎంతో
2848,యేసుతో ఠీవిగాను పోదమా అడ్డుగా,in_library_contained,1088,Yesutho Teevigaanu Podamaa,,https://waytochurch.com/lyrics/song/2848/యేసుతో-ఠీవిగాను-పోదమా-అడ్డుగా
2849,ఓ క్రీస్తు భక్తులారా నీతి నిమ,missing,,,,"https://waytochurch.com/lyrics/song/2849/ఓ-క్రీస్తు-భక్తులారా
నీతి-నిమ"
2850,రేగత్వరపడకు ఓర్చుకో కోపి గోడ,missing,,,,"https://waytochurch.com/lyrics/song/2850/రేగత్వరపడకు
ఓర్చుకో
కోపి-గోడ"
2851,మేలుకొని యిక లేచి యేసుని మేలుల,missing,,,,https://waytochurch.com/lyrics/song/2851/మేలుకొని-యిక-లేచి-యేసుని-మేలుల
2852,దేవాది దేవాత్మజా మమ్ము దీవించు,missing,,,,https://waytochurch.com/lyrics/song/2852/దేవాది-దేవాత్మజా-మమ్ము-దీవించు
2853,భార్త క్రైస్తవ యువజనులారా ప్రభ,missing,,,,https://waytochurch.com/lyrics/song/2853/భార్త-క్రైస్తవ-యువజనులారా-ప్రభ
2854,దానియేల్వలె సాహసించుడి యొంటరిగ,missing,,,,https://waytochurch.com/lyrics/song/2854/దానియేల్వలె-సాహసించుడి-యొంటరిగ
2855,యేసువలె ఇల నేనుండెదను యేసువలెన,missing,,,,https://waytochurch.com/lyrics/song/2855/యేసువలె-ఇల-నేనుండెదను-యేసువలెన
2856,ఓ క్రైస్తవ యువకా నిజమంతయు గనుమ,in_library_exact,34,O Kraisthavaa Yuvakaa,,https://waytochurch.com/lyrics/song/2856/ఓ-క్రైస్తవ-యువకా-నిజమంతయు-గనుమ
2857,బాలకా నీ వర్తనము గా పాడుకొని జ,missing,,,,https://waytochurch.com/lyrics/song/2857/బాలకా-నీ-వర్తనము-గా-పాడుకొని-జ
2858,శ్రీ యేసురీతిగాను ప్రేమింపఁ గ,missing,,,,"https://waytochurch.com/lyrics/song/2858/శ్రీ-యేసురీతిగాను
ప్రేమింపఁ-గ"
2859,చేతులెత్తి వందనములు చేతు మిపుడ,missing,,,,https://waytochurch.com/lyrics/song/2859/చేతులెత్తి-వందనములు-చేతు-మిపుడ
2860,ఒక్క మనుజు డెరుషలేమునుండి యెరి,missing,,,,https://waytochurch.com/lyrics/song/2860/ఒక్క-మనుజు-డెరుషలేమునుండి-యెరి
2861,వారు ధన్యు లైన పిల్లలు భూలోకమం,missing,,,,https://waytochurch.com/lyrics/song/2861/వారు-ధన్యు-లైన-పిల్లలు-భూలోకమం
2862,అనుకరించెద నే ననుదినమును బాలుఁ,missing,,,,https://waytochurch.com/lyrics/song/2862/అనుకరించెద-నే-ననుదినమును-బాలుఁ
2863,తండ్రి వంటివాఁడు మనకు ధరణిని బోషించువాఁడు దండ్రి ప్రియుఁ,missing,,,,https://waytochurch.com/lyrics/song/2863/తండ్రి-వంటివాఁడు-మనకు-ధరణిని-బోషించువాఁడు-దండ్రి-ప్రియుఁ
2864,హల్లెలూయ నీ కల్లెలూయ చల్లఁగా ర,missing,,,,https://waytochurch.com/lyrics/song/2864/హల్లెలూయ-నీ-కల్లెలూయ-చల్లఁగా-ర
2865,ఆ చిన్న వారిలో నేనుండి యున్న న,missing,,,,https://waytochurch.com/lyrics/song/2865/ఆ-చిన్న-వారిలో-నేనుండి-యున్న-న
2866,యేసుబోలి మంచిబుద్ధి యెంతో ప్రే,missing,,,,https://waytochurch.com/lyrics/song/2866/యేసుబోలి-మంచిబుద్ధి-యెంతో-ప్రే
2867,దేవపుత్రులందఱు ఎంతో భాగ్యవంతు,missing,,,,"https://waytochurch.com/lyrics/song/2867/దేవపుత్రులందఱు
ఎంతో-భాగ్యవంతు"
2868,ఏ దేశస్థులమైన ఏ జాతి మనదైన యేస,missing,,,,https://waytochurch.com/lyrics/song/2868/ఏ-దేశస్థులమైన-ఏ-జాతి-మనదైన-యేస
2869,కల్వరియున్నంత దూరం వెళ్లెను నా,missing,,,,https://waytochurch.com/lyrics/song/2869/కల్వరియున్నంత-దూరం-వెళ్లెను-నా
2870,చిన్నబిడ్డల విన్నపముల నెన్నడైన,missing,,,,https://waytochurch.com/lyrics/song/2870/చిన్నబిడ్డల-విన్నపముల-నెన్నడైన
2871,కన్యా గర్భమున బుట్టి కరుణగల్గు,missing,,,,https://waytochurch.com/lyrics/song/2871/కన్యా-గర్భమున-బుట్టి-కరుణగల్గు
2872,బాల యేసుని జూడరే కరు ణాల వాలని,missing,,,,https://waytochurch.com/lyrics/song/2872/బాల-యేసుని-జూడరే-కరు-ణాల-వాలని
2873,చిన్న పరలోకమన్న మన హృదయం అన్న,missing,,,,https://waytochurch.com/lyrics/song/2873/చిన్న-పరలోకమన్న-మన-హృదయం-అన్న
2874,చిన్నవారి ప్రియ యేసు రక్షకా మ,missing,,,,"https://waytochurch.com/lyrics/song/2874/చిన్నవారి-ప్రియ-యేసు-రక్షకా
మ"
2875,ఆశీర్వాదము నీయుమ మా పరమజనక యాశ,missing,,,,https://waytochurch.com/lyrics/song/2875/ఆశీర్వాదము-నీయుమ-మా-పరమజనక-యాశ
2876,నే బీద చిన్న పిల్లను నా బుద్ధ,missing,,,,"https://waytochurch.com/lyrics/song/2876/నే-బీద-చిన్న-పిల్లను
నా-బుద్ధ"
2877,ప్రకాశించుడి యను నాజ్ఞను ప్,missing,,,,"https://waytochurch.com/lyrics/song/2877/ప్రకాశించుడి--యను-నాజ్ఞను
ప్"
2878,యేసు నన్నుఁ బ్రేమించి దాసు నన,missing,,,,"https://waytochurch.com/lyrics/song/2878/యేసు-నన్నుఁ-బ్రేమించి
దాసు-నన"
2879,జయం జయం హల్లెలూయ జయం జయ మిప్పు,missing,,,,https://waytochurch.com/lyrics/song/2879/జయం-జయం-హల్లెలూయ-జయం-జయ-మిప్పు
2880,బాలకుల విన్నపము లాలించు రక్షకా,missing,,,,https://waytochurch.com/lyrics/song/2880/బాలకుల-విన్నపము-లాలించు-రక్షకా
2881,రాజా నా దేవా నన్ను గావ రావే ప్,missing,,,,https://waytochurch.com/lyrics/song/2881/రాజా-నా-దేవా-నన్ను-గావ-రావే-ప్
2882,యేసునాధా రారారా మా జీవనాధా రార,missing,,,,https://waytochurch.com/lyrics/song/2882/యేసునాధా-రారారా-మా-జీవనాధా-రార
2883,పిల్ల నైన నన్నుఁ జూడుమీ ప్రియ,missing,,,,https://waytochurch.com/lyrics/song/2883/పిల్ల-నైన-నన్నుఁ-జూడుమీ-ప్రియ
2884,దేవ కావవే నేడు మమ్ములన్ నీవెరా,missing,,,,https://waytochurch.com/lyrics/song/2884/దేవ-కావవే-నేడు-మమ్ములన్-నీవెరా
2885,దేవకావవే రాత్రి మమ్ములన్ నీవె,missing,,,,https://waytochurch.com/lyrics/song/2885/దేవకావవే-రాత్రి-మమ్ములన్-నీవె
2886,ఘన భవ దుపకృతు లను మాటికి నే వి,missing,,,,https://waytochurch.com/lyrics/song/2886/ఘన-భవ-దుపకృతు-లను-మాటికి-నే-వి
2887,విజయగీతముల్ పాడరే క్రీస్తునకు,missing,,,,https://waytochurch.com/lyrics/song/2887/విజయగీతముల్-పాడరే-క్రీస్తునకు
2888,యేసు భజనయే మనలను ఆ సుగతికిఁ దీ,missing,,,,https://waytochurch.com/lyrics/song/2888/యేసు-భజనయే-మనలను-ఆ-సుగతికిఁ-దీ
2889,చూడుము గెత్సెమనే తోటలో నా ప్రభ,missing,,,,https://waytochurch.com/lyrics/song/2889/చూడుము-గెత్సెమనే-తోటలో-నా-ప్రభ
2890,జయ జయ యేసు జయయేసు జయజయ క్రీస్త,in_library_contained,23,Jaya Jaya Yesu,,https://waytochurch.com/lyrics/song/2890/జయ-జయ-యేసు-జయయేసు-జయజయ-క్రీస్త
2891,జయ విజయమని పాడుదమా జయ విజయుడగు,missing,,,,https://waytochurch.com/lyrics/song/2891/జయ-విజయమని-పాడుదమా-జయ-విజయుడగు
2892,జీవితమంత నీ ప్రేమగానం ప్రణుతిం,in_library_contained,616,Jeevithamanthaa Nee Prema,,https://waytochurch.com/lyrics/song/2892/జీవితమంత-నీ-ప్రేమగానం-ప్రణుతిం
2893,తరతరాలలో యుగయుగాలలో జగజగాలలో,in_library_exact,772,Thara Tharaalalo Yuga Yugaalalo,,https://waytochurch.com/lyrics/song/2893/తరతరాలలో-యుగయుగాలలో-జగజగాలలో
2894,దయచేయుము పాపక్షమా దయచేయుము పాప,missing,,,,https://waytochurch.com/lyrics/song/2894/దయచేయుము-పాపక్షమా-దయచేయుము-పాప
2895,ఆనంద యాత్ర ఇది ఆత్మీయ యాత్ర య,in_library_contained,626,Aananda Yaathra,,"https://waytochurch.com/lyrics/song/2895/ఆనంద-యాత్ర-ఇది-ఆత్మీయ-యాత్ర
య"
2896,దేవుడు మనకు ఎల్లప్పుడు తోడుగను,in_library_contained,203,Devudu Manaku Ellappudu,,https://waytochurch.com/lyrics/song/2896/దేవుడు-మనకు-ఎల్లప్పుడు-తోడుగను
2897,దేవునికి స్తోత్రము గానము చేయుట,in_library_contained,115,Oneness,,https://waytochurch.com/lyrics/song/2897/దేవునికి-స్తోత్రము-గానము-చేయుట
2898,దేవుని వారసులం ప్రేమ నివాసులము,in_library_exact,677,Devuni Vaarasulam,,https://waytochurch.com/lyrics/song/2898/దేవుని-వారసులం-ప్రేమ-నివాసులము
2899,దేవుని స్తుతియించుడి ఎల్లప్పుడ,in_library_contained,115,Oneness,,https://waytochurch.com/lyrics/song/2899/దేవుని-స్తుతియించుడి-ఎల్లప్పుడ
2900,దొరకుతావురా సహోదరా దొరుకుతావు,missing,,,,https://waytochurch.com/lyrics/song/2900/దొరకుతావురా-సహోదరా-దొరుకుతావు
2901,నడిపించు నానావ నడిసంద్రమున దేవ,in_library_exact,1322,Nadipinchu Naa Naavaa,,https://waytochurch.com/lyrics/song/2901/నడిపించు-నానావ-నడిసంద్రమున-దేవ
2902,నమ్మవద్దు నమ్మవద్దు ఈ మాయలోకం,missing,,,,https://waytochurch.com/lyrics/song/2902/నమ్మవద్దు-నమ్మవద్దు-ఈ-మాయలోకం
2903,నరకమనునది నిరంతముండునయో ఆ ఘోర,missing,,,,"https://waytochurch.com/lyrics/song/2903/నరకమనునది-నిరంతముండునయో
ఆ-ఘోర"
2904,నాదు జీవమాయనే నా సమస్తము నా స,in_library_contained,904,Naadu Jeevamaayene,,"https://waytochurch.com/lyrics/song/2904/నాదు-జీవమాయనే-నా-సమస్తము
నా-స"
2905,నా నిమిత్తమాయన మహిని శ్రమలు పొ,missing,,,,https://waytochurch.com/lyrics/song/2905/నా-నిమిత్తమాయన-మహిని-శ్రమలు-పొ
2906,ఆనందం ఆనందం దినదినం ఆనందం యేస,missing,,,,"https://waytochurch.com/lyrics/song/2906/ఆనందం-ఆనందం-దినదినం-ఆనందం
యేస"
2907,నా ప్రాణప్రియుడా యేసు రాజా అర,in_library_contained,795,Naa Praanapriyudaa Yesu Raajaa,,"https://waytochurch.com/lyrics/song/2907/నా-ప్రాణప్రియుడా-యేసు-రాజా
అర"
2908,నా ప్రియ యేసునిపై ఆనుకొని అరణ్,missing,,,,https://waytochurch.com/lyrics/song/2908/నా-ప్రియ-యేసునిపై-ఆనుకొని-అరణ్
2909,నా సంకటంబులన్నియు తీరిపోయెసం,missing,,,,https://waytochurch.com/lyrics/song/2909/నా-సంకటంబులన్నియు-తీరిపోయెసం
2910,నీ చేతితో నన్ను పట్టుకో నీ ఆత్,in_library_contained,374,Nee Chethitho Nannu Pattuko,,https://waytochurch.com/lyrics/song/2910/నీ-చేతితో-నన్ను-పట్టుకో-నీ-ఆత్
2911,నే యేసుని వెంబడింతునని నేడేగా,in_library_contained,297,Ne Yesuni Vembadinthunani,,https://waytochurch.com/lyrics/song/2911/నే-యేసుని-వెంబడింతునని-నేడేగా
2912,యేసు చాలును యేసు చాలును యే సమ,in_library_contained,549,Parama Jeevamu,,"https://waytochurch.com/lyrics/song/2912/యేసు-చాలును-యేసు-చాలును
యే-సమ"
2913,పాడెద దేవ నీ కృపలన్ నూతన గీతము,in_library_contained,143,Paadeda Devaa Nee Krupalan,,https://waytochurch.com/lyrics/song/2913/పాడెద-దేవ-నీ-కృపలన్-నూతన-గీతము
2914,ప్రజలమే వేగమె రారె నిజదైవమును,missing,,,,https://waytochurch.com/lyrics/song/2914/ప్రజలమే-వేగమె-రారె-నిజదైవమును
2915,ప్రభు ప్రేమ తొలికేక హృదయంలో ప్,missing,,,,https://waytochurch.com/lyrics/song/2915/ప్రభు-ప్రేమ-తొలికేక-హృదయంలో-ప్
2916,ప్రభు యేసుని వదనములో నా దేవుని,missing,,,,https://waytochurch.com/lyrics/song/2916/ప్రభు-యేసుని-వదనములో-నా-దేవుని
2917,ఇదిగో నీ రాజు వచ్చుచుండె సీయోన,missing,,,,https://waytochurch.com/lyrics/song/2917/ఇదిగో-నీ-రాజు-వచ్చుచుండె-సీయోన
2918,ప్రభువా నే నిన్ను నమ్మి నిన్న,in_library_contained,1345,Prabhuvaa Ne Ninnu Nammi,,https://waytochurch.com/lyrics/song/2918/ప్రభువా-నే-నిన్ను-నమ్మి-నిన్న
2919,ప్రేమామృత్తధారలు చిందించిన యేస,missing,,,,https://waytochurch.com/lyrics/song/2919/ప్రేమామృత్తధారలు-చిందించిన-యేస
2920,ప్రియయేసు నిర్మించితివి ప్రియమ,in_library_contained,416,Priya Yesu Nirminchithivi,,https://waytochurch.com/lyrics/song/2920/ప్రియయేసు-నిర్మించితివి-ప్రియమ
2921,మణులు మాణిక్యములున్నా మేడమిద్ద,missing,,,,https://waytochurch.com/lyrics/song/2921/మణులు-మాణిక్యములున్నా-మేడమిద్ద
2922,మధురం మధురం మధురం యేసునాధ కథ మ,missing,,,,https://waytochurch.com/lyrics/song/2922/మధురం-మధురం-మధురం-యేసునాధ-కథ-మ
2923,మార్గము చూపుము ఇంటికి నా తండ్ర,in_library_contained,352,Maargamu Choopumu Intiki,,https://waytochurch.com/lyrics/song/2923/మార్గము-చూపుము-ఇంటికి-నా-తండ్ర
2924,యెహోవా నా బలమా యధార్థమైనది నీ,in_library_contained,115,Oneness,,https://waytochurch.com/lyrics/song/2924/యెహోవా-నా-బలమా-యధార్థమైనది-నీ
2925,రమ్మనుచున్నా డేసురాజు రండి సర్,missing,,,,https://waytochurch.com/lyrics/song/2925/రమ్మనుచున్నా-డేసురాజు-రండి-సర్
2926,రమ్ము నీ తరుణమిదే పిలచుచున్నా,missing,,,,https://waytochurch.com/lyrics/song/2926/రమ్ము-నీ-తరుణమిదే-పిలచుచున్నా
2927,రండి రండి యేసుని యొద్దకు రమ్మన,in_library_contained,556,Randi Randi Yesuni Yoddaku,,https://waytochurch.com/lyrics/song/2927/రండి-రండి-యేసుని-యొద్దకు-రమ్మన
2928,ఇదియే సమయంబు రండి యేసుని జేరండ,in_library_exact,1622,Idiye Samayambu Randi,,https://waytochurch.com/lyrics/song/2928/ఇదియే-సమయంబు-రండి-యేసుని-జేరండ
2929,రేయింపగలు నీ పదసేవే యేసు ప్రభు,missing,,,,https://waytochurch.com/lyrics/song/2929/రేయింపగలు-నీ-పదసేవే-యేసు-ప్రభు
2930,ఈ జీవిత ఈత ఈదలేకున్నాను నా చే,missing,,,,"https://waytochurch.com/lyrics/song/2930/ఈ-జీవిత-ఈత-ఈదలేకున్నాను
నా-చే"
2931,ఎల్ల వేళలందు కష్టలమందు వల్లభు,missing,,,,"https://waytochurch.com/lyrics/song/2931/ఎల్ల-వేళలందు-కష్టలమందు
వల్లభు"
2932,ఎవని అతిక్రమములు మన్నింపబడెనో,missing,,,,https://waytochurch.com/lyrics/song/2932/ఎవని-అతిక్రమములు-మన్నింపబడెనో
2933,రండి సువార్త సునాదముతో రంజిలు,in_library_contained,1180,Randi Suvaartha Sunaadamutho,,"https://waytochurch.com/lyrics/song/2933/రండి-సువార్త-సునాదముతో
రంజిలు"
2934,క్రీస్తే సర్వాధికారి క్రీస్తే,in_library_contained,720,Kreesthe Sarvaadhikaari,,https://waytochurch.com/lyrics/song/2934/క్రీస్తే-సర్వాధికారి-క్రీస్తే
2935,నీవేయని నమ్మక యేసునాకు నీవేయని,in_library_contained,664,Neeveyani Nammika,,https://waytochurch.com/lyrics/song/2935/నీవేయని-నమ్మక-యేసునాకు-నీవేయని
2936,క్రీస్తేసు శక్తినామమెల్లరు కీర,missing,,,,https://waytochurch.com/lyrics/song/2936/క్రీస్తేసు-శక్తినామమెల్లరు-కీర
2937,నాయేసు నామ శబ్దము ఎంతో యింపైన,missing,,,,"https://waytochurch.com/lyrics/song/2937/నాయేసు-నామ-శబ్దము
ఎంతో-యింపైన"
2938,యేసు నామము స్మరించు బాధ నీకుఁ,missing,,,,"https://waytochurch.com/lyrics/song/2938/యేసు-నామము-స్మరించు
బాధ-నీకుఁ"
2939,యేసు నామామృతము కన్నను వేరే మాక,missing,,,,https://waytochurch.com/lyrics/song/2939/యేసు-నామామృతము-కన్నను-వేరే-మాక
2940,యేసు నామ మెంతో మధురం యేసు నామ,missing,,,,https://waytochurch.com/lyrics/song/2940/యేసు-నామ-మెంతో-మధురం-యేసు-నామ
2941,యేసు నామమే పావనము మాకు యేసు గద,missing,,,,https://waytochurch.com/lyrics/song/2941/యేసు-నామమే-పావనము-మాకు-యేసు-గద
2942,యేసే భగవన్నామం భజింపను యేసే,missing,,,,https://waytochurch.com/lyrics/song/2942/యేసే-భగవన్నామం-భజింపను-యేసే
2943,యేసు నీ నామామృతము మా కెంతో రుచ,in_library_contained,745,Yesu Nee Naamaamruthamu,,https://waytochurch.com/lyrics/song/2943/యేసు-నీ-నామామృతము-మా-కెంతో-రుచ
2944,వరనామమే శరణము శరణము క్రీస్తు వ,missing,,,,https://waytochurch.com/lyrics/song/2944/వరనామమే-శరణము-శరణము-క్రీస్తు-వ
2945,శ్రీ యేసు దివ్య నామస్మరణ చేయవే,missing,,,,https://waytochurch.com/lyrics/song/2945/శ్రీ-యేసు-దివ్య-నామస్మరణ-చేయవే
2946,రారాజగు యేసునినామం రమ్యంబగు దే,missing,,,,https://waytochurch.com/lyrics/song/2946/రారాజగు-యేసునినామం-రమ్యంబగు-దే
2947,దేవుని ప్రేమ యిదిగో జనులార భావ,missing,,,,https://waytochurch.com/lyrics/song/2947/దేవుని-ప్రేమ-యిదిగో-జనులార-భావ
2948,సీయోనుకన్యా సంభ్రమపడుచు వేయుము,missing,,,,https://waytochurch.com/lyrics/song/2948/సీయోనుకన్యా-సంభ్రమపడుచు-వేయుము
2949,ద్రాక్షావల్లిని నేను ద్రాక్షాత,missing,,,,https://waytochurch.com/lyrics/song/2949/ద్రాక్షావల్లిని-నేను-ద్రాక్షాత
2950,ఇదిగో శుభద రక్షణము దేవుఁడు పంప,missing,,,,https://waytochurch.com/lyrics/song/2950/ఇదిగో-శుభద-రక్షణము-దేవుఁడు-పంప
2951,వినరె మనుజులార క్రీస్తుఁ డిలను,missing,,,,https://waytochurch.com/lyrics/song/2951/వినరె-మనుజులార-క్రీస్తుఁ-డిలను
2952,అందమైన క్రీస్తు కథ మీ రాలింపరయ,missing,,,,https://waytochurch.com/lyrics/song/2952/అందమైన-క్రీస్తు-కథ-మీ-రాలింపరయ
2953,కనరె యేసుని ప్రత్యక్షంబు అన్య,missing,,,,https://waytochurch.com/lyrics/song/2953/కనరె-యేసుని-ప్రత్యక్షంబు-అన్య
2954,నేర్చుకొనరే యేసువాడుక లనుదినము,missing,,,,https://waytochurch.com/lyrics/song/2954/నేర్చుకొనరే-యేసువాడుక-లనుదినము
2955,ఎవరు భాగ్యవంతు లౌదు రవని లోపల,missing,,,,https://waytochurch.com/lyrics/song/2955/ఎవరు-భాగ్యవంతు-లౌదు-రవని-లోపల
2956,వినరయ్య నరులారా విశ్వాసమున క్ర,missing,,,,https://waytochurch.com/lyrics/song/2956/వినరయ్య-నరులారా-విశ్వాసమున-క్ర
2957,ఏలాటివాఁడో కాని యీ యేసుని నేమన,missing,,,,https://waytochurch.com/lyrics/song/2957/ఏలాటివాఁడో-కాని-యీ-యేసుని-నేమన
2958,యేసు వస్త్రపు చెంగును మాత్రమే,missing,,,,https://waytochurch.com/lyrics/song/2958/యేసు-వస్త్రపు-చెంగును-మాత్రమే
2959,వింతగల మా యేసు ప్రేమను సంతసమున,missing,,,,https://waytochurch.com/lyrics/song/2959/వింతగల-మా-యేసు-ప్రేమను-సంతసమున
2960,యేసుక్రీస్తు ప్రభువా మేము నీ మ,missing,,,,https://waytochurch.com/lyrics/song/2960/యేసుక్రీస్తు-ప్రభువా-మేము-నీ-మ
2961,యేసూ నన్ను ప్రేమించినావు పాపిన,in_library_contained,87,Yesu Nannu Preminchinaavu,,https://waytochurch.com/lyrics/song/2961/యేసూ-నన్ను-ప్రేమించినావు-పాపిన
2962,యేసుక్రీస్తు దొరికె నేని యేమిక,missing,,,,https://waytochurch.com/lyrics/song/2962/యేసుక్రీస్తు-దొరికె-నేని-యేమిక
2963,యేసుని ప్రేమను నేమారకను నెప్పు,missing,,,,https://waytochurch.com/lyrics/song/2963/యేసుని-ప్రేమను-నేమారకను-నెప్పు
2964,యేసువంటి ప్రియ బంధుఁడు నాకిఁక,missing,,,,https://waytochurch.com/lyrics/song/2964/యేసువంటి-ప్రియ-బంధుఁడు-నాకిఁక
2965,ఏమి లేదు సుమీ జగములో యేసుని ప్,missing,,,,https://waytochurch.com/lyrics/song/2965/ఏమి-లేదు-సుమీ-జగములో-యేసుని-ప్
2966,శ్రేష్ఠుఁడెల్లవారిలోను మా యేస,missing,,,,"https://waytochurch.com/lyrics/song/2966/శ్రేష్ఠుఁడెల్లవారిలోను
మా-యేస"
2967,అన్నా మన యేసు ప్రభుని కన్న రక్,missing,,,,https://waytochurch.com/lyrics/song/2967/అన్నా-మన-యేసు-ప్రభుని-కన్న-రక్
2968,ఇడుగో గొఱ్ఱెలకాపరి సోదరులారా య,missing,,,,https://waytochurch.com/lyrics/song/2968/ఇడుగో-గొఱ్ఱెలకాపరి-సోదరులారా-య
2969,ఈయనా యేసు రక్షకుడు తన దాయమని ర,missing,,,,https://waytochurch.com/lyrics/song/2969/ఈయనా-యేసు-రక్షకుడు-తన-దాయమని-ర
2970,ఈలాటిదా యేసు ప్రేమ నన్ను తూలనా,in_library_contained,240,Eelaatidaa Yesu Prema,,https://waytochurch.com/lyrics/song/2970/ఈలాటిదా-యేసు-ప్రేమ-నన్ను-తూలనా
2971,యేసురాజు నీదు ప్రేమ నెంచ తరముగ,missing,,,,https://waytochurch.com/lyrics/song/2971/యేసురాజు-నీదు-ప్రేమ-నెంచ-తరముగ
2972,ఓ వింత నా రక్షకుఁడా నాకై నీ వ,missing,,,,https://waytochurch.com/lyrics/song/2972/ఓ-వింత-నా-రక్షకుఁడా-నాకై-నీ-వ
2973,పరమ రక్షక యేసు ప్రభువా నే నీ ప,missing,,,,https://waytochurch.com/lyrics/song/2973/పరమ-రక్షక-యేసు-ప్రభువా-నే-నీ-ప
2974,పాపి కాశ్రయుఁడవు నీవే యేసు నీవ,missing,,,,https://waytochurch.com/lyrics/song/2974/పాపి-కాశ్రయుఁడవు-నీవే-యేసు-నీవ
2975,యేసు శిష్యులకు నెరుక జేసిన భవి,missing,,,,https://waytochurch.com/lyrics/song/2975/యేసు-శిష్యులకు-నెరుక-జేసిన-భవి
2976,ఏ పాప మెఱుఁగని యోపావన మూర్తి ప,in_library_contained,558,Ae Paapamerugani,,https://waytochurch.com/lyrics/song/2976/ఏ-పాప-మెఱుఁగని-యోపావన-మూర్తి-ప
2977,పాపులయెడ క్రీ స్తుని ప్రియ మెట,missing,,,,https://waytochurch.com/lyrics/song/2977/పాపులయెడ-క్రీ-స్తుని-ప్రియ-మెట
2978,చూడరే క్రీస్తుని జూడరే నా సఖుల,missing,,,,https://waytochurch.com/lyrics/song/2978/చూడరే-క్రీస్తుని-జూడరే-నా-సఖుల
2979,వందనం నీకే వందనం పరిశుద్ధ శిరమ,missing,,,,https://waytochurch.com/lyrics/song/2979/వందనం-నీకే-వందనం-పరిశుద్ధ-శిరమ
2980,ఆహా యెంతటి శ్రమలఁ బొందితి వయ్య,missing,,,,https://waytochurch.com/lyrics/song/2980/ఆహా-యెంతటి-శ్రమలఁ-బొందితి-వయ్య
2981,ఎంతో వింత యెంతో చింత యేసునాధు,in_library_contained,1222,Entho Vintha,,https://waytochurch.com/lyrics/song/2981/ఎంతో-వింత-యెంతో-చింత-యేసునాధు
2982,ఐదు గాయము లొందినావా నాకొర కైద,missing,,,,https://waytochurch.com/lyrics/song/2982/ఐదు-గాయము-లొందినావా-నాకొర-కైద
2983,చూడరే సిలువను వ్రే లాడు యేసయ్య,in_library_contained,875,Choodare Siluvanu,,https://waytochurch.com/lyrics/song/2983/చూడరే-సిలువను-వ్రే-లాడు-యేసయ్య
2984,యేసునాధుని సిలువపైని వేసి శ్రమ,missing,,,,https://waytochurch.com/lyrics/song/2984/యేసునాధుని-సిలువపైని-వేసి-శ్రమ
2985,ఎన్నఁడు గాంచెదమో యేసుని నెన్నఁ,missing,,,,https://waytochurch.com/lyrics/song/2985/ఎన్నఁడు-గాంచెదమో-యేసుని-నెన్నఁ
2986,ఆ యంధకారంపు రేయిలో క్రీస్తు పడ,missing,,,,https://waytochurch.com/lyrics/song/2986/ఆ-యంధకారంపు-రేయిలో-క్రీస్తు-పడ
2987,ఆహా మహాత్మ హా శరణ్యా హా విమోచక,in_library_exact,1571,Aahaa Mahaathma,,https://waytochurch.com/lyrics/song/2987/ఆహా-మహాత్మ-హా-శరణ్యా-హా-విమోచక
2988,అయ్యో నాదగు ఘోరపాపము గదా భారమై,missing,,,,https://waytochurch.com/lyrics/song/2988/అయ్యో-నాదగు-ఘోరపాపము-గదా-భారమై
2989,సిలువే నా శరణాయెను రా నీ సిలువ,in_library_contained,608,Siluve Naa Sharaneeynu Raa,,https://waytochurch.com/lyrics/song/2989/సిలువే-నా-శరణాయెను-రా-నీ-సిలువ
2990,సిరులెల్ల వృధ కాఁగఁ పరికించి న,missing,,,,https://waytochurch.com/lyrics/song/2990/సిరులెల్ల-వృధ-కాఁగఁ-పరికించి-న
2991,చేడియలు గుంపుగూడిరి క్రీస్తు జ,missing,,,,https://waytochurch.com/lyrics/song/2991/చేడియలు-గుంపుగూడిరి-క్రీస్తు-జ
2992,కలవరి మెట్టపై కలవర మెట్టిదొ సి,missing,,,,https://waytochurch.com/lyrics/song/2992/కలవరి-మెట్టపై-కలవర-మెట్టిదొ-సి
2993,కల్వరి గిరిజేరు మనసా సిల్వ సరస,missing,,,,https://waytochurch.com/lyrics/song/2993/కల్వరి-గిరిజేరు-మనసా-సిల్వ-సరస
2994,ఎందుఁబోయెదవో హా ప్రభురాయ ఎందుఁ,missing,,,,https://waytochurch.com/lyrics/song/2994/ఎందుఁబోయెదవో-హా-ప్రభురాయ-ఎందుఁ
2995,సిలువలో వ్రేలాడు ప్రభువే విలువ,missing,,,,https://waytochurch.com/lyrics/song/2995/సిలువలో-వ్రేలాడు-ప్రభువే-విలువ
2996,ఏమి నేరంబులేక యా మరణస్తంభము నే,missing,,,,https://waytochurch.com/lyrics/song/2996/ఏమి-నేరంబులేక-యా-మరణస్తంభము-నే
2997,నా యన్న రాఁగదే ఓ యేసు తండ్రి న,missing,,,,https://waytochurch.com/lyrics/song/2997/నా-యన్న-రాఁగదే-ఓ-యేసు-తండ్రి-న
2998,కరుణసాగర వీవేకావా మరణమొంద సిల్,missing,,,,https://waytochurch.com/lyrics/song/2998/కరుణసాగర-వీవేకావా-మరణమొంద-సిల్
2999,ఎంత గొప్ప బొబ్బ పుట్టెను దానిత,missing,,,,https://waytochurch.com/lyrics/song/2999/ఎంత-గొప్ప-బొబ్బ-పుట్టెను-దానిత
3000,హర్షమే యెంతో హర్షమే క్రీస్తును,missing,,,,https://waytochurch.com/lyrics/song/3000/హర్షమే-యెంతో-హర్షమే-క్రీస్తును
3001,నా కొఱకుఁ చనిపోయి నాఁడ ఆద యాకర,missing,,,,https://waytochurch.com/lyrics/song/3001/నా-కొఱకుఁ-చనిపోయి-నాఁడ-ఆద-యాకర
3002,గాయంబుతో నిండారు ఓ శుద్ధ శిరస,missing,,,,"https://waytochurch.com/lyrics/song/3002/గాయంబుతో-నిండారు
ఓ-శుద్ధ-శిరస"
3003,సిల్వయొద్దఁ జేరుదున్ బీద హీనయ,missing,,,,"https://waytochurch.com/lyrics/song/3003/సిల్వయొద్దఁ-జేరుదున్
బీద-హీనయ"
3004,మహాత్ముఁడైన నా ప్రభు విచిత్ర,in_library_contained,82,Mahaathmudaina Naa Prabhu,,"https://waytochurch.com/lyrics/song/3004/మహాత్ముఁడైన-నా-ప్రభు
విచిత్ర"
3005,మనస యేసు మరణ బాధ లెనసి పాడవే త,in_library_contained,760,Manasa Yesu Marana Baadha,,https://waytochurch.com/lyrics/song/3005/మనస-యేసు-మరణ-బాధ-లెనసి-పాడవే-త
3006,రాజులకు రాజైన యీ మన విభుని పూజ,missing,,,,https://waytochurch.com/lyrics/song/3006/రాజులకు-రాజైన-యీ-మన-విభుని-పూజ
3007,ఎంతో దుఃఖముఁ బొందితివా నాకొర క,missing,,,,https://waytochurch.com/lyrics/song/3007/ఎంతో-దుఃఖముఁ-బొందితివా-నాకొర-క
3008,సిలువను మోసితివా నా కొఱకై కలువ,missing,,,,https://waytochurch.com/lyrics/song/3008/సిలువను-మోసితివా-నా-కొఱకై-కలువ
3009,ఏమాశ్చర్యము ప్రియులారా క్రీస్త,missing,,,,https://waytochurch.com/lyrics/song/3009/ఏమాశ్చర్యము-ప్రియులారా-క్రీస్త
3010,అపు డర్చకాదు లుప్పొంగిరి ప్రభు,missing,,,,https://waytochurch.com/lyrics/song/3010/అపు-డర్చకాదు-లుప్పొంగిరి-ప్రభు
3011,శ్రీ యేసునే భజించు నా మనసా శ్ర,missing,,,,https://waytochurch.com/lyrics/song/3011/శ్రీ-యేసునే-భజించు-నా-మనసా-శ్ర
3012,యేసుని భజియింపవే మనసా నీ దోసము,missing,,,,https://waytochurch.com/lyrics/song/3012/యేసుని-భజియింపవే-మనసా-నీ-దోసము
3013,భజనచేయుచు భక్తపాలక ప్రస్తుతింత,in_library_contained,441,Bhajana Cheyuchu Bhaktha Paalaka,,https://waytochurch.com/lyrics/song/3013/భజనచేయుచు-భక్తపాలక-ప్రస్తుతింత
3014,యేసుభజనసేయవే దోసపుమనసా వాసిగ,missing,,,,https://waytochurch.com/lyrics/song/3014/యేసుభజనసేయవే-దోసపుమనసా-వాసిగ
3015,రారే మన యేసు స్వామిని జూతము కో,in_library_contained,1480,Raare Mana Yesu Swaamini,,https://waytochurch.com/lyrics/song/3015/రారే-మన-యేసు-స్వామిని-జూతము-కో
3016,ఇదిగో నీతిభాస్కరుండు ఉదయమాయె న,missing,,,,https://waytochurch.com/lyrics/song/3016/ఇదిగో-నీతిభాస్కరుండు-ఉదయమాయె-న
3017,చేరికొల్వుఁడి క్రీస్తుని పాదము,missing,,,,https://waytochurch.com/lyrics/song/3017/చేరికొల్వుఁడి-క్రీస్తుని-పాదము
3018,ఏమి నేను సమర్పింతు యేసూ యెట్లు,missing,,,,https://waytochurch.com/lyrics/song/3018/ఏమి-నేను-సమర్పింతు-యేసూ-యెట్లు
3019,సర్వదేశములారా శ్రీ యేసే దేవుండ,missing,,,,https://waytochurch.com/lyrics/song/3019/సర్వదేశములారా-శ్రీ-యేసే-దేవుండ
3020,సర్వ లోక సం పూజ్యా నమోనమో సర్వ,missing,,,,https://waytochurch.com/lyrics/song/3020/సర్వ-లోక-సం-పూజ్యా-నమోనమో-సర్వ
3021,నమో యేసునాధా నాధా నమో జీవనాధా,missing,,,,https://waytochurch.com/lyrics/song/3021/నమో-యేసునాధా-నాధా-నమో-జీవనాధా
3022,వందనమయ్యా యేసు నీకు వందనమయ్యా,missing,,,,https://waytochurch.com/lyrics/song/3022/వందనమయ్యా-యేసు-నీకు-వందనమయ్యా
3023,క్రీస్తునాయక నీ దయాళిని కీర్తన,missing,,,,https://waytochurch.com/lyrics/song/3023/క్రీస్తునాయక-నీ-దయాళిని-కీర్తన
3024,నా రక్షకా యేసునాధ ఇమ్మానుయేలు,missing,,,,https://waytochurch.com/lyrics/song/3024/నా-రక్షకా-యేసునాధ-ఇమ్మానుయేలు
3025,యేసు పదాంబుజ శరణం నర దోష మహాంబ,missing,,,,https://waytochurch.com/lyrics/song/3025/యేసు-పదాంబుజ-శరణం-నర-దోష-మహాంబ
3026,దేవాత్మ జయో దీనదయాళూ పావనాత్మ,missing,,,,https://waytochurch.com/lyrics/song/3026/దేవాత్మ-జయో-దీనదయాళూ-పావనాత్మ
3027,సమానులెవరు ప్రభో నీ సమానులెవరు,in_library_contained,120,Solipovaladu Medley,,https://waytochurch.com/lyrics/song/3027/సమానులెవరు-ప్రభో-నీ-సమానులెవరు
3028,యేసు క్రీస్తుఁడు నిత్య దేవుఁడు,missing,,,,https://waytochurch.com/lyrics/song/3028/యేసు-క్రీస్తుఁడు-నిత్య-దేవుఁడు
3029,దేవుని నీతి ప్రతాపం భువి యేసు,missing,,,,"https://waytochurch.com/lyrics/song/3029/దేవుని-నీతి-ప్రతాపం
భువి-యేసు"
3030,దేవ కుమారా దీనోపకారా నా వంక దయ,missing,,,,https://waytochurch.com/lyrics/song/3030/దేవ-కుమారా-దీనోపకారా-నా-వంక-దయ
3031,శ్రీ రక్షకుని నామము కీర్తించి,missing,,,,"https://waytochurch.com/lyrics/song/3031/శ్రీ-రక్షకుని-నామము
కీర్తించి"
3032,సుందర రక్షకా సృష్టియొక్క నాధ,missing,,,,"https://waytochurch.com/lyrics/song/3032/సుందర-రక్షకా
సృష్టియొక్క-నాధ"
3033,స్తుతి స్తుతి సదయుఁడైన యేసు న,missing,,,,"https://waytochurch.com/lyrics/song/3033/స్తుతి-స్తుతి-సదయుఁడైన-యేసు
న"
3034,పాపల్ హోసన్నా పాటల్ పాడిన రీత,missing,,,,"https://waytochurch.com/lyrics/song/3034/పాపల్-హోసన్నా-పాటల్
పాడిన-రీత"
3035,నా యాత్మ నీలో మేల్కొని దయాళున,missing,,,,"https://waytochurch.com/lyrics/song/3035/నా-యాత్మ-నీలో-మేల్కొని
దయాళున"
3036,మమున్ సృజించిన దేవుండు ప్రాణమ,missing,,,,"https://waytochurch.com/lyrics/song/3036/మమున్-సృజించిన
దేవుండు-ప్రాణమ"
3037,నమస్కరింప రండి దావీదు పుత్రున,missing,,,,"https://waytochurch.com/lyrics/song/3037/నమస్కరింప-రండి
దావీదు-పుత్రున"
3038,నీవు నా దేవుండవై యు న్నావు యేస,missing,,,,https://waytochurch.com/lyrics/song/3038/నీవు-నా-దేవుండవై-యు-న్నావు-యేస
3039,మంగళముఁబాడరె క్రీస్తునకు జయ మం,missing,,,,https://waytochurch.com/lyrics/song/3039/మంగళముఁబాడరె-క్రీస్తునకు-జయ-మం
3040,మంగళమే యేసునకు మనుజావతారునకు శ,in_library_contained,95,Mangalame Yesunaku,,https://waytochurch.com/lyrics/song/3040/మంగళమే-యేసునకు-మనుజావతారునకు-శ
3041,వందనమే యేసునకు వరుసుగుణోదారునక,missing,,,,https://waytochurch.com/lyrics/song/3041/వందనమే-యేసునకు-వరుసుగుణోదారునక
3042,మంగళంబని పాడరే క్రీస్తుకు జయ మ,missing,,,,https://waytochurch.com/lyrics/song/3042/మంగళంబని-పాడరే-క్రీస్తుకు-జయ-మ
3043,క్రీస్తుయేసుకు మంగళం మా కీర్తి,missing,,,,https://waytochurch.com/lyrics/song/3043/క్రీస్తుయేసుకు-మంగళం-మా-కీర్తి
3044,మంగళము క్రీస్తునకు మహిత శుభవార,missing,,,,https://waytochurch.com/lyrics/song/3044/మంగళము-క్రీస్తునకు-మహిత-శుభవార
3045,ప్రభు మార్గములయందె భయభక్తి నిం,missing,,,,https://waytochurch.com/lyrics/song/3045/ప్రభు-మార్గములయందె-భయభక్తి-నిం
3046,కోరుకొని యున్నాము యేసు ప్రభూ క,missing,,,,https://waytochurch.com/lyrics/song/3046/కోరుకొని-యున్నాము-యేసు-ప్రభూ-క
3047,కానాపురంబులోఁ గడు వింతగా నీరు,missing,,,,https://waytochurch.com/lyrics/song/3047/కానాపురంబులోఁ-గడు-వింతగా-నీరు
3048,మానవుల మేలు కొరకు జ్ఞానియైన దే,missing,,,,https://waytochurch.com/lyrics/song/3048/మానవుల-మేలు-కొరకు-జ్ఞానియైన-దే
3049,దేవర నీ దేవెనలు ధారళముగను వీరల,in_library_contained,1292,Devara Nee Deevenalu,,https://waytochurch.com/lyrics/song/3049/దేవర-నీ-దేవెనలు-ధారళముగను-వీరల
3050,మానవ జ్ఞానంబును మించినట్టి మా,missing,,,,"https://waytochurch.com/lyrics/song/3050/మానవ-జ్ఞానంబును-మించినట్టి
మా"
3051,ఏదేన్ వనంబునందు ఆది వివాహమున్,missing,,,,"https://waytochurch.com/lyrics/song/3051/ఏదేన్-వనంబునందు
ఆది-వివాహమున్"
3052,దేవా మా గృహంబును సదయుండవై దీవ,missing,,,,https://waytochurch.com/lyrics/song/3052/దేవా-మా-గృహంబును-సదయుండవై-దీవ
3053,దీవించు దేవా నీ బిడ్డలను దీవిం,missing,,,,https://waytochurch.com/lyrics/song/3053/దీవించు-దేవా-నీ-బిడ్డలను-దీవిం
3054,ఇలఁ పుచ్చుకొనుట కన్న నెంతో యిచ,missing,,,,https://waytochurch.com/lyrics/song/3054/ఇలఁ-పుచ్చుకొనుట-కన్న-నెంతో-యిచ
3055,ఇయ్యుడి మీకియ్యబడునని ఇయ్యగల శ,missing,,,,https://waytochurch.com/lyrics/song/3055/ఇయ్యుడి-మీకియ్యబడునని-ఇయ్యగల-శ
3056,దశము భాగము లెల్ల దేవునివి ధారా,missing,,,,https://waytochurch.com/lyrics/song/3056/దశము-భాగము-లెల్ల-దేవునివి-ధారా
3057,స్తుతియు మహిమయు నీకె క్షితికిన,missing,,,,https://waytochurch.com/lyrics/song/3057/స్తుతియు-మహిమయు-నీకె-క్షితికిన
3058,దాతృత్వమును గలిగి పెరుగుదమ ధనమ,missing,,,,https://waytochurch.com/lyrics/song/3058/దాతృత్వమును-గలిగి-పెరుగుదమ-ధనమ
3059,ఇచ్చునట్టి విధము తెలియండి ప్రి,missing,,,,https://waytochurch.com/lyrics/song/3059/ఇచ్చునట్టి-విధము-తెలియండి-ప్రి
3060,సంతోషముతో నిచ్చెడు వారిని నెంత,in_library_contained,816,Santhoshamutho Nichchedu Vaarini,,https://waytochurch.com/lyrics/song/3060/సంతోషముతో-నిచ్చెడు-వారిని-నెంత
3061,మేమిచ్చు కానుకల్ నీవే మాకిచ్చ,missing,,,,"https://waytochurch.com/lyrics/song/3061/మేమిచ్చు-కానుకల్
నీవే-మాకిచ్చ"
3062,పరమ తండ్రి నిన్ను మే మీ పరస కా,missing,,,,https://waytochurch.com/lyrics/song/3062/పరమ-తండ్రి-నిన్ను-మే-మీ-పరస-కా
3063,నీ ధనము నీ ఘనము ప్రభు యేసుదే న,in_library_contained,596,Nee Dhanamu Nee Ghanamu,,https://waytochurch.com/lyrics/song/3063/నీ-ధనము-నీ-ఘనము-ప్రభు-యేసుదే-న
3064,ఏది సఖుడ యేది నీ మదిని జేసికొన,missing,,,,https://waytochurch.com/lyrics/song/3064/ఏది-సఖుడ-యేది-నీ-మదిని-జేసికొన
3065,సార్వజగతికి సంరక్షకుడు స్వామి,missing,,,,https://waytochurch.com/lyrics/song/3065/సార్వజగతికి-సంరక్షకుడు-స్వామి
3066,కోఁత యజమానుండ స్తోత్రముఁ గూర్మ,missing,,,,https://waytochurch.com/lyrics/song/3066/కోఁత-యజమానుండ-స్తోత్రముఁ-గూర్మ
3067,నుతి సేయను లేవే యో మనసా నుతిఁజ,missing,,,,https://waytochurch.com/lyrics/song/3067/నుతి-సేయను-లేవే-యో-మనసా-నుతిఁజ
3068,యెహోవ సన్నిధిని నీ స్తోత్రగానమ,missing,,,,https://waytochurch.com/lyrics/song/3068/యెహోవ-సన్నిధిని-నీ-స్తోత్రగానమ
3069,స్తుతియింతుమో ప్రభువా శుభమౌ నీ,missing,,,,https://waytochurch.com/lyrics/song/3069/స్తుతియింతుమో-ప్రభువా-శుభమౌ-నీ
3070,ఈ గుడియందు ప్రవేశింపన్ యేసుని,missing,,,,https://waytochurch.com/lyrics/song/3070/ఈ-గుడియందు-ప్రవేశింపన్-యేసుని
3071,యెహోవా నీ మహిమ స్తవము యేసుని స,missing,,,,https://waytochurch.com/lyrics/song/3071/యెహోవా-నీ-మహిమ-స్తవము-యేసుని-స
3072,ఆలించు మా ప్రార్థన మా రక్షకా య,missing,,,,https://waytochurch.com/lyrics/song/3072/ఆలించు-మా-ప్రార్థన-మా-రక్షకా-య
3073,సుఖులారా సంఘంపు బడి సంభంబునకు,missing,,,,https://waytochurch.com/lyrics/song/3073/సుఖులారా-సంఘంపు-బడి-సంభంబునకు
3074,మన దేశంబున క్రీస్తు సువార్త వ్,missing,,,,https://waytochurch.com/lyrics/song/3074/మన-దేశంబున-క్రీస్తు-సువార్త-వ్
3075,పరలోక భూలోకంబులకును బ్రభువును,missing,,,,https://waytochurch.com/lyrics/song/3075/పరలోక-భూలోకంబులకును-బ్రభువును
3076,త్ర్యేక దేవుఁడ యెహోవ దేవు నే న,missing,,,,https://waytochurch.com/lyrics/song/3076/త్ర్యేక-దేవుఁడ-యెహోవ-దేవు-నే-న
3077,విశ్వాకాశము లాదులను సృష్టించి,missing,,,,"https://waytochurch.com/lyrics/song/3077/విశ్వాకాశము-లాదులను
సృష్టించి"
3078,యేసువ జయముతో యెరుషలేమున బ్ర వే,missing,,,,https://waytochurch.com/lyrics/song/3078/యేసువ-జయముతో-యెరుషలేమున-బ్ర-వే
3079,యేసుప్రభువు యెరూషలేము ప్రవేశిం,missing,,,,https://waytochurch.com/lyrics/song/3079/యేసుప్రభువు-యెరూషలేము-ప్రవేశిం
3080,మనోవిలసితంబౌ దినంబు మహిమాన్విత,missing,,,,https://waytochurch.com/lyrics/song/3080/మనోవిలసితంబౌ-దినంబు-మహిమాన్విత
3081,సిలువేకదా చింతసదామహా సిలువేకదా,missing,,,,https://waytochurch.com/lyrics/song/3081/సిలువేకదా-చింతసదామహా-సిలువేకదా
3082,వినరే యో నరులారా వీనుల కింపు మ,in_library_contained,762,Vinare Yo Narulaaraa,,https://waytochurch.com/lyrics/song/3082/వినరే-యో-నరులారా-వీనుల-కింపు-మ
3083,సంతోషించుఁడి యందరు నాతో సంతోషి,in_library_contained,1240,Santhoshinchudi Yandaru,,https://waytochurch.com/lyrics/song/3083/సంతోషించుఁడి-యందరు-నాతో-సంతోషి
3084,జ్ఞాను లారాధించిరి యేసు ప్రభున,missing,,,,https://waytochurch.com/lyrics/song/3084/జ్ఞాను-లారాధించిరి-యేసు-ప్రభున
3085,గీతములు పాడుఁడీ యేసునికి సం గీ,missing,,,,https://waytochurch.com/lyrics/song/3085/గీతములు-పాడుఁడీ-యేసునికి-సం-గీ
3086,రారె చూతుము రాజసుతుడీ రేయి జనన,missing,,,,https://waytochurch.com/lyrics/song/3086/రారె-చూతుము-రాజసుతుడీ-రేయి-జనన
3087,యేసునాధుని యోధులందరు వాసిగ నిట,missing,,,,https://waytochurch.com/lyrics/song/3087/యేసునాధుని-యోధులందరు-వాసిగ-నిట
3088,మేము వెళ్లిచూచినాము స్వామి యేస,in_library_contained,987,Christmas Medley 1,,https://waytochurch.com/lyrics/song/3088/మేము-వెళ్లిచూచినాము-స్వామి-యేస
3089,లోకమంతట వెలుగు ప్రకాశించెను యే,in_library_contained,331,Lokamanthata Velugu,,https://waytochurch.com/lyrics/song/3089/లోకమంతట-వెలుగు-ప్రకాశించెను-యే
3090,చూడరే మాఱేఁడు పుట్టి నాఁడు బెత,missing,,,,https://waytochurch.com/lyrics/song/3090/చూడరే-మాఱేఁడు-పుట్టి-నాఁడు-బెత
3091,శ్రీ యేసుండు జన్మించె రేయిలో న,in_library_contained,68,Shree Yesundu Janminche,,https://waytochurch.com/lyrics/song/3091/శ్రీ-యేసుండు-జన్మించె-రేయిలో-న
3092,లాలిలాలి లాలి లాలమ్మ లాలీ లాలి,missing,,,,https://waytochurch.com/lyrics/song/3092/లాలిలాలి-లాలి-లాలమ్మ-లాలీ-లాలి
3093,రారె గొల్లవారలారా నేటి రాత్రి,missing,,,,https://waytochurch.com/lyrics/song/3093/రారె-గొల్లవారలారా-నేటి-రాత్రి
3094,ఇశ్రాయేలీయుల దేవుండే యెంతో స్త,missing,,,,https://waytochurch.com/lyrics/song/3094/ఇశ్రాయేలీయుల-దేవుండే-యెంతో-స్త
3095,నాదు ప్రాణము ప్రభుని మిగుల ఘ న,missing,,,,https://waytochurch.com/lyrics/song/3095/నాదు-ప్రాణము-ప్రభుని-మిగుల-ఘ-న
3096,నీ సమాధానము దాసుని కిప్పుడు నా,missing,,,,https://waytochurch.com/lyrics/song/3096/నీ-సమాధానము-దాసుని-కిప్పుడు-నా
3097,ఓ సద్భక్తులారా లోకరక్షకుండు,in_library_exact,726,O Sadbhakthulaaraa,,"https://waytochurch.com/lyrics/song/3097/ఓ-సద్భక్తులారా-
లోకరక్షకుండు"
3098,దూత పాట పాడుఁడీరక్షకున్ స్తు,in_library_contained,538,Dootha Paata Paadudi,,https://waytochurch.com/lyrics/song/3098/దూత-పాట-పాడుఁడీరక్షకున్-స్తు
3099,శుద్ధరాత్రి సద్ధణంగనందఱు ని,in_library_contained,870,Shuddha Raathri,,https://waytochurch.com/lyrics/song/3099/శుద్ధరాత్రి-సద్ధణంగనందఱు-ని
3100,శ్రీ రక్షకుండు పుట్టఁగా నాకాశ,in_library_contained,646,Christmas Medley 3,,"https://waytochurch.com/lyrics/song/3100/శ్రీ-రక్షకుండు-పుట్టఁగా
నాకాశ"
3101,క్రైస్తవులారా లెండి యీనాడు క,missing,,,,"https://waytochurch.com/lyrics/song/3101/క్రైస్తవులారా-లెండి-యీనాడు
క"
3102,హాయి లోకమా ప్రభువచ్చెన్ అంగ,missing,,,,"https://waytochurch.com/lyrics/song/3102/హాయి-లోకమా-ప్రభువచ్చెన్
అంగ"
3103,రండి పాడ దూతలారా నిండు సంతోషం,missing,,,,"https://waytochurch.com/lyrics/song/3103/రండి-పాడ-దూతలారా
నిండు-సంతోషం"
3104,వచ్చిగాబ్రియేలు పల్కెను మరియ మ,missing,,,,https://waytochurch.com/lyrics/song/3104/వచ్చిగాబ్రియేలు-పల్కెను-మరియ-మ
3105,ఓ బెత్లెహేము గ్రామమా సద్దేమి,in_library_contained,646,Christmas Medley 3,,"https://waytochurch.com/lyrics/song/3105/ఓ-బెత్లెహేము-గ్రామమా
సద్దేమి"
3106,వేకువచుక్కల శ్రేష్ఠమౌ దానా మ,missing,,,,"https://waytochurch.com/lyrics/song/3106/వేకువచుక్కల-శ్రేష్ఠమౌ-దానా
మ"
3107,ఉదయించినాఁడు క్రీస్తుఁడు నేఁడు,missing,,,,https://waytochurch.com/lyrics/song/3107/ఉదయించినాఁడు-క్రీస్తుఁడు-నేఁడు
3108,కొనియాడఁ దరమె నిన్ను కోమల హృదయ,missing,,,,https://waytochurch.com/lyrics/song/3108/కొనియాడఁ-దరమె-నిన్ను-కోమల-హృదయ
3109,చింత లేదిఁక యేసు పుట్టెను వింత,in_library_contained,61,Chintha Ledika,,https://waytochurch.com/lyrics/song/3109/చింత-లేదిఁక-యేసు-పుట్టెను-వింత
3110,పుట్టె యేసుఁడు నేఁడు మనకు పుణ్,missing,,,,https://waytochurch.com/lyrics/song/3110/పుట్టె-యేసుఁడు-నేఁడు-మనకు-పుణ్
3111,ఱేఁడు మెస్సీయ జన్మించెను శ్రీద,missing,,,,https://waytochurch.com/lyrics/song/3111/ఱేఁడు-మెస్సీయ-జన్మించెను-శ్రీద
3112,రక్షకుండుదయించ్నాఁడఁట మనకొరకుఁ,in_library_contained,845,Rakshakundudayinchinaadata,,https://waytochurch.com/lyrics/song/3112/రక్షకుండుదయించ్నాఁడఁట-మనకొరకుఁ
3113,ఎంతో ఘనమగువారలు పరిశుద్ధులు ఎం,missing,,,,https://waytochurch.com/lyrics/song/3113/ఎంతో-ఘనమగువారలు-పరిశుద్ధులు-ఎం
3114,మద్యపాన ప్రియులు గాకుండి ప్రియ,missing,,,,https://waytochurch.com/lyrics/song/3114/మద్యపాన-ప్రియులు-గాకుండి-ప్రియ
3115,పరమ వైద్యుఁడ భారతీయుల వ్యాధి బ,missing,,,,https://waytochurch.com/lyrics/song/3115/పరమ-వైద్యుఁడ-భారతీయుల-వ్యాధి-బ
3116,ధ్యానింప నే చిత్తమా వర్షాంతమున,missing,,,,https://waytochurch.com/lyrics/song/3116/ధ్యానింప-నే-చిత్తమా-వర్షాంతమున
3117,వందనం బొనర్తుమో ప్రభో ప్రభో వం,in_library_contained,1264,Vandanambonarthumo,,https://waytochurch.com/lyrics/song/3117/వందనం-బొనర్తుమో-ప్రభో-ప్రభో-వం
3118,ఘనదేవ ప్రియ తనయుండా జగద్రక్షా,missing,,,,https://waytochurch.com/lyrics/song/3118/ఘనదేవ-ప్రియ-తనయుండా-జగద్రక్షా
3119,క్రొత్త యేడు మొదలు బెట్టెను మన,in_library_contained,444,Krottha Yedu Modalu Bettenu,,https://waytochurch.com/lyrics/song/3119/క్రొత్త-యేడు-మొదలు-బెట్టెను-మన
3120,దైవప్రేమ మనలనెపుడు బంధించుగా ద,missing,,,,https://waytochurch.com/lyrics/song/3120/దైవప్రేమ-మనలనెపుడు-బంధించుగా-ద
3121,స్తోత్రము సేయరే సోదరులార మన యా,missing,,,,https://waytochurch.com/lyrics/song/3121/స్తోత్రము-సేయరే-సోదరులార-మన-యా
3122,స్నేహంపు బంధమా శుభంబు నొందుమా,missing,,,,"https://waytochurch.com/lyrics/song/3122/స్నేహంపు-బంధమా
శుభంబు-నొందుమా"
3123,ముందు కందరును జేరను ఎందు బోయి,missing,,,,"https://waytochurch.com/lyrics/song/3123/ముందు-కందరును-జేరను
ఎందు-బోయి"
3124,దేశసేవఁజేసి దేవ దాసులై వర్ధిల్,missing,,,,https://waytochurch.com/lyrics/song/3124/దేశసేవఁజేసి-దేవ-దాసులై-వర్ధిల్
3125,జనగణ మన అధినాయక జయహే భారత భాగ,missing,,,,"https://waytochurch.com/lyrics/song/3125/జనగణ-మన-అధినాయక-జయహే
భారత-భాగ"
3126,ప్రభువా మమ్మునుదీవించి పంపుము,missing,,,,https://waytochurch.com/lyrics/song/3126/ప్రభువా-మమ్మునుదీవించి-పంపుము
3127,పితా సుతా వరాత్మక త్రియేక,missing,,,,"https://waytochurch.com/lyrics/song/3127/పితా-సుతా-వరాత్మక
త్రియేక"
3128,స్తోత్రించుడి సృష్టికర్తన్ తం,missing,,,,"https://waytochurch.com/lyrics/song/3128/స్తోత్రించుడి-సృష్టికర్తన్
తం"
3129,యెహోవ నిన్ను ఆశీర్వదించి కా పా,missing,,,,https://waytochurch.com/lyrics/song/3129/యెహోవ-నిన్ను-ఆశీర్వదించి-కా-పా
3130,ప్రియమైనట్టి నా యాత్మ స్తోత్ర,missing,,,,"https://waytochurch.com/lyrics/song/3130/ప్రియమైనట్టి-నా-యాత్మ
స్తోత్ర"
3131,క్రీస్తు సిల్వ నాకు గొప్ప యౌన,missing,,,,"https://waytochurch.com/lyrics/song/3131/క్రీస్తు-సిల్వ-నాకు-గొప్ప
యౌన"
3132,దేవుండవైన యాత్మ రా నీ వారి న,missing,,,,"https://waytochurch.com/lyrics/song/3132/దేవుండవైన-యాత్మ-రా
నీ-వారి-న"
3133,ఆత్మ శృంగారించు కొమ్ము పాప గ,missing,,,,"https://waytochurch.com/lyrics/song/3133/ఆత్మ-శృంగారించు-కొమ్ము
పాప-గ"
3134,దేవుండు ప్రేమ రక్షించె నన్ను,missing,,,,"https://waytochurch.com/lyrics/song/3134/దేవుండు-ప్రేమ
రక్షించె-నన్ను"
3135,మహిమ నొప్పు జనక నీకు మహిత సుతు,missing,,,,https://waytochurch.com/lyrics/song/3135/మహిమ-నొప్పు-జనక-నీకు-మహిత-సుతు
3136,కలుగుఁగాక దేవా కలుగుఁగాక కలుగు,missing,,,,https://waytochurch.com/lyrics/song/3136/కలుగుఁగాక-దేవా-కలుగుఁగాక-కలుగు
3137,దీవెనతో సెలవిమ్ము కర్తా మాకు న,missing,,,,https://waytochurch.com/lyrics/song/3137/దీవెనతో-సెలవిమ్ము-కర్తా-మాకు-న
3138,పంపుము దేవా దీవెనలతోఁ పంపుము ద,in_library_contained,1542,Pampumu Devaa,,https://waytochurch.com/lyrics/song/3138/పంపుము-దేవా-దీవెనలతోఁ-పంపుము-ద
3139,మా దేవునకును స్తోతములు మహిమయు,missing,,,,https://waytochurch.com/lyrics/song/3139/మా-దేవునకును-స్తోతములు-మహిమయు
3140,కర్తా మమ్మును దీవించి క్షేమమి,in_library_contained,1102,Karthaa Mammunu,,"https://waytochurch.com/lyrics/song/3140/కర్తా-మమ్మును-దీవించి
క్షేమమి"
3141,మేళ్లన్ని యిచ్చు దేవునిన్ స్త,missing,,,,"https://waytochurch.com/lyrics/song/3141/మేళ్లన్ని-యిచ్చు-దేవునిన్
స్త"
3142,పితృ పుత్ర శుద్ధాత్మలై మేళ్లన,missing,,,,"https://waytochurch.com/lyrics/song/3142/పితృ-పుత్ర-శుద్ధాత్మలై
మేళ్లన"
3143,అంధుడా రావా అరమరయేల అడుగోనయ్య,missing,,,,https://waytochurch.com/lyrics/song/3143/అంధుడా-రావా-అరమరయేల-అడుగోనయ్య
3144,ఎంతజాలి యేసువా యింతయని యూహించల,in_library_contained,670,Entha Jaali Yesuvaa,,https://waytochurch.com/lyrics/song/3144/ఎంతజాలి-యేసువా-యింతయని-యూహించల
3145,ఎంతదూరము మోయించెదరు స్వామి కి,missing,,,,"https://waytochurch.com/lyrics/song/3145/ఎంతదూరము-మోయించెదరు-స్వామి
కి"
3146,ఎందుకో నన్నింతగా నీవు ప్రేమించ,in_library_contained,22,Enduko Nanninthagaa Neevu,,https://waytochurch.com/lyrics/song/3146/ఎందుకో-నన్నింతగా-నీవు-ప్రేమించ
3147,ఆహాఆఅంత్యతీర్పు నందున,missing,,,,https://waytochurch.com/lyrics/song/3147/ఆహాఆఅంత్యతీర్పు-నందున
3148,ఓ యేసు నీ ప్రేమ ఎంతో మహనీయము,in_library_exact,1442,O Yesu Nee Prema,,https://waytochurch.com/lyrics/song/3148/ఓ-యేసు-నీ-ప్రేమ-ఎంతో-మహనీయము
3149,ఓ సంఘమా సర్వాంగమా పరలోకరాజ్యపు,in_library_contained,768,O Sanghamaa Sarvaangamaa,,https://waytochurch.com/lyrics/song/3149/ఓ-సంఘమా-సర్వాంగమా-పరలోకరాజ్యపు
3150,కఠిన హృదయమా కరుగవ దేవుని గడువు,missing,,,,https://waytochurch.com/lyrics/song/3150/కఠిన-హృదయమా-కరుగవ-దేవుని-గడువు
3151,కల్వరిలోని శ్రేష్టుడా కరుణభరిత,missing,,,,https://waytochurch.com/lyrics/song/3151/కల్వరిలోని-శ్రేష్టుడా-కరుణభరిత
3152,కుమ్మరీ ఓ కుమ్మరీ జగదుత్పత్తిద,missing,,,,https://waytochurch.com/lyrics/song/3152/కుమ్మరీ-ఓ-కుమ్మరీ-జగదుత్పత్తిద
3153,క్రైస్తవకర్షక కదిలిరావయ్యా కన,missing,,,,"https://waytochurch.com/lyrics/song/3153/క్రైస్తవకర్షక-కదిలిరావయ్యా
కన"
3154,ఆనందమానంద మాయెను నాదు ప్రియకుమ,missing,,,,https://waytochurch.com/lyrics/song/3154/ఆనందమానంద-మాయెను-నాదు-ప్రియకుమ
3155,క్రైస్తవుండా కదిలిరావయ్యా కలుష,missing,,,,https://waytochurch.com/lyrics/song/3155/క్రైస్తవుండా-కదిలిరావయ్యా-కలుష
3156,కృపామయుడా నీలోన నివసింపజేస,in_library_contained,576,Krupaamayudaa,,"https://waytochurch.com/lyrics/song/3156/కృపామయుడా-నీలోన
నివసింపజేస"
3157,గగనము చీల్చుకొని యేసు ఘనులను త,missing,,,,https://waytochurch.com/lyrics/song/3157/గగనము-చీల్చుకొని-యేసు-ఘనులను-త
3158,గీతం గీతం జయ జయగీతం చేయితట్టి,in_library_contained,75,Geetham Geetham,,https://waytochurch.com/lyrics/song/3158/గీతం-గీతం-జయ-జయగీతం-చేయితట్టి
3159,దుష్టుల ఆలోచన చొప్పున నడువక,in_library_exact,500,Dushtula Aalochana,,https://waytochurch.com/lyrics/song/3159/దుష్టుల-ఆలోచన-చొప్పున-నడువక
3160,అన్యజనులేల లేచి గల్లత్తు చేయుచున్నారు,in_library_contained,779,Anya Janulela,,https://waytochurch.com/lyrics/song/3160/అన్యజనులేల-లేచి--గల్లత్తు-చేయుచున్నారు
3161,యెహోవా మా ప్రభువా భూమి ఆకాశములో,missing,,,,https://waytochurch.com/lyrics/song/3161/యెహోవా-మా-ప్రభువా-భూమి-ఆకాశములో
3162,స్తుతింతున్ స్తుతింతున్ నాకాలోచన కర్తయగు దేవుని,missing,,,,https://waytochurch.com/lyrics/song/3162/స్తుతింతున్-స్తుతింతున్--నాకాలోచన-కర్తయగు-దేవుని
3163,యెహావా నా బలమా యధార్థమైనది నీ మార్గం,in_library_exact,601,Yehovaa Naa Balamaa,,https://waytochurch.com/lyrics/song/3163/యెహావా-నా-బలమా--యధార్థమైనది-నీ-మార్గం
3164,యాకోబు దేవుడాపద కాలంబుల యందు,missing,,,,https://waytochurch.com/lyrics/song/3164/యాకోబు-దేవుడాపద-కాలంబుల-యందు
3165,నాదు దేవా నాదు దేవా నన్నేల విడనాడితివయ్యా,missing,,,,https://waytochurch.com/lyrics/song/3165/నాదు-దేవా-నాదు-దేవా--నన్నేల-విడనాడితివయ్యా
3166,యెహోవా నా కాపరి లేమి లేదు,missing,,,,https://waytochurch.com/lyrics/song/3166/యెహోవా-నా-కాపరి--లేమి-లేదు
3167,నీవే యెహోవా నా కాపరివి,missing,,,,https://waytochurch.com/lyrics/song/3167/నీవే-యెహోవా-నా-కాపరివి
3168,యెహోవా నా కాపరి నాకు లేమి లేదు,in_library_exact,122,Yehovaa Naa Kaapari,,https://waytochurch.com/lyrics/song/3168/యెహోవా-నా-కాపరి-నాకు-లేమి-లేదు
3169,యేసు ప్రభూ కాపరి నాకు వాసిగా స్తుతించెదన్,missing,,,,https://waytochurch.com/lyrics/song/3169/యేసు-ప్రభూ-కాపరి-నాకు--వాసిగా-స్తుతించెదన్
3170,భూమియు దాని సంపూర్ణత లోకము దాని నివాసులెహోవావే,in_library_exact,700,Bhoomiyu Daani Sampoornatha,,https://waytochurch.com/lyrics/song/3170/భూమియు-దాని-సంపూర్ణత-లోకము-దాని-నివాసులెహోవావే
3171,దేవా నీ ముఖమును నాకు దాచకుము నా ప్రభువా,missing,,,,https://waytochurch.com/lyrics/song/3171/దేవా-నీ-ముఖమును-నాకు--దాచకుము-నా-ప్రభువా
3172,ఉదయ సాయంత్రముల నెల్లవేళల ప్రభువా,missing,,,,https://waytochurch.com/lyrics/song/3172/ఉదయ-సాయంత్రముల-నెల్లవేళల-ప్రభువా
3173,యెహోవా నాదేవా నిత్యము నేను నిన్ను స్తుతియించెద,missing,,,,https://waytochurch.com/lyrics/song/3173/యెహోవా-నాదేవా-నిత్యము--నేను-నిన్ను-స్తుతియించెద
3174,ఎవ్వని అతిక్రమములు మన్నింపబడెనో,missing,,,,https://waytochurch.com/lyrics/song/3174/ఎవ్వని-అతిక్రమములు-మన్నింపబడెనో
3175,సన్నుతింతు నెప్పుడెహోవాను తన కీర్తి నా నోట నుండును,missing,,,,https://waytochurch.com/lyrics/song/3175/సన్నుతింతు-నెప్పుడెహోవాను--తన-కీర్తి-నా-నోట-నుండును
3176,పిల్లలారా నా మాట వినుడి యెహోవా యందు భక్తి నేర్పెదను,in_library_contained,12,Pillalaaraa Naa Maata Vinudi,,https://waytochurch.com/lyrics/song/3176/పిల్లలారా-నా-మాట-వినుడి--యెహోవా-యందు-భక్తి-నేర్పెదను
3177,వ్యసనపడకుము నీవు చెడ్డవారలను జూచినయపుడు,missing,,,,https://waytochurch.com/lyrics/song/3177/వ్యసనపడకుము--నీవు--చెడ్డవారలను-జూచినయపుడు
3178,యెహోవా నీ కోపమును చేత గద్దింపకుము ఆ,missing,,,,https://waytochurch.com/lyrics/song/3178/యెహోవా-నీ-కోపమును-చేత--గద్దింపకుము--ఆ
3179,యెహోవా కొరకు సహనముతో కనిపెట్టన్,missing,,,,https://waytochurch.com/lyrics/song/3179/యెహోవా-కొరకు-సహనముతో-కనిపెట్టన్
3180,నీటి వాగుల కొరకు దుప్పి ఆశపడునట్లు,missing,,,,https://waytochurch.com/lyrics/song/3180/నీటి-వాగుల-కొరకు-దుప్పి-ఆశపడునట్లు
3181,నీ వెలుగు నీ సత్యము బయలు దేరనిమ్ము,missing,,,,https://waytochurch.com/lyrics/song/3181/నీ-వెలుగు-నీ-సత్యము-బయలు-దేరనిమ్ము
3182,కుమారి ఆలకించు నీ వాలోచించి,missing,,,,https://waytochurch.com/lyrics/song/3182/కుమారి-ఆలకించు--నీ-వాలోచించి
3183,దేవుడే మనకాశ్రయమును,missing,,,,https://waytochurch.com/lyrics/song/3183/దేవుడే-మనకాశ్రయమును
3184,సర్వజనులారా చప్పట్లు కొట్టి పాడుడి,missing,,,,https://waytochurch.com/lyrics/song/3184/సర్వజనులారా-చప్పట్లు-కొట్టి-పాడుడి
3185,మన దేవుని పట్టణమందాయన పరిశుద్ధ పర్వతమందు,missing,,,,https://waytochurch.com/lyrics/song/3185/మన-దేవుని-పట్టణమందాయన--పరిశుద్ధ-పర్వతమందు
3186,సర్వజనులారా వినుడి మీరేకంబుగా వినుడి,missing,,,,https://waytochurch.com/lyrics/song/3186/సర్వజనులారా-వినుడి--మీరేకంబుగా-వినుడి
3187,యెహోవా నా దేవా,missing,,,,https://waytochurch.com/lyrics/song/3187/యెహోవా-నా-దేవా
3188,దేవా నీ కృపచొప్పున నన్ను కరుణింపుము,missing,,,,https://waytochurch.com/lyrics/song/3188/దేవా-నీ-కృపచొప్పున--నన్ను-కరుణింపుము
3189,దేవా నా దేవుడవు నీవే వేకువనే నిన్ను వెదకుదును,missing,,,,https://waytochurch.com/lyrics/song/3189/దేవా-నా-దేవుడవు-నీవే--వేకువనే-నిన్ను-వెదకుదును
3190,సర్వలోక నివాసులారా ఆనందించు డెల్లరు,missing,,,,https://waytochurch.com/lyrics/song/3190/సర్వలోక-నివాసులారా--ఆనందించు-డెల్లరు
3191,నీ మార్గము దేవా భూమి మీద కనబడునట్లు,missing,,,,https://waytochurch.com/lyrics/song/3191/నీ-మార్గము-దేవా-భూమి--మీద-కనబడునట్లు
3192,క్రీస్తుని నామము నిత్యము నిల్చున్,missing,,,,https://waytochurch.com/lyrics/song/3192/క్రీస్తుని-నామము-నిత్యము-నిల్చున్
3193,యూదాలో దేవుడు ప్రసిద్ధుడు ఇశ్రాయేలులో తన నామము గొప్పది,missing,,,,https://waytochurch.com/lyrics/song/3193/యూదాలో-దేవుడు-ప్రసిద్ధుడు--ఇశ్రాయేలులో-తన-నామము-గొప్పది
3194,దేవునికి మొఱ్ఱపెట్టుదును ఎలుగెత్తి చెవియొగ్గువరకు మనవి చేయుచుందును,missing,,,,https://waytochurch.com/lyrics/song/3194/దేవునికి-మొఱ్ఱపెట్టుదును-ఎలుగెత్తి--చెవియొగ్గువరకు-మనవి-చేయుచుందును
3195,మన బలమైన యాకోబు దేవునికి గానము సంతోషముగా పాడుడి,missing,,,,https://waytochurch.com/lyrics/song/3195/మన-బలమైన-యాకోబు-దేవునికి--గానము-సంతోషముగా-పాడుడి
3196,సైన్యముల కధిపతివగు యెహోవా,missing,,,,https://waytochurch.com/lyrics/song/3196/సైన్యముల-కధిపతివగు-యెహోవా
3197,సైన్యముల యెహోవా,missing,,,,https://waytochurch.com/lyrics/song/3197/సైన్యముల-యెహోవా
3198,ప్రభువు సెలవిచ్చుదాని నాలకింతును,missing,,,,https://waytochurch.com/lyrics/song/3198/ప్రభువు-సెలవిచ్చుదాని-నాలకింతును
3199,ప్రభువా తరతరముల నుండి మాకు నివాసస్థలము నీవే,missing,,,,https://waytochurch.com/lyrics/song/3199/ప్రభువా-తరతరముల-నుండి--మాకు-నివాసస్థలము-నీవే
3200,దేవా తరతరములకు మానివాసస్థలము నీవే,missing,,,,https://waytochurch.com/lyrics/song/3200/దేవా-తరతరములకు-మానివాసస్థలము-నీవే
3201,మహోన్నతుని చాటున వసియించువాడే ధన్యుండు,missing,,,,https://waytochurch.com/lyrics/song/3201/మహోన్నతుని-చాటున-వసియించువాడే-ధన్యుండు
3202,సర్వోన్నతుని చాటున నివసించెడి వాడే,in_library_exact,1592,Sarvannathuni chaatuna,,https://waytochurch.com/lyrics/song/3202/సర్వోన్నతుని-చాటున-నివసించెడి-వాడే
3203,తన రెక్కల క్రింద నీకు ఆశ్రయము తన రెక్కలతో కప్పును,missing,,,,https://waytochurch.com/lyrics/song/3203/తన-రెక్కల-క్రింద-నీకు-ఆశ్రయము--తన-రెక్కలతో-కప్పును
3204,యెహోవాను స్తుతించుట మంచిది మహోన్నతుడా,missing,,,,https://waytochurch.com/lyrics/song/3204/యెహోవాను-స్తుతించుట-మంచిది-మహోన్నతుడా
3205,రండి యెహోవానుగూర్చి సంతోష గానము చేయుదము,missing,,,,https://waytochurch.com/lyrics/song/3205/రండి-యెహోవానుగూర్చి--సంతోష-గానము-చేయుదము
3206,యెహోవా మీద క్రొత్త కీర్తన పాడుడి,missing,,,,https://waytochurch.com/lyrics/song/3206/యెహోవా-మీద-క్రొత్త-కీర్తన-పాడుడి
3207,యెహోవాకు పాడుడి,missing,,,,https://waytochurch.com/lyrics/song/3207/యెహోవాకు-పాడుడి
3208,సమస్త దేశములారా అందరు పాడుడి అందరు పాడుడి,missing,,,,https://waytochurch.com/lyrics/song/3208/సమస్త-దేశములారా-అందరు-పాడుడి-అందరు-పాడుడి
3209,సమస్త జనులారా మీరు యెహోవాకు స్తుతిగానము పాడి,in_library_exact,1504,Samastha Janulaaraa,,https://waytochurch.com/lyrics/song/3209/సమస్త-జనులారా-మీరు-యెహోవాకు-స్తుతిగానము-పాడి
3210,స్తుతియించు ప్రభున్ స్తుతియించు నీవు,missing,,,,https://waytochurch.com/lyrics/song/3210/స్తుతియించు-ప్రభున్-స్తుతియించు-నీవు
3211,వారాయనను జనసమాజములో ఘనపరచుదురు గాక,missing,,,,https://waytochurch.com/lyrics/song/3211/వారాయనను-జనసమాజములో-ఘనపరచుదురు-గాక
3212,దేవా నా హృదయము నీయందు స్థిరమాయెన్,missing,,,,https://waytochurch.com/lyrics/song/3212/దేవా-నా-హృదయము--నీయందు-స్థిరమాయెన్
3213,స్తుతింతున్ దేవుని సభలో స్తుతింతున్ హల్లెలూయ,missing,,,,https://waytochurch.com/lyrics/song/3213/స్తుతింతున్-దేవుని-సభలో-స్తుతింతున్-హల్లెలూయ
3214,యెహోవా నీ యొక్క మాట చొప్పున,missing,,,,https://waytochurch.com/lyrics/song/3214/యెహోవా-నీ-యొక్క-మాట-చొప్పున
3215,నా శ్రమలో నేను యెహోవాకు మొఱలిడితిని,missing,,,,https://waytochurch.com/lyrics/song/3215/నా-శ్రమలో-నేను-యెహోవాకు-మొఱలిడితిని
3216,కొండలతట్టు కన్ను లెత్తుచున్నాను నాకు సాయమెచ్చట నుండి వచ్చును,in_library_exact,1170,Kondala Thattu,,https://waytochurch.com/lyrics/song/3216/కొండలతట్టు-కన్ను-లెత్తుచున్నాను--నాకు-సాయమెచ్చట-నుండి-వచ్చును
3217,యెహోవా మందిరమునకు వెళ్లుదమని జనులు అనినప్పుడు సంతోషించితిని,missing,,,,https://waytochurch.com/lyrics/song/3217/యెహోవా-మందిరమునకు-వెళ్లుదమని--జనులు-అనినప్పుడు-సంతోషించితిని
3218,యెహోవా మందిరమునకు నడిచెదము,missing,,,,https://waytochurch.com/lyrics/song/3218/యెహోవా-మందిరమునకు-నడిచెదము
3219,యెహోవా ఇల్లు కట్టించని యెడల,missing,,,,https://waytochurch.com/lyrics/song/3219/యెహోవా-ఇల్లు-కట్టించని-యెడల
3220,యెహోవా అగాధ స్థలములలో నుండి నీకు మొఱ్ఱపెట్టుచున్నాను,missing,,,,https://waytochurch.com/lyrics/song/3220/యెహోవా-అగాధ-స్థలములలో-నుండి--నీకు-మొఱ్ఱపెట్టుచున్నాను
3221,సహోదరులు ఐక్యత కల్గి వసించుట,missing,,,,https://waytochurch.com/lyrics/song/3221/సహోదరులు-ఐక్యత-కల్గి-వసించుట
3222,యెహోవా సేవకులారా స్తుతించుడి ఆయన నామమును స్తుతించుడి,missing,,,,https://waytochurch.com/lyrics/song/3222/యెహోవా-సేవకులారా-స్తుతించుడి--ఆయన-నామమును-స్తుతించుడి
3223,యెహోవాను స్తుతించుడి ఆయన దయాళుడు,missing,,,,https://waytochurch.com/lyrics/song/3223/యెహోవాను-స్తుతించుడి-ఆయన-దయాళుడు
3224,ఆయన కృప నిరంతరముండును,in_library_contained,1559,Devaadhi Devudu,,https://waytochurch.com/lyrics/song/3224/ఆయన-కృప-నిరంతరముండును
3225,యెహోవా నీవు నన్ను పరిశీలించి తెలిసికొంటివి,missing,,,,https://waytochurch.com/lyrics/song/3225/యెహోవా--నీవు-నన్ను-పరిశీలించి-తెలిసికొంటివి
3226,యెహోవాయే దయాదాక్షిణ్యములు కలిగినవాడు,missing,,,,https://waytochurch.com/lyrics/song/3226/యెహోవాయే-దయాదాక్షిణ్యములు-కలిగినవాడు
3227,యెహోవా అందరికి మహోపకారుండు,missing,,,,https://waytochurch.com/lyrics/song/3227/యెహోవా-అందరికి-మహోపకారుండు
3228,ఓ నాదు యేసురాజా నిన్ను నే నుతించెదను,in_library_exact,1638,O Naadhu Yesu Raajaa,,https://waytochurch.com/lyrics/song/3228/ఓ-నాదు-యేసురాజా--నిన్ను-నే-నుతించెదను
3229,హల్లెలూయ నా ప్రాణమా యెహోవాను స్తుతించు,missing,,,,https://waytochurch.com/lyrics/song/3229/హల్లెలూయ-నా-ప్రాణమా--యెహోవాను-స్తుతించు
3230,దేవునికి స్తోత్రము గానము చేయుటయే మంచిది,in_library_exact,902,Devuniki Sthothramu Gaanamu,,https://waytochurch.com/lyrics/song/3230/దేవునికి-స్తోత్రము-గానము-చేయుటయే-మంచిది
3231,స్తుతించుడి శుద్ధుడెహోవాను స్తుతించుడి,missing,,,,https://waytochurch.com/lyrics/song/3231/స్తుతించుడి-శుద్ధుడెహోవాను--స్తుతించుడి
3232,స్తుతించుడాయన నాకాశవాసులారా,missing,,,,https://waytochurch.com/lyrics/song/3232/స్తుతించుడాయన-నాకాశవాసులారా
3233,స్తుతించుడి యెహోవా దేవుని సూర్యచంద్రులారా,in_library_exact,1311,Sthuthinchudi Yehovaa Devuni,,https://waytochurch.com/lyrics/song/3233/స్తుతించుడి-యెహోవా-దేవుని-సూర్యచంద్రులారా
3234,యెహోవాకు స్తుతులు పాడండి మీరు,in_library_exact,84,Yehovaaku Sthuthulu Paadandi,,https://waytochurch.com/lyrics/song/3234/యెహోవాకు-స్తుతులు-పాడండి--మీరు
3235,యెహోవాకు క్రొత్త కీర్తన పాడుడి యెహోవాను స్తుతించుడి,missing,,,,https://waytochurch.com/lyrics/song/3235/యెహోవాకు-క్రొత్త-కీర్తన-పాడుడి--యెహోవాను-స్తుతించుడి
3236,దేవుని స్తుతియించుడి ఎల్లప్పుడు,in_library_contained,115,Oneness,,https://waytochurch.com/lyrics/song/3236/దేవుని-స్తుతియించుడి-ఎల్లప్పుడు
3237,హల్లెలూయ యేసు ప్రభున్ యెల్లరు స్తుతియించుడి,in_library_fuzzy,329,Hallelooyaa Yesu Prabhun,0.900,https://waytochurch.com/lyrics/song/3237/హల్లెలూయ-యేసు-ప్రభున్--యెల్లరు-స్తుతియించుడి
3238,స్తుతించుడి మీరు స్తుతించుడి,missing,,,,https://waytochurch.com/lyrics/song/3238/స్తుతించుడి-మీరు-స్తుతించుడి
3239,సీయోనుకు తిరిగి ప్రభువు వారిని రప్పించినప్పుడు,missing,,,,https://waytochurch.com/lyrics/song/3239/సీయోనుకు-తిరిగి-ప్రభువు-వారిని-రప్పించినప్పుడు
3240,అద్యంతరహితుడవగు మా జ్యోతి,missing,,,,https://waytochurch.com/lyrics/song/3240/అద్యంతరహితుడవగు-మా-జ్యోతి
3241,స్తుతించుడి స్తుతించుడి ఆయన మందిరపు ఆవరణములో,missing,,,,https://waytochurch.com/lyrics/song/3241/స్తుతించుడి-స్తుతించుడి-ఆయన-మందిరపు-ఆవరణములో
3242,ఆదియంతము లేనివాడా సంపూర్ణుడవగు మా దేవా,in_library_fuzzy,300,Aadiyanthamu Leni Vaadaa,0.914,https://waytochurch.com/lyrics/song/3242/ఆదియంతము-లేనివాడా-సంపూర్ణుడవగు-మా-దేవా
3243,కల్వరిలోని శ్రేష్టుడా కరుణా భరిత సింహమా,missing,,,,https://waytochurch.com/lyrics/song/3243/కల్వరిలోని-శ్రేష్టుడా-కరుణా-భరిత-సింహమా
3244,నా ప్రియ యేసు నీవే నా శ్రేయంపు రాజవు,missing,,,,https://waytochurch.com/lyrics/song/3244/నా-ప్రియ-యేసు-నీవే-నా-శ్రేయంపు-రాజవు
3245,పరిశుద్ధ పరిశుద్ధ పరిశుద్ధ ప్రభువా వరదూతలైన నిన్ వర్ణింపగలరా,in_library_exact,547,Parishuddha Parishuddha,,https://waytochurch.com/lyrics/song/3245/పరిశుద్ధ-పరిశుద్ధ-పరిశుద్ధ-ప్రభువా-వరదూతలైన-నిన్-వర్ణింపగలరా
3246,మంగళమే యేసునకు మనుజావతారునకు,in_library_exact,95,Mangalame Yesunaku,,https://waytochurch.com/lyrics/song/3246/మంగళమే-యేసునకు-మనుజావతారునకు
3247,సుందర రక్షకుడా మాదు స్వతంత్రమైన దేవా,missing,,,,https://waytochurch.com/lyrics/song/3247/సుందర-రక్షకుడా-మాదు-స్వతంత్రమైన-దేవా
3248,స్తోత్రింతుము నిను మాదు తండ్రి సత్యముతో ఆత్మతో నెపుడు,in_library_fuzzy,1486,Sthothrinthumu Ninu,0.980,https://waytochurch.com/lyrics/song/3248/స్తోత్రింతుము-నిను-మాదు-తండ్రి-సత్యముతో-ఆత్మతో-నెపుడు
3249,క్రీస్తు యేసు దయాళు ప్రభు నీవే సృష్టికర్తవు,missing,,,,https://waytochurch.com/lyrics/song/3249/క్రీస్తు-యేసు-దయాళు-ప్రభు-నీవే-సృష్టికర్తవు
3250,యేసు పరిశుద్ధ నామమునకు యెప్పుడు అధిక స్తోత్రమే,in_library_fuzzy,312,Yesu Parishuddha Naamamunaku,0.913,https://waytochurch.com/lyrics/song/3250/యేసు-పరిశుద్ధ-నామమునకు-యెప్పుడు-అధిక-స్తోత్రమే
3251,యేసుకు మహిమ మహిమ యేసుకు మహిమ మహిమ,missing,,,,https://waytochurch.com/lyrics/song/3251/యేసుకు-మహిమ-మహిమ-యేసుకు-మహిమ-మహిమ
3252,యేసు సమసిన సిల్వ చెంత నే ప్రార్ధించిన స్థలమందు రక్తము,missing,,,,https://waytochurch.com/lyrics/song/3252/యేసు-సమసిన-సిల్వ-చెంత-నే-ప్రార్ధించిన-స్థలమందు-రక్తము
3253,సంస్తుతింతుము నిన్నే సౌలును విడచితివి,missing,,,,https://waytochurch.com/lyrics/song/3253/సంస్తుతింతుము-నిన్నే-సౌలును-విడచితివి
3254,యెహోవాను గానము చేసెదము యేకముగా,missing,,,,https://waytochurch.com/lyrics/song/3254/యెహోవాను-గానము-చేసెదము-యేకముగా
3255,ఆనందమానంద మాయెను నాదు ప్రియకుమారుని యందు,missing,,,,https://waytochurch.com/lyrics/song/3255/ఆనందమానంద-మాయెను-నాదు-ప్రియకుమారుని-యందు
3256,సాగిలపడి మ్రొక్కెదము సత్యముతో,in_library_contained,1464,Saagilapadi Mrokkedamu,,https://waytochurch.com/lyrics/song/3256/సాగిలపడి-మ్రొక్కెదము-సత్యముతో
3257,యెహోవా మహోన్నతుడా మహిమయు నీదే,missing,,,,https://waytochurch.com/lyrics/song/3257/యెహోవా-మహోన్నతుడా-మహిమయు-నీదే
3258,ఆశించుము ప్రభు యేసు పాదములను,missing,,,,https://waytochurch.com/lyrics/song/3258/ఆశించుము-ప్రభు-యేసు-పాదములను
3259,ప్రియయేసు ప్రియయేసు అతి ప్రియుడేసు పదివేలలో ఆయనే నా దిక్కుగా కెవ్వరు,missing,,,,https://waytochurch.com/lyrics/song/3259/ప్రియయేసు-ప్రియయేసు-అతి-ప్రియుడేసు-పదివేలలో-ఆయనే-నా-దిక్కుగా-కెవ్వరు
3260,ఇదిగో నీ రాజు వచ్చుచుండె సీయోను కుమారి సంతోషించు,missing,,,,https://waytochurch.com/lyrics/song/3260/ఇదిగో-నీ-రాజు-వచ్చుచుండె-సీయోను-కుమారి-సంతోషించు
3261,శరణం శరణం శరణం దేవా కరుణ నాథుడా,in_library_exact,431,Sharanam Sharanam Sharanam Devaa,,https://waytochurch.com/lyrics/song/3261/శరణం-శరణం-శరణం-దేవా-కరుణ-నాథుడా
3262,సాగిలపడి ఆరాధించెదము సత్యముతో ఆత్మతో శ్రీ యేసున్,missing,,,,https://waytochurch.com/lyrics/song/3262/సాగిలపడి-ఆరాధించెదము-సత్యముతో-ఆత్మతో-శ్రీ-యేసున్
3263,యేసు తృప్తి పరచితివి ఆశతో నీ చరణము చేర,missing,,,,https://waytochurch.com/lyrics/song/3263/యేసు-తృప్తి-పరచితివి-ఆశతో-నీ-చరణము-చేర
3264,పరమ పవిత్ర స్వర్గపిత జై ప్రభు జై ప్రభు సర్వ సదా,missing,,,,https://waytochurch.com/lyrics/song/3264/పరమ-పవిత్ర-స్వర్గపిత-జై-ప్రభు-జై-ప్రభు-సర్వ-సదా
3265,యేసు మధుర నామము పాడుడి ప్రభు,missing,,,,https://waytochurch.com/lyrics/song/3265/యేసు-మధుర-నామము-పాడుడి-ప్రభు
3266,సర్వోన్నత స్థలంబులో దేవునికే మహిమ,missing,,,,https://waytochurch.com/lyrics/song/3266/సర్వోన్నత-స్థలంబులో-దేవునికే-మహిమ
3267,ప్రభుని స్మరించు యేసుని స్మరించు ఓ మనసా నా మనసా,missing,,,,https://waytochurch.com/lyrics/song/3267/ప్రభుని-స్మరించు-యేసుని-స్మరించు-ఓ-మనసా-నా-మనసా
3268,హర్షింతును హర్షింతును నా రక్షణకర్త నా దేవుని యందు,missing,,,,https://waytochurch.com/lyrics/song/3268/హర్షింతును-హర్షింతును-నా-రక్షణకర్త-నా-దేవుని-యందు
3269,నా ప్రాణ ప్రియుడా యేసురాజా,in_library_exact,795,Naa Praanapriyudaa Yesu Raajaa,,https://waytochurch.com/lyrics/song/3269/నా-ప్రాణ-ప్రియుడా-యేసురాజా
3270,దేవదేవుని కొనియాడెదము అవిరత త్రియేకుని స్తోత్రింతుము,missing,,,,https://waytochurch.com/lyrics/song/3270/దేవదేవుని-కొనియాడెదము-అవిరత-త్రియేకుని-స్తోత్రింతుము
3271,మధుర మధురము యేసు నామం,missing,,,,https://waytochurch.com/lyrics/song/3271/మధుర-మధురము-యేసు-నామం
3272,పరిశుద్ధ ప్రభు యేసు స్తుతి స్తోత్రం నన్ను రక్షించినట్టి నా ప్రభువా,missing,,,,https://waytochurch.com/lyrics/song/3272/పరిశుద్ధ-ప్రభు-యేసు-స్తుతి-స్తోత్రం-నన్ను-రక్షించినట్టి-నా-ప్రభువా
3273,జై జై జై జై రాజుల రాజా పాత్రుడ వీవే మా ప్రభు వీవే,missing,,,,https://waytochurch.com/lyrics/song/3273/జై-జై-జై-జై-రాజుల-రాజా-పాత్రుడ-వీవే-మా-ప్రభు-వీవే
3274,యెహోవాకు పాడుడి పాటన్ అతి శ్రేష్ఠ కార్యములను చేసిన వాడని,missing,,,,https://waytochurch.com/lyrics/song/3274/యెహోవాకు-పాడుడి-పాటన్-అతి-శ్రేష్ఠ-కార్యములను-చేసిన-వాడని
3275,యేసునాథా త్రిలోకనాథా లోకోద్ధారక క్రీస్తు దేవా,missing,,,,https://waytochurch.com/lyrics/song/3275/యేసునాథా-త్రిలోకనాథా-లోకోద్ధారక-క్రీస్తు-దేవా
3276,సర్వశక్తుడు నాకు సర్వమాయనే,missing,,,,https://waytochurch.com/lyrics/song/3276/సర్వశక్తుడు-నాకు-సర్వమాయనే
3277,ప్రభో నీదు మహిమను పాడి నిను స్తుతించుచున్నాము,missing,,,,https://waytochurch.com/lyrics/song/3277/ప్రభో-నీదు-మహిమను-పాడి-నిను-స్తుతించుచున్నాము
3278,ఓ యేసు నీ ప్రేమా ఎంతో మహానీయము,in_library_exact,1442,O Yesu Nee Prema,,https://waytochurch.com/lyrics/song/3278/ఓ-యేసు-నీ-ప్రేమా-ఎంతో-మహానీయము
3279,ఓ ప్రేమగల యేసు ప్రేమించినావు మమ్ము,missing,,,,https://waytochurch.com/lyrics/song/3279/ఓ-ప్రేమగల-యేసు-ప్రేమించినావు-మమ్ము
3280,హల్లెలూయ పాడుడి హల్లెలూయ పాడుడి,missing,,,,https://waytochurch.com/lyrics/song/3280/హల్లెలూయ-పాడుడి-హల్లెలూయ-పాడుడి
3281,నేనే ఉన్నవాడననిన అద్వితీయ ప్రభు ఆరాధింతు,missing,,,,https://waytochurch.com/lyrics/song/3281/నేనే-ఉన్నవాడననిన-అద్వితీయ-ప్రభు-ఆరాధింతు
3282,వందనమో వందన మేసయ్య,missing,,,,https://waytochurch.com/lyrics/song/3282/వందనమో-వందన-మేసయ్య
3283,అర్పింతు స్తుతుల్ నీ సిలువలోనా,missing,,,,https://waytochurch.com/lyrics/song/3283/అర్పింతు-స్తుతుల్-నీ-సిలువలోనా
3284,సంతోషమే సంతోషమే సంతోషముతో స్తుతించెదన్,missing,,,,https://waytochurch.com/lyrics/song/3284/సంతోషమే-సంతోషమే-సంతోషముతో-స్తుతించెదన్
3285,రాత్రింబవళ్లు పాడెదను యేసు నామం క్రీస్తు నామం,missing,,,,https://waytochurch.com/lyrics/song/3285/రాత్రింబవళ్లు-పాడెదను-యేసు-నామం-క్రీస్తు-నామం
3286,శాంతిదాయక యేసు ప్రభూ,missing,,,,https://waytochurch.com/lyrics/song/3286/శాంతిదాయక-యేసు-ప్రభూ
3287,హృదయ మర్పించెదము ప్రభునకు స్తుతి ప్రశంసలతో,missing,,,,https://waytochurch.com/lyrics/song/3287/హృదయ-మర్పించెదము-ప్రభునకు-స్తుతి-ప్రశంసలతో
3288,ఆనంద మానంద మానందమే ఆనంద మానందమే,missing,,,,https://waytochurch.com/lyrics/song/3288/ఆనంద-మానంద-మానందమే-ఆనంద-మానందమే
3289,జై ప్రభు యేసు జై ఘన దేవా జై ప్రభు జై జై రాజా,missing,,,,https://waytochurch.com/lyrics/song/3289/జై-ప్రభు-యేసు-జై-ఘన-దేవా-జై-ప్రభు-జై-జై-రాజా
3290,ప్రభువా నీ గొప్పతనము స్తుతికి యోగ్యము,missing,,,,https://waytochurch.com/lyrics/song/3290/ప్రభువా-నీ-గొప్పతనము-స్తుతికి-యోగ్యము
3291,వందనము నిమ్ము ప్రభు యేసునకు జై జై యనిపాడు,missing,,,,https://waytochurch.com/lyrics/song/3291/వందనము-నిమ్ము-ప్రభు-యేసునకు-జై-జై-యనిపాడు
3292,ఓ నా హృదయమా పాడుమా క్రొత్త గీతం ప్రభునకే,missing,,,,https://waytochurch.com/lyrics/song/3292/ఓ-నా-హృదయమా-పాడుమా-క్రొత్త-గీతం-ప్రభునకే
3293,దేవా నీ తలంపులు అమూల్యమైనవి నా యెడ,in_library_exact,323,Devaa Nee Thalampulu,,https://waytochurch.com/lyrics/song/3293/దేవా-నీ-తలంపులు-అమూల్యమైనవి-నా-యెడ
3294,స్తుతులకు పాత్రుండవు సృష్టించినావు రక్షించినావు భద్రపరచుచున్నావు,missing,,,,https://waytochurch.com/lyrics/song/3294/స్తుతులకు-పాత్రుండవు-సృష్టించినావు-రక్షించినావు-భద్రపరచుచున్నావు
3295,యేసు క్రీస్తు ప్రభువాయనే అందరికి ప్రభువు,missing,,,,https://waytochurch.com/lyrics/song/3295/యేసు-క్రీస్తు-ప్రభువాయనే-అందరికి-ప్రభువు
3296,హల్లెలూయ స్తుతి ప్రశంస పాడెద,missing,,,,https://waytochurch.com/lyrics/song/3296/హల్లెలూయ-స్తుతి-ప్రశంస-పాడెద
3297,స్తోత్ర గీతములను పాడుచు ప్రియ ప్రభుని పూజించుడి,missing,,,,https://waytochurch.com/lyrics/song/3297/స్తోత్ర-గీతములను-పాడుచు-ప్రియ-ప్రభుని-పూజించుడి
3298,సర్వ కృపానిధియగు ప్రభువా సకల చరాచర సంతోషమా,in_library_exact,1424,Sarva Krupaanidhiyagu Prabhuvaa,,https://waytochurch.com/lyrics/song/3298/సర్వ-కృపానిధియగు-ప్రభువా-సకల-చరాచర-సంతోషమా
3299,మహాఘనుడు మహోన్నతుడు పరిశుద్ధుడు నిత్యనివాసి,missing,,,,https://waytochurch.com/lyrics/song/3299/మహాఘనుడు-మహోన్నతుడు-పరిశుద్ధుడు-నిత్యనివాసి
3300,క్రొత్త గీతముచే నా యుల్లముప్పొంగ యేసుని కీర్తింతును,missing,,,,https://waytochurch.com/lyrics/song/3300/క్రొత్త-గీతముచే-నా-యుల్లముప్పొంగ-యేసుని-కీర్తింతును
3301,కొనియాడి పాడి కీర్తించి వర్ణించెద నిను నా ప్రభువా,missing,,,,https://waytochurch.com/lyrics/song/3301/కొనియాడి-పాడి-కీర్తించి-వర్ణించెద-నిను-నా-ప్రభువా
3302,దేవా నాయందు నీకు ఎంతో ప్రేమా,missing,,,,https://waytochurch.com/lyrics/song/3302/దేవా-నాయందు-నీకు-ఎంతో-ప్రేమా
3303,అద్యంత రహిత ప్రభువా,missing,,,,https://waytochurch.com/lyrics/song/3303/అద్యంత-రహిత-ప్రభువా
3304,నృపా విమోచకా ప్రభూ వేలాది నోళ్ల నీ,missing,,,,https://waytochurch.com/lyrics/song/3304/నృపా-విమోచకా-ప్రభూ-వేలాది-నోళ్ల-నీ
3306,శ్రీ రక్షకుని నామము కీర్తించి కొల్వుడి,missing,,,,https://waytochurch.com/lyrics/song/3306/శ్రీ-రక్షకుని-నామము-కీర్తించి-కొల్వుడి
3307,రక్షకుని విచిత్ర ప్రేమన్ పాడుచుందు నెప్పుడున్,missing,,,,https://waytochurch.com/lyrics/song/3307/రక్షకుని-విచిత్ర-ప్రేమన్-పాడుచుందు-నెప్పుడున్
3308,యేసుని నామ శబ్దము విశ్వాసి చెవికి,missing,,,,https://waytochurch.com/lyrics/song/3308/యేసుని-నామ-శబ్దము-విశ్వాసి-చెవికి
3309,కంటిని గొప్ప ముత్యము పొందితి హర్షము,missing,,,,https://waytochurch.com/lyrics/song/3309/కంటిని-గొప్ప-ముత్యము-పొందితి-హర్షము
3310,భక్తులారా దుఃఖక్రాంతుడు వచ్చె మహిమతోడ,missing,,,,https://waytochurch.com/lyrics/song/3310/భక్తులారా-దుఃఖక్రాంతుడు-వచ్చె-మహిమతోడ
3312,రాజాధి రాజుపై కిరీటముంచుడి,missing,,,,https://waytochurch.com/lyrics/song/3312/రాజాధి-రాజుపై-కిరీటముంచుడి
3314,సర్వముపై యేసు రాజ్యమేలున్ పాపి మిత్రుడు గొఱ్ఱెపిల్లకు,missing,,,,https://waytochurch.com/lyrics/song/3314/సర్వముపై-యేసు-రాజ్యమేలున్-పాపి-మిత్రుడు-గొఱ్ఱెపిల్లకు
3315,యేసు ప్రభూ గద్దెపైనున్న నీకు మా స్తుతులను చెల్లించెదము,missing,,,,https://waytochurch.com/lyrics/song/3315/యేసు-ప్రభూ-గద్దెపైనున్న-నీకు-మా-స్తుతులను-చెల్లించెదము
3318,అత్యంత సుందరుండును ఎల్లరి కాంక్షణీయుడు,missing,,,,https://waytochurch.com/lyrics/song/3318/అత్యంత-సుందరుండును-ఎల్లరి-కాంక్షణీయుడు
3319,ఆ ముండ్ల కిరీటం బోయెను ఘనంబుకల్గెను,missing,,,,https://waytochurch.com/lyrics/song/3319/ఆ-ముండ్ల-కిరీటం-బోయెను-ఘనంబుకల్గెను
3320,నమస్కరింప రండి దావీదు పుత్రుని,missing,,,,https://waytochurch.com/lyrics/song/3320/నమస్కరింప-రండి-దావీదు-పుత్రుని
3323,శుద్ధి శుద్ధి శుద్ధి సర్వశక్తి ప్రభు ప్రాతఃకాల స్తుతి నీకే చెల్లింతుము,missing,,,,https://waytochurch.com/lyrics/song/3323/శుద్ధి-శుద్ధి-శుద్ధి-సర్వశక్తి-ప్రభు-ప్రాతఃకాల-స్తుతి-నీకే-చెల్లింతుము
3324,నీ జల్దరు వృక్షపు నీడలలో నే నానంద భరితుడనైతిని,in_library_exact,117,Nee Jaldaru Vrukshapu,,https://waytochurch.com/lyrics/song/3324/నీ-జల్దరు-వృక్షపు-నీడలలో-నే-నానంద-భరితుడనైతిని
3325,యేసు నంగీకరించితి దైవపుత్రుడ నైతిని,missing,,,,https://waytochurch.com/lyrics/song/3325/యేసు-నంగీకరించితి-దైవపుత్రుడ-నైతిని
3326,వందన మర్పింతు కృపనొందితి తన రాజ్యమందున చేరితిని,missing,,,,https://waytochurch.com/lyrics/song/3326/వందన-మర్పింతు-కృపనొందితి-తన-రాజ్యమందున-చేరితిని
3327,దేవా నా ప్రభువా నిను గూర్చి ఉప్పొంగె నా హృదయం,missing,,,,https://waytochurch.com/lyrics/song/3327/దేవా-నా-ప్రభువా-నిను-గూర్చి-ఉప్పొంగె-నా-హృదయం
3328,ప్రభుయేసు నాకై సర్వము నిచ్చితివి ప్రేమనుబట్టి అర్పించు కొంటివి నాకై,missing,,,,https://waytochurch.com/lyrics/song/3328/ప్రభుయేసు-నాకై-సర్వము-నిచ్చితివి-ప్రేమనుబట్టి-అర్పించు-కొంటివి-నాకై
3329,పావనుడా మా ప్రభువా నీ రక్షణకై స్తోత్రములు,missing,,,,https://waytochurch.com/lyrics/song/3329/పావనుడా-మా-ప్రభువా-నీ-రక్షణకై-స్తోత్రములు
3330,యేసూ నన్ ప్రేమించితివి ఆశ్రయము లేనప్పుడు,in_library_contained,414,Yesu Nan Preminchithivi,,https://waytochurch.com/lyrics/song/3330/యేసూ-నన్-ప్రేమించితివి-ఆశ్రయము-లేనప్పుడు
3331,ప్రభువా నీదు ఘననామమున్ మేము,missing,,,,https://waytochurch.com/lyrics/song/3331/ప్రభువా-నీదు-ఘననామమున్-మేము
3332,ప్రేమ నమ్మకముగల పరలోక తండ్రి,missing,,,,https://waytochurch.com/lyrics/song/3332/ప్రేమ-నమ్మకముగల-పరలోక-తండ్రి
3333,ఓ ప్రభువా యిది నీ కృపయే గొప్ప క్రయము ద్వారా కలిగె,missing,,,,https://waytochurch.com/lyrics/song/3333/ఓ-ప్రభువా-యిది-నీ-కృపయే-గొప్ప-క్రయము-ద్వారా-కలిగె
3334,ప్రేమగల మా ప్రభువా ప్రేమయై యున్నావయా,in_library_contained,1489,Premagala Maa Prabhuvaa,,https://waytochurch.com/lyrics/song/3334/ప్రేమగల-మా-ప్రభువా-ప్రేమయై-యున్నావయా
3335,ఆరాధించెద నిను మది పొగడెద నిరతము నిను స్తుతియించెదను,in_library_exact,151,Aaraadhincheda Ninu Madi Pogadeda,,https://waytochurch.com/lyrics/song/3335/ఆరాధించెద-నిను-మది-పొగడెద-నిరతము-నిను-స్తుతియించెదను
3336,రుచిచూచి ఎరిగితిని యెహోవా ఉత్తముడనియు,in_library_exact,895,Ruchi Choochi Erigithini,,https://waytochurch.com/lyrics/song/3336/రుచిచూచి-ఎరిగితిని-యెహోవా-ఉత్తముడనియు
3337,నీదు విశ్వాస్యత మా ప్రభు యేసు అంతరిక్షము నధిగమించెను,in_library_exact,174,Needu Vishwaasyatha,,https://waytochurch.com/lyrics/song/3337/నీదు-విశ్వాస్యత-మా-ప్రభు-యేసు-అంతరిక్షము-నధిగమించెను
3338,సన్నుతించెదను ఎల్లప్పుడు నిత్యము ఆయన కీర్తి నానోటనుండు,missing,,,,https://waytochurch.com/lyrics/song/3338/సన్నుతించెదను-ఎల్లప్పుడు-నిత్యము-ఆయన-కీర్తి-నానోటనుండు
3339,దేవునికే మహిమ యుగయుగములకు కలుగును గాక,missing,,,,https://waytochurch.com/lyrics/song/3339/దేవునికే-మహిమ-యుగయుగములకు-కలుగును-గాక
3340,ఆశ్చర్యకరుడ వీవే యెహోవా నీవే ధన్యుడవు,missing,,,,https://waytochurch.com/lyrics/song/3340/ఆశ్చర్యకరుడ-వీవే-యెహోవా-నీవే-ధన్యుడవు
3341,నా ప్రాణమా నా సర్వమా ఆయన పరిశుద్ధ నామమునకు,missing,,,,https://waytochurch.com/lyrics/song/3341/నా-ప్రాణమా-నా-సర్వమా-ఆయన-పరిశుద్ధ-నామమునకు
3342,గాయములన్ గాయములన్ నా కొరకై పొందెను క్రీస్తు ప్రభు,in_library_exact,1076,Gaayaamulan Gaayamulan,,https://waytochurch.com/lyrics/song/3342/గాయములన్-గాయములన్-నా-కొరకై-పొందెను-క్రీస్తు-ప్రభు
3343,దూతగణములెల్ల ఆరాధించిరిగా పరిశుద్ధుడు సైన్యముల యెహోవని,missing,,,,https://waytochurch.com/lyrics/song/3343/దూతగణములెల్ల-ఆరాధించిరిగా-పరిశుద్ధుడు-సైన్యముల-యెహోవని
3344,మా ప్రభుయేసు నీవే మా సర్వము మహిన్ మాకెపుడు నీతోనే స్నేహము,missing,,,,https://waytochurch.com/lyrics/song/3344/మా-ప్రభుయేసు-నీవే-మా-సర్వము-మహిన్-మాకెపుడు-నీతోనే-స్నేహము
3345,ప్రణుతింతుము మా యెహోవా పరిపూర్ణ మహిమ ప్రభావా,missing,,,,https://waytochurch.com/lyrics/song/3345/ప్రణుతింతుము-మా-యెహోవా-పరిపూర్ణ-మహిమ-ప్రభావా
3346,యేసు మా రక్షకుడు కల్మషము లేనివాడు,in_library_lyric_line,1001,Sthothrinchedamu Daiva Kumaaruni,,https://waytochurch.com/lyrics/song/3346/యేసు-మా-రక్షకుడు-కల్మషము-లేనివాడు
3347,స్తోత్రించెదము దైవకుమారుని నూతన జీవముతో,in_library_exact,1001,Sthothrinchedamu Daiva Kumaaruni,,https://waytochurch.com/lyrics/song/3347/స్తోత్రించెదము-దైవకుమారుని-నూతన-జీవముతో
3348,దావీదు వంశ యేసు క్రీస్తుకు స్తుతి చెల్లించుడి,missing,,,,https://waytochurch.com/lyrics/song/3348/దావీదు-వంశ-యేసు-క్రీస్తుకు-స్తుతి-చెల్లించుడి
3349,దేవాది దేవుని భూజనులారా,missing,,,,https://waytochurch.com/lyrics/song/3349/దేవాది-దేవుని-భూజనులారా
3350,స్తోత్రము యేసునాథా,missing,,,,https://waytochurch.com/lyrics/song/3350/స్తోత్రము-యేసునాథా
3351,స్తుతియించు ప్రియుడా సదా యేసుని,missing,,,,https://waytochurch.com/lyrics/song/3351/స్తుతియించు-ప్రియుడా-సదా-యేసుని
3352,స్తోత్రము స్తోత్రము స్తోత్రము యేసు దేవా,missing,,,,https://waytochurch.com/lyrics/song/3352/స్తోత్రము-స్తోత్రము-స్తోత్రము-యేసు-దేవా
3353,నమ్మకమైన నా ప్రభు,in_library_exact,367,Nammakamaina Naa Prabhu,,https://waytochurch.com/lyrics/song/3353/నమ్మకమైన-నా-ప్రభు
3354,రక్షకుడా యేసు ప్రభో స్తోత్రము దేవా,in_library_exact,292,Rakshakudaa Yesu Prabho,,https://waytochurch.com/lyrics/song/3354/రక్షకుడా-యేసు-ప్రభో-స్తోత్రము-దేవా
3355,స్తోత్రము పాడి పొగడెదను దేవాదిదేవా నిను రాజాధిరాజా నిను,missing,,,,https://waytochurch.com/lyrics/song/3355/స్తోత్రము-పాడి-పొగడెదను-దేవాదిదేవా-నిను-రాజాధిరాజా-నిను
3356,స్తుతియింతుము స్తోత్రింతుము పావనుడగు మా పరమ తండ్రి,in_library_contained,1052,Sthuthiyinthumu,,https://waytochurch.com/lyrics/song/3356/స్తుతియింతుము-స్తోత్రింతుము-పావనుడగు-మా-పరమ-తండ్రి
3357,యెహోవా మహాత్మ్యము గొప్పది యెంతో,missing,,,,https://waytochurch.com/lyrics/song/3357/యెహోవా-మహాత్మ్యము-గొప్పది-యెంతో
3358,కృపగల దేవుని కొనియాడెదము కృపచాలు నీకనే ప్రభుయేసు,missing,,,,https://waytochurch.com/lyrics/song/3358/కృపగల-దేవుని-కొనియాడెదము-కృపచాలు-నీకనే-ప్రభుయేసు
3359,స్తుతి ప్రశంస పాడుచు కీర్తింతు నిత్యము,in_library_exact,1100,Sthuthi Prashamsa Paaduchu,,https://waytochurch.com/lyrics/song/3359/స్తుతి-ప్రశంస-పాడుచు-కీర్తింతు-నిత్యము
3360,భజియింప రండి ప్రభుయేసుని,missing,,,,https://waytochurch.com/lyrics/song/3360/భజియింప-రండి-ప్రభుయేసుని
3361,అనుదినము మా భారము,missing,,,,https://waytochurch.com/lyrics/song/3361/అనుదినము-మా-భారము
3362,భక్తులారా స్మరియించెదము ప్రభుచేసిన మేలులన్నిటిని,in_library_exact,405,Bhakthulaaraa Smariyinchedamu,,https://waytochurch.com/lyrics/song/3362/భక్తులారా-స్మరియించెదము-ప్రభుచేసిన-మేలులన్నిటిని
3363,యేసు ప్రభును స్తుతించుట యెంతో యెంతో మంచిది,missing,,,,https://waytochurch.com/lyrics/song/3363/యేసు-ప్రభును-స్తుతించుట-యెంతో-యెంతో-మంచిది
3364,యేసు దివ్య రక్షకుని స్తుతించు భూమీ దివ్య ప్రేమను చాటుము,missing,,,,https://waytochurch.com/lyrics/song/3364/యేసు-దివ్య-రక్షకుని-స్తుతించు-భూమీ-దివ్య-ప్రేమను-చాటుము
3366,నా ప్రాణమెంతో నిన్ను పాడును గొప్ప దేవా గొప్ప దేవా,missing,,,,https://waytochurch.com/lyrics/song/3366/నా-ప్రాణమెంతో-నిన్ను-పాడును-గొప్ప-దేవా-గొప్ప-దేవా
3367,ప్రభు నా దేవా నీ చేతి కార్యములను,missing,,,,https://waytochurch.com/lyrics/song/3367/ప్రభు-నా-దేవా-నీ-చేతి-కార్యములను
3368,ప్రభావ శక్తులు కల్గిన రాజునుతింపు,missing,,,,https://waytochurch.com/lyrics/song/3368/ప్రభావ-శక్తులు-కల్గిన-రాజునుతింపు
3369,యేసు ప్రభు నీ ముఖ దర్శనముచే నా ప్రతి యాశను తీర్చుకొందును,missing,,,,https://waytochurch.com/lyrics/song/3369/యేసు-ప్రభు-నీ-ముఖ-దర్శనముచే-నా-ప్రతి-యాశను-తీర్చుకొందును
3370,జయమని పాడు జయమని పాడు ప్రభుయేసునకే,missing,,,,https://waytochurch.com/lyrics/song/3370/జయమని-పాడు-జయమని-పాడు-ప్రభుయేసునకే
3371,ఓ జగద్రక్షకా విశ్వవిధాత రక్షణ నొసగితివి,missing,,,,https://waytochurch.com/lyrics/song/3371/ఓ-జగద్రక్షకా-విశ్వవిధాత-రక్షణ-నొసగితివి
3372,ఎంత జాలి యేసువా యింతయని యూహించలేను,in_library_contained,670,Entha Jaali Yesuvaa,,https://waytochurch.com/lyrics/song/3372/ఎంత-జాలి-యేసువా-యింతయని-యూహించలేను
3373,శ్రీ యేసు నాథుని శిరసావహించి శిష్యుల మేసును ఘనపరచెదము,missing,,,,https://waytochurch.com/lyrics/song/3373/శ్రీ-యేసు-నాథుని-శిరసావహించి-శిష్యుల-మేసును-ఘనపరచెదము
3374,దేవాది దేవా ప్రభువుల ప్రభూ రాజుల రాజా హల్లెలూయ,in_library_exact,50,Devaadhi Devaa,,https://waytochurch.com/lyrics/song/3374/దేవాది-దేవా-ప్రభువుల-ప్రభూ-రాజుల-రాజా-హల్లెలూయ
3375,జై జై యేసురాజా జై జై రాజాధిరాజా నీకే జై జై,in_library_contained,1297,Jai Jai Yesu,,https://waytochurch.com/lyrics/song/3375/జై-జై-యేసురాజా-జై-జై-రాజాధిరాజా-నీకే-జై-జై
3376,నాదు ప్రాణమా నాదు ప్రాణమా దేవుని క్రియల్మరువకుమా,missing,,,,https://waytochurch.com/lyrics/song/3376/నాదు-ప్రాణమా-నాదు-ప్రాణమా-దేవుని-క్రియల్మరువకుమా
3377,ప్రభు నిను కీర్తించుచున్నాము యేసు నిను కీర్తించుచున్నాము,missing,,,,https://waytochurch.com/lyrics/song/3377/ప్రభు-నిను-కీర్తించుచున్నాము-యేసు-నిను-కీర్తించుచున్నాము
3378,జీవంబు నిచ్చిన దేవుడా నే పాడెద నీకు నిరంతరము హల్లెలూయ హల్లెలూయ,missing,,,,https://waytochurch.com/lyrics/song/3378/జీవంబు-నిచ్చిన-దేవుడా-నే-పాడెద-నీకు-నిరంతరము-హల్లెలూయ-హల్లెలూయ
3379,స్తోత్రించి కీర్తింతుము ఘనపరచెదము కొనియాడెదము,missing,,,,https://waytochurch.com/lyrics/song/3379/స్తోత్రించి-కీర్తింతుము-ఘనపరచెదము-కొనియాడెదము
3380,స్తోత్రించి కీర్తించెదము హల్లెలూయ,missing,,,,https://waytochurch.com/lyrics/song/3380/స్తోత్రించి-కీర్తించెదము-హల్లెలూయ
3381,మా దేవ మా దేవ నీదు విశ్వాస్యత చాల గొప్పది,missing,,,,https://waytochurch.com/lyrics/song/3381/మా-దేవ-మా-దేవ-నీదు-విశ్వాస్యత-చాల-గొప్పది
3382,యెహోవా గొప్ప కార్యములు చేసెను వీరికొరకు,missing,,,,https://waytochurch.com/lyrics/song/3382/యెహోవా-గొప్ప-కార్యములు-చేసెను-వీరికొరకు
3383,స్తుతింతున్ పరిశుద్దుని ఆరాధనతో,missing,,,,https://waytochurch.com/lyrics/song/3383/స్తుతింతున్-పరిశుద్దుని-ఆరాధనతో
3384,ప్రభు గొప్ప కార్యములు చేసెనని మనముత్సహించెదము,missing,,,,https://waytochurch.com/lyrics/song/3384/ప్రభు-గొప్ప-కార్యములు-చేసెనని-మనముత్సహించెదము
3385,ఆనందముగా యెహోవా నీ కృపలన్ని అన్ని కాలంబులందు కీర్తించెదను,in_library_exact,618,Aanandamugaa Yehovaa Nee,,https://waytochurch.com/lyrics/song/3385/ఆనందముగా-యెహోవా-నీ-కృపలన్ని-అన్ని-కాలంబులందు-కీర్తించెదను
3386,దేవుని కీర్తించెదము దైవపుత్రుని నామమందు,missing,,,,https://waytochurch.com/lyrics/song/3386/దేవుని-కీర్తించెదము-దైవపుత్రుని-నామమందు
3387,ధన్య ధన్య ధన్య ప్రభుకు తానే రక్షణ మన కొసగే,missing,,,,https://waytochurch.com/lyrics/song/3387/ధన్య-ధన్య-ధన్య-ప్రభుకు-తానే-రక్షణ-మన-కొసగే
3388,పగటిలో మేఘ స్తంభముగా రాత్రిలో యగ్ని స్తంభముగా,missing,,,,https://waytochurch.com/lyrics/song/3388/పగటిలో-మేఘ-స్తంభముగా-రాత్రిలో-యగ్ని-స్తంభముగా
3389,రక్షణ్య పాటలు పాడి రక్షకుడేసును సదా కొనియాడు,missing,,,,https://waytochurch.com/lyrics/song/3389/రక్షణ్య-పాటలు-పాడి-రక్షకుడేసును-సదా-కొనియాడు
3390,కృతజ్ఞతన్ తలవంచి నాదు జీవము అర్పింతును,in_library_exact,1375,Kruthagnathan Thalavanchi,,https://waytochurch.com/lyrics/song/3390/కృతజ్ఞతన్-తలవంచి-నాదు-జీవము-అర్పింతును
3391,నాకొరకై అన్నియు చేసెను యేసు నాకింక భయము లేదు లోకములో,in_library_exact,185,Naa Korakai Anniyu Chesenu,,https://waytochurch.com/lyrics/song/3391/నాకొరకై-అన్నియు-చేసెను-యేసు-నాకింక-భయము-లేదు-లోకములో
3392,యెహోవ మన కొరకు గొప్ప కార్యములను,missing,,,,https://waytochurch.com/lyrics/song/3392/యెహోవ-మన-కొరకు-గొప్ప-కార్యములను
3393,దేవుని స్తుతించ రండి గత సంవత్సరమున కాపాడెన్,in_library_exact,858,Devuni Sthuthincha Randi,,https://waytochurch.com/lyrics/song/3393/దేవుని-స్తుతించ-రండి-గత-సంవత్సరమున-కాపాడెన్
3394,స్తోత్రము స్తోత్యమయ్యా దేవా స్తోత్రము స్తోత్యమయ్యా,missing,,,,https://waytochurch.com/lyrics/song/3394/స్తోత్రము-స్తోత్యమయ్యా-దేవా-స్తోత్రము-స్తోత్యమయ్యా
3395,దేవా సంవత్సరమును దయాకిరీటముగా నిచ్చి యున్నావు,missing,,,,https://waytochurch.com/lyrics/song/3395/దేవా-సంవత్సరమును-దయాకిరీటముగా-నిచ్చి-యున్నావు
3396,స్తుతులు నీకర్పింతుము సతతము మా ప్రభువా,missing,,,,https://waytochurch.com/lyrics/song/3396/స్తుతులు-నీకర్పింతుము-సతతము-మా-ప్రభువా
3397,ప్రభువా పాడెద నొక స్తుతి గీతం ప్రేమించి రక్షించితివి,missing,,,,https://waytochurch.com/lyrics/song/3397/ప్రభువా-పాడెద-నొక-స్తుతి-గీతం-ప్రేమించి-రక్షించితివి
3398,ఓ భక్తులారా మనమందరము నిత్యము యేసుని స్తుతియించెదము,missing,,,,https://waytochurch.com/lyrics/song/3398/ఓ-భక్తులారా-మనమందరము-నిత్యము-యేసుని-స్తుతియించెదము
3399,మేము భయపడము ఇక మేము భయపడము,in_library_exact,1369,Memu Bhayapadamu,,https://waytochurch.com/lyrics/song/3399/మేము-భయపడము-ఇక-మేము-భయపడము
3400,భయము లేదుగా మనకు భయము లేదుగా,missing,,,,https://waytochurch.com/lyrics/song/3400/భయము-లేదుగా-మనకు-భయము-లేదుగా
3401,దేవసుతుడు యేసు జన్మించె నిరతము స్తుతియింతుము,missing,,,,https://waytochurch.com/lyrics/song/3401/దేవసుతుడు-యేసు-జన్మించె-నిరతము-స్తుతియింతుము
3402,మరియకు సుతుడుగ ధరను జన్మించి ఇమ్మానుయేలాయెన్,missing,,,,https://waytochurch.com/lyrics/song/3402/మరియకు-సుతుడుగ-ధరను-జన్మించి-ఇమ్మానుయేలాయెన్
3403,బేత్లెహేం పురమున చిత్రంబు కలిగె,in_library_exact,188,Bethlehem Puramuna,,https://waytochurch.com/lyrics/song/3403/బేత్లెహేం-పురమున-చిత్రంబు-కలిగె
3404,ఓ సద్భక్తులారా లోక రక్షకుండు బేత్లెహేమందు నేడు జన్మించెన్,in_library_exact,726,O Sadbhakthulaaraa,,https://waytochurch.com/lyrics/song/3404/ఓ-సద్భక్తులారా-లోక-రక్షకుండు-బేత్లెహేమందు-నేడు-జన్మించెన్
3405,దూతపాట పాడుడి రక్షకున్ స్తుతించుడి,in_library_exact,538,Dootha Paata Paadudi,,https://waytochurch.com/lyrics/song/3405/దూతపాట-పాడుడి-రక్షకున్-స్తుతించుడి
3407,వింటిమయ్యా నీ స్వరము కంటిమయ్యా నీ రూపమును,missing,,,,https://waytochurch.com/lyrics/song/3407/వింటిమయ్యా-నీ-స్వరము-కంటిమయ్యా-నీ-రూపమును
3408,ఉదయించె దివ్య రక్షకుడు ఘోరాంధకార లోకమున,in_library_exact,443,Udayinche Divya Rakshakudu,,https://waytochurch.com/lyrics/song/3408/ఉదయించె-దివ్య-రక్షకుడు-ఘోరాంధకార-లోకమున
3409,నిరాకార సురూపుడా మనోహరా కరిగితివా నాకై వ్రేలాడుచు సిలువలో,missing,,,,https://waytochurch.com/lyrics/song/3409/నిరాకార-సురూపుడా-మనోహరా-కరిగితివా-నాకై-వ్రేలాడుచు-సిలువలో
3410,యేసుని శ్రమలతోడ ఆశతో పాలు పొందెదను,missing,,,,https://waytochurch.com/lyrics/song/3410/యేసుని-శ్రమలతోడ-ఆశతో-పాలు-పొందెదను
3411,మనకై యేసు మరణించె మన పాపముల కొరకై,missing,,,,https://waytochurch.com/lyrics/song/3411/మనకై-యేసు-మరణించె-మన-పాపముల-కొరకై
3412,యేసు ప్రభూ నా కొరకై బలిగాను నీవైతివి,missing,,,,https://waytochurch.com/lyrics/song/3412/యేసు-ప్రభూ-నా-కొరకై-బలిగాను-నీవైతివి
3413,ప్రభుయేసు ప్రభుయేసు అదిగో శ్రమ నొందెను ఖైదీలను విడిపించెను సిలువలో,in_library_contained,1230,Prabhu Yesu Prabhu Yesu,,https://waytochurch.com/lyrics/song/3413/ప్రభుయేసు-ప్రభుయేసు-అదిగో-శ్రమ-నొందెను-ఖైదీలను-విడిపించెను-సిలువలో
3414,నీ రక్తమే నీ రక్తమే నన్ శుద్ధీకరించున్,in_library_exact,296,Nee Rakthame Nee Rakthame,,https://waytochurch.com/lyrics/song/3414/నీ-రక్తమే-నీ-రక్తమే-నన్-శుద్ధీకరించున్
3415,సిలువలో బలియైన దేవుని గొర్రెపిల్ల,in_library_fuzzy,315,Siluvalo Bali Aina,0.909,https://waytochurch.com/lyrics/song/3415/సిలువలో-బలియైన-దేవుని-గొర్రెపిల్ల
3416,అదిగో కల్వరిలో యేసు రక్షకుడే దీనుడై వ్రేలాడుచున్నాడే,missing,,,,https://waytochurch.com/lyrics/song/3416/అదిగో-కల్వరిలో-యేసు-రక్షకుడే-దీనుడై-వ్రేలాడుచున్నాడే
3417,దైవతనయా క్రీస్తునాథుండా అయ్యా పాపులకై ప్రాణమిచ్చితివా దేవుడే నిను పంపినాడా,in_library_contained,1614,Daiva Thanayaa Kreesthu Naathundaa,,https://waytochurch.com/lyrics/song/3417/దైవతనయా-క్రీస్తునాథుండా-అయ్యా-పాపులకై-ప్రాణమిచ్చితివా-దేవుడే-నిను-పంపినాడా
3418,యేసుని రక్తమే జై జై ప్రభు యేసుని రక్తమే జై,missing,,,,https://waytochurch.com/lyrics/song/3418/యేసుని-రక్తమే-జై-జై-ప్రభు-యేసుని-రక్తమే-జై
3419,ఎటువంటి యాగము జేసితివి యేసు నీవలె నేనుండ నా కొరకై,missing,,,,https://waytochurch.com/lyrics/song/3419/ఎటువంటి-యాగము-జేసితివి-యేసు-నీవలె-నేనుండ-నా-కొరకై
3420,చూడుమదే నీ కొరకే సిలువపై వ్రేలాడు శ్రీయేసు రక్షకున్,missing,,,,https://waytochurch.com/lyrics/song/3420/చూడుమదే-నీ-కొరకే-సిలువపై-వ్రేలాడు-శ్రీయేసు-రక్షకున్
3421,జీవపు మార్గ జ్యోతివి సిలువ మోసిన యేసు,missing,,,,https://waytochurch.com/lyrics/song/3421/జీవపు-మార్గ-జ్యోతివి-సిలువ-మోసిన-యేసు
3422,యేసు చావొందె సిలువపై నీ కొరకే నా కొరకే,missing,,,,https://waytochurch.com/lyrics/song/3422/యేసు-చావొందె-సిలువపై-నీ-కొరకే-నా-కొరకే
3424,మహాత్ముడైన నా ప్రభు విచిత్ర సిల్వజూడ నా,in_library_exact,82,Mahaathmudaina Naa Prabhu,,https://waytochurch.com/lyrics/song/3424/మహాత్ముడైన-నా-ప్రభు-విచిత్ర-సిల్వజూడ-నా
3425,కల్వరి గుట్టమీదను దుర్మార్గవైరులు ద్వేషించి సిల్వ మీదను శ్రీ యేసుజంపిరి,missing,,,,https://waytochurch.com/lyrics/song/3425/కల్వరి-గుట్టమీదను-దుర్మార్గవైరులు-ద్వేషించి-సిల్వ-మీదను-శ్రీ-యేసుజంపిరి
3426,దేవా నాదేవా నన్నేల విడచితివని సిలువలో బలియైన నా యేసువా,missing,,,,https://waytochurch.com/lyrics/song/3426/దేవా-నాదేవా-నన్నేల-విడచితివని-సిలువలో-బలియైన-నా-యేసువా
3427,దూరపు కొండపై శ్రమలకు గుర్తగు కౄరపు సిలువయే కనబడె,in_library_exact,1050,Doorapu Kondapai,,https://waytochurch.com/lyrics/song/3427/దూరపు-కొండపై-శ్రమలకు-గుర్తగు-కౄరపు-సిలువయే-కనబడె
3428,ప్రియుని సిలువను ప్రేమింతున్ ప్రాణమున్నంత వరకును,in_library_contained,1050,Doorapu Kondapai,,https://waytochurch.com/lyrics/song/3428/ప్రియుని-సిలువను-ప్రేమింతున్-ప్రాణమున్నంత-వరకును
3429,గీతం గీతం జయ జయ గీతం,in_library_exact,75,Geetham Geetham,,https://waytochurch.com/lyrics/song/3429/గీతం-గీతం-జయ-జయ-గీతం
3430,లేచినాడురా సమాధి గెలిచినాడురా యేసు,in_library_exact,667,Lechinaaduraa,,https://waytochurch.com/lyrics/song/3430/లేచినాడురా-సమాధి-గెలిచినాడురా-యేసు
3431,శ్రేష్టగీతము వినబడుచున్నది యేసు లేచెను,missing,,,,https://waytochurch.com/lyrics/song/3431/శ్రేష్టగీతము-వినబడుచున్నది-యేసు-లేచెను
3432,యేసు సమాధిలో పరుండి వాసిగా మూడవ నాడు లేచెన్,missing,,,,https://waytochurch.com/lyrics/song/3432/యేసు-సమాధిలో-పరుండి-వాసిగా-మూడవ-నాడు-లేచెన్
3433,క్రీస్తులేచె హల్లెలూయ లేచె జయశీలుడు,missing,,,,https://waytochurch.com/lyrics/song/3433/క్రీస్తులేచె-హల్లెలూయ-లేచె-జయశీలుడు
3434,క్రీస్తు నేడు లేచెను మర్త్య దూత సంఘమా,missing,,,,https://waytochurch.com/lyrics/song/3434/క్రీస్తు-నేడు-లేచెను-మర్త్య-దూత-సంఘమా
3435,యేసురాజు వచ్చును దూతలతో వచ్చును,missing,,,,https://waytochurch.com/lyrics/song/3435/యేసురాజు-వచ్చును-దూతలతో-వచ్చును
3436,రాజాధిరాజా రావే రాజు యేసు రాజ్యమేల రావే,missing,,,,https://waytochurch.com/lyrics/song/3436/రాజాధిరాజా-రావే-రాజు-యేసు-రాజ్యమేల-రావే
3437,మేఘా రూఢుండై ప్రభుయేసు అతి వేగముగా నేతెంచున్,missing,,,,https://waytochurch.com/lyrics/song/3437/మేఘా-రూఢుండై-ప్రభుయేసు-అతి-వేగముగా-నేతెంచున్
3438,ప్రభుని రాకడ ఈ దినమే పరుగులిడి రండి సుదినమే,in_library_exact,571,Prabhuni Raakada,,https://waytochurch.com/lyrics/song/3438/ప్రభుని-రాకడ-ఈ-దినమే-పరుగులిడి-రండి-సుదినమే
3439,మహిమయుతుడు మా యేసురాజు,missing,,,,https://waytochurch.com/lyrics/song/3439/మహిమయుతుడు-మా-యేసురాజు
3440,మేఘము మీద యేసురాజు వేగ మిలకువచ్చున్,missing,,,,https://waytochurch.com/lyrics/song/3440/మేఘము-మీద-యేసురాజు-వేగ-మిలకువచ్చున్
3441,సోదరులారా లెండి రాకడ గుర్తులు చూడండి,missing,,,,https://waytochurch.com/lyrics/song/3441/సోదరులారా-లెండి-రాకడ-గుర్తులు-చూడండి
3442,యేసు రాగానే సంఘము మార్పు చేయబడి పైకెత్తబడును,missing,,,,https://waytochurch.com/lyrics/song/3442/యేసు-రాగానే-సంఘము-మార్పు-చేయబడి-పైకెత్తబడును
3443,రాజుల రాజుగ యేసు ప్రభుండు,missing,,,,https://waytochurch.com/lyrics/song/3443/రాజుల-రాజుగ-యేసు-ప్రభుండు
3444,నీ దేవుని సంధించ నీవు ఆయత్తమా,missing,,,,https://waytochurch.com/lyrics/song/3444/నీ-దేవుని-సంధించ-నీవు-ఆయత్తమా
3445,పరిశుద్ధులెల్లరు యేసున్ పొగడి పాడి యార్భటించి పరముననుండ,missing,,,,https://waytochurch.com/lyrics/song/3445/పరిశుద్ధులెల్లరు-యేసున్-పొగడి-పాడి-యార్భటించి-పరముననుండ
3446,యేసు శీఘ్రముగా వచ్చున్ ఆశతో కనిపెట్టుడి,missing,,,,https://waytochurch.com/lyrics/song/3446/యేసు-శీఘ్రముగా-వచ్చున్-ఆశతో-కనిపెట్టుడి
3447,మేలుకో మహిమ రాజు వేగమే రానై యున్నాడు,in_library_exact,1474,Meluko Mahima Raaju,,https://waytochurch.com/lyrics/song/3447/మేలుకో-మహిమ-రాజు-వేగమే-రానై-యున్నాడు
3448,అదిగో వచ్చునదెవరో చూడుమా మహిమ గలిగిన మన యేసే,missing,,,,https://waytochurch.com/lyrics/song/3448/అదిగో-వచ్చునదెవరో-చూడుమా-మహిమ-గలిగిన-మన-యేసే
3449,యేసు శీఘ్రముగ తిరిగివచ్చున్ సత్యదేవుని వాక్యమిదే,missing,,,,https://waytochurch.com/lyrics/song/3449/యేసు-శీఘ్రముగ-తిరిగివచ్చున్-సత్యదేవుని-వాక్యమిదే
3450,ఇదిగో నేను వచ్చుచున్నాను త్వరగా వచ్చుచున్నాను,missing,,,,https://waytochurch.com/lyrics/song/3450/ఇదిగో-నేను-వచ్చుచున్నాను-త్వరగా-వచ్చుచున్నాను
3451,జయమని పాడు ప్రభుయేసునకే హోసన్న జై,missing,,,,https://waytochurch.com/lyrics/song/3451/జయమని-పాడు-ప్రభుయేసునకే-హోసన్న-జై
3452,కాలము సమీపము ప్రభు యేసు వచ్చున్ జీతము పొందును నిజ దాసుడు,missing,,,,https://waytochurch.com/lyrics/song/3452/కాలము-సమీపము-ప్రభు-యేసు-వచ్చున్-జీతము-పొందును-నిజ-దాసుడు
3453,ప్రకాశ వస్త్రముతో పరలోక మహిమతో లోకంబున కేతెంచును మేఘంబుపై ప్రభువే,missing,,,,https://waytochurch.com/lyrics/song/3453/ప్రకాశ-వస్త్రముతో-పరలోక-మహిమతో-లోకంబున-కేతెంచును-మేఘంబుపై-ప్రభువే
3454,రాజులరాజు ప్రభువుల ప్రభూ ఈ జగతికి అరుదెంచె ప్రభూ,missing,,,,https://waytochurch.com/lyrics/song/3454/రాజులరాజు-ప్రభువుల-ప్రభూ-ఈ-జగతికి-అరుదెంచె-ప్రభూ
3455,జాగ్రత్త భక్తులారా పిలుపిదే ప్రభుయేసు వేగవచ్చును,in_library_exact,238,Jaagrattha Bhakthulaaraa,,https://waytochurch.com/lyrics/song/3455/జాగ్రత్త-భక్తులారా-పిలుపిదే-ప్రభుయేసు-వేగవచ్చును
3456,సీయోనురాజు వచ్చును మదిన్ సిద్ధపడు,missing,,,,https://waytochurch.com/lyrics/song/3456/సీయోనురాజు-వచ్చును-మదిన్-సిద్ధపడు
3457,ప్రభువు దిగివచ్చును పరమునుండి వేగమే విభుడు తిరిగివచ్చును పరమ వధువుకై,missing,,,,https://waytochurch.com/lyrics/song/3457/ప్రభువు-దిగివచ్చును-పరమునుండి-వేగమే-విభుడు-తిరిగివచ్చును-పరమ-వధువుకై
3458,క్రీస్తు యేసు వచ్చును ఆయత్తముగ నుండుడి,missing,,,,https://waytochurch.com/lyrics/song/3458/క్రీస్తు-యేసు-వచ్చును-ఆయత్తముగ-నుండుడి
3459,ప్రాణప్రియుడా ప్రాణప్రియుడా రమ్ము మా యేసు పాడెదము,missing,,,,https://waytochurch.com/lyrics/song/3459/ప్రాణప్రియుడా-ప్రాణప్రియుడా-రమ్ము-మా-యేసు-పాడెదము
3460,బూర శబ్దంబు ధ్వనింప గాంచెదమేసున్ మా ఎదుట,missing,,,,https://waytochurch.com/lyrics/song/3460/బూర-శబ్దంబు-ధ్వనింప-గాంచెదమేసున్-మా-ఎదుట
3461,యేసుక్రీస్తు శీఘ్రముగ శీఘ్రముగ శీఘ్రముగ,missing,,,,https://waytochurch.com/lyrics/song/3461/యేసుక్రీస్తు-శీఘ్రముగ-శీఘ్రముగ-శీఘ్రముగ
3462,కొంతసమయమే మిగిలినది క్రీస్తేసు ప్రభువు తిరిగి వచ్చున్,missing,,,,https://waytochurch.com/lyrics/song/3462/కొంతసమయమే-మిగిలినది-క్రీస్తేసు-ప్రభువు-తిరిగి-వచ్చున్
3463,పరమ తండ్రి సుతుడు ప్రాణమిచ్చెనే పాపి కొరకై,missing,,,,https://waytochurch.com/lyrics/song/3463/పరమ-తండ్రి-సుతుడు-ప్రాణమిచ్చెనే-పాపి-కొరకై
3464,దేవ గొర్రెపిల్ల సిలువలో సమసినపుడు పాప పరిహారార్థ ఊట తెరచెన్,missing,,,,https://waytochurch.com/lyrics/song/3464/దేవ-గొర్రెపిల్ల-సిలువలో-సమసినపుడు-పాప-పరిహారార్థ-ఊట-తెరచెన్
3465,రక్తమందు రక్తమందు పాపి నీవు ఆ రక్తమందు నిలిచియున్నావా,missing,,,,https://waytochurch.com/lyrics/song/3465/రక్తమందు-రక్తమందు-పాపి-నీవు-ఆ-రక్తమందు-నిలిచియున్నావా
3466,మహారాజా యేసు నీకే మహిమ కలుగు గాక,missing,,,,https://waytochurch.com/lyrics/song/3466/మహారాజా-యేసు-నీకే-మహిమ-కలుగు-గాక
3467,పరలోక రాజ్యము చేరుటకు ప్రభుయేసే మార్గంబు,missing,,,,https://waytochurch.com/lyrics/song/3467/పరలోక-రాజ్యము-చేరుటకు-ప్రభుయేసే-మార్గంబు
3468,ప్రేమడంకా జగమున వినబడు నాదము,missing,,,,https://waytochurch.com/lyrics/song/3468/ప్రేమడంకా-జగమున-వినబడు-నాదము
3469,జయమని పాడుడి సర్వ జనమా ముక్తిదాత యేసునకు,missing,,,,https://waytochurch.com/lyrics/song/3469/జయమని-పాడుడి-సర్వ-జనమా-ముక్తిదాత-యేసునకు
3470,జగతి కరుదెంచె రక్షణకర్త పాపుల మొర వినెను యేసు,missing,,,,https://waytochurch.com/lyrics/song/3470/జగతి-కరుదెంచె-రక్షణకర్త-పాపుల-మొర-వినెను-యేసు
3471,ధన్య ధన్య యేసు నామము జయజయ ప్రభు నామము,missing,,,,https://waytochurch.com/lyrics/song/3471/ధన్య-ధన్య-యేసు-నామము-జయజయ-ప్రభు-నామము
3472,ఈయన మాట వినుడి నేడు ఈయనే నా ప్రియ కుమారుడు,missing,,,,https://waytochurch.com/lyrics/song/3472/ఈయన-మాట-వినుడి-నేడు-ఈయనే-నా-ప్రియ-కుమారుడు
3473,పాపమునకు జీతము మరణము ఓ పాపి భయపడవా,missing,,,,https://waytochurch.com/lyrics/song/3473/పాపమునకు-జీతము-మరణము-ఓ-పాపి-భయపడవా
3474,యేసురాజువచ్చును ఇంక కొంతకాలమే మోక్షమందు చేరుదుము,in_library_contained,1393,Nibandhanaa Janulam,,https://waytochurch.com/lyrics/song/3474/యేసురాజువచ్చును-ఇంక-కొంతకాలమే-మోక్షమందు-చేరుదుము
3475,పరుగిడిరా సోదరుడా ప్రభు సన్నిధి నీవు జేరుటకై,missing,,,,https://waytochurch.com/lyrics/song/3475/పరుగిడిరా-సోదరుడా-ప్రభు-సన్నిధి-నీవు-జేరుటకై
3476,వినుడి సోదరులారా నా యేసు ప్రభు యిల కేతెంచెన్,missing,,,,https://waytochurch.com/lyrics/song/3476/వినుడి-సోదరులారా-నా-యేసు-ప్రభు-యిల-కేతెంచెన్
3477,రండి రండి రయమున యేసుని రక్షకునిగ నంగీకరించుడి,missing,,,,https://waytochurch.com/lyrics/song/3477/రండి-రండి-రయమున-యేసుని-రక్షకునిగ-నంగీకరించుడి
3478,ఇరుకు మార్గంబులో ప్రవేశించు వారు కొందరే,missing,,,,https://waytochurch.com/lyrics/song/3478/ఇరుకు-మార్గంబులో-ప్రవేశించు-వారు-కొందరే
3479,కృపకాలము దాటిపోవుచున్నది కృపపొందను పరుగిడి రండు వేవేగ,missing,,,,https://waytochurch.com/lyrics/song/3479/కృపకాలము-దాటిపోవుచున్నది-కృపపొందను-పరుగిడి-రండు-వేవేగ
3480,ప్రభు యేసుకే జయమని పాడు పాప పరిహారమును బొంది,missing,,,,https://waytochurch.com/lyrics/song/3480/ప్రభు-యేసుకే-జయమని-పాడు-పాప-పరిహారమును-బొంది
3481,కలువరిలో విముక్తి కలిగెనో ప్రియుండా,missing,,,,https://waytochurch.com/lyrics/song/3481/కలువరిలో-విముక్తి-కలిగెనో-ప్రియుండా
3482,యేసు ప్రభువేగాక వసుధలో రక్షకుడే లేడు,missing,,,,https://waytochurch.com/lyrics/song/3482/యేసు-ప్రభువేగాక-వసుధలో-రక్షకుడే-లేడు
3483,ప్రభు శ్రీ యేసు ప్రభు శ్రీ యేసు జయశాలీ,missing,,,,https://waytochurch.com/lyrics/song/3483/ప్రభు-శ్రీ-యేసు-ప్రభు-శ్రీ-యేసు-జయశాలీ
3484,పరిపూర్ణంబగు గురువు యెవరు ప్రేమతో నిండిన హృదయుండె,missing,,,,https://waytochurch.com/lyrics/song/3484/పరిపూర్ణంబగు-గురువు-యెవరు-ప్రేమతో-నిండిన-హృదయుండె
3485,ప్రజలారా వేగమే రారే నిజదైవమును కనుగొనరే,missing,,,,https://waytochurch.com/lyrics/song/3485/ప్రజలారా-వేగమే-రారే-నిజదైవమును-కనుగొనరే
3486,ప్రేమామృత ధారల చిందిన మన యేసుకు సమమెవరు,missing,,,,https://waytochurch.com/lyrics/song/3486/ప్రేమామృత-ధారల-చిందిన-మన-యేసుకు-సమమెవరు
3487,రమ్మనుచున్నా డేసు రాజు రండి సర్వ జనులారా,missing,,,,https://waytochurch.com/lyrics/song/3487/రమ్మనుచున్నా-డేసు-రాజు-రండి-సర్వ-జనులారా
3488,రండి రండి యేసుని యొద్దకు రమ్మనుచున్నాడు,in_library_exact,556,Randi Randi Yesuni Yoddaku,,https://waytochurch.com/lyrics/song/3488/రండి-రండి-యేసుని-యొద్దకు-రమ్మనుచున్నాడు
3489,రారండి యేసు పాదముల చేర పాప విముక్తి పొంద,missing,,,,https://waytochurch.com/lyrics/song/3489/రారండి-యేసు-పాదముల-చేర-పాప-విముక్తి-పొంద
3490,ఇలలో యేసునకే జయము,missing,,,,https://waytochurch.com/lyrics/song/3490/ఇలలో-యేసునకే-జయము
3491,క్రీస్తే సర్వాధికారి క్రీస్తే అల్ఫా ఒమేగ,missing,,,,https://waytochurch.com/lyrics/song/3491/క్రీస్తే-సర్వాధికారి-క్రీస్తే--అల్ఫా-ఒమేగ
3492,అంధకారలోకమునకు వెలుగునివ్వ ప్రభువు వచ్చెను,missing,,,,https://waytochurch.com/lyrics/song/3492/అంధకారలోకమునకు-వెలుగునివ్వ-ప్రభువు-వచ్చెను
3493,మానవ రూపమును ధరించి అరుదెంచె యేసు ఇహమునకు,missing,,,,https://waytochurch.com/lyrics/song/3493/మానవ-రూపమును-ధరించి-అరుదెంచె-యేసు-ఇహమునకు
3494,సాటి లేనిది యేసుని రక్తము పాపమును కడుగును,missing,,,,https://waytochurch.com/lyrics/song/3494/సాటి-లేనిది-యేసుని-రక్తము-పాపమును-కడుగును
3495,రక్షణ నొసగెడు యేసుని ప్రేమను లక్ష్యము చేయుము ఓ ప్రియుడా,missing,,,,https://waytochurch.com/lyrics/song/3495/రక్షణ-నొసగెడు-యేసుని-ప్రేమను-లక్ష్యము-చేయుము-ఓ-ప్రియుడా
3496,పాపులకొరకు ప్రభుయేసు సిలువలో బలియాయెను,missing,,,,https://waytochurch.com/lyrics/song/3496/పాపులకొరకు-ప్రభుయేసు-సిలువలో-బలియాయెను
3497,దేవుడు లోకమును యెంతో ప్రేమించెను అద్వితీయ కుమారుని అనుగ్రహించెను,missing,,,,https://waytochurch.com/lyrics/song/3497/దేవుడు-లోకమును-యెంతో-ప్రేమించెను-అద్వితీయ-కుమారుని-అనుగ్రహించెను
3498,మాయ లోకము మోసపోకుము యేసునందే రక్షణ దొరుకును నీకు,missing,,,,https://waytochurch.com/lyrics/song/3498/మాయ-లోకము-మోసపోకుము-యేసునందే-రక్షణ-దొరుకును-నీకు
3499,న్యాయపీఠము నీ ముందు వున్నది ధ్యానించిచూడు కూర్చున్న దెవరో,missing,,,,https://waytochurch.com/lyrics/song/3499/న్యాయపీఠము-నీ-ముందు-వున్నది-ధ్యానించిచూడు-కూర్చున్న-దెవరో
3500,మహావైద్యుండు వచ్చెను బ్రజాళి బ్రోచు యేసు,missing,,,,https://waytochurch.com/lyrics/song/3500/మహావైద్యుండు-వచ్చెను-బ్రజాళి-బ్రోచు-యేసు
3501,మాధుర్యంపు నామము మోదమిచ్చుగానము,missing,,,,https://waytochurch.com/lyrics/song/3501/మాధుర్యంపు-నామము-మోదమిచ్చుగానము
3502,శుభవార్త వింటిమి యేసు రక్షించును,missing,,,,https://waytochurch.com/lyrics/song/3502/శుభవార్త-వింటిమి-యేసు-రక్షించును
3503,ఇమ్మానుయేలుని రక్తము నిండిన ఊటయే,missing,,,,https://waytochurch.com/lyrics/song/3503/ఇమ్మానుయేలుని-రక్తము-నిండిన-ఊటయే
3504,హల్లెలూయా యేసువా కల్వరిపైన మృతుడా,missing,,,,https://waytochurch.com/lyrics/song/3504/హల్లెలూయా-యేసువా-కల్వరిపైన-మృతుడా
3505,డాగునేది మాపును వేగయేసు రక్తధారే,missing,,,,https://waytochurch.com/lyrics/song/3505/డాగునేది-మాపును-వేగయేసు-రక్తధారే
3506,హా దివ్య రక్తము ఎంతో యమూల్యము,missing,,,,https://waytochurch.com/lyrics/song/3506/హా-దివ్య-రక్తము-ఎంతో-యమూల్యము
3507,మన ప్రభువైన యేసునందు ఎన్నో దీవెనలు,missing,,,,https://waytochurch.com/lyrics/song/3507/మన-ప్రభువైన-యేసునందు-ఎన్నో-దీవెనలు
3508,నీ జీవితము క్షణభంగురమే ఒక గడియలోనే గతియించెదవు,missing,,,,https://waytochurch.com/lyrics/song/3508/నీ-జీవితము-క్షణభంగురమే-ఒక-గడియలోనే-గతియించెదవు
3509,ఎంతో గొప్ప నిత్యమైన పూర్ణ రక్షణ యిదే,missing,,,,https://waytochurch.com/lyrics/song/3509/ఎంతో-గొప్ప-నిత్యమైన-పూర్ణ-రక్షణ-యిదే
3510,యేసు లేనిచో పాపికాశ్రయమే లేదు,missing,,,,https://waytochurch.com/lyrics/song/3510/యేసు-లేనిచో-పాపికాశ్రయమే-లేదు
3511,మారు మనస్సు పొందుము ప్రభుని రాజ్యము సమీపించెను,missing,,,,https://waytochurch.com/lyrics/song/3511/మారు-మనస్సు-పొందుము-ప్రభుని-రాజ్యము-సమీపించెను
3512,వ్యర్థం వ్యర్థం సర్వము వ్యర్థం నశించు లోకం నాశము తధ్యం,missing,,,,https://waytochurch.com/lyrics/song/3512/వ్యర్థం-వ్యర్థం-సర్వము-వ్యర్థం-నశించు-లోకం-నాశము-తధ్యం
3513,క్రీస్తు ప్రభుకే సకల మహిమ శాశ్వతంబైనది తన రాజ్యం,missing,,,,https://waytochurch.com/lyrics/song/3513/క్రీస్తు-ప్రభుకే-సకల-మహిమ-శాశ్వతంబైనది-తన-రాజ్యం
3514,ఇదియే అనుకూల సమయము నీకు ఘన రక్షణ దినము,missing,,,,https://waytochurch.com/lyrics/song/3514/ఇదియే-అనుకూల-సమయము-నీకు-ఘన-రక్షణ-దినము
3515,ఇదియే సమయంబు రండి యేసుని జేరండి,in_library_exact,1622,Idiye Samayambu Randi,,https://waytochurch.com/lyrics/song/3515/ఇదియే-సమయంబు-రండి-యేసుని-జేరండి
3516,మాయలోక మాయలో నేల ముంగి తిరిగెదవు,missing,,,,https://waytochurch.com/lyrics/song/3516/మాయలోక-మాయలో-నేల-ముంగి-తిరిగెదవు
3517,మరణము వచ్చున్ మరణము వచ్చున్,missing,,,,https://waytochurch.com/lyrics/song/3517/మరణము-వచ్చున్-మరణము-వచ్చున్
3518,వినతి వినతి వినతి త్రియేకునికి,missing,,,,https://waytochurch.com/lyrics/song/3518/వినతి-వినతి-వినతి-త్రియేకునికి
3519,కాలవిలువ నీకు తెలియకపోయిన కన్నీరు కార్చెదవు,missing,,,,https://waytochurch.com/lyrics/song/3519/కాలవిలువ-నీకు-తెలియకపోయిన-కన్నీరు-కార్చెదవు
3520,ప్రభు యేసు పిలుపును ఓ ప్రియుడా పెడచెవిని పెట్టెదవా,missing,,,,https://waytochurch.com/lyrics/song/3520/ప్రభు-యేసు-పిలుపును-ఓ-ప్రియుడా-పెడచెవిని-పెట్టెదవా
3521,ప్రేమతో యేసు పిలుచుచున్నాడు రమ్ము,in_library_exact,427,Prematho Yesu,,https://waytochurch.com/lyrics/song/3521/ప్రేమతో-యేసు-పిలుచుచున్నాడు-రమ్ము
3522,ఇమ్ముగ నీ హృదయము నిమ్ము ఇమ్మనెన్ నీ ప్రభు,missing,,,,https://waytochurch.com/lyrics/song/3522/ఇమ్ముగ-నీ-హృదయము-నిమ్ము-ఇమ్మనెన్-నీ-ప్రభు
3523,ఓపాపి జీవపు యూటకురా పాపభారము తోడరా,missing,,,,https://waytochurch.com/lyrics/song/3523/ఓపాపి-జీవపు-యూటకురా-పాపభారము-తోడరా
3524,తామసము చేయకుము తరుణమును వీడకుము,missing,,,,https://waytochurch.com/lyrics/song/3524/తామసము-చేయకుము-తరుణమును-వీడకుము
3525,గడియ నేను తట్టుచున్నాను,missing,,,,https://waytochurch.com/lyrics/song/3525/గడియ-నేను-తట్టుచున్నాను
3526,యేసు రాజున్ నీ యెదలో వసియింప నీయవా,missing,,,,https://waytochurch.com/lyrics/song/3526/యేసు-రాజున్-నీ-యెదలో-వసియింప-నీయవా
3527,సోదరుడా పాపక్షమకై వేడుమా ప్రభు యేసుని,missing,,,,https://waytochurch.com/lyrics/song/3527/సోదరుడా-పాపక్షమకై-వేడుమా-ప్రభు-యేసుని
3528,యేసు ప్రభువే నీకు రక్షణ నిచ్చును,missing,,,,https://waytochurch.com/lyrics/song/3528/యేసు-ప్రభువే-నీకు-రక్షణ-నిచ్చును
3529,ఓపాపీ సంధించితివా నీ పాప విమోచకుని,missing,,,,https://waytochurch.com/lyrics/song/3529/ఓపాపీ-సంధించితివా-నీ-పాప-విమోచకుని
3530,చూడుము సోదరుడా నీవు నేడే లేచి రక్షణ కొరకై,missing,,,,https://waytochurch.com/lyrics/song/3530/చూడుము-సోదరుడా-నీవు-నేడే-లేచి-రక్షణ-కొరకై
3531,ప్రభుతట్టు కన్ను లెత్తు యేసు తట్టు కన్ను లెత్తు,missing,,,,https://waytochurch.com/lyrics/song/3531/ప్రభుతట్టు-కన్ను-లెత్తు-యేసు-తట్టు-కన్ను-లెత్తు
3532,చూడుము నీవు మేలుకొనుము యేసు వచ్చుచున్నాడు,missing,,,,https://waytochurch.com/lyrics/song/3532/చూడుము-నీవు-మేలుకొనుము-యేసు-వచ్చుచున్నాడు
3533,యేసుని స్వీకరించు క్రీస్తేసుని స్వీకరించు,missing,,,,https://waytochurch.com/lyrics/song/3533/యేసుని-స్వీకరించు-క్రీస్తేసుని-స్వీకరించు
3534,జీవిత మెవ్వరికి నీ జీవిత మెవ్వరికి,missing,,,,https://waytochurch.com/lyrics/song/3534/జీవిత-మెవ్వరికి-నీ-జీవిత-మెవ్వరికి
3535,యేసు నిన్ను పిలచెను వాసిగా స్వరము విను,missing,,,,https://waytochurch.com/lyrics/song/3535/యేసు-నిన్ను-పిలచెను-వాసిగా-స్వరము-విను
3536,చూడుము ఈ క్షణమే కల్వరిని ప్రేమా ప్రభువు నీకై నిలుచుండెను,missing,,,,https://waytochurch.com/lyrics/song/3536/చూడుము-ఈ-క్షణమే-కల్వరిని-ప్రేమా-ప్రభువు-నీకై-నిలుచుండెను
3537,ఎంత పాపినైనను యేసు చేర్చుకొనును,in_library_exact,548,Entha Paapinainanu,,https://waytochurch.com/lyrics/song/3537/ఎంత-పాపినైనను-యేసు-చేర్చుకొనును
3538,హల్లెలూయ హల్లెలూయ ఎంత పాపినైనను,in_library_contained,548,Entha Paapinainanu,,https://waytochurch.com/lyrics/song/3538/హల్లెలూయ-హల్లెలూయ-ఎంత-పాపినైనను
3539,చూచి జీవించు యేసునాథుని గాయములను చూడుము,missing,,,,https://waytochurch.com/lyrics/song/3539/చూచి-జీవించు-యేసునాథుని-గాయములను-చూడుము
3540,యేసునాథుని గాయములను చూడుము నిత్యజీవము పొందెదవు,missing,,,,https://waytochurch.com/lyrics/song/3540/యేసునాథుని-గాయములను-చూడుము-నిత్యజీవము-పొందెదవు
3541,నమ్మిరమ్ము నమ్మిరమ్ము ఇమ్ముగ బ్రతుకుము,missing,,,,https://waytochurch.com/lyrics/song/3541/నమ్మిరమ్ము-నమ్మిరమ్ము-ఇమ్ముగ-బ్రతుకుము
3542,రక్షణంపు వార్తను విని రక్షకుండగు యేసుని,missing,,,,https://waytochurch.com/lyrics/song/3542/రక్షణంపు-వార్తను-విని-రక్షకుండగు-యేసుని
3543,ప్రభుయేసు రమ్మనుచుండె పాపుల నెల్లరిని,missing,,,,https://waytochurch.com/lyrics/song/3543/ప్రభుయేసు-రమ్మనుచుండె-పాపుల-నెల్లరిని
3544,యెరుషలేము గుమ్మములారా రాజును లోనికి రానిమ్ము,missing,,,,https://waytochurch.com/lyrics/song/3544/యెరుషలేము-గుమ్మములారా-రాజును-లోనికి-రానిమ్ము
3545,తెరువు నీ హృదయ ద్వారంబు నేడే ప్రభుయేసునందే రక్షణ కలదు,missing,,,,https://waytochurch.com/lyrics/song/3545/తెరువు-నీ-హృదయ-ద్వారంబు-నేడే-ప్రభుయేసునందే-రక్షణ-కలదు
3546,కృపకాలములో ప్రభుయేసుని అంగీకరించుము ఓ ప్రియుడా,missing,,,,https://waytochurch.com/lyrics/song/3546/కృపకాలములో-ప్రభుయేసుని-అంగీకరించుము-ఓ-ప్రియుడా
3547,క్రీస్తు చెంతకు రమ్ము ప్రియుడా యేసు చెంతకు రమ్ము ప్రియుడా,missing,,,,https://waytochurch.com/lyrics/song/3547/క్రీస్తు-చెంతకు-రమ్ము-ప్రియుడా-యేసు-చెంతకు-రమ్ము-ప్రియుడా
3548,తెరువబడియున్నది కృపద్వారము,missing,,,,https://waytochurch.com/lyrics/song/3548/తెరువబడియున్నది-కృపద్వారము
3549,నా మాట వినుమని ప్రభువనెను నిను రక్షింపను పిలుచు చుండె,missing,,,,https://waytochurch.com/lyrics/song/3549/నా-మాట-వినుమని-ప్రభువనెను-నిను-రక్షింపను-పిలుచు-చుండె
3550,నాదు హృదయపు ద్వారము తెరచెదను యేసు పాపపు రోగికి నీవే గతి,missing,,,,https://waytochurch.com/lyrics/song/3550/నాదు-హృదయపు-ద్వారము-తెరచెదను-యేసు-పాపపు-రోగికి-నీవే-గతి
3551,ప్రియయేసు నిర్మించితివి ప్రియమార నా హృదయం,in_library_exact,416,Priya Yesu Nirminchithivi,,https://waytochurch.com/lyrics/song/3551/ప్రియయేసు-నిర్మించితివి-ప్రియమార-నా-హృదయం
3552,కనికరించి నన్ను రక్షించు మేసయ్యా,missing,,,,https://waytochurch.com/lyrics/song/3552/కనికరించి-నన్ను-రక్షించు-మేసయ్యా
3553,యేసు నా హృదయమునందున నివసించరమ్ము హృదయశుద్ధి నిమ్ము,missing,,,,https://waytochurch.com/lyrics/song/3553/యేసు-నా-హృదయమునందున-నివసించరమ్ము-హృదయశుద్ధి-నిమ్ము
3554,రక్షణ నొసగుము ప్రభువా పాపికి,missing,,,,https://waytochurch.com/lyrics/song/3554/రక్షణ-నొసగుము-ప్రభువా-పాపికి
3555,నేను ఘోరపాపిని చేరి వేడుచుంటిని క్షమించుము,missing,,,,https://waytochurch.com/lyrics/song/3555/నేను-ఘోరపాపిని-చేరి-వేడుచుంటిని-క్షమించుము
3556,ప్రభువా నన్ను కరుణించుము నే ఘోర పాపిని,missing,,,,https://waytochurch.com/lyrics/song/3556/ప్రభువా-నన్ను-కరుణించుము-నే-ఘోర-పాపిని
3557,జీవపుదాత నా హృదయములోనికి రా,missing,,,,https://waytochurch.com/lyrics/song/3557/జీవపుదాత-నా-హృదయములోనికి-రా
3558,విడువవు నన్నిక ఎన్నడైనను పడిపోకుండా కాయురక్షకా,in_library_exact,205,Viduvavu Nannika,,https://waytochurch.com/lyrics/song/3558/విడువవు-నన్నిక-ఎన్నడైనను-పడిపోకుండా-కాయురక్షకా
3559,పాపిని నేను తప్పితి భువిలో రక్షించెడి వారెవరు,missing,,,,https://waytochurch.com/lyrics/song/3559/పాపిని-నేను-తప్పితి-భువిలో-రక్షించెడి-వారెవరు
3560,నేడు నే నారక్షకుని నామదిలో చేర్చుకొన్నాను,missing,,,,https://waytochurch.com/lyrics/song/3560/నేడు-నే-నారక్షకుని-నామదిలో-చేర్చుకొన్నాను
3561,నాకై చీల్చబడ్డయో నాయనంతనగమా,in_library_exact,57,Naakai Cheelchabadda,,https://waytochurch.com/lyrics/song/3561/నాకై-చీల్చబడ్డయో-నాయనంతనగమా
3562,ఓ యేసు రక్షకా నీ పిల్పు విందును కల్వరిపై నా పాపము నివృత్తిచేసితి,missing,,,,https://waytochurch.com/lyrics/song/3562/ఓ-యేసు-రక్షకా-నీ-పిల్పు-విందును-కల్వరిపై-నా-పాపము-నివృత్తిచేసితి
3563,ఉన్నట్టు నేను వచ్చెదన్ పాపినైన నన్ పిల్వగన్,missing,,,,https://waytochurch.com/lyrics/song/3563/ఉన్నట్టు-నేను-వచ్చెదన్-పాపినైన-నన్-పిల్వగన్
3564,ఆకాశము భువిలో నెల్ల యేసు ఉన్నతుడు,missing,,,,https://waytochurch.com/lyrics/song/3564/ఆకాశము-భువిలో-నెల్ల-యేసు-ఉన్నతుడు
3565,నే నమ్ముదు నే నమ్ముదు యేసు నాకై మరణించెనని,missing,,,,https://waytochurch.com/lyrics/song/3565/నే-నమ్ముదు-నే-నమ్ముదు-యేసు-నాకై-మరణించెనని
3566,పాపభారము దుష్టగుణ సమేతుండనై దుఃఖనష్ట దౌర్జన్యముతో నుండ,missing,,,,https://waytochurch.com/lyrics/song/3566/పాపభారము-దుష్టగుణ-సమేతుండనై-దుఃఖనష్ట-దౌర్జన్యముతో-నుండ
3567,సిల్వలో సిల్వలో పాపమెల్ల బోయె సిల్వయందున,missing,,,,https://waytochurch.com/lyrics/song/3567/సిల్వలో-సిల్వలో-పాపమెల్ల-బోయె-సిల్వయందున
3568,దయగలయేసు పాపికాశ్రయుడా ప్రియ ప్రభు ద్రోహిని కరుణించుము,missing,,,,https://waytochurch.com/lyrics/song/3568/దయగలయేసు-పాపికాశ్రయుడా-ప్రియ-ప్రభు-ద్రోహిని-కరుణించుము
3569,సంఘమొక్కటే సార్వత్రిక సంఘమనెడి సంఘ మొక్కటే,missing,,,,https://waytochurch.com/lyrics/song/3569/సంఘమొక్కటే-సార్వత్రిక-సంఘమనెడి-సంఘ-మొక్కటే
3570,పరిశుద్ధ శ్రీ యేసువే పరలోకరాజు,missing,,,,https://waytochurch.com/lyrics/song/3570/పరిశుద్ధ-శ్రీ-యేసువే-పరలోకరాజు
3571,జయించువాడు దేవకుమారుడు భయము చెందక యుండుడి,missing,,,,https://waytochurch.com/lyrics/song/3571/జయించువాడు-దేవకుమారుడు-భయము-చెందక-యుండుడి
3572,సీయోనుపట్టణమా సువర్ణ నగరమా మహిమాపురమా మహా భాగ్యము నీదే,missing,,,,https://waytochurch.com/lyrics/song/3572/సీయోనుపట్టణమా-సువర్ణ-నగరమా--మహిమాపురమా-మహా-భాగ్యము-నీదే
3573,సీయోను పురమా సర్వోన్నతుని శృంగారపురమా సీయోనుపురమా,missing,,,,https://waytochurch.com/lyrics/song/3573/సీయోను-పురమా-సర్వోన్నతుని-శృంగారపురమా-సీయోనుపురమా
3574,ప్రభుయేసు సంఘము నిర్మించుచుండ గర్విసాతాను జయమొంద లేడు,missing,,,,https://waytochurch.com/lyrics/song/3574/ప్రభుయేసు-సంఘము-నిర్మించుచుండ-గర్విసాతాను-జయమొంద-లేడు
3575,భక్తుల సంఘమే ప్రభుని శరీరము అందాయన తన పూర్ణత నింపును,missing,,,,https://waytochurch.com/lyrics/song/3575/భక్తుల-సంఘమే-ప్రభుని-శరీరము-అందాయన-తన-పూర్ణత-నింపును
3576,సంతసిల్లును మీ హృదయాలు సీయోను మహిమజూచి,missing,,,,https://waytochurch.com/lyrics/song/3576/సంతసిల్లును-మీ-హృదయాలు-సీయోను-మహిమజూచి
3577,శక్తిగల షాలేమురాజా షారోను రోజా స్తుతియించెదము యేసు,missing,,,,https://waytochurch.com/lyrics/song/3577/శక్తిగల-షాలేమురాజా-షారోను-రోజా-స్తుతియించెదము-యేసు
3578,దైవదర్శనమున యాకోబు దివ్యముగను చూచి,missing,,,,https://waytochurch.com/lyrics/song/3578/దైవదర్శనమున-యాకోబు-దివ్యముగను-చూచి
3579,ఇమ్ముగ నీ సుదినంబు నుండి మిమ్ము నాశీర్వాదించెదను పొమ్మనిన ఓ మా ప్రభువా,missing,,,,https://waytochurch.com/lyrics/song/3579/ఇమ్ముగ-నీ-సుదినంబు-నుండి-మిమ్ము-నాశీర్వాదించెదను-పొమ్మనిన-ఓ-మా-ప్రభువా
3580,సర్వ శక్తుని వాక్కు ఇదియే సమస్తమును మీవే,missing,,,,https://waytochurch.com/lyrics/song/3580/సర్వ-శక్తుని-వాక్కు-ఇదియే-సమస్తమును-మీవే
3581,సీయోను వాసులారా సకల వాగ్దానములు మనవాయెను,missing,,,,https://waytochurch.com/lyrics/song/3581/సీయోను-వాసులారా-సకల-వాగ్దానములు-మనవాయెను
3582,గొఱ్ఱెపిల్ల వివాహోత్సవ సమయము వచ్చెను రండి,in_library_exact,1266,Gorrepilla Vivaahothsava,,https://waytochurch.com/lyrics/song/3582/గొఱ్ఱెపిల్ల-వివాహోత్సవ-సమయము-వచ్చెను-రండి
3583,ఆత్మ మందిరమును ప్రభు కట్టుచున్నాడు ఆత్మ నియమముతో నిర్మించున్,missing,,,,https://waytochurch.com/lyrics/song/3583/ఆత్మ-మందిరమును-ప్రభు-కట్టుచున్నాడు-ఆత్మ-నియమముతో-నిర్మించున్
3584,ప్రభు దయచేయు నిత్య దీవెనలు బెరాకాలో చూతురు,missing,,,,https://waytochurch.com/lyrics/song/3584/ప్రభు-దయచేయు-నిత్య-దీవెనలు-బెరాకాలో-చూతురు
3585,నిర్మింపబడితిమి మనము దైవగృహముగా తన కృపచే స్థిరపరచబడితిమి,missing,,,,https://waytochurch.com/lyrics/song/3585/నిర్మింపబడితిమి-మనము-దైవగృహముగా-తన-కృపచే-స్థిరపరచబడితిమి
3586,నాయాత్మ లంగరువేయ సుస్థిర భూమి చిక్కెను,missing,,,,https://waytochurch.com/lyrics/song/3586/నాయాత్మ-లంగరువేయ-సుస్థిర-భూమి-చిక్కెను
3587,జీవితంబు ఘోర కష్టనష్టముల్ ఆవరించి నిన్ను దుఃఖపర్చిన,missing,,,,https://waytochurch.com/lyrics/song/3587/జీవితంబు-ఘోర-కష్టనష్టముల్-ఆవరించి-నిన్ను-దుఃఖపర్చిన
3588,ఎంచుము లెక్కించు మీవులన్ ఎంచి చూడు మేసు దీవెనల్,missing,,,,https://waytochurch.com/lyrics/song/3588/ఎంచుము-లెక్కించు-మీవులన్-ఎంచి-చూడు-మేసు-దీవెనల్
3589,ఆయన నన్ను నడుపునను ఆలోచనే నా కాధారం,missing,,,,https://waytochurch.com/lyrics/song/3589/ఆయన-నన్ను-నడుపునను-ఆలోచనే-నా-కాధారం
3592,నడ్పుమా మహా యెహోవా లోకయాత్ర యందున,missing,,,,https://waytochurch.com/lyrics/song/3592/నడ్పుమా-మహా-యెహోవా-లోకయాత్ర-యందున
3593,యేసు మమ్ము నడిపించు నీదు కాపు కావలెన్,missing,,,,https://waytochurch.com/lyrics/song/3593/యేసు-మమ్ము-నడిపించు-నీదు-కాపు-కావలెన్
3594,నీ చెంతకో ప్రభో నే జేరెదన్ కష్టంబు లేచినన్ నిన్ జేరెద,missing,,,,https://waytochurch.com/lyrics/song/3594/నీ-చెంతకో-ప్రభో-నే-జేరెదన్-కష్టంబు-లేచినన్-నిన్-జేరెద
3595,పూర్వమాశీర్వాదము నేడు శ్రీయేసే మున్ను నా యాలోచన నేడు తనమాట,missing,,,,https://waytochurch.com/lyrics/song/3595/పూర్వమాశీర్వాదము-నేడు-శ్రీయేసే-మున్ను-నా-యాలోచన-నేడు-తనమాట
3596,సర్వములో సర్వదా యేసునే పాడెద యేసులో సమస్తము సమస్తము యేసే,missing,,,,https://waytochurch.com/lyrics/song/3596/సర్వములో-సర్వదా-యేసునే-పాడెద-యేసులో-సమస్తము-సమస్తము-యేసే
3597,యేసూ ఆత్మ ప్రియుడా నిన్ను నాశ్రయించితి,missing,,,,https://waytochurch.com/lyrics/song/3597/యేసూ-ఆత్మ-ప్రియుడా-నిన్ను-నాశ్రయించితి
3598,నా ప్రేమరాజు కాపరి నన్నెంతో ప్రేమించును,missing,,,,https://waytochurch.com/lyrics/song/3598/నా-ప్రేమరాజు-కాపరి-నన్నెంతో-ప్రేమించును
3599,దైవ ప్రేమ పృథ్విలోని యన్నిటిని మించును,missing,,,,https://waytochurch.com/lyrics/song/3599/దైవ-ప్రేమ-పృథ్విలోని-యన్నిటిని-మించును
3600,ఇమ్ముగ నడిపించితివి నెమ్మదిగల ఈ స్థలమునకు ప్రభో,missing,,,,https://waytochurch.com/lyrics/song/3600/ఇమ్ముగ-నడిపించితివి-నెమ్మదిగల-ఈ-స్థలమునకు-ప్రభో
3601,ఆనంద మహానందం ప్రభువే మనకానందం,missing,,,,https://waytochurch.com/lyrics/song/3601/ఆనంద-మహానందం-ప్రభువే-మనకానందం
3602,మీరు బహుగా ఫలించినచో మహిమ కలుగును తండ్రికి,in_library_exact,976,Meeru Bahugaa Phalinchinacho,,https://waytochurch.com/lyrics/song/3602/మీరు-బహుగా-ఫలించినచో-మహిమ-కలుగును-తండ్రికి
3603,మేల్కొనుమా మేల్కొనుమా యేసే నుడివెను ఓ ప్రియుడా,missing,,,,https://waytochurch.com/lyrics/song/3603/మేల్కొనుమా-మేల్కొనుమా-యేసే-నుడివెను-ఓ-ప్రియుడా
3604,అద్భుత దీవెనలు ప్రభువా కుమ్మరించితివి,missing,,,,https://waytochurch.com/lyrics/song/3604/అద్భుత-దీవెనలు-ప్రభువా-కుమ్మరించితివి
3605,క్రీస్తుని చూచుచు సాగివెళ్ళెదను సీయోను యాత్రలో,missing,,,,https://waytochurch.com/lyrics/song/3605/క్రీస్తుని-చూచుచు-సాగివెళ్ళెదను-సీయోను-యాత్రలో
3606,ఎంతో సుందర జీవితము మహిమతో నిండినది,missing,,,,https://waytochurch.com/lyrics/song/3606/ఎంతో-సుందర-జీవితము-మహిమతో-నిండినది
3607,వెళ్ళెదము కూడి వెళ్ళెదము శ్రేష్ఠ దేశమును చేరుటకు,missing,,,,https://waytochurch.com/lyrics/song/3607/వెళ్ళెదము-కూడి-వెళ్ళెదము-శ్రేష్ఠ-దేశమును-చేరుటకు
3608,ఓ ప్రభువా నే దారి తొలగితి నీ శరణు జొచ్చితిని,missing,,,,https://waytochurch.com/lyrics/song/3608/ఓ-ప్రభువా-నే-దారి-తొలగితి-నీ-శరణు-జొచ్చితిని
3609,ప్రభుయేసు నా రక్షకా నొసగు కన్నులు నాకు,in_library_exact,663,Prabhu Yesu Naa Rakshakaa,,https://waytochurch.com/lyrics/song/3609/ప్రభుయేసు-నా-రక్షకా-నొసగు-కన్నులు-నాకు
3610,ఓ సర్వశక్తుడా నా సత్యదేవుడా సర్వదా నిను నే స్మరియింతును,missing,,,,https://waytochurch.com/lyrics/song/3610/ఓ-సర్వశక్తుడా-నా-సత్యదేవుడా-సర్వదా-నిను-నే-స్మరియింతును
3611,నీతిమంతుల ప్రార్థన దేవుడాలకించును,missing,,,,https://waytochurch.com/lyrics/song/3611/నీతిమంతుల-ప్రార్థన-దేవుడాలకించును
3612,చెట్లులేని మెట్టలందు నదుల పారజేయు దేవా,missing,,,,https://waytochurch.com/lyrics/song/3612/చెట్లులేని-మెట్టలందు-నదుల-పారజేయు-దేవా
3613,దేవుని ప్రార్థించెదము దైవ పుత్రుని నామమందు,missing,,,,https://waytochurch.com/lyrics/song/3613/దేవుని-ప్రార్థించెదము-దైవ-పుత్రుని-నామమందు
3614,ఆకాశ మహా కాశంబులు పట్టని ఆశ్చర్యకరుడా,in_library_exact,96,Aakaasha Mahaakaashambulu,,https://waytochurch.com/lyrics/song/3614/ఆకాశ-మహా-కాశంబులు-పట్టని-ఆశ్చర్యకరుడా
3615,ప్రభువా పరలోక జీవాగ్ని నిమ్ము పరిపూర్ణముగా జీవము నిమ్ము,missing,,,,https://waytochurch.com/lyrics/song/3615/ప్రభువా-పరలోక-జీవాగ్ని-నిమ్ము-పరిపూర్ణముగా-జీవము-నిమ్ము
3616,పరిశుద్ధ అగ్నిని పంపు దేవా రాజిల్లి వ్యాపింపజేయు దేవా,missing,,,,https://waytochurch.com/lyrics/song/3616/పరిశుద్ధ-అగ్నిని-పంపు-దేవా-రాజిల్లి-వ్యాపింపజేయు-దేవా
3617,పరిశుద్ధ పరిశుద్ధ ప్రభుయేసు రమ్ము మాకు నేడే నీ దీవెనలిమ్ము,missing,,,,https://waytochurch.com/lyrics/song/3617/పరిశుద్ధ-పరిశుద్ధ-ప్రభుయేసు-రమ్ము-మాకు-నేడే-నీ-దీవెనలిమ్ము
3618,నీ వాత్మ యుద్ధములో జయ మొందుము,missing,,,,https://waytochurch.com/lyrics/song/3618/నీ-వాత్మ-యుద్ధములో-జయ-మొందుము
3619,పరమాశీర్వాదము కోరి పరలోక పితా అరుదెంచితిమి,missing,,,,https://waytochurch.com/lyrics/song/3619/పరమాశీర్వాదము-కోరి-పరలోక-పితా-అరుదెంచితిమి
3620,శుద్ధ ఆత్మ దిగిరమ్ము మా పై వేగమే శుద్ధి యేసు నీ ఈవుల మాకీయుమా,missing,,,,https://waytochurch.com/lyrics/song/3620/శుద్ధ-ఆత్మ-దిగిరమ్ము-మా-పై-వేగమే-శుద్ధి-యేసు-నీ-ఈవుల-మాకీయుమా
3621,యెహోవాయే ఆశ్చర్య కార్యములను చేసియున్నాడు,missing,,,,https://waytochurch.com/lyrics/song/3621/యెహోవాయే-ఆశ్చర్య-కార్యములను-చేసియున్నాడు
3622,నింపుమో ప్రభు నన్ను సర్వ సంసంపూర్ణతతోను నన్ను,missing,,,,https://waytochurch.com/lyrics/song/3622/నింపుమో-ప్రభు-నన్ను-సర్వ-సంసంపూర్ణతతోను-నన్ను
3623,దేవా నిన్ను నేను విడువను నన్ను దీవించు వరకు,missing,,,,https://waytochurch.com/lyrics/song/3623/దేవా-నిన్ను-నేను-విడువను-నన్ను-దీవించు-వరకు
3624,కరుణించి తిరిగి సమకూర్చు ప్రభువా క్షమాపణ నిన్ను వేడుచున్నాను,in_library_exact,69,Karuninchi Thirigi Samakoorchu,,https://waytochurch.com/lyrics/song/3624/కరుణించి-తిరిగి-సమకూర్చు-ప్రభువా-క్షమాపణ-నిన్ను-వేడుచున్నాను
3625,మా మొర నాలకించుము మహారాజ యేసు ప్రభువా,missing,,,,https://waytochurch.com/lyrics/song/3625/మా-మొర-నాలకించుము-మహారాజ-యేసు-ప్రభువా
3626,ఆత్మ దీపమును వెలిగించు యేసు ప్రభో ఆత్మ దీపమును,in_library_prefix,1449,Aathma Deepamunu,0.826,https://waytochurch.com/lyrics/song/3626/ఆత్మ-దీపమును-వెలిగించు-యేసు-ప్రభో-ఆత్మ-దీపమును
3627,ప్రభువా నీ కార్యమును నూతన పరచుము మాలో,missing,,,,https://waytochurch.com/lyrics/song/3627/ప్రభువా-నీ-కార్యమును-నూతన-పరచుము-మాలో
3628,ఓ ప్రభువా ఉజ్జీవము నిమ్ము విరిగిన మనస్సుతో నే వేడెదను,missing,,,,https://waytochurch.com/lyrics/song/3628/ఓ-ప్రభువా-ఉజ్జీవము-నిమ్ము-విరిగిన-మనస్సుతో-నే-వేడెదను
3629,పరమతండ్రి కరములెత్తి స్తుతుల నర్పింతుము,missing,,,,https://waytochurch.com/lyrics/song/3629/పరమతండ్రి-కరములెత్తి-స్తుతుల-నర్పింతుము
3630,నింపుము ఓ ప్రభువా సర్వ సంపూర్ణతతో,missing,,,,https://waytochurch.com/lyrics/song/3630/నింపుము-ఓ-ప్రభువా-సర్వ-సంపూర్ణతతో
3631,వెలుగిచ్చి నాకు మార్గము చూపు వెలిగించి నా మది ప్రియ యేసు,missing,,,,https://waytochurch.com/lyrics/song/3631/వెలుగిచ్చి-నాకు-మార్గము-చూపు-వెలిగించి-నా-మది-ప్రియ-యేసు
3632,ప్రభు కుమ్మరించు ప్రభు కుమ్మరించు దీవెనల వర్షము కుమ్మరించుము,missing,,,,https://waytochurch.com/lyrics/song/3632/ప్రభు-కుమ్మరించు-ప్రభు-కుమ్మరించు-దీవెనల-వర్షము-కుమ్మరించుము
3633,కరుణించుము నా యేసువా కనికరమందైశ్వర్యుడా,missing,,,,https://waytochurch.com/lyrics/song/3633/కరుణించుము-నా-యేసువా-కనికరమందైశ్వర్యుడా
3634,నీ పాద సన్నిధికి కృపామయ యేసయ్యా,in_library_exact,1025,Nee Paada Sannidhiki,,https://waytochurch.com/lyrics/song/3634/నీ-పాద-సన్నిధికి-కృపామయ-యేసయ్యా
3635,అడుగుడి మీరు మన ప్రభువిచ్చున్ తప్పక యిచ్చున్,missing,,,,https://waytochurch.com/lyrics/song/3635/అడుగుడి-మీరు-మన-ప్రభువిచ్చున్-తప్పక-యిచ్చున్
3636,వెళ్ళెదము మరి ధైర్యముతో కృపాసనము చేరను,missing,,,,https://waytochurch.com/lyrics/song/3636/వెళ్ళెదము-మరి-ధైర్యముతో-కృపాసనము-చేరను
3637,ప్రభువా పంపు వర్షమును నీ వాగ్దానములు స్థిరపరచి,missing,,,,https://waytochurch.com/lyrics/song/3637/ప్రభువా-పంపు-వర్షమును-నీ-వాగ్దానములు-స్థిరపరచి
3638,ఓ కరుణానిధీ మహా ప్రభుయేసు నీవే సింహాసనాసీనుడవైతివి,missing,,,,https://waytochurch.com/lyrics/song/3638/ఓ-కరుణానిధీ-మహా-ప్రభుయేసు-నీవే-సింహాసనాసీనుడవైతివి
3639,యేసు యేసు మొఱ్ఱనాలించు,missing,,,,https://waytochurch.com/lyrics/song/3639/యేసు-యేసు-మొఱ్ఱనాలించు
3640,రక్షకా నన్ మర్వబోకు మొఱ్ఱనాలించు,missing,,,,https://waytochurch.com/lyrics/song/3640/రక్షకా-నన్-మర్వబోకు-మొఱ్ఱనాలించు
3641,జీవంపు జలనదులు ఉచిత జీవనది,missing,,,,https://waytochurch.com/lyrics/song/3641/జీవంపు-జలనదులు-ఉచిత-జీవనది
3642,గద్దియలో నుండి పారు జీవపు నదినీరు,missing,,,,https://waytochurch.com/lyrics/song/3642/గద్దియలో-నుండి-పారు-జీవపు-నదినీరు
3644,ఆశీర్వాదంబుల్మామీద వర్షింపజేయు మీశ,in_library_exact,1482,Aasheervaadambul Maa Meeda,,https://waytochurch.com/lyrics/song/3644/ఆశీర్వాదంబుల్మామీద-వర్షింపజేయు-మీశ
3645,ఇమ్మహి మీద గ్రుమ్మరించుము దేవా,missing,,,,https://waytochurch.com/lyrics/song/3645/ఇమ్మహి-మీద-గ్రుమ్మరించుము-దేవా
3646,ప్రీతిగల మన యేసు ఎంతో గొప్ప మిత్రుడు,in_library_fuzzy,1134,Preethigala Mana Yesu,0.882,https://waytochurch.com/lyrics/song/3646/ప్రీతిగల-మన-యేసు-ఎంతో-గొప్ప-మిత్రుడు
3647,జీవింపచేయుము నమ్మి ప్రార్థింతుము,missing,,,,https://waytochurch.com/lyrics/song/3647/జీవింపచేయుము-నమ్మి-ప్రార్థింతుము
3648,సర్వశక్తి యుతుడా సభకు శిరస్సా,missing,,,,https://waytochurch.com/lyrics/song/3648/సర్వశక్తి-యుతుడా-సభకు-శిరస్సా
3649,ఓ ప్రార్థనా సు ప్రార్థనా నీ ప్రాభవంబున్ మరతునా,missing,,,,https://waytochurch.com/lyrics/song/3649/ఓ-ప్రార్థనా-సు-ప్రార్థనా--నీ-ప్రాభవంబున్-మరతునా
3650,ఒక్కొక్క గంట నేను నిన్నాశించుకొందు,missing,,,,https://waytochurch.com/lyrics/song/3650/ఒక్కొక్క-గంట-నేను-నిన్నాశించుకొందు
3651,యేసూ నా ప్రభువా నీ ప్రేమ లేకున్న,missing,,,,https://waytochurch.com/lyrics/song/3651/యేసూ-నా-ప్రభువా-నీ-ప్రేమ-లేకున్న
3652,విసుగకుండా నిత్యము ప్రార్థించ వలెనని,missing,,,,https://waytochurch.com/lyrics/song/3652/విసుగకుండా-నిత్యము-ప్రార్థించ-వలెనని
3653,నీ సన్నిధి చేరితిమి ప్రభువా ప్రార్థన వినుమా,missing,,,,https://waytochurch.com/lyrics/song/3653/నీ-సన్నిధి-చేరితిమి-ప్రభువా-ప్రార్థన-వినుమా
3654,గుణవంతురాలైన ఘనమైన స్త్రీయే గొప్పది యెంతో వెలగల ముత్యము కన్న,missing,,,,https://waytochurch.com/lyrics/song/3654/గుణవంతురాలైన-ఘనమైన-స్త్రీయే-గొప్పది-యెంతో-వెలగల-ముత్యము-కన్న
3655,జీవిత తృష్ణలను నాదు తీర్చుమయ్యా ప్రియ యేసునాథా,missing,,,,https://waytochurch.com/lyrics/song/3655/జీవిత-తృష్ణలను-నాదు-తీర్చుమయ్యా-ప్రియ-యేసునాథా
3656,ఓ యెహోవా నీవే నన్ను శోధించి యెరిగితివి,missing,,,,https://waytochurch.com/lyrics/song/3656/ఓ-యెహోవా-నీవే-నన్ను-శోధించి-యెరిగితివి
3657,ఆహా యేమానందం ఆహా యేమానందము చెప్పశక్యమా,in_library_exact,137,Aahaa Yemaanandam,,https://waytochurch.com/lyrics/song/3657/ఆహా-యేమానందం-ఆహా-యేమానందము-చెప్పశక్యమా
3658,కృప కనికరముల మా దేవా కృతజ్ఞతనర్పింతు,in_library_exact,1164,Krupa Kanikaramula,,https://waytochurch.com/lyrics/song/3658/కృప-కనికరముల-మా-దేవా-కృతజ్ఞతనర్పింతు
3659,అమూల్యరక్తము ద్వారారక్షణపొందిన జనులారా,in_library_exact,739,Amoolya Rakthamu Dwaaraa,,https://waytochurch.com/lyrics/song/3659/అమూల్యరక్తము-ద్వారారక్షణపొందిన-జనులారా
3660,పాప సముద్రమందు పగిలె నా హృదయనావ,missing,,,,https://waytochurch.com/lyrics/song/3660/పాప-సముద్రమందు-పగిలె-నా-హృదయనావ
3661,నీలి గగనాన వెలిగే తారల బోలి లోకాన వెలుగుదం,missing,,,,https://waytochurch.com/lyrics/song/3661/నీలి-గగనాన-వెలిగే-తారల-బోలి-లోకాన-వెలుగుదం
3662,విశ్వాస సహితముగను ప్రకటించుడి యేసుని,missing,,,,https://waytochurch.com/lyrics/song/3662/విశ్వాస-సహితముగను-ప్రకటించుడి-యేసుని
3663,జీవించుచున్నాడు యేసుప్రభు నా హృదయములో నున్నాడు,missing,,,,https://waytochurch.com/lyrics/song/3663/జీవించుచున్నాడు-యేసుప్రభు-నా-హృదయములో-నున్నాడు
3664,నా పాపములను క్షమించెన్ ప్రభు నా నేత్రములను వెలిగించెన్,missing,,,,https://waytochurch.com/lyrics/song/3664/నా-పాపములను-క్షమించెన్-ప్రభు-నా-నేత్రములను-వెలిగించెన్
3665,నా సంకట దుఃఖములెల్ల తీరిపోయెగా నశింపజేయు దూత నన్ను దాటిపోయెను,in_library_contained,171,Naa Sankata Dukhamulella,,https://waytochurch.com/lyrics/song/3665/నా-సంకట-దుఃఖములెల్ల-తీరిపోయెగా-నశింపజేయు-దూత-నన్ను-దాటిపోయెను
3666,రక్షణ ఔన్నత్యము రక్షకుడే తెలుపును పర్వత శిఖర శ్రేణులవలెనే నిశ్చలమైనది,in_library_exact,1589,Rakshana Aunnathyamu,,https://waytochurch.com/lyrics/song/3666/రక్షణ-ఔన్నత్యము-రక్షకుడే-తెలుపును-పర్వత-శిఖర-శ్రేణులవలెనే-నిశ్చలమైనది
3667,యేసు చాలును యేసు చాలును యే సమయమైన,in_library_contained,549,Parama Jeevamu,,https://waytochurch.com/lyrics/song/3667/యేసు-చాలును-యేసు-చాలును-యే-సమయమైన
3668,పరమ జీవము నాకు నివ్వ తిరిగి లేచెను నాతోనుండా,in_library_exact,549,Parama Jeevamu,,https://waytochurch.com/lyrics/song/3668/పరమ-జీవము-నాకు-నివ్వ-తిరిగి-లేచెను-నాతోనుండా
3669,నాహృదయము వింతగ మారెను,in_library_contained,821,Santhoshame Samaadhaaname,,https://waytochurch.com/lyrics/song/3669/నాహృదయము-వింతగ-మారెను
3670,సంతోషమే సమాధానమే,in_library_exact,821,Santhoshame Samaadhaaname,,https://waytochurch.com/lyrics/song/3670/సంతోషమే-సమాధానమే
3671,భాగ్యమౌ దినము ప్రభున్ గైకొన్న దినము,missing,,,,https://waytochurch.com/lyrics/song/3671/భాగ్యమౌ-దినము-ప్రభున్-గైకొన్న-దినము
3672,హాయానంద సుదినము నా యేసున్ నమ్ముదినము,missing,,,,https://waytochurch.com/lyrics/song/3672/హాయానంద-సుదినము-నా-యేసున్-నమ్ముదినము
3673,పదివేలలో ప్రియుని చూచి తెలిసికొంటివా,missing,,,,https://waytochurch.com/lyrics/song/3673/పదివేలలో-ప్రియుని-చూచి-తెలిసికొంటివా
3675,పరము దిగెను మహిమ నిండెనాలో సిలువ యొద్ద స్వస్థత కలిగెను,missing,,,,https://waytochurch.com/lyrics/song/3675/పరము-దిగెను-మహిమ-నిండెనాలో-సిలువ-యొద్ద-స్వస్థత-కలిగెను
3676,హా ఎంత అద్భుతాశ్చర్య దినము ఎన్నడు మరువని దినం,missing,,,,https://waytochurch.com/lyrics/song/3676/హా-ఎంత-అద్భుతాశ్చర్య-దినము-ఎన్నడు-మరువని-దినం
3677,మాకనుగ్రహించిన దైవ వాక్యములచే మా మనోనేత్రములు వెలిగింపుమయ్యా,missing,,,,https://waytochurch.com/lyrics/song/3677/మాకనుగ్రహించిన-దైవ-వాక్యములచే-మా-మనోనేత్రములు-వెలిగింపుమయ్యా
3678,సువార్తను చాటింప సుసమయంబిది యేను,missing,,,,https://waytochurch.com/lyrics/song/3678/సువార్తను-చాటింప-సుసమయంబిది-యేను
3679,లెమ్ము తేజరిల్లుము నీకు వెలుగు వచ్చి యున్నది,in_library_exact,947,Lemmu Thejarillumu Neeku,,https://waytochurch.com/lyrics/song/3679/లెమ్ము-తేజరిల్లుము-నీకు-వెలుగు-వచ్చి-యున్నది
3680,సిలువ వీరులు మీరే చెలువుగ చనుడి,missing,,,,https://waytochurch.com/lyrics/song/3680/సిలువ-వీరులు-మీరే-చెలువుగ-చనుడి
3681,తమ దేవునెరుగువారు చేసెదరు శక్తితో గొప్ప కార్యములు,in_library_exact,1630,Thama Devuneruguvaaru,,https://waytochurch.com/lyrics/song/3681/తమ-దేవునెరుగువారు-చేసెదరు-శక్తితో-గొప్ప-కార్యములు
3682,సిలువను మోసి ఈలోకమును తలక్రిందులు చేయు తరుణమిదే,missing,,,,https://waytochurch.com/lyrics/song/3682/సిలువను-మోసి-ఈలోకమును-తలక్రిందులు-చేయు-తరుణమిదే
3683,కరుణన్ ఏర్పరచితివి సైన్యముల యెహోవ నన్,missing,,,,https://waytochurch.com/lyrics/song/3683/కరుణన్-ఏర్పరచితివి-సైన్యముల-యెహోవ-నన్
3684,లోకమునకు నన్ను దేవా నా దేవా ఉప్పుగా జేసితివి,missing,,,,https://waytochurch.com/lyrics/song/3684/లోకమునకు-నన్ను-దేవా-నా-దేవా-ఉప్పుగా-జేసితివి
3685,లేలెమ్ము సోదరీ సోదరుడా రక్షకుడేసుని సేవింప,missing,,,,https://waytochurch.com/lyrics/song/3685/లేలెమ్ము-సోదరీ-సోదరుడా-రక్షకుడేసుని-సేవింప
3686,జై జై జై జై యేసు ప్రభు మాకై రానున్న ప్రభువా,missing,,,,https://waytochurch.com/lyrics/song/3686/జై-జై-జై-జై-యేసు-ప్రభు-మాకై-రానున్న-ప్రభువా
3687,లేలెమ్ము సోదరీ సోదరుడా వేళాయె యేసుని సేవింపను,missing,,,,https://waytochurch.com/lyrics/song/3687/లేలెమ్ము-సోదరీ-సోదరుడా-వేళాయె-యేసుని-సేవింపను
3688,ప్రియుడా ప్రభు యేసునకు నీ వీనుల నిమ్ము,missing,,,,https://waytochurch.com/lyrics/song/3688/ప్రియుడా-ప్రభు-యేసునకు-నీ-వీనుల-నిమ్ము
3689,ఆలకింతును ఆ పిలుపును సేవించెదను దేవుని,missing,,,,https://waytochurch.com/lyrics/song/3689/ఆలకింతును-ఆ-పిలుపును-సేవించెదను-దేవుని
3690,మేల్కొనుము ఓ కావలి యేసుని యోధుడవు,missing,,,,https://waytochurch.com/lyrics/song/3690/మేల్కొనుము-ఓ-కావలి-యేసుని-యోధుడవు
3691,చీకటి కాలము వచ్చుచుండె కృపకాలము నుపయోగించు,missing,,,,https://waytochurch.com/lyrics/song/3691/చీకటి-కాలము-వచ్చుచుండె-కృపకాలము-నుపయోగించు
3692,నీ ప్రియ ప్రభుని సేవకై అర్పించుకో నీవే,in_library_exact,1104,Nee Priya Prabhuni Sevakai,,https://waytochurch.com/lyrics/song/3692/నీ-ప్రియ-ప్రభుని-సేవకై-అర్పించుకో-నీవే
3693,యేసు క్రీస్తుని మంచి శిష్యులముగా విశ్వాసముతో సాగెదము,in_library_exact,1627,Yesu Kreesthuni Manchi Shishyulamugaa,,https://waytochurch.com/lyrics/song/3693/యేసు-క్రీస్తుని-మంచి-శిష్యులముగా-విశ్వాసముతో-సాగెదము
3694,మందలో చేరని గొఱ్ఱెలెన్నో కోట్లకొలదిగా కలవు యిల,missing,,,,https://waytochurch.com/lyrics/song/3694/మందలో-చేరని-గొఱ్ఱెలెన్నో-కోట్లకొలదిగా-కలవు-యిల
3695,జాగ్రత్త జాగ్రత్త యేసుడిట్లు పిల్చున్,missing,,,,https://waytochurch.com/lyrics/song/3695/జాగ్రత్త-జాగ్రత్త-యేసుడిట్లు-పిల్చున్
3698,రేపు మాపు గూడ రమ్యమైన గింజల్,missing,,,,https://waytochurch.com/lyrics/song/3698/రేపు-మాపు-గూడ-రమ్యమైన-గింజల్
3700,ఒడ్డుచేరి నీ యెదుట నిల్చునప్డు రక్షకా,missing,,,,https://waytochurch.com/lyrics/song/3700/ఒడ్డుచేరి-నీ-యెదుట-నిల్చునప్డు-రక్షకా
3701,ఏర్పరచిన పాత్రను రాజాధి రాజుకు,missing,,,,https://waytochurch.com/lyrics/song/3701/ఏర్పరచిన-పాత్రను-రాజాధి-రాజుకు
3703,యెహోవా నీ కృపాతిశయమును నిత్యము కీర్తింతున్,missing,,,,https://waytochurch.com/lyrics/song/3703/యెహోవా-నీ-కృపాతిశయమును-నిత్యము-కీర్తింతున్
3704,ఆనందించెదము ప్రభు యేసులో అంతయు మరలార్జించు కొంటిమి,missing,,,,https://waytochurch.com/lyrics/song/3704/ఆనందించెదము-ప్రభు-యేసులో-అంతయు-మరలార్జించు-కొంటిమి
3705,నష్టము నంతటిని మరల మా యేసునిలో ఆర్జించితిమి,missing,,,,https://waytochurch.com/lyrics/song/3705/నష్టము-నంతటిని-మరల-మా-యేసునిలో-ఆర్జించితిమి
3706,జయము జయమని చాటించెదము,missing,,,,https://waytochurch.com/lyrics/song/3706/జయము-జయమని-చాటించెదము
3707,మహిమతో నిండిన మా రాజా మహిమతో తిరిగి వచ్చువాడా,missing,,,,https://waytochurch.com/lyrics/song/3707/మహిమతో-నిండిన-మా-రాజా-మహిమతో-తిరిగి-వచ్చువాడా
3708,ప్రభు యేసునకే జయము సిలువశక్తిచే జయము జై జై జై జై,missing,,,,https://waytochurch.com/lyrics/song/3708/ప్రభు-యేసునకే-జయము-సిలువశక్తిచే-జయము-జై-జై-జై-జై
3709,మేల్కొనుమా మేల్కొనుమా నా ప్రాణమా,missing,,,,https://waytochurch.com/lyrics/song/3709/మేల్కొనుమా-మేల్కొనుమా-నా-ప్రాణమా
3710,ఉన్నత స్థలములపై నెక్కించి చూపించు ప్రభు,missing,,,,https://waytochurch.com/lyrics/song/3710/ఉన్నత-స్థలములపై-నెక్కించి-చూపించు-ప్రభు
3711,ప్రభుకే స్తోత్రము మృతిని గెల్చెను,in_library_exact,1625,Prabhuke Sthothramu,,https://waytochurch.com/lyrics/song/3711/ప్రభుకే-స్తోత్రము-మృతిని-గెల్చెను
3712,జయరాజు జెండా ఎత్తి చూపుచు యుద్ధముచేయ వెళ్ళెదము,missing,,,,https://waytochurch.com/lyrics/song/3712/జయరాజు-జెండా-ఎత్తి-చూపుచు-యుద్ధముచేయ-వెళ్ళెదము
3713,వెళ్ళుదాం గెలిచెదం రక్షకుని నామమునను,missing,,,,https://waytochurch.com/lyrics/song/3713/వెళ్ళుదాం-గెలిచెదం-రక్షకుని-నామమునను
3714,ఓ యేసు భక్తులారా మీ రాజు ధ్వజము,missing,,,,https://waytochurch.com/lyrics/song/3714/ఓ-యేసు-భక్తులారా-మీ-రాజు-ధ్వజము
3715,శోధనకు మీరు చోటీయకుడి ధైర్యము వహించి పోరాటమును,missing,,,,https://waytochurch.com/lyrics/song/3715/శోధనకు-మీరు-చోటీయకుడి-ధైర్యము-వహించి-పోరాటమును
3716,యేసు శక్తిని గోరి యెల్ల కాలము వేడు యేసుడాశతో మిమ్ము డాసి నడుపును,missing,,,,https://waytochurch.com/lyrics/song/3716/యేసు-శక్తిని-గోరి-యెల్ల-కాలము-వేడు-యేసుడాశతో-మిమ్ము-డాసి-నడుపును
3717,అధికారము పొంది యుంటిని ప్రభూ,missing,,,,https://waytochurch.com/lyrics/song/3717/అధికారము-పొంది-యుంటిని-ప్రభూ
3718,స్వాస్థ్యముగా నిచ్చితివి జయించెడు వానికన్ని,missing,,,,https://waytochurch.com/lyrics/song/3718/స్వాస్థ్యముగా-నిచ్చితివి-జయించెడు-వానికన్ని
3719,జయము పొందుమని యేసు చెప్పెను,missing,,,,https://waytochurch.com/lyrics/song/3719/జయము-పొందుమని-యేసు-చెప్పెను
3720,క్రీస్తేసు సిలువపై దృష్టినుంచి ఆయన కృపయందే నిలుచుండుము,missing,,,,https://waytochurch.com/lyrics/song/3720/క్రీస్తేసు-సిలువపై-దృష్టినుంచి-ఆయన-కృపయందే-నిలుచుండుము
3721,క్రీస్తే ఈ జీవితములో ఎంతైన మంచికాపరి,missing,,,,https://waytochurch.com/lyrics/song/3721/క్రీస్తే-ఈ-జీవితములో-ఎంతైన-మంచికాపరి
3722,మన జీవిత మంతయు అనుక్షణము యుద్ధమే,missing,,,,https://waytochurch.com/lyrics/song/3722/మన-జీవిత-మంతయు-అనుక్షణము-యుద్ధమే
3723,యేసులో హర్షించెదము మహిమలో హర్షింతుము నిరతం,missing,,,,https://waytochurch.com/lyrics/song/3723/యేసులో-హర్షించెదము-మహిమలో-హర్షింతుము-నిరతం
3724,ఎల్ల వేళలందు కష్టకాలమందు వల్లభుండా యేసు స్తుతింతున్,in_library_fuzzy,192,Ella Velalandu,0.941,https://waytochurch.com/lyrics/song/3724/ఎల్ల-వేళలందు-కష్టకాలమందు-వల్లభుండా-యేసు-స్తుతింతున్
3725,ఆనందమే మనకిలలో మన కానందమే ప్రభు లేచెన్,missing,,,,https://waytochurch.com/lyrics/song/3725/ఆనందమే-మనకిలలో-మన-కానందమే-ప్రభు-లేచెన్
3726,మహిమ రాజు సన్నిధిన్ మకుటధారులై నిత్యజీవ శాంతిలో నిలిచి యుందుము,missing,,,,https://waytochurch.com/lyrics/song/3726/మహిమ-రాజు-సన్నిధిన్-మకుటధారులై-నిత్యజీవ-శాంతిలో-నిలిచి-యుందుము
3727,దప్పిగొనిన వారలారా దప్పితీర్చుకొన రండి రండి,missing,,,,https://waytochurch.com/lyrics/song/3727/దప్పిగొనిన-వారలారా-దప్పితీర్చుకొన-రండి-రండి
3728,దాహముగల వారెల్లరు నీళ్ళయొదాకు రారండి,missing,,,,https://waytochurch.com/lyrics/song/3728/దాహముగల-వారెల్లరు-నీళ్ళయొదాకు-రారండి
3729,పాపుల రక్షకుడు యేసు గొప్ప దేవాది దేవుడు యేసు,missing,,,,https://waytochurch.com/lyrics/song/3729/పాపుల-రక్షకుడు-యేసు-గొప్ప-దేవాది-దేవుడు-యేసు
3730,దాటుము యొర్దానున్ యాత్రికుడా నాలుగు ఘడియలకే అతిథివి నీవిచట,missing,,,,https://waytochurch.com/lyrics/song/3730/దాటుము-యొర్దానున్-యాత్రికుడా-నాలుగు-ఘడియలకే-అతిథివి-నీవిచట
3731,ధన్యుడవు నీవు ధన్యుడవు ఓ ఇశ్రాయేలు బహు ధన్యుడవు,missing,,,,https://waytochurch.com/lyrics/song/3731/ధన్యుడవు-నీవు-ధన్యుడవు-ఓ-ఇశ్రాయేలు-బహు-ధన్యుడవు
3732,నూతన ఆకాశమును భూమి నేను చూచితి,missing,,,,https://waytochurch.com/lyrics/song/3732/నూతన-ఆకాశమును-భూమి-నేను-చూచితి
3733,మన ప్రభుయేసు వచ్చెడు వేళ మన సంతోష హృదయాలు చాల వెలసె,missing,,,,https://waytochurch.com/lyrics/song/3733/మన-ప్రభుయేసు-వచ్చెడు-వేళ-మన-సంతోష-హృదయాలు-చాల-వెలసె
3734,నే భ్రమించి నిల్చితి ప్రేమ ప్రవాహము తేరిచూచి,missing,,,,https://waytochurch.com/lyrics/song/3734/నే-భ్రమించి-నిల్చితి-ప్రేమ-ప్రవాహము-తేరిచూచి
3735,పవిత్ర రక్తముచేత నా పాపమెల్ల తీరె,missing,,,,https://waytochurch.com/lyrics/song/3735/పవిత్ర-రక్తముచేత-నా-పాపమెల్ల-తీరె
3736,ప్రభు యేసుక్రీస్తుని దర్శనమే నేడు ప్రజలందరి కత్యవసరము,missing,,,,https://waytochurch.com/lyrics/song/3736/ప్రభు-యేసుక్రీస్తుని-దర్శనమే-నేడు-ప్రజలందరి-కత్యవసరము
3737,యోర్దాన్నది దరిని భ్రమింపకు మనసా యోచనచే చింతపడకు నా డెందమా,missing,,,,https://waytochurch.com/lyrics/song/3737/యోర్దాన్నది-దరిని-భ్రమింపకు-మనసా-యోచనచే-చింతపడకు-నా-డెందమా
3738,కృపాసింహాసనుండా అల్ఫా ఓమేగా నీవేగా కృపా దాపునజేరి నుతించెద,missing,,,,https://waytochurch.com/lyrics/song/3738/కృపాసింహాసనుండా-అల్ఫా-ఓమేగా-నీవేగా-కృపా-దాపునజేరి-నుతించెద
3739,ప్రభువా నీ పరిపూర్ణత నుండి పొందితిమి కృపవెంబడి కృపను,in_library_exact,1331,Prabhuvaa Nee Paripoornatha Nundi,,https://waytochurch.com/lyrics/song/3739/ప్రభువా-నీ-పరిపూర్ణత-నుండి-పొందితిమి-కృపవెంబడి-కృపను
3740,కరుణా కరుడా నీ మార్గము పరిశుద్ధ స్థలములో గలదు,missing,,,,https://waytochurch.com/lyrics/song/3740/కరుణా-కరుడా-నీ-మార్గము-పరిశుద్ధ-స్థలములో-గలదు
3741,ఉన్నత గృహమును త్వరగా చేరి సంపన్నుని దర్శింతును,missing,,,,https://waytochurch.com/lyrics/song/3741/ఉన్నత-గృహమును-త్వరగా-చేరి-సంపన్నుని-దర్శింతును
3742,మన పట్టణంబదిగో మన పౌరత్వంబదిగో,missing,,,,https://waytochurch.com/lyrics/song/3742/మన-పట్టణంబదిగో-మన-పౌరత్వంబదిగో
3743,యేసువా నా ప్రియమైన ఆత్మ మిత్రుడా నన్ను భాసురముగ వేగవచ్చి కౌగలించవే,missing,,,,https://waytochurch.com/lyrics/song/3743/యేసువా-నా-ప్రియమైన-ఆత్మ-మిత్రుడా-నన్ను-భాసురముగ-వేగవచ్చి-కౌగలించవే
3744,నిన్ను విడువను నేను అందరు నిన్ను విడచినను,missing,,,,https://waytochurch.com/lyrics/song/3744/నిన్ను-విడువను-నేను-అందరు-నిన్ను-విడచినను
3745,సర్వోన్న తుడు సర్వాధికారి సర్వశక్తిమంతుడు ఆయనే,missing,,,,https://waytochurch.com/lyrics/song/3745/సర్వోన్న-తుడు-సర్వాధికారి-సర్వశక్తిమంతుడు-ఆయనే
3746,వెళ్ళెదం శ్రేష్టదేశం నిజము వుండెదం ప్రభుతోనే నిత్యము,missing,,,,https://waytochurch.com/lyrics/song/3746/వెళ్ళెదం-శ్రేష్టదేశం-నిజము-వుండెదం-ప్రభుతోనే-నిత్యము
3747,ప్రకాశమైన ఆశ్చర్యదేశము ప్రియుని దేశము నా ప్రియ దేశము,missing,,,,https://waytochurch.com/lyrics/song/3747/ప్రకాశమైన-ఆశ్చర్యదేశము-ప్రియుని-దేశము-నా-ప్రియ-దేశము
3748,వాగ్దానములు పొందుడి మీలో ప్రతివాడును విశ్వాసము చేతను ఓర్పుతోడ నెప్పుడు,missing,,,,https://waytochurch.com/lyrics/song/3748/వాగ్దానములు-పొందుడి-మీలో-ప్రతివాడును-విశ్వాసము-చేతను-ఓర్పుతోడ-నెప్పుడు
3749,నీతి సూర్యుండు ఉదయించు నిప్పుడు అతని కిరణములు ఆరోగ్యమిచ్చును,missing,,,,https://waytochurch.com/lyrics/song/3749/నీతి-సూర్యుండు-ఉదయించు-నిప్పుడు-అతని-కిరణములు-ఆరోగ్యమిచ్చును
3750,నీతి సూర్యుడు నీపై నుదయించును అతని రెక్కలు నారోగ్యము నిచ్చును,missing,,,,https://waytochurch.com/lyrics/song/3750/నీతి-సూర్యుడు-నీపై-నుదయించును-అతని-రెక్కలు-నారోగ్యము-నిచ్చును
3751,ప్రభువైన క్రీస్తుని దినమందు మీరు అభయులై నిరపరాధులై యుందురు,missing,,,,https://waytochurch.com/lyrics/song/3751/ప్రభువైన-క్రీస్తుని-దినమందు-మీరు-అభయులై-నిరపరాధులై-యుందురు
3752,యేసు మారడు యేసు మారడు విశ్వమంత మారినను మాటతప్పడు,missing,,,,https://waytochurch.com/lyrics/song/3752/యేసు-మారడు-యేసు-మారడు-విశ్వమంత-మారినను-మాటతప్పడు
3753,యేసుని నిత్యము స్తుతియించెదము భూమి ఆకాశము సృజించినాడు,missing,,,,https://waytochurch.com/lyrics/song/3753/యేసుని-నిత్యము-స్తుతియించెదము-భూమి-ఆకాశము-సృజించినాడు
3754,అనాది దేవుడు ఆశ్రయము తన బాహువులు నీ కాధారమే,missing,,,,https://waytochurch.com/lyrics/song/3754/అనాది-దేవుడు-ఆశ్రయము-తన-బాహువులు-నీ-కాధారమే
3755,యేసుని వాగ్దానముల్ జ్ఞాపకమునందుంచుకొని,missing,,,,https://waytochurch.com/lyrics/song/3755/యేసుని-వాగ్దానముల్-జ్ఞాపకమునందుంచుకొని
3756,పరవాసిని నే జగమున ప్రభువా నడచుచున్నాను నా దారిన్,in_library_exact,1332,Paravaasini Ne Jagamuna,,https://waytochurch.com/lyrics/song/3756/పరవాసిని-నే-జగమున-ప్రభువా-నడచుచున్నాను-నా-దారిన్
3757,ప్రభువా నీవే నమ్మకమైన సామర్ధ్యుడవు,missing,,,,https://waytochurch.com/lyrics/song/3757/ప్రభువా-నీవే-నమ్మకమైన-సామర్ధ్యుడవు
3758,దేవుని కృప నిత్యముండును ఆయన కృప నిత్యముండును,missing,,,,https://waytochurch.com/lyrics/song/3758/దేవుని-కృప-నిత్యముండును-ఆయన-కృప-నిత్యముండును
3759,ఉన్నత దుర్గము నా దేవుడే నా రక్షకుడే నాకాశ్రయుడు,missing,,,,https://waytochurch.com/lyrics/song/3759/ఉన్నత-దుర్గము-నా-దేవుడే-నా-రక్షకుడే-నాకాశ్రయుడు
3760,మిమ్మునునింపె మేలులతోడ అవియే పరలోక దీవెనలు,missing,,,,https://waytochurch.com/lyrics/song/3760/మిమ్మునునింపె-మేలులతోడ-అవియే-పరలోక-దీవెనలు
3761,యేసే మనకిల స్వాస్థ్యము వేరే స్వాస్థ్యము లేదికను,missing,,,,https://waytochurch.com/lyrics/song/3761/యేసే-మనకిల-స్వాస్థ్యము-వేరే-స్వాస్థ్యము-లేదికను
3762,యెహోవాయె మనకందరికి ఎన్నియో మేలుల జేసెన్,missing,,,,https://waytochurch.com/lyrics/song/3762/యెహోవాయె-మనకందరికి-ఎన్నియో-మేలుల-జేసెన్
3763,మమ్మున్ సృజించిన దేవుండు ప్రాణము,missing,,,,https://waytochurch.com/lyrics/song/3763/మమ్మున్-సృజించిన-దేవుండు-ప్రాణము
3764,శ్రీ యేసు రాజ్యముండును సూర్యుండు వెల్గు చోటెల్ల,missing,,,,https://waytochurch.com/lyrics/song/3764/శ్రీ-యేసు-రాజ్యముండును-సూర్యుండు-వెల్గు-చోటెల్ల
3766,యేసు నీతి రక్తమేను నా నిరీక్షణంతయును,missing,,,,https://waytochurch.com/lyrics/song/3766/యేసు-నీతి-రక్తమేను-నా-నిరీక్షణంతయును
3767,యేసూ నీరక్త నీతులు నా సొంపు నాదు వస్త్రము,missing,,,,https://waytochurch.com/lyrics/song/3767/యేసూ-నీరక్త-నీతులు-నా-సొంపు-నాదు-వస్త్రము
3768,యేసు నావాడని నమ్ముదున్ ఎంతెంతో దివ్య సౌభాగ్యము,missing,,,,https://waytochurch.com/lyrics/song/3768/యేసు-నావాడని-నమ్ముదున్-ఎంతెంతో-దివ్య-సౌభాగ్యము
3770,ఇదే నాకు ఆనందము ఆనందము ఆనందము,missing,,,,https://waytochurch.com/lyrics/song/3770/ఇదే-నాకు-ఆనందము-ఆనందము-ఆనందము
3771,శ్రంగార దేశము చేరగానే నా దుఃఖ బాధలన్నియుపోవున్,missing,,,,https://waytochurch.com/lyrics/song/3771/శ్రంగార-దేశము-చేరగానే-నా-దుఃఖ-బాధలన్నియుపోవున్
3772,యేసుని చేతులందు యేసుని రొమ్మునన్,missing,,,,https://waytochurch.com/lyrics/song/3772/యేసుని-చేతులందు-యేసుని-రొమ్మునన్
3773,అంత్యదినమందు దూత బూర నూదుచుండగా,missing,,,,https://waytochurch.com/lyrics/song/3773/అంత్యదినమందు-దూత-బూర-నూదుచుండగా
3775,ఓహో యెరూషలేమా బంగారు పట్నమా,missing,,,,https://waytochurch.com/lyrics/song/3775/ఓహో-యెరూషలేమా--బంగారు-పట్నమా
3776,శ్రీ యేసు స్వామి తిరిగి మోక్షంబు జేరగా,missing,,,,https://waytochurch.com/lyrics/song/3776/శ్రీ-యేసు-స్వామి-తిరిగి-మోక్షంబు-జేరగా
3778,యేసు నిన్ను జూతు నిందుదేటగా అగోచరార్థముల్ నే ముట్టుదున్,missing,,,,https://waytochurch.com/lyrics/song/3778/యేసు-నిన్ను-జూతు-నిందుదేటగా-అగోచరార్థముల్-నే-ముట్టుదున్
3779,నేనే భయపడ వలదని పలికెను మన రక్షకుడు యేసుప్రభు,missing,,,,https://waytochurch.com/lyrics/song/3779/నేనే-భయపడ-వలదని-పలికెను-మన-రక్షకుడు-యేసుప్రభు
3780,ప్రియయేసు రాజును నే చూచిన చాలు మహిమలో నేనాయనతో నుంటే చాలు,in_library_fuzzy,798,Priya Yesu Raajunu,0.923,https://waytochurch.com/lyrics/song/3780/ప్రియయేసు-రాజును-నే-చూచిన-చాలు-మహిమలో-నేనాయనతో-నుంటే-చాలు
3781,లెండీ రండీ భావిమహోన్నత సాక్షులారా లెండీ,missing,,,,https://waytochurch.com/lyrics/song/3781/లెండీ-రండీ-భావిమహోన్నత-సాక్షులారా-లెండీ
3782,యేసుప్రభువే మహిమ నిరీక్షణ మనలో వున్నాడు,missing,,,,https://waytochurch.com/lyrics/song/3782/యేసుప్రభువే-మహిమ-నిరీక్షణ-మనలో-వున్నాడు
3783,ప్రభూ నీ వాడను నీవు నా ప్రభుడవని నీ కొరకై జీవింతును,missing,,,,https://waytochurch.com/lyrics/song/3783/ప్రభూ-నీ-వాడను-నీవు-నా-ప్రభుడవని-నీ-కొరకై-జీవింతును
3784,పరలోకము నా దేశము పరదేశి నేనిల మాయలోకమేగా నేను యాత్రికుడను,in_library_contained,824,Paralokamu Naa Deshamu,,https://waytochurch.com/lyrics/song/3784/పరలోకము-నా-దేశము-పరదేశి-నేనిల-మాయలోకమేగా-నేను-యాత్రికుడను
3785,నా కోరికలు తీరిపోయె ప్రియ యేసులో,missing,,,,https://waytochurch.com/lyrics/song/3785/నా-కోరికలు-తీరిపోయె-ప్రియ-యేసులో
3786,ఎదురు చూచెదము దృఢపునాదిగల పట్టంగమునకై,missing,,,,https://waytochurch.com/lyrics/song/3786/ఎదురు-చూచెదము-దృఢపునాదిగల-పట్టంగమునకై
3787,ప్రభురాజ్యం నిశ్చలమైనది శుభప్రదంబు శాశ్వతమైనది,missing,,,,https://waytochurch.com/lyrics/song/3787/ప్రభురాజ్యం-నిశ్చలమైనది-శుభప్రదంబు-శాశ్వతమైనది
3788,నిశ్చలమైనది యేసు రాజ్యము ప్రకాశించే రాజ్యము,missing,,,,https://waytochurch.com/lyrics/song/3788/నిశ్చలమైనది-యేసు-రాజ్యము-ప్రకాశించే-రాజ్యము
3789,జీవమునిచ్చెద జీవాధిపతికి,missing,,,,https://waytochurch.com/lyrics/song/3789/జీవమునిచ్చెద-జీవాధిపతికి
3790,నా నాథుడా నాయుల్లమిచ్చితి నీకు,in_library_exact,1376,Naa Naathudaa,,https://waytochurch.com/lyrics/song/3790/నా-నాథుడా-నాయుల్లమిచ్చితి-నీకు
3791,యేసూ నా సిలువన్ మోసి నిను నే వెంబడించెదను,missing,,,,https://waytochurch.com/lyrics/song/3791/యేసూ-నా-సిలువన్-మోసి-నిను-నే-వెంబడించెదను
3792,సిలువను వీడను సిలువను వీడను సిలువను వీడను,missing,,,,https://waytochurch.com/lyrics/song/3792/సిలువను-వీడను-సిలువను-వీడను-సిలువను-వీడను
3793,నా యేసు మార్గమందున వెళ్ళ నాయత్తమా,missing,,,,https://waytochurch.com/lyrics/song/3793/నా-యేసు-మార్గమందున-వెళ్ళ-నాయత్తమా
3794,త్రిత్వమర్మము నెరిగిన మిత్రుండా ప్రాణమునిమ్ము,missing,,,,https://waytochurch.com/lyrics/song/3794/త్రిత్వమర్మము-నెరిగిన-మిత్రుండా-ప్రాణమునిమ్ము
3795,దేవయాత్మ భాసురాగ్ని తేజస్సుగా నున్నది,missing,,,,https://waytochurch.com/lyrics/song/3795/దేవయాత్మ-భాసురాగ్ని-తేజస్సుగా-నున్నది
3796,ప్రభుని దర్శనం యేసుని దర్శన మొంది సేవ చేయుము దేవునికి,missing,,,,https://waytochurch.com/lyrics/song/3796/ప్రభుని-దర్శనం-యేసుని-దర్శన-మొంది-సేవ-చేయుము-దేవునికి
3797,ప్రియ యేసుని సైన్య వీరులము సైన్య వీరులము,missing,,,,https://waytochurch.com/lyrics/song/3797/ప్రియ-యేసుని-సైన్య-వీరులము-సైన్య-వీరులము
3798,యాజక ధర్మము నెరిగి యేసునికే సేవ ప్రేమతో నొనరింపుడు,missing,,,,https://waytochurch.com/lyrics/song/3798/యాజక-ధర్మము-నెరిగి-యేసునికే-సేవ-ప్రేమతో-నొనరింపుడు
3799,యేసుని నిందను భరించి ఆయన యొద్దకు వెళ్ళుదము,missing,,,,https://waytochurch.com/lyrics/song/3799/యేసుని-నిందను-భరించి-ఆయన-యొద్దకు-వెళ్ళుదము
3800,యేసుని శిష్యులము యేగుదము పిశాచి లోకమును కదలింతుము,missing,,,,https://waytochurch.com/lyrics/song/3800/యేసుని-శిష్యులము-యేగుదము-పిశాచి-లోకమును-కదలింతుము
3801,యేసుక్రీస్తే సజ్జనుడు వైరికన్న బలవంతుడు,missing,,,,https://waytochurch.com/lyrics/song/3801/యేసుక్రీస్తే-సజ్జనుడు-వైరికన్న-బలవంతుడు
3802,మనస్సార కృతజ్ఞత లిడుచు ఘనంబు చేయు ప్రభున్,missing,,,,https://waytochurch.com/lyrics/song/3802/మనస్సార-కృతజ్ఞత-లిడుచు-ఘనంబు-చేయు-ప్రభున్
3803,ఈ జగతికి జ్యోతిని నేను జీవన జ్యోతి జ్వలించెదను,missing,,,,https://waytochurch.com/lyrics/song/3803/ఈ-జగతికి-జ్యోతిని-నేను-జీవన-జ్యోతి-జ్వలించెదను
3804,నీ సిలువే నాకు శరణు యేసుప్రభో,missing,,,,https://waytochurch.com/lyrics/song/3804/నీ-సిలువే-నాకు-శరణు-యేసుప్రభో
3805,నే నీవాడనై యుండగోరెదన్ యేసు ప్రియ రక్షకా,missing,,,,https://waytochurch.com/lyrics/song/3805/నే-నీవాడనై-యుండగోరెదన్-యేసు-ప్రియ-రక్షకా
3807,నాదు ప్రాణము ప్రభో నేను నీ కర్పింతును,missing,,,,https://waytochurch.com/lyrics/song/3807/నాదు-ప్రాణము-ప్రభో-నేను-నీ-కర్పింతును
3809,యేసు ప్రభో నీకు నేను నా సమస్తమిత్తును,missing,,,,https://waytochurch.com/lyrics/song/3809/యేసు-ప్రభో-నీకు-నేను-నా-సమస్తమిత్తును
3811,నా రక్షకుని వెంబడింతు నన్నిటన్ ఘోరమైన కొండలైన జంకొందను,missing,,,,https://waytochurch.com/lyrics/song/3811/నా-రక్షకుని-వెంబడింతు-నన్నిటన్-ఘోరమైన-కొండలైన-జంకొందను
3813,సిల్వలో సిల్వలోఁ గాంచి నే చూడఁగన్,missing,,,,https://waytochurch.com/lyrics/song/3813/సిల్వలో-సిల్వలోఁ-గాంచి-నే-చూడఁగన్
3814,నా యేసు నొప్పుకొనను నే సిగ్గునొందను,missing,,,,https://waytochurch.com/lyrics/song/3814/నా-యేసు-నొప్పుకొనను-నే-సిగ్గునొందను
3815,సిల్వచెంత నేసువా చేర్చి నన్ను నుంచు,missing,,,,https://waytochurch.com/lyrics/song/3815/సిల్వచెంత-నేసువా-చేర్చి-నన్ను-నుంచు
3816,సిల్వకే సిల్వకే చెల్లు నా విముక్తి,missing,,,,https://waytochurch.com/lyrics/song/3816/సిల్వకే-సిల్వకే-చెల్లు-నా-విముక్తి
3817,ప్రభు యేసుని నేను నేను వెంబడింతును తన అడుగు జాడలలో నడిచెదను,missing,,,,https://waytochurch.com/lyrics/song/3817/ప్రభు-యేసుని-నేను-నేను-వెంబడింతును-తన-అడుగు-జాడలలో-నడిచెదను
3818,నా సర్వమైన ప్రభూ అర్పించుకొందు నీకై అంగీకరించు నేడే నీ సేవ చేయుటకై,missing,,,,https://waytochurch.com/lyrics/song/3818/నా-సర్వమైన-ప్రభూ-అర్పించుకొందు-నీకై-అంగీకరించు-నేడే-నీ-సేవ-చేయుటకై
3819,యౌవనుడా సంతోషపడుమా యౌవన కాలమున,missing,,,,https://waytochurch.com/lyrics/song/3819/యౌవనుడా-సంతోషపడుమా-యౌవన-కాలమున
3820,మనకు జీవమైయున్న రక్షకుడు ప్రభుయేసే,missing,,,,https://waytochurch.com/lyrics/song/3820/మనకు-జీవమైయున్న-రక్షకుడు-ప్రభుయేసే
3821,నీ దేవుని సన్నిధిని కనబడను నీవు సిద్ధపడుమా,missing,,,,https://waytochurch.com/lyrics/song/3821/నీ-దేవుని-సన్నిధిని-కనబడను-నీవు-సిద్ధపడుమా
3822,సిలువే నీ గురిగా నడువు యౌవనుడా,missing,,,,https://waytochurch.com/lyrics/song/3822/సిలువే-నీ-గురిగా-నడువు-యౌవనుడా
3823,మీరేమి వెదకుచున్నారు,missing,,,,https://waytochurch.com/lyrics/song/3823/మీరేమి-వెదకుచున్నారు
3824,యౌవనులారా మీ యౌవనములో సంతసించుడి,missing,,,,https://waytochurch.com/lyrics/song/3824/యౌవనులారా-మీ-యౌవనములో-సంతసించుడి
3825,దయగల యేసు ప్రభూ నిన్ను యెరుగ కృపనిమ్ము,missing,,,,https://waytochurch.com/lyrics/song/3825/దయగల-యేసు-ప్రభూ-నిన్ను-యెరుగ-కృపనిమ్ము
3826,ప్రభుని సేవ జేయరమ్ము ఓ యౌవనుడా,missing,,,,https://waytochurch.com/lyrics/song/3826/ప్రభుని-సేవ-జేయరమ్ము-ఓ-యౌవనుడా
3827,హల్లెలూయ హోసన్నా స్తుతి ఘనతా ప్రభుకే,missing,,,,https://waytochurch.com/lyrics/song/3827/హల్లెలూయ-హోసన్నా-స్తుతి-ఘనతా-ప్రభుకే
3828,క్రీస్తు మిమ్ములను స్వతంత్రుల జేసె దాస్యపు కాడికి చిక్కుకొనకు,missing,,,,https://waytochurch.com/lyrics/song/3828/క్రీస్తు-మిమ్ములను-స్వతంత్రుల-జేసె-దాస్యపు-కాడికి-చిక్కుకొనకు
3829,ఎవరు జయించెదరో వారే సమస్తమును పొందెదరు,missing,,,,https://waytochurch.com/lyrics/song/3829/ఎవరు-జయించెదరో-వారే-సమస్తమును-పొందెదరు
3830,మహా దేవుండు పరిశుద్ధుడగు తనయుని,missing,,,,https://waytochurch.com/lyrics/song/3830/మహా-దేవుండు-పరిశుద్ధుడగు-తనయుని
3831,స్తోత్రం స్తోత్రము దేవాది దేవా పాత్రలనుగా మార్చితివి దేవుని పాత్రలనుగ,missing,,,,https://waytochurch.com/lyrics/song/3831/స్తోత్రం-స్తోత్రము-దేవాది-దేవా-పాత్రలనుగా-మార్చితివి-దేవుని-పాత్రలనుగ
3832,ప్రభువుకు తగినట్టు పృథివిలో ప్రియుడా పదిలముగా జీవించవా,missing,,,,https://waytochurch.com/lyrics/song/3832/ప్రభువుకు-తగినట్టు-పృథివిలో-ప్రియుడా-పదిలముగా-జీవించవా
3833,దేవుని నిజప్రేమ పరిశుధ్ధ గ్రంథమందున్నది,missing,,,,https://waytochurch.com/lyrics/song/3833/దేవుని-నిజప్రేమ-పరిశుధ్ధ-గ్రంథమందున్నది
3834,గ్రంథ వాగ్దానములన్ని నావి,missing,,,,https://waytochurch.com/lyrics/song/3834/గ్రంథ-వాగ్దానములన్ని-నావి
3837,ఆశ్రేష్ఠంబౌ గ్రంథములో,in_library_exact,1646,Aa Srehstambau Grandhamulo,,https://waytochurch.com/lyrics/song/3837/ఆశ్రేష్ఠంబౌ-గ్రంథములో
3838,చేయను శ్రేష్ఠ కార్యము ప్రార్థన,missing,,,,https://waytochurch.com/lyrics/song/3838/చేయను-శ్రేష్ఠ-కార్యము-ప్రార్థన
3839,పఠంప శ్రేష్ఠగ్రంథము బైబిల్,missing,,,,https://waytochurch.com/lyrics/song/3839/పఠంప-శ్రేష్ఠగ్రంథము-బైబిల్
3841,స్నేహింప శ్రేష్ఠ మిత్రుడేసు క్రీస్తు,missing,,,,https://waytochurch.com/lyrics/song/3841/స్నేహింప-శ్రేష్ఠ-మిత్రుడేసు-క్రీస్తు
3842,చేయను శ్రేష్ఠ పని దైవ సేవయే,missing,,,,https://waytochurch.com/lyrics/song/3842/చేయను-శ్రేష్ఠ-పని-దైవ-సేవయే
3843,ఆనందం నా కానందం ఆనందం పరమానందం,missing,,,,https://waytochurch.com/lyrics/song/3843/ఆనందం-నా-కానందం-ఆనందం-పరమానందం
3844,యేసునే స్తుతించు రేపేమగునో తెలియనందున స్తుతించు,missing,,,,https://waytochurch.com/lyrics/song/3844/యేసునే-స్తుతించు-రేపేమగునో-తెలియనందున-స్తుతించు
3845,వింతయైన యేసు రక్షకుండు తానే నిన్ను నడుపును,missing,,,,https://waytochurch.com/lyrics/song/3845/వింతయైన-యేసు-రక్షకుండు-తానే-నిన్ను-నడుపును
3846,నాదు ప్రాణమా ప్రభున్నుతించుమా,missing,,,,https://waytochurch.com/lyrics/song/3846/నాదు-ప్రాణమా-ప్రభున్నుతించుమా
3847,స్తుతి ఘనత మహిమ నీదే మహిమ నీదే మహిమ నీదే,missing,,,,https://waytochurch.com/lyrics/song/3847/స్తుతి-ఘనత-మహిమ-నీదే-మహిమ-నీదే-మహిమ-నీదే
3848,హల్లెలూయ ఆ ఆ ఆమెన్ హల్లెలూయ,missing,,,,https://waytochurch.com/lyrics/song/3848/హల్లెలూయ-ఆ-ఆ-ఆమెన్-హల్లెలూయ
3849,నాకానందం కారణంబిదే పాపభారమంత పోయెను,missing,,,,https://waytochurch.com/lyrics/song/3849/నాకానందం-కారణంబిదే-పాపభారమంత-పోయెను
3850,అద్భుత శక్తికలదు రక్తములో గొఱ్ఱెపిల్ల రక్తములో,missing,,,,https://waytochurch.com/lyrics/song/3850/అద్భుత-శక్తికలదు-రక్తములో-గొఱ్ఱెపిల్ల-రక్తములో
3851,నీ జీవిత నావలో క్రీస్తును యుంచుకొని యున్నచో,missing,,,,https://waytochurch.com/lyrics/song/3851/నీ-జీవిత-నావలో-క్రీస్తును-యుంచుకొని-యున్నచో
3852,యేసు తీర్చె నా అప్పునంతయు పాపడాగు లన్నియు తానే కడిగెను,missing,,,,https://waytochurch.com/lyrics/song/3852/యేసు-తీర్చె-నా-అప్పునంతయు-పాపడాగు-లన్నియు-తానే-కడిగెను
3853,కృపచేత రక్షించెను కృపచేత రక్షించెను,missing,,,,https://waytochurch.com/lyrics/song/3853/కృపచేత-రక్షించెను-కృపచేత-రక్షించెను
3854,పోయెను పోయెను పోయెను నా పాప భారమెల్ల పోయెను,missing,,,,https://waytochurch.com/lyrics/song/3854/పోయెను-పోయెను-పోయెను-నా-పాప-భారమెల్ల-పోయెను
3855,యేసుని వాక్కు నిత్యము నిల్చున్ ఏమి మారినన్ పొల్లుపోదు,missing,,,,https://waytochurch.com/lyrics/song/3855/యేసుని-వాక్కు-నిత్యము-నిల్చున్-ఏమి-మారినన్-పొల్లుపోదు
3856,నీ ధర్మ శాస్త్రములో ఆశ్చర్యమైనవి,missing,,,,https://waytochurch.com/lyrics/song/3856/నీ-ధర్మ-శాస్త్రములో-ఆశ్చర్యమైనవి
3857,ఎంత అద్భుత ధనము అనంత దైవవరము,missing,,,,https://waytochurch.com/lyrics/song/3857/ఎంత-అద్భుత-ధనము-అనంత-దైవవరము
3858,ఆయనాశ్చర్య కరుడు నన్ను రక్షించి కాపాడి శుద్ధి చేయును,missing,,,,https://waytochurch.com/lyrics/song/3858/ఆయనాశ్చర్య-కరుడు-నన్ను-రక్షించి-కాపాడి-శుద్ధి-చేయును
3859,పాపమున్ దుఃఖమును వెంటనే విడువుమా,missing,,,,https://waytochurch.com/lyrics/song/3859/పాపమున్-దుఃఖమును-వెంటనే-విడువుమా
3860,దాగియుందు నీ ఆశ్రయమందున్ కీడు తాకని చోటులో భయమే లేదు,missing,,,,https://waytochurch.com/lyrics/song/3860/దాగియుందు-నీ-ఆశ్రయమందున్-కీడు-తాకని-చోటులో-భయమే-లేదు
3861,దైవ ప్రేమ నిత్యము కుమ్మరించుము,missing,,,,https://waytochurch.com/lyrics/song/3861/దైవ-ప్రేమ-నిత్యము-కుమ్మరించుము
3862,నిత్య దేవ జీవాత్మ నా పై దిగుమా,missing,,,,https://waytochurch.com/lyrics/song/3862/నిత్య-దేవ-జీవాత్మ-నా-పై-దిగుమా
3863,బలము నిచ్చు యేసుచే,missing,,,,https://waytochurch.com/lyrics/song/3863/బలము-నిచ్చు-యేసుచే
3864,యెహోవా కొరకు యెదురుచూచువారు నూతన బలమును పొందుదురు,missing,,,,https://waytochurch.com/lyrics/song/3864/యెహోవా-కొరకు-యెదురుచూచువారు-నూతన-బలమును-పొందుదురు
3865,ఆత్మల చెంతకు నడుపు బోధింపను నేర్పుము ప్రభువా,missing,,,,https://waytochurch.com/lyrics/song/3865/ఆత్మల-చెంతకు-నడుపు-బోధింపను-నేర్పుము-ప్రభువా
3866,ఉజ్జీవము నిమ్ము,missing,,,,https://waytochurch.com/lyrics/song/3866/ఉజ్జీవము-నిమ్ము
3867,చేతున్ అద్భుత మనెను చేతున్ అద్భుత మనెను,missing,,,,https://waytochurch.com/lyrics/song/3867/చేతున్-అద్భుత-మనెను-చేతున్-అద్భుత-మనెను
3868,స్తుతించు నా ప్రాణమా మహిమ హల్లెలూయ,missing,,,,https://waytochurch.com/lyrics/song/3868/స్తుతించు-నా-ప్రాణమా-మహిమ-హల్లెలూయ
3869,మహిమ ఘనత స్తుతి స్తోత్రము గొర్రెపిల్లకే నిత్యము,missing,,,,https://waytochurch.com/lyrics/song/3869/మహిమ-ఘనత-స్తుతి-స్తోత్రము-గొర్రెపిల్లకే-నిత్యము
3870,ఆయన నామము ఆశ్చర్యుడు ఆయన పేరాలోచనకర్త,missing,,,,https://waytochurch.com/lyrics/song/3870/ఆయన-నామము-ఆశ్చర్యుడు-ఆయన-పేరాలోచనకర్త
3871,ఆశ్చర్య మాశ్చర్య మేసు నాకు ఆలోచన కర్తయు రక్షకుండును,missing,,,,https://waytochurch.com/lyrics/song/3871/ఆశ్చర్య-మాశ్చర్య-మేసు-నాకు-ఆలోచన-కర్తయు-రక్షకుండును
3872,నిన్న నేడు నిత్యకాల మేసు మారడు,missing,,,,https://waytochurch.com/lyrics/song/3872/నిన్న-నేడు-నిత్యకాల-మేసు-మారడు
3873,ఆనందానందము మహదానందము,missing,,,,https://waytochurch.com/lyrics/song/3873/ఆనందానందము-మహదానందము
3874,ఆశ్చర్య ఆశ్చర్య యేసు నీతో సమానులేరి,missing,,,,https://waytochurch.com/lyrics/song/3874/ఆశ్చర్య-ఆశ్చర్య-యేసు-నీతో-సమానులేరి
3875,హల్లెలూయా యేసుకు కల్వరిపై మృతుడు,missing,,,,https://waytochurch.com/lyrics/song/3875/హల్లెలూయా-యేసుకు-కల్వరిపై-మృతుడు
3876,సర్వజనులారా దేవుని కొనియాడుడి,missing,,,,https://waytochurch.com/lyrics/song/3876/సర్వజనులారా-దేవుని-కొనియాడుడి
3877,హల్లెలూయ హోసన్నా హల్లెలూయ హోసన్నా హల్లెలూయ,in_library_contained,182,Hosannaa Hallelooyaa,,https://waytochurch.com/lyrics/song/3877/హల్లెలూయ-హోసన్నా-హల్లెలూయ-హోసన్నా-హల్లెలూయ
3878,నేడు మీరు కోరుకొనుడి మీ రెవరిని సేవించెదరో,missing,,,,https://waytochurch.com/lyrics/song/3878/నేడు-మీరు-కోరుకొనుడి-మీ-రెవరిని-సేవించెదరో
3879,యేసుని సన్నిధి ఎంతో ఆనందం,missing,,,,https://waytochurch.com/lyrics/song/3879/యేసుని-సన్నిధి-ఎంతో-ఆనందం
3880,తూర్పున పడమర ఉత్తర దక్షిణము క్రీస్తు సువార్తతో వెళ్ళవలె మనము,missing,,,,https://waytochurch.com/lyrics/song/3880/తూర్పున-పడమర-ఉత్తర-దక్షిణము-క్రీస్తు-సువార్తతో-వెళ్ళవలె-మనము
3881,నా యెదలోన్ నా యెదలోన్ రమ్ము నా యెదలోన్ ప్రభుయేసు,missing,,,,https://waytochurch.com/lyrics/song/3881/నా-యెదలోన్-నా-యెదలోన్-రమ్ము-నా-యెదలోన్-ప్రభుయేసు
3882,నల్లనిది నా పాప హృదయం నా రక్షకుడు వచ్చు వరకు,missing,,,,https://waytochurch.com/lyrics/song/3882/నల్లనిది-నా-పాప-హృదయం-నా-రక్షకుడు-వచ్చు-వరకు
3883,యేసు క్రీస్తు ఆయనే నా సర్వ మాయనే,missing,,,,https://waytochurch.com/lyrics/song/3883/యేసు-క్రీస్తు-ఆయనే-నా-సర్వ-మాయనే
3884,ఆహా ఆహా ఇదిగో మరల వస్తిమి ఆహా అహా బహు సంతసంబేగా,missing,,,,https://waytochurch.com/lyrics/song/3884/ఆహా-ఆహా-ఇదిగో-మరల-వస్తిమి-ఆహా-అహా-బహు-సంతసంబేగా
3885,ఐదు రొట్టెలు చేపలు రెండు ఐదు వేలకు పంచిపెట్టెన్,missing,,,,https://waytochurch.com/lyrics/song/3885/ఐదు-రొట్టెలు-చేపలు-రెండు-ఐదు-వేలకు-పంచిపెట్టెన్
3887,ఓ దేవునికి మహిమ లేవనెత్తెను,missing,,,,https://waytochurch.com/lyrics/song/3887/ఓ-దేవునికి-మహిమ-లేవనెత్తెను
3888,వారు గొఱ్ఱెపిల్ల రక్తమును బట్టియున్ తామిచ్చు సాక్ష్యమున్ బట్టియున్,missing,,,,https://waytochurch.com/lyrics/song/3888/వారు-గొఱ్ఱెపిల్ల-రక్తమును-బట్టియున్-తామిచ్చు-సాక్ష్యమున్-బట్టియున్
3889,అసమానుండగు ఓ క్రీస్తు అద్వితీయుండగు దేవా,missing,,,,https://waytochurch.com/lyrics/song/3889/అసమానుండగు-ఓ-క్రీస్తు-అద్వితీయుండగు-దేవా
3890,ఘనత మహిమ ప్రభుకే తర తరములలో తనకే చెల్లును గాక,missing,,,,https://waytochurch.com/lyrics/song/3890/ఘనత-మహిమ-ప్రభుకే-తర-తరములలో-తనకే-చెల్లును-గాక
3891,స్తుతియు మహిమ ఘనత నీకే యుగయుగముల వరకు,in_library_exact,989,Sthuthiyu Mahima Ghanatha Neeke,,https://waytochurch.com/lyrics/song/3891/స్తుతియు-మహిమ-ఘనత-నీకే-యుగయుగముల-వరకు
3892,నా ప్రభు ప్రేమించెను నన్ను ప్రియుడైన క్రీస్తు ప్రేమించెను,missing,,,,https://waytochurch.com/lyrics/song/3892/నా-ప్రభు-ప్రేమించెను-నన్ను-ప్రియుడైన-క్రీస్తు-ప్రేమించెను
3893,ఓ ప్రభు నీవే ధన్యుడవు సృష్టి నిన్ను స్తుతించును నీ యోగ్యతను బట్టి,missing,,,,https://waytochurch.com/lyrics/song/3893/ఓ-ప్రభు-నీవే-ధన్యుడవు-సృష్టి-నిన్ను-స్తుతించును-నీ-యోగ్యతను-బట్టి
3894,పొందితిని నేను ప్రభువా నీ నుండి ప్రతి శ్రేష్టయీవిని ఈ భువియందు,missing,,,,https://waytochurch.com/lyrics/song/3894/పొందితిని-నేను-ప్రభువా-నీ-నుండి-ప్రతి-శ్రేష్టయీవిని-ఈ-భువియందు
3895,అందరము ప్రభు నిన్ను కొనియాడెదము మహాత్ముండవు పరిశుద్ధుడవు,missing,,,,https://waytochurch.com/lyrics/song/3895/అందరము-ప్రభు-నిన్ను-కొనియాడెదము-మహాత్ముండవు-పరిశుద్ధుడవు
3896,పూజనీయుడేసుప్రభు పలునిందల నొందితివా నాకై,in_library_contained,846,Poojaneeyudesu Prabhu,,https://waytochurch.com/lyrics/song/3896/పూజనీయుడేసుప్రభు-పలునిందల-నొందితివా-నాకై
3897,నే పాడెద నిత్యము పాడెద ప్రభువా నీకు స్తుతి పాడెదన్,missing,,,,https://waytochurch.com/lyrics/song/3897/నే-పాడెద-నిత్యము-పాడెద-ప్రభువా-నీకు-స్తుతి-పాడెదన్
3898,ప్రవిమలుడా పావనుడా స్తుతిస్తోత్రము నీకే,missing,,,,https://waytochurch.com/lyrics/song/3898/ప్రవిమలుడా-పావనుడా-స్తుతిస్తోత్రము-నీకే
3899,విజయుండు క్రీస్తు ప్రభావముతో ఘనవిజయుండాయెను,missing,,,,https://waytochurch.com/lyrics/song/3899/విజయుండు-క్రీస్తు-ప్రభావముతో-ఘనవిజయుండాయెను
3900,యేసు ప్రభువే సాతాను బలమును జయించెను,in_library_exact,361,Yesu Prabhuve,,https://waytochurch.com/lyrics/song/3900/యేసు-ప్రభువే-సాతాను-బలమును-జయించెను
3901,పాడెదము నీ స్తుతులను మహా ప్రభువా,missing,,,,https://waytochurch.com/lyrics/song/3901/పాడెదము-నీ-స్తుతులను-మహా-ప్రభువా
3902,ప్రభువైన క్రీస్తు మహిమాస్వరూప పూజింతుము నిన్,missing,,,,https://waytochurch.com/lyrics/song/3902/ప్రభువైన-క్రీస్తు-మహిమాస్వరూప-పూజింతుము-నిన్
3903,యేసు ప్రభుని సంకల్పములు మారవు ఎన్నటికి,missing,,,,https://waytochurch.com/lyrics/song/3903/యేసు-ప్రభుని-సంకల్పములు-మారవు-ఎన్నటికి
3904,జయశీలుడవగు ఓ మా ప్రభువా జయగీతముల్ పాడెదం,missing,,,,https://waytochurch.com/lyrics/song/3904/జయశీలుడవగు-ఓ-మా-ప్రభువా-జయగీతముల్-పాడెదం
3905,మహా సామర్థ్యా ఓ యేసు బహు విశాలుడవు నీవు,missing,,,,https://waytochurch.com/lyrics/song/3905/మహా-సామర్థ్యా-ఓ-యేసు-బహు-విశాలుడవు-నీవు
3906,జయించు వారిని కొనిపోవ ప్రభు యేసు వచ్చును,in_library_exact,654,Jayinchuvaarini,,https://waytochurch.com/lyrics/song/3906/జయించు-వారిని-కొనిపోవ-ప్రభు-యేసు-వచ్చును
3907,హల్లెలూయా హల్లెలూయా హల్లెలూయా స్తోత్రం,missing,,,,https://waytochurch.com/lyrics/song/3907/హల్లెలూయా-హల్లెలూయా-హల్లెలూయా-స్తోత్రం
3908,ఓ సంఘమా శుభవార్త యిదే ప్రభుయేసు వచ్చుచుండె,missing,,,,https://waytochurch.com/lyrics/song/3908/ఓ-సంఘమా-శుభవార్త-యిదే-ప్రభుయేసు-వచ్చుచుండె
3909,చూడుమదే చూడుమదే నీ వరుడు వచ్చుచుండె,missing,,,,https://waytochurch.com/lyrics/song/3909/చూడుమదే-చూడుమదే-నీ-వరుడు-వచ్చుచుండె
3910,దేవా నీ సన్నిధిలో నిలచి దీనులమై మొరపెట్టుచున్నాము,in_library_contained,1014,Devaa Nee Sannidhilo,,https://waytochurch.com/lyrics/song/3910/దేవా-నీ-సన్నిధిలో-నిలచి-దీనులమై-మొరపెట్టుచున్నాము
3911,ప్రార్థన వినెడు దేవా ప్రార్థించుమనిన ప్రభువా,missing,,,,https://waytochurch.com/lyrics/song/3911/ప్రార్థన-వినెడు-దేవా-ప్రార్థించుమనిన-ప్రభువా
3912,నేను వెళ్ళెదను మీరు ప్రార్థనలో నుండుడి,missing,,,,https://waytochurch.com/lyrics/song/3912/నేను-వెళ్ళెదను-మీరు-ప్రార్థనలో-నుండుడి
3913,పరిశుద్ధ పట్టణము క్రొత్త యెరూషలేము పరము నుండి వచ్చుట చూచితిని,missing,,,,https://waytochurch.com/lyrics/song/3913/పరిశుద్ధ-పట్టణము-క్రొత్త-యెరూషలేము-పరము-నుండి-వచ్చుట-చూచితిని
3914,నూతనమైన యెరుషలేము పరిశుద్ధ పట్టణము,missing,,,,https://waytochurch.com/lyrics/song/3914/నూతనమైన-యెరుషలేము-పరిశుద్ధ-పట్టణము
3915,ప్రభుని గృహము ఆయన మహిమతో పరిపూర్ణముగా నిండెను,in_library_exact,622,Prabhuni Gruhamu,,https://waytochurch.com/lyrics/song/3915/ప్రభుని-గృహము-ఆయన-మహిమతో-పరిపూర్ణముగా-నిండెను
3916,పరిశుద్ధ మందిరము నాకు నిర్మించ మంటిరి ప్రభువా,missing,,,,https://waytochurch.com/lyrics/song/3916/పరిశుద్ధ-మందిరము-నాకు-నిర్మించ-మంటిరి-ప్రభువా
3917,దేవుడొక నగరము మన కొరకై సిద్ధపరచుచుండె నుండుటకై,in_library_exact,1328,Devudoka Nagaramu,,https://waytochurch.com/lyrics/song/3917/దేవుడొక-నగరము-మన-కొరకై-సిద్ధపరచుచుండె-నుండుటకై
3918,ఈ లోక యాత్రలో నే సాగుచుండ ఒకసారి నవ్వు ఒకసారి యేడ్పు,in_library_fuzzy,24,Ee Loka Yaathraalo,0.920,https://waytochurch.com/lyrics/song/3918/ఈ-లోక-యాత్రలో-నే-సాగుచుండ-ఒకసారి-నవ్వు-ఒకసారి-యేడ్పు
3919,ఆది ప్రేమను విడచిపెట్టితివా ఓ నాదు ప్రియుడా మాదిరిగ జీవించ మానితివా,missing,,,,https://waytochurch.com/lyrics/song/3919/ఆది-ప్రేమను-విడచిపెట్టితివా-ఓ-నాదు-ప్రియుడా-మాదిరిగ-జీవించ-మానితివా
3920,దేవునితో సహపాటి పాలివారిగానుజేసె తోడివారసులనుగా మనలను ప్రభు జేసెనుగా,missing,,,,https://waytochurch.com/lyrics/song/3920/దేవునితో-సహపాటి-పాలివారిగానుజేసె-తోడివారసులనుగా-మనలను-ప్రభు-జేసెనుగా
3921,నిశ్చయముగ నిన్ను దీవించెదను నిశ్చయముగ నిన్ను వృద్ధి పొందింతున్,missing,,,,https://waytochurch.com/lyrics/song/3921/నిశ్చయముగ-నిన్ను-దీవించెదను-నిశ్చయముగ-నిన్ను-వృద్ధి-పొందింతున్
3922,యేసు మనతోనుండగ ధైర్యముగా సాగుచు,missing,,,,https://waytochurch.com/lyrics/song/3922/యేసు-మనతోనుండగ-ధైర్యముగా-సాగుచు
3923,ప్రభువా చేసితివి వాగ్దానములు మాతో నెరవేర్చితివి,missing,,,,https://waytochurch.com/lyrics/song/3923/ప్రభువా-చేసితివి-వాగ్దానములు-మాతో-నెరవేర్చితివి
3924,ఆనందించెదము యెహోవాలో అతిశయించును మాదు ఆత్మ,missing,,,,https://waytochurch.com/lyrics/song/3924/ఆనందించెదము-యెహోవాలో-అతిశయించును-మాదు-ఆత్మ
3925,లేలెమ్ము సీయోను ధరియించుము నీ బలము,missing,,,,https://waytochurch.com/lyrics/song/3925/లేలెమ్ము-సీయోను-ధరియించుము-నీ-బలము
3926,దారితొలగితివేల రక్షణ మార్గము వెదకు,missing,,,,https://waytochurch.com/lyrics/song/3926/దారితొలగితివేల-రక్షణ-మార్గము-వెదకు
3927,లోకమును విడచి వెళ్ళవలెనుగ సర్వమిచ్చటనే విడువవలెన్,in_library_contained,661,Lokamunu Vidachi,,https://waytochurch.com/lyrics/song/3927/లోకమును-విడచి-వెళ్ళవలెనుగ-సర్వమిచ్చటనే-విడువవలెన్
3928,ఎవరో తెలుసా యేసయ్యా చెబుతా నేడు వినవయ్యా,in_library_exact,1199,Evaro Thelusaa Yesayyaa,,https://waytochurch.com/lyrics/song/3928/ఎవరో-తెలుసా-యేసయ్యా-చెబుతా-నేడు-వినవయ్యా
3929,నీ స్వరము వినిపించు ప్రభువా నీ దాసుడాలకించున్,in_library_exact,1058,Nee Swaramu,,https://waytochurch.com/lyrics/song/3929/నీ-స్వరము-వినిపించు-ప్రభువా-నీ-దాసుడాలకించున్
3930,ఆరాధనలకు యోగ్యుడవు స్తుతి గీతంబులకు పాత్రుడవు,missing,,,,https://waytochurch.com/lyrics/song/3930/ఆరాధనలకు-యోగ్యుడవు-స్తుతి-గీతంబులకు-పాత్రుడవు
3931,యెహోవా కార్యములన్నిటికై అర్పింతు కృతజ్ఞతలు,missing,,,,https://waytochurch.com/lyrics/song/3931/యెహోవా-కార్యములన్నిటికై-అర్పింతు-కృతజ్ఞతలు
3932,ఓ ఇశ్రాయేలు నీదు భాగ్యమెంతో గొప్పది యెహోవా రక్షించిన నిన్ను పోలినవాడు ఎవ్వడు,in_library_contained,932,O Ishraayelu,,https://waytochurch.com/lyrics/song/3932/ఓ-ఇశ్రాయేలు-నీదు-భాగ్యమెంతో-గొప్పది-యెహోవా-రక్షించిన-నిన్ను-పోలినవాడు-ఎవ్వడు
3933,నా జీవిత సాగరమున నను నడిపించుము ప్రభువా,missing,,,,https://waytochurch.com/lyrics/song/3933/నా-జీవిత-సాగరమున-నను-నడిపించుము-ప్రభువా
3934,నీ జీవితములో గమ్యంబుయేదో ఒకసారి యోచించవా,in_library_fuzzy,1298,Nee Jeevithamulo,0.889,https://waytochurch.com/lyrics/song/3934/నీ-జీవితములో-గమ్యంబుయేదో-ఒకసారి-యోచించవా
3935,సీయోనుకు తిరిగి చెరలో నుండి విడిపించి యెహోవా రప్పించినప్పుడు,missing,,,,https://waytochurch.com/lyrics/song/3935/సీయోనుకు-తిరిగి-చెరలో-నుండి-విడిపించి-యెహోవా-రప్పించినప్పుడు
3936,ప్రభువా గురి యొద్దకే పరుగెత్తుచున్నాను నేను,missing,,,,https://waytochurch.com/lyrics/song/3936/ప్రభువా-గురి-యొద్దకే-పరుగెత్తుచున్నాను-నేను
3937,శ్రమలను పొందె శ్రీ యేసుడు నీ కొరకై సిలువలో,missing,,,,https://waytochurch.com/lyrics/song/3937/శ్రమలను-పొందె-శ్రీ-యేసుడు-నీ-కొరకై-సిలువలో
3938,పర్వతమా నీవేపాటి జెరుబ్బాబెలు ఎదుటను సమభూమి వగుదువు,missing,,,,https://waytochurch.com/lyrics/song/3938/పర్వతమా-నీవేపాటి-జెరుబ్బాబెలు-ఎదుటను-సమభూమి-వగుదువు
3939,ప్రభు ప్రజలారా రయమున రండి యాకోబు వంశమా స్వకీయ జనమా,missing,,,,https://waytochurch.com/lyrics/song/3939/ప్రభు-ప్రజలారా-రయమున-రండి-యాకోబు-వంశమా-స్వకీయ-జనమా
3940,క్రీస్తేసే మన మహిమ నిరీక్షణయై యున్నాడు,missing,,,,https://waytochurch.com/lyrics/song/3940/క్రీస్తేసే-మన-మహిమ-నిరీక్షణయై-యున్నాడు
3941,యెడతెగక ప్రార్థించుము మెలకువతో కొనసాగుము,missing,,,,https://waytochurch.com/lyrics/song/3941/యెడతెగక-ప్రార్థించుము-మెలకువతో-కొనసాగుము
3942,యేసుక్రీస్తు నిన్న నేడు ఏకరీతిగనే యున్నాడు,missing,,,,https://waytochurch.com/lyrics/song/3942/యేసుక్రీస్తు-నిన్న-నేడు-ఏకరీతిగనే-యున్నాడు
3943,యెహోవాను స్తుతించుడి మీరు యెహోవా నామమును స్తుతియించుడి,missing,,,,https://waytochurch.com/lyrics/song/3943/యెహోవాను-స్తుతించుడి-మీరు-యెహోవా-నామమును-స్తుతియించుడి
3944,స్తుతించుము స్తుతించుము ప్రభుయేసు రారాజని,missing,,,,https://waytochurch.com/lyrics/song/3944/స్తుతించుము-స్తుతించుము-ప్రభుయేసు-రారాజని
3945,ఈ సంఘపు బునాది క్రీస్తేసాధీశుడే దక్కించె యేసు దీని వాక్కాపుల్ రెట్టించే,missing,,,,https://waytochurch.com/lyrics/song/3945/ఈ-సంఘపు-బునాది-క్రీస్తేసాధీశుడే-దక్కించె-యేసు-దీని-వాక్కాపుల్-రెట్టించే
3946,దేవపట్నమా సీయోను నీ మహాత్య మాడితం,missing,,,,https://waytochurch.com/lyrics/song/3946/దేవపట్నమా-సీయోను-నీ-మహాత్య-మాడితం
3947,ఓ పావనులారా మీరు విశ్వాసంపు పునాది యెంతెంతో స్థిరమైనది,missing,,,,https://waytochurch.com/lyrics/song/3947/ఓ-పావనులారా-మీరు-విశ్వాసంపు-పునాది-యెంతెంతో-స్థిరమైనది
3948,మనమే ప్రభుని పరలోక గృహము తానే వసించును దానియందు,missing,,,,https://waytochurch.com/lyrics/song/3948/మనమే-ప్రభుని-పరలోక-గృహము-తానే-వసించును-దానియందు
3949,సంఘమే క్రీస్తు యేసుని శరీరము అందు చేరిన వారే అంగములు,missing,,,,https://waytochurch.com/lyrics/song/3949/సంఘమే-క్రీస్తు-యేసుని-శరీరము-అందు-చేరిన-వారే-అంగములు
3950,క్రీస్తేసు ప్రభువు తనరక్తమిచ్చి కొన్నట్టి సంఘమున,in_library_exact,281,Kreesthesu Prabhuvu,,https://waytochurch.com/lyrics/song/3950/క్రీస్తేసు-ప్రభువు-తనరక్తమిచ్చి-కొన్నట్టి-సంఘమున
3951,పాత క్రొత్త నిబంధనలందున అరవై యారు పుస్తకముల్,missing,,,,https://waytochurch.com/lyrics/song/3951/పాత-క్రొత్త-నిబంధనలందున-అరవై-యారు-పుస్తకముల్
3952,క్రీస్తుని స్వరము విందును ప్రభువే పలికినప్పుడు,in_library_exact,125,Kreesthuni Swaramu Vindunu,,https://waytochurch.com/lyrics/song/3952/క్రీస్తుని-స్వరము-విందును-ప్రభువే-పలికినప్పుడు
3953,దాహము తీర్చుమయ్యా అభిషేకము నీయుమయ్యా,missing,,,,https://waytochurch.com/lyrics/song/3953/దాహము-తీర్చుమయ్యా-అభిషేకము-నీయుమయ్యా
3954,ఆదినములలో దేవోక్తి అరుదాయెను దేవునివార్త,missing,,,,https://waytochurch.com/lyrics/song/3954/ఆదినములలో-దేవోక్తి-అరుదాయెను-దేవునివార్త
3955,అమృతము అద్భుతము దివ్యసత్యము,missing,,,,https://waytochurch.com/lyrics/song/3955/అమృతము-అద్భుతము-దివ్యసత్యము
3956,మంగళముగ పాడుడీ కృప సత్యంబును,missing,,,,https://waytochurch.com/lyrics/song/3956/మంగళముగ-పాడుడీ-కృప-సత్యంబును
3957,నిత్యుడేసునే స్తుతించు తన సత్యము కొరకై,missing,,,,https://waytochurch.com/lyrics/song/3957/నిత్యుడేసునే-స్తుతించు-తన-సత్యము-కొరకై
3958,దప్పిగొనిన వానిపై నీటిన్ కుమ్మరించును ఆ ప్రభువే,missing,,,,https://waytochurch.com/lyrics/song/3958/దప్పిగొనిన-వానిపై-నీటిన్-కుమ్మరించును-ఆ-ప్రభువే
3960,సరస్సు ప్రక్కన రొట్టెలను వడ్డించునట్లుగా నాకు,missing,,,,https://waytochurch.com/lyrics/song/3960/సరస్సు-ప్రక్కన-రొట్టెలను-వడ్డించునట్లుగా-నాకు
3961,నాథా సమూయేలు రీతి నీయామోద శబ్దము,missing,,,,https://waytochurch.com/lyrics/song/3961/నాథా-సమూయేలు-రీతి-నీయామోద-శబ్దము
3962,నే బోధింప జనాళికిన్ నేర్పింపు నాకు నో ప్రభు,missing,,,,https://waytochurch.com/lyrics/song/3962/నే-బోధింప-జనాళికిన్-నేర్పింపు-నాకు-నో-ప్రభు
3963,యేసుని నమ్మెడివారు ఆయన ఉచిత కృపతో,missing,,,,https://waytochurch.com/lyrics/song/3963/యేసుని-నమ్మెడివారు-ఆయన-ఉచిత-కృపతో
3964,యెహోవాను స్తుతించుడి ఆయన దయాళుడు శత్రుని చేతిలో నుండి కాచిన బలవంతుడు తానే,missing,,,,https://waytochurch.com/lyrics/song/3964/యెహోవాను-స్తుతించుడి-ఆయన-దయాళుడు-శత్రుని-చేతిలో-నుండి-కాచిన-బలవంతుడు-తానే
3965,సీయోను పాటలు సంతోషముగ పాడుచు సీయోను వెళ్లుదము,in_library_contained,115,Oneness,,https://waytochurch.com/lyrics/song/3965/సీయోను-పాటలు-సంతోషముగ-పాడుచు-సీయోను-వెళ్లుదము
3966,ఇదిగో నేనొక నూతన క్రియను చేయుచున్నాను,in_library_exact,595,Idhigo Nenoka Noothana Kriyanu,,https://waytochurch.com/lyrics/song/3966/ఇదిగో-నేనొక-నూతన-క్రియను-చేయుచున్నాను
3967,స్వచ్ఛంద సీయోనువాసి సర్వాధికారి కస్తూరి పూరాసి,in_library_exact,937,Swachchandha Seeyonu Vaasi,,https://waytochurch.com/lyrics/song/3967/స్వచ్ఛంద-సీయోనువాసి-సర్వాధికారి-కస్తూరి-పూరాసి
3968,యెహోవాయందానందమే మహా బలము మీకు,missing,,,,https://waytochurch.com/lyrics/song/3968/యెహోవాయందానందమే-మహా-బలము-మీకు
3969,దేవుడు మీకు ఎల్లప్పుడు తోడుగనున్నడు,in_library_fuzzy,203,Devudu Manaku Ellappudu,0.909,https://waytochurch.com/lyrics/song/3969/దేవుడు-మీకు-ఎల్లప్పుడు-తోడుగనున్నడు
3970,ఎల్లప్పుడు ఎల్లప్పుడు ఎల్లప్పుడు సంతోషము యేసు నాతోకూడ నున్నందున,missing,,,,https://waytochurch.com/lyrics/song/3970/ఎల్లప్పుడు-ఎల్లప్పుడు-ఎల్లప్పుడు-సంతోషము-యేసు-నాతోకూడ-నున్నందున
3971,దేవసమాధానం శాంతివలె ప్రవహించుచుండు వరదరీతి,missing,,,,https://waytochurch.com/lyrics/song/3971/దేవసమాధానం-శాంతివలె-ప్రవహించుచుండు-వరదరీతి
3972,దివ్య యేసు మీద నానుకొందుము నిత్య విశ్రాంతిని పొందియుందుము,missing,,,,https://waytochurch.com/lyrics/song/3972/దివ్య-యేసు-మీద-నానుకొందుము-నిత్య-విశ్రాంతిని-పొందియుందుము
3973,ఆత్మ విషయమై దీనులైనవారు ధన్యులు పరలోక రాజ్యము వారిది,in_library_exact,1044,Aathma Vishayamai,,https://waytochurch.com/lyrics/song/3973/ఆత్మ-విషయమై-దీనులైనవారు-ధన్యులు-పరలోక-రాజ్యము-వారిది
3974,శాశ్వతమైనది ప్రేమ యెహోవా తండ్రి ప్రేమ,missing,,,,https://waytochurch.com/lyrics/song/3974/శాశ్వతమైనది-ప్రేమ-యెహోవా-తండ్రి-ప్రేమ
3975,పరిశుద్ధులై యుండుడి దైవ చిత్తమున పెరుగుడి,missing,,,,https://waytochurch.com/lyrics/song/3975/పరిశుద్ధులై-యుండుడి-దైవ-చిత్తమున-పెరుగుడి
3976,ప్రేమా ప్రేమా ప్రేమా ప్రియుడవు నీవే ఆనంద మానందమే,missing,,,,https://waytochurch.com/lyrics/song/3976/ప్రేమా-ప్రేమా-ప్రేమా-ప్రియుడవు-నీవే-ఆనంద-మానందమే
3977,ఎరిగియుంటివే యెహోవా యేసుక్రీస్తునందు నన్ను,missing,,,,https://waytochurch.com/lyrics/song/3977/ఎరిగియుంటివే-యెహోవా-యేసుక్రీస్తునందు-నన్ను
3978,నే యేసుని వెలుగులో నడిచెదను రాత్రింబగలాయనతో నడిచెదను,in_library_exact,1573,Ne Yesuni Velugulo,,https://waytochurch.com/lyrics/song/3978/నే-యేసుని-వెలుగులో-నడిచెదను-రాత్రింబగలాయనతో-నడిచెదను
3979,నడిచెద నే ప్రభుయేసునితో నడిచెద నే ప్రభు హస్తముతో,in_library_contained,1573,Ne Yesuni Velugulo,,https://waytochurch.com/lyrics/song/3979/నడిచెద-నే-ప్రభుయేసునితో-నడిచెద-నే-ప్రభు-హస్తముతో
3980,మీరే లోకమునకు వెలుగు లోకమునకు ఉప్పు మీరే,missing,,,,https://waytochurch.com/lyrics/song/3980/మీరే-లోకమునకు-వెలుగు-లోకమునకు-ఉప్పు-మీరే
3981,బలవంతుడేసు మహిమ పాడి వీలగునే వివరింప,missing,,,,https://waytochurch.com/lyrics/song/3981/బలవంతుడేసు-మహిమ-పాడి-వీలగునే-వివరింప
3982,హా రక్షణంపు బావులెల్లను అంతులేని లోతుగలవి,missing,,,,https://waytochurch.com/lyrics/song/3982/హా-రక్షణంపు-బావులెల్లను-అంతులేని-లోతుగలవి
3983,నేనే భయపడ కూడదనెను ఆ ఆ ఆ ఆ శిష్యులను ధైర్యపరచిన వాడతడే,missing,,,,https://waytochurch.com/lyrics/song/3983/నేనే-భయపడ-కూడదనెను-ఆ-ఆ-ఆ-ఆ-శిష్యులను-ధైర్యపరచిన-వాడతడే
3984,మనము యేసు ప్రభుని మహిమ కనుగొంటిమి,missing,,,,https://waytochurch.com/lyrics/song/3984/మనము-యేసు-ప్రభుని-మహిమ-కనుగొంటిమి
3985,దేవా నీ తలంపులు నా కెంతో ప్రియము ఎంతో ప్రియము,missing,,,,https://waytochurch.com/lyrics/song/3985/దేవా-నీ-తలంపులు-నా-కెంతో-ప్రియము-ఎంతో-ప్రియము
3986,ఆకాశమా ఆలకించుమా మాటలాడెదన్,missing,,,,https://waytochurch.com/lyrics/song/3986/ఆకాశమా-ఆలకించుమా-మాటలాడెదన్
3987,సమాధాన గృహంబులోను సమాధానకర్త స్తోత్రములు,in_library_exact,1242,Samaadhaana Gruhambulonu,,https://waytochurch.com/lyrics/song/3987/సమాధాన-గృహంబులోను-సమాధానకర్త-స్తోత్రములు
3988,లేచిరండి విశ్వాసులారా యోర్దాన్ నదిని దాటను,missing,,,,https://waytochurch.com/lyrics/song/3988/లేచిరండి-విశ్వాసులారా-యోర్దాన్-నదిని-దాటను
3989,రారమ్ము రారమ్ము సాత్వీకుడైన యేసుని యొద్దకు రారమ్ము,missing,,,,https://waytochurch.com/lyrics/song/3989/రారమ్ము-రారమ్ము-సాత్వీకుడైన-యేసుని-యొద్దకు-రారమ్ము
3990,భయపడకుము నీవు యుద్ధము యెహోవదే,missing,,,,https://waytochurch.com/lyrics/song/3990/భయపడకుము-నీవు-యుద్ధము-యెహోవదే
3991,భయపడకుము ఓ చిన్న మందా దయగల మీ తండ్రి పిలుచుచున్నాడు,missing,,,,https://waytochurch.com/lyrics/song/3991/భయపడకుము-ఓ-చిన్న-మందా-దయగల-మీ-తండ్రి-పిలుచుచున్నాడు
3992,మనమేసుని వారము తనవారిగానే యుందుము,missing,,,,https://waytochurch.com/lyrics/song/3992/మనమేసుని-వారము-తనవారిగానే-యుందుము
3993,వారు ఆయన తట్టు చూడగానే వారికి వెలుగు కలిగెను,missing,,,,https://waytochurch.com/lyrics/song/3993/వారు-ఆయన-తట్టు-చూడగానే-వారికి-వెలుగు-కలిగెను
3994,లోకం జీవం మరణంబైనన్ సకలము మేవె నిజం స్థిరముగ నమ్ముడిలన్,missing,,,,https://waytochurch.com/lyrics/song/3994/లోకం-జీవం-మరణంబైనన్-సకలము-మేవె-నిజం-స్థిరముగ-నమ్ముడిలన్
3995,సర్వశక్తుని వాక్కు యిదియే సర్వమును మీవే దేవుని సర్వమును మీవే,missing,,,,https://waytochurch.com/lyrics/song/3995/సర్వశక్తుని-వాక్కు-యిదియే-సర్వమును-మీవే-దేవుని-సర్వమును-మీవే
3996,సంపూర్ణ రక్షణయూట పొంగుచున్నది చూడుము,missing,,,,https://waytochurch.com/lyrics/song/3996/సంపూర్ణ-రక్షణయూట-పొంగుచున్నది-చూడుము
3997,ప్రభువైన క్రీస్తులో తండ్రి ప్రేమతో నిచ్చె పరలోక దీవెనలు విరివిగను,missing,,,,https://waytochurch.com/lyrics/song/3997/ప్రభువైన-క్రీస్తులో-తండ్రి-ప్రేమతో-నిచ్చె-పరలోక-దీవెనలు-విరివిగను
3998,ప్రభు క్రీస్తేసు నీకే మా స్తుతులు విభుడా మాదు స్తుతులే నీ హారములు,missing,,,,https://waytochurch.com/lyrics/song/3998/ప్రభు-క్రీస్తేసు-నీకే-మా-స్తుతులు-విభుడా-మాదు-స్తుతులే-నీ-హారములు
3999,కృపాతిశయముల్ ఓ నా యెహోవా నిత్యమున్ కీర్తింతును,missing,,,,https://waytochurch.com/lyrics/song/3999/కృపాతిశయముల్-ఓ-నా-యెహోవా-నిత్యమున్-కీర్తింతును
4000,పర్వతములు తొలగిపోయినను తత్తరిల్లినను,missing,,,,https://waytochurch.com/lyrics/song/4000/పర్వతములు-తొలగిపోయినను-తత్తరిల్లినను
4001,నా ప్రియుడు నావాడు నేను అతని వాడను,missing,,,,https://waytochurch.com/lyrics/song/4001/నా-ప్రియుడు-నావాడు-నేను-అతని-వాడను
4002,ఈ సుదినము యేసు ప్రభువా నీదు దానం,missing,,,,https://waytochurch.com/lyrics/song/4002/ఈ-సుదినము-యేసు-ప్రభువా-నీదు-దానం
4003,దేవుడు దేనికి శిల్పియును నిర్మాణకుడై యున్నాడో,missing,,,,https://waytochurch.com/lyrics/song/4003/దేవుడు-దేనికి-శిల్పియును-నిర్మాణకుడై-యున్నాడో
4004,ఓ ప్రభువా నీ సేవన్ చేసెద నిత్యము,missing,,,,https://waytochurch.com/lyrics/song/4004/ఓ-ప్రభువా-నీ-సేవన్-చేసెద-నిత్యము
4005,హల్లేలూయ పాడెదా ప్రభు నిన్ను కొనియాడెదన్,in_library_exact,345,Hallelooyaa Paadedaaa,,https://waytochurch.com/lyrics/song/4005/హల్లేలూయ--పాడెదా--ప్రభు-నిన్ను-కొనియాడెదన్
4006,పూర్ణ హృదయ స్తోత్రముల్ చెల్లించెద ప్రభునకే,missing,,,,https://waytochurch.com/lyrics/song/4006/పూర్ణ-హృదయ-స్తోత్రముల్-చెల్లించెద-ప్రభునకే
4007,ప్రభుని సంఘమా మేల్కో నేడే నిద్ర నుండి మెల్కో,missing,,,,https://waytochurch.com/lyrics/song/4007/ప్రభుని-సంఘమా-మేల్కో-నేడే-నిద్ర-నుండి-మెల్కో
4008,సుఖదుఃఖాలయాత్ర కాదా మానవజీవితమంత,missing,,,,https://waytochurch.com/lyrics/song/4008/సుఖదుఃఖాలయాత్ర-కాదా-మానవజీవితమంత
4009,లేరు లేరు జగతిన్ న్నీ సమము భాసుర తేజ యేసురాజ,missing,,,,https://waytochurch.com/lyrics/song/4009/లేరు-లేరు-జగతిన్-న్నీ-సమము-భాసుర-తేజ-యేసురాజ
4010,నా మనోనేత్రము తెరచి నా కఠిన హృదయమును మార్చి,in_library_exact,105,Naa Mano Nethramu Therachi,,https://waytochurch.com/lyrics/song/4010/నా-మనోనేత్రము-తెరచి-నా-కఠిన-హృదయమును-మార్చి
4011,స్తుతించు స్తుతించు ప్రభు యేసు నే స్తుతించు,missing,,,,https://waytochurch.com/lyrics/song/4011/స్తుతించు-స్తుతించు-ప్రభు-యేసు-నే-స్తుతించు
4012,కీర్తింతున్ నా ప్రభుని జీవకాలమెల్ల ప్రభుయేసుని,in_library_contained,1194,Adavi Chetla Naduma,,https://waytochurch.com/lyrics/song/4012/కీర్తింతున్-నా-ప్రభుని-జీవకాలమెల్ల-ప్రభుయేసుని
4013,అడవి చెట్ల నడుమ ఒక జల్దరు వృక్షం వలె,in_library_exact,1194,Adavi Chetla Naduma,,https://waytochurch.com/lyrics/song/4013/అడవి-చెట్ల-నడుమ-ఒక-జల్దరు-వృక్షం-వలె
4014,మహిమ ఘనత స్తుతి ప్రభావము నీకే కలుగును గాక,missing,,,,https://waytochurch.com/lyrics/song/4014/మహిమ-ఘనత-స్తుతి-ప్రభావము-నీకే-కలుగును-గాక
4015,ఆ కలువరి మార్గములో యేసు సిలువను మోసెను,missing,,,,https://waytochurch.com/lyrics/song/4015/ఆ-కలువరి-మార్గములో-యేసు-సిలువను-మోసెను
4016,యేసు ప్రభు పిలుచుచుండెన్ నూతన జీవం నీకిచ్చుటకు,missing,,,,https://waytochurch.com/lyrics/song/4016/యేసు-ప్రభు-పిలుచుచుండెన్-నూతన-జీవం-నీకిచ్చుటకు
4017,శాంతి సంతోషం పాపక్షమాపణ సదా యేసులో దొరుకున్,missing,,,,https://waytochurch.com/lyrics/song/4017/శాంతి-సంతోషం-పాపక్షమాపణ-సదా-యేసులో-దొరుకున్
4018,యేసుని చెంతకు ఆశతో రమ్మిల దోషముల్ బాపునయా,missing,,,,https://waytochurch.com/lyrics/song/4018/యేసుని-చెంతకు-ఆశతో-రమ్మిల-దోషముల్-బాపునయా
4019,యేసు నామమునే పాపికి రక్షణ సర్వజగము నందు,missing,,,,https://waytochurch.com/lyrics/song/4019/యేసు-నామమునే-పాపికి-రక్షణ-సర్వజగము-నందు
4020,యేసుని వెంట నేను వెంబడించుచున్నాను,missing,,,,https://waytochurch.com/lyrics/song/4020/యేసుని-వెంట-నేను-వెంబడించుచున్నాను
4021,విలపింతువా నెహెమ్యావలె విలపింతువా ఎజ్రావలె,missing,,,,https://waytochurch.com/lyrics/song/4021/విలపింతువా-నెహెమ్యావలె-విలపింతువా-ఎజ్రావలె
4022,యేసు ప్రభువా నీవే మహిమా నిరీక్షణ,in_library_exact,1091,Yesu Prabhuvaa Neeve,,https://waytochurch.com/lyrics/song/4022/యేసు-ప్రభువా-నీవే-మహిమా-నిరీక్షణ
4023,స్తుతియూ ప్రశంసయూ మహిమయూ నా ముక్తి దాతకే,missing,,,,https://waytochurch.com/lyrics/song/4023/స్తుతియూ-ప్రశంసయూ-మహిమయూ-నా-ముక్తి-దాతకే
4024,ఓ అబ్రాహాం ఇస్సాకు ఇశ్రాయేలు దేవా నిత్య నివాసి నీవు,missing,,,,https://waytochurch.com/lyrics/song/4024/ఓ-అబ్రాహాం-ఇస్సాకు-ఇశ్రాయేలు-దేవా-నిత్య-నివాసి-నీవు
4025,నా ప్రియమైన యేసుప్రభు వేలాదిస్తోత్రములు,in_library_exact,876,Naa Priyamaina Yesu Prabhu,,https://waytochurch.com/lyrics/song/4025/నా-ప్రియమైన-యేసుప్రభు-వేలాదిస్తోత్రములు
4026,తంబుర సితారతో మా ప్రభుని ఆరాధించెదము,missing,,,,https://waytochurch.com/lyrics/song/4026/తంబుర-సితారతో-మా-ప్రభుని-ఆరాధించెదము
4027,క్రైస్తవ జీవితం సౌభాగ్య జీవితం ప్రభు పిల్లలకు ఎంతో ఆనందం,in_library_exact,1163,Kraisthava Jeevitham,,https://waytochurch.com/lyrics/song/4027/క్రైస్తవ-జీవితం-సౌభాగ్య-జీవితం-ప్రభు-పిల్లలకు-ఎంతో-ఆనందం
4028,రాజులకు రాజైన యేసు ప్రభు రానై యున్నాడు,missing,,,,https://waytochurch.com/lyrics/song/4028/రాజులకు-రాజైన-యేసు-ప్రభు-రానై-యున్నాడు
4029,కోత విస్తారమే గాని పనివారు కొద్దిగా ఉన్నరు,missing,,,,https://waytochurch.com/lyrics/song/4029/కోత-విస్తారమే-గాని-పనివారు-కొద్దిగా-ఉన్నరు
4030,ఎంత సౌందర్య నగరము అద్భుత మహిమ ప్రభావముతో నిండెను,missing,,,,https://waytochurch.com/lyrics/song/4030/ఎంత-సౌందర్య-నగరము-అద్భుత-మహిమ-ప్రభావముతో-నిండెను
4031,నీవు దేనిని వెదకుచున్నావు ఈ పాపలోకము నందు విను యేసుని స్వరమును,missing,,,,https://waytochurch.com/lyrics/song/4031/నీవు-దేనిని-వెదకుచున్నావు-ఈ-పాపలోకము-నందు-విను-యేసుని-స్వరమును
4032,యేసు నీ స్వరూపమును నేను చూచుచు నీ పోలికగా నేను మారెదన్,in_library_contained,286,Yesu Nee Swaroopamunu,,https://waytochurch.com/lyrics/song/4032/యేసు-నీ-స్వరూపమును-నేను-చూచుచు-నీ-పోలికగా-నేను-మారెదన్
4033,నా ప్రియుడా పాపవిమోచకుడా ప్రభుయేసు,missing,,,,https://waytochurch.com/lyrics/song/4033/నా-ప్రియుడా-పాపవిమోచకుడా-ప్రభుయేసు
4034,దేవుని మహిమ మందిరం యాజకుల ఆరధనాలయం,missing,,,,https://waytochurch.com/lyrics/song/4034/దేవుని-మహిమ-మందిరం-యాజకుల-ఆరధనాలయం
4035,నీ మందిరము అతిశృంగారము నీ ప్రజలందరికి,missing,,,,https://waytochurch.com/lyrics/song/4035/నీ-మందిరము-అతిశృంగారము-నీ-ప్రజలందరికి
4036,నీ మందిరమునందు నివసించువారు ధన్యులు ధన్యులు,missing,,,,https://waytochurch.com/lyrics/song/4036/నీ-మందిరమునందు-నివసించువారు-ధన్యులు-ధన్యులు
4037,ఆత్మ నియమము ద్వారా సాగి పోవుదము,missing,,,,https://waytochurch.com/lyrics/song/4037/ఆత్మ-నియమము-ద్వారా-సాగి-పోవుదము
4038,నమ్మదగినవాడవు నెమ్మదిని చేకూర్చను,missing,,,,https://waytochurch.com/lyrics/song/4038/నమ్మదగినవాడవు-నెమ్మదిని-చేకూర్చను
4039,నీకు కలిగిన దానిని చేపట్టుము జారవిడచెదవేమో జాగ్రత్తపడు,missing,,,,https://waytochurch.com/lyrics/song/4039/నీకు-కలిగిన-దానిని-చేపట్టుము-జారవిడచెదవేమో-జాగ్రత్తపడు
4040,నీవెన్నాళ్ళు రెండు తలంపులతో కుంటి కుంటి నడిచెద వీవు,in_library_exact,769,Neevennaallu Rendu Thalampulatho,,https://waytochurch.com/lyrics/song/4040/నీవెన్నాళ్ళు-రెండు-తలంపులతో-కుంటి-కుంటి-నడిచెద-వీవు
4041,నేను తగ్గాలి యేసు నీవే హెచ్చాలి,in_library_exact,327,Nenu Thaggaali Yesu,,https://waytochurch.com/lyrics/song/4041/నేను-తగ్గాలి-యేసు-నీవే-హెచ్చాలి
4042,నే స్తుతించెదను యేసు నామమును భజించెదను క్రీస్తు నామమును,in_library_exact,690,Ne Sthuthinchedanu,,https://waytochurch.com/lyrics/song/4042/నే-స్తుతించెదను-యేసు-నామమును-భజించెదను-క్రీస్తు-నామమును
4043,పరలోకమే నా స్వాస్థ్యము ఎపుడు గాంతునో,in_library_exact,1612,Paralokame Naa Swaasthyamu,,https://waytochurch.com/lyrics/song/4043/పరలోకమే-నా-స్వాస్థ్యము-ఎపుడు-గాంతునో
4044,పాడెద దేవా నీ కృపలన్ నూతన గీతములన్ స్తోత్రము చెల్లింతున్,in_library_contained,143,Paadeda Devaa Nee Krupalan,,https://waytochurch.com/lyrics/song/4044/పాడెద-దేవా-నీ-కృపలన్-నూతన-గీతములన్-స్తోత్రము-చెల్లింతున్
4045,ప్రార్థించుము నీ జీవితములో నెమ్మది సుఖము లొందెదవు,in_library_exact,1439,Praardhinchumu,,https://waytochurch.com/lyrics/song/4045/ప్రార్థించుము-నీ-జీవితములో-నెమ్మది-సుఖము-లొందెదవు
4046,ప్రార్థించుము ప్రియుడా ప్రభు సన్నిధిలో,missing,,,,https://waytochurch.com/lyrics/song/4046/ప్రార్థించుము-ప్రియుడా-ప్రభు-సన్నిధిలో
4047,పేద నరుని రూపము దరించి యేసురాజు నీ చెంత నిలచే అంగీకరించు మాయనను,in_library_contained,1151,Peda Naruni Roopamu,,https://waytochurch.com/lyrics/song/4047/పేద-నరుని-రూపము-దరించి-యేసురాజు-నీ-చెంత-నిలచే-అంగీకరించు-మాయనను
4048,పైనున్న ఆకాశమందునా క్రిందున్న భూలోకమందునా,in_library_exact,448,Painunna Aakaashamandunaa,,https://waytochurch.com/lyrics/song/4048/పైనున్న-ఆకాశమందునా-క్రిందున్న-భూలోకమందునా
4049,యెహోవానైన నేను మార్పు లేని వాడను గాన,missing,,,,https://waytochurch.com/lyrics/song/4049/యెహోవానైన-నేను-మార్పు-లేని-వాడను-గాన
4050,యెహోవాయే మనదేవుడు మార్పులేనివాడు,missing,,,,https://waytochurch.com/lyrics/song/4050/యెహోవాయే-మనదేవుడు-మార్పులేనివాడు
4051,యేసు నామం మనోహరం ఎంతో అతిమధురం,missing,,,,https://waytochurch.com/lyrics/song/4051/యేసు-నామం-మనోహరం-ఎంతో-అతిమధురం
4052,యేసుని రాజ్యము అది నిశ్చలమైనది,missing,,,,https://waytochurch.com/lyrics/song/4052/యేసుని-రాజ్యము-అది-నిశ్చలమైనది
4053,యేసు నీకే జయం జయము నీవె లోక పాలకుడవు,in_library_exact,1177,Yesu Neeke Jayam Jayamu,,https://waytochurch.com/lyrics/song/4053/యేసు-నీకే-జయం-జయము-నీవె-లోక-పాలకుడవు
4054,యేసు ప్రభువే లోకరక్షకుడు వేరెవ్వరు లేరు పాపులైన మనల రక్షింప,missing,,,,https://waytochurch.com/lyrics/song/4054/యేసు-ప్రభువే-లోకరక్షకుడు-వేరెవ్వరు-లేరు-పాపులైన-మనల-రక్షింప
4055,స్తుతియింతుము యేసు ప్రభువా మా స్తుతికి పాత్రుడా,missing,,,,https://waytochurch.com/lyrics/song/4055/స్తుతియింతుము-యేసు-ప్రభువా-మా-స్తుతికి-పాత్రుడా
4056,తన రాజ్యమునకు మహిమకు పిలచిన మన ప్రభువుకు తగినట్టు నడిచెదము,missing,,,,https://waytochurch.com/lyrics/song/4056/తన-రాజ్యమునకు-మహిమకు-పిలచిన-మన-ప్రభువుకు-తగినట్టు-నడిచెదము
4057,ప్రభువుకు తగినట్టు నడుచుకొందము రండి,missing,,,,https://waytochurch.com/lyrics/song/4057/ప్రభువుకు-తగినట్టు-నడుచుకొందము-రండి
4058,నిత్యము నిలుచునది దేవుని వాక్యము,missing,,,,https://waytochurch.com/lyrics/song/4058/నిత్యము-నిలుచునది-దేవుని-వాక్యము
4059,ఇదిగో మీ దేవుడని యూదా పట్టణములకు ప్రకటించుడి,missing,,,,https://waytochurch.com/lyrics/song/4059/ఇదిగో-మీ-దేవుడని-యూదా-పట్టణములకు-ప్రకటించుడి
4060,సమాధానము దేవుని సమాధానము,missing,,,,https://waytochurch.com/lyrics/song/4060/సమాధానము-దేవుని-సమాధానము
4061,ఆనందముతో ఆరాధింతున్ ఆత్మతోను సత్యముతో,missing,,,,https://waytochurch.com/lyrics/song/4061/ఆనందముతో-ఆరాధింతున్-ఆత్మతోను-సత్యముతో
4062,యెహోవా నా స్తుతికాధారుడా,missing,,,,https://waytochurch.com/lyrics/song/4062/యెహోవా-నా-స్తుతికాధారుడా
4063,నీ రెక్కల చాటున శరణొందెదన్,missing,,,,https://waytochurch.com/lyrics/song/4063/నీ-రెక్కల-చాటున-శరణొందెదన్
4064,పల్లవరపు కొండలపైన ప్రభుదాసులు ప్రార్థింపగను,missing,,,,https://waytochurch.com/lyrics/song/4064/పల్లవరపు-కొండలపైన-ప్రభుదాసులు-ప్రార్థింపగను
4065,వస్తున్నాడొస్తున్నాడో ఓరన్నా రారాజు యేసయ్యా,missing,,,,https://waytochurch.com/lyrics/song/4065/వస్తున్నాడొస్తున్నాడో-ఓరన్నా-రారాజు-యేసయ్యా
4539,రాజుల రాజైన యేసు రాజు భూజనులనేలున్,in_library_exact,115,Oneness,,https://waytochurch.com/lyrics/song/4539/రాజుల-రాజైన-యేసు-రాజు-భూజనులనేలున్
5389,రోజంతా ద్వేషం మనుషుల కోపం,in_library_exact,1607,Rojanthaa Dvesham,,https://waytochurch.com/lyrics/song/5389/రోజంతా-ద్వేషం-మనుషుల-కోపం
5535,ఏ రీతి స్తుతియింతునో – ఏ రీతి సేవింతునో,in_library_exact,1064,Ae Reethi Sthuthiyinthuno,,https://waytochurch.com/lyrics/song/5535/ఏ-రీతి-స్తుతియింతునో-–-ఏ-రీతి-సేవింతునో
5536,ఏ రీతి నీ ఋణం తీర్చుకొందు నేసువా ఏ రీతి నీ ఋణం తీర్చుకొందు నేసువా,missing,,,,https://waytochurch.com/lyrics/song/5536/ఏ-రీతి-నీ-ఋణం-తీర్చుకొందు-నేసువా-ఏ-రీతి-నీ-ఋణం-తీర్చుకొందు-నేసువా
5537,నేను పిలిస్తే పరుగున విచ్ఛేస్తారు,in_library_exact,480,Nenu Pilisthe Paruguna,,https://waytochurch.com/lyrics/song/5537/నేను-పిలిస్తే-పరుగున-విచ్ఛేస్తారు
5539,ఆకాశంబున్ దూతలు,in_library_exact,1398,Aakaashambun Doothalu,,https://waytochurch.com/lyrics/song/5539/ఆకాశంబున్-దూతలు
5540,నాకెన్నో మేలులు చేసితివే,in_library_exact,1490,Naakenno Melulu Chesithive,,https://waytochurch.com/lyrics/song/5540/నాకెన్నో-మేలులు-చేసితివే
5541,నీవే నా ప్రాణం సర్వం,in_library_exact,737,Neeve Naa Praanam Sarvam,,https://waytochurch.com/lyrics/song/5541/నీవే-నా-ప్రాణం-సర్వం
5542,అందాల తార అరుదెంచి నాకై అంభర వీధిలో,in_library_exact,138,Andaala Thaara,,https://waytochurch.com/lyrics/song/5542/అందాల-తార-అరుదెంచి-నాకై-అంభర-వీధిలో
5543,అద్వితీయ సత్యదేవా వందనం,in_library_contained,37,Advitheeya Sathya Devaa,,https://waytochurch.com/lyrics/song/5543/అద్వితీయ-సత్యదేవా-వందనం
5544,అన్నిటి కన్నా ప్రార్థనే మిన్న,in_library_exact,1182,Anniti Kannaa Praardhane Minna,,https://waytochurch.com/lyrics/song/5544/అన్నిటి-కన్నా-ప్రార్థనే-మిన్న
5545,అగ్ని మండించు నాలో అగ్ని మండించు,in_library_exact,100,Agni Mandinchu,,https://waytochurch.com/lyrics/song/5545/అగ్ని-మండించు-నాలో-అగ్ని-మండించు
5546,ఆలయంలో ప్రవేశించండి అందరు,in_library_exact,348,Aalayamlo Praveshinchandi,,https://waytochurch.com/lyrics/song/5546/ఆలయంలో-ప్రవేశించండి-అందరు
5547,ఆనంద సంద్రంబున నా జీవిత నావను,missing,,,,https://waytochurch.com/lyrics/song/5547/ఆనంద-సంద్రంబున-నా-జీవిత-నావను
5548,ఆహా ఆనందమే మహా సంతోషమే,in_library_exact,360,Aahaa Aanandame,,https://waytochurch.com/lyrics/song/5548/ఆహా-ఆనందమే-మహా-సంతోషమే
5549,ఇబాదత్ కరో,missing,,,,https://waytochurch.com/lyrics/song/5549/ఇబాదత్-కరో
5550,ఇది మట్టలాది వారం ఇది మహ పర్వదినము,missing,,,,https://waytochurch.com/lyrics/song/5550/ఇది-మట్టలాది-వారం--ఇది-మహ-పర్వదినము
5551,ఉన్నావు దేవా యుగయుగములు ఉన్నవాడ నీవే తరతరములు,missing,,,,https://waytochurch.com/lyrics/song/5551/ఉన్నావు-దేవా-యుగయుగములు---ఉన్నవాడ-నీవే-తరతరములు
5552,ఉన్న పాటున వచ్చుచున్నాను నీ పాద సన్నిధిలో కో రక్షకా యొన్న,in_library_fuzzy,288,Unna Paatuna Vachchuchunnaanu,0.889,https://waytochurch.com/lyrics/song/5552/ఉన్న-పాటున-వచ్చుచున్నాను--నీ-పాద--సన్నిధిలో-కో-రక్షకా--యొన్న
5553,ఊహలకందని లోకంలో,missing,,,,https://waytochurch.com/lyrics/song/5553/ఊహలకందని-లోకంలో
5554,ఎవరైనా ఉన్నారా ఎచటైనా ఉన్నారా,missing,,,,https://waytochurch.com/lyrics/song/5554/ఎవరైనా-ఉన్నారా-ఎచటైనా-ఉన్నారా
5555,ఎంత దీనాతి దీనమో ఓ యేసయ్యా,in_library_exact,1708,Entha Deenaathi Deenamo O Yesayyaa (2),,https://waytochurch.com/lyrics/song/5555/ఎంత-దీనాతి-దీనమో-ఓ-యేసయ్యా
5556,ఎవరూ లేక ఒంటరినై,in_library_exact,962,Evaru Leka Ontarinai,,https://waytochurch.com/lyrics/song/5556/ఎవరూ-లేక-ఒంటరినై
5557,ఏమి తెచ్చి నిను దర్శింతునయా,missing,,,,https://waytochurch.com/lyrics/song/5557/ఏమి-తెచ్చి-నిను-దర్శింతునయా
5558,ఏ సమయమందైనా ఏ స్థలమందైనా,in_library_exact,1511,Ae Samayamandainaa,,https://waytochurch.com/lyrics/song/5558/ఏ-సమయమందైనా-ఏ-స్థలమందైనా
5559,ఒకని తల్లి ఆదరించునట్లు,in_library_exact,603,Okani Thalli Aadarinchunatlu,,https://waytochurch.com/lyrics/song/5559/ఒకని-తల్లి-ఆదరించునట్లు
5560,ఒక క్షణమైన నిను వీడినా,missing,,,,https://waytochurch.com/lyrics/song/5560/ఒక-క్షణమైన-నిను-వీడినా
5561,కన్నులనెత్తి పైరుల చూడు కోయగ లేరెవ్వరు,in_library_exact,1024,Kannulanetthi Pairula Choodu,,https://waytochurch.com/lyrics/song/5561/కన్నులనెత్తి-పైరుల-చూడు-కోయగ-లేరెవ్వరు
5562,కనుచూపుమేరలోన ఏ ఆశలేని వేళ,in_library_lyric_line,837,Kanuchoopu Meralona,,https://waytochurch.com/lyrics/song/5562/కనుచూపుమేరలోన-ఏ-ఆశలేని-వేళ
5563,కన్నీటి బాధను విడుచుచున్న నీ సన్నిధిలో,missing,,,,https://waytochurch.com/lyrics/song/5563/కన్నీటి-బాధను-విడుచుచున్న-నీ-సన్నిధిలో
5564,క్రీస్తుతో నా జీవితం అది ఎంతో అద్భుతం,missing,,,,https://waytochurch.com/lyrics/song/5564/క్రీస్తుతో-నా-జీవితం-అది-ఎంతో-అద్భుతం
5565,కల్లుండి చూడలేని ఎందరో ఉన్నారు,missing,,,,https://waytochurch.com/lyrics/song/5565/కల్లుండి-చూడలేని-ఎందరో-ఉన్నారు
5566,కుతూహలం ఆర్భాటమే – నా యేసుని సన్నిధిలో,in_library_exact,1018,Kuthoohalam Aarbhaatame,,https://waytochurch.com/lyrics/song/5566/కుతూహలం-ఆర్భాటమే-–-నా-యేసుని-సన్నిధిలో
5567,కుమ్మరి ఓ కుమ్మరి జగతుత్పత్తిదారి,in_library_exact,129,Kummari O Kummari,,https://waytochurch.com/lyrics/song/5567/కుమ్మరి-ఓ-కుమ్మరి-జగతుత్పత్తిదారి
5568,కృపలను తలంచుచూ,in_library_exact,397,Krupalanu Thalanchuchu,,https://waytochurch.com/lyrics/song/5568/కృపలను-తలంచుచూ
5569,క్రొత్తపాట పాడను రారే క్రొత్త రూపు నొందను రారే,missing,,,,https://waytochurch.com/lyrics/song/5569/క్రొత్తపాట-పాడను-రారే--క్రొత్త-రూపు-నొందను-రారే
5570,కొండ కోన లోయలోతుల్లో… ఓ ఓ,in_library_exact,952,Konda Kona Loya Lothullo,,https://waytochurch.com/lyrics/song/5570/కొండ-కోన-లోయలోతుల్లో…-ఓ-ఓ
5571,గడచిన కాలము కృపలో మమ్ము,in_library_lyric_line,160,Gadachina Kaalamu,,https://waytochurch.com/lyrics/song/5571/గడచిన-కాలము-కృపలో-మమ్ము
5572,గాఢాంధకారములో నేను తిరిగినను,missing,,,,https://waytochurch.com/lyrics/song/5572/గాఢాంధకారములో-నేను-తిరిగినను
5573,గొర్రెపిల్ల వివాహోత్సవ,in_library_exact,1266,Gorrepilla Vivaahothsava,,https://waytochurch.com/lyrics/song/5573/గొర్రెపిల్ల-వివాహోత్సవ
5574,చాలునయ్య నీ కృప నా జీవితానికి,in_library_exact,1551,Chaalunayya Nee Krupa,,https://waytochurch.com/lyrics/song/5574/చాలునయ్య-నీ-కృప-నా-జీవితానికి
5575,జీవించుచున్నావన్న పేరు ఉన్నది,in_library_exact,649,Jeevinchuchunnaavanna,,https://waytochurch.com/lyrics/song/5575/జీవించుచున్నావన్న-పేరు-ఉన్నది
5576,తంబుర సితార నాధముతో క్రీస్తుని వేడగరా,in_library_contained,1250,Thambura Sithaara Naadamutho,,https://waytochurch.com/lyrics/song/5576/తంబుర-సితార-నాధముతో-క్రీస్తుని-వేడగరా
5577,తప్పిపోయిన కుమారుడనయ్యా,in_library_exact,711,Thappipoyina Kumaarudanayyaa,,https://waytochurch.com/lyrics/song/5577/తప్పిపోయిన-కుమారుడనయ్యా
5578,తండ్రి నా యేసయ్యా – నీకే ఆరాధనా (4),in_library_exact,111,Thandri Naa Yesayyaa,,https://waytochurch.com/lyrics/song/5578/తండ్రి-నా-యేసయ్యా-–-నీకే-ఆరాధనా-(4)
5579,తల్లి తండ్రి ఎవరు మరచినా,missing,,,,https://waytochurch.com/lyrics/song/5579/తల్లి-తండ్రి-ఎవరు-మరచినా
5580,తెల్లగ తెలవారకముందే,missing,,,,https://waytochurch.com/lyrics/song/5580/తెల్లగ-తెలవారకముందే
5581,త్రాహి మాం క్రీస్తు నాధదయఁజూడ రావే నేనుదేహి యనుచు నీ,missing,,,,https://waytochurch.com/lyrics/song/5581/త్రాహి-మాం-క్రీస్తు-నాధదయఁజూడ-రావే--నేనుదేహి-యనుచు-నీ
5582,తెలియదా నీకు తెలియదా,in_library_exact,1440,Theliyadaa Neeku Theliyadaa,,https://waytochurch.com/lyrics/song/5582/తెలియదా-నీకు-తెలియదా
5583,దివ్యాత్మ దిగిరమ్ము,missing,,,,https://waytochurch.com/lyrics/song/5583/దివ్యాత్మ-దిగిరమ్ము
5584,దేవా నాదేవుడవు నీవే,missing,,,,https://waytochurch.com/lyrics/song/5584/దేవా-నాదేవుడవు-నీవే
5585,దేవుడే నా కాశ్రయంబు దివ్యమైన దుర్గము మ హా వినోదు,in_library_contained,224,Devude Naakaashrayambu,,https://waytochurch.com/lyrics/song/5585/దేవుడే-నా-కాశ్రయంబు--దివ్యమైన-దుర్గము--మ-హా-వినోదు
5586,దేవ దేవుని సన్నిధి మెండుగా మీ కాన్కీలా,missing,,,,https://waytochurch.com/lyrics/song/5586/దేవ-దేవుని-సన్నిధి--మెండుగా-మీ-కాన్కీలా
5587,దేహం పాతది మనసు మలినమైనది,in_library_exact,580,Deham Paathadi,,https://waytochurch.com/lyrics/song/5587/దేహం-పాతది-మనసు-మలినమైనది
5588,నడిపిస్తాడు నాదేవుడు,in_library_contained,1294,Nadipisthaadu Naa Devudu,,https://waytochurch.com/lyrics/song/5588/నడిపిస్తాడు-నాదేవుడు
5589,నడిపించు చున్నాడు నజరేయుడు,missing,,,,https://waytochurch.com/lyrics/song/5589/నడిపించు-చున్నాడు--నజరేయుడు
5590,నా ప్రార్థనలన్ని ఆలకించినావు,missing,,,,https://waytochurch.com/lyrics/song/5590/నా-ప్రార్థనలన్ని-ఆలకించినావు
5591,నా ప్రాణప్రియుడా యేసురాజా,in_library_exact,795,Naa Praanapriyudaa Yesu Raajaa,,https://waytochurch.com/lyrics/song/5591/నా-ప్రాణప్రియుడా-యేసురాజా
5592,నా గీతారాధనలోయేసయ్యా నీ కృప ఆధారమే,in_library_exact,808,Naa Geethaaraadhanalo,,https://waytochurch.com/lyrics/song/5592/నా-గీతారాధనలోయేసయ్యా-నీ-కృప-ఆధారమే
5593,నాలోని ఆశాజ్యోతినీవే నా ప్రభువా,missing,,,,https://waytochurch.com/lyrics/song/5593/నాలోని-ఆశాజ్యోతినీవే-నా-ప్రభువా
5594,నాతో మాట్లాడుమయ్యా నన్నూ దర్శించుమయ్యా,missing,,,,https://waytochurch.com/lyrics/song/5594/నాతో-మాట్లాడుమయ్యా--నన్నూ-దర్శించుమయ్యా
5595,నా పేరే తెలియని ప్రజలు ఎందరు ఉన్నారు,in_library_exact,368,Naa Pere Theliyani Prajalu,,https://waytochurch.com/lyrics/song/5595/నా-పేరే-తెలియని-ప్రజలు-ఎందరు-ఉన్నారు
5596,నువ్వే కావాలయ్యా నీ ప్రేమ చాలయ్య,missing,,,,https://waytochurch.com/lyrics/song/5596/నువ్వే-కావాలయ్యా--నీ-ప్రేమ-చాలయ్య
5597,నిన్నే నిన్నే కొలుతునయా,missing,,,,https://waytochurch.com/lyrics/song/5597/నిన్నే-నిన్నే-కొలుతునయా
5598,నీ చేతి కార్యములు సత్యమైనవి,in_library_exact,395,Nee Chethi Kaaryamulu,,https://waytochurch.com/lyrics/song/5598/నీ-చేతి-కార్యములు-సత్యమైనవి
5599,నీ ప్రేమే నాకు చాలయ్యా ఓ యేసయ్యా,in_library_exact,378,Nee Preme Naaku Chaalayyaa,,https://waytochurch.com/lyrics/song/5599/నీ-ప్రేమే-నాకు-చాలయ్యా--ఓ-యేసయ్యా
5600,నీ రక్తమే నీ రక్తమే నన్ శుద్దీకరించున్,in_library_exact,296,Nee Rakthame Nee Rakthame,,https://waytochurch.com/lyrics/song/5600/నీ-రక్తమే-నీ-రక్తమే-నన్-శుద్దీకరించున్
5601,నీ వాక్యమే నన్ను బ్రతికించెను బాధలలో నెమ్మది నిచ్చెను,in_library_exact,1039,Nee Vaakyame Nannu Brathikinchenu,,https://waytochurch.com/lyrics/song/5601/నీ-వాక్యమే-నన్ను-బ్రతికించెను--బాధలలో-నెమ్మది-నిచ్చెను
5602,నీవు ప్రార్థన చేయునప్పుడు,in_library_exact,1013,Neevu Praardhana Cheyunappudu,,https://waytochurch.com/lyrics/song/5602/నీవు-ప్రార్థన-చేయునప్పుడు
5605,పదే పదే నేను పాడుకోనా ప్రతిచోట నీ మాట నా పాటగా,in_library_contained,1159,Adagaka Mundhe,,https://waytochurch.com/lyrics/song/5605/పదే-పదే-నేను-పాడుకోనా-ప్రతిచోట-నీ-మాట-నా-పాటగా
5606,పరమున ప్రభువా వరముల నడుగ,missing,,,,https://waytochurch.com/lyrics/song/5606/పరమున-ప్రభువా-వరముల-నడుగ
5607,పరమాత్మ ప్రోక్షణం పరిపూర్ణ పోషణం,missing,,,,https://waytochurch.com/lyrics/song/5607/పరమాత్మ-ప్రోక్షణం-పరిపూర్ణ-పోషణం
5608,ప్రేమసాగరా ఈ ధరమరణ ఎడారిలోన,missing,,,,https://waytochurch.com/lyrics/song/5608/ప్రేమసాగరా--ఈ-ధరమరణ-ఎడారిలోన
5609,పాడెద నేనొకనూతన గీతంపాడెద మనసారా,missing,,,,https://waytochurch.com/lyrics/song/5609/పాడెద-నేనొకనూతన-గీతంపాడెద-మనసారా
5610,ప్రార్ధనలోనే గడుపుటయే నాకెంతో భాగ్యము,missing,,,,https://waytochurch.com/lyrics/song/5610/ప్రార్ధనలోనే-గడుపుటయే-నాకెంతో-భాగ్యము
5611,పోదాము పోదాము పయన మవుదాము,in_library_lyric_line,1584,Christmas Mashup 5.0,,https://waytochurch.com/lyrics/song/5611/పోదాము-పోదాము-పయన-మవుదాము
5612,బలమైన దేవుడవు బలవంతుడవు నీవు,in_library_lyric_line,115,Oneness,,https://waytochurch.com/lyrics/song/5612/బలమైన-దేవుడవు---బలవంతుడవు-నీవు
5613,భాసిల్లెను సిలువలో పాపక్షమా,in_library_exact,1218,Bhaasillenu Siluvalo,,https://waytochurch.com/lyrics/song/5613/భాసిల్లెను-సిలువలో-పాపక్షమా
5614,మానసవీణను శృతిచేసి,missing,,,,https://waytochurch.com/lyrics/song/5614/మానసవీణను-శృతిచేసి
5615,మా ఇంటి పేరు పశువుల పాక,in_library_exact,470,Maa Inti Peru,,https://waytochurch.com/lyrics/song/5615/మా-ఇంటి-పేరు-పశువుల-పాక
5616,ముసలమ్మ ముచ్చట్లు కట్టి పెట్టి పరిశుద్ధ గ్రంధాన్ని చేతపట్టి,missing,,,,https://waytochurch.com/lyrics/song/5616/ముసలమ్మ-ముచ్చట్లు-కట్టి-పెట్టి--పరిశుద్ధ-గ్రంధాన్ని-చేతపట్టి
5617,యేసయ్య మనకు సహాయం,missing,,,,https://waytochurch.com/lyrics/song/5617/యేసయ్య-మనకు-సహాయం
5618,యేసూ నీవే కావాలయ్యా నాతో కూడా రావాలయ్యా,missing,,,,https://waytochurch.com/lyrics/song/5618/యేసూ-నీవే-కావాలయ్యా--నాతో-కూడా-రావాలయ్యా
5619,యేసు చావొందే సిలువపై నీకొరకే నాకొరకే,missing,,,,https://waytochurch.com/lyrics/song/5619/యేసు-చావొందే-సిలువపై-నీకొరకే-నాకొరకే
5620,యేసు రాజుగా వచ్చుచున్నాడు,in_library_exact,293,Yesu Raajugaa Vachchuchunnaadu,,https://waytochurch.com/lyrics/song/5620/యేసు-రాజుగా-వచ్చుచున్నాడు
5621,యూదా స్తుతిగోత్రపు సింహమా,in_library_exact,803,Yoodaa Sthuthi Gothrapu,,https://waytochurch.com/lyrics/song/5621/యూదా-స్తుతిగోత్రపు-సింహమా
5622,రాకడ సమయంలో కడబూర శబ్ధంతో,in_library_exact,647,Raakada Samayamlo,,https://waytochurch.com/lyrics/song/5622/రాకడ-సమయంలో-కడబూర-శబ్ధంతో
5623,రండి ఉత్సాహించి పాడుదము,in_library_exact,346,Randi Uthsaahinchi Paadudamu,,https://waytochurch.com/lyrics/song/5623/రండి-ఉత్సాహించి-పాడుదము
5624,రాజాతి రాజ రవికోటి తేజా,missing,,,,https://waytochurch.com/lyrics/song/5624/రాజాతి-రాజ-రవికోటి-తేజా
5625,రాత్రి నేడు రక్షకుడు,in_library_contained,1346,Raathri Nedu Rakshakundu,,https://waytochurch.com/lyrics/song/5625/రాత్రి-నేడు-రక్షకుడు
5626,లెక్కించలేని స్తోత్రముల్,in_library_exact,365,Lekkinchaleni Sthothramul,,https://waytochurch.com/lyrics/song/5626/లెక్కించలేని-స్తోత్రముల్
5627,లెక్క పెట్టలేనయ్యా నీవు నాకు చేసిన,missing,,,,https://waytochurch.com/lyrics/song/5627/లెక్క-పెట్టలేనయ్యా-నీవు-నాకు-చేసిన
5628,వందనంబొనర్తుమో ప్రభో ప్రభో,in_library_exact,1264,Vandanambonarthumo,,https://waytochurch.com/lyrics/song/5628/వందనంబొనర్తుమో-ప్రభో-ప్రభో
5629,వింతైన తారక వెలిసింది గగనాన,in_library_exact,1362,Vinthaina Thaaraka,,https://waytochurch.com/lyrics/song/5629/వింతైన-తారక-వెలిసింది-గగనాన
5630,విజయ గీతముల్ పాడరే క్రీస్తుకు జయ విజయ గీతముల్,in_library_contained,521,Vijaya Geethamul Paadare,,https://waytochurch.com/lyrics/song/5630/విజయ-గీతముల్-పాడరే--క్రీస్తుకు-జయ--విజయ-గీతముల్
5631,ఆహా ఆనందమే మహా సంతోషమే యేసు పుట్టె ఇలలో,in_library_exact,360,Aahaa Aanandame,,https://waytochurch.com/lyrics/song/5631/ఆహా-ఆనందమే-మహా-సంతోషమే-యేసు-పుట్టె-ఇలలో
5632,వేల్పులలో బహుఘనుడా యేసయ్యా,missing,,,,https://waytochurch.com/lyrics/song/5632/వేల్పులలో-బహుఘనుడా-యేసయ్యా
5633,శృతిచేసి నే పాడనా స్తోత్ర గీతం భజియించి నే పాడనా స్వామీ,in_library_fuzzy,679,Shruthi Chesi Ne Paadanaa,0.939,https://waytochurch.com/lyrics/song/5633/శృతిచేసి-నే-పాడనా-స్తోత్ర-గీతం--భజియించి-నే-పాడనా-స్వామీ
5634,శాశ్వతమైనది నీవు నాయెడ చూపిన కృప,in_library_exact,665,Shaashwathamainadi,,https://waytochurch.com/lyrics/song/5634/శాశ్వతమైనది--నీవు-నాయెడ-చూపిన--కృప
5635,శ్రీ యేసే కద నను గాచినది,missing,,,,https://waytochurch.com/lyrics/song/5635/శ్రీ-యేసే-కద-నను-గాచినది
5636,సజీవుడేసుని రక్తంలో కడుగబడిన జనమా,missing,,,,https://waytochurch.com/lyrics/song/5636/సజీవుడేసుని-రక్తంలో-కడుగబడిన-జనమా
5637,సర్వాంగ సుందరా సద్గుణశేఖరా,in_library_exact,255,Sarvaanga Sundaraa,,https://waytochurch.com/lyrics/song/5637/సర్వాంగ-సుందరా--సద్గుణశేఖరా
5638,సర్వకృపానిదియగు ప్రభువా,in_library_exact,1424,Sarva Krupaanidhiyagu Prabhuvaa,,https://waytochurch.com/lyrics/song/5638/సర్వకృపానిదియగు-ప్రభువా
5639,సందేహమేల సంశయమదేల,in_library_exact,454,Sandehamela,,https://waytochurch.com/lyrics/song/5639/సందేహమేల--సంశయమదేల
5640,స్తుతి చేసి నేపాడనాస్తోత్రగీతం,missing,,,,https://waytochurch.com/lyrics/song/5640/స్తుతి-చేసి-నేపాడనాస్తోత్రగీతం
5641,స్తుతి గానములతో నేను నా దేవునీ స్తుతించెదనూ,missing,,,,https://waytochurch.com/lyrics/song/5641/స్తుతి-గానములతో-నేను--నా-దేవునీ-స్తుతించెదనూ
5642,సృష్టికర్తవైన యెహోవా,in_library_exact,1567,Srushtikarthavaina Yehovaa,,https://waytochurch.com/lyrics/song/5642/సృష్టికర్తవైన-యెహోవా
5643,సిలువపై వ్రేలాడు శ్రీయేసుడు,missing,,,,https://waytochurch.com/lyrics/song/5643/సిలువపై-వ్రేలాడు-శ్రీయేసుడు
5644,సిలువ చెంతకురా సిలువ చెంతకురా,missing,,,,https://waytochurch.com/lyrics/song/5644/సిలువ-చెంతకురా--సిలువ-చెంతకురా
5645,స్తోత్రము సేయరే సోదరులారా మనాత్మలతో తండ్రిన్,missing,,,,https://waytochurch.com/lyrics/song/5645/స్తోత్రము-సేయరే--సోదరులారా-మనాత్మలతో-తండ్రిన్
5646,షారొను పొలములో పూచిన పుష్పమా,missing,,,,https://waytochurch.com/lyrics/song/5646/షారొను-పొలములో-పూచిన-పుష్పమా
5647,హల్లెలుయా పాడెదా ప్రభు నిన్ను కొనియాడెదన్,in_library_exact,345,Hallelooyaa Paadedaaa,,https://waytochurch.com/lyrics/song/5647/హల్లెలుయా-పాడెదా-ప్రభు-నిన్ను-కొనియాడెదన్
5648,హల్లెలూయాహల్లెలూయా,in_library_exact,363,Parama Thandri Neeke Sthothram,,https://waytochurch.com/lyrics/song/5648/హల్లెలూయాహల్లెలూయా
5649,హల్లెలూయ అని పాడిస్తుతింపను,missing,,,,https://waytochurch.com/lyrics/song/5649/హల్లెలూయ-అని-పాడిస్తుతింపను
5650,అందమే రూపు దాల్చె దైవ వాక్కునకే,missing,,,,https://waytochurch.com/lyrics/song/5650/అందమే-రూపు-దాల్చె--దైవ-వాక్కునకే
5651,అన్ని నామముల కన్న ఘనమైన నామము నీది యేసు నాథా,in_library_exact,843,Anni Naamamula Kanna Ghanamaina,,https://waytochurch.com/lyrics/song/5651/అన్ని-నామముల-కన్న-ఘనమైన-నామము-నీది-యేసు-నాథా
5652,అడవి వృక్షములలో జల్ధరు వృక్షము మెట్లున్నదో,missing,,,,https://waytochurch.com/lyrics/song/5652/అడవి-వృక్షములలో--జల్ధరు-వృక్షము-మెట్లున్నదో
5653,ఆరాదించెదను నిన్ను నా యేసయ్యా ఆత్మతో సత్యముతో,in_library_exact,132,Aaraadhinchedanu Ninnu,,https://waytochurch.com/lyrics/song/5653/ఆరాదించెదను-నిన్ను-నా-యేసయ్యా-ఆత్మతో-సత్యముతో
5654,ఆశపడకు ఈ లోకం కోసం చెల్లెమ్మా,in_library_exact,1396,Aashapadaku Ee Lokam Kosam,,https://waytochurch.com/lyrics/song/5654/ఆశపడకు-ఈ-లోకం-కోసం-చెల్లెమ్మా
5655,ఇలపై ప్రభు యేసు ఇమ్మానుయేలై జన్మించె,missing,,,,https://waytochurch.com/lyrics/song/5655/ఇలపై-ప్రభు-యేసు--ఇమ్మానుయేలై-జన్మించె
5656,ఇన్నేళ్ళు ఇలలో ఉన్నాము మనము చల్లని దేవుని నీడలో,missing,,,,https://waytochurch.com/lyrics/song/5656/ఇన్నేళ్ళు-ఇలలో-ఉన్నాము-మనము--చల్లని-దేవుని-నీడలో
5657,ఈ దినం సధా నా యేసుకే సొంతం,in_library_exact,828,Ee Dinam Sadaa,,https://waytochurch.com/lyrics/song/5657/ఈ-దినం-సధా--నా-యేసుకే-సొంతం
5658,ఊహలకందనిది నీ త్యాగం వర్ణింపజాలనిది,missing,,,,https://waytochurch.com/lyrics/song/5658/ఊహలకందనిది-నీ-త్యాగం-వర్ణింపజాలనిది
5659,ఉత్సాహ గానము చేసెదము,in_library_exact,992,Uthsaaha Gaanamu Chesedamu,,https://waytochurch.com/lyrics/song/5659/ఉత్సాహ-గానము-చేసెదము
5660,ఊహించలేనయ్యా వివరించలేనయ్యా,in_library_exact,641,Oohinchalenayyaa Vivarinchalenayyaa,,https://waytochurch.com/lyrics/song/5660/ఊహించలేనయ్యా-వివరించలేనయ్యా
5661,ఏ పాటిదో నా జీవితం ఎలాంటిదో ఆ నా గతం,missing,,,,https://waytochurch.com/lyrics/song/5661/ఏ-పాటిదో-నా-జీవితం-ఎలాంటిదో-ఆ-నా-గతం
5662,ఎంతమంచివాడవు ఎంత గొప్ప దేవుడవు,missing,,,,https://waytochurch.com/lyrics/song/5662/ఎంతమంచివాడవు-ఎంత-గొప్ప-దేవుడవు
5663,ఏ బాధ లేదు ఏ కష్టం లేదు యేసు తోడుండగా,in_library_exact,16,Ae Baadha Ledu Ae Kashtam Ledu,,https://waytochurch.com/lyrics/song/5663/ఏ-బాధ-లేదు-ఏ-కష్టం-లేదు-యేసు-తోడుండగా
5664,ఎడబాయని నీదు కృప – విడనాడని నీ ప్రేమ,in_library_exact,1093,Edabaayani Needu Krupa,,https://waytochurch.com/lyrics/song/5664/ఎడబాయని-నీదు-కృప-–-విడనాడని-నీ-ప్రేమ
5665,ఏ పాపమెరుగని యో పావన మూర్తి పాప విమోచకుండ,in_library_exact,558,Ae Paapamerugani,,https://waytochurch.com/lyrics/song/5665/ఏ-పాపమెరుగని--యో-పావన-మూర్తి--పాప-విమోచకుండ
5666,ఎలా ఉండగను నీ ప్రేమ లేకుండా,missing,,,,https://waytochurch.com/lyrics/song/5666/ఎలా-ఉండగను-నీ-ప్రేమ-లేకుండా
5667,ఎవరున్నారని ఎపుడుంటారని,missing,,,,https://waytochurch.com/lyrics/song/5667/ఎవరున్నారని--ఎపుడుంటారని
5668,ఓ క్రీస్తు సంఘమా పరిశుద్ధ సంఘమా,in_library_exact,1086,O Kreesthu Sanghamaa,,https://waytochurch.com/lyrics/song/5668/ఓ-క్రీస్తు-సంఘమా-పరిశుద్ధ-సంఘమా
5669,ఓ యువతీ యువకా ఓ యవ్వనుండా,missing,,,,https://waytochurch.com/lyrics/song/5669/ఓ-యువతీ-యువకా--ఓ-యవ్వనుండా
5670,ఓ మానవా నీ పాపం మానవా `,in_library_exact,505,O Maanavaa Nee Paapam,,https://waytochurch.com/lyrics/song/5670/ఓ-మానవా-నీ-పాపం-మానవా-`
5671,కృపా క్షేమము నీ శాశ్వత జీవము,in_library_exact,906,Krupaa Kshemamu,,https://waytochurch.com/lyrics/song/5671/కృపా-క్షేమము-నీ-శాశ్వత-జీవము
5672,కన్నీళ్లతో పగిలిన గుండెతో అలసిన నేస్తమా,in_library_exact,232,Kanneellatho Pagilina Gundetho,,https://waytochurch.com/lyrics/song/5672/కన్నీళ్లతో-పగిలిన-గుండెతో-అలసిన-నేస్తమా
5673,కని విని ఎరుగని కరుణకు నీవే ఆకారం తండ్రి,in_library_exact,1162,Kani Vini Erugani Karunaku,,https://waytochurch.com/lyrics/song/5673/కని-విని-ఎరుగని-కరుణకు-నీవే-ఆకారం-తండ్రి
5674,కృప వెంబడి కృపతో నను ప్రేమించిన నా యేసయ్యా,in_library_exact,99,Krupa Vembadi Krupatho,,https://waytochurch.com/lyrics/song/5674/కృప-వెంబడి-కృపతో-నను-ప్రేమించిన-నా-యేసయ్యా
5675,కమ్మని బహుకమ్మని – చల్లని అతి చల్లని,in_library_exact,512,Kammani Bahu Kammani,,https://waytochurch.com/lyrics/song/5675/కమ్మని-బహుకమ్మని-–-చల్లని-అతి-చల్లని
5676,కవులకైనా సాధ్యమా నీ కృపను వర్ణించడం,in_library_exact,1377,Kavulakainaa Saadhyamaa,,https://waytochurch.com/lyrics/song/5676/కవులకైనా-సాధ్యమా-నీ-కృపను-వర్ణించడం
5677,చూచుచున్న దేవుడవు నీవే యేసయ్యా,in_library_exact,1133,Choochuchunna Devudavu,,https://waytochurch.com/lyrics/song/5677/చూచుచున్న-దేవుడవు-నీవే-యేసయ్యా
5678,చాటించుడి మనుష్యజాతి కేసునామము,in_library_exact,1211,Chaatinchudi Manushya Jaathi,,https://waytochurch.com/lyrics/song/5678/చాటించుడి-మనుష్యజాతి-కేసునామము
5679,జయమునిచ్చు దేవునికి – కోట్ల కోట్ల స్తోత్రం,missing,,,,https://waytochurch.com/lyrics/song/5679/జయమునిచ్చు-దేవునికి-–-కోట్ల-కోట్ల-స్తోత్రం
5680,జయజెండాలు పట్టుకొనుచు విజయోత్సాహ గీతాలతో,missing,,,,https://waytochurch.com/lyrics/song/5680/జయజెండాలు--పట్టుకొనుచు-విజయోత్సాహ-గీతాలతో
5681,తంబుర సితారతో మా ప్రభుని ఆరాదించెనుతన నివాసముగ,missing,,,,https://waytochurch.com/lyrics/song/5681/తంబుర-సితారతో-మా-ప్రభుని--ఆరాదించెనుతన-నివాసముగ
5682,దిగులు పడకు సేవకా దిగులు పడకుమయా,missing,,,,https://waytochurch.com/lyrics/song/5682/దిగులు-పడకు-సేవకా-దిగులు-పడకుమయా
5683,దూత గణములెల్ల ఆరాధించిరిగా పరిశుధ్ధుడు సైన్యముల యెహోవని,missing,,,,https://waytochurch.com/lyrics/song/5683/దూత-గణములెల్ల-ఆరాధించిరిగా--పరిశుధ్ధుడు-సైన్యముల-యెహోవని
5684,దేవుని ప్రేమఇదిగో జనులారా భావంబునందెలియరే,in_library_exact,202,Devuni Prema Idigo,,https://waytochurch.com/lyrics/song/5684/దేవుని-ప్రేమఇదిగో--జనులారా-భావంబునందెలియరే
5685,దావీదు వలె నాట్యమాడి తండ్రిని స్తుతించెదము,in_library_exact,835,Daaveedu Vale Naatyamaadi,,https://waytochurch.com/lyrics/song/5685/దావీదు-వలె-నాట్యమాడి--తండ్రిని-స్తుతించెదము
5686,దుర్దినములు రాకముందే సర్వం కోల్పోకముందే,in_library_exact,1175,Durdinamulu Raakamunde,,https://waytochurch.com/lyrics/song/5686/దుర్దినములు-రాకముందే--సర్వం-కోల్పోకముందే
5687,నా హృదయములో నీ మాటలే నా కనులకు కాంతిరేఖలు ||,in_library_exact,823,Naa Hrudayamulo Nee Maatale,,https://waytochurch.com/lyrics/song/5687/నా-హృదయములో-నీ-మాటలే-నా-కనులకు-కాంతిరేఖలు-||
5688,నిన్నే నిన్నే నమ్మకున్నానయ్యా,in_library_exact,740,Ninne Ninne Nammukunnaanayyaa,,https://waytochurch.com/lyrics/song/5688/నిన్నే-నిన్నే-నమ్మకున్నానయ్యా
5689,నీ కృపను గూర్చి నే పాడెదా నీ ప్రేమను గూర్చి ప్రకటించెదా,in_library_exact,722,Nee Krupanu Goorchi,,https://waytochurch.com/lyrics/song/5689/నీ-కృపను-గూర్చి-నే-పాడెదా-నీ-ప్రేమను-గూర్చి-ప్రకటించెదా
5690,నీ బలమును బట్టి అతిశయించెద నా యేసయ్యా,missing,,,,https://waytochurch.com/lyrics/song/5690/నీ-బలమును-బట్టి-అతిశయించెద-నా-యేసయ్యా
5691,నీవే నన్ను కోరుకున్నావు నీవే నన్ను చేరుకున్నావు,in_library_exact,1098,Neeve Nannu Korukunnaavu,,https://waytochurch.com/lyrics/song/5691/నీవే-నన్ను-కోరుకున్నావు-నీవే-నన్ను-చేరుకున్నావు
5692,నన్ను కావగ వచ్చిన నజరేయ యేసయ్యా,in_library_exact,1347,Nannu Kaavaga Vachchina,,https://waytochurch.com/lyrics/song/5692/నన్ను-కావగ-వచ్చిన-నజరేయ-యేసయ్యా
5693,నన్ను కాపాడు నా దేవుడు కునుకడు కునుకడు,missing,,,,https://waytochurch.com/lyrics/song/5693/నన్ను-కాపాడు-నా-దేవుడు-కునుకడు-కునుకడు
5694,నీవు లేని రోజంతా రోజేనా నీవు లేని బ్రతుకంతా బ్రతుకేనా,missing,,,,https://waytochurch.com/lyrics/song/5694/నీవు-లేని-రోజంతా-రోజేనా--నీవు-లేని-బ్రతుకంతా-బ్రతుకేనా
5695,నిను స్తుతియించుట నిను కీర్తించుట,missing,,,,https://waytochurch.com/lyrics/song/5695/నిను-స్తుతియించుట--నిను-కీర్తించుట
5696,నిను స్తుతించినా చాలు నా బ్రతుకు దినములో,in_library_exact,1281,Ninu Sthuthinchinaa Chaalu,,https://waytochurch.com/lyrics/song/5696/నిను-స్తుతించినా-చాలు-నా-బ్రతుకు-దినములో
5697,నూతన గీతము పాడెదను నా ప్రియ యేసుని,missing,,,,https://waytochurch.com/lyrics/song/5697/నూతన-గీతము-పాడెదను--నా-ప్రియ-యేసుని
5698,నీ దయలో`నీ కృపలో కాచితివి గతకాము,in_library_fuzzy,1009,Nee Dayalo Nee Krupalo,0.903,https://waytochurch.com/lyrics/song/5698/నీ-దయలో`నీ-కృపలో-కాచితివి-గతకాము
5699,నాలోని ఆశాజ్యోతి నీవే నా ప్రభువా,missing,,,,https://waytochurch.com/lyrics/song/5699/నాలోని-ఆశాజ్యోతి-నీవే--నా-ప్రభువా
5700,ప్రభువా నీ కలువరి త్యాగము చూపెనే నీ పరిపూర్ణతను,missing,,,,https://waytochurch.com/lyrics/song/5700/ప్రభువా-నీ-కలువరి-త్యాగము--చూపెనే-నీ-పరిపూర్ణతను
5701,ప్రభువా కాచితివే ఇంత కాలం కాచితివే ఇంత కాలం,in_library_exact,545,Prabhuvaa Kaachithivi,,https://waytochurch.com/lyrics/song/5701/ప్రభువా-కాచితివే-ఇంత-కాలం-కాచితివే-ఇంత-కాలం
5702,ప్రియమైన యేసయ్యా ప్రేమకే రూపమా,in_library_exact,510,Priyamaina Yesayyaa Premake Roopamaa,,https://waytochurch.com/lyrics/song/5702/ప్రియమైన-యేసయ్యా-ప్రేమకే-రూపమా
5703,ప్రేమా అనే మాయలో చిక్కుకున్న సోదరీ సోదరా,in_library_prefix,6,Premaa Ane Maayalo,0.842,https://waytochurch.com/lyrics/song/5703/ప్రేమా-అనే-మాయలో-చిక్కుకున్న-సోదరీ-సోదరా
5704,పరిశుద్ధుడు పరిశుద్ధుడు – రాజుల రాజు యేసు,in_library_exact,142,Parishuddhudu Parishuddhudu,,https://waytochurch.com/lyrics/song/5704/పరిశుద్ధుడు-పరిశుద్ధుడు-–-రాజుల-రాజు-యేసు
5706,భూమ్యాకాశములు సృజించిన యేసయ్యా నీకే స్తోత్రం,in_library_exact,1642,Bhoomyaakaashamulu Srujinchina,,https://waytochurch.com/lyrics/song/5706/భూమ్యాకాశములు-సృజించిన-యేసయ్యా-నీకే-స్తోత్రం
5707,భేదం ఏమి లేదు అందరును పాపం చేసియున్నారు,in_library_exact,653,Bhedam Emi Ledu,,https://waytochurch.com/lyrics/song/5707/భేదం-ఏమి-లేదు-అందరును-పాపం-చేసియున్నారు
5708,భూదిగంత నివాసులారా నేడే రక్షణ పొందండి,missing,,,,https://waytochurch.com/lyrics/song/5708/భూదిగంత-నివాసులారా--నేడే-రక్షణ-పొందండి
5709,భజియింతుము రారే యేసుని స్తోత్ర గీతముతో,in_library_exact,727,Bhajiyinthumu Raare Yesuni,,https://waytochurch.com/lyrics/song/5709/భజియింతుము-రారే-యేసుని-స్తోత్ర-గీతముతో
5710,బలపరచుముస్థిరపరచుము నాప్రార్థనల బదులియ్యుము,in_library_fuzzy,1468,Balaparachumu,0.898,https://waytochurch.com/lyrics/song/5710/బలపరచుముస్థిరపరచుము-నాప్రార్థనల-బదులియ్యుము
5711,బెత్లెహేములో సందడి పశుపాకలో సందడి,in_library_fuzzy,1441,Bethlehemulo Sandadi,0.909,https://waytochurch.com/lyrics/song/5711/బెత్లెహేములో-సందడి-పశుపాకలో--సందడి
5712,దేవాతిదేవుడు మహోపకారుడు,missing,,,,https://waytochurch.com/lyrics/song/5712/దేవాతిదేవుడు-మహోపకారుడు
5713,మట్టివిరా వట్టివిరా మనువురా మన్నవురా,missing,,,,https://waytochurch.com/lyrics/song/5713/మట్టివిరా-వట్టివిరా-మనువురా-మన్నవురా
5714,మాట్లాడు నా ప్రభువా నాతో మాటాడు నా ప్రభువా,missing,,,,https://waytochurch.com/lyrics/song/5714/మాట్లాడు-నా-ప్రభువా-నాతో-మాటాడు-నా-ప్రభువా
5715,మంగళమే యేసునకు మనుజావతారునకు,in_library_exact,95,Mangalame Yesunaku,,https://waytochurch.com/lyrics/song/5715/మంగళమే-యేసునకు--మనుజావతారునకు
5716,మహిమ నీకే ఘనత నీకే ప్రభావం నీకే ప్రభు,missing,,,,https://waytochurch.com/lyrics/song/5716/మహిమ-నీకే-ఘనత-నీకే-ప్రభావం-నీకే-ప్రభు
5717,మిత్రమా నా మిత్రమా ` చిత్తమా ఇది నీ చిత్రమా,missing,,,,https://waytochurch.com/lyrics/song/5717/మిత్రమా-నా-మిత్రమా-`-చిత్తమా-ఇది-నీ-చిత్రమా
5718,యేసురాజు రాజులరాజై త్వరగా వచ్చుచుండే,in_library_contained,910,Yesu Raaju Raajula Raajai,,https://waytochurch.com/lyrics/song/5718/యేసురాజు-రాజులరాజై--త్వరగా-వచ్చుచుండే
5719,యేసుని స్తుతించువారు – నిత్య జీవము నొందెదరు,missing,,,,https://waytochurch.com/lyrics/song/5719/యేసుని-స్తుతించువారు-–-నిత్య-జీవము-నొందెదరు
5720,యమ్మాయి దారులలో కృంగిన వేళలలో,missing,,,,https://waytochurch.com/lyrics/song/5720/యమ్మాయి-దారులలో-కృంగిన-వేళలలో
5721,యెహోవాయే నా కాపరిగ నాకేమి కొదువగును,in_library_exact,848,Yehovaaye Naa Kaaparigaa,,https://waytochurch.com/lyrics/song/5721/యెహోవాయే-నా-కాపరిగ--నాకేమి-కొదువగును
5722,యేసుకే వందనం ప్రభు యేసుకే వందనం,missing,,,,https://waytochurch.com/lyrics/song/5722/యేసుకే-వందనం--ప్రభు-యేసుకే-వందనం
5723,యెహోవా గద్దె ముందటజనంబులార మ్రొక్కుడి,missing,,,,https://waytochurch.com/lyrics/song/5723/యెహోవా-గద్దె-ముందటజనంబులార-మ్రొక్కుడి
5724,యేసయ్యా నీ నామ గానం నే పాడెద జీవితాంతం,missing,,,,https://waytochurch.com/lyrics/song/5724/యేసయ్యా-నీ-నామ-గానం--నే-పాడెద-జీవితాంతం
5725,యేసయ్య కనికరపూర్ణుడా మనోహర ప్రేమకు నిలయుడా,in_library_exact,589,Yesayyaa Kanikarapoornudaa,,https://waytochurch.com/lyrics/song/5725/యేసయ్య-కనికరపూర్ణుడా-మనోహర-ప్రేమకు-నిలయుడా
5726,యేసయ్యా నా యేసయ్యా నీవేనా మంచి కాపరి,missing,,,,https://waytochurch.com/lyrics/song/5726/యేసయ్యా-నా-యేసయ్యా-నీవేనా-మంచి-కాపరి
5727,యేసు నీవే చాలునాకు వేరెవ్వరు అక్కరలేదు,in_library_exact,1426,Yesu Neeve Chaalu Naaku,,https://waytochurch.com/lyrics/song/5727/యేసు-నీవే-చాలునాకు-వేరెవ్వరు-అక్కరలేదు
5728,యేసయ్య నామంలో శక్తి ఉన్నదయ్య,in_library_exact,49,Yesayya Naamamlo,,https://waytochurch.com/lyrics/song/5728/యేసయ్య-నామంలో-శక్తి-ఉన్నదయ్య
5729,రమ్యమైనది నీ మందిరము,missing,,,,https://waytochurch.com/lyrics/song/5729/రమ్యమైనది-నీ-మందిరము
5730,రాజులకు రాజువు ప్రభువులకు ప్రభుడవు,missing,,,,https://waytochurch.com/lyrics/song/5730/రాజులకు-రాజువు-ప్రభువులకు-ప్రభుడవు
5731,రేయిపగలు నీ పదసేవే జీవదాయకమే చేయుట మేలు,missing,,,,https://waytochurch.com/lyrics/song/5731/రేయిపగలు-నీ-పదసేవే--జీవదాయకమే-చేయుట-మేలు
5732,రాయబారులం మేము రాయబారులం,missing,,,,https://waytochurch.com/lyrics/song/5732/రాయబారులం-మేము-రాయబారులం
5733,శుభవేళ స్తోత్రబలి తండ్రీ దేవా నీకేనయ్యా,in_library_exact,1002,Shubha Vela Sthothra Bali,,https://waytochurch.com/lyrics/song/5733/శుభవేళ-స్తోత్రబలి--తండ్రీ-దేవా-నీకేనయ్యా
5734,శాశ్వతమైనది యేసుని ప్రేమ ఉన్నతమైనది నా యేసు పిలుపు,missing,,,,https://waytochurch.com/lyrics/song/5734/శాశ్వతమైనది-యేసుని-ప్రేమ---ఉన్నతమైనది-నా-యేసు-పిలుపు
5736,సుగుణాల సంపన్నుడా స్తుతిగానాలవారసుడా,in_library_exact,980,Sugunaala Sampannudaa,,https://waytochurch.com/lyrics/song/5736/సుగుణాల-సంపన్నుడా--స్తుతిగానాలవారసుడా
5737,స్తుతియింతుము నిన్నే ఓ పభువా,missing,,,,https://waytochurch.com/lyrics/song/5737/స్తుతియింతుము-నిన్నే-ఓ-పభువా
5738,స్తుతి పాడెదనే ప్రతి దినము స్తుతి పాడుటెనా అతిశయము,in_library_exact,1054,Sthuthi Paadeda Ne Prathi Dinamu,,https://waytochurch.com/lyrics/song/5738/స్తుతి-పాడెదనే-ప్రతి-దినము-స్తుతి-పాడుటెనా-అతిశయము
5739,స్తోత్రము స్తుతి చెల్లింతుము నీకే సత్య దేవుడా,in_library_exact,728,Sthothramu Sthuthi Chellinthumu,,https://waytochurch.com/lyrics/song/5739/స్తోత్రము-స్తుతి-చెల్లింతుము-నీకే-సత్య-దేవుడా
5740,సిద్దపడుదాం సిద్దపడుదాం మన దేవుని,missing,,,,https://waytochurch.com/lyrics/song/5740/సిద్దపడుదాం--సిద్దపడుదాం-మన-దేవుని
5741,సర్వ సృష్ఠలోని జీవరాశి యంత,missing,,,,https://waytochurch.com/lyrics/song/5741/సర్వ-సృష్ఠలోని-జీవరాశి-యంత
5742,క్షణమైన నీవు నను విడచి పోలేదుగా,in_library_exact,931,Kshanamaina Neevu,,https://waytochurch.com/lyrics/song/5742/క్షణమైన-నీవు-నను-విడచి-పోలేదుగా
5743,రారాజు వస్తున్నాడో జనులారా,in_library_contained,893,Raaraaju Vasthunnaado,,https://waytochurch.com/lyrics/song/5743/రారాజు-వస్తున్నాడో---జనులారా
5744,జుంటె తేనె కన్నా తీయనిది,in_library_exact,287,Junte Thene Kannaa,,https://waytochurch.com/lyrics/song/5744/జుంటె-తేనె-కన్నా-తీయనిది
5745,ఆధారం నాకు ఆధారం నాకు తోడు నీడైయున్న,missing,,,,https://waytochurch.com/lyrics/song/5745/ఆధారం-నాకు-ఆధారం--నాకు-తోడు-నీడైయున్న
5746,ఈ స్తుతి నీకే మా యేసుదేవ మనసార నిన్నే సేవింతుము,in_library_fuzzy,1533,Ee Sthuthi Neeke,0.976,https://waytochurch.com/lyrics/song/5746/ఈ-స్తుతి-నీకే-మా-యేసుదేవ--మనసార-నిన్నే-సేవింతుము
5747,ఎన్నో ఎన్నో మేలులు చేసావయ్యా,in_library_exact,1145,Enno Enno Melulu Chesaavayyaa,,https://waytochurch.com/lyrics/song/5747/ఎన్నో-ఎన్నో-మేలులు-చేసావయ్యా
5748,మమతానురాగాలే మాలలుగా,missing,,,,https://waytochurch.com/lyrics/song/5748/మమతానురాగాలే-మాలలుగా
5749,ఇన్నాళ్ళు తోడుగా మాతో నడిచావు,missing,,,,https://waytochurch.com/lyrics/song/5749/ఇన్నాళ్ళు-తోడుగా-మాతో-నడిచావు
5750,అన్నివేళలా ఆదరించెడి ఆత్మరూపీ నీకే వందనం,missing,,,,https://waytochurch.com/lyrics/song/5750/అన్నివేళలా-ఆదరించెడి-ఆత్మరూపీ-నీకే-వందనం
5751,శాశ్వతమైనదీ నీతో నాకున్న అనుబంధము,missing,,,,https://waytochurch.com/lyrics/song/5751/శాశ్వతమైనదీ-నీతో-నాకున్న-అనుబంధము
5752,నదులై ప్రవహించె నీ దివ్య వాక్యము,missing,,,,https://waytochurch.com/lyrics/song/5752/నదులై-ప్రవహించె-నీ-దివ్య-వాక్యము
5753,మాట్లాడే దేవుడవు నీవు మాట్లాడని రాయో,in_library_contained,1116,Maatlaade Devudavu Neevu,,https://waytochurch.com/lyrics/song/5753/మాట్లాడే-దేవుడవు-నీవు--మాట్లాడని-రాయో
5754,యేసయ్యా నా యేసయ్యా ఎప్పుడయ్యా నీ రాకడ,in_library_fuzzy,496,Yesayyaa Naa Yesayyaa (Raakada),0.971,https://waytochurch.com/lyrics/song/5754/యేసయ్యా-నా-యేసయ్యా--ఎప్పుడయ్యా-నీ-రాకడ
5755,ఎవరు ఉన్నారు నాకు ఈ లోకంలో,in_library_lyric_line,1049,Yesayyaa Ninnu Choodaalani,,https://waytochurch.com/lyrics/song/5755/ఎవరు-ఉన్నారు-నాకు-ఈ-లోకంలో
5756,రాజా నీ భవనములో రేయింబగలు వేచియుందును,missing,,,,https://waytochurch.com/lyrics/song/5756/రాజా--నీ-భవనములో--రేయింబగలు-వేచియుందును
5757,సొంతమైపోవాలి నాయేసుకు మిళితమైపోవాలి నా ప్రియునితో,in_library_fuzzy,957,Sonthamai Povaali Naa Yesutho,0.909,https://waytochurch.com/lyrics/song/5757/సొంతమైపోవాలి-నాయేసుకు--మిళితమైపోవాలి-నా-ప్రియునితో
5758,శుభవేళ స్తోత్రబలి తండ్రి దేవా నీకేనయ్యా,in_library_exact,1002,Shubha Vela Sthothra Bali,,https://waytochurch.com/lyrics/song/5758/శుభవేళ-స్తోత్రబలి--తండ్రి-దేవా-నీకేనయ్యా
5759,నిన్ను విడిచి నీ ప్రేమ మరచి,missing,,,,https://waytochurch.com/lyrics/song/5759/నిన్ను-విడిచి-నీ-ప్రేమ-మరచి
5760,పువ్వులాంటిది జీవితం రాలిపోతుంది,in_library_exact,1112,Puvvulaantidi Jeevitham,,https://waytochurch.com/lyrics/song/5760/పువ్వులాంటిది-జీవితం-రాలిపోతుంది
5761,ప్రేమించుదేవుడు రక్షించుదేవుడు,in_library_exact,1031,Preminchu Devudu,,https://waytochurch.com/lyrics/song/5761/ప్రేమించుదేవుడు--రక్షించుదేవుడు
5762,చిట్టి పొట్టి పాపను నేను యేసయ్యా,in_library_exact,619,Chitti Potti Paapanu Nenu,,https://waytochurch.com/lyrics/song/5762/చిట్టి-పొట్టి-పాపను-నేను-యేసయ్యా
5763,చిన్న గొర్రెపిల్లను నేను యేసయ్యా,in_library_exact,487,Chinna Gorrepillanu Nenu,,https://waytochurch.com/lyrics/song/5763/చిన్న-గొర్రెపిల్లను-నేను-యేసయ్యా
5764,నా చిన్ని హృదయమందు యేసు ఉన్నాడు,in_library_exact,476,Naa Chinni Hrudayamandu,,https://waytochurch.com/lyrics/song/5764/నా-చిన్ని-హృదయమందు-యేసు-ఉన్నాడు
5765,నను సృజియించిన నా తండ్రికే ఆరాధన,missing,,,,https://waytochurch.com/lyrics/song/5765/నను-సృజియించిన-నా-తండ్రికే-ఆరాధన
5766,నా ఆదరణ నీవేనయ్య నా ఆశ్రయము నీవేనయ్యా,missing,,,,https://waytochurch.com/lyrics/song/5766/నా-ఆదరణ-నీవేనయ్య-నా-ఆశ్రయము-నీవేనయ్యా
5767,నీ మార్గము ఎంతో ప్రియము,missing,,,,https://waytochurch.com/lyrics/song/5767/నీ-మార్గము-ఎంతో-ప్రియము
5768,నిను నమ్మినచో సిగ్గుపడనీయవు,missing,,,,https://waytochurch.com/lyrics/song/5768/నిను-నమ్మినచో-సిగ్గుపడనీయవు
5769,నీతొ నుండని బ్రతుకు నిను చూడని క్షణము – ఊహించలేనునాయేసయ్యా,in_library_exact,1138,Neetho Nundani Brathuku,,https://waytochurch.com/lyrics/song/5769/నీతొ-నుండని-బ్రతుకు-నిను-చూడని-క్షణము-–-ఊహించలేనునాయేసయ్యా
5772,ఆశ్రయుడా నా అభిశక్తుడా,in_library_exact,701,Aashrayudaa Naa Abhishikthudaa,,https://waytochurch.com/lyrics/song/5772/ఆశ్రయుడా-నా-అభిశక్తుడా
5773,మరణము నన్నేమి చేయలేదు పరిస్థితి నన్నేమి చేయగలదు,in_library_exact,370,Maranamu Nannemi Cheyaledu,,https://waytochurch.com/lyrics/song/5773/మరణము-నన్నేమి--చేయలేదు-పరిస్థితి-నన్నేమి-చేయగలదు
5774,daiva kutumbam,unusable-title,,,,https://waytochurch.com/lyrics/song/5774/daiva-kutumbam
5775,వినవా మనవి యేసయ్య,in_library_exact,971,Vinavaa Manavi,,https://waytochurch.com/lyrics/song/5775/వినవా-మనవి-యేసయ్య
5776,అనంతుడా ఆదరించే యేసయ్య,missing,,,,https://waytochurch.com/lyrics/song/5776/అనంతుడా-ఆదరించే-యేసయ్య
5777,ఘనమైన నా యేసయ్య బహు ఆశ్చర్యములు నీ ఘన కార్యములు,in_library_exact,90,Ghanamaina Naa Yesayyaa,,https://waytochurch.com/lyrics/song/5777/ఘనమైన-నా-యేసయ్య-బహు-ఆశ్చర్యములు-నీ-ఘన-కార్యములు
5778,ఇకనైన కానీ ఇప్పుడైన కానీ,in_library_exact,1463,Ikanaina Kaani,,https://waytochurch.com/lyrics/song/5778/ఇకనైన-కానీ-ఇప్పుడైన-కానీ
5779,నీ దీర్ఘశాంతమే నా హృదయానికి ధైర్యము,in_library_exact,42,Nee Deergha Shaanthame,,https://waytochurch.com/lyrics/song/5779/నీ-దీర్ఘశాంతమే-నా-హృదయానికి-ధైర్యము
5780,నీ ప్రేమ మాధుర్యము నేనేమని వర్ణింతును,in_library_exact,909,Nee Prema Maadhuryamu,,https://waytochurch.com/lyrics/song/5780/నీ-ప్రేమ-మాధుర్యము-నేనేమని-వర్ణింతును
5781,neeke na aradhana,unusable-title,,,,https://waytochurch.com/lyrics/song/5781/neeke-na-aradhana
5782,సీయోను నీ దేవుని కీర్తించి కొనియాడుము,in_library_exact,1530,Seeyonu Nee Devuni,,https://waytochurch.com/lyrics/song/5782/సీయోను-నీ-దేవుని-కీర్తించి-కొనియాడుము
5783,స్తుతులపై ఆసీనుడా,in_library_exact,468,Sthuthulapai Aaseenudaa,,https://waytochurch.com/lyrics/song/5783/స్తుతులపై-ఆసీనుడా
5784,ఎంత మంచి కాపరి – యేసే నా ఊపిరి,in_library_exact,455,Entha Manchi Kaapari,,https://waytochurch.com/lyrics/song/5784/ఎంత-మంచి-కాపరి-–-యేసే-నా-ఊపిరి
5785,భరియించలేనేసయ్యా ఈ వేదన,missing,,,,https://waytochurch.com/lyrics/song/5785/భరియించలేనేసయ్యా-ఈ-వేదన
5786,వీచే గాలుల్లో ప్రతిరూపం నీవే,in_library_exact,1343,Veeche Gaalullo,,https://waytochurch.com/lyrics/song/5786/వీచే-గాలుల్లో-ప్రతిరూపం-నీవే
5787,ఉల్లసించి పాట పాడే పావురమా మృధు మధుర సుందర నారీమణీ,missing,,,,https://waytochurch.com/lyrics/song/5787/ఉల్లసించి-పాట-పాడే-పావురమా-మృధు-మధుర--సుందర-నారీమణీ
5788,పేరుకే క్రైస్తవులారా,missing,,,,https://waytochurch.com/lyrics/song/5788/పేరుకే-క్రైస్తవులారా
5789,తలవంచకు నేస్తమా తలవంచకు నేస్తమా,missing,,,,https://waytochurch.com/lyrics/song/5789/తలవంచకు-నేస్తమా-తలవంచకు-నేస్తమా
5790,యేసయ్యా నీ నామంలో శక్తి ఉన్నదీ,in_library_fuzzy,49,Yesayya Naamamlo,0.889,https://waytochurch.com/lyrics/song/5790/యేసయ్యా-నీ-నామంలో-శక్తి-ఉన్నదీ
5791,పరిశుధ్ధుడా నా యేసయ్యా,in_library_contained,1562,Parishuddhudaa Naa Yesayyaa,,https://waytochurch.com/lyrics/song/5791/పరిశుధ్ధుడా-నా-యేసయ్యా
5792,నీతోనే నా జీవితం,missing,,,,https://waytochurch.com/lyrics/song/5792/నీతోనే-నా-జీవితం
5793,యేసు రక్తమే జయము,missing,,,,https://waytochurch.com/lyrics/song/5793/యేసు-రక్తమే-జయము
5794,సకల స్తుతులకు పాత్రుడా స్తోత్ర రూపుడా ॥॥,missing,,,,https://waytochurch.com/lyrics/song/5794/సకల-స్తుతులకు-పాత్రుడా-స్తోత్ర-రూపుడా-॥॥
5795,సూడ సక్కనోడమ్మా యేసు నాధుడు,missing,,,,https://waytochurch.com/lyrics/song/5795/సూడ-సక్కనోడమ్మా-యేసు-నాధుడు
5796,యేసుండగా నీకండగా దిగులేల నోసోదరా,missing,,,,https://waytochurch.com/lyrics/song/5796/యేసుండగా-నీకండగా-దిగులేల-నోసోదరా
5797,యేసయ్యా యేసయ్యా నా యేసయ్యా,in_library_lyric_line,93,Nee Prema Naa Jeevithaanni,,https://waytochurch.com/lyrics/song/5797/యేసయ్యా-యేసయ్యా-నా-యేసయ్యా
5798,ప్రేమిస్తా నిన్నే నా యేసయ్యా,in_library_exact,493,Premisthaa Ninne,,https://waytochurch.com/lyrics/song/5798/ప్రేమిస్తా-నిన్నే-నా-యేసయ్యా
5799,ఆరంభించెద యేసు నీలో ప్రతీదినం,missing,,,,https://waytochurch.com/lyrics/song/5799/ఆరంభించెద-యేసు-నీలో-ప్రతీదినం
5800,ఇంటి మీదనున్న ఒంటరి పిచ్చుకను నేను నా బలమా ఆలకించుమా,missing,,,,https://waytochurch.com/lyrics/song/5800/ఇంటి-మీదనున్న-ఒంటరి-పిచ్చుకను-నేను--నా-బలమా-ఆలకించుమా
5801,కోరితి నీ సన్నిదానం చేరితి నీ సన్నిదానం,missing,,,,https://waytochurch.com/lyrics/song/5801/కోరితి-నీ-సన్నిదానం-చేరితి-నీ-సన్నిదానం
5802,కనురెప్ప పాటైన కను మూయలేదు,in_library_contained,447,Kanureppa Paataina,,https://waytochurch.com/lyrics/song/5802/కనురెప్ప-పాటైన-కను-మూయలేదు
5803,తీర్పు తీర్చు గడియ వచ్చుచున్నది,missing,,,,https://waytochurch.com/lyrics/song/5803/తీర్పు-తీర్చు-గడియ-వచ్చుచున్నది
5804,గలిలయ తీరాన చిన్ననావ,in_library_exact,567,Galilaya Theeraana,,https://waytochurch.com/lyrics/song/5804/గలిలయ-తీరాన-చిన్ననావ
5805,నీవే నా సంతోషగానము,in_library_exact,1409,Neeve Naa Santhosha Gaanamu,,https://waytochurch.com/lyrics/song/5805/నీవే-నా-సంతోషగానము
5806,మార్గము సత్యము జీవము నా దైవమా,missing,,,,https://waytochurch.com/lyrics/song/5806/మార్గము-సత్యము-జీవము-నా-దైవమా
5807,లేచినాడయ్య మరణపు ముల్లు,missing,,,,https://waytochurch.com/lyrics/song/5807/లేచినాడయ్య-మరణపు-ముల్లు
5808,లేత మొక్కలా తండ్రి సన్నిధిలో,missing,,,,https://waytochurch.com/lyrics/song/5808/లేత-మొక్కలా-తండ్రి-సన్నిధిలో
5809,దేవుడు ప్రేమతో దేవుడు ప్రేమతో,missing,,,,https://waytochurch.com/lyrics/song/5809/దేవుడు-ప్రేమతో-దేవుడు-ప్రేమతో
5810,నీళ్లలా పోయబడినాను తీగలా సాగిపోయాను,missing,,,,https://waytochurch.com/lyrics/song/5810/నీళ్లలా-పోయబడినాను-తీగలా-సాగిపోయాను
5811,నిను చూడని కనులేల నాకు హల్లే హల్లే హల్లే హల్లేలూయ్యా,missing,,,,https://waytochurch.com/lyrics/song/5811/నిను-చూడని-కనులేల-నాకు--హల్లే-హల్లే-హల్లే-హల్లేలూయ్యా
5812,సర్వేశ్వరా స్తోత్రార్హుడా పూజనీయుడ పరిశుద్దుడా,missing,,,,https://waytochurch.com/lyrics/song/5812/సర్వేశ్వరా-స్తోత్రార్హుడా-పూజనీయుడ-పరిశుద్దుడా
5813,కన్నీరు విడిచే ఓ సోదరా,missing,,,,https://waytochurch.com/lyrics/song/5813/కన్నీరు-విడిచే-ఓ-సోదరా
5814,నిన్నే నిన్నే నే కొలుతునయ్యా నీవే నీవే నా రాజువయ్యా యేసయ్యా యేసయ్యా యేసయ్యా యేసయ్యా,in_library_contained,115,Oneness,,https://waytochurch.com/lyrics/song/5814/నిన్నే-నిన్నే-నే-కొలుతునయ్యా-నీవే-నీవే-నా-రాజువయ్యా--యేసయ్యా-యేసయ్యా-యేసయ్యా-యేసయ్యా
5815,సిలువను గూర్చిన వార్త,missing,,,,https://waytochurch.com/lyrics/song/5815/సిలువను-గూర్చిన-వార్త
5816,యేసు పుట్టెను నేడు,missing,,,,https://waytochurch.com/lyrics/song/5816/యేసు-పుట్టెను-నేడు
5817,రండీ అని తెలిపేను ల లలలల్లా,missing,,,,https://waytochurch.com/lyrics/song/5817/రండీ-అని-తెలిపేను-ల-లలలల్లా
5818,నీ కృపయే చాలునయ్యా,missing,,,,https://waytochurch.com/lyrics/song/5818/నీ-కృపయే-చాలునయ్యా
5819,ఆశ్చర్యమౌ అనుగ్రహం,missing,,,,https://waytochurch.com/lyrics/song/5819/ఆశ్చర్యమౌ-అనుగ్రహం
5820,చిరకాలం నీ సన్నిధిలో,missing,,,,https://waytochurch.com/lyrics/song/5820/చిరకాలం-నీ-సన్నిధిలో
5821,జన్మించెను శ్రీ యేసుడు,missing,,,,https://waytochurch.com/lyrics/song/5821/జన్మించెను--శ్రీ-యేసుడు
5822,నేనును నా కుటుంబమును,missing,,,,https://waytochurch.com/lyrics/song/5822/నేనును-నా-కుటుంబమును
5823,దేవా నీ సన్నిధిలో సంపూర్ణ సంతోషం నీ కుడి హస్తములో,missing,,,,https://waytochurch.com/lyrics/song/5823/దేవా-నీ-సన్నిధిలో-సంపూర్ణ-సంతోషం-నీ-కుడి-హస్తములో
5824,ప్రేమా మయుడా కలువరి నాధా,missing,,,,https://waytochurch.com/lyrics/song/5824/ప్రేమా-మయుడా-కలువరి-నాధా
5825,నీకు అసాధ్యమైనది లేనే లేదు,missing,,,,https://waytochurch.com/lyrics/song/5825/నీకు-అసాధ్యమైనది-లేనే-లేదు
5826,ఈరోజు క్రొత్త వెలుగు,missing,,,,https://waytochurch.com/lyrics/song/5826/ఈరోజు-క్రొత్త-వెలుగు
5827,ఓఓ చక్కనిచుక్క నింగిన మెరిసే,missing,,,,https://waytochurch.com/lyrics/song/5827/ఓఓ-చక్కనిచుక్క-నింగిన-మెరిసే
5828,శీతాకాలంలో క్రిస్ట్మస్ కాంతులతో ఓహోఓహోఓహోఓహో ॥॥,missing,,,,https://waytochurch.com/lyrics/song/5828/శీతాకాలంలో-క్రిస్ట్మస్-కాంతులతో--ఓహోఓహోఓహోఓహో-॥॥
5829,యేసు నామం అన్నిటికన్న,missing,,,,https://waytochurch.com/lyrics/song/5829/యేసు-నామం-అన్నిటికన్న
5830,క్రిస్ట్మస్ వచ్చిందీ సంతోషం తెచ్చిందీ హ్యపీ క్రిస్ట్మస్ మెర్రీ క్రిస్ట్మస్ హ్యపీ క్రిస్ట్మస్ ॥॥,missing,,,,https://waytochurch.com/lyrics/song/5830/క్రిస్ట్మస్-వచ్చిందీ-సంతోషం-తెచ్చిందీ--హ్యపీ-క్రిస్ట్మస్-మెర్రీ-క్రిస్ట్మస్-హ్యపీ-క్రిస్ట్మస్-॥॥
5831,నా ప్రాణమా సన్నుతించుమా,in_library_exact,353,Naa Praanamaa Sannuthinchumaa (Yehovaa),,https://waytochurch.com/lyrics/song/5831/నా-ప్రాణమా-సన్నుతించుమా
5832,మహోన్నతుడా మా దేవా,in_library_exact,175,Mahonnathudaa Maa Devaa,,https://waytochurch.com/lyrics/song/5832/మహోన్నతుడా-మా-దేవా
5833,అత్యున్నత సింహాసనముపై ఆసీనుడా,in_library_exact,541,Athyunnatha Simhaasanumpai (Yesanna),,https://waytochurch.com/lyrics/song/5833/అత్యున్నత-సింహాసనముపై-ఆసీనుడా
5834,ఈ దినం శుభ దినం,missing,,,,https://waytochurch.com/lyrics/song/5834/ఈ-దినం-శుభ-దినం
5835,ప్రకటించరా ప్రభుయేసు వార్తను,missing,,,,https://waytochurch.com/lyrics/song/5835/ప్రకటించరా-ప్రభుయేసు-వార్తను
5836,నన్ను సృజియించిన ఆదేవుడు,missing,,,,https://waytochurch.com/lyrics/song/5836/నన్ను-సృజియించిన-ఆదేవుడు
5837,ఆమెన్ హల్లెలుయా – యేసు క్రీస్తు కల్లెలుయా,missing,,,,https://waytochurch.com/lyrics/song/5837/ఆమెన్-హల్లెలుయా-–-యేసు-క్రీస్తు-కల్లెలుయా
5838,పుట్టినరోజు శ్రీ యేసురాజు,missing,,,,https://waytochurch.com/lyrics/song/5838/పుట్టినరోజు-శ్రీ-యేసురాజు
5839,బాల యేసుకు జోలలు పాడ ఈ వేళ – పరలోక సైన్యముల్ పాటలు పాడెన్ ఆ వేళ,missing,,,,https://waytochurch.com/lyrics/song/5839/బాల-యేసుకు-జోలలు-పాడ-ఈ-వేళ-–-పరలోక-సైన్యముల్-పాటలు-పాడెన్-ఆ-వేళ
5840,మనుజులార మంచి వార్త – మానుగాను దెచ్చినాడ,missing,,,,https://waytochurch.com/lyrics/song/5840/మనుజులార-మంచి-వార్త-–-మానుగాను-దెచ్చినాడ
5841,యెహోవా పరమ పురవాసి – మహాత్ముడయ్యె పరదేశి,missing,,,,https://waytochurch.com/lyrics/song/5841/యెహోవా-పరమ-పురవాసి-–-మహాత్ముడయ్యె-పరదేశి
5842,లెండి లెండి మీరు క్రైస్తవులారా దండియౌ ప్రభుండు బుట్టె,missing,,,,https://waytochurch.com/lyrics/song/5842/లెండి-లెండి-మీరు-క్రైస్తవులారా-దండియౌ-ప్రభుండు-బుట్టె
5843,లాలి లాలి లాలమ్మ లాలి లాలనుచు బాడరే బాల యేసునకు || లాలి ||,missing,,,,https://waytochurch.com/lyrics/song/5843/లాలి-లాలి-లాలమ్మ-లాలి--లాలనుచు-బాడరే-బాల-యేసునకు- - - - - - - - - - - - - - - -||-లాలి-||
5844,శ్రీ యేసు పుట్టె జగమందు సమస్త పాపులకు విందు,missing,,,,https://waytochurch.com/lyrics/song/5844/శ్రీ-యేసు-పుట్టె-జగమందు--సమస్త-పాపులకు-విందు
5845,శ్రీ యేసుండు జన్మించె నిశీధ రాత్రియందు బెత్లెహేము యూరిలో,missing,,,,https://waytochurch.com/lyrics/song/5845/శ్రీ-యేసుండు-జన్మించె-నిశీధ--రాత్రియందు-బెత్లెహేము-యూరిలో
5846,ఘనదేవ పుత్రుడగు ఘనమైన యేసుబిడ్డన్,missing,,,,https://waytochurch.com/lyrics/song/5846/ఘనదేవ-పుత్రుడగు-ఘనమైన-యేసుబిడ్డన్
5847,యూదా రాజ సింహం తిరిగి లేచెను,in_library_exact,1277,Easter Medley,,https://waytochurch.com/lyrics/song/5847/యూదా-రాజ-సింహం-తిరిగి-లేచెను
5848,అకసాన సుక్కఎలిసె – అర్ధరాత్రి పొద్దుపొడిసె,missing,,,,https://waytochurch.com/lyrics/song/5848/అకసాన సుక్కఎలిసె-– అర్ధరాత్రి పొద్దుపొడిసె
5849,ఆరాధన ఆరాధన ఆత్మతో ఆరాధన,in_library_exact,1040,Aaraadhanaa Aaraadhanaa Aathmatho,,https://waytochurch.com/lyrics/song/5849/ఆరాధన-ఆరాధన-ఆత్మతో-ఆరాధన
5850,ధింతక్కు ధింతక్కు ధింతక్కు తయ్యారె,missing,,,,https://waytochurch.com/lyrics/song/5850/ధింతక్కు ధింతక్కు ధింతక్కు తయ్యారె
5851,డింగ్ డింగ్ డింగ్ ఎద్దుల బండి,missing,,,,https://waytochurch.com/lyrics/song/5851/డింగ్-డింగ్-డింగ్-ఎద్దుల-బండి
5852,చిన్ని చిన్ని తమ్ముడు చిట్టి చెల్లెలు,missing,,,,https://waytochurch.com/lyrics/song/5852/చిన్ని-చిన్ని-తమ్ముడు-చిట్టి-చెల్లెలు
5853,వెలిసింది గగనాన ఓ వింత తార,missing,,,,https://waytochurch.com/lyrics/song/5853/వెలిసింది-గగనాన-ఓ-వింత-తార
5854,చిన్ని మనసుతో నిన్ను ఆరాధింతును – చిన్ని బిడ్డనేసయ్యా స్వీకరించుము,in_library_exact,1341,Chinni Manasutho Ninnu,,https://waytochurch.com/lyrics/song/5854/చిన్ని-మనసుతో-నిన్ను-ఆరాధింతును-–-చిన్ని-బిడ్డనేసయ్యా-స్వీకరించుము
5855,ఛుక్ ఛుక్ బండి రైలు బండి,missing,,,,https://waytochurch.com/lyrics/song/5855/ఛుక్ ఛుక్  బండి రైలు బండి
5856,హోసన్నా హోసన్నా హోసన్నా మహోన్నతుడు,in_library_exact,1579,Hosanna Mahonnathudu,,https://waytochurch.com/lyrics/song/5856/హోసన్నా హోసన్నా  హోసన్నా మహోన్నతుడు
5857,ఇదే దినం ఇదేదినం –,missing,,,,https://waytochurch.com/lyrics/song/5857/ఇదే దినం ఇదేదినం –
5858,ఐదు రొట్టెలు రెండు చిన్ని చేపలు – ఐదు వేల పీపుల్స్ కి పంచిపెట్టారు,missing,,,,https://waytochurch.com/lyrics/song/5858/ఐదు-రొట్టెలు-రెండు-చిన్ని-చేపలు-–-ఐదు-వేల-పీపుల్స్-కి-పంచిపెట్టారు
5859,కట్టబడ్డ గాడిద పిల్లనునేను,missing,,,,https://waytochurch.com/lyrics/song/5859/కట్టబడ్డ-గాడిద-పిల్లనునేను
5860,కీర్తింతును ఆరాధింతున్ లాలల లాలల లాలల లలల,missing,,,,https://waytochurch.com/lyrics/song/5860/కీర్తింతును  ఆరాధింతున్-లాలల లాలల లాలల  లలల
5861,మనతండ్రి – మన తండ్రి దేవుడు – అన్ని ఇచ్చిన దేవుడు,missing,,,,https://waytochurch.com/lyrics/song/5861/మనతండ్రి-–-మన-తండ్రి-దేవుడు-–-అన్ని-ఇచ్చిన-దేవుడు
5862,ముద్దులోలికే చిన్ని నోటితో – మృదువైన పెదవులతో,missing,,,,https://waytochurch.com/lyrics/song/5862/ముద్దులోలికే-చిన్ని-నోటితో-–-మృదువైన-పెదవులతో
5863,నాకై యేసు కట్టెను సుందరము బంగారిల్లు,missing,,,,https://waytochurch.com/lyrics/song/5863/నాకై-యేసు-కట్టెను-సుందరము-బంగారిల్లు
5864,నాకొక స్నేహితుడున్నాడు – నేనున్నాను భయపడకన్నాడు,missing,,,,https://waytochurch.com/lyrics/song/5864/నాకొక-స్నేహితుడున్నాడు-–-నేనున్నాను-భయపడకన్నాడు
5865,నా తల్లి కంటెను నా తండ్రి కంటెను,missing,,,,https://waytochurch.com/lyrics/song/5865/నా-తల్లి-కంటెను-నా-తండ్రి-కంటెను
5866,నీ విశ్వాస నావలో యేసు వున్నాడా ఆయన కూర్చున్న నావలో నీవు వున్నావ,missing,,,,https://waytochurch.com/lyrics/song/5866/నీ-విశ్వాస-నావలో-యేసు-వున్నాడా-ఆయన-కూర్చున్న-నావలో-నీవు-వున్నావ
5867,నేను లోపల భయట పైన క్రింద ఎప్పుడు సంతొషమ్,missing,,,,https://waytochurch.com/lyrics/song/5867/నేను-లోపల-భయట-పైన-క్రింద-ఎప్పుడు-సంతొషమ్
5868,నోవహు వోడను త్వరగ చేయుము,missing,,,,https://waytochurch.com/lyrics/song/5868/నోవహు-వోడను-త్వరగ-చేయుము
5869,యేసుని ప్రేమ బహు కమ్మనైనది – జీవాహారం మధురాతి మధురమే,missing,,,,https://waytochurch.com/lyrics/song/5869/యేసుని ప్రేమ-బహు-కమ్మనైనది-–-జీవాహారం-మధురాతి-మధురమే
5870,ఎవ్వరు చేసిరి పక్షులను పక్షులను,missing,,,,https://waytochurch.com/lyrics/song/5870/ఎవ్వరు-చేసిరి-పక్షులను-పక్షులను
5871,చెవులు ఉన్నాయా వినే చెవులు ఉన్నాయా,in_library_exact,790,Chevulu Unnaayaa,,https://waytochurch.com/lyrics/song/5871/చెవులు-ఉన్నాయా-వినే-చెవులు-ఉన్నాయా
5872,స్తుతులనందుకో స్తుతికి పాత్రుడా,missing,,,,https://waytochurch.com/lyrics/song/5872/స్తుతులనందుకో--స్తుతికి-పాత్రుడా
5873,స్తోత్రముల్ స్తుతి స్తోత్రముల్ వేలాది వందనాలు,missing,,,,https://waytochurch.com/lyrics/song/5873/స్తోత్రముల్-స్తుతి-స్తోత్రముల్--వేలాది-వందనాలు
5874,స్తోత్రబలి స్తోత్రబలీ మంచి దేవ నీకేనయ్యా,in_library_exact,1140,Sthothrabali Sthothrabali,,https://waytochurch.com/lyrics/song/5874/స్తోత్రబలి-స్తోత్రబలీ--మంచి-దేవ-నీకేనయ్యా
5875,స్వస్థపరచు యెహోవానీవే నీరక్తంతో మమ్ము కడుగు యేసయ్యా,missing,,,,https://waytochurch.com/lyrics/song/5875/స్వస్థపరచు-యెహోవానీవే-నీరక్తంతో-మమ్ము-కడుగు-యేసయ్యా
5876,లోయలెల్లా పూట్చబడాలి కొండలుకోనలు కదలిపోవాలి,missing,,,,https://waytochurch.com/lyrics/song/5876/లోయలెల్లా-పూట్చబడాలి-కొండలుకోనలు-కదలిపోవాలి
5877,వెదకుడి వెదకుడి యెహోవాను వెదకుడి,missing,,,,https://waytochurch.com/lyrics/song/5877/వెదకుడి-వెదకుడి--యెహోవాను-వెదకుడి
5878,వచ్చుచుండెన్ త్వరలోనే రాజుల రాజుగా యేసయ్యా,missing,,,,https://waytochurch.com/lyrics/song/5878/వచ్చుచుండెన్-త్వరలోనే--రాజుల-రాజుగా-యేసయ్యా
5879,విజయం నీ రక్తంలో అభయం నీ హస్తంలో,missing,,,,https://waytochurch.com/lyrics/song/5879/విజయం-నీ-రక్తంలో--అభయం-నీ-హస్తంలో
5880,శాశ్వత ప్రేమతో నన్ను ప్రేమించావయ్యా,in_library_exact,1119,Shaashwatha Prematho,,https://waytochurch.com/lyrics/song/5880/శాశ్వత-ప్రేమతో-నన్ను-ప్రేమించావయ్యా
5881,శుభవేళలో నీ మోమును చూసి అర్పించెదను నన్నూ,missing,,,,https://waytochurch.com/lyrics/song/5881/శుభవేళలో-నీ-మోమును-చూసి--అర్పించెదను-నన్నూ
5882,శ్రమలందు నీవు నలిగే సమయమున ప్రభు నీకు తోడుండుననీ,in_library_exact,1418,Shramalandu Neevu,,https://waytochurch.com/lyrics/song/5882/శ్రమలందు-నీవు-నలిగే-సమయమున--ప్రభు-నీకు-తోడుండుననీ
5883,శిలువాయే నాప్రాణ ధనము కలలోన మరువంగలేను,missing,,,,https://waytochurch.com/lyrics/song/5883/శిలువాయే-నాప్రాణ-ధనము--కలలోన-మరువంగలేను
5884,శ్రీ యేసు రాజునకే ఎల్లప్పుడు మహిమా,missing,,,,https://waytochurch.com/lyrics/song/5884/శ్రీ-యేసు-రాజునకే-ఎల్లప్పుడు-మహిమా
5885,సర్వశక్తుడు నా సొంతమయ్యెను మృత్యుంజయుడు నా జీవమయ్యెను,missing,,,,https://waytochurch.com/lyrics/song/5885/సర్వశక్తుడు-నా-సొంతమయ్యెను--మృత్యుంజయుడు-నా-జీవమయ్యెను
5886,స్తుతించిన సాతాన్ పారిపోతాడు కునికితే తిరిగి వస్తాడు,missing,,,,https://waytochurch.com/lyrics/song/5886/స్తుతించిన-సాతాన్-పారిపోతాడు--కునికితే-తిరిగి-వస్తాడు
5887,స్తుతి పాడనా నేను ననుకాచె యేసయ్యకు,in_library_prefix,1094,Sthuthi Paadanaa Nenu,0.941,https://waytochurch.com/lyrics/song/5887/స్తుతి-పాడనా-నేను-ననుకాచె-యేసయ్యకు
5888,యేసును స్తుతియించు వారు నిత్యజీవము నొందెదరు,missing,,,,https://waytochurch.com/lyrics/song/5888/యేసును-స్తుతియించు-వారు-నిత్యజీవము-నొందెదరు
5889,యేసు అందరికి ప్రభువు యేసే లోకరక్షకుడు,missing,,,,https://waytochurch.com/lyrics/song/5889/యేసు-అందరికి-ప్రభువు-యేసే-లోకరక్షకుడు
5890,యేసు నీవు నన్ను ప్రేమిస్తున్నావు నీదు ప్రేమను నేను పొందుచున్నాను,missing,,,,https://waytochurch.com/lyrics/song/5890/యేసు-నీవు-నన్ను-ప్రేమిస్తున్నావు---నీదు-ప్రేమను-నేను-పొందుచున్నాను
5891,యేసయ్యా నా హృదయాభిలాష నీవేనయ్యా,in_library_exact,383,Yesayyaa Naa Hrudayaabhilaasha,,https://waytochurch.com/lyrics/song/5891/యేసయ్యా-నా-హృదయాభిలాష-నీవేనయ్యా
5892,యెహోవా నాకు వెలుగాయే యెహోవానాకు రక్షణయే,in_library_exact,880,Yehovaa Naaku Velugaaye,,https://waytochurch.com/lyrics/song/5892/యెహోవా-నాకు-వెలుగాయే-యెహోవానాకు-రక్షణయే
5893,యెహోవా నా కాపరి నాకేమి లేమి కలుగదు,missing,,,,https://waytochurch.com/lyrics/song/5893/యెహోవా-నా-కాపరి--నాకేమి-లేమి-కలుగదు
5894,యెహోవా నిన్ను పోలియున్న వారెవ్వరు,missing,,,,https://waytochurch.com/lyrics/song/5894/యెహోవా-నిన్ను-పోలియున్న-వారెవ్వరు
5895,యెహోవాను స్తుతించుట యెంతో యెంతో మంచిది,missing,,,,https://waytochurch.com/lyrics/song/5895/యెహోవాను-స్తుతించుట--యెంతో-యెంతో-మంచిది
5896,రాలి పోదువో నీవు కూలిపోదువో,missing,,,,https://waytochurch.com/lyrics/song/5896/రాలి-పోదువో-నీవు-కూలిపోదువో
5897,రాజా నీ ప్రసన్నం చాలునయ్యా,missing,,,,https://waytochurch.com/lyrics/song/5897/రాజా-నీ-ప్రసన్నం-చాలునయ్యా
5898,మంచి కాపరి మాప్రభు యేసే,missing,,,,https://waytochurch.com/lyrics/song/5898/మంచి-కాపరి-మాప్రభు-యేసే
5899,మంచిగా పిలచినా నా యేసయ్యా,missing,,,,https://waytochurch.com/lyrics/song/5899/మంచిగా-పిలచినా-నా-యేసయ్యా
5900,మంచి దేవుడు భలే మంచి దేవుడు,missing,,,,https://waytochurch.com/lyrics/song/5900/మంచి-దేవుడు-భలే-మంచి-దేవుడు
5901,మధురం మధురం దైవ వాక్యం,missing,,,,https://waytochurch.com/lyrics/song/5901/మధురం-మధురం-దైవ-వాక్యం
5902,మధురమైన ఈ సమయాన ప్రభుని పాట పాడెద,missing,,,,https://waytochurch.com/lyrics/song/5902/మధురమైన-ఈ-సమయాన-ప్రభుని-పాట-పాడెద
5903,మారని దేవుడవు నీవేనయ్యా మరుగై ఉండలేదు నీకు యేసయ్యా,in_library_exact,826,Maarani Devudavu Neevenayyaa,,https://waytochurch.com/lyrics/song/5903/మారని-దేవుడవు-నీవేనయ్యా--మరుగై-ఉండలేదు-నీకు-యేసయ్యా
5904,మాయాలోకం మాయాలోకం,missing,,,,https://waytochurch.com/lyrics/song/5904/మాయాలోకం-మాయాలోకం
5905,నీ కృప లేనిచో ఒక క్షణమైనను నే నిలువ జాలనో ప్రభు,in_library_exact,905,Nee Krupa Lenicho,,https://waytochurch.com/lyrics/song/5905/నీ-కృప-లేనిచో-ఒక-క్షణమైనను-నే-నిలువ-జాలనో-ప్రభు
5906,నాతోడుగా ఉన్నవాడవే నాచేయి పట్టి నడుపు వాడవే,in_library_exact,1696,Naathodugaa Unnavaadave,,https://waytochurch.com/lyrics/song/5906/నాతోడుగా-ఉన్నవాడవే--నాచేయి-పట్టి-నడుపు-వాడవే
5907,నాప్రాణ ప్రియుడా నాయేసు రాజా,in_library_exact,884,Naa Praanapriyudaa Naa Yesu Raajaa,,https://waytochurch.com/lyrics/song/5907/నాప్రాణ-ప్రియుడా-నాయేసు-రాజా
5908,నీ ప్రేమలేనిదే నే బ్రతుకలేనయ్యా,missing,,,,https://waytochurch.com/lyrics/song/5908/నీ-ప్రేమలేనిదే-నే-బ్రతుకలేనయ్యా
5909,పరాలోకమే నా అంతపురం చేరాలనే నా తాపత్రయం,in_library_exact,1502,Paralokame Naa Anthapuram,,https://waytochurch.com/lyrics/song/5909/పరాలోకమే-నా-అంతపురం-చేరాలనే-నా-తాపత్రయం
5910,పాపిని యేసు ప్రభో నే పాపిని యేసు ప్రభో,missing,,,,https://waytochurch.com/lyrics/song/5910/పాపిని-యేసు-ప్రభో-నే-పాపిని-యేసు-ప్రభో
5911,పావురమా సంఘముపై వ్రాలుమిదే జ్వాలలుగా,in_library_exact,1003,Paavuramaa Sanghamupai,,https://waytochurch.com/lyrics/song/5911/పావురమా-సంఘముపై-వ్రాలుమిదే-జ్వాలలుగా
5913,ప్రభు యేసు నిను పిలువగా నీవు పరుగిడెదవా నిలువక,missing,,,,https://waytochurch.com/lyrics/song/5913/ప్రభు-యేసు-నిను-పిలువగా--నీవు-పరుగిడెదవా-నిలువక
5914,నా తలంపంతా నీవే యేసయ్యా నే కోరెదంతా నీతోడెకదయ్యా,missing,,,,https://waytochurch.com/lyrics/song/5914/నా-తలంపంతా-నీవే-యేసయ్యా--నే-కోరెదంతా-నీతోడెకదయ్యా
5915,కళ్యాణ వేడుక – రమణీయ గీతిక,missing,,,,https://waytochurch.com/lyrics/song/5915/కళ్యాణ-వేడుక-–-రమణీయ-గీతిక
5916,ముద్ద బంతి పూసెనె – కొయిలమ్మ కూసెనె,missing,,,,https://waytochurch.com/lyrics/song/5916/ముద్ద-బంతి-పూసెనె-–-కొయిలమ్మ-కూసెనె
5917,ఓ సోదరా అందుకో ఈ స్వాగత కుసుమాంజలి,missing,,,,https://waytochurch.com/lyrics/song/5917/ఓ-సోదరా-అందుకో-ఈ-స్వాగత-కుసుమాంజలి
5918,తీపి ఆశల మందారాలు విరబూసిన ఈ వేళ,missing,,,,https://waytochurch.com/lyrics/song/5918/తీపి-ఆశల-మందారాలు-విరబూసిన-ఈ-వేళ
5919,యెహోవ కట్టిన ఇల్లు ఇది – మహోన్నతుడు నిర్మించినది,missing,,,,https://waytochurch.com/lyrics/song/5919/యెహోవ-కట్టిన-ఇల్లు-ఇది-–-మహోన్నతుడు-నిర్మించినది
5920,విరిసిన హృదయాలకు కలిసెను బంధం కనుసైగలు చేయుచు ముచ్చటించెను,in_library_exact,1029,Virisina Hrudayaalaku,,https://waytochurch.com/lyrics/song/5920/విరిసిన-హృదయాలకు-కలిసెను-బంధం కనుసైగలు-చేయుచు-ముచ్చటించెను
5921,వచ్చింది వచ్చింది మధురమైన సమయం,missing,,,,https://waytochurch.com/lyrics/song/5921/వచ్చింది-వచ్చింది-మధురమైన-సమయం
5922,ఈ జీవితం విలువైనది నరులార రండని సెలవైనది,in_library_exact,1265,Ee Jeevitham Viluvainadi,,https://waytochurch.com/lyrics/song/5922/ఈ-జీవితం-విలువైనది-నరులార-రండని-సెలవైనది
5923,పరుగెత్తెదా పరుగెత్తెదా,in_library_exact,411,Parugetthedaa Parugetthedaa,,https://waytochurch.com/lyrics/song/5923/పరుగెత్తెదా-పరుగెత్తెదా
5924,మంచే లేని నా పైనా ఏంతో ప్రేమ చూపావు,missing,,,,https://waytochurch.com/lyrics/song/5924/మంచే-లేని-నా-పైనా-ఏంతో-ప్రేమ-చూపావు
5925,అతికాంక్షణీయుడా నా యేసయ్యా,missing,,,,https://waytochurch.com/lyrics/song/5925/అతికాంక్షణీయుడా-నా-యేసయ్యా
5926,యేసు ప్రేమనే చూపిద్దాం యేసు లాగనే జీవిద్దాం,missing,,,,https://waytochurch.com/lyrics/song/5926/యేసు-ప్రేమనే-చూపిద్దాం-యేసు-లాగనే-జీవిద్దాం
5927,యేసయ్యా ఓ యేసయ్యా ఆరాధ్యుడా నా పూజ్యనీయుడా,missing,,,,https://waytochurch.com/lyrics/song/5927/యేసయ్యా-ఓ-యేసయ్యా-ఆరాధ్యుడా-నా-పూజ్యనీయుడా
5928,యేసయ్య నిను చూడాలని యేసయ్య నిను చేరాలని,missing,,,,https://waytochurch.com/lyrics/song/5928/యేసయ్య-నిను-చూడాలని-యేసయ్య-నిను-చేరాలని
5929,యేసయ్యానీ భావాలు ఆ యెదలోనే నిండాలి,missing,,,,https://waytochurch.com/lyrics/song/5929/యేసయ్యానీ-భావాలు-ఆ-యెదలోనే-నిండాలి
5930,యెహెూవాను సన్నుతించెదన్ ఆయనను కీర్తించెదను,in_library_exact,128,Yehovaanu Sannuthinchedan,,https://waytochurch.com/lyrics/song/5930/యెహెూవాను-సన్నుతించెదన్-ఆయనను-కీర్తించెదను
5931,యెహెూవాయే నా బలము యెహెూవాయే నా శైలము,in_library_exact,86,Yehovaaye Naa Balamu,,https://waytochurch.com/lyrics/song/5931/యెహెూవాయే-నా-బలము-యెహెూవాయే-నా-శైలము
5932,యెహెూవా నను కరుణించుమూ,in_library_exact,1203,Yehovaa Nanu Karuninchumaa,,https://waytochurch.com/lyrics/song/5932/యెహెూవా-నను-కరుణించుమూ
5933,ఉన్నవాడవు అని అనువాడవు,missing,,,,https://waytochurch.com/lyrics/song/5933/ఉన్నవాడవు-అని-అనువాడవు
5934,వేరు చేయజాలునా దూరపరచ జాలునా,missing,,,,https://waytochurch.com/lyrics/song/5934/వేరు-చేయజాలునా-దూరపరచ-జాలునా
5935,తెలియక వారు సిలువ వేశారు,missing,,,,https://waytochurch.com/lyrics/song/5935/తెలియక-వారు-సిలువ-వేశారు
5936,తలుచుకుంటె చాలును ఓ యేసు నీ ప్రేమ,missing,,,,https://waytochurch.com/lyrics/song/5936/తలుచుకుంటె-చాలును-ఓ-యేసు-నీ-ప్రేమ
5937,తార వెలిసింది ఆ నింగిలో ధరణి మురిసింది,in_library_exact,540,Thaara Velisindi,,https://waytochurch.com/lyrics/song/5937/తార-వెలిసింది-ఆ-నింగిలో-ధరణి-మురిసింది
5938,స్తుతియించెదం కీర్తించెదం స్తుతి పాడెదం కొనియాడెదం,missing,,,,https://waytochurch.com/lyrics/song/5938/స్తుతియించెదం-కీర్తించెదం-స్తుతి-పాడెదం-కొనియాడెదం
5939,స్తుతి నీకే యేసు రాజా మహిమ నీకే యేసు రాజా,in_library_exact,285,Sthuthi Neeke Yesu Raajaa,,https://waytochurch.com/lyrics/song/5939/స్తుతి-నీకే-యేసు-రాజా-మహిమ-నీకే-యేసు-రాజా
5940,స్నేహితుడా నా హితుడా,in_library_exact,570,Snehithudaa Naa Hithudaa,,https://waytochurch.com/lyrics/song/5940/స్నేహితుడా-నా-హితుడా
5941,సైన్యములకు అధిపతియగు దేవా నీకే స్తోత్రమయ్యా,missing,,,,https://waytochurch.com/lyrics/song/5941/సైన్యములకు-అధిపతియగు-దేవా-నీకే-స్తోత్రమయ్యా
5942,సారా సర్పమురా అది కాటు వేయక తప్పదురా,missing,,,,https://waytochurch.com/lyrics/song/5942/సారా-సర్పమురా-అది-కాటు-వేయక-తప్పదురా
5943,రాజులకు రాజంట ప్రభువులకు ప్రభువంట,missing,,,,https://waytochurch.com/lyrics/song/5943/రాజులకు-రాజంట-ప్రభువులకు-ప్రభువంట
5944,రాజుల రాజువయ్యా నీవే మా రాజువయ్యా,missing,,,,https://waytochurch.com/lyrics/song/5944/రాజుల-రాజువయ్యా-నీవే-మా-రాజువయ్యా
5945,ప్రేమా అనే మాయలో చిక్కుకున్న సోదరీ సోదరా,in_library_prefix,6,Premaa Ane Maayalo,0.842,https://waytochurch.com/lyrics/song/5945/ప్రేమా-అనే-మాయలో-చిక్కుకున్న-సోదరీ-సోదరా
5946,ప్రభువా నిను కీర్తించుటకు వేనోళ్ళ చాలునా,missing,,,,https://waytochurch.com/lyrics/song/5946/ప్రభువా-నిను-కీర్తించుటకు-వేనోళ్ళ-చాలునా
5947,ప్రభువా నా ప్రార్ధన ఆలకించుమా,missing,,,,https://waytochurch.com/lyrics/song/5947/ప్రభువా-నా-ప్రార్ధన-ఆలకించుమా
5948,ప్రభువా అని ప్రార్ధిస్తే చాలునా,missing,,,,https://waytochurch.com/lyrics/song/5948/ప్రభువా-అని-ప్రార్ధిస్తే-చాలునా
5949,పరలోకమును చూడాలిరో,missing,,,,https://waytochurch.com/lyrics/song/5949/పరలోకమును-చూడాలిరో
5950,ఒక్క కోరిక నన్ను కోరనీ ఒక్క వరమే నన్ను అడగనీ,missing,,,,https://waytochurch.com/lyrics/song/5950/ఒక్క-కోరిక-నన్ను-కోరనీ-ఒక్క-వరమే-నన్ను-అడగనీ
5951,నిన్ను విడచి పోలేడు నిన్ను మరచి పోలేడు,missing,,,,https://waytochurch.com/lyrics/song/5951/నిన్ను-విడచి-పోలేడు-నిన్ను-మరచి-పోలేడు
5952,నీ మందిరమే మాకు ఆశ్రయం నీ సన్నిధియే మాకు ఆధారము,missing,,,,https://waytochurch.com/lyrics/song/5952/నీ-మందిరమే-మాకు-ఆశ్రయం-నీ-సన్నిధియే-మాకు-ఆధారము
5953,నీ చిత్తము నాలో జరిగించుమో దేవా,missing,,,,https://waytochurch.com/lyrics/song/5953/నీ-చిత్తము-నాలో-జరిగించుమో-దేవా
5954,నీవు చేసిన త్యాగాన్ని చాటిచెప్పే భాగ్యాన్ని,in_library_contained,1046,Neevu Chesina Thyaagaanni,,https://waytochurch.com/lyrics/song/5954/నీవు-చేసిన-త్యాగాన్ని-చాటిచెప్పే-భాగ్యాన్ని
5955,నీవే మా తండ్రివి నీవే మా తల్లివి,missing,,,,https://waytochurch.com/lyrics/song/5955/నీవే-మా-తండ్రివి-నీవే-మా-తల్లివి
5956,నన్ను కాదనవని నను కాదనలేవని,in_library_exact,483,Nannu Kaadanavani,,https://waytochurch.com/lyrics/song/5956/నన్ను-కాదనవని-నను-కాదనలేవని
5957,నమ్మకురా నమ్మకురా ఈ లోకం నమ్మకురా,in_library_exact,1360,Nammakuraa Nammakuraa,,https://waytochurch.com/lyrics/song/5957/నమ్మకురా-నమ్మకురా-ఈ-లోకం-నమ్మకురా
5958,నలుగకుండ గోధుమలు కడుపు నింపగలుగునా,in_library_exact,1404,Nalugakunda Godhumalu,,https://waytochurch.com/lyrics/song/5958/నలుగకుండ-గోధుమలు-కడుపు-నింపగలుగునా
5959,నా వేదనలో ఆవేదనలో,missing,,,,https://waytochurch.com/lyrics/song/5959/నా-వేదనలో-ఆవేదనలో
5960,మన్నించుమా మన్నించుమా,missing,,,,https://waytochurch.com/lyrics/song/5960/మన్నించుమా-మన్నించుమా
5961,మహెూన్నతుడా నీ నామమనే కీర్తించుటయే ఉత్తమము,missing,,,,https://waytochurch.com/lyrics/song/5961/మహెూన్నతుడా-నీ-నామమనే-కీర్తించుటయే-ఉత్తమము
5962,కావాలి కావాలి నా యేసుకు సొంతం కావాలి,missing,,,,https://waytochurch.com/lyrics/song/5962/కావాలి-కావాలి-నా-యేసుకు-సొంతం-కావాలి
5963,ఇది న్యాయమా ఇది ధర్మమా,missing,,,,https://waytochurch.com/lyrics/song/5963/ఇది-న్యాయమా--ఇది-ధర్మమా
5964,గురుతు చేసుకో ఓ ప్రియుడా,missing,,,,https://waytochurch.com/lyrics/song/5964/గురుతు-చేసుకో-ఓ-ప్రియుడా
5965,దినములు చెడ్డవిగా అజ్ఞానము విడిచెదవా,missing,,,,https://waytochurch.com/lyrics/song/5965/దినములు-చెడ్డవిగా-అజ్ఞానము-విడిచెదవా
5966,దాగున్నావా నీవు దాగున్నావా సంఘాన్ని చెడిపేవాడా,missing,,,,https://waytochurch.com/lyrics/song/5966/దాగున్నావా-నీవు-దాగున్నావా-సంఘాన్ని-చెడిపేవాడా
5967,దేవా నీ కృపతో నన్ను కరుణించుమా,missing,,,,https://waytochurch.com/lyrics/song/5967/దేవా-నీ-కృపతో-నన్ను-కరుణించుమా
5968,భరియించలేనయ్యా నీ మౌనము,missing,,,,https://waytochurch.com/lyrics/song/5968/భరియించలేనయ్యా-నీ-మౌనము
5969,అపత్కాలమందు యెహెూవా నీకు ఉత్తరమిచ్చును,missing,,,,https://waytochurch.com/lyrics/song/5969/అపత్కాలమందు-యెహెూవా-నీకు-ఉత్తరమిచ్చును
5970,ఆరాధ్య దైవమా నా ప్రాణ దుర్గమా,missing,,,,https://waytochurch.com/lyrics/song/5970/ఆరాధ్య-దైవమా-నా-ప్రాణ-దుర్గమా
5971,ఆరాధింతు ఆరాధింతు యేసయ్య నామం అన్నింట ఘన నామం,missing,,,,https://waytochurch.com/lyrics/song/5971/ఆరాధింతు-ఆరాధింతు-యేసయ్య-నామం-అన్నింట-ఘన-నామం
5972,స్తోత్రము స్తోత్రము రక్షణస్తోత్రము స్తోత్రము,missing,,,,https://waytochurch.com/lyrics/song/5972/స్తోత్రము-స్తోత్రము--రక్షణస్తోత్రము-స్తోత్రము
5973,ఆశ్చర్యమైన ప్రేమ కల్వరిలోని ప్రేమ,in_library_exact,436,Aascharyamaina Prema,,https://waytochurch.com/lyrics/song/5973/ఆశ్చర్యమైన-ప్రేమ--కల్వరిలోని-ప్రేమ
5974,రాజుల రాజా రానైయున్నవాడా,in_library_exact,387,Raajula Raajaa,,https://waytochurch.com/lyrics/song/5974/రాజుల-రాజా-రానైయున్నవాడా
5975,ఎవరితో నీ జీవితం – ఎందాక నీ పయనం,in_library_exact,124,Evaritho Nee Jeevitham,,https://waytochurch.com/lyrics/song/5975/ఎవరితో-నీ-జీవితం-–-ఎందాక-నీ-పయనం
5976,నీ నీడలోన నీ జాడలోన,in_library_exact,1385,Nee Needalona,,https://waytochurch.com/lyrics/song/5976/నీ-నీడలోన-నీ-జాడలోన
5977,నీ కృప లేని క్షణము,missing,,,,https://waytochurch.com/lyrics/song/5977/నీ-కృప-లేని-క్షణము
5978,నా కలవరములన్ని కనుమరుగు చేసినావు,in_library_exact,984,Naa Kalavaramulanni,,https://waytochurch.com/lyrics/song/5978/నా-కలవరములన్ని-కనుమరుగు-చేసినావు
5979,ఆ హల్లెలుయా … ఆ హల్లెలుయా …,missing,,,,https://waytochurch.com/lyrics/song/5979/ఆ-హల్లెలుయా-…-ఆ-హల్లెలుయా-…
5981,ఆరాధనకు యోగ్యుడా నిత్యము స్తుతియించెదము,in_library_fuzzy,1394,Aaraadhanaku Yogyudaa,0.947,https://waytochurch.com/lyrics/song/5981/ఆరాధనకు-యోగ్యుడా-నిత్యము-స్తుతియించెదము
5982,ఆరాధన నా యేసుకే – నా జీవితమ్ నీకంకితమ్,missing,,,,https://waytochurch.com/lyrics/song/5982/ఆరాధన-నా-యేసుకే-–-నా-జీవితమ్-నీకంకితమ్
5983,ఆకాశ వాసులార యేహొవాను స్తుతీయించుడి,in_library_exact,1303,Aakaasha Vaasulaaraa,,https://waytochurch.com/lyrics/song/5983/ఆకాశ-వాసులార-యేహొవాను-స్తుతీయించుడి
5984,ఆధారం నీవేనయ్యా ఆధారం నీవేనయ్యా,missing,,,,https://waytochurch.com/lyrics/song/5984/ఆధారం-నీవేనయ్యా-ఆధారం-నీవేనయ్యా
5985,అంబర వీధిలో – సంబరం గాంచిరి,missing,,,,https://waytochurch.com/lyrics/song/5985/అంబర-వీధిలో-–-సంబరం-గాంచిరి
5986,ఆనందమే పరమానందమే యేసయ్య సన్నిధిలో,missing,,,,https://waytochurch.com/lyrics/song/5986/ఆనందమే-పరమానందమే-యేసయ్య-సన్నిధిలో
5987,అంచులనుండి జారేల – గిన్నెలు నిండి పోర్లేలా,missing,,,,https://waytochurch.com/lyrics/song/5987/అంచులనుండి-జారేల-–-గిన్నెలు-నిండి-పోర్లేలా
5988,అందరు నన్ను విడచినా – నీవునన్ను విడువనంటివే,in_library_exact,1349,Andaru Nannu Vidachinaa,,https://waytochurch.com/lyrics/song/5988/అందరు-నన్ను-విడచినా-–-నీవునన్ను-విడువనంటివే
5989,అన్ని నామముల కన్న పై నామము – యేసుని నామము,in_library_exact,1023,Anni Naamamula Kanna,,https://waytochurch.com/lyrics/song/5989/అన్ని-నామముల-కన్న-పై-నామము-–-యేసుని-నామము
5990,అత్యున్నతమైనది యేసునామం – యేసునామం కోరస్,in_library_prefix,575,Athyunnathamainadi Yesu Naamam,0.842,https://waytochurch.com/lyrics/song/5990/అత్యున్నతమైనది-యేసునామం-–-యేసునామం-కోరస్
5991,బేధం ఏమి లేదు – అందరును పాపం చేసియున్నారు,in_library_exact,653,Bhedam Emi Ledu,,https://waytochurch.com/lyrics/song/5991/బేధం-ఏమి-లేదు-–-అందరును-పాపం-చేసియున్నారు
5992,దేవా నీ ఆవరణం మాకెంతో శ్రేయస్కరం,in_library_exact,1624,Devaa Nee Aavaranam,,https://waytochurch.com/lyrics/song/5992/దేవా-నీ-ఆవరణం-మాకెంతో-శ్రేయస్కరం
5993,గాడాధకారములొ – నేను తిరిగినను,missing,,,,https://waytochurch.com/lyrics/song/5993/గాడాధకారములొ-–-నేను-తిరిగినను
5994,హల్లెలూయ హల్లెలూయ స్తోత్రముల్,in_library_exact,235,Hallelooya Hallelooya,,https://waytochurch.com/lyrics/song/5994/హల్లెలూయ-హల్లెలూయ-స్తోత్రముల్
5995,హోసన్నా పాడుదాం యేసు దాసులరా,missing,,,,https://waytochurch.com/lyrics/song/5995/హోసన్నా-పాడుదాం-యేసు-దాసులరా
5996,హృదిని మార్చు దేవా – యధార్ధమైనదిగా,missing,,,,https://waytochurch.com/lyrics/song/5996/హృదిని-మార్చు-దేవా-–--యధార్ధమైనదిగా
5997,నీ ప్రేమ బహు గొప్పది యేసయ్య,missing,,,,https://waytochurch.com/lyrics/song/5997/నీ-ప్రేమ-బహు-గొప్పది-యేసయ్య
5998,స్తొత్రాలు చెల్లింతుము స్తుతికి పాత్రుడా,missing,,,,https://waytochurch.com/lyrics/song/5998/స్తొత్రాలు-చెల్లింతుము-స్తుతికి-పాత్రుడా
6000,ఈ లోక యాత్రాలో నే సాగుచుండ,in_library_exact,24,Ee Loka Yaathraalo,,https://waytochurch.com/lyrics/song/6000/ఈ-లోక-యాత్రాలో-నే-సాగుచుండ
6001,పేద నరుని రూపము ధరించి,in_library_exact,1151,Peda Naruni Roopamu,,https://waytochurch.com/lyrics/song/6001/పేద-నరుని-రూపము-ధరించి
6002,యేసూ ప్రభుని స్తుతించుట,in_library_exact,822,Yesu Prabhuni Sthuthinchuta,,https://waytochurch.com/lyrics/song/6002/యేసూ-ప్రభుని-స్తుతించుట
6003,ఆ దరి చేరే దారే కనరాదు,in_library_exact,319,Aa Dari Chere Daare Kanaraadu,,https://waytochurch.com/lyrics/song/6003/ఆ-దరి-చేరే-దారే-కనరాదు
6004,నా ప్రియ దేశం భారత దేశం,in_library_exact,748,Naa Priya Desham,,https://waytochurch.com/lyrics/song/6004/నా-ప్రియ-దేశం-భారత-దేశం
6005,నమ్మకమైన దేవుడవైన నీవే చాలు యేసయ్యా,in_library_exact,1231,Nammakamaina Devudavaina,,https://waytochurch.com/lyrics/song/6005/నమ్మకమైన-దేవుడవైన-నీవే-చాలు-యేసయ్యా
6006,నా యేసయ్యా నా స్తుతియాగము,in_library_exact,1544,Naa Yesayyaa Naa Sthuthiyaagamu,,https://waytochurch.com/lyrics/song/6006/నా-యేసయ్యా-నా-స్తుతియాగము
6007,ఎలా మరువగలనయ్యా నీ ప్రేమను,in_library_exact,872,Elaa Maruvagalanayyaa,,https://waytochurch.com/lyrics/song/6007/ఎలా-మరువగలనయ్యా-నీ-ప్రేమను
6008,నా దేవుని కృపవలన,in_library_exact,1315,Naa Devuni Krupavalana,,https://waytochurch.com/lyrics/song/6008/నా-దేవుని-కృపవలన
6009,మా సర్వానిధి నీవయ్యా – నీ సన్నిధికి వచ్చామయ్యా,in_library_exact,180,Maa Sarvaanidhi Neevayyaa,,https://waytochurch.com/lyrics/song/6009/మా-సర్వానిధి-నీవయ్యా-–-నీ-సన్నిధికి-వచ్చామయ్యా
6010,నా జీవితం ప్రభు నీకంకితం,in_library_exact,1354,Naa Jeevitham Prabhu Neekankitham,,https://waytochurch.com/lyrics/song/6010/నా-జీవితం-ప్రభు-నీకంకితం
6011,నా ప్రాణం తల్లడిల్లగా,in_library_exact,585,Devaa Naa Mora Aalakinchumaa,,https://waytochurch.com/lyrics/song/6011/నా-ప్రాణం-తల్లడిల్లగా
6012,ఎంతగ నిను కీర్తించినను – ఏమేమి అర్పించినను,in_library_exact,861,Prabhuvaa Ninu Keerthinchutaku,,https://waytochurch.com/lyrics/song/6012/ఎంతగ-నిను-కీర్తించినను-–-ఏమేమి-అర్పించినను
6013,యేసయ్యా నా హృదయ స్పందన నీవే కదా,in_library_exact,712,Yesayyaa Naa Hrudaya Spandana,,https://waytochurch.com/lyrics/song/6013/యేసయ్యా-నా-హృదయ-స్పందన-నీవే-కదా
6014,అన్నయ్య… తెల్లారింది లేరా,in_library_exact,648,Thellaarindi Vela,,https://waytochurch.com/lyrics/song/6014/అన్నయ్య…-తెల్లారింది-లేరా
6015,చూచితివే నా కన్నీటిని,in_library_exact,342,Choochithive Naa Kanneetini,,https://waytochurch.com/lyrics/song/6015/చూచితివే-నా-కన్నీటిని
6016,నీవు లేక క్షణమైనా జీవించలేనయ్యా,in_library_exact,5,Neevu Leka Kshanamainaa,,https://waytochurch.com/lyrics/song/6016/నీవు-లేక-క్షణమైనా-జీవించలేనయ్యా
6017,మధురం మధురం నా ప్రియ యేసుని చరితం మధురం,in_library_exact,291,Madhuram Madhuram,,https://waytochurch.com/lyrics/song/6017/మధురం-మధురం-నా-ప్రియ-యేసుని-చరితం-మధురం
6018,విధేయత కలిగి జీవించుటకు,in_library_exact,847,Vidheyatha Kaligi Jeevinchutaku,,https://waytochurch.com/lyrics/song/6018/విధేయత-కలిగి-జీవించుటకు
6019,మంచి దేవుడు నా యేసయ్యా,in_library_exact,102,Manchi Devudu Naa Yesayyaa,,https://waytochurch.com/lyrics/song/6019/మంచి-దేవుడు-నా-యేసయ్యా
6020,అన్ని వేళల వినువాడు నీ ప్రార్ధనలన్నియు,in_library_exact,1118,Anni Velala Vinuvaadu,,https://waytochurch.com/lyrics/song/6020/అన్ని-వేళల-వినువాడు-నీ-ప్రార్ధనలన్నియు
6021,మంచివాడు గొప్పవాడు నా యేసు పరిశుద్ధుడు,in_library_exact,1226,Manchivaadu Goppavaadu,,https://waytochurch.com/lyrics/song/6021/మంచివాడు-గొప్పవాడు-నా-యేసు-పరిశుద్ధుడు
6022,ఇరువది నలుగురు పెద్దలతో,in_library_exact,467,Iruvadi Naluguru Peddalatho,,https://waytochurch.com/lyrics/song/6022/ఇరువది-నలుగురు-పెద్దలతో
6023,చిన్నారి బాలగా చిరుదివ్య జ్యోతిగా,in_library_exact,106,Chinnaari Baalagaa,,https://waytochurch.com/lyrics/song/6023/చిన్నారి-బాలగా-చిరుదివ్య-జ్యోతిగా
6024,ఏడానుంటివిరా – ఓరన్న,in_library_exact,1043,Aedaa Nuntiviraa,,https://waytochurch.com/lyrics/song/6024/ఏడానుంటివిరా-–-ఓరన్న
6025,ఉతక మీద తలుపు తిరుగు రీతిగా,in_library_exact,934,Uthaka Meeda Thalupu,,https://waytochurch.com/lyrics/song/6025/ఉతక-మీద-తలుపు-తిరుగు-రీతిగా
6026,కరుణించుము మము పరమ పితా,in_library_exact,54,Karuninchumu Mamu Parama Pithaa,,https://waytochurch.com/lyrics/song/6026/కరుణించుము-మము-పరమ-పితా
6027,కదలకుందువు సీయోను కొండవలె,in_library_exact,11,Kadalakunduvu,,https://waytochurch.com/lyrics/song/6027/కదలకుందువు-సీయోను-కొండవలె
6028,కష్ట నష్టాలైనా కడగండ్ల బ్రతుకైనా,in_library_exact,645,Kashta Nashtaalainaa,,https://waytochurch.com/lyrics/song/6028/కష్ట-నష్టాలైనా-కడగండ్ల-బ్రతుకైనా
6029,నీ పాదాలే నాకు శరణం,in_library_exact,145,Nee Paadaale Naaku Sharanam,,https://waytochurch.com/lyrics/song/6029/నీ-పాదాలే-నాకు-శరణం
6030,వీనులకు విందులు చేసే యేసయ్య సు చరిత్ర,in_library_exact,1416,Veenulaku Vindulu Chese,,https://waytochurch.com/lyrics/song/6030/వీనులకు-విందులు-చేసే-యేసయ్య-సు-చరిత్ర
6031,నీవు తప్ప నాకీ లోకంలో ఎవరున్నారయ్యా,in_library_exact,200,Neevu Thappa Naakee Lokamlo,,https://waytochurch.com/lyrics/song/6031/నీవు-తప్ప-నాకీ-లోకంలో-ఎవరున్నారయ్యా
6032,అన్నీ సాధ్యమే,in_library_exact,214,Anni Saadhyame Yesuku,,https://waytochurch.com/lyrics/song/6032/అన్నీ-సాధ్యమే
6033,ఏ రీతి స్తుతియింతును – ఓ యేసూ నాథా దైవమా,in_library_exact,565,Ae Reethi Sthuthiyinthunu,,https://waytochurch.com/lyrics/song/6033/ఏ-రీతి-స్తుతియింతును-–-ఓ-యేసూ-నాథా-దైవమా
6034,భయము లేదు మనకు ఇకపై ఎదురు వచ్చు గెలుపు,in_library_exact,572,Bhayamu Ledu Manaku,,https://waytochurch.com/lyrics/song/6034/భయము-లేదు-మనకు-ఇకపై-ఎదురు-వచ్చు-గెలుపు
6035,ప్రేమ లేనివాడు పరలోకానికి అనర్హుడు,in_library_exact,463,Prema Lenivaadu Paralokaaniki,,https://waytochurch.com/lyrics/song/6035/ప్రేమ-లేనివాడు-పరలోకానికి-అనర్హుడు
6036,నీతోనే నా నివాసము – నిత్యము ఆనందమే,in_library_exact,1444,Seeyonulo Sthiramaina,,https://waytochurch.com/lyrics/song/6036/నీతోనే-నా-నివాసము-–-నిత్యము-ఆనందమే
6037,మధురం మధురం – నీ ప్రేమే అతి మధురం,in_library_exact,1558,Madhuram Madhuram Nee Preme,,https://waytochurch.com/lyrics/song/6037/మధురం-మధురం-–-నీ-ప్రేమే-అతి-మధురం
6038,రావయ్యా యేసయ్యా నా ఇంటికి,in_library_exact,148,Raavayyaa Yesayyaa,,https://waytochurch.com/lyrics/song/6038/రావయ్యా-యేసయ్యా-నా-ఇంటికి
6039,నిత్య జీవపు రాజ్యములో,in_library_exact,1313,Nithya Jeevapu Raajyamulo,,https://waytochurch.com/lyrics/song/6039/నిత్య-జీవపు-రాజ్యములో
6040,జాగోరే జాగోరే జాగు జాము రాతిరి,in_library_exact,525,Jaagore Jaagore,,https://waytochurch.com/lyrics/song/6040/జాగోరే-జాగోరే-జాగు-జాము-రాతిరి
6041,ఎవరున్నారయ్యా నాకు నీవు తప్ప,in_library_exact,118,Evarunnaarayyaa,,https://waytochurch.com/lyrics/song/6041/ఎవరున్నారయ్యా-నాకు-నీవు-తప్ప
6042,నాకు చాలిన దేవుడ నీవు,in_library_exact,723,Naaku Chaalina Devuda Neevu,,https://waytochurch.com/lyrics/song/6042/నాకు-చాలిన-దేవుడ-నీవు
6044,యేసయ్య రక్తము అతి మధురము,in_library_exact,1503,Yesayya Rakthamu,,https://waytochurch.com/lyrics/song/6044/యేసయ్య-రక్తము-అతి-మధురము
6045,విడువదు మరువదు – విడువదు మరువదు,in_library_exact,1406,Viduvadhu Maruvadhu,,https://waytochurch.com/lyrics/song/6045/విడువదు-మరువదు-–-విడువదు-మరువదు
6046,కావలెనా యేసయ్య బహుమానము,in_library_exact,809,Kaavalenaa Yesayya Bahumaanamu,,https://waytochurch.com/lyrics/song/6046/కావలెనా-యేసయ్య-బహుమానము
6047,నీ కొరకు నా ప్రాణం ఆశపడుచున్నది,in_library_exact,1105,Nee Koraku Naa Praanam,,https://waytochurch.com/lyrics/song/6047/నీ-కొరకు-నా-ప్రాణం-ఆశపడుచున్నది
6048,నీ నిర్ణయం ఎంతో విలువైనది ఈ లోకంలో,in_library_exact,282,Nee Nirnayam,,https://waytochurch.com/lyrics/song/6048/నీ-నిర్ణయం-ఎంతో-విలువైనది-ఈ-లోకంలో
6049,ఇదేనా న్యాయమిదియేనా,in_library_exact,802,Idhenaa Nyaayamidiyenaa,,https://waytochurch.com/lyrics/song/6049/ఇదేనా-న్యాయమిదియేనా
6050,అందమైన మధురమైన నామం ఎవరిది,in_library_exact,865,Andamaina Madhuramaina,,https://waytochurch.com/lyrics/song/6050/అందమైన-మధురమైన-నామం-ఎవరిది
6051,దేవా పాపిని నిన్నాశ్రయించాను,in_library_exact,450,Devaa Paapini,,https://waytochurch.com/lyrics/song/6051/దేవా-పాపిని-నిన్నాశ్రయించాను
6052,మెల్లని చల్లని స్వరము యేసయ్యదే,in_library_exact,1459,Mellani Challani,,https://waytochurch.com/lyrics/song/6052/మెల్లని-చల్లని-స్వరము-యేసయ్యదే
6053,నీతో స్నేహం చేయాలని,in_library_exact,1028,Neetho Sneham Cheyaalani,,https://waytochurch.com/lyrics/song/6053/నీతో-స్నేహం-చేయాలని
6054,ప్రార్ధన ప్రార్ధన ప్రభునితో సంభాషణ,in_library_exact,834,Praardhana Praardhana,,https://waytochurch.com/lyrics/song/6054/ప్రార్ధన-ప్రార్ధన-ప్రభునితో-సంభాషణ
6055,అంజలి ఘటియింతు దేవా,in_library_exact,66,Anjali Ghatiyinthu,,https://waytochurch.com/lyrics/song/6055/అంజలి-ఘటియింతు-దేవా
6056,నా మట్టుకైతే బ్రతుకుట క్రీస్తే,in_library_exact,583,Naa Mattukaithe,,https://waytochurch.com/lyrics/song/6056/నా-మట్టుకైతే-బ్రతుకుట-క్రీస్తే
6057,కొడవలిని చేత పట్టి కోత కోయుము,in_library_exact,862,Kodavalini Chetha Patti,,https://waytochurch.com/lyrics/song/6057/కొడవలిని-చేత-పట్టి-కోత-కోయుము
6058,ఇది శుభోదయం – క్రీస్తు జన్మదినం,in_library_exact,956,Idhi Shubhodayam,,https://waytochurch.com/lyrics/song/6058/ఇది-శుభోదయం-–-క్రీస్తు-జన్మదినం
6059,నిను చేరగ నా మది ధన్యమైనది,in_library_exact,974,Ninu Cheraga Naa Madi,,https://waytochurch.com/lyrics/song/6059/నిను-చేరగ-నా-మది-ధన్యమైనది
6060,గొంతు ఎత్తి చాటెదాను,in_library_exact,684,Gonthu Etthi Chaatedaanu,,https://waytochurch.com/lyrics/song/6060/గొంతు-ఎత్తి-చాటెదాను
6061,ఓ ప్రార్ధనా సుప్రార్ధనా,in_library_exact,343,O Praardhanaa Supraardhanaa,,https://waytochurch.com/lyrics/song/6061/ఓ-ప్రార్ధనా-సుప్రార్ధనా
6062,నీ సన్నిధియే నా ఆశ్రయం దేవా,in_library_exact,449,Nee Sannidhiye Naa,,https://waytochurch.com/lyrics/song/6062/నీ-సన్నిధియే-నా-ఆశ్రయం-దేవా
6063,దేవుని యందు భక్తి గల స్త్రీ కొనియాడబడును,in_library_exact,871,Devuni Yandu Bhakthi,,https://waytochurch.com/lyrics/song/6063/దేవుని-యందు-భక్తి-గల-స్త్రీ-కొనియాడబడును
6064,నా ప్రాణమైన యేసు,in_library_exact,605,Naa Praanamaina Yesu,,https://waytochurch.com/lyrics/song/6064/నా-ప్రాణమైన-యేసు
6065,మనలో ప్రతి ఒక్కరి పేరు యేసుకు తెలుసు,in_library_exact,472,Manalo Prathi Okkari,,https://waytochurch.com/lyrics/song/6065/మనలో-ప్రతి-ఒక్కరి-పేరు-యేసుకు-తెలుసు
6066,ఎసు ఱక్శకా షతకొటి తొత్రమ్,missing,,,,https://waytochurch.com/lyrics/song/6066/ఎసు-ఱక్శకా-షతకొటి-తొత్రమ్
6067,అమ్మా అని నిన్ను పిలువనా,in_library_exact,497,Ammaa Ani Ninnu Piluvanaa,,https://waytochurch.com/lyrics/song/6067/అమ్మా-అని-నిన్ను-పిలువనా
6068,ఎందుకో ఈ ప్రేమ నన్నింతగ ప్రేమించెను,in_library_exact,1291,Enduko Ee Prema,,https://waytochurch.com/lyrics/song/6068/ఎందుకో-ఈ-ప్రేమ-నన్నింతగ-ప్రేమించెను
6069,జీవితమంటే మాటలు కాదు చెల్లెమ్మా,in_library_exact,593,Jeevithamante Maatalu Kaadu,,https://waytochurch.com/lyrics/song/6069/జీవితమంటే-మాటలు-కాదు-చెల్లెమ్మా
6070,జీవమా… యేసయ్యా… ఆత్మతో నింపుమా – అభిషేకించుమా,in_library_exact,569,Jeevamaa Yesayyaa,,https://waytochurch.com/lyrics/song/6070/జీవమా…-యేసయ్యా…-ఆత్మతో-నింపుమా-–-అభిషేకించుమా
6071,బలమైనవాడా బలపర్చువాడా,in_library_exact,707,Balamainavaadaa,,https://waytochurch.com/lyrics/song/6071/బలమైనవాడా-బలపర్చువాడా
6072,మేలులు నీ మేలులు మరచిపోలేనయ్యా,in_library_exact,1290,Melulu Nee Melulu,,https://waytochurch.com/lyrics/song/6072/మేలులు-నీ-మేలులు-మరచిపోలేనయ్యా
6073,కలనైనా ఇలనైనా నన్ను ఏనాడైనా,in_library_exact,1476,Kalanainaa Ilanainaa,,https://waytochurch.com/lyrics/song/6073/కలనైనా-ఇలనైనా-నన్ను-ఏనాడైనా
6074,దేవా నీ సాక్షిగా నేనుండుట,in_library_exact,522,Devaa Nee Saakshigaa,,https://waytochurch.com/lyrics/song/6074/దేవా-నీ-సాక్షిగా-నేనుండుట
6075,వికసించు పుష్పమా,in_library_exact,1217,Vikasinchu Pushpamaa,,https://waytochurch.com/lyrics/song/6075/వికసించు-పుష్పమా
6076,కరుణించవా నా యేసువా,in_library_exact,978,Karuninchavaa Naa Yesuvaa,,https://waytochurch.com/lyrics/song/6076/కరుణించవా-నా-యేసువా
6077,గూడు లేని గువ్వలా దారి తప్పితి,in_library_exact,114,Goodu Leni Guvvalaa,,https://waytochurch.com/lyrics/song/6077/గూడు-లేని-గువ్వలా-దారి-తప్పితి
6078,వేయి నోళ్లతో స్తుతియించినా,in_library_exact,717,Veyi Nollatho Sthuthiyinchinaa,,https://waytochurch.com/lyrics/song/6078/వేయి-నోళ్లతో-స్తుతియించినా
6079,నాలో ఉన్న ఆనందం,in_library_exact,91,Naalo Unna Aanandamu,,https://waytochurch.com/lyrics/song/6079/నాలో-ఉన్న-ఆనందం
6080,రాజుల రాజుల రాజు,in_library_exact,922,Raajula Raajula Raaju,,https://waytochurch.com/lyrics/song/6080/రాజుల-రాజుల-రాజు
6081,నీ సన్నిధిలో సంతోషము,in_library_exact,981,Nee Sannidhilo Santhoshamu,,https://waytochurch.com/lyrics/song/6081/నీ-సన్నిధిలో-సంతోషము
6082,బ్యూలా దేశము నాది,in_library_exact,1010,Beulah Deshamu Naadi,,https://waytochurch.com/lyrics/song/6082/బ్యూలా-దేశము-నాది
6083,హైలెస్సా హైలో హైలెస్సా,in_library_exact,277,Hallelooyaa Naa Paata,,https://waytochurch.com/lyrics/song/6083/హైలెస్సా-హైలో-హైలెస్సా
6084,జయమిచ్చిన దేవునికి కోట్లకొలది స్తోత్రం,in_library_exact,944,Jayamichchina Devuniki,,https://waytochurch.com/lyrics/song/6084/జయమిచ్చిన-దేవునికి-కోట్లకొలది-స్తోత్రం
6085,నీ ముఖము మనోహరము నీ స్వరము మాధుర్యము,missing,,,,https://waytochurch.com/lyrics/song/6085/నీ-ముఖము-మనోహరము--నీ-స్వరము-మాధుర్యము
6086,శిలనైన నను శిల్పివై మార్చవు,in_library_exact,1508,Shilanaina Nannu,,https://waytochurch.com/lyrics/song/6086/శిలనైన-నను-శిల్పివై-మార్చవు
6087,నేను కూడా ఉన్నానయ్య,in_library_exact,1407,Nenu Kooda Unnaanayyaa,,https://waytochurch.com/lyrics/song/6087/నేను-కూడా-ఉన్నానయ్య
6088,నా తల్లి నను మరచినా,in_library_exact,621,Naa Thalli Nanu Marachinaa,,https://waytochurch.com/lyrics/song/6088/నా-తల్లి-నను-మరచినా
6089,యాకోబు బావి కాడ యేసయ్యను చూసానమ్మా,in_library_exact,268,Yaakobu Baavi Kaada,,https://waytochurch.com/lyrics/song/6089/యాకోబు-బావి-కాడ-యేసయ్యను-చూసానమ్మా
6090,ఈ లోకంలో జీవించెదను,in_library_exact,1538,Ee Lokamlo Jeevinchedanu,,https://waytochurch.com/lyrics/song/6090/ఈ-లోకంలో-జీవించెదను
6091,సజీవ సాక్షులుగా మమ్ము నిలిపిన దేవా వందనం,in_library_exact,1488,Sajeeva Saakshulugaa,,https://waytochurch.com/lyrics/song/6091/సజీవ-సాక్షులుగా-మమ్ము-నిలిపిన-దేవా-వందనం
6092,వేవేల దూతలతో కొనియాడబడుచున్న,in_library_exact,1257,Vevela Doothalatho,,https://waytochurch.com/lyrics/song/6092/వేవేల-దూతలతో-కొనియాడబడుచున్న
6093,యేసయ్య మాట బంగారు మూట,in_library_exact,1169,Yesayya Maata Bangaaru Moota,,https://waytochurch.com/lyrics/song/6093/యేసయ్య-మాట-బంగారు-మూట
6094,సువార్తను ప్రకటింపవా,in_library_exact,45,Suvaarthanu Prakatimpavaa,,https://waytochurch.com/lyrics/song/6094/సువార్తను-ప్రకటింపవా
6095,నీతో స్నేహం నే మరువగలనా,in_library_exact,488,Naa Snehithudaa,,https://waytochurch.com/lyrics/song/6095/నీతో-స్నేహం-నే-మరువగలనా
6096,నీతో గడిపే ప్రతి క్షణము,in_library_exact,1388,Neetho Gadipe Prathi Kshanamu,,https://waytochurch.com/lyrics/song/6096/నీతో-గడిపే-ప్రతి-క్షణము
6097,నా ప్రాణమా సన్నుతించుమా,in_library_exact,353,Naa Praanamaa Sannuthinchumaa (Yehovaa),,https://waytochurch.com/lyrics/song/6097/నా-ప్రాణమా-సన్నుతించుమా
6098,అమూల్య రక్తం – ప్రశస్త రక్తం,in_library_exact,692,Amoolya Raktham,,https://waytochurch.com/lyrics/song/6098/అమూల్య-రక్తం-–-ప్రశస్త-రక్తం
6099,మార్గం సత్యం జీవం నీవే యేసు,in_library_exact,607,Maargam Sathyam Jeevam,,https://waytochurch.com/lyrics/song/6099/మార్గం-సత్యం-జీవం-నీవే-యేసు
6100,హైలెస్సా హైలో హైలెస్సా,in_library_exact,277,Hallelooyaa Naa Paata,,https://waytochurch.com/lyrics/song/6100/హైలెస్సా-హైలో-హైలెస్సా
6101,ఇదిగో దేవా ఈ హృదయం,in_library_exact,896,Idhigo Devaa Ee Hrudayam,,https://waytochurch.com/lyrics/song/6101/ఇదిగో-దేవా-ఈ-హృదయం
6102,యేసు నామం సుందర నామం,in_library_exact,39,Yesu Naamam,,https://waytochurch.com/lyrics/song/6102/యేసు-నామం--సుందర-నామం
6103,జయం జయం జయం జయం యేసులో నాకు జయం జయం,in_library_exact,233,Jayam Jayam,,https://waytochurch.com/lyrics/song/6103/జయం-జయం-జయం-జయం--యేసులో-నాకు-జయం-జయం
6104,ద్రాక్షావల్లివి నీవైతే,in_library_exact,999,Draakshaa Vallivi Neevaithe,,https://waytochurch.com/lyrics/song/6104/ద్రాక్షావల్లివి-నీవైతే
6105,మై హు ధన్య జీవి మై హు ధన్య జీవి,missing,,,,https://waytochurch.com/lyrics/song/6105/మై-హు-ధన్య-జీవి---మై-హు-ధన్య-జీవి
6106,పాపానికి నాకు ఏ సంబంధము లేదు,in_library_exact,239,Nenunnaa Nenunnaa,,https://waytochurch.com/lyrics/song/6106/పాపానికి-నాకు-ఏ-సంబంధము-లేదు
6107,ఆరంభమయ్యింది ఆరంభమయ్యింది,missing,,,,https://waytochurch.com/lyrics/song/6107/ఆరంభమయ్యింది--ఆరంభమయ్యింది
6108,ప్రేమలో పడ్డాను నేను ప్రేమలో పడ్డాను ప్రేమలో పడ్డాను నేను ప్రేమలో పడ్డాను,in_library_exact,156,Premalo Paddaanu,,https://waytochurch.com/lyrics/song/6108/ప్రేమలో-పడ్డాను-నేను-ప్రేమలో-పడ్డాను-ప్రేమలో-పడ్డాను-నేను-ప్రేమలో-పడ్డాను
6109,ఏ సమాచారం నమ్ముతావు నువ్వునువ్వు ఏ సమాచారం నమ్ముతావు నువ్వునువ్వు,missing,,,,https://waytochurch.com/lyrics/song/6109/ఏ-సమాచారం-నమ్ముతావు-నువ్వునువ్వు-ఏ-సమాచారం-నమ్ముతావు-నువ్వునువ్వు
6110,శాశ్వతమైన ప్రేమతో నను ప్రేమించావయ్యా నీ ప్రేమే నను గెల్చెను శాశ్వతమైన ప్రేమతో నను ప్రేమించావయ్యా నీ ప్రేమే నను గెల్చెను,missing,,,,https://waytochurch.com/lyrics/song/6110/శాశ్వతమైన-ప్రేమతో-నను-ప్రేమించావయ్యా-నీ-ప్రేమే-నను-గెల్చెను-శాశ్వతమైన-ప్రేమతో-నను-ప్రేమించావయ్యా-నీ-ప్రేమే-నను-గెల్చెను
6111,యేసు దేవుడే నా కొండ యేసు దేవుడే నా కొండ,missing,,,,https://waytochurch.com/lyrics/song/6111/యేసు-దేవుడే-నా-కొండ-యేసు-దేవుడే-నా-కొండ
6112,ఆ భోజన పంక్తిలో సీమోను ఇంటిలో,in_library_exact,453,Aa Bhojana Pankthilo,,https://waytochurch.com/lyrics/song/6112/ఆ-భోజన-పంక్తిలో-సీమోను-ఇంటిలో
6113,కృప కృప నీ కృప,in_library_exact,140,Krupa Krupa Nee Krupa,,https://waytochurch.com/lyrics/song/6113/కృప-కృప-నీ-కృప
6114,నీ నామమే ఎద కొలిచెదను,in_library_exact,1397,Nee Naamame Eda,,https://waytochurch.com/lyrics/song/6114/నీ-నామమే-ఎద-కొలిచెదను
6115,విజయ గీతము మనసార నేను పాడెద,in_library_exact,1526,Vijaya Geethamu Manasaara,,https://waytochurch.com/lyrics/song/6115/విజయ-గీతము-మనసార-నేను-పాడెద
6116,గుణవతి అయిన భార్య,in_library_exact,280,Gunavathi Aina Bhaarya,,https://waytochurch.com/lyrics/song/6116/గుణవతి-అయిన-భార్య
6117,సిలువను గెలిచిన సజీవుని త్యాగము,in_library_exact,1305,Siluvanu Gelichina,,https://waytochurch.com/lyrics/song/6117/సిలువను-గెలిచిన-సజీవుని-త్యాగము
6118,కలలా ఉన్నది నేనేనా అన్నది,in_library_exact,71,Kalalaa Unnadi,,https://waytochurch.com/lyrics/song/6118/కలలా-ఉన్నది-నేనేనా-అన్నది
6119,ఆకాశ మహాకాశంబులు,in_library_exact,96,Aakaasha Mahaakaashambulu,,https://waytochurch.com/lyrics/song/6119/ఆకాశ-మహాకాశంబులు
6120,చిరుగాలి వీచినా ప్రభూ,in_library_exact,1554,Chirugaali Veechinaa,,https://waytochurch.com/lyrics/song/6120/చిరుగాలి-వీచినా-ప్రభూ
6121,సకలము చేయు సర్వాధికారి,in_library_exact,350,Sakalamu Cheyu,,https://waytochurch.com/lyrics/song/6121/సకలము-చేయు-సర్వాధికారి
6122,నీవు చేసిన మేళ్లకు,in_library_exact,868,Neevu Chesina Mellaku,,https://waytochurch.com/lyrics/song/6122/నీవు-చేసిన-మేళ్లకు
6123,హీనమైన బ్రతుకు నాది – ఘోర పాపిని,in_library_exact,109,Heenamaina Brathuku Naadi,,https://waytochurch.com/lyrics/song/6123/హీనమైన-బ్రతుకు-నాది-–-ఘోర-పాపిని
6124,ఆరిపోయే దీపంలా,in_library_exact,982,Aaripoye Deepamlaa,,https://waytochurch.com/lyrics/song/6124/ఆరిపోయే-దీపంలా
6125,మెల్లని స్వరమే వినిపించావే,in_library_exact,579,Mellani Swarame,,https://waytochurch.com/lyrics/song/6125/మెల్లని-స్వరమే-వినిపించావే
6126,చాచిన చేతులు నీవే,in_library_exact,783,Chaachina Chethulu Neeve,,https://waytochurch.com/lyrics/song/6126/చాచిన-చేతులు-నీవే
6127,నీవే నీవే నా తోడున్న దేవుడవు,in_library_exact,20,Neeve Neeve Naa Thodunna,,https://waytochurch.com/lyrics/song/6127/నీవే-నీవే-నా-తోడున్న-దేవుడవు
6128,నీతోనే నే నడవాలని,in_library_exact,457,Neethone Ne Nadavaalani,,https://waytochurch.com/lyrics/song/6128/నీతోనే-నే-నడవాలని
6129,దేవుని గొప్ప మహిమను చూసి తిరిగి పాపం చేసెదవా,in_library_exact,377,Devuni Goppa Mahimanu,,https://waytochurch.com/lyrics/song/6129/దేవుని-గొప్ప-మహిమను-చూసి-తిరిగి-పాపం-చేసెదవా
6130,ప్రభువా ఈ ఆనందం,in_library_exact,1499,Prabhuvaa Ee Aanandam,,https://waytochurch.com/lyrics/song/6130/ప్రభువా-ఈ-ఆనందం
6131,సాగి సాగి పొమ్ము నీవు ఆగిపోక,in_library_exact,177,Saagi Saagi Pommu,,https://waytochurch.com/lyrics/song/6131/సాగి-సాగి-పొమ్ము-నీవు-ఆగిపోక
6132,ఓ సంఘమా సర్వాంగమా – పరలోక రాజ్యపు ప్రతిబింబమా,in_library_exact,768,O Sanghamaa Sarvaangamaa,,https://waytochurch.com/lyrics/song/6132/ఓ-సంఘమా-సర్వాంగమా-–-పరలోక-రాజ్యపు-ప్రతిబింబమా
6133,నీ జీవితం క్షణ భంగురం,in_library_exact,718,Nee Jeevitham Kshana Bhanguram,,https://waytochurch.com/lyrics/song/6133/నీ-జీవితం-క్షణ-భంగురం
6139,నీ చల్లని నీడలో,in_library_exact,1432,Nee Challani Needalo,,https://waytochurch.com/lyrics/song/6139/నీ-చల్లని-నీడలో
6140,ఆ రాజే నా రాజు – నా రాజే రారాజు,in_library_exact,894,Aa Raaje Naa Raaju,,https://waytochurch.com/lyrics/song/6140/ఆ-రాజే-నా-రాజు-–-నా-రాజే-రారాజు
6141,వినుమా యేసుని జననము,in_library_exact,486,Vinumaa Yesuni Jananamu,,https://waytochurch.com/lyrics/song/6141/వినుమా-యేసుని-జననము
6142,నిను పాడాలని కీర్తించాలని,in_library_exact,1047,Ninu Paadaalani,,https://waytochurch.com/lyrics/song/6142/నిను-పాడాలని-కీర్తించాలని
6143,వర్ణించలేను వివరించలేను,in_library_exact,249,Varninchalenu Vivarinchalenu,,https://waytochurch.com/lyrics/song/6143/వర్ణించలేను-వివరించలేను
6144,ఎట్టి వాడో యేసు – ఎన్ని వింతలు తనవి,in_library_exact,435,Etti Vaado Yesu,,https://waytochurch.com/lyrics/song/6144/ఎట్టి-వాడో-యేసు-–-ఎన్ని-వింతలు-తనవి
6145,మనసంతా నీవే ఊహల్లో నీవే,missing,,,,https://waytochurch.com/lyrics/song/6145/మనసంతా-నీవే--ఊహల్లో-నీవే
6146,హల్లెలూయ హల్లెలూయ స్తోత్రములు హల్లెలూయ హల్లెలూయ స్తోత్రములు,in_library_exact,235,Hallelooya Hallelooya,,https://waytochurch.com/lyrics/song/6146/హల్లెలూయ-హల్లెలూయ-స్తోత్రములు--హల్లెలూయ-హల్లెలూయ-స్తోత్రములు
6147,నిత్య ప్రేమతో – నన్ను ప్రేమించెన్,in_library_exact,857,Nithya Prematho,,https://waytochurch.com/lyrics/song/6147/నిత్య-ప్రేమతో-–-నన్ను-ప్రేమించెన్
6148,నా గుండెలోన నీవు ఉంటే చాలు యేసయ్య,missing,,,,https://waytochurch.com/lyrics/song/6148/నా-గుండెలోన-నీవు-ఉంటే-చాలు-యేసయ్య
6149,వాడబారని విశ్వాసముతో,in_library_exact,977,Vaadabaarani Vishwaasamutho,,https://waytochurch.com/lyrics/song/6149/వాడబారని-విశ్వాసముతో
6150,కాలం సమయం నాదేనంటూ అనుకుంటున్నావా,in_library_exact,1566,Kaalam Samayam Naadenantu,,https://waytochurch.com/lyrics/song/6150/కాలం-సమయం-నాదేనంటూ-అనుకుంటున్నావా
6151,ఉన్నత స్థలములలో – నను సదా నిలిపితివి,in_library_exact,152,Unnatha Sthalamulalo,,https://waytochurch.com/lyrics/song/6151/ఉన్నత-స్థలములలో-–-నను-సదా-నిలిపితివి
6152,సిలువలో నాకై చేసిన యాగము,in_library_exact,1092,Maruvalenayyaa,,https://waytochurch.com/lyrics/song/6152/సిలువలో-నాకై-చేసిన-యాగము
11122,యెహోవా మాకు తోడుగా యేసయ్యా మా ఇంట ఉండగా,missing,,,,https://waytochurch.com/lyrics/song/11122/యెహోవా-మాకు-తోడుగా--యేసయ్యా-మా-ఇంట-ఉండగా
11123,నీలా ప్రేమించేవారెవరు ఇలలో లేరు,missing,,,,https://waytochurch.com/lyrics/song/11123/నీలా-ప్రేమించేవారెవరు-ఇలలో-లేరు
11164,శ్రమలలో కృంగవలదు జడివానలో బెదరవలదు,missing,,,,https://waytochurch.com/lyrics/song/11164/శ్రమలలో-కృంగవలదు--జడివానలో-బెదరవలదు
11571,నా జీవితాన మరో నూతన సంవత్సరమును,missing,,,,https://waytochurch.com/lyrics/song/11571/నా-జీవితాన-మరో-నూతన-సంవత్సరమును
12089,వాక్యమే శరీర ధారియై లోక రక్షకుడు ఉదయించె,in_library_exact,1087,Chukka Puttindi,,https://waytochurch.com/lyrics/song/12089/వాక్యమే-శరీర-ధారియై-లోక-రక్షకుడు-ఉదయించె
12391,సంతోషం యేసు వందనం,in_library_exact,1631,Santhosha Vasthram,,https://waytochurch.com/lyrics/song/12391/సంతోషం-యేసు-వందనం
12396,ఇమ్మానుయేలు దేవుడా – మము కన్న దేవుడా,in_library_exact,913,Immaanuyelu Devudaa,,https://waytochurch.com/lyrics/song/12396/ఇమ్మానుయేలు-దేవుడా-–-మము-కన్న-దేవుడా
12397,అందరు మెచ్చిన అందాల తార,in_library_exact,210,Andaru Mehchcina Andaala Thaara,,https://waytochurch.com/lyrics/song/12397/అందరు-మెచ్చిన-అందాల-తార
12398,విన్నారా విన్నారా శుభవార్త శుభవార్త,in_library_exact,696,Vinnaaraa Vinnaaraa,,https://waytochurch.com/lyrics/song/12398/విన్నారా-విన్నారా-శుభవార్త-శుభవార్త
12399,చిందింది రక్తం ఆ సిలువ పైన,in_library_exact,733,Chindindi Raktham,,https://waytochurch.com/lyrics/song/12399/చిందింది-రక్తం-ఆ-సిలువ-పైన
12400,క్రిస్మస్ అంటేనే క్రీస్తుకు ఆరాధన,in_library_exact,1641,Christmas Antene,,https://waytochurch.com/lyrics/song/12400/క్రిస్మస్-అంటేనే-క్రీస్తుకు-ఆరాధన
12401,అరుణ కాంతి కిరణమై,in_library_exact,1148,Aruna Kaanthi Kiranamai,,https://waytochurch.com/lyrics/song/12401/అరుణ-కాంతి-కిరణమై
12403,దేవుడు దేహమును పొందిన దినము,in_library_exact,1555,Devudu Dehamunu,,https://waytochurch.com/lyrics/song/12403/దేవుడు-దేహమును-పొందిన-దినము
12404,ఆశ్చర్యకరుడా ఆలోచనకర్త బలవంతుడైన దేవుడా,in_library_exact,59,Aascharyakarudaa Aalochanakarthaa,,https://waytochurch.com/lyrics/song/12404/ఆశ్చర్యకరుడా-ఆలోచనకర్త-బలవంతుడైన-దేవుడా
12405,జన్మించినాడురా రాజు జన్మించినాడురా,in_library_exact,153,Janminchinaaduraa Raaju,,https://waytochurch.com/lyrics/song/12405/జన్మించినాడురా-రాజు-జన్మించినాడురా
12406,సహోదరులు ఐక్యత కలిగి నివసించుట ఆది థల ంఈద ఒయబడి,missing,,,,https://waytochurch.com/lyrics/song/12406/సహోదరులు-ఐక్యత-కలిగి-నివసించుట-ఆది-థల-ంఈద-ఒయబడి
12407,ఈ దినం క్రీస్తు జన్మ దినం,in_library_exact,612,Ee Dinam,,https://waytochurch.com/lyrics/song/12407/ఈ-దినం-క్రీస్తు-జన్మ-దినం
12408,ప్రకాశించే ఆ దివ్య సీయోనులో,in_library_exact,735,Prakaashinche Aa Divya,,https://waytochurch.com/lyrics/song/12408/ప్రకాశించే-ఆ-దివ్య-సీయోనులో
12409,స్తుతి సింహాసనాసీనుడా,in_library_exact,1371,Sthuthi Simhaasanaaseenudaa (Yesu Raajaa),,https://waytochurch.com/lyrics/song/12409/స్తుతి-సింహాసనాసీనుడా
12410,నోరారగా చేతును,in_library_exact,537,Noraaragaa Chethunu,,https://waytochurch.com/lyrics/song/12410/నోరారగా-చేతును
12411,సంవత్సరములు వెలుచుండగా నిత్యము నీ కృపతో ఉంచితివా,in_library_exact,1073,Samvathsaramulu Veluchundagaa,,https://waytochurch.com/lyrics/song/12411/సంవత్సరములు-వెలుచుండగా-నిత్యము-నీ-కృపతో-ఉంచితివా
12412,చిన్ని చిన్ని చేతులతో,in_library_exact,221,Chinni Chinni Chethulatho,,https://waytochurch.com/lyrics/song/12412/చిన్ని-చిన్ని-చేతులతో
12413,నీ నామం నాగానంనీ స్మరణే నా సర్వం,in_library_exact,925,Nee Naamam Naa Gaanam,,https://waytochurch.com/lyrics/song/12413/నీ-నామం-నాగానంనీ-స్మరణే-నా-సర్వం
12414,పవిత్ర పరచుము నా హృదయంనీ వాక్యమే నా ఆధారం,missing,,,,https://waytochurch.com/lyrics/song/12414/పవిత్ర-పరచుము-నా-హృదయంనీ-వాక్యమే-నా-ఆధారం
12415,ప్రేమ రాజుప్రేమ రాజుయేసుప్రభువు మళ్ళీ వస్తాడు,missing,,,,https://waytochurch.com/lyrics/song/12415/ప్రేమ-రాజుప్రేమ-రాజుయేసుప్రభువు-మళ్ళీ-వస్తాడు
12416,యేసు మహా దేవుడుఎంత మంచి దేవుడు,missing,,,,https://waytochurch.com/lyrics/song/12416/యేసు-మహా-దేవుడుఎంత-మంచి-దేవుడు
12417,ఎన్నియల్లో ఎన్నియల్లో,missing,,,,https://waytochurch.com/lyrics/song/12417/ఎన్నియల్లో--ఎన్నియల్లో
12418,తూర్పు నుండి పడమరకు ఎంత దూరమో,missing,,,,https://waytochurch.com/lyrics/song/12418/తూర్పు-నుండి-పడమరకు-ఎంత-దూరమో
12419,యేసే నా దేవుడు,missing,,,,https://waytochurch.com/lyrics/song/12419/యేసే-నా-దేవుడు
12420,క్రీస్తుని గూర్చి మీకు ఏమి తోచుచున్నది,missing,,,,https://waytochurch.com/lyrics/song/12420/క్రీస్తుని-గూర్చి-మీకు-ఏమి-తోచుచున్నది
12421,రక్షణ పొందితివా నిరీక్షణ నొందితివా,missing,,,,https://waytochurch.com/lyrics/song/12421/రక్షణ-పొందితివా-నిరీక్షణ-నొందితివా
12422,స్తుతి మహిమ ఘనతప్రభావములు నీకే,missing,,,,https://waytochurch.com/lyrics/song/12422/స్తుతి-మహిమ-ఘనతప్రభావములు-నీకే
12423,ఇది రక్షణ కృపకాలం,missing,,,,https://waytochurch.com/lyrics/song/12423/ఇది-రక్షణ-కృపకాలం
12424,స్తుతి స్తోత్రములు చెల్లిం తుముస్తుతి గీతమునే పాడెదము,missing,,,,https://waytochurch.com/lyrics/song/12424/స్తుతి-స్తోత్రములు-చెల్లిం-తుముస్తుతి-గీతమునే-పాడెదము
12425,ఓ సేవకా భయపడకు నేను నీకు తోడైయుంటాను,missing,,,,https://waytochurch.com/lyrics/song/12425/ఓ-సేవకా-భయపడకు-నేను-నీకు-తోడైయుంటాను
12426,ఆరాధింతును హల్లెలూయా,in_library_contained,566,Neeve Naa Aasha,,https://waytochurch.com/lyrics/song/12426/ఆరాధింతును-హల్లెలూయా
12427,ఆరాధింతు నిన్ను దేవా,in_library_exact,1603,Aaraadhinthu Ninnu Devaa,,https://waytochurch.com/lyrics/song/12427/ఆరాధింతు-నిన్ను-దేవా
12428,కళ్లు తెరిస్తే వెలుగురా,missing,,,,https://waytochurch.com/lyrics/song/12428/కళ్లు-తెరిస్తే-వెలుగురా
12429,నడుతును నడుతును నడుతునూ నడుతును ప్రభువుతో నెప్పుడు,missing,,,,https://waytochurch.com/lyrics/song/12429/నడుతును-నడుతును-నడుతునూ--నడుతును-ప్రభువుతో-నెప్పుడు
12430,ఏలాంటి వాడవైనా,missing,,,,https://waytochurch.com/lyrics/song/12430/ఏలాంటి-వాడవైనా
12431,హోసన్న నీకే వందనాలు,missing,,,,https://waytochurch.com/lyrics/song/12431/హోసన్న-నీకే--వందనాలు
12432,ఏందమ్మో యేసునేమనుకున్నావు,missing,,,,https://waytochurch.com/lyrics/song/12432/ఏందమ్మో-యేసునేమనుకున్నావు
12433,దేవా ఈ జీవితం నీకంకితం,in_library_exact,767,Devaa Ee Jeevitham,,https://waytochurch.com/lyrics/song/12433/దేవా-ఈ-జీవితం--నీకంకితం
12434,కళ్ళల్లో కన్నీరు ఎందుకూ,missing,,,,https://waytochurch.com/lyrics/song/12434/కళ్ళల్లో-కన్నీరు-ఎందుకూ
12435,యేసుని కుటుంబమొకటున్నది,missing,,,,https://waytochurch.com/lyrics/song/12435/యేసుని-కుటుంబమొకటున్నది
12436,జగతి కేతెంచె రక్షణ కర్త,missing,,,,https://waytochurch.com/lyrics/song/12436/జగతి-కేతెంచె-రక్షణ-కర్త
12437,యేసు కూడా వచ్చును,missing,,,,https://waytochurch.com/lyrics/song/12437/యేసు-కూడా-వచ్చును
12438,జయ జెండా పట్టుకొనెదం,missing,,,,https://waytochurch.com/lyrics/song/12438/జయ-జెండా-పట్టుకొనెదం
12439,ఎవరు నన్ను చేయి విడిచినన్,in_library_exact,614,Evaru Nannu Cheyi Vidachinan,,https://waytochurch.com/lyrics/song/12439/ఎవరు-నన్ను-చేయి-విడిచినన్
12440,ప్రభుపై భారమెల్ల మోపుమయా,missing,,,,https://waytochurch.com/lyrics/song/12440/ప్రభుపై-భారమెల్ల-మోపుమయా
12441,నాకు చాలినది నీ ప్రేమ,missing,,,,https://waytochurch.com/lyrics/song/12441/నాకు-చాలినది-నీ-ప్రేమ
12442,క్రిస్మస్ వచ్చిందయ్యా నేడు,in_library_exact,1068,Christmas Vachchindayyaa,,https://waytochurch.com/lyrics/song/12442/క్రిస్మస్-వచ్చిందయ్యా-నేడు
12443,స్తుతికి పాత్రుడ యేసయ్యా,in_library_exact,295,Sthuthiki Paathruda Yesayyaa,,https://waytochurch.com/lyrics/song/12443/స్తుతికి-పాత్రుడ-యేసయ్యా
12444,హాల్లేలూయా ఆరాధన,in_library_exact,234,Haallelooyaa Aaraadhana,,https://waytochurch.com/lyrics/song/12444/హాల్లేలూయా-ఆరాధన
12445,రక్షింపబడిన నీవు – లోకాశలపైనే నీదు,in_library_exact,278,Rakshimpabadina Neevu,,https://waytochurch.com/lyrics/song/12445/రక్షింపబడిన-నీవు-–-లోకాశలపైనే-నీదు
12446,బ్రతికెద నీ కోసమే,in_library_exact,515,Brathikeda Nee Kosame,,https://waytochurch.com/lyrics/song/12446/బ్రతికెద-నీ-కోసమే
12447,విలువైన నీ కృప నాపై చూపి – కాచావు గత కాలము,in_library_exact,930,Viluvaina Nee Krupa,,https://waytochurch.com/lyrics/song/12447/విలువైన-నీ-కృప-నాపై-చూపి-–-కాచావు-గత-కాలము
12448,ఆధారం నాకు ఆధారం,in_library_exact,1149,Aadhaaram Naaku Aadhaaram,,https://waytochurch.com/lyrics/song/12448/ఆధారం-నాకు-ఆధారం
12449,బంతియనగ ఆడరే,in_library_exact,477,Banthiyanaga Aadare,,https://waytochurch.com/lyrics/song/12449/బంతియనగ-ఆడరే
12450,ఈ దినమెంతో శుభ దినము,in_library_exact,1153,Ee Dinamentho,,https://waytochurch.com/lyrics/song/12450/ఈ-దినమెంతో-శుభ-దినము
12451,పరిశుద్ధుడవై – మహిమ ప్రభావములకు నీవే పాత్రుడవు,in_library_exact,1505,Parishuddhudavai,,https://waytochurch.com/lyrics/song/12451/పరిశుద్ధుడవై-–-మహిమ-ప్రభావములకు-నీవే-పాత్రుడవు
12452,యేసయ్యా నిన్ను ప్రేమించువారు,in_library_exact,1368,Yesayyaa Ninnu Preminchuvaaru,,https://waytochurch.com/lyrics/song/12452/యేసయ్యా-నిన్ను-ప్రేమించువారు
12453,అబ్రాహాము ఇస్సాకు యాకోబునకు దేవుడవు,in_library_exact,1373,Abraahaamu Issaaku Yaakobunaku,,https://waytochurch.com/lyrics/song/12453/అబ్రాహాము-ఇస్సాకు-యాకోబునకు-దేవుడవు
12454,నా కృప నీకు చాలని,in_library_exact,1181,Nee Krupa Naaku Chaalunu,,https://waytochurch.com/lyrics/song/12454/నా-కృప-నీకు-చాలని
12455,సర్వ లోకమా స్తుతి గీతం పాడెదం,in_library_exact,854,Sarva Lokamaa,,https://waytochurch.com/lyrics/song/12455/సర్వ-లోకమా-స్తుతి-గీతం-పాడెదం
12456,పరమ తండ్రి కుమారుడా,in_library_exact,403,Parama Thandri,,https://waytochurch.com/lyrics/song/12456/పరమ-తండ్రి-కుమారుడా
12457,దేవా నా దేవా – నీవే నా కాపరి,in_library_exact,1121,Devaa Naa Devaa Neeve Naa Kaapari,,https://waytochurch.com/lyrics/song/12457/దేవా-నా-దేవా-–-నీవే-నా-కాపరి
12458,యేసే నా ఊపిరి – యేసే నా కాపరి,in_library_exact,413,Yese Naa Oopiri,,https://waytochurch.com/lyrics/song/12458/యేసే-నా-ఊపిరి-–-యేసే-నా-కాపరి
12459,మార్పులేని తండ్రివి నీవే,in_library_exact,941,Maarpuleni Thandrivi,,https://waytochurch.com/lyrics/song/12459/మార్పులేని-తండ్రివి-నీవే
12460,నా జీవితాంతము,in_library_exact,207,Naa Jeevithaanthamu,,https://waytochurch.com/lyrics/song/12460/నా-జీవితాంతము
12461,ఆహా ఆనందమే పరమానందమే,in_library_exact,1144,Aahaa Aanandame (Seeyonu),,https://waytochurch.com/lyrics/song/12461/ఆహా-ఆనందమే-పరమానందమే
12462,నీ స్నేహము ఎంతో సత్యము,in_library_exact,782,Nee Snehamu,,https://waytochurch.com/lyrics/song/12462/నీ-స్నేహము-ఎంతో-సత్యము
12463,కృపా సత్య సంపూర్ణుడా,in_library_exact,1680,Krupa Sathya Sampoornudaa,,https://waytochurch.com/lyrics/song/12463/కృపా-సత్య-సంపూర్ణుడా
12464,ముఖ దర్శనం చాలయ్యా,in_library_exact,1400,Mukha Darshanam Chaalayyaa,,https://waytochurch.com/lyrics/song/12464/ముఖ-దర్శనం-చాలయ్యా
12465,ఉపవాసంతో ప్రార్ధనలో,in_library_exact,988,Upavaasamtho Praardhanalo,,https://waytochurch.com/lyrics/song/12465/ఉపవాసంతో-ప్రార్ధనలో
12466,మేలైనా కీడైనా నీతోనే యేసయ్యా,in_library_exact,275,Melainaa Keedainaa,,https://waytochurch.com/lyrics/song/12466/మేలైనా-కీడైనా-నీతోనే-యేసయ్యా
12467,ఎంత మంచి దేవుడవయ్యా ఎంత మంచి దేవుడవయ్యా,in_library_fuzzy,246,Entha Manchi Devudavesayyaa,0.923,https://waytochurch.com/lyrics/song/12467/ఎంత-మంచి-దేవుడవయ్యా--ఎంత-మంచి-దేవుడవయ్యా
12468,నా జీవిత వ్యధలందు యేసే జవాబు,in_library_exact,529,Naa Jeevitha Vyadhalandu,,https://waytochurch.com/lyrics/song/12468/నా-జీవిత-వ్యధలందు-యేసే-జవాబు
12470,యెహోవా నీదు మేలులను – ఎలా వర్ణింపగలను,in_library_exact,689,Yehovaa Needu Melulanu,,https://waytochurch.com/lyrics/song/12470/యెహోవా-నీదు-మేలులను-–-ఎలా-వర్ణింపగలను
12471,నమ్మదగిన దేవుడా,in_library_exact,624,Nammadagina Devudaa,,https://waytochurch.com/lyrics/song/12471/నమ్మదగిన-దేవుడా
12472,యేసూ ఎంతో వరాల మనస్సూ నీది,in_library_exact,776,Yesu Entho Varaala,,https://waytochurch.com/lyrics/song/12472/యేసూ-ఎంతో-వరాల-మనస్సూ-నీది
12473,హల్లే హల్లే హల్లే హల్లేలూయా,in_library_exact,1379,Halle Halle Halle Hallelooyaa,,https://waytochurch.com/lyrics/song/12473/హల్లే-హల్లే-హల్లే-హల్లేలూయా
12474,నీ సాక్ష్యము ఏది,in_library_exact,1062,Nee Saakshyamu Edi,,https://waytochurch.com/lyrics/song/12474/నీ-సాక్ష్యము-ఏది
12475,నేనెల్లప్పుడు యెహోవను సన్నుతించెదన్,in_library_exact,810,Anthaa Naa Meluke,,https://waytochurch.com/lyrics/song/12475/నేనెల్లప్పుడు-యెహోవను-సన్నుతించెదన్
12476,నువ్వెవరో యేసు నువ్వెవరో ఈ లోకం కన్నా మిన్నగా,missing,,,,https://waytochurch.com/lyrics/song/12476/నువ్వెవరో-యేసు-నువ్వెవరో-ఈ-లోకం-కన్నా-మిన్నగా
12477,నా తనువు నా మనసు,in_library_exact,950,Naa Thanuvu Naa Manasu,,https://waytochurch.com/lyrics/song/12477/నా-తనువు-నా-మనసు
12479,నా దేవుణ్ణి నేను ప్రేమిస్తున్నా,in_library_exact,41,Naa Devunni Nenu Premisthunnaa,,https://waytochurch.com/lyrics/song/12479/నా-దేవుణ్ణి-నేను-ప్రేమిస్తున్నా
12480,నీవేగా యేసు నీవేగా,in_library_exact,991,Neevegaa Yesu Neevegaa,,https://waytochurch.com/lyrics/song/12480/నీవేగా-యేసు-నీవేగా
12481,నాలాంటి చిన్నలంటే యేసయ్యకిష్టం,in_library_exact,836,Naalaanti Chinnalante,,https://waytochurch.com/lyrics/song/12481/నాలాంటి-చిన్నలంటే-యేసయ్యకిష్టం
12492,తరాలు మారినా యుగాలు మారినా,in_library_exact,407,Tharaalu Maarinaa Yugaalu Maarinaa,,https://waytochurch.com/lyrics/song/12492/తరాలు-మారినా-యుగాలు-మారినా
12493,మరువద్దు మరువద్దు,in_library_exact,1269,Maruvaddu Maruvaddu,,https://waytochurch.com/lyrics/song/12493/మరువద్దు-మరువద్దు
12494,ప్రేమా పూర్ణుడు ప్రాణ నాథుడు,in_library_exact,936,Premaa Poornudu,,https://waytochurch.com/lyrics/song/12494/ప్రేమా-పూర్ణుడు-ప్రాణ-నాథుడు
12495,కలువరి సిలువ సిలువలో విలువ,in_library_exact,482,Kaluvari Siluva,,https://waytochurch.com/lyrics/song/12495/కలువరి-సిలువ-సిలువలో-విలువ
12496,వందనాలు యేసు నా వందనాలో,in_library_exact,351,Vandanaalu Yesu,,https://waytochurch.com/lyrics/song/12496/వందనాలు-యేసు-నా-వందనాలో
12497,ఊహకు అందని కార్యముల్,in_library_exact,1287,Oohaku Andani Kaaryamul,,https://waytochurch.com/lyrics/song/12497/ఊహకు-అందని-కార్యముల్
12499,సేవకులారా సువార్తికులారా,in_library_exact,446,Sevakulaaraa,,https://waytochurch.com/lyrics/song/12499/సేవకులారా-సువార్తికులారా
12500,ప్రభువా ప్రభువా,in_library_exact,183,Prabhuvaa Prabhuvaa,,https://waytochurch.com/lyrics/song/12500/ప్రభువా-ప్రభువా
12501,ఓ నావికా ఓ నావికా,in_library_exact,465,O Naavikaa,,https://waytochurch.com/lyrics/song/12501/ఓ-నావికా-ఓ-నావికా
12502,అడగక ముందే అక్కరలెరిగి,in_library_exact,1159,Adagaka Mundhe,,https://waytochurch.com/lyrics/song/12502/అడగక-ముందే-అక్కరలెరిగి
12503,కుమ్మరి చేతిలో మంటి వలె,in_library_exact,1325,Kummari Chethilo,,https://waytochurch.com/lyrics/song/12503/కుమ్మరి-చేతిలో-మంటి-వలె
12504,స్తుతి గానమే పాడనా,in_library_exact,590,Sthuthi Gaaname Paadanaa,,https://waytochurch.com/lyrics/song/12504/స్తుతి-గానమే-పాడనా
12505,ఇదే నా హృదయ వాంఛన,in_library_exact,610,Idhe Naa Hrudaya Vaanchana,,https://waytochurch.com/lyrics/song/12505/ఇదే-నా-హృదయ-వాంఛన
12506,సుందరమైన దేహాలెన్నో శిధిలం కాలేదా,missing,,,,https://waytochurch.com/lyrics/song/12506/సుందరమైన-దేహాలెన్నో-శిధిలం-కాలేదా
12507,దేవా నా హృదయముతో,in_library_exact,1246,Devaa Naa Hrudayamutho,,https://waytochurch.com/lyrics/song/12507/దేవా-నా-హృదయముతో
12508,ఆకర్షించే ప్రియుడా…,in_library_exact,1122,Aakarshinche Daivamaa,,https://waytochurch.com/lyrics/song/12508/ఆకర్షించే-ప్రియుడా…
12509,ఏడుస్తున్నాడేమో యేసయ్య,in_library_exact,543,Edusthunnaademo Yesayya,,https://waytochurch.com/lyrics/song/12509/ఏడుస్తున్నాడేమో-యేసయ్య
12510,పావురమా నీ ప్రేమ ఎంత మధురము,in_library_exact,332,Paavuramaa Nee Prema,,https://waytochurch.com/lyrics/song/12510/పావురమా-నీ-ప్రేమ-ఎంత-మధురము
12511,దేవాది దేవుడు మహోపకారుడు,in_library_exact,1559,Devaadhi Devudu,,https://waytochurch.com/lyrics/song/12511/దేవాది-దేవుడు-మహోపకారుడు
12512,గూడు విడచి వెళ్లిన నాడే,in_library_exact,429,Goodu Vidachi Vellina Naade,,https://waytochurch.com/lyrics/song/12512/గూడు-విడచి-వెళ్లిన-నాడే
12513,నీవే నీవే కావాలి ప్రభువుకు,in_library_exact,632,Neeve Neeve Kaavaali,,https://waytochurch.com/lyrics/song/12513/నీవే-నీవే-కావాలి-ప్రభువుకు
12514,నిజమైన ద్రాక్షావల్లి నీవే,in_library_exact,55,Nijamaina Draakshaavalli,,https://waytochurch.com/lyrics/song/12514/నిజమైన-ద్రాక్షావల్లి-నీవే
12515,ఎరుగనయ్యా నిన్నెప్పుడు,in_library_exact,784,Eruganayyaa Ninneppudu,,https://waytochurch.com/lyrics/song/12515/ఎరుగనయ్యా-నిన్నెప్పుడు
12516,విలువైనది సమయము ఓ నేస్తమా,in_library_exact,1333,Viluvainadi Samayamu,,https://waytochurch.com/lyrics/song/12516/విలువైనది-సమయము-ఓ-నేస్తమా
12517,ఇది దేవుని నిర్ణయము,in_library_exact,1365,Idhi Devuni Nirnayamu,,https://waytochurch.com/lyrics/song/12517/ఇది-దేవుని-నిర్ణయము
12518,స్వఛ్చంద సీయోను వాసి,in_library_exact,937,Swachchandha Seeyonu Vaasi,,https://waytochurch.com/lyrics/song/12518/స్వఛ్చంద-సీయోను-వాసి
12519,నిను స్తుతియించే కారణం,in_library_exact,829,Ninu Sthuthiyinche Kaaranam,,https://waytochurch.com/lyrics/song/12519/నిను-స్తుతియించే-కారణం
12520,యేసయ్యా యేసయ్యా నీదెంత జాలి మనసయ్యా,in_library_exact,506,Yesayyaa Yesayyaa,,https://waytochurch.com/lyrics/song/12520/యేసయ్యా-యేసయ్యా-నీదెంత-జాలి-మనసయ్యా
12521,ఎంత ప్రేమో నాపై యేసయ్యా,in_library_exact,827,Entha Premo Naapai,,https://waytochurch.com/lyrics/song/12521/ఎంత-ప్రేమో-నాపై-యేసయ్యా
12522,శిలనైన నన్ను శిల్పివై మార్చావు,in_library_exact,1508,Shilanaina Nannu,,https://waytochurch.com/lyrics/song/12522/శిలనైన-నన్ను-శిల్పివై-మార్చావు
12523,సుందరుడా అతి కాంక్షనీయుడా,in_library_exact,1307,Sundarudaa,,https://waytochurch.com/lyrics/song/12523/సుందరుడా-అతి-కాంక్షనీయుడా
12527,నా కొరకు బలియైన ప్రేమ,in_library_exact,168,Naa Koraku Baliyaina,,https://waytochurch.com/lyrics/song/12527/నా-కొరకు-బలియైన-ప్రేమ
12528,చిట్టి పొట్టి పాపను నేను,in_library_exact,503,Naakunna Chinni Aasha,,https://waytochurch.com/lyrics/song/12528/చిట్టి-పొట్టి-పాపను-నేను
12529,హోసన్నా హోసన్నా దావీదు తనయా హోసన్నా,missing,,,,https://waytochurch.com/lyrics/song/12529/హోసన్నా-హోసన్నా-దావీదు-తనయా-హోసన్నా
12530,అర్ధం చేసుకునే ఆప్తుడవు నీవే బాధను పంచుకునే బంధువు నీవే,missing,,,,https://waytochurch.com/lyrics/song/12530/అర్ధం-చేసుకునే-ఆప్తుడవు-నీవే-బాధను-పంచుకునే-బంధువు-నీవే
12531,నిన్నే నమ్మినాను యేసయ్య నన్ను విడిచి పోకు యేసయ్య,missing,,,,https://waytochurch.com/lyrics/song/12531/నిన్నే-నమ్మినాను-యేసయ్య-నన్ను-విడిచి-పోకు-యేసయ్య
12532,అదిగదిగో అల్లదిగో,in_library_exact,375,Adhigadhigo Alladhigo,,https://waytochurch.com/lyrics/song/12532/అదిగదిగో-అల్లదిగో
12536,యేసు రాజా అర్పించెదనయ్యా నా జీవితం,in_library_contained,279,Yesu Raajaa Arpinchedhanayyaa,,https://waytochurch.com/lyrics/song/12536/యేసు-రాజా-అర్పించెదనయ్యా-నా-జీవితం
12537,సిలువలో నీ ప్రేమ – పాపము తీసేనయ్యా,in_library_exact,492,Siluvalo Nee Prema,,https://waytochurch.com/lyrics/song/12537/సిలువలో-నీ-ప్రేమ-–-పాపము-తీసేనయ్యా
12538,నీ జ్ఞాపకం అనేకులను – ప్రభు వైపుకు త్రిప్పుచుండెనా,in_library_exact,652,Nee Gnaapakam Anekulanu,,https://waytochurch.com/lyrics/song/12538/నీ-జ్ఞాపకం-అనేకులను-–-ప్రభు-వైపుకు-త్రిప్పుచుండెనా
12539,ప్రియ యేసు మన కొరకు,in_library_exact,805,Priya Yesu Mana Koraku,,https://waytochurch.com/lyrics/song/12539/ప్రియ-యేసు-మన-కొరకు
12540,పరిశుద్ధుడా పరిశుద్ధుడా నీ సన్నిధిలో మోకరించెదా,in_library_exact,1142,Parishuddhudaa Parishuddhudaa,,https://waytochurch.com/lyrics/song/12540/పరిశుద్ధుడా-పరిశుద్ధుడా-నీ-సన్నిధిలో-మోకరించెదా
12542,హల్లేలూయని పాడరండి విజయుడైన యేసునకు,in_library_exact,1458,Hallelooyani Paadarandi,,https://waytochurch.com/lyrics/song/12542/హల్లేలూయని-పాడరండి-విజయుడైన-యేసునకు
12545,సర్వమానవ పాపపరిహారార్థమై సిలువలో దోషివా ప్రభూ,missing,,,,https://waytochurch.com/lyrics/song/12545/సర్వమానవ-పాపపరిహారార్థమై-సిలువలో-దోషివా-ప్రభూ
12550,లెక్కింపగ తరమా నీ మేలులు,in_library_exact,657,Lekkimpaga Tharamaa,,https://waytochurch.com/lyrics/song/12550/లెక్కింపగ-తరమా-నీ-మేలులు
12554,స్తుతికి పాత్రుడా సత్య శీలుడా,in_library_exact,631,Sthuthiki Paathrudaa,,https://waytochurch.com/lyrics/song/12554/స్తుతికి-పాత్రుడా-సత్య-శీలుడా
12555,కంటి పాపను కాయు రెప్పలా,in_library_exact,63,Kanti Paapanu,,https://waytochurch.com/lyrics/song/12555/కంటి-పాపను-కాయు-రెప్పలా
12556,ఇశ్రాయేలు దేవా నా స్తుతులమీద ఆసీనుడా,in_library_exact,1179,Ishraayelu Devaa,,https://waytochurch.com/lyrics/song/12556/ఇశ్రాయేలు-దేవా-నా-స్తుతులమీద-ఆసీనుడా
12558,యేసయ్యా నీ మాటలు – తేనె కంటె మధురము,in_library_exact,874,Yesayyaa Nee Maatalu,,https://waytochurch.com/lyrics/song/12558/యేసయ్యా-నీ-మాటలు-–-తేనె-కంటె-మధురము
12559,ఆత్మ వర్షము మాపై కురిపించుము,in_library_exact,574,Aathma Varshamu Maapai,,https://waytochurch.com/lyrics/song/12559/ఆత్మ-వర్షము-మాపై-కురిపించుము
12560,చీకటులే నన్ను కమ్ముకొనంగా,in_library_exact,1431,Cheekatule Nannu,,https://waytochurch.com/lyrics/song/12560/చీకటులే-నన్ను-కమ్ముకొనంగా
12562,నీ ప్రేమ నా జీవితాన్ని – నీకై వెలిగించెనే యేసయ్యా,in_library_exact,93,Nee Prema Naa Jeevithaanni,,https://waytochurch.com/lyrics/song/12562/నీ-ప్రేమ-నా-జీవితాన్ని-–-నీకై-వెలిగించెనే-యేసయ్యా
12563,సదాకాలము – నీ యందే నా గురి,in_library_contained,780,Sadaa Kaalamu Nee Yande,,https://waytochurch.com/lyrics/song/12563/సదాకాలము-–-నీ-యందే-నా-గురి
12564,మనసులొకటాయే భువిలో,in_library_exact,1206,Manasulokataaye Bhuvilo,,https://waytochurch.com/lyrics/song/12564/మనసులొకటాయే-భువిలో
12565,గుర్తుండిపోయే ఈ క్షణాలలో,in_library_exact,426,Gurthundipoye Ee Kshanaalalo,,https://waytochurch.com/lyrics/song/12565/గుర్తుండిపోయే-ఈ-క్షణాలలో
13116,ధన్య మాయె న జీవితమె,missing,,,,https://waytochurch.com/lyrics/song/13116/ధన్య-మాయె-న-జీవితమె
13119,అమ్మ కన్న మిన్న ఓ యేసయ్యా,in_library_exact,1082,Amma Kanna Minna,,https://waytochurch.com/lyrics/song/13119/అమ్మ-కన్న-మిన్న-ఓ-యేసయ్యా
13121,స్తుతి మధుర గీతము వేలాది స్తోత్రము,in_library_exact,526,Sthuthi Madhura Geethamu,,https://waytochurch.com/lyrics/song/13121/స్తుతి-మధుర-గీతము--వేలాది-స్తోత్రము
13127,ఏ భాషకందని భావం నీవు,in_library_exact,48,Amma Kosam,,https://waytochurch.com/lyrics/song/13127/ఏ-భాషకందని-భావం-నీవు
13152,దేవా నీ ఆత్మను నా నుండి,in_library_exact,393,Devaa Nee Aathmanu,,https://waytochurch.com/lyrics/song/13152/దేవా-నీ-ఆత్మను-నా-నుండి
13154,యుగయుగాలు మారిపోనిది,in_library_exact,887,Yugayugaalu Maariponidi,,https://waytochurch.com/lyrics/song/13154/యుగయుగాలు-మారిపోనిది
13155,నేనంటే నీకు ఎంతిష్టమో,in_library_exact,43,Nenante Neeku Enthishtamo,,https://waytochurch.com/lyrics/song/13155/నేనంటే-నీకు-ఎంతిష్టమో
13164,ఆశ్రయమా ఆధారమా నీవే నా యేసయ్యా,in_library_exact,1336,Aashrayamaa Aadhaaramaa,,https://waytochurch.com/lyrics/song/13164/ఆశ్రయమా-ఆధారమా-నీవే-నా-యేసయ్యా
13168,ఇశ్రాయేలు సైన్యములకు ముందు నడచిన దైవమా,in_library_exact,650,Ishraayelu Sainyamulaku,,https://waytochurch.com/lyrics/song/13168/ఇశ్రాయేలు-సైన్యములకు-ముందు-నడచిన-దైవమా
13169,ఏ గుంపులో నున్నావో,in_library_exact,1433,Ae Gumpulo Nunnaavo,,https://waytochurch.com/lyrics/song/13169/ఏ-గుంపులో-నున్నావో
13170,తన రక్తంతో కడిగి,in_library_exact,1136,Thana Rakthamtho Kadigi,,https://waytochurch.com/lyrics/song/13170/తన-రక్తంతో-కడిగి
13172,ఎనలేని ప్రేమ నాపైన చూపి,in_library_exact,307,Enaleni Prema (Oohinchagalanaa),,https://waytochurch.com/lyrics/song/13172/ఎనలేని-ప్రేమ-నాపైన-చూపి
13183,ఒంటరితనములో తోడువై,in_library_exact,204,Ontarithanamulo Thoduvai,,https://waytochurch.com/lyrics/song/13183/ఒంటరితనములో-తోడువై
13188,యవ్వనా జనమా,in_library_exact,1171,Yavvanaa Janamaa,,https://waytochurch.com/lyrics/song/13188/యవ్వనా-జనమా
13190,నా చిన్ని హృదయంలో యేసు ఉన్నాడు,in_library_exact,833,Naa Chinni Hrudayamlo,,https://waytochurch.com/lyrics/song/13190/నా-చిన్ని-హృదయంలో-యేసు-ఉన్నాడు
13191,గిర గిర తిరిగి తిరిగి తిరిగి,in_library_exact,638,Gira Gira Thirigi,,https://waytochurch.com/lyrics/song/13191/గిర-గిర-తిరిగి-తిరిగి-తిరిగి
13192,యేసు రాజా నీకే,in_library_exact,1367,Yesu Raajaa Neeke,,https://waytochurch.com/lyrics/song/13192/యేసు-రాజా-నీకే
13193,ఇన్నాళ్లు తోడుగా మాతో నడిచావు,in_library_exact,1236,Innaallu Thodugaa,,https://waytochurch.com/lyrics/song/13193/ఇన్నాళ్లు-తోడుగా-మాతో-నడిచావు
13194,నమ్మకు ఇలలో ఎవరిని,in_library_exact,1139,Nammaku Ilalo,,https://waytochurch.com/lyrics/song/13194/నమ్మకు-ఇలలో-ఎవరిని
13195,ఆరాధన… ఆరాధన…,in_library_exact,1191,Aaraadhana Aaraadhana (Chellinchedamu),,https://waytochurch.com/lyrics/song/13195/ఆరాధన…-ఆరాధన…
13196,మధురం ఈ శుభ సమయం,in_library_exact,564,Madhuram Ee Shubha Samayam,,https://waytochurch.com/lyrics/song/13196/మధురం-ఈ-శుభ-సమయం
13197,ఇశ్రాయేలు రాజువే,in_library_exact,1560,Ishraayelu Raajuve,,https://waytochurch.com/lyrics/song/13197/ఇశ్రాయేలు-రాజువే
13206,నడవాలని యేసు నడవాలని,in_library_exact,1070,Nadavaalani Yesu,,https://waytochurch.com/lyrics/song/13206/నడవాలని-యేసు-నడవాలని
13215,ఆరాధించెదం ఆర్భాటించెదం – యేసుని సన్నిధిలో,in_library_exact,523,Aaraadhinchedam,,https://waytochurch.com/lyrics/song/13215/ఆరాధించెదం-ఆర్భాటించెదం-–-యేసుని-సన్నిధిలో
13216,నీవే నీవే నన్ను పిలిచిన స్వరము,in_library_exact,1552,Neeve Neeve Nannu Pilichina,,https://waytochurch.com/lyrics/song/13216/నీవే-నీవే-నన్ను-పిలిచిన-స్వరము
13217,నీతోనే ఉండుటయే,in_library_exact,535,Neethone Undutaye,,https://waytochurch.com/lyrics/song/13217/నీతోనే-ఉండుటయే
13218,నీ కృప ఆకాశము కన్నా ఎత్తైనది యేసయ్యా,in_library_exact,1207,Nee Krupa Aakaashamu Kannaa,,https://waytochurch.com/lyrics/song/13218/నీ-కృప-ఆకాశము-కన్నా-ఎత్తైనది-యేసయ్యా
13222,కంటి పాప వలే నన్ను కాచుటకు నేను అర్హుడనా నేను అర్హుడనా,missing,,,,https://waytochurch.com/lyrics/song/13222/కంటి-పాప-వలే-నన్ను-కాచుటకు--నేను-అర్హుడనా-నేను-అర్హుడనా
13223,యెహోవా యీరే నను చూసేవాడ నీవండుటయే చాలు,in_library_exact,320,Yehovaa Yire,,https://waytochurch.com/lyrics/song/13223/యెహోవా-యీరే-నను-చూసేవాడ--నీవండుటయే-చాలు
13224,నీకే నా ఆరాధన,in_library_exact,1652,Neeke Naa Aaraadhana Aalaapana,,https://waytochurch.com/lyrics/song/13224/నీకే-నా-ఆరాధన
13229,భూపునాది మునుపే – ఈ లోక సృష్టి ముందే,in_library_exact,688,Bhoopunaadhi Munupe,,https://waytochurch.com/lyrics/song/13229/భూపునాది-మునుపే-–-ఈ-లోక-సృష్టి-ముందే
13233,మంచిని పంచే దారొకటి,in_library_exact,787,Manchini Panche Daarokati,,https://waytochurch.com/lyrics/song/13233/మంచిని-పంచే-దారొకటి
13234,నీదు ప్రేమ నాలో ఉంచి జీవమునిచ్చావు,in_library_exact,1506,Needu Prema Naalo,,https://waytochurch.com/lyrics/song/13234/నీదు-ప్రేమ-నాలో-ఉంచి-జీవమునిచ్చావు
13235,నీ సన్నిధిలో ఈ ఆరాధనను,in_library_exact,550,Nee Sannidhilo Ee Aaraadhananu,,https://waytochurch.com/lyrics/song/13235/నీ-సన్నిధిలో-ఈ-ఆరాధనను
13236,ఆనంద గానాలతో ఆరాధించెద ఐశ్వర్యవంతుడా యేసయ్య,missing,,,,https://waytochurch.com/lyrics/song/13236/ఆనంద-గానాలతో-ఆరాధించెద-ఐశ్వర్యవంతుడా--యేసయ్య
13237,దేవా… యెహోవా… నాకు చాలిన వాడా,in_library_exact,703,Devaa Yehovaa,,https://waytochurch.com/lyrics/song/13237/దేవా…-యెహోవా…--నాకు-చాలిన-వాడా
13238,యేసే నీ మదిలో ఉండగా,in_library_exact,1557,Yese Nee Madhilo Undagaa,,https://waytochurch.com/lyrics/song/13238/యేసే-నీ-మదిలో-ఉండగా
13239,ఎల్లప్పుడును ప్రభువునందు ఆనందించండి,in_library_exact,1057,Ellappudunu Prabhuvunandu,,https://waytochurch.com/lyrics/song/13239/ఎల్లప్పుడును-ప్రభువునందు-ఆనందించండి
13240,స్తోత్రబలి అర్పించెదము,in_library_exact,359,Sthothrabali Arpinchedhamu,,https://waytochurch.com/lyrics/song/13240/స్తోత్రబలి-అర్పించెదము
13241,జన్మించె జన్మించె – రారాజు జన్మించె,in_library_exact,741,Janminche Janminche,,https://waytochurch.com/lyrics/song/13241/జన్మించె-జన్మించె-–-రారాజు-జన్మించె
13244,చక్కనైన దారి నీవే,in_library_exact,126,Chakkanaina Daari Neeve,,https://waytochurch.com/lyrics/song/13244/చక్కనైన-దారి-నీవే
13245,దయాళుడా నీ కృప నిత్యముండును,in_library_exact,498,Dhayaaludaa Nee Krupa,,https://waytochurch.com/lyrics/song/13245/దయాళుడా-నీ-కృప-నిత్యముండును
13248,దేవా యెహోవా సీయోనులో నుండి,in_library_exact,555,Devaa Yehovaa Seeyonulo,,https://waytochurch.com/lyrics/song/13248/దేవా-యెహోవా-సీయోనులో-నుండి
13249,గొప్పవాడు క్రీస్తు యేసు పుట్టినాడు నీ కోసం,in_library_exact,256,Goppavaadu Kressthu Yesu,,https://waytochurch.com/lyrics/song/13249/గొప్పవాడు--క్రీస్తు-యేసు--పుట్టినాడు-నీ-కోసం
13255,అత్యున్నత సింహాసనముపై ఆసీనుడవైన,in_library_contained,507,Athyunnatha Simhaasanumpai,,https://waytochurch.com/lyrics/song/13255/అత్యున్నత-సింహాసనముపై-ఆసీనుడవైన
13256,వందనమయ్యా వందనమయ్యా యేసు,in_library_contained,37,Advitheeya Sathya Devaa,,https://waytochurch.com/lyrics/song/13256/వందనమయ్యా-వందనమయ్యా-యేసు
13257,అద్వితీయ సత్య దేవుడు,in_library_exact,1067,Advitheeya Sathya Devudu,,https://waytochurch.com/lyrics/song/13257/అద్వితీయ-సత్య-దేవుడు
13258,అన్ని వేళల ఆరాధన,in_library_exact,184,Anni Velala Aaraadhana,,https://waytochurch.com/lyrics/song/13258/అన్ని-వేళల-ఆరాధన
13259,అనుదినం ఆ ప్రభుని,missing,,,,https://waytochurch.com/lyrics/song/13259/అనుదినం-ఆ-ప్రభుని
13260,అప్పగింపబడిన రాత్రి,in_library_exact,1185,Appagimpabadina Raathri,,https://waytochurch.com/lyrics/song/13260/అప్పగింపబడిన-రాత్రి
13261,అమూల్యమైన ఆణిముత్యమా,in_library_exact,1114,Amoolyamaina Aanimuthyamaa,,https://waytochurch.com/lyrics/song/13261/అమూల్యమైన-ఆణిముత్యమా
13262,అయ్యా నా కోసం,missing,,,,https://waytochurch.com/lyrics/song/13262/అయ్యా-నా-కోసం
13263,అవధులే లేనిది దివ్యమైన,in_library_contained,730,Avadhule Lenidi,,https://waytochurch.com/lyrics/song/13263/అవధులే-లేనిది-దివ్యమైన
13264,అందాలు చిందే శుభ,missing,,,,https://waytochurch.com/lyrics/song/13264/అందాలు-చిందే-శుభ
13265,ఆకాశం అమృత జల్లులు,in_library_contained,13,Aakaasham Amrutha Jallulu,,https://waytochurch.com/lyrics/song/13265/ఆకాశం-అమృత-జల్లులు
13266,ఆడెదన్ పాడెదన్.. యేసుని,in_library_contained,1165,Aadedhan Paadedhan,,https://waytochurch.com/lyrics/song/13266/ఆడెదన్-పాడెదన్..-యేసుని
13267,ఆత్మీయ గానాలతో,in_library_exact,1275,Aathmeeya Gaanaalatho,,https://waytochurch.com/lyrics/song/13267/ఆత్మీయ-గానాలతో
13268,ఆపత్కాలమున నాకు ఆశ్రయము,in_library_contained,1288,Aapathkaalamuna,,https://waytochurch.com/lyrics/song/13268/ఆపత్కాలమున-నాకు-ఆశ్రయము
13269,ఆకశాన తార ఒకటి,missing,,,,https://waytochurch.com/lyrics/song/13269/ఆకశాన-తార-ఒకటి
13270,అడుగడుగున రక్త బింధువులే,in_library_exact,1437,Adugaduguna Raktha Bindhuvule,,https://waytochurch.com/lyrics/song/13270/అడుగడుగున-రక్త-బింధువులే
13271,ఆరంభమయ్యింది రెస్టోరేషన్,in_library_exact,634,Aarambhamayyindi Restoration,,https://waytochurch.com/lyrics/song/13271/ఆరంభమయ్యింది-రెస్టోరేషన్
13272,ఆలకించు దేవా స్తోత్రాలాపన,in_library_exact,819,Aalakinchu Devaa,,https://waytochurch.com/lyrics/song/13272/ఆలకించు-దేవా-స్తోత్రాలాపన
13273,ఆలోచనలో గొప్పవాడా,in_library_exact,561,Aalochanalo Goppavaadaa,,https://waytochurch.com/lyrics/song/13273/ఆలోచనలో-గొప్పవాడా
13274,ఆవేదన నేనొందను,in_library_exact,67,Aavedana Nenondanu,,https://waytochurch.com/lyrics/song/13274/ఆవేదన-నేనొందను
13275,ఆశ్చర్యకరుడా స్తోత్రం,in_library_lyric_line,507,Athyunnatha Simhaasanumpai,,https://waytochurch.com/lyrics/song/13275/ఆశ్చర్యకరుడా-స్తోత్రం
13276,ఆశ్రయదుర్గమా నా యేసయ్యా,in_library_exact,1456,Aashraya Durgamaa Naa Yesayyaa,,https://waytochurch.com/lyrics/song/13276/ఆశ్రయదుర్గమా-నా-యేసయ్యా
13277,ఇదిగో దేవుని గొర్రెపిల్లా,in_library_exact,557,Idhigo Devuni Gorrepillaa,,https://waytochurch.com/lyrics/song/13277/ఇదిగో-దేవుని-గొర్రెపిల్లా
13278,ఇన్నేళ్లు ఇలలో ఉన్నాము,in_library_contained,309,Innellu Ilalo,,https://waytochurch.com/lyrics/song/13278/ఇన్నేళ్లు-ఇలలో-ఉన్నాము
13279,ఇసుక మీద ఇల్లు,missing,,,,https://waytochurch.com/lyrics/song/13279/ఇసుక-మీద-ఇల్లు
13280,ఉన్నాడు దేవుడు నాకు,missing,,,,https://waytochurch.com/lyrics/song/13280/ఉన్నాడు-దేవుడు-నాకు
13281,ఉల్లాస జీవితం అది,missing,,,,https://waytochurch.com/lyrics/song/13281/ఉల్లాస-జీవితం-అది
13282,ఊహించలేని కార్యములు దేవుడు,in_library_contained,123,Oohinchaleni Kaaryamulu,,https://waytochurch.com/lyrics/song/13282/ఊహించలేని-కార్యములు-దేవుడు
13283,ఎక్కడో మనసు వెళ్ళిపోయింది,in_library_exact,404,Ekkado Manasu Vellipoyindi,,https://waytochurch.com/lyrics/song/13283/ఎక్కడో-మనసు-వెళ్ళిపోయింది
13284,ఎటు చూచినా యుద్ధ,missing,,,,https://waytochurch.com/lyrics/song/13284/ఎటు-చూచినా-యుద్ధ
13285,ఎప్పుడో ఎక్కడో జన్మించిన,in_library_contained,1516,Eppudo Ekkado Janminchina Meeriruvuru,,https://waytochurch.com/lyrics/song/13285/ఎప్పుడో-ఎక్కడో-జన్మించిన
13286,ఎల్లలు లేనిది సరిహద్దులు,in_library_contained,1543,Ellalu Lenidi,,https://waytochurch.com/lyrics/song/13286/ఎల్లలు-లేనిది-సరిహద్దులు
13287,ఎవరి కోసమో ఈ,missing,,,,https://waytochurch.com/lyrics/song/13287/ఎవరి-కోసమో-ఈ
13288,నీవున్నావని ఒకే ఆశ,in_library_exact,1618,Evarunnaaru Naakilalo,,https://waytochurch.com/lyrics/song/13288/నీవున్నావని-ఒకే-ఆశ
13289,ఎవరూ సమీపించలేని,in_library_exact,1546,Evaru Sameepinchaleni,,https://waytochurch.com/lyrics/song/13289/ఎవరూ-సమీపించలేని
13290,కృప… కృప… కృప…,in_library_exact,1260,Entha Adbhuthamaina Krupa,,https://waytochurch.com/lyrics/song/13290/కృప…-కృప…-కృప…
13291,ఎంత చెప్పిన వాక్యమినక,in_library_contained,1228,Entha Cheppina Vaakyaminaka Pothivi,,https://waytochurch.com/lyrics/song/13291/ఎంత-చెప్పిన-వాక్యమినక
13292,ఎంత దూరమైనా అది,missing,,,,https://waytochurch.com/lyrics/song/13292/ఎంత-దూరమైనా-అది
13293,ఎంత పెద్ద పోరాటమో,in_library_exact,918,Entha Pedda Poraatamo,,https://waytochurch.com/lyrics/song/13293/ఎంత-పెద్ద-పోరాటమో
13294,ఎంతటి వాడను నేను,missing,,,,https://waytochurch.com/lyrics/song/13294/ఎంతటి-వాడను-నేను
13295,ఎంతెంత భారమాయె ఆ,missing,,,,https://waytochurch.com/lyrics/song/13295/ఎంతెంత-భారమాయె-ఆ
13296,ఎంతో భాగ్యంబు శ్రీ,missing,,,,https://waytochurch.com/lyrics/song/13296/ఎంతో-భాగ్యంబు-శ్రీ
13297,ఎంతో మధురం నా,missing,,,,https://waytochurch.com/lyrics/song/13297/ఎంతో-మధురం-నా
13298,ఎంతో సుందరుడమ్మ తాను…,in_library_exact,179,Entho Sundarudamma Thaanu,,https://waytochurch.com/lyrics/song/13298/ఎంతో-సుందరుడమ్మ-తాను…
13299,ఎందరో… ఎందరు ఎందరో…,in_library_exact,955,Endaro Endaru Endaro,,https://waytochurch.com/lyrics/song/13299/ఎందరో…-ఎందరు-ఎందరో…
13300,ఎందుకో దేవా ఇంతటి,missing,,,,https://waytochurch.com/lyrics/song/13300/ఎందుకో-దేవా-ఇంతటి
13301,ఏ యోగ్యతా లేని,missing,,,,https://waytochurch.com/lyrics/song/13301/ఏ-యోగ్యతా-లేని
13302,ఏమని నే పాడెదన్,missing,,,,https://waytochurch.com/lyrics/song/13302/ఏమని-నే-పాడెదన్
13303,ఏమివ్వగలనయ్య నా యేసయ్యా,in_library_exact,1135,Emivvagalanayya Naa Yesayyaa,,https://waytochurch.com/lyrics/song/13303/ఏమివ్వగలనయ్య-నా-యేసయ్యా
13304,ఒక వరమడిగితిని యేసయ్యా,in_library_exact,629,Oka Varamadigithini Yesayyaa,,https://waytochurch.com/lyrics/song/13304/ఒక-వరమడిగితిని-యేసయ్యా
13305,ఒకసారి నీ స్వరము,missing,,,,https://waytochurch.com/lyrics/song/13305/ఒకసారి-నీ-స్వరము
13306,ఒక్కడే యేసు ఒక్కడే,in_library_exact,859,Okkade Yesu Okkade,,https://waytochurch.com/lyrics/song/13306/ఒక్కడే-యేసు-ఒక్కడే
13307,ఒకే ఒక మార్గము,missing,,,,https://waytochurch.com/lyrics/song/13307/ఒకే-ఒక-మార్గము
13308,ఓ ప్రభువా… ఓ,missing,,,,https://waytochurch.com/lyrics/song/13308/ఓ-ప్రభువా…-ఓ
13309,ఓరన్న… ఓరన్న,in_library_exact,850,Oranna Oranna,,https://waytochurch.com/lyrics/song/13309/ఓరన్న…-ఓరన్న
13310,నేనున్నా నీతో అంటూ,in_library_exact,837,Kanuchoopu Meralona,,https://waytochurch.com/lyrics/song/13310/నేనున్నా-నీతో-అంటూ
13311,కన్నీరేలమ్మా… కరుణించు యేసు,in_library_contained,594,Kanneerelammaa,,https://waytochurch.com/lyrics/song/13311/కన్నీరేలమ్మా…-కరుణించు-యేసు
13312,కన్నీళ్లతో పగిలిన గుండెతో అలసిన నేస్తమా,in_library_exact,232,Kanneellatho Pagilina Gundetho,,https://waytochurch.com/lyrics/song/13312/కన్నీళ్లతో-పగిలిన-గుండెతో-అలసిన-నేస్తమా
13313,కల్వరి ప్రేమను తలంచునప్పుడు,in_library_exact,254,Kalvari Premanu,,https://waytochurch.com/lyrics/song/13313/కల్వరి-ప్రేమను-తలంచునప్పుడు
13314,కల్వరి సిలువలో యేసయ్య,in_library_contained,940,Kalvari Siluvalo Yesayya,,https://waytochurch.com/lyrics/song/13314/కల్వరి-సిలువలో-యేసయ్య
13315,కల్వరిలోన చేసిన యాగం,in_library_exact,681,Kalvarilona Chesina Yaagam,,https://waytochurch.com/lyrics/song/13315/కల్వరిలోన-చేసిన-యాగం
13316,కలువరి గిరి నుండి,in_library_exact,945,Kaluvari Giri Nundi,,https://waytochurch.com/lyrics/song/13316/కలువరి-గిరి-నుండి
13317,కంట నీరేల? కలతలు,missing,,,,https://waytochurch.com/lyrics/song/13317/కంట-నీరేల?-కలతలు
13318,కానెన్నడు నేను అనాథను,in_library_exact,709,Kaanennadu Nenu Anaathanu,,https://waytochurch.com/lyrics/song/13318/కానెన్నడు-నేను-అనాథను
13319,కావలివాడా ఓ కావలివాడా,in_library_exact,856,Kaavalivaadaa O Kaavalivaadaa,,https://waytochurch.com/lyrics/song/13319/కావలివాడా-ఓ-కావలివాడా
13320,క్రిస్మస్ శుభదినం,in_library_exact,792,Christmas Shubha Dinam,,https://waytochurch.com/lyrics/song/13320/క్రిస్మస్-శుభదినం
13321,కీర్తింతు నీ నామమున్,in_library_exact,1327,Keerthinthu Nee Naamamun,,https://waytochurch.com/lyrics/song/13321/కీర్తింతు-నీ-నామమున్
13322,కూర్చుందును నీ సన్నిధిలో,in_library_contained,260,Koorchundunu Nee Sannidhilo,,https://waytochurch.com/lyrics/song/13322/కూర్చుందును-నీ-సన్నిధిలో
13323,కృంగిన వేళలో ఆపద,missing,,,,https://waytochurch.com/lyrics/song/13323/కృంగిన-వేళలో-ఆపద
13324,కొనియాడ తరమే నిన్ను,in_library_exact,245,Koniyaada Tharame Ninnu,,https://waytochurch.com/lyrics/song/13324/కొనియాడ-తరమే-నిన్ను
13325,కొండలతో చెప్పుము కదిలిపోవాలని,in_library_exact,1561,Kondalatho Cheppumu,,https://waytochurch.com/lyrics/song/13325/కొండలతో-చెప్పుము-కదిలిపోవాలని
13326,కొండలలో కోనలలో,in_library_exact,879,Kondalalo Konalalo,,https://waytochurch.com/lyrics/song/13326/కొండలలో-కోనలలో
13327,ఖామోష్ రాతో కి,missing,,,,https://waytochurch.com/lyrics/song/13327/ఖామోష్-రాతో-కి
13328,గత కాలమంత నిను,missing,,,,https://waytochurch.com/lyrics/song/13328/గత-కాలమంత-నిను
13329,గాలి సముద్రపు అలలకు,in_library_contained,244,Gaali Samudrapu Alalaku,,https://waytochurch.com/lyrics/song/13329/గాలి-సముద్రపు-అలలకు
13330,గాలించి చూడరా మేలైనది,in_library_exact,949,Gaalinchi Choodaraa,,https://waytochurch.com/lyrics/song/13330/గాలించి-చూడరా-మేలైనది
13331,గుండె బరువెక్కిపోతున్నది,in_library_exact,1178,Gunde Baruvekkipothunnadi,,https://waytochurch.com/lyrics/song/13331/గుండె-బరువెక్కిపోతున్నది
13332,గూడు లేని గువ్వనై,missing,,,,https://waytochurch.com/lyrics/song/13332/గూడు-లేని-గువ్వనై
13333,చాలా గొప్పోడు చాలా,missing,,,,https://waytochurch.com/lyrics/song/13333/చాలా-గొప్పోడు-చాలా
13334,చలి రాతిరి ఎదురు,missing,,,,https://waytochurch.com/lyrics/song/13334/చలి-రాతిరి-ఎదురు
13335,చాహే తుమ్ కో,unusable-title,,,,https://waytochurch.com/lyrics/song/13335/చాహే-తుమ్-కో
13336,చిరు దివ్వెల వెలుగులతో,in_library_exact,32,Chiru Divvela Velugulatho,,https://waytochurch.com/lyrics/song/13336/చిరు-దివ్వెల-వెలుగులతో
13337,చింతెందుకు మీకు దిగులెందుకు,in_library_exact,662,Chinthenduku Neeku Digulenduku,,https://waytochurch.com/lyrics/song/13337/చింతెందుకు-మీకు-దిగులెందుకు
13338,ప్రేమా … ప్రేమా…,in_library_exact,464,Cheekatine Tholaginchinadi,,https://waytochurch.com/lyrics/song/13338/ప్రేమా-…-ప్రేమా…
13339,చూచుచున్న దేవుడవయ్యా నన్ను,in_library_contained,939,Choochuchunna Devudavayyaa,,https://waytochurch.com/lyrics/song/13339/చూచుచున్న-దేవుడవయ్యా-నన్ను
13340,చూపుల వలన కలిగేది,in_library_contained,401,Choopula Valana Kaligedi,,https://waytochurch.com/lyrics/song/13340/చూపుల-వలన-కలిగేది
13341,చెప్పలేను బాబోయ్ ప్రభు,in_library_contained,1471,Cheppalenu Baaboi,,https://waytochurch.com/lyrics/song/13341/చెప్పలేను-బాబోయ్-ప్రభు
13342,జగతికి వెలుగును తెచ్చెనులే,in_library_contained,644,Jagathiki Velugunu Thechchenule,,https://waytochurch.com/lyrics/song/13342/జగతికి-వెలుగును-తెచ్చెనులే
13343,"జాగ్రత్త, భక్తులారా పిలుపిదే",in_library_contained,238,Jaagrattha Bhakthulaaraa,,"https://waytochurch.com/lyrics/song/13343/జాగ్రత్త,-భక్తులారా-పిలుపిదే"
13344,జాలిగల దైవమా యేసయ్యా,in_library_exact,1344,Jaaligala Daivamaa Yesayyaa,,https://waytochurch.com/lyrics/song/13344/జాలిగల-దైవమా-యేసయ్యా
13345,జీవ నాధ ముక్తి,missing,,,,https://waytochurch.com/lyrics/song/13345/జీవ-నాధ-ముక్తి
13346,జీవితంలో నేర్చుకున్నాను ఒక,in_library_contained,1251,Jeevithamlo Nerchukunnaanu,,https://waytochurch.com/lyrics/song/13346/జీవితంలో-నేర్చుకున్నాను-ఒక
13347,హ్యాప్పీ క్రిస్మస్ మెర్రి క్రిస్మస్,in_library_exact,1383,Jai Jai Jai Yesayyaa,,https://waytochurch.com/lyrics/song/13347/హ్యాప్పీ-క్రిస్మస్--మెర్రి-క్రిస్మస్
13348,తప్పిపోయిన గొర్రె తప్పిపోయిన,in_library_contained,325,Thappipoyina Gorre,,https://waytochurch.com/lyrics/song/13348/తప్పిపోయిన-గొర్రె-తప్పిపోయిన
13349,తరచి తరచి చూడ,missing,,,,https://waytochurch.com/lyrics/song/13349/తరచి-తరచి-చూడ
13350,తల్లి తన బిడ్డను,missing,,,,https://waytochurch.com/lyrics/song/13350/తల్లి-తన-బిడ్డను
13351,తంబుర సితార నాదముతో,in_library_exact,1250,Thambura Sithaara Naadamutho,,https://waytochurch.com/lyrics/song/13351/తంబుర-సితార-నాదముతో
13352,త్యాగమెంత చేసావు దేవా,in_library_exact,1106,Thyaagamentha Chesaavu Devaa,,https://waytochurch.com/lyrics/song/13352/త్యాగమెంత-చేసావు-దేవా
13353,త్రాహిమాం క్రీస్తు నాథ,in_library_contained,1460,Thraahimaam Kreesthu Naatha,,https://waytochurch.com/lyrics/song/13353/త్రాహిమాం-క్రీస్తు-నాథ
13354,త్రిత్వైకమా సకలేశ్వరా,in_library_exact,1434,Thrithvaikamaa,,https://waytochurch.com/lyrics/song/13354/త్రిత్వైకమా-సకలేశ్వరా
13355,దవలవర్ణుడా రత్నవర్ణుడా,in_library_exact,599,Davalavarnudaa,,https://waytochurch.com/lyrics/song/13355/దవలవర్ణుడా-రత్నవర్ణుడా
13356,హోసన్నా…,unusable-title,,,,https://waytochurch.com/lyrics/song/13356/హోసన్నా…
13357,దిక్కులన్ని నీవేలే దిక్కులన్ని,in_library_contained,1253,Dikkulanni Neevele,,https://waytochurch.com/lyrics/song/13357/దిక్కులన్ని-నీవేలే-దిక్కులన్ని
13358,దిక్కులెన్ని తిరిగినా ఏ,in_library_contained,479,Dikkulenni Thiriginaa,,https://waytochurch.com/lyrics/song/13358/దిక్కులెన్ని-తిరిగినా-ఏ
13359,దినదినము విజయము మనదే,in_library_exact,1176,Dinadinamu Vijayamu,,https://waytochurch.com/lyrics/song/13359/దినదినము-విజయము-మనదే
13360,దివిటీలు మండాలి సిద్దెలలో,in_library_contained,97,Diviteelu Mandaali,,https://waytochurch.com/lyrics/song/13360/దివిటీలు-మండాలి-సిద్దెలలో
13361,దివినేలు స్తోత్రార్హుడా యేసయ్యా,in_library_exact,1198,Divinelu Sthothraarhudaa,,https://waytochurch.com/lyrics/song/13361/దివినేలు-స్తోత్రార్హుడా-యేసయ్యా
13362,దేవుడు నీకు తెలుసు,missing,,,,https://waytochurch.com/lyrics/song/13362/దేవుడు-నీకు-తెలుసు
13363,దేవుని స్తుతియించి ఆరాధింతుము,in_library_exact,1498,Devuni Sthuthiyinchi Aaraadhinthumu,,https://waytochurch.com/lyrics/song/13363/దేవుని-స్తుతియించి-ఆరాధింతుము
13364,దొరకును సమస్తము యేసు,in_library_contained,1006,Dorakunu Samasthamu,,https://waytochurch.com/lyrics/song/13364/దొరకును-సమస్తము-యేసు
13365,నను విడువక ఎడబాయక,in_library_exact,1166,Nanu Viduvaka Edabaayaka,,https://waytochurch.com/lyrics/song/13365/నను-విడువక-ఎడబాయక
13366,నమ్ముకో యేసయ్యను,in_library_exact,825,Nammuko Yesayyanu,,https://waytochurch.com/lyrics/song/13366/నమ్ముకో-యేసయ్యను
13367,నశియించెడి లోకంలో వసియించవు,in_library_contained,1160,Nashiyinchedi Lokamlo,,https://waytochurch.com/lyrics/song/13367/నశియించెడి-లోకంలో-వసియించవు
13368,నా ఊహకందని ప్రేమతో,in_library_contained,211,Naa Oohakandani Prematho,,https://waytochurch.com/lyrics/song/13368/నా-ఊహకందని-ప్రేమతో
13369,నా కన్నులెత్తి వేచియుందును,in_library_exact,793,Naa Kannuletthi Vechiyundunu,,https://waytochurch.com/lyrics/song/13369/నా-కన్నులెత్తి-వేచియుందును
13370,నా జీవితకాలమంత నిను,in_library_contained,70,Yese Naa Parihaari,,https://waytochurch.com/lyrics/song/13370/నా-జీవితకాలమంత-నిను
13371,నా దేవుని గుడారములో,missing,,,,https://waytochurch.com/lyrics/song/13371/నా-దేవుని-గుడారములో
13372,నా నాన్న యింటికి,missing,,,,https://waytochurch.com/lyrics/song/13372/నా-నాన్న-యింటికి
13373,నా ప్రాణమా ఏలనే,missing,,,,https://waytochurch.com/lyrics/song/13373/నా-ప్రాణమా-ఏలనే
13374,నా యెడల నీకున్న,missing,,,,https://waytochurch.com/lyrics/song/13374/నా-యెడల-నీకున్న
13375,నాకు జీవమై ఉన్న,missing,,,,https://waytochurch.com/lyrics/song/13375/నాకు-జీవమై-ఉన్న
13376,నాకు బలము ఉన్నంత,missing,,,,https://waytochurch.com/lyrics/song/13376/నాకు-బలము-ఉన్నంత
13377,దేవా నీ నామం…,unusable-title,,,,https://waytochurch.com/lyrics/song/13377/దేవా-నీ-నామం…
13378,నాదు జీవితము మారిపొయినది,in_library_exact,1448,Naadu Jeevithamu,,https://waytochurch.com/lyrics/song/13378/నాదు-జీవితము-మారిపొయినది
13379,నాలో ఉన్న ఆశలన్నియు,in_library_exact,967,Naalo Unna Aashalanniyu,,https://waytochurch.com/lyrics/song/13379/నాలో-ఉన్న-ఆశలన్నియు
13380,నేను చేసిన పాపముకై,missing,,,,https://waytochurch.com/lyrics/song/13380/నేను-చేసిన-పాపముకై
13381,నిన్ను చూడగ వచ్చినాడురా,in_library_contained,1392,Ninnu Choodaga Vachchinaaduraa,,https://waytochurch.com/lyrics/song/13381/నిన్ను-చూడగ-వచ్చినాడురా
13382,నిన్ను తలచి నను,missing,,,,https://waytochurch.com/lyrics/song/13382/నిన్ను-తలచి-నను
13383,నిబ్బరముతో నా యేసుకే,in_library_contained,1435,Nibbaramutho Naa Yesuke,,https://waytochurch.com/lyrics/song/13383/నిబ్బరముతో-నా-యేసుకే
13384,నింగిలో దేవుడు నిను,missing,,,,https://waytochurch.com/lyrics/song/13384/నింగిలో-దేవుడు-నిను
13385,నీ అరచేతిలో చెక్కుకుంటివి,in_library_contained,158,Nee Arachethilo Chekkukuntivi,,https://waytochurch.com/lyrics/song/13385/నీ-అరచేతిలో-చెక్కుకుంటివి
13386,నీ జీవితం నీటీ,missing,,,,https://waytochurch.com/lyrics/song/13386/నీ-జీవితం-నీటీ
13387,నీ జీవితం విలువైనది,in_library_exact,159,Nee Jeevitham Viluvainadi,,https://waytochurch.com/lyrics/song/13387/నీ-జీవితం-విలువైనది
13388,నీ దయలో నేనున్న,missing,,,,https://waytochurch.com/lyrics/song/13388/నీ-దయలో-నేనున్న
13389,నీ పాదం మ్రొక్కెదన్,missing,,,,https://waytochurch.com/lyrics/song/13389/నీ-పాదం-మ్రొక్కెదన్
13390,నీ ప్రేమకు సాటి,missing,,,,https://waytochurch.com/lyrics/song/13390/నీ-ప్రేమకు-సాటి
13391,నీకసాధ్యమైనది ఏదియు లేదు,in_library_exact,308,Neekasaadhyamainadi Ediyu Ledu,,https://waytochurch.com/lyrics/song/13391/నీకసాధ్యమైనది-ఏదియు-లేదు
13392,నీకు ఎంత చేసినా,missing,,,,https://waytochurch.com/lyrics/song/13392/నీకు-ఎంత-చేసినా
13393,నీకు సాటి ఎవరు,missing,,,,https://waytochurch.com/lyrics/song/13393/నీకు-సాటి-ఎవరు
13394,కరుణామయుడా పరలోక రాజా,in_library_exact,582,Neeke Sthothramulu,,https://waytochurch.com/lyrics/song/13394/కరుణామయుడా-పరలోక-రాజా
13395,నీతి సూర్యుడా యేసు,in_library_exact,1000,Neethi Sooryudaa Yesu,,https://waytochurch.com/lyrics/song/13395/నీతి-సూర్యుడా-యేసు
13396,ఆశయ్యా.. చిన్న ఆశయ్యా,in_library_exact,885,Neetho Nenu Naduvaalani,,https://waytochurch.com/lyrics/song/13396/ఆశయ్యా..-చిన్న-ఆశయ్యా
13397,ప్రెయిస్ హిం ఇన్,missing,,,,https://waytochurch.com/lyrics/song/13397/ప్రెయిస్-హిం-ఇన్
13398,నేడు ఇక్కడ రేపు,missing,,,,https://waytochurch.com/lyrics/song/13398/నేడు-ఇక్కడ-రేపు
13399,నేడే ప్రియరాగం పలికే,in_library_contained,58,Nede Priyaraagam,,https://waytochurch.com/lyrics/song/13399/నేడే-ప్రియరాగం-పలికే
13400,నేనునూ నా ఇంటి,missing,,,,https://waytochurch.com/lyrics/song/13400/నేనునూ-నా-ఇంటి
13401,నేనెరుగుదును ఒక స్నేహితుని,in_library_exact,1481,Nenerugudunu Oka Snehithuni,,https://waytochurch.com/lyrics/song/13401/నేనెరుగుదును-ఒక-స్నేహితుని
13402,నేస్తమా ప్రియ నేస్తమా,in_library_contained,330,Nesthamaa Priya Nesthamaa,,https://waytochurch.com/lyrics/song/13402/నేస్తమా-ప్రియ-నేస్తమా
13403,పరలోకమే నా అంతఃపురం,in_library_exact,1502,Paralokame Naa Anthapuram,,https://waytochurch.com/lyrics/song/13403/పరలోకమే-నా-అంతఃపురం
13404,పరలోకంలో ఉన్న మా,missing,,,,https://waytochurch.com/lyrics/song/13404/పరలోకంలో-ఉన్న-మా
13405,పరిశుద్ధాత్ముడా నీకే వందనం,in_library_exact,326,Parishuddhaathmudaa Neeke Vandanam,,https://waytochurch.com/lyrics/song/13405/పరిశుద్ధాత్ముడా-నీకే-వందనం
13406,పరిశుద్ధుడా నా యేసయ్యా,in_library_contained,1562,Parishuddhudaa Naa Yesayyaa,,https://waytochurch.com/lyrics/song/13406/పరిశుద్ధుడా-నా-యేసయ్యా
13407,ప్రభు యేసుని పూజించెదం,in_library_exact,1161,Prabhu Yesuni Poojinchedam,,https://waytochurch.com/lyrics/song/13407/ప్రభు-యేసుని-పూజించెదం
13408,ప్రభు హస్తం నాపై,missing,,,,https://waytochurch.com/lyrics/song/13408/ప్రభు-హస్తం-నాపై
13409,ప్రభువా… కాచితివి ఇంత,in_library_contained,545,Prabhuvaa Kaachithivi,,https://waytochurch.com/lyrics/song/13409/ప్రభువా…-కాచితివి-ఇంత
13410,ప్రభువా మాకు నీవిచ్చిన,in_library_contained,1520,Prabhuvaa Maaku Neevichchina Bahumaanamu,,https://waytochurch.com/lyrics/song/13410/ప్రభువా-మాకు-నీవిచ్చిన
13411,పాడనా మౌనముగానే స్తుతి,in_library_contained,695,Paadanaa Mounamugaane,,https://waytochurch.com/lyrics/song/13411/పాడనా-మౌనముగానే-స్తుతి
13412,పాతాళంలో ఆత్మల ఆర్తనాదం,in_library_exact,1192,Paathaalamlo Aathmala Aartha Naadam,,https://waytochurch.com/lyrics/song/13412/పాతాళంలో-ఆత్మల-ఆర్తనాదం
13413,పాపమెరుగని పావనాత్ముని,in_library_exact,831,Paapamerugani Paavanaathmuni,,https://waytochurch.com/lyrics/song/13413/పాపమెరుగని-పావనాత్ముని
13414,ప్రార్ధన విన్నావయ్యా విజయం,in_library_contained,1378,Praardhana Vinnaavayyaa,,https://waytochurch.com/lyrics/song/13414/ప్రార్ధన-విన్నావయ్యా-విజయం
13415,ప్రార్థన శక్తి నాకు,in_library_contained,80,Praardhana Shakthi Naaku,,https://waytochurch.com/lyrics/song/13415/ప్రార్థన-శక్తి-నాకు
13416,ప్రియ సంఘస్థులారా,in_library_exact,1239,Priya Sanghasthulaaraa,,https://waytochurch.com/lyrics/song/13416/ప్రియ-సంఘస్థులారా
13417,ప్రేమగల యేసయ్యా,in_library_exact,933,Premagala Yesayyaa,,https://waytochurch.com/lyrics/song/13417/ప్రేమగల-యేసయ్యా
13418,ప్రేమలో పడ్డాను… నేను,in_library_contained,156,Premalo Paddaanu,,https://waytochurch.com/lyrics/song/13418/ప్రేమలో-పడ్డాను…-నేను
13419,ప్రేమించెద యేసు రాజా,in_library_exact,729,Premincheda Yesu Raajaa,,https://waytochurch.com/lyrics/song/13419/ప్రేమించెద-యేసు-రాజా
13420,ప్రేమింతును నిన్నే జీవింతును,in_library_contained,113,Preminthunu Ninne,,https://waytochurch.com/lyrics/song/13420/ప్రేమింతును-నిన్నే-జీవింతును
13421,పైలం కొడుకా పాపం,missing,,,,https://waytochurch.com/lyrics/song/13421/పైలం-కొడుకా-పాపం
13422,యేసయ్యా నా యేసయ్యా…,in_library_exact,943,Yesayyaa Naa Yesayyaa,,https://waytochurch.com/lyrics/song/13422/యేసయ్యా-నా-యేసయ్యా…
13423,బ్రతుకుట నీ కోసమే,in_library_exact,1089,Brathukuta Nee Kosame,,https://waytochurch.com/lyrics/song/13423/బ్రతుకుట-నీ-కోసమే
13424,బాల యేసుని జన్మ,missing,,,,https://waytochurch.com/lyrics/song/13424/బాల-యేసుని-జన్మ
13425,బాలుడు కాదమ్మో బలవంతుడు,in_library_contained,1472,Baaludu Kaadammo,,https://waytochurch.com/lyrics/song/13425/బాలుడు-కాదమ్మో-బలవంతుడు
13426,మన దేశం భారత,missing,,,,https://waytochurch.com/lyrics/song/13426/మన-దేశం-భారత
13427,మన మధ్యనే ఉన్నది,missing,,,,https://waytochurch.com/lyrics/song/13427/మన-మధ్యనే-ఉన్నది
13428,మన యేసు బెత్లహేములో,in_library_exact,806,Mana Yesu Bethlahemulo,,https://waytochurch.com/lyrics/song/13428/మన-యేసు-బెత్లహేములో
13429,మనిషి బ్రతుకు రంగుల,in_library_contained,1301,Manishi Brathuku Rangula Valayam,,https://waytochurch.com/lyrics/song/13429/మనిషి-బ్రతుకు-రంగుల
13430,మనిషిగా పుట్టినోడు మహాత్ముడైనా,in_library_exact,56,Manishigaa Puttinodu,,https://waytochurch.com/lyrics/song/13430/మనిషిగా-పుట్టినోడు-మహాత్ముడైనా
13431,మల్లెలమ్మా మల్లెలు తెల్ల,in_library_contained,713,Mallelammaa Mallelu,,https://waytochurch.com/lyrics/song/13431/మల్లెలమ్మా-మల్లెలు-తెల్ల
13432,మహాఘనుడవు మహోన్నతుడవు,in_library_exact,1395,Mahaa Ghanudavu Mahonnathudavu,,https://waytochurch.com/lyrics/song/13432/మహాఘనుడవు-మహోన్నతుడవు
13433,మహిమకు పాత్రుడా ఘనతకు,in_library_contained,284,Mahimaku Paathrudaa,,https://waytochurch.com/lyrics/song/13433/మహిమకు-పాత్రుడా-ఘనతకు
13434,మంచి స్నేహితుడా మంచి,missing,,,,https://waytochurch.com/lyrics/song/13434/మంచి-స్నేహితుడా-మంచి
13435,మందిరములోనికి రారండి,in_library_exact,743,Mandiramuloniki Raarandi,,https://waytochurch.com/lyrics/song/13435/మందిరములోనికి-రారండి
13436,మాకు తోడుగ నీవుంటివి,in_library_exact,225,Maaku Thoduga Neevuntivi,,https://waytochurch.com/lyrics/song/13436/మాకు-తోడుగ-నీవుంటివి
13437,మాట్లాడే యేసయ్యా,in_library_exact,1279,Maatlaaade Yesayyaa,,https://waytochurch.com/lyrics/song/13437/మాట్లాడే-యేసయ్యా
13438,మాటే చాలయ్యా యేసూ,missing,,,,https://waytochurch.com/lyrics/song/13438/మాటే-చాలయ్యా-యేసూ
13439,మార్గము నీవని గమ్యము,in_library_contained,1475,Maargamu Neevani,,https://waytochurch.com/lyrics/song/13439/మార్గము-నీవని-గమ్యము
13440,మార్గములను సృజించువాడు జీవితాలను,in_library_contained,1451,Maargamulanu Srujinchuvaadu,,https://waytochurch.com/lyrics/song/13440/మార్గములను-సృజించువాడు-జీవితాలను
13441,మారిన మనసులు మధురం,in_library_contained,215,Maarina Manasulu,,https://waytochurch.com/lyrics/song/13441/మారిన-మనసులు-మధురం
13442,మార్పుచెందవా నీవు మర్పుచెందవా,in_library_exact,399,Maarpu Chendavaa,,https://waytochurch.com/lyrics/song/13442/మార్పుచెందవా-నీవు-మర్పుచెందవా
13443,ముక్తి దిలాయే యీషు,missing,,,,https://waytochurch.com/lyrics/song/13443/ముక్తి-దిలాయే-యీషు
13444,మేఘాల పైన మన,missing,,,,https://waytochurch.com/lyrics/song/13444/మేఘాల-పైన-మన
13445,యేసు రక్తమే జయం…,missing,,,,https://waytochurch.com/lyrics/song/13445/యేసు-రక్తమే-జయం…
13446,యేసు రక్షకా శతకోటి,in_library_contained,1387,Yesu Rakshakaa,,https://waytochurch.com/lyrics/song/13446/యేసు-రక్షకా-శతకోటి
13447,యేసు రాజ్యమునకు సైనికులం,in_library_exact,1550,Yesu Raajyamunaku Sainikulam,,https://waytochurch.com/lyrics/song/13447/యేసు-రాజ్యమునకు-సైనికులం
13448,యేసు రాజా…,unusable-title,,,,https://waytochurch.com/lyrics/song/13448/యేసు-రాజా…
13449,యేసు వంటి సుందరుడు,missing,,,,https://waytochurch.com/lyrics/song/13449/యేసు-వంటి-సుందరుడు
13450,యేసుని తిరు హృదయమా,in_library_exact,1314,Yesuni Thiru Hrudayamaa,,https://waytochurch.com/lyrics/song/13450/యేసుని-తిరు-హృదయమా
13451,యేసుని నామంలో శక్తి,missing,,,,https://waytochurch.com/lyrics/song/13451/యేసుని-నామంలో-శక్తి
13452,యేసూ… నీకు కావాలని,in_library_exact,1531,Yesu Neeku Kaavaalani,,https://waytochurch.com/lyrics/song/13452/యేసూ…-నీకు-కావాలని
13453,రండి రండి రండయో,missing,,,,https://waytochurch.com/lyrics/song/13453/రండి-రండి-రండయో
13454,రాకడ ప్రభుని రాకడ,in_library_exact,18,Raakada Prabhuni Raakada,,https://waytochurch.com/lyrics/song/13454/రాకడ-ప్రభుని-రాకడ
13455,రాకడనే రైలు బండి,missing,,,,https://waytochurch.com/lyrics/song/13455/రాకడనే-రైలు-బండి
13456,రాజులకు రాజు పుట్టెనన్నయ్య,in_library_exact,442,Raajulaku Raaju Puttenayya,,https://waytochurch.com/lyrics/song/13456/రాజులకు-రాజు-పుట్టెనన్నయ్య
13457,రాజులకు రాజైన ఈ,missing,,,,https://waytochurch.com/lyrics/song/13457/రాజులకు-రాజైన-ఈ
13458,రాత్రి నేడు రక్షకుండు,in_library_contained,1346,Raathri Nedu Rakshakundu,,https://waytochurch.com/lyrics/song/13458/రాత్రి-నేడు-రక్షకుండు
13459,రారాజు జన్మించే ఇలలోన,in_library_exact,1201,Raaraaju Janminche Ilalona,,https://waytochurch.com/lyrics/song/13459/రారాజు-జన్మించే-ఇలలోన
13460,మేడి చెట్టు పైకి,missing,,,,https://waytochurch.com/lyrics/song/13460/మేడి-చెట్టు-పైకి
13461,మేలుకో విశ్వాసి మేలుకో,in_library_exact,173,Meluko Vishwaasi Meluko,,https://waytochurch.com/lyrics/song/13461/మేలుకో-విశ్వాసి-మేలుకో
13462,యవ్వనుడా యవ్వనుడా,in_library_exact,283,Yavvanudaa,,https://waytochurch.com/lyrics/song/13462/యవ్వనుడా-యవ్వనుడా
13463,యవ్వనులారా మీరు ప్రభు,in_library_contained,47,Yavvanulaaraa Meeru,,https://waytochurch.com/lyrics/song/13463/యవ్వనులారా-మీరు-ప్రభు
13464,యెహోవ నా ఆశ్రయం,in_library_exact,385,Yehova Naa Aashrayam,,https://waytochurch.com/lyrics/song/13464/యెహోవ-నా-ఆశ్రయం
13465,యెహోవా దయాళుడు సర్వ,in_library_contained,1549,Yehovaa Dayaaludu Sarva Shakthimanthudu,,https://waytochurch.com/lyrics/song/13465/యెహోవా-దయాళుడు-సర్వ
13466,యేసయ్య మాట జీవింపజేయు,in_library_contained,954,Yesayya Maata,,https://waytochurch.com/lyrics/song/13466/యేసయ్య-మాట-జీవింపజేయు
13467,యేసయ్య మాట విలువైన,in_library_contained,832,Yesayya Maata Viluvaina,,https://waytochurch.com/lyrics/song/13467/యేసయ్య-మాట-విలువైన
13468,యేసయ్యా నిన్ను చూడాలని,in_library_contained,321,Gaganamu Cheelchukoni,,https://waytochurch.com/lyrics/song/13468/యేసయ్యా-నిన్ను-చూడాలని
13469,యేసయ్యా ప్రాణ నాథా,missing,,,,https://waytochurch.com/lyrics/song/13469/యేసయ్యా-ప్రాణ-నాథా
13470,యేసయ్యా యేసయ్యా… నీదెంత,in_library_contained,506,Yesayyaa Yesayyaa,,https://waytochurch.com/lyrics/song/13470/యేసయ్యా-యేసయ్యా…-నీదెంత
13471,యేసు ఉంటే చాలు,in_library_exact,362,Yesu Unte Chaalu,,https://waytochurch.com/lyrics/song/13471/యేసు-ఉంటే-చాలు
13472,యేసు ఒక్కడే ఈ,missing,,,,https://waytochurch.com/lyrics/song/13472/యేసు-ఒక్కడే-ఈ
13473,యేసు క్రీస్తు పుట్టెను,in_library_contained,206,Yesu Kreesthu Puttenu Nedu,,https://waytochurch.com/lyrics/song/13473/యేసు-క్రీస్తు-పుట్టెను
13474,యేసు గొరియ పిల్లను,missing,,,,https://waytochurch.com/lyrics/song/13474/యేసు-గొరియ-పిల్లను
13475,రారే రారే ఓ,unusable-title,,,,https://waytochurch.com/lyrics/song/13475/రారే-రారే-ఓ
13476,లెమ్ము తేజరిల్లుము అని,in_library_exact,530,Lemmu Thejarillumu Ani,,https://waytochurch.com/lyrics/song/13476/లెమ్ము-తేజరిల్లుము-అని
13477,లోకములో వెఱ్ఱివారిని యోగ్యులుగా,in_library_contained,1128,Lokamulo Verrivaarini,,https://waytochurch.com/lyrics/song/13477/లోకములో-వెఱ్ఱివారిని-యోగ్యులుగా
13478,లోకాన ఎదురు చూపులు,in_library_exact,60,Lokaana Eduru Choopulu,,https://waytochurch.com/lyrics/song/13478/లోకాన-ఎదురు-చూపులు
13479,హోలీ హోలీ… హోలీ,in_library_exact,669,Elohim Elohim,,https://waytochurch.com/lyrics/song/13479/హోలీ-హోలీ…-హోలీ
13480,వర్ష ధారగా రావా,missing,,,,https://waytochurch.com/lyrics/song/13480/వర్ష-ధారగా-రావా
13481,వర్షింపనీ వర్షింపనీ,in_library_exact,1270,Varshimpanee Varshimpanee,,https://waytochurch.com/lyrics/song/13481/వర్షింపనీ-వర్షింపనీ
13482,వాక్యమే శరీర ధారియై,in_library_contained,269,Vaakyame Shareera Dhaariyai,,https://waytochurch.com/lyrics/song/13482/వాక్యమే-శరీర-ధారియై
13483,వాడబారని విశ్వాసం కోపగించని,missing,,,,https://waytochurch.com/lyrics/song/13483/వాడబారని-విశ్వాసం-కోపగించని
13484,విజయశీలుడా నా ప్రాణ,in_library_contained,840,Vijayaseeludaa,,https://waytochurch.com/lyrics/song/13484/విజయశీలుడా-నా-ప్రాణ
13485,విడువను నిను ఎడబాయనని,in_library_contained,1495,Viduvanu Ninu Edabaayanani,,https://waytochurch.com/lyrics/song/13485/విడువను-నిను-ఎడబాయనని
13486,విడువవు నన్నిక ఎన్నడైననూ,in_library_exact,205,Viduvavu Nannika,,https://waytochurch.com/lyrics/song/13486/విడువవు-నన్నిక-ఎన్నడైననూ
13487,విధేయతకే అర్ధము చెప్పిన,in_library_contained,394,Vidheyathake Ardhamu Cheppina,,https://waytochurch.com/lyrics/song/13487/విధేయతకే-అర్ధము-చెప్పిన
13488,యేసయ్యా నా ప్రాణనాథా,in_library_exact,766,Yesayyaa Naa Praana Naathaa,,https://waytochurch.com/lyrics/song/13488/యేసయ్యా-నా-ప్రాణనాథా
13489,విలువైనది నీ ఆయుష్కాలం,in_library_exact,65,Viluvainadi Nee Aayushkaalam,,https://waytochurch.com/lyrics/song/13489/విలువైనది-నీ-ఆయుష్కాలం
13490,విలువైనది నీ జీవితం,in_library_exact,379,Viluvainadi Nee Jeevitham,,https://waytochurch.com/lyrics/song/13490/విలువైనది-నీ-జీవితం
13491,శత కోటి రాగాలు,missing,,,,https://waytochurch.com/lyrics/song/13491/శత-కోటి-రాగాలు
13492,శిరము మీద ముళ్ల,missing,,,,https://waytochurch.com/lyrics/song/13492/శిరము-మీద-ముళ్ల
13493,శుద్ధుడవయ్యా మా తండ్రివయ్యా,in_library_exact,551,Shuddhudavayyaa,,https://waytochurch.com/lyrics/song/13493/శుద్ధుడవయ్యా-మా-తండ్రివయ్యా
13494,శ్రేష్టమైన నామం శక్తి,in_library_contained,133,Shreshtamaina Naamam,,https://waytochurch.com/lyrics/song/13494/శ్రేష్టమైన-నామం-శక్తి
13495,శోధనా బాధలు చుట్టినా,in_library_contained,708,Shodhanaa Baadhalu,,https://waytochurch.com/lyrics/song/13495/శోధనా-బాధలు-చుట్టినా
13496,సజీవుడవైన యేసయ్యా,in_library_exact,504,Sajeevudavaina Yesayyaa,,https://waytochurch.com/lyrics/song/13496/సజీవుడవైన-యేసయ్యా
13497,యేసయ్యా సదాకాలము నీ,in_library_contained,780,Sadaa Kaalamu Nee Yande,,https://waytochurch.com/lyrics/song/13497/యేసయ్యా-సదాకాలము-నీ
13498,సమయము పోనీయక సిద్ధపడుమా,in_library_contained,304,Samayamu Poneeyaka,,https://waytochurch.com/lyrics/song/13498/సమయము-పోనీయక-సిద్ధపడుమా
13499,సమర్ధవంతుడవైన నా యేసయ్యా,in_library_exact,581,Samardhavanthudavaina,,https://waytochurch.com/lyrics/song/13499/సమర్ధవంతుడవైన-నా-యేసయ్యా
13500,సర్వ సృష్టిలోని జీవ,in_library_contained,340,Sarva Srushtiloni,,https://waytochurch.com/lyrics/song/13500/సర్వ-సృష్టిలోని-జీవ
13501,సర్వాంగ కవచము నీవే,in_library_exact,428,Sarvaanga Kavachamu Neeve,,https://waytochurch.com/lyrics/song/13501/సర్వాంగ-కవచము-నీవే
13502,సహోదరులారా ప్రతి మనుష్యుడు,in_library_exact,820,Sahodarulaaraa,,https://waytochurch.com/lyrics/song/13502/సహోదరులారా-ప్రతి-మనుష్యుడు
13503,అది తల మీద,missing,,,,https://waytochurch.com/lyrics/song/13503/అది-తల-మీద
13504,సంగీత నాదముతో స్తోత్ర,in_library_contained,481,Sangeetha Naadamutho,,https://waytochurch.com/lyrics/song/13504/సంగీత-నాదముతో-స్తోత్ర
13505,సంతోష గీతం పాడెదను,in_library_exact,1197,Santhosha Geethamu Paadedanu,,https://waytochurch.com/lyrics/song/13505/సంతోష-గీతం-పాడెదను
13506,సిలువ సాక్షిగా యేసు,missing,,,,https://waytochurch.com/lyrics/song/13506/సిలువ-సాక్షిగా-యేసు
13507,స్వీకరించుమయా నాథా స్వీకరించుమయా,in_library_exact,1278,Sweekarinchumayaa Naathaa,,https://waytochurch.com/lyrics/song/13507/స్వీకరించుమయా-నాథా-స్వీకరించుమయా
13508,స్తుతియించి కీర్తించి ఘనపరతును,in_library_contained,1186,Sthuthiyinchi Keerthinchi,,https://waytochurch.com/lyrics/song/13508/స్తుతియించి-కీర్తించి-ఘనపరతును
13509,స్తుతించి పాడెదం స్తుతుల,in_library_contained,751,Sthuthinchi Paadedam,,https://waytochurch.com/lyrics/song/13509/స్తుతించి-పాడెదం-స్తుతుల
13510,స్తుతించెదను స్తుతించెదను,in_library_exact,157,Sthuthinchedanu Sthuthinchedanu,,https://waytochurch.com/lyrics/song/13510/స్తుతించెదను-స్తుతించెదను
13512,స్తుతులకు పాత్రుడు యేసయ్యా,in_library_exact,1015,Sthuthulaku Paathrudu Yesayyaa,,https://waytochurch.com/lyrics/song/13512/స్తుతులకు-పాత్రుడు-యేసయ్యా
13513,సోలిపోయిన మనసా నీవు,in_library_exact,116,Solipoyina Manasaa,,https://waytochurch.com/lyrics/song/13513/సోలిపోయిన-మనసా-నీవు
13514,స్తోత్ర గానం చేసింది,missing,,,,https://waytochurch.com/lyrics/song/13514/స్తోత్ర-గానం-చేసింది
13515,హల్లెలూయ పాటలతో,in_library_exact,1130,Hallelooya Paatalatho,,https://waytochurch.com/lyrics/song/13515/హల్లెలూయ-పాటలతో
13516,హృదయపూర్వక ఆరాధన,in_library_exact,408,Hrudayapoorvaka Aaraadhana,,https://waytochurch.com/lyrics/song/13516/హృదయపూర్వక-ఆరాధన
13517,హృదయాలనేలే రారాజు యేసువా,in_library_exact,1022,Hrudayaalanele Raaraaju,,https://waytochurch.com/lyrics/song/13517/హృదయాలనేలే-రారాజు-యేసువా
13518,హోసన్ననుచూ స్తుతి పాడుచూ,in_library_contained,1237,Hosannanuchu Sthuthi Paaduchu,,https://waytochurch.com/lyrics/song/13518/హోసన్ననుచూ-స్తుతి-పాడుచూ
13519,క్షణమైన గడవదు తండ్రి,in_library_exact,765,Kshanamaina Gaduvadu,,https://waytochurch.com/lyrics/song/13519/క్షణమైన-గడవదు-తండ్రి
13520,క్షణికమైన బ్రతుకురా ఇది,in_library_contained,753,Kshanikamaina Brathukuraa,,https://waytochurch.com/lyrics/song/13520/క్షణికమైన-బ్రతుకురా-ఇది
13521,సందడి చేద్దామా – సంతోషిద్దామా,in_library_exact,1389,Sandadi 3,,https://waytochurch.com/lyrics/song/13521/సందడి-చేద్దామా-–-సంతోషిద్దామా
13725,ఆ నింగిలో వెలిగింది ఒక తార,in_library_exact,1110,Aa Ningilo Veligindi Oka Thaara,,https://waytochurch.com/lyrics/song/13725/ఆ-నింగిలో-వెలిగింది-ఒక-తార
13726,చెప్పనా చెప్పనా యేసు నీ ప్రేమను,in_library_exact,26,Cheppanaa Cheppanaa,,https://waytochurch.com/lyrics/song/13726/చెప్పనా-చెప్పనా-యేసు-నీ-ప్రేమను
13727,తండ్రి ఇంట్లో ఎల్లప్పుడూ సంతోషమే,in_library_exact,716,Thandri Intlo Ellappudu,,https://waytochurch.com/lyrics/song/13727/తండ్రి-ఇంట్లో-ఎల్లప్పుడూ-సంతోషమే
13728,వచ్చింది క్రిస్మస్ వచ్చింది,in_library_exact,1103,Vachchindi Christmas Vachchindi,,https://waytochurch.com/lyrics/song/13728/వచ్చింది-క్రిస్మస్-వచ్చింది
13729,శుద్దుడా ఘనుడా రక్షకుడా,in_library_exact,694,Shuddhudaa Ghanudaa Rakshakudaa,,https://waytochurch.com/lyrics/song/13729/శుద్దుడా-ఘనుడా-రక్షకుడా
13730,సమయమిదే సమయమిదే,in_library_exact,1258,Samayamide Samayamide,,https://waytochurch.com/lyrics/song/13730/సమయమిదే-సమయమిదే
13731,సూడ సక్కని బాలుడమ్మో,in_library_exact,560,Sooda Sakkani Baaludammo,,https://waytochurch.com/lyrics/song/13731/సూడ-సక్కని-బాలుడమ్మో
13896,ప్రేమ క్షమలను సమపాళ్లుగా విశ్వాసమే లక్ష్యంగా,in_library_exact,997,Mem Kraisthavulam,,https://waytochurch.com/lyrics/song/13896/ప్రేమ-క్షమలను-సమపాళ్లుగా-విశ్వాసమే-లక్ష్యంగా
14052,తూరుపు దిక్కున చుక్క బుట్టె,in_library_exact,247,Puttinaadanta Yesu Naathudu,,https://waytochurch.com/lyrics/song/14052/తూరుపు-దిక్కున-చుక్క-బుట్టె
14561,అదిగో నా నావ,missing,,,,https://waytochurch.com/lyrics/song/14561/అదిగో-నా-నావ
14562,అల్ఫా ఒమేగయైన మహిమాన్వితుడా,in_library_exact,1556,Alphaa Omegayaina,,https://waytochurch.com/lyrics/song/14562/అల్ఫా-ఒమేగయైన-మహిమాన్వితుడా
14563,అందాలతార అరుదెంచె నాకై,in_library_contained,138,Andaala Thaara,,https://waytochurch.com/lyrics/song/14563/అందాలతార-అరుదెంచె-నాకై
14564,లాల లాలలలా లాలలలా,in_library_contained,380,Ae Thegulu Nee Gudaaramu,,https://waytochurch.com/lyrics/song/14564/లాల-లాలలలా-లాలలలా
14565,ఆత్మ వర్షమును కుమ్మరించయ్యా,in_library_exact,1069,Aathma Varshamunu,,https://waytochurch.com/lyrics/song/14565/ఆత్మ-వర్షమును-కుమ్మరించయ్యా
14566,ఆనందమానందమే,in_library_exact,744,Aanandamaanandame,,https://waytochurch.com/lyrics/song/14566/ఆనందమానందమే
14568,ఆవో ఖుషీ సే,unusable-title,,,,https://waytochurch.com/lyrics/song/14568/ఆవో-ఖుషీ-సే
14569,ఆశ తీర నా,unusable-title,,,,https://waytochurch.com/lyrics/song/14569/ఆశ-తీర-నా
14570,ఆశ్చర్య కార్యముల్ చేయును,in_library_contained,1262,Aascharya Kaaryamul Cheyunu Yesu,,https://waytochurch.com/lyrics/song/14570/ఆశ్చర్య-కార్యముల్-చేయును
14571,హే దునియా కే,unusable-title,,,,https://waytochurch.com/lyrics/song/14571/హే-దునియా-కే
14572,ఈ దినం సదా,unusable-title,,,,https://waytochurch.com/lyrics/song/14572/ఈ-దినం-సదా
14573,ఎల్లవేళలందు కష్టకాలమందు,in_library_exact,192,Ella Velalandu,,https://waytochurch.com/lyrics/song/14573/ఎల్లవేళలందు-కష్టకాలమందు
14574,ఏ తెగులు నీ,unusable-title,,,,https://waytochurch.com/lyrics/song/14574/ఏ-తెగులు-నీ
14575,ఒక క్షణమైన నీవు,missing,,,,https://waytochurch.com/lyrics/song/14575/ఒక-క్షణమైన-నీవు
14576,ఒక క్షణమైనా నిన్ను,missing,,,,https://waytochurch.com/lyrics/song/14576/ఒక-క్షణమైనా-నిన్ను
14577,కొండల తట్టు కన్నులెత్తుచున్నాను,in_library_exact,1170,Kondala Thattu,,https://waytochurch.com/lyrics/song/14577/కొండల-తట్టు-కన్నులెత్తుచున్నాను
14578,గడిచిన కాలమంతా నను,in_library_contained,1033,Gadichina Kaalamanthaa,,https://waytochurch.com/lyrics/song/14578/గడిచిన-కాలమంతా-నను
14579,గాఢాంధకారములో నే నడచిన,in_library_contained,1187,Gaadaandhakaaramulo Ne Nadachina,,https://waytochurch.com/lyrics/song/14579/గాఢాంధకారములో-నే-నడచిన
14580,చూడాలని ఉన్నది,in_library_exact,1113,Choodaalani Unnadi,,https://waytochurch.com/lyrics/song/14580/చూడాలని-ఉన్నది
14581,జయించువారిని కొనిపోవ,in_library_exact,654,Jayinchuvaarini,,https://waytochurch.com/lyrics/song/14581/జయించువారిని-కొనిపోవ
14582,వి విష్ యు,unusable-title,,,,https://waytochurch.com/lyrics/song/14582/వి-విష్-యు
14583,దేవుడే నాకాశ్రయంబు దివ్యమైన,in_library_contained,224,Devude Naakaashrayambu,,https://waytochurch.com/lyrics/song/14583/దేవుడే-నాకాశ్రయంబు-దివ్యమైన
14584,దేవునియందు నిరీక్షణ నుంచి,in_library_exact,1285,Devuniyandu Nireekshana Nunchi,,https://waytochurch.com/lyrics/song/14584/దేవునియందు-నిరీక్షణ-నుంచి
14585,నను చేరిన నీ,missing,,,,https://waytochurch.com/lyrics/song/14585/నను-చేరిన-నీ
14586,నా చిన్ని హృదయము,missing,,,,https://waytochurch.com/lyrics/song/14586/నా-చిన్ని-హృదయము
14587,నా ప్రాణప్రియుడా నా,missing,,,,https://waytochurch.com/lyrics/song/14587/నా-ప్రాణప్రియుడా-నా
14588,నా ప్రియుడు యేసు,missing,,,,https://waytochurch.com/lyrics/song/14588/నా-ప్రియుడు-యేసు
14589,నా స్తుతుల పైన,missing,,,,https://waytochurch.com/lyrics/song/14589/నా-స్తుతుల-పైన
14590,నాతో నీవు మాటాడినచో,in_library_exact,680,Naatho Neevu Maataadinacho,,https://waytochurch.com/lyrics/song/14590/నాతో-నీవు-మాటాడినచో
14591,నాలో ఉండి నను,missing,,,,https://waytochurch.com/lyrics/song/14591/నాలో-ఉండి-నను
14592,నాలోని ఆశ నాలోని,missing,,,,https://waytochurch.com/lyrics/song/14592/నాలోని-ఆశ-నాలోని
14593,నీ చల్లనైన నీడలో,missing,,,,https://waytochurch.com/lyrics/song/14593/నీ-చల్లనైన-నీడలో
14594,నీ పద సేవయే,missing,,,,https://waytochurch.com/lyrics/song/14594/నీ-పద-సేవయే
14595,నీ రక్త ధారలే,missing,,,,https://waytochurch.com/lyrics/song/14595/నీ-రక్త-ధారలే
14596,ఆకాశ పక్షులను చూడండి,in_library_exact,553,Aakaasha Pakshulanu Choodandi,,https://waytochurch.com/lyrics/song/14596/ఆకాశ-పక్షులను-చూడండి
14597,నిన్ను కాపాడువాడు కునుకడు,in_library_exact,855,Ninnu Kaapaaduvaadu Kunukadu,,https://waytochurch.com/lyrics/song/14597/నిన్ను-కాపాడువాడు-కునుకడు
14598,నీ సన్నిధిలో నేనున్న,missing,,,,https://waytochurch.com/lyrics/song/14598/నీ-సన్నిధిలో-నేనున్న
14599,నీదు ప్రేమకు హద్దు,missing,,,,https://waytochurch.com/lyrics/song/14599/నీదు-ప్రేమకు-హద్దు
14600,నీదెంతో కరుణా కరుణామయా,in_library_exact,1111,Needentho Karunaa,,https://waytochurch.com/lyrics/song/14600/నీదెంతో-కరుణా-కరుణామయా
14601,నీలో జీవించాలని,in_library_exact,1382,Neelo Jeevinchaalani,,https://waytochurch.com/lyrics/song/14601/నీలో-జీవించాలని
14602,నశించిపోయే ఆత్మలు ఎన్నో,in_library_exact,1046,Neevu Chesina Thyaagaanni,,https://waytochurch.com/lyrics/song/14602/నశించిపోయే-ఆత్మలు-ఎన్నో
14603,నీవు తడితే తలుపు,missing,,,,https://waytochurch.com/lyrics/song/14603/నీవు-తడితే-తలుపు
14604,నీవు తోడుండగా నాకు,missing,,,,https://waytochurch.com/lyrics/song/14604/నీవు-తోడుండగా-నాకు
14605,నీవు లేని చోటేది,missing,,,,https://waytochurch.com/lyrics/song/14605/నీవు-లేని-చోటేది
14606,నీవు లేని క్షణమైనా,missing,,,,https://waytochurch.com/lyrics/song/14606/నీవు-లేని-క్షణమైనా
14607,నీవు లేనిదే నేను,missing,,,,https://waytochurch.com/lyrics/song/14607/నీవు-లేనిదే-నేను
14608,నీకు ఇష్టముగా ఇలలో,in_library_contained,262,Nuvvante Ishtamu Naa Yesayyaa,,https://waytochurch.com/lyrics/song/14608/నీకు-ఇష్టముగా-ఇలలో
14609,నువ్వు లేని నన్ను,missing,,,,https://waytochurch.com/lyrics/song/14609/నువ్వు-లేని-నన్ను
14610,నూతన పరచుము దేవా,in_library_exact,119,Noothana Parachumu Devaa,,https://waytochurch.com/lyrics/song/14610/నూతన-పరచుము-దేవా
14611,నూతన సంవత్సరం దయచేసిన,in_library_contained,672,Noothana Samvathsaram,,https://waytochurch.com/lyrics/song/14611/నూతన-సంవత్సరం-దయచేసిన
14612,నెమ్మది లేదా నెమ్మది,missing,,,,https://waytochurch.com/lyrics/song/14612/నెమ్మది-లేదా-నెమ్మది
14613,నేడు యేసు లేచినాడు,in_library_exact,219,Nedu Yesu Lechinaadu,,https://waytochurch.com/lyrics/song/14613/నేడు-యేసు-లేచినాడు
14614,నేనేమైనా ప్రభువా నిన్నే,in_library_contained,430,Nenemainaa Prabhuvaa,,https://waytochurch.com/lyrics/song/14614/నేనేమైనా-ప్రభువా-నిన్నే
14615,పరదేశులమో ప్రియులారా మన,in_library_exact,1272,Paradeshulamo Priyulaaraa,,https://waytochurch.com/lyrics/song/14615/పరదేశులమో-ప్రియులారా-మన
14616,పరిశుద్ధుడా పావనుడా,in_library_exact,685,Parishuddhudaa Paavanudaa,,https://waytochurch.com/lyrics/song/14616/పరిశుద్ధుడా-పావనుడా
14617,ప్రతి రోజు చూడాలని,missing,,,,https://waytochurch.com/lyrics/song/14617/ప్రతి-రోజు-చూడాలని
14618,ప్రభువా నీవే నాదు,missing,,,,https://waytochurch.com/lyrics/song/14618/ప్రభువా-నీవే-నాదు
14619,పుట్టె యేసుడు నేడు,missing,,,,https://waytochurch.com/lyrics/song/14619/పుట్టె-యేసుడు-నేడు
14620,ప్రేమ యేసయ్య ప్రేమా,in_library_exact,10,Prema Yesayyaa Premaa,,https://waytochurch.com/lyrics/song/14620/ప్రేమ-యేసయ్య-ప్రేమా
14621,ఫలములనాశించిన పరలోక తండ్రి,in_library_exact,883,Phalamulanaashinchina Paraloka Thandri,,https://waytochurch.com/lyrics/song/14621/ఫలములనాశించిన-పరలోక-తండ్రి
14622,మనసారా పూజించి నిన్నారాధిస్తా,in_library_exact,1466,Manasaaraa Poojinchi,,https://waytochurch.com/lyrics/song/14622/మనసారా-పూజించి-నిన్నారాధిస్తా
14623,మమ్మెంతో ప్రేమించావు,in_library_exact,311,Mammentho Preminchaavu,,https://waytochurch.com/lyrics/song/14623/మమ్మెంతో-ప్రేమించావు
14624,మహిమగల తండ్రి మంచి,in_library_contained,849,Mahimagala Thandri,,https://waytochurch.com/lyrics/song/14624/మహిమగల-తండ్రి-మంచి
14625,మానవుడవై సకల నరుల,in_library_exact,1079,Maanavudavai Sakala,,https://waytochurch.com/lyrics/song/14625/మానవుడవై-సకల-నరుల
14626,మారా గయా సులీ,missing,,,,https://waytochurch.com/lyrics/song/14626/మారా-గయా-సులీ
14627,మోసితివా నా కొరకై,missing,,,,https://waytochurch.com/lyrics/song/14627/మోసితివా-నా-కొరకై
14628,యెహోవా నిస్సీ యెహోవా,missing,,,,https://waytochurch.com/lyrics/song/14628/యెహోవా-నిస్సీ-యెహోవా
14629,యెహోవా మా కాపరి,in_library_exact,577,Yehovaa Maa Kaapari,,https://waytochurch.com/lyrics/song/14629/యెహోవా-మా-కాపరి
14630,యేసయ్యా నా దొరా,in_library_exact,30,Yesayyaa Naa Doraa,,https://waytochurch.com/lyrics/song/14630/యేసయ్యా-నా-దొరా
14631,యేసే జన్మించెరా,in_library_exact,89,Yese Janmincheraa,,https://waytochurch.com/lyrics/song/14631/యేసే-జన్మించెరా
14632,యేసే దైవము యేసే,missing,,,,https://waytochurch.com/lyrics/song/14632/యేసే-దైవము-యేసే
14633,రక్షకుండుదయించినాడట మన కొరకు,in_library_contained,845,Rakshakundudayinchinaadata,,https://waytochurch.com/lyrics/song/14633/రక్షకుండుదయించినాడట-మన-కొరకు
14634,రాజ్యాలనేలే మహారాజు,in_library_exact,546,Raajyaalanele Mahaaraaju,,https://waytochurch.com/lyrics/song/14634/రాజ్యాలనేలే-మహారాజు
14635,రాజుల రాజు.. రాజుల,missing,,,,https://waytochurch.com/lyrics/song/14635/రాజుల-రాజు..-రాజుల
14636,రాత్ అంధేరి దూర్,missing,,,,https://waytochurch.com/lyrics/song/14636/రాత్-అంధేరి-దూర్
14637,వందనం నా ప్రతి అవసరము,missing,,,,https://waytochurch.com/lyrics/song/14637/వందనం-నా-ప్రతి-అవసరము
14638,సరి చేయుమో దేవా,in_library_exact,994,Sari Cheyumo Devaa,,https://waytochurch.com/lyrics/song/14638/సరి-చేయుమో-దేవా
14639,సరి రారెవ్వరు నా,missing,,,,https://waytochurch.com/lyrics/song/14639/సరి-రారెవ్వరు-నా
14640,సాగిపోదును ఆగిపోను నేను,in_library_exact,1293,Saagipodunu Aagiponu Nenu,,https://waytochurch.com/lyrics/song/14640/సాగిపోదును-ఆగిపోను-నేను
14641,స్తుతి పాడి కీర్తింతుము,in_library_contained,228,Sthuthi Paadi Keerthinthumu,,https://waytochurch.com/lyrics/song/14641/స్తుతి-పాడి-కీర్తింతుము
14642,స్నేహితుడా నా స్నేహితుడా,in_library_exact,1357,Snehithudaa Naa Snehithudaa,,https://waytochurch.com/lyrics/song/14642/స్నేహితుడా-నా-స్నేహితుడా
14643,సొంతమైపోవాలి నా యేసుతో,in_library_exact,957,Sonthamai Povaali Naa Yesutho,,https://waytochurch.com/lyrics/song/14643/సొంతమైపోవాలి-నా-యేసుతో
14644,స్తోత్రబలి స్తోత్రబలి మంచిదేవా,in_library_contained,1140,Sthothrabali Sthothrabali,,https://waytochurch.com/lyrics/song/14644/స్తోత్రబలి-స్తోత్రబలి-మంచిదేవా
14645,నీ నామం అతి,unusable-title,,,,https://waytochurch.com/lyrics/song/14645/నీ-నామం-అతి
15340,సాగేను నా జీవ నావ,in_library_exact,1501,Saagenu Naa Jeeva Naava,,https://waytochurch.com/lyrics/song/15340/సాగేను-నా-జీవ-నావ
15598,మానవులందరు ఒక్కటేనని,in_library_exact,1032,Maanavulandaru Okkatenani,,https://waytochurch.com/lyrics/song/15598/మానవులందరు-ఒక్కటేనని
15654,స్తుతించెదను నిన్ను నేను మనసారా,in_library_exact,1143,Sthuthinchedanu Ninnu Nenu,,https://waytochurch.com/lyrics/song/15654/స్తుతించెదను-నిన్ను-నేను-మనసారా
15689,సీయోనులో నుండి నీవు ప్రకాశించుచున్నావు నాపై,in_library_exact,985,Seeyonulo Nundi Neevu,,https://waytochurch.com/lyrics/song/15689/సీయోనులో-నుండి-నీవు-ప్రకాశించుచున్నావు-నాపై
16020,ఓ యాత్రికుడా ఓహో యాత్రికుడా,in_library_exact,914,O Yaathrikudaa,,https://waytochurch.com/lyrics/song/16020/ఓ-యాత్రికుడా-ఓహో-యాత్రికుడా
16150,ఆరాధన అందుకో,in_library_exact,1109,Aaraadhana Anduko,,https://waytochurch.com/lyrics/song/16150/ఆరాధన-అందుకో
16151,నీలి ఆకాశంలో,in_library_exact,1249,Neeli Aakaashamlo,,https://waytochurch.com/lyrics/song/16151/నీలి-ఆకాశంలో
16152,మన్నేగదయ్యా మన్నేగదయ్యా,in_library_exact,1056,Mannegadayyaa Mannegadayyaa,,https://waytochurch.com/lyrics/song/16152/మన్నేగదయ్యా-మన్నేగదయ్యా
16153,వాడుకో… యేసయ్యా…,in_library_exact,1152,Vaadipoka Munde,,https://waytochurch.com/lyrics/song/16153/వాడుకో…-యేసయ్యా…
16154,సమీపింపరాని తేజస్సులో ఓ ఓ,in_library_exact,1252,Sameepimparaani Thejassulo,,https://waytochurch.com/lyrics/song/16154/సమీపింపరాని-తేజస్సులో-ఓ-ఓ
16366,ఆశ్చర్యకరమైన నీ కృపతో,missing,,,,https://waytochurch.com/lyrics/song/16366/ఆశ్చర్యకరమైన-నీ-కృపతో
16568,అపరాధిని యేసయ్యా,in_library_exact,1427,Aparaadhini Yesayyaa,,https://waytochurch.com/lyrics/song/16568/అపరాధిని-యేసయ్యా
16765,ఈ లోక యాత్రలో,missing,,,,https://waytochurch.com/lyrics/song/16765/ఈ-లోక-యాత్రలో
17728,సర్వశక్తుని స్తోత్రగానము,in_library_exact,1132,Sarvashakthuni Sthothra Gaanamu,,https://waytochurch.com/lyrics/song/17728/సర్వశక్తుని-స్తోత్రగానము
18833,ఏ యోగ్యతా లేని నన్నునీవు ప్రేమించినావు దేవా,in_library_exact,1453,Ae Yogyathaa Leni Nannu,,https://waytochurch.com/lyrics/song/18833/ఏ-యోగ్యతా-లేని-నన్నునీవు-ప్రేమించినావు-దేవా
18857,ఎందికో నన్నింతగా నీవు,missing,,,,https://waytochurch.com/lyrics/song/18857/ఎందికో-నన్నింతగా-నీవు
18972,నా పాపమే నిను లోకము చేర్చెను,missing,,,,https://waytochurch.com/lyrics/song/18972/నా-పాపమే-నిను-లోకము-చేర్చెను
18975,ఏల వర్ణించనయ్యా కల్వరి యాగం,missing,,,,https://waytochurch.com/lyrics/song/18975/ఏల-వర్ణించనయ్యా-కల్వరి-యాగం
18976,షాలోము రాజుకు వందనం,missing,,,,https://waytochurch.com/lyrics/song/18976/షాలోము-రాజుకు-వందనం
19014,నీ వల్లే నీ వల్లే యేసయ్య నా కింత సంతోషము,missing,,,,https://waytochurch.com/lyrics/song/19014/నీ-వల్లే-నీ-వల్లే-యేసయ్య--నా-కింత-సంతోషము
19016,పెళ్లంటే దేహములు వేరైనా – ఒక్కటిగ ఫలియించె దైవ సంకల్పం,missing,,,,https://waytochurch.com/lyrics/song/19016/పెళ్లంటే-దేహములు-వేరైనా-–-ఒక్కటిగ-ఫలియించె-దైవ-సంకల్పం
19028,ఫేస్బుక్ యూట్యూబ్ ఏదైనా కానీ,in_library_exact,867,Facebook YouTube,,https://waytochurch.com/lyrics/song/19028/ఫేస్బుక్-యూట్యూబ్-ఏదైనా-కానీ
19924,సుమధుర స్వరముల గానాలతో వేలాది దూతల గళములతో,in_library_exact,1421,Sumadhura Swaramula Gaanaalatho,,https://waytochurch.com/lyrics/song/19924/సుమధుర-స్వరముల-గానాలతో-వేలాది-దూతల-గళములతో
19925,యేసయ్య పాదాలు బంగారు పాదాలు,in_library_exact,1452,Yesayya Paadaalu,,https://waytochurch.com/lyrics/song/19925/యేసయ్య-పాదాలు-బంగారు-పాదాలు
19926,మారదయా నీ ప్రేమ,in_library_exact,1158,Maaradayaa Nee Prema,,https://waytochurch.com/lyrics/song/19926/మారదయా-నీ-ప్రేమ
19927,నన్ను నీవలె నిర్మించినను,in_library_exact,1017,Nannu Neevale Nirminchinanu,,https://waytochurch.com/lyrics/song/19927/నన్ను-నీవలె-నిర్మించినను
19928,నాకున్న బలము సరిపోదయ్యా,in_library_exact,1548,Naakunna Balamu Saripodayyaa,,https://waytochurch.com/lyrics/song/19928/నాకున్న-బలము-సరిపోదయ్యా
19929,దేవుడు లోకమును ఎంతో ప్రేమించెను,in_library_exact,1391,Devudu Lokamunu,,https://waytochurch.com/lyrics/song/19929/దేవుడు-లోకమును-ఎంతో-ప్రేమించెను
19930,జీవాధిపతివి నీవే నా యేసయ్య,in_library_exact,658,Jeevaadhipathivi Neeve,,https://waytochurch.com/lyrics/song/19930/జీవాధిపతివి-నీవే-నా-యేసయ్య
19931,జీవితాంతము వరకు నీకే సేవ సల్పుదునంటిని,in_library_exact,1532,Jeevithaanthamu Varaku Neeke,,https://waytochurch.com/lyrics/song/19931/జీవితాంతము-వరకు-నీకే-సేవ-సల్పుదునంటిని
19932,జగములనేలే శ్రీ యేసా,in_library_exact,630,Jagamulanele Shree Yesaa,,https://waytochurch.com/lyrics/song/19932/జగములనేలే-శ్రీ-యేసా
19933,కీర్తింతును నీ నామము,in_library_exact,358,Keerthinthunu Nee Naamamu,,https://waytochurch.com/lyrics/song/19933/కీర్తింతును-నీ-నామము
19934,ఏమి ఉన్నా లేకున్నా,in_library_exact,261,Emi Unnaa Lekunnaa,,https://waytochurch.com/lyrics/song/19934/ఏమి-ఉన్నా-లేకున్నా
19944,యేసు స్వామీ నీకు నేను,in_library_exact,514,Naa Samasthamu,,https://waytochurch.com/lyrics/song/19944/యేసు-స్వామీ-నీకు-నేను
19962,కాపాడే దేవుడు యేసయ్యా,in_library_exact,364,Kaapaade Devudu Yesayyaa,,https://waytochurch.com/lyrics/song/19962/కాపాడే-దేవుడు-యేసయ్యా
19968,నా చిన్ని హృదయముతో,in_library_exact,303,Hosanna Hosannaa,,https://waytochurch.com/lyrics/song/19968/నా-చిన్ని-హృదయముతో
19969,ఆనందింతుము ఆనందింతుము,in_library_exact,643,Aanandinthumu,,https://waytochurch.com/lyrics/song/19969/ఆనందింతుము-ఆనందింతుము
19970,నీతి సూర్యుడవై వెలుగుతున్న యేసయ్య,in_library_exact,754,Neethi Sooryudavai,,https://waytochurch.com/lyrics/song/19970/నీతి-సూర్యుడవై-వెలుగుతున్న-యేసయ్య
19971,నాదు రక్షకా నీ మనసే ఉత్తమం - దిన దినము నీతోనే వసియింతును,missing,,,,https://waytochurch.com/lyrics/song/19971/నాదు-రక్షకా-నీ-మనసే-ఉత్తమం---దిన-దినము-నీతోనే-వసియింతును
19977,వేసారిన మనసే ఊగెనే,in_library_exact,27,Vesaarina Manase,,https://waytochurch.com/lyrics/song/19977/వేసారిన-మనసే-ఊగెనే
19978,నా ఆశల పల్లకి నీవే,in_library_exact,301,Naa Aashala Pallaki,,https://waytochurch.com/lyrics/song/19978/నా-ఆశల-పల్లకి-నీవే
19979,ఏపాటి దాననయా నన్నింతగ హెచ్చించుటకు,in_library_exact,986,Epaati Daananayaa,,https://waytochurch.com/lyrics/song/19979/ఏపాటి-దాననయా-నన్నింతగ-హెచ్చించుటకు
19996,సంబరాలు సంబరాలురో – మన బ్రతుకుల్లో సంబరాలు,in_library_contained,347,Chali Raathiri Eduru Choose,,https://waytochurch.com/lyrics/song/19996/సంబరాలు-సంబరాలురో-–-మన-బ్రతుకుల్లో-సంబరాలు
19997,నా నీతి సూర్యుడా భువినేలు యేసయ్యా,missing,,,,https://waytochurch.com/lyrics/song/19997/నా-నీతి-సూర్యుడా--భువినేలు-యేసయ్యా
20001,సారెపతు ఊరిలో ఒక విధవరాలు ఉండెను,missing,,,,https://waytochurch.com/lyrics/song/20001/సారెపతు-ఊరిలో-ఒక-విధవరాలు-ఉండెను
20002,"అబేద్నగో, షడ్రకు, మెషెకు వచ్చిపడెనే పెద్ద చిక్కు",missing,,,,"https://waytochurch.com/lyrics/song/20002/అబేద్నగో,-షడ్రకు,-మెషెకు-వచ్చిపడెనే-పెద్ద-చిక్కు"
20003,చదవాలి చదవాలి వాక్యం చదవాలి,missing,,,,https://waytochurch.com/lyrics/song/20003/చదవాలి-చదవాలి-వాక్యం-చదవాలి
20004,చిన్న చిన్న గొఱ్ఱె పిల్లను యేసు ప్రియ బిడ్డను,in_library_exact,1340,Chinna Chinna Gorrepillanu,,https://waytochurch.com/lyrics/song/20004/చిన్న-చిన్న-గొఱ్ఱె-పిల్లను-యేసు-ప్రియ-బిడ్డను
20005,పిల్లలం యేసు బిడ్డలం పిల్లలం యేసు కిష్టులం,missing,,,,https://waytochurch.com/lyrics/song/20005/పిల్లలం-యేసు-బిడ్డలం-పిల్లలం-యేసు-కిష్టులం
20006,కోడి కూయు వేళ పరుగులెత్తెదం,missing,,,,https://waytochurch.com/lyrics/song/20006/కోడి-కూయు-వేళ-పరుగులెత్తెదం
20008,కళ్యాణమే వైభోగం – కమనీయ కాంతుల దీపం,missing,,,,https://waytochurch.com/lyrics/song/20008/కళ్యాణమే-వైభోగం-–-కమనీయ-కాంతుల-దీపం
20009,కొనియాడబడును యెహోవాయందు భయభక్తులు గల వనిత,missing,,,,https://waytochurch.com/lyrics/song/20009/కొనియాడబడును-యెహోవాయందు-భయభక్తులు-గల-వనిత
20010,కురిసింది నవ్వుల వాన – వివాహ శుభ సమయాన,missing,,,,https://waytochurch.com/lyrics/song/20010/కురిసింది-నవ్వుల-వాన-–-వివాహ-శుభ-సమయాన
20030,ఇద్దరొక్కటిగ మారేటి మధురమైన క్షణము,in_library_exact,1055,Iddarokkatiga Maareti,,https://waytochurch.com/lyrics/song/20030/ఇద్దరొక్కటిగ-మారేటి-మధురమైన-క్షణము
20715,ఆశతో నీ కొరకు ఎదురుచూచుచుండగా,in_library_exact,818,Aashatho Nee Koraku,,https://waytochurch.com/lyrics/song/20715/ఆశతో-నీ-కొరకు-ఎదురుచూచుచుండగా
20740,రారే చూతము రాజసుతుని,in_library_exact,400,Raare Choothamu,,https://waytochurch.com/lyrics/song/20740/రారే-చూతము-రాజసుతుని
20741,అంబరాన్ని దాటే సంబరాలు నేడు,in_library_exact,830,Ambaraanni Daate,,https://waytochurch.com/lyrics/song/20741/అంబరాన్ని-దాటే-సంబరాలు-నేడు
20747,లాలి లాలి జోలాలి బాల యేసునకు లాలి,in_library_exact,1403,Laali Laali Jolaali,,https://waytochurch.com/lyrics/song/20747/లాలి-లాలి-జోలాలి-బాల-యేసునకు-లాలి
20748,పూరబ్ దిశా మే చమ్కా ఏక్ తారా,in_library_exact,1232,Purab Dishaa Mein,,https://waytochurch.com/lyrics/song/20748/పూరబ్-దిశా-మే-చమ్కా-ఏక్-తారా
20766,నేడే విరబూసెలే హృదయ నేత్రంబులే,missing,,,,https://waytochurch.com/lyrics/song/20766/నేడే-విరబూసెలే-హృదయ-నేత్రంబులే
20767,రాజుగా రారాజుగా,missing,,,,https://waytochurch.com/lyrics/song/20767/రాజుగా-రారాజుగా
20768,బెత్లెహేము పురములో ఒక వింత జరిగెను,missing,,,,https://waytochurch.com/lyrics/song/20768/బెత్లెహేము-పురములో-ఒక-వింత-జరిగెను
20769,బెత్లెహేము పురమునందున,missing,,,,https://waytochurch.com/lyrics/song/20769/బెత్లెహేము-పురమునందున
20770,నాకై దీనునిగా భువికి వచ్చినావయా,missing,,,,https://waytochurch.com/lyrics/song/20770/నాకై-దీనునిగా-భువికి-వచ్చినావయా
20771,ఏమౌతానో అని నీకేమి చే సానని,missing,,,,https://waytochurch.com/lyrics/song/20771/ఏమౌతానో-అని-నీకేమి-చే-సానని
20773,సంతోషించుడి యందరు నాతో సంతోషించుడి,in_library_exact,1240,Santhoshinchudi Yandaru,,https://waytochurch.com/lyrics/song/20773/సంతోషించుడి-యందరు-నాతో-సంతోషించుడి
21745,నింగిలోన మెరిసే నక్షత్రం,missing,,,,https://waytochurch.com/lyrics/song/21745/నింగిలోన-మెరిసే--నక్షత్రం
21746,పరలోకము నుండి భువికరుదెంచెను లోకరక్షకుడు,missing,,,,https://waytochurch.com/lyrics/song/21746/పరలోకము-నుండి-భువికరుదెంచెను-లోకరక్షకుడు
21747,జీవమై ఏతెంచిన యేసు దైవమా,missing,,,,https://waytochurch.com/lyrics/song/21747/జీవమై-ఏతెంచిన-యేసు-దైవమా
21748,జగమంత దివ్యకాంతితో,missing,,,,https://waytochurch.com/lyrics/song/21748/జగమంత-దివ్యకాంతితో
21786,రాజులకు రాజైన యేసయ్య,missing,,,,https://waytochurch.com/lyrics/song/21786/రాజులకు-రాజైన-యేసయ్య
21795,బెత్లెహేములో ఒక చిన్న ఊరిలో,missing,,,,https://waytochurch.com/lyrics/song/21795/బెత్లెహేములో-ఒక-చిన్న-ఊరిలో
21797,యేసయ్య పుట్టినాడే,missing,,,,https://waytochurch.com/lyrics/song/21797/యేసయ్య-పుట్టినాడే
21798,గగనమే మురిసెను,missing,,,,https://waytochurch.com/lyrics/song/21798/గగనమే-మురిసెను
21799,ఎలా ఎలా వివరింతును ఎలా ఎలా వర్ణింతును,missing,,,,https://waytochurch.com/lyrics/song/21799/ఎలా-ఎలా-వివరింతును--ఎలా-ఎలా-వర్ణింతును
21800,ఎన్నిక లేని నాపై ఎంత కృప చూపినావు,in_library_exact,1037,Ennika Leni Naapai,,https://waytochurch.com/lyrics/song/21800/ఎన్నిక-లేని-నాపై-ఎంత-కృప-చూపినావు
21803,క్రిస్మస్ కాలం క్రీస్తు జననం ఎంతో ఆనందమే,in_library_exact,1223,Christmas Kaalam,,https://waytochurch.com/lyrics/song/21803/క్రిస్మస్-కాలం-క్రీస్తు-జననం-ఎంతో-ఆనందమే
21804,క్రిస్మస్ ఆనందం సంతోషమే,in_library_exact,1048,Christmas Aanandam,,https://waytochurch.com/lyrics/song/21804/క్రిస్మస్-ఆనందం-సంతోషమే
21805,ఓటమి తప్పని రోజైననూ ఓడిపోనివ్వడు,in_library_exact,1195,Odiponivvadu,,https://waytochurch.com/lyrics/song/21805/ఓటమి-తప్పని-రోజైననూ-ఓడిపోనివ్వడు
21810,సంఘమా సాగుమా,missing,,,,https://waytochurch.com/lyrics/song/21810/సంఘమా-సాగుమా
21811,నిన్న నేడు మారని ప్రేమ నీదే,missing,,,,https://waytochurch.com/lyrics/song/21811/నిన్న-నేడు-మారని-ప్రేమ-నీదే
21812,నిన్నే నే ఆరాధింతును,missing,,,,https://waytochurch.com/lyrics/song/21812/నిన్నే-నే-ఆరాధింతును
21815,నాలుగు దిక్కుల చీకటి చీల్చి,missing,,,,https://waytochurch.com/lyrics/song/21815/నాలుగు-దిక్కుల-చీకటి-చీల్చి
21816,కరుణించి కాపాడే యేసయ్యా,in_library_exact,995,Ghanamaina Veduka,,https://waytochurch.com/lyrics/song/21816/కరుణించి-కాపాడే-యేసయ్యా
21819,నిన్ను విడచి క్షణమైన నే మనలేను,missing,,,,https://waytochurch.com/lyrics/song/21819/నిన్ను-విడచి-క్షణమైన-నే-మనలేను
21820,దుష్టుల ఆలోచనలో నడువక,missing,,,,https://waytochurch.com/lyrics/song/21820/దుష్టుల-ఆలోచనలో-నడువక
21825,వి గివ్ గ్లోరి టు యు,missing,,,,https://waytochurch.com/lyrics/song/21825/వి-గివ్-గ్లోరి-టు-యు
21826,యేసయ్య నీ కృపలో నేనుండుటే…ధన్యము,missing,,,,https://waytochurch.com/lyrics/song/21826/యేసయ్య-నీ-కృపలో-నేనుండుటే…ధన్యము
21827,నా చెంత నుండుము ఓ యేసయ్య,missing,,,,https://waytochurch.com/lyrics/song/21827/నా-చెంత-నుండుము-ఓ-యేసయ్య
21829,నా హృదయం పాడెనే నీ ప్రేమనే,missing,,,,https://waytochurch.com/lyrics/song/21829/నా-హృదయం-పాడెనే-నీ-ప్రేమనే
21832,ఆరాధించెదము ఆత్మతో సత్యముతో,missing,,,,https://waytochurch.com/lyrics/song/21832/ఆరాధించెదము-ఆత్మతో-సత్యముతో
21833,ఈ జీవితమన్నది క్షణకాలమైనది పరలోకంలోనిది శాశ్వతమైనది,missing,,,,https://waytochurch.com/lyrics/song/21833/ఈ-జీవితమన్నది-క్షణకాలమైనది-పరలోకంలోనిది-శాశ్వతమైనది
21834,సర్వోన్నతుడా సర్వాధికారి ఆకాశం నీ సింహాసనం,missing,,,,https://waytochurch.com/lyrics/song/21834/సర్వోన్నతుడా-సర్వాధికారి-ఆకాశం-నీ-సింహాసనం
21835,ఎంతో మధురం నా యేసు ప్రేమ ఎంతో క్షేమం,in_library_contained,704,Entho Madhuram,,https://waytochurch.com/lyrics/song/21835/ఎంతో-మధురం-నా-యేసు-ప్రేమ--ఎంతో-క్షేమం
21838,నీవు లేకుండా నేనుండలేను,in_library_contained,1007,Raajaa Nee Sannidhilone Untaanayyaa,,https://waytochurch.com/lyrics/song/21838/నీవు-లేకుండా-నేనుండలేను
21840,వెండి బంగారుకంటే శ్రేష్టమైనది,missing,,,,https://waytochurch.com/lyrics/song/21840/వెండి-బంగారుకంటే-శ్రేష్టమైనది
21841,ఆలోచి౦చావ ఓ నేస్తం ఆలోచి౦చావ,missing,,,,https://waytochurch.com/lyrics/song/21841/ఆలోచి౦చావ--ఓ-నేస్తం-ఆలోచి౦చావ
21846,నా బ్రతుకు దినములు లెక్కింప నేర్పుము,in_library_exact,524,Naa Brathuku Dinamulu,,https://waytochurch.com/lyrics/song/21846/నా-బ్రతుకు-దినములు-లెక్కింప-నేర్పుము
21860,కాలమొకటి రాబోతుంది ఇప్పుడే అది వచ్చేవుంది,missing,,,,https://waytochurch.com/lyrics/song/21860/కాలమొకటి-రాబోతుంది--ఇప్పుడే-అది-వచ్చేవుంది
21861,ఈ లోకము నను విడచినను,in_library_exact,1608,Naa Hrudayamantha,,https://waytochurch.com/lyrics/song/21861/ఈ-లోకము-నను-విడచినను
21868,స్తుతియించెద నిన్నే పూజించెద,missing,,,,https://waytochurch.com/lyrics/song/21868/స్తుతియించెద-నిన్నే-పూజించెద
21873,కల్వరిగిరిపై నా యేసయ్య,missing,,,,https://waytochurch.com/lyrics/song/21873/కల్వరిగిరిపై-నా-యేసయ్య
21874,మధురాతి మధురం యేసు నీ నామం,missing,,,,https://waytochurch.com/lyrics/song/21874/మధురాతి-మధురం-యేసు-నీ-నామం
21875,నీ త్యాగమే నే ధ్యానించుచూ,missing,,,,https://waytochurch.com/lyrics/song/21875/నీ-త్యాగమే-నే-ధ్యానించుచూ
21876,దేవా నన్నేల విడిచినావయా,missing,,,,https://waytochurch.com/lyrics/song/21876/దేవా-నన్నేల-విడిచినావయా
21877,సిల్వలో కార్చినా నీ రక్తము,missing,,,,https://waytochurch.com/lyrics/song/21877/సిల్వలో-కార్చినా-నీ-రక్తము
21878,చెడు ఆలోచనలను జయించే శక్తీ,missing,,,,https://waytochurch.com/lyrics/song/21878/చెడు-ఆలోచనలను-జయించే-శక్తీ
21880,మోయలేని భారమంత సిలువలో మోసావు,in_library_exact,597,Moyaleni Bhaaramantha,,https://waytochurch.com/lyrics/song/21880/మోయలేని-భారమంత-సిలువలో-మోసావు
21884,నీ నావలో యేసు ఉండగా భయమేలరా సోదరా,missing,,,,https://waytochurch.com/lyrics/song/21884/నీ-నావలో-యేసు-ఉండగా-భయమేలరా-సోదరా
21887,యేసయ్య నామము నా ప్రాణ రక్ష,in_library_exact,890,Yesayya Naamamu,,https://waytochurch.com/lyrics/song/21887/యేసయ్య-నామము-నా-ప్రాణ-రక్ష
21892,ముళ్ళ కిరీటము రక్త ధారలు,in_library_exact,1244,Mulla Kireetamu,,https://waytochurch.com/lyrics/song/21892/ముళ్ళ-కిరీటము-రక్త-ధారలు
21894,ఎందుకో ఈ ఘోర పాపిని,missing,,,,https://waytochurch.com/lyrics/song/21894/ఎందుకో-ఈ-ఘోర-పాపిని
21905,పరిశుద్ధమే యేసుని రక్తం ప్రవహించెను కల్వరిలో,missing,,,,https://waytochurch.com/lyrics/song/21905/పరిశుద్ధమే-యేసుని-రక్తం--ప్రవహించెను-కల్వరిలో
21907,యేసుని నీవు నమ్ముకో రక్షణ పొందుకో,missing,,,,https://waytochurch.com/lyrics/song/21907/యేసుని-నీవు-నమ్ముకో--రక్షణ-పొందుకో
21908,యేసయ్య ఎంతో ఎంతో మంచివాడు,missing,,,,https://waytochurch.com/lyrics/song/21908/యేసయ్య-ఎంతో-ఎంతో-మంచివాడు
21909,నా కనుచూపు మేర యేసు నీ ప్రేమ,in_library_exact,996,Naa Kanuchoopu Mera,,https://waytochurch.com/lyrics/song/21909/నా-కనుచూపు-మేర-యేసు-నీ-ప్రేమ
21910,దేవుడే ఇల చేరేటందుకు ఎన్నుకున్న మార్గం,in_library_exact,494,Devude Ila Cheretanduku,,https://waytochurch.com/lyrics/song/21910/దేవుడే-ఇల-చేరేటందుకు-ఎన్నుకున్న-మార్గం
21911,తారా వెలిసెను ఈ వేళ,in_library_exact,344,Thaaraa Velisenu Ee Vela,,https://waytochurch.com/lyrics/song/21911/తారా-వెలిసెను-ఈ-వేళ
21912,కరుణ చూపించుమా యేసయ్య కన్నీరు తుడవగా,in_library_exact,1473,Karuna Choopinchumaa,,https://waytochurch.com/lyrics/song/21912/కరుణ-చూపించుమా-యేసయ్య-కన్నీరు-తుడవగా
21913,ఇహలోక పాపి కొరకు,in_library_exact,993,Ihaloka Paapi Koraku,,https://waytochurch.com/lyrics/song/21913/ఇహలోక-పాపి-కొరకు
21927,కనిపెట్టుచుంటిని ప్రభువా నీ సన్నిధినీ,missing,,,,https://waytochurch.com/lyrics/song/21927/కనిపెట్టుచుంటిని-ప్రభువా-నీ-సన్నిధినీ
21928,సుందరుడా అతిశయుడా మహోన్నతుడా నా ప్రియుడా,in_library_exact,322,Sundarudaa Athishayudaa,,https://waytochurch.com/lyrics/song/21928/సుందరుడా-అతిశయుడా-మహోన్నతుడా-నా-ప్రియుడా
21932,యేసయ్యా నన్నెందుకు ఎన్నుకున్నావయ్యా,in_library_exact,1283,Yesayyaa Nannenduku,,https://waytochurch.com/lyrics/song/21932/యేసయ్యా-నన్నెందుకు-ఎన్నుకున్నావయ్యా
21933,మరువగలనా మరలా ఇలలో గనని కరుణా,in_library_exact,534,Maruvagalanaa Maralaa,,https://waytochurch.com/lyrics/song/21933/మరువగలనా-మరలా-ఇలలో-గనని-కరుణా
21934,పాత నిబంధనలో ఇశ్రాయేలును దేవుడు కోరెను దశమ భాగం,in_library_exact,134,Devaa Naa Jeevithamidigo,,https://waytochurch.com/lyrics/song/21934/పాత-నిబంధనలో-ఇశ్రాయేలును-దేవుడు-కోరెను-దశమ-భాగం
21935,నిత్యం నిలిచేది నీ ప్రేమే యేసయ్యా,in_library_exact,1215,Nithyam Nilichedi Nee Preme,,https://waytochurch.com/lyrics/song/21935/నిత్యం-నిలిచేది-నీ-ప్రేమే-యేసయ్యా
22035,మట్టినైన నన్ను మనిషిగా మార్చి,in_library_exact,841,Mattinaina Nannu,,https://waytochurch.com/lyrics/song/22035/మట్టినైన-నన్ను-మనిషిగా-మార్చి
22037,ప్రేమ శాశ్వత కాలముండును,in_library_exact,1129,Prema Shaashwatha Kaalamundunu,,https://waytochurch.com/lyrics/song/22037/ప్రేమ-శాశ్వత-కాలముండును
22039,నీవే ఆశ్రయదుర్గం నీవే నా సహాయం,in_library_exact,1358,Neeve Aashrayadurgam,,https://waytochurch.com/lyrics/song/22039/నీవే-ఆశ్రయదుర్గం-నీవే-నా-సహాయం
22047,నీలో సమస్తము సాధ్యమే,in_library_exact,190,Neelo Samasthamu Saadhyame,,https://waytochurch.com/lyrics/song/22047/నీలో-సమస్తము-సాధ్యమే
22048,నిరంతరమైన నీ కృపలో,in_library_exact,1564,Nirantharamaina Nee Krupalo,,https://waytochurch.com/lyrics/song/22048/నిరంతరమైన-నీ-కృపలో
22049,నన్ను బ్రతికించుటకు నీవు మరణించితివే,in_library_exact,773,Nannu Brathikinchutaku,,https://waytochurch.com/lyrics/song/22049/నన్ను-బ్రతికించుటకు-నీవు-మరణించితివే
22050,నా వేదనలో నా బాధలో,in_library_exact,1021,Naa Vedhanalo Naa Baadhalo,,https://waytochurch.com/lyrics/song/22050/నా-వేదనలో-నా-బాధలో
22051,నీ ప్రేమ నాలో మధురమైనది,in_library_exact,791,Nee Prema Naalo Madhuramainadi,,https://waytochurch.com/lyrics/song/22051/నీ-ప్రేమ-నాలో-మధురమైనది
22052,నీ కార్యములు ఆశ్చర్యములు దేవా,in_library_exact,642,Nee Kaaryamulu,,https://waytochurch.com/lyrics/song/22052/నీ-కార్యములు-ఆశ్చర్యములు-దేవా
22053,జీవము గల దేవుని సంఘం ఎంతో ఎంతో రమ్యము,in_library_exact,1528,Jeevamugala Devuni Sangham,,https://waytochurch.com/lyrics/song/22053/జీవము-గల-దేవుని-సంఘం-ఎంతో-ఎంతో-రమ్యము
22054,చీకటిలో కాంతివి,in_library_exact,1157,Cheekatilo Kaanthivi,,https://waytochurch.com/lyrics/song/22054/చీకటిలో-కాంతివి
22055,క్షమాపణ దొరికేనా,in_library_exact,1263,Kshamaapana Dorikenaa,,https://waytochurch.com/lyrics/song/22055/క్షమాపణ-దొరికేనా
22056,కలుగును గాక దేవునికి మహిమ కలుగును గాక,in_library_exact,243,Kalugunu Gaaka Devuniki Mahima,,https://waytochurch.com/lyrics/song/22056/కలుగును-గాక-దేవునికి-మహిమ-కలుగును-గాక
22057,కాలాలు మారిన గాని యేసు మారడు,in_library_exact,222,Kaalaalu Maarina Gaani,,https://waytochurch.com/lyrics/song/22057/కాలాలు-మారిన-గాని-యేసు-మారడు
22058,కన్నులతో చూసే ఈ లోకం ఎంతో అందముగా సృష్టించబడెను భూలోకం,in_library_exact,903,Kannulatho Choose Ee Lokam,,https://waytochurch.com/lyrics/song/22058/కన్నులతో-చూసే-ఈ-లోకం-ఎంతో-అందముగా-సృష్టించబడెను-భూలోకం
22059,కోటి కాంతుల వెలుగులతో ఉదయించెను ఒక కిరణం,in_library_exact,899,Koti Kaanthula Velugulatho,,https://waytochurch.com/lyrics/song/22059/కోటి-కాంతుల-వెలుగులతో-ఉదయించెను-ఒక-కిరణం
22060,ఒక దివ్యమైన సంగతితో,in_library_exact,738,Oka Divyamaina Sangathitho,,https://waytochurch.com/lyrics/song/22060/ఒక-దివ్యమైన-సంగతితో
22061,ఏగెదను నే చేరెదను,in_library_exact,167,Egedanu Ne Cheredanu,,https://waytochurch.com/lyrics/song/22061/ఏగెదను-నే-చేరెదను
22062,ఏ యోగ్యతా లేని నన్ను ఎందుకు ఎన్నుకున్నావు,in_library_exact,520,Emundi Naalonaa,,https://waytochurch.com/lyrics/song/22062/ఏ-యోగ్యతా-లేని-నన్ను-ఎందుకు-ఎన్నుకున్నావు
22063,ఎవరు ఉన్నా లేకున్నా,in_library_exact,459,Evaru Unnaa Lekunnaa,,https://waytochurch.com/lyrics/song/22063/ఎవరు-ఉన్నా-లేకున్నా
22064,ఆరాధించెదము ఆత్మతో నిరతము,in_library_exact,586,Aaraadhinchedamu Aathmatho,,https://waytochurch.com/lyrics/song/22064/ఆరాధించెదము-ఆత్మతో-నిరతము
22065,ఆనంద తైలాభిషేకము నిమ్ము ఆత్మ స్వరూపుడా,in_library_exact,406,Aananda Thailaabhishekamu,,https://waytochurch.com/lyrics/song/22065/ఆనంద-తైలాభిషేకము-నిమ్ము-ఆత్మ-స్వరూపుడా
22066,వినరండి నా ప్రియుని విశేషము…,in_library_exact,606,Vinarandi Naa Priyuni Visheshamu,,https://waytochurch.com/lyrics/song/22066/వినరండి-నా-ప్రియుని-విశేషము…
22081,అన్నివేళల వినువాడు,missing,,,,https://waytochurch.com/lyrics/song/22081/అన్నివేళల-వినువాడు
22083,సువార్త అందని ఊరు ఉండనే కూడదు,missing,,,,https://waytochurch.com/lyrics/song/22083/సువార్త-అందని-ఊరు-ఉండనే-కూడదు
22091,యేసు దేవుని ఆశ్రయించుమా,in_library_exact,15,Yesu Devuni Aashrayinchumaa,,https://waytochurch.com/lyrics/song/22091/యేసు-దేవుని-ఆశ్రయించుమా
22092,మరువని నీదు ప్రేమతో కాచితివే కనుపాపగా,in_library_exact,74,Maruvani Needu Prematho,,https://waytochurch.com/lyrics/song/22092/మరువని-నీదు-ప్రేమతో-కాచితివే-కనుపాపగా
22093,అంధకార చెరసాలలో బంధకాల ఇరుకులో,in_library_exact,1500,Andhakaara Cherasaalalo,,https://waytochurch.com/lyrics/song/22093/అంధకార-చెరసాలలో-బంధకాల-ఇరుకులో
22098,పలుకలేని నాకు పాట నేర్పినావు,in_library_exact,1355,Palukaleni Naaku,,https://waytochurch.com/lyrics/song/22098/పలుకలేని-నాకు-పాట-నేర్పినావు
22099,నా చిన్ని హృదయముతో నా గొప్ప దేవుని,in_library_contained,303,Hosanna Hosannaa,,https://waytochurch.com/lyrics/song/22099/నా-చిన్ని-హృదయముతో-నా-గొప్ప-దేవుని
22100,అంత్య దినములయందు ఆత్మను,in_library_exact,842,Anthya Dinamula Yandu,,https://waytochurch.com/lyrics/song/22100/అంత్య-దినములయందు-ఆత్మను
22101,యెహోవా యీరే నను చూసేవాడా నీవుండుటయే చాలు,in_library_exact,320,Yehovaa Yire,,https://waytochurch.com/lyrics/song/22101/యెహోవా-యీరే-నను-చూసేవాడా-నీవుండుటయే-చాలు
22102,నిను గాక మరి దేనిని నే ప్రేమింపనీయకు,in_library_exact,1123,Ninu Gaaka Mari Denini,,https://waytochurch.com/lyrics/song/22102/నిను-గాక-మరి-దేనిని-నే-ప్రేమింపనీయకు
22103,నన్నేలు నజరేయుడా నను ప్రేమించు ప్రాణప్రియుడా,missing,,,,https://waytochurch.com/lyrics/song/22103/నన్నేలు-నజరేయుడా--నను-ప్రేమించు-ప్రాణప్రియుడా
22104,నిన్నే నిన్నే ప్రేమిస్తున్నా,in_library_contained,1616,Neetho Unte Jeevitham,,https://waytochurch.com/lyrics/song/22104/నిన్నే-నిన్నే-ప్రేమిస్తున్నా
22105,జీవింతు నేను ఇకమీదట నా కొరకే కాదు,in_library_exact,334,Jeevinthu Nenu,,https://waytochurch.com/lyrics/song/22105/జీవింతు-నేను-ఇకమీదట-నా-కొరకే-కాదు
22106,ఓ యేసు నీ నామ సంకీర్తన,missing,,,,https://waytochurch.com/lyrics/song/22106/ఓ-యేసు-నీ-నామ-సంకీర్తన
22107,ఆరాధించెదను ఆత్మతో నిరతము,missing,,,,https://waytochurch.com/lyrics/song/22107/ఆరాధించెదను-ఆత్మతో-నిరతము
22108,ఆనందం నీలోనే ఆధారం నీవేగా,in_library_exact,1352,Aanandam Neelone,,https://waytochurch.com/lyrics/song/22108/ఆనందం-నీలోనే-ఆధారం-నీవేగా
22119,ఆఆ…ఆఆ… ఆ…ఆ…ఆ…,missing,,,,https://waytochurch.com/lyrics/song/22119/ఆఆ…ఆఆ…-ఆ…ఆ…ఆ…
22129,సాధ్యము అన్ని సాధ్యము,in_library_exact,761,Saadhyamu Anni Saadhyamu,,https://waytochurch.com/lyrics/song/22129/సాధ్యము-అన్ని-సాధ్యము
22130,యేసు యేసు యేసు నిన్ను చూడాలి,in_library_exact,28,Yesu Yesu Yesu,,https://waytochurch.com/lyrics/song/22130/యేసు-యేసు-యేసు-నిన్ను-చూడాలి
22131,యేసయ్యా నీ పూల తోట,in_library_exact,1083,Yesayyaa Nee Poola Thota,,https://waytochurch.com/lyrics/song/22131/యేసయ్యా-నీ-పూల-తోట
22132,ప్రేమతో నను పిలిచినా,in_library_contained,996,Naa Kanuchoopu Mera,,https://waytochurch.com/lyrics/song/22132/ప్రేమతో-నను-పిలిచినా
22133,ఆరాధించెదము యేసయ్య నామమును,in_library_exact,1097,Aaraadhinchedamu Yesayya Naamamunu,,https://waytochurch.com/lyrics/song/22133/ఆరాధించెదము-యేసయ్య-నామమును
22153,ఆశిర్వాదం యెహొవా దీవించి కాపాడునుగాక,missing,,,,https://waytochurch.com/lyrics/song/22153/ఆశిర్వాదం-యెహొవా-దీవించి-కాపాడునుగాక
22154,సుందరములు అతి సుందరములు,in_library_exact,141,Sundaramulu Athi Sundaramulu,,https://waytochurch.com/lyrics/song/22154/సుందరములు-అతి-సుందరములు
22155,రత్నవర్ణుడా కరుణా సంపన్నుడా,missing,,,,https://waytochurch.com/lyrics/song/22155/రత్నవర్ణుడా-కరుణా-సంపన్నుడా
22156,యేసులో ఆనందం యేసులో సంతోషం,missing,,,,https://waytochurch.com/lyrics/song/22156/యేసులో-ఆనందం-యేసులో-సంతోషం
22157,ప్రార్ధనే బలమైనది విజయముతో నడిపించేది,missing,,,,https://waytochurch.com/lyrics/song/22157/ప్రార్ధనే-బలమైనది-విజయముతో-నడిపించేది
22158,ఆ సిల్వలో ఈ పాపికై నీ శరీరము బలియాయెనే,missing,,,,https://waytochurch.com/lyrics/song/22158/ఆ-సిల్వలో-ఈ-పాపికై-నీ-శరీరము-బలియాయెనే
22168,నాకంటూ ఈ జగాన నీవే కదా నా యేసయ్య,missing,,,,https://waytochurch.com/lyrics/song/22168/నాకంటూ-ఈ-జగాన--నీవే-కదా-నా-యేసయ్య
22170,వందనం వందనం వందనం దేవా వందనం,missing,,,,https://waytochurch.com/lyrics/song/22170/వందనం-వందనం-వందనం-దేవా-వందనం
22171,యేసయ్య నీవే నాకు ఆధారము,missing,,,,https://waytochurch.com/lyrics/song/22171/యేసయ్య-నీవే-నాకు-ఆధారము
22172,నూతన గీతము నే పాడెదా మనోహరుడా యేసయ్యా,missing,,,,https://waytochurch.com/lyrics/song/22172/నూతన-గీతము-నే-పాడెదా--మనోహరుడా-యేసయ్యా
22176,స్తుతి ఆరాధన పరిశుద్ధునకే,missing,,,,https://waytochurch.com/lyrics/song/22176/స్తుతి-ఆరాధన-పరిశుద్ధునకే
22198,ఒకసారి చూడాలనీ,missing,,,,https://waytochurch.com/lyrics/song/22198/ఒకసారి-చూడాలనీ
22200,యేసు నీ ప్రేమకై వందనం,missing,,,,https://waytochurch.com/lyrics/song/22200/యేసు-నీ-ప్రేమకై-వందనం
22201,పరలోకం నా దేశం,missing,,,,https://waytochurch.com/lyrics/song/22201/పరలోకం-నా-దేశం
22202,నీలోనే రక్షణ నీలోనే నీరీక్షణ,in_library_lyric_line,685,Parishuddhudaa Paavanudaa,,https://waytochurch.com/lyrics/song/22202/నీలోనే-రక్షణ-నీలోనే-నీరీక్షణ
22203,నా జీవితములో వెలుగై నిలిచినా,missing,,,,https://waytochurch.com/lyrics/song/22203/నా-జీవితములో-వెలుగై-నిలిచినా
22204,దేవుడే నా ఆశ్రయం రక్షణ దుర్గము,missing,,,,https://waytochurch.com/lyrics/song/22204/దేవుడే-నా-ఆశ్రయం-రక్షణ-దుర్గము
22210,స్తుతియించెదా నిన్ను కీర్తించెదా,missing,,,,https://waytochurch.com/lyrics/song/22210/స్తుతియించెదా-నిన్ను-కీర్తించెదా
22211,విడిపిస్తాడు నా యేసుడు,in_library_exact,656,Vidipisthaadu Naa Yesudu,,https://waytochurch.com/lyrics/song/22211/విడిపిస్తాడు-నా-యేసుడు
22212,నీ ఆత్మతో నన్ను నడిపించయా,missing,,,,https://waytochurch.com/lyrics/song/22212/నీ-ఆత్మతో-నన్ను-నడిపించయా
22213,ఓ ప్రార్ధన సుప్రార్ధన నీ ప్రాభవంబున్ మరతునా,in_library_exact,343,O Praardhanaa Supraardhanaa,,https://waytochurch.com/lyrics/song/22213/ఓ-ప్రార్ధన-సుప్రార్ధన--నీ-ప్రాభవంబున్-మరతునా
22216,నీటిపైనా నడిచెను,missing,,,,https://waytochurch.com/lyrics/song/22216/నీటిపైనా-నడిచెను
22217,నిన్ను పోలిన వారెవరూ మేలు చేయు దేవుడవు,in_library_exact,223,Ninu Polina Vaarevaru,,https://waytochurch.com/lyrics/song/22217/నిన్ను-పోలిన-వారెవరూ-మేలు-చేయు-దేవుడవు
22218,నా జీవిత భాగస్వామి నా ప్రియ యేసు స్వామి,in_library_exact,226,Naa Jeevitha Bhaagasvaami,,https://waytochurch.com/lyrics/song/22218/నా-జీవిత-భాగస్వామి-నా-ప్రియ-యేసు-స్వామి
22219,కీర్తనీయమైనది క్రీస్తు గానసుధా,missing,,,,https://waytochurch.com/lyrics/song/22219/కీర్తనీయమైనది-క్రీస్తు-గానసుధా
22220,ఎంతదూరమైన యేసుతో నీ పయణం,missing,,,,https://waytochurch.com/lyrics/song/22220/ఎంతదూరమైన-యేసుతో-నీ-పయణం
22222,స్వరమెత్తి పాడెదన్ యేసయ్య,missing,,,,https://waytochurch.com/lyrics/song/22222/స్వరమెత్తి-పాడెదన్-యేసయ్య
22225,పాడెదా పాడెదా పాడెద యేసయ్యా,missing,,,,https://waytochurch.com/lyrics/song/22225/పాడెదా-పాడెదా-పాడెద-యేసయ్యా
22226,కమనీయమైన నీ ప్రేమలోన నే నిలువనా నా యేసయ్య,in_library_exact,1428,Kamaneeyamaina,,https://waytochurch.com/lyrics/song/22226/కమనీయమైన-నీ-ప్రేమలోన-నే-నిలువనా-నా-యేసయ్య
22229,నా దేవా నీకే వందనం,in_library_exact,1316,Naa Devaa Neeke Vandanam,,https://waytochurch.com/lyrics/song/22229/నా-దేవా-నీకే-వందనం
22230,దేవుడు లేడని వాదములెందుకు,missing,,,,https://waytochurch.com/lyrics/song/22230/దేవుడు-లేడని-వాదములెందుకు
22233,యేసే గొప్ప దేవుడు మన యేసే శక్తిమంతుడు,in_library_exact,1425,Yese Goppa Devudu,,https://waytochurch.com/lyrics/song/22233/యేసే-గొప్ప-దేవుడు--మన-యేసే-శక్తిమంతుడు
22235,మన్నించినా ఆ ప్రేమే నా సొంతమా,missing,,,,https://waytochurch.com/lyrics/song/22235/మన్నించినా-ఆ-ప్రేమే-నా-సొంతమా
22236,మధురమైన ప్రేమతో నన్ను ప్రేమించితివి,missing,,,,https://waytochurch.com/lyrics/song/22236/మధురమైన-ప్రేమతో-నన్ను-ప్రేమించితివి
22251,శాశ్వతమా ఈ దేహం,in_library_exact,402,Shaashwathamaa Ee Deham,,https://waytochurch.com/lyrics/song/22251/శాశ్వతమా-ఈ-దేహం
22253,బూరధ్వనికై యేసుని రాకకై,missing,,,,https://waytochurch.com/lyrics/song/22253/బూరధ్వనికై-యేసుని-రాకకై
22254,పరిశుద్ధాత్ముడా నా మంచి స్నేహితుడా,missing,,,,https://waytochurch.com/lyrics/song/22254/పరిశుద్ధాత్ముడా-నా-మంచి-స్నేహితుడా
22255,దేవా నిను ఆరాధించెదము,missing,,,,https://waytochurch.com/lyrics/song/22255/దేవా-నిను-ఆరాధించెదము
22263,బంధినైపోయా నీలో మునిగితేలాకా,missing,,,,https://waytochurch.com/lyrics/song/22263/బంధినైపోయా-నీలో-మునిగితేలాకా
22265,మార్గమై ఉన్న యేసు,missing,,,,https://waytochurch.com/lyrics/song/22265/మార్గమై-ఉన్న-యేసు
22272,బోలో క్రీస్తు మహరాజ్ కి జై,missing,,,,https://waytochurch.com/lyrics/song/22272/బోలో-క్రీస్తు-మహరాజ్-కి-జై
22284,నిన్నే నమ్ముకుంటిని ఓ దేవా నన్ను దాటి వెళ్ళకు నా ప్రభువా,missing,,,,https://waytochurch.com/lyrics/song/22284/నిన్నే-నమ్ముకుంటిని-ఓ-దేవా--నన్ను-దాటి-వెళ్ళకు-నా-ప్రభువా
22285,దేవా ఇలలోన నీవు మాకిచ్చిన గృహము,in_library_exact,892,Devaa Ilalona Neevu,,https://waytochurch.com/lyrics/song/22285/దేవా-ఇలలోన-నీవు-మాకిచ్చిన-గృహము
22286,ఆలకించుమో దేవా మా ఆక్రందనను,in_library_exact,1212,Aalakinchumo Devaa,,https://waytochurch.com/lyrics/song/22286/ఆలకించుమో-దేవా-మా-ఆక్రందనను
22325,తార జూపిన మార్గమదే,in_library_contained,756,Aahaa Hallelujah,,https://waytochurch.com/lyrics/song/22325/తార-జూపిన-మార్గమదే
22337,ఒక్క క్షణమైన,missing,,,,https://waytochurch.com/lyrics/song/22337/ఒక్క-క్షణమైన
22339,ఈ ఉదయం శుభ ఉదయం,in_library_exact,1572,Ee Udayam Shubha Udayam,,https://waytochurch.com/lyrics/song/22339/ఈ-ఉదయం-శుభ-ఉదయం
22350,ఒంటరిని నేను ఒంటరిని,missing,,,,https://waytochurch.com/lyrics/song/22350/ఒంటరిని-నేను-ఒంటరిని
22352,స్వచ్చమైన తల్లి ప్రేమలా,missing,,,,https://waytochurch.com/lyrics/song/22352/స్వచ్చమైన-తల్లి-ప్రేమలా
22353,నాకున్నాడు ఒక స్నేహితుడు,missing,,,,https://waytochurch.com/lyrics/song/22353/నాకున్నాడు-ఒక-స్నేహితుడు
22358,బెన్ అండ్ హలీ ఇష్టమా,missing,,,,https://waytochurch.com/lyrics/song/22358/బెన్-అండ్-హలీ-ఇష్టమా
22359,నా చిన్ని తండ్రి పరలోక రాజా,missing,,,,https://waytochurch.com/lyrics/song/22359/నా-చిన్ని-తండ్రి-పరలోక-రాజా
22360,తల్లి మరియ వడిలోనా పవలించగా,missing,,,,https://waytochurch.com/lyrics/song/22360/తల్లి-మరియ-వడిలోనా-పవలించగా
22361,కలువరి నాధా కరుణను చూపి,missing,,,,https://waytochurch.com/lyrics/song/22361/కలువరి-నాధా-కరుణను-చూపి
22362,కోత విస్తారతను కనలేవా,missing,,,,https://waytochurch.com/lyrics/song/22362/కోత-విస్తారతను-కనలేవా
22367,ఇది కమనీయ కళ్యాణ రాగం,missing,,,,https://waytochurch.com/lyrics/song/22367/ఇది-కమనీయ-కళ్యాణ-రాగం
22374,నా యేసు రాజా స్తోత్రము,missing,,,,https://waytochurch.com/lyrics/song/22374/నా-యేసు-రాజా-స్తోత్రము
22380,తండ్రి నే విడచి ఇంటినే మరచి,missing,,,,https://waytochurch.com/lyrics/song/22380/తండ్రి-నే-విడచి-ఇంటినే-మరచి
22382,జన్మించె లోకరక్షకుడు,missing,,,,https://waytochurch.com/lyrics/song/22382/జన్మించె-లోకరక్షకుడు
22383,కృతజ్ఞతతో స్తుతి పాడెద,in_library_exact,732,Kruthagnathatho Sthuthi Paadeda,,https://waytochurch.com/lyrics/song/22383/కృతజ్ఞతతో-స్తుతి-పాడెద
22384,సంపూర్ణుడా నా యేసయ్యా,in_library_exact,1243,Sampoornudaa Naa Yesayyaa,,https://waytochurch.com/lyrics/song/22384/సంపూర్ణుడా-నా-యేసయ్యా
22385,రాజాధి రాజు ప్రభువులకు ప్రభువు,missing,,,,https://waytochurch.com/lyrics/song/22385/రాజాధి-రాజు-ప్రభువులకు-ప్రభువు
22386,బేత్లెహేము పురములో ఒక నాటి రాతిరి,in_library_exact,1273,Bethlehemu Puramulo,,https://waytochurch.com/lyrics/song/22386/బేత్లెహేము-పురములో-ఒక-నాటి-రాతిరి
22387,పల్లె పల్లెల్లో పట్టణాల వీధుల్లో,missing,,,,https://waytochurch.com/lyrics/song/22387/పల్లె-పల్లెల్లో-పట్టణాల-వీధుల్లో
22388,నక్షత్రమా వేకువ నక్షత్రమా,missing,,,,https://waytochurch.com/lyrics/song/22388/నక్షత్రమా-వేకువ-నక్షత్రమా
22389,క్రిస్మస్ నిజమైన క్రిస్మస్,missing,,,,https://waytochurch.com/lyrics/song/22389/క్రిస్మస్-నిజమైన-క్రిస్మస్
22396,రారాజు పుట్టాడోయ్ మా రాజు పుట్టాడోయ్,in_library_exact,666,Raaraaju Puttaadoi,,https://waytochurch.com/lyrics/song/22396/రారాజు-పుట్టాడోయ్-మా-రాజు-పుట్టాడోయ్
22397,మహిమాన్వితము మనోహరము,in_library_exact,1302,Mahimaanvithamu,,https://waytochurch.com/lyrics/song/22397/మహిమాన్వితము-మనోహరము
22399,నూతన సంవత్సరములో,in_library_exact,17,Noothana Samvathsaramulo,,https://waytochurch.com/lyrics/song/22399/నూతన-సంవత్సరములో
22401,ఎవరో నాన్నిలా మార్చినది,missing,,,,https://waytochurch.com/lyrics/song/22401/ఎవరో-నాన్నిలా-మార్చినది
22406,మహోన్నతుడా నీ చాటున నే నివసించెదను,in_library_exact,1582,Mahonnathuda Nee Chaatuna,,https://waytochurch.com/lyrics/song/22406/మహోన్నతుడా-నీ-చాటున-నే-నివసించెదను
22408,నా యెదుట నీవు తెరచిన తలుపులు,missing,,,,https://waytochurch.com/lyrics/song/22408/నా-యెదుట-నీవు-తెరచిన-తలుపులు
22410,యేసు పుట్టుకలోని పరమార్ధాన్ని గ్రహించి,in_library_exact,1299,Parama Daivame,,https://waytochurch.com/lyrics/song/22410/యేసు-పుట్టుకలోని-పరమార్ధాన్ని-గ్రహించి
22411,పువ్వు విరిసి రాలినా,in_library_exact,1125,Puvvu Virisi Raalinaa,,https://waytochurch.com/lyrics/song/22411/పువ్వు-విరిసి-రాలినా
22416,నీవే హృదయ సారధి ప్రగతికి వారధి,missing,,,,https://waytochurch.com/lyrics/song/22416/నీవే-హృదయ-సారధి-ప్రగతికి-వారధి
22417,అమరుడవు నీవు నా యేసయ్య ఆదియు అంతము నీవేనయ్యా,missing,,,,https://waytochurch.com/lyrics/song/22417/అమరుడవు-నీవు-నా-యేసయ్య-ఆదియు-అంతము-నీవేనయ్యా
22418,కొంత యెడము నీవైనా నే సాగలేను,in_library_exact,373,Kontha Yedamu Neevainaa,,https://waytochurch.com/lyrics/song/22418/కొంత-యెడము-నీవైనా-నే-సాగలేను
22419,ఓ ప్రేమమూర్తి ఓ త్యాగమూర్తి,missing,,,,https://waytochurch.com/lyrics/song/22419/ఓ-ప్రేమమూర్తి-ఓ-త్యాగమూర్తి
22426,తరములు మారుచున్నవి దినములు మారుచున్నవి,in_library_exact,528,Tharamulu Maaruchunnavi,,https://waytochurch.com/lyrics/song/22426/తరములు-మారుచున్నవి-దినములు-మారుచున్నవి
22427,క్రీస్తేసు పుట్టెను లోక రక్షకునిగా,in_library_exact,628,Kreesthesu Puttenu,,https://waytochurch.com/lyrics/song/22427/క్రీస్తేసు-పుట్టెను-లోక-రక్షకునిగా
22439,మరణపు ముల్లును విరచి జయించిన,missing,,,,https://waytochurch.com/lyrics/song/22439/మరణపు-ముల్లును-విరచి-జయించిన
22440,నే బ్రతికి ఉన్నానంటే అది కేవలం నీ కృప,in_library_exact,461,Ne Brathiki Unnaanante,,https://waytochurch.com/lyrics/song/22440/నే-బ్రతికి-ఉన్నానంటే-అది-కేవలం-నీ-కృప
22441,పశువుల పాకలో దేవ కుమారుడు,missing,,,,https://waytochurch.com/lyrics/song/22441/పశువుల-పాకలో-దేవ-కుమారుడు
22442,తార చూపిన మార్గమదే,missing,,,,https://waytochurch.com/lyrics/song/22442/తార-చూపిన-మార్గమదే
22443,ఉల్లాసమే ఉత్సాహమే,in_library_contained,1513,Kreesthu Puttenu Hallelooyaa,,https://waytochurch.com/lyrics/song/22443/ఉల్లాసమే-ఉత్సాహమే
22444,స్తోత్రార్హుడవూ మా ప్రభువా దేవా,missing,,,,https://waytochurch.com/lyrics/song/22444/స్తోత్రార్హుడవూ-మా-ప్రభువా-దేవా
22445,నా హృదయాన కొలువైన యేసయ్యా,in_library_exact,475,Naa Hrudayaana Koluvaina,,https://waytochurch.com/lyrics/song/22445/నా-హృదయాన-కొలువైన--యేసయ్యా
22449,ఊహకందని ఉపకారములు కృప వెంబడి కృపలు,missing,,,,https://waytochurch.com/lyrics/song/22449/ఊహకందని-ఉపకారములు-కృప-వెంబడి-కృపలు
22457,క్రిస్మస్ ఆనందం వచ్చెను మన ఇంటికి,in_library_exact,433,Christmas Aanandam Vachchenu,,https://waytochurch.com/lyrics/song/22457/క్రిస్మస్-ఆనందం-వచ్చెను-మన-ఇంటికి
22458,జయం జయం మన యేసుకే,in_library_exact,592,Jayam Jayam Mana Yesuke,,https://waytochurch.com/lyrics/song/22458/జయం-జయం-మన-యేసుకే
22459,ధ్యానించుచుంటిమి సిలువపై పలికిన విలువైన నీ మాటలు,in_library_exact,139,Dhyaaninchuchuntimi,,https://waytochurch.com/lyrics/song/22459/ధ్యానించుచుంటిమి-సిలువపై-పలికిన-విలువైన-నీ-మాటలు
22460,స్నేహమై ప్రాణమై వరించే దైవమై,missing,,,,https://waytochurch.com/lyrics/song/22460/స్నేహమై-ప్రాణమై-వరించే-దైవమై
22464,కనలేను ప్రభుకేల శ్రమ సిల్వపై,in_library_exact,92,Kanalenu Prabhukela,,https://waytochurch.com/lyrics/song/22464/కనలేను-ప్రభుకేల-శ్రమ-సిల్వపై
22465,నీ వాక్యమే శ్రమ కొలిమిలో,in_library_exact,1535,Nee Vaakyame Shrama Kolimilo,,https://waytochurch.com/lyrics/song/22465/నీ-వాక్యమే-శ్రమ-కొలిమిలో
22466,ఒకపరి తలచిన యేసుని ప్రేమ అమృతం కదా,missing,,,,https://waytochurch.com/lyrics/song/22466/ఒకపరి-తలచిన-యేసుని-ప్రేమ-అమృతం-కదా
22469,ప్రభువా హితవత్సరం మాకు ఇచ్చావయ్యా,missing,,,,https://waytochurch.com/lyrics/song/22469/ప్రభువా-హితవత్సరం-మాకు-ఇచ్చావయ్యా
22472,నా జీవం నా సర్వం నీవే దేవా,in_library_exact,1084,Naa Jeevam Naa Sarvam,,https://waytochurch.com/lyrics/song/22472/నా-జీవం-నా-సర్వం-నీవే-దేవా
22473,ఏ చెట్టు గుట్ట పుట్ట మట్టి మోక్ష్యమునీయదయ్యా,in_library_exact,349,Halellooyaa Aanandame,,https://waytochurch.com/lyrics/song/22473/ఏ-చెట్టు-గుట్ట-పుట్ట-మట్టి-మోక్ష్యమునీయదయ్యా
22474,ఈ జాతిలో మేము ఒకరిమే,missing,,,,https://waytochurch.com/lyrics/song/22474/ఈ-జాతిలో-మేము-ఒకరిమే
22477,మహోన్నతమైన సీయోనులోన సదా కాలము,in_library_exact,788,Mahonnathamaina Seeyonulona,,https://waytochurch.com/lyrics/song/22477/మహోన్నతమైన-సీయోనులోన-సదా-కాలము
22478,తండ్రి దేవా తండ్రి దేవా,in_library_exact,1012,Thandri Devaa,,https://waytochurch.com/lyrics/song/22478/తండ్రి-దేవా-తండ్రి-దేవా
22481,నూతనమైనది నీ వాత్సల్యము ప్రతి దినము నన్ను దర్శించెను,in_library_exact,1545,Noothanamainadi,,https://waytochurch.com/lyrics/song/22481/నూతనమైనది-నీ-వాత్సల్యము-ప్రతి-దినము-నన్ను-దర్శించెను
22482,నీ రూపం నాలోన ప్రతిబింబమై వెలుగనీ,in_library_exact,258,Nee Roopam Naalona,,https://waytochurch.com/lyrics/song/22482/నీ-రూపం-నాలోన-ప్రతిబింబమై-వెలుగనీ
22483,నీ కృపయి కనికరము,missing,,,,https://waytochurch.com/lyrics/song/22483/నీ-కృపయి-కనికరము
22486,జ్ఞానులు ఆరాధించిరయ్యా నిను కరుణగల యేసువా,missing,,,,https://waytochurch.com/lyrics/song/22486/జ్ఞానులు-ఆరాధించిరయ్యా-నిను--కరుణగల-యేసువా
22487,ఆలనవై పాలనవై,missing,,,,https://waytochurch.com/lyrics/song/22487/ఆలనవై-పాలనవై
22492,రండో రారండో యేసుని చూడగను,missing,,,,https://waytochurch.com/lyrics/song/22492/రండో-రారండో-యేసుని-చూడగను
22493,క్రీస్తు నేడు పుట్టెనె రక్షణ దొరికెనే,missing,,,,https://waytochurch.com/lyrics/song/22493/క్రీస్తు-నేడు-పుట్టెనె-రక్షణ-దొరికెనే
22495,నీతోనే నడిచెదనయ్యా,missing,,,,https://waytochurch.com/lyrics/song/22495/నీతోనే-నడిచెదనయ్యా
22496,నీవే నాకు చాలును యేసు,missing,,,,https://waytochurch.com/lyrics/song/22496/నీవే-నాకు-చాలును-యేసు
22498,దినములు జరుగుచుండగా,missing,,,,https://waytochurch.com/lyrics/song/22498/దినములు-జరుగుచుండగా
22499,చూచితి నీ మోముపై చిందిన రక్తము,in_library_exact,682,Choochithi Nee Momupai,,https://waytochurch.com/lyrics/song/22499/చూచితి-నీ-మోముపై--చిందిన-రక్తము
22500,కృప వెంబడి కృప నిచ్చిన దేవా,missing,,,,https://waytochurch.com/lyrics/song/22500/కృప-వెంబడి-కృప-నిచ్చిన-దేవా
22501,నడువలేని వేళలో ఎండినా ఎడారిలో,missing,,,,https://waytochurch.com/lyrics/song/22501/నడువలేని-వేళలో-ఎండినా-ఎడారిలో
22502,నా బలమంతా నీవేనయ్యా,in_library_exact,237,Naa Balamanthaa Neevenayyaa,,https://waytochurch.com/lyrics/song/22502/నా-బలమంతా-నీవేనయ్యా
22505,వందేమాతరం వందేమాతరం వందేమాతరం,missing,,,,https://waytochurch.com/lyrics/song/22505/వందేమాతరం-వందేమాతరం-వందేమాతరం
22506,పొర్లి పొర్లి పారుతుంది కరుణానది,in_library_exact,637,Porli Porli Paaruthundi,,https://waytochurch.com/lyrics/song/22506/పొర్లి-పొర్లి-పారుతుంది-కరుణానది
22507,నా దేహమును నీ ఆలయముగా నిర్మించి నివసించుము,in_library_exact,817,Naa Dehamunu,,https://waytochurch.com/lyrics/song/22507/నా-దేహమును-నీ-ఆలయముగా-నిర్మించి-నివసించుము
22508,ఆగని పరుగులో ఎండిన ఎడారులు,in_library_exact,1405,Aagani Parugulo,,https://waytochurch.com/lyrics/song/22508/ఆగని-పరుగులో-ఎండిన-ఎడారులు
22512,నమ్ముతా యేసును నమ్ముతాను యేసును,missing,,,,https://waytochurch.com/lyrics/song/22512/నమ్ముతా-యేసును--నమ్ముతాను-యేసును
22514,కృపగల దేవా దయగల రాజా,in_library_exact,1289,Krupagala Devaa,,https://waytochurch.com/lyrics/song/22514/కృపగల-దేవా-దయగల-రాజా
22515,నన్ను పిలిచిన దేవా,missing,,,,https://waytochurch.com/lyrics/song/22515/నన్ను-పిలిచిన-దేవా
22516,నా ప్రియునికి ఒక తోట వున్నది,missing,,,,https://waytochurch.com/lyrics/song/22516/నా-ప్రియునికి-ఒక-తోట-వున్నది
22525,నాదు రక్షకా విమోచకా ప్రభువా,missing,,,,https://waytochurch.com/lyrics/song/22525/నాదు-రక్షకా-విమోచకా-ప్రభువా
22526,తల్లి తండ్రులకన్నా మిన్న అయిన ప్రేమ నా యేసుని ప్రేమ,missing,,,,https://waytochurch.com/lyrics/song/22526/తల్లి-తండ్రులకన్నా-మిన్న-అయిన-ప్రేమ-నా-యేసుని-ప్రేమ
22527,వివాహం ఘనమైనది,missing,,,,https://waytochurch.com/lyrics/song/22527/వివాహం-ఘనమైనది
22529,పాపమే ఆహారముగా,missing,,,,https://waytochurch.com/lyrics/song/22529/పాపమే-ఆహారముగా
22530,ఏ సమయమైన ఏ స్థలమందైన,in_library_fuzzy,1511,Ae Samayamandainaa,0.880,https://waytochurch.com/lyrics/song/22530/ఏ-సమయమైన-ఏ-స్థలమందైన
22537,నా ప్రాణ ప్రియుడా నా యేసయ్యా,in_library_exact,1408,Naa Praanapriyudaa Naa Yesayyaa,,https://waytochurch.com/lyrics/song/22537/నా-ప్రాణ-ప్రియుడా-నా-యేసయ్యా
22538,నా సర్వం నా కోట,in_library_exact,877,Naa Sarvam Naa Kota,,https://waytochurch.com/lyrics/song/22538/నా-సర్వం-నా-కోట
22539,వేటగాని ఉరిలో నుండి,in_library_exact,150,Vetagaani Urilo Nundi,,https://waytochurch.com/lyrics/song/22539/వేటగాని-ఉరిలో-నుండి
22540,ప్రియ యేసు దేహములో ఉబికే రక్తపు ఊట,in_library_exact,901,Priya Yesu Dehamulo,,https://waytochurch.com/lyrics/song/22540/ప్రియ-యేసు-దేహములో-ఉబికే-రక్తపు-ఊట
22541,యెహోవా నను కరుణించుమా,in_library_exact,1203,Yehovaa Nanu Karuninchumaa,,https://waytochurch.com/lyrics/song/22541/యెహోవా-నను-కరుణించుమా
22542,ఓ దేవా దయ చూపుమయ్యా,in_library_exact,165,O Devaa Daya Choopumayyaa,,https://waytochurch.com/lyrics/song/22542/ఓ-దేవా-దయ-చూపుమయ్యా
22547,నాతో ఉన్నాడు నన్ను విడువడు,missing,,,,https://waytochurch.com/lyrics/song/22547/నాతో-ఉన్నాడు-నన్ను-విడువడు
22557,పదే పాడనా నిన్నే కోరనా ఇదే రీతిగా నిన్నే చేరనా,in_library_exact,719,Padhe Paadanaa,,https://waytochurch.com/lyrics/song/22557/పదే-పాడనా-నిన్నే-కోరనా-ఇదే-రీతిగా-నిన్నే-చేరనా
22558,నన్ను పిలచిన దేవా నన్ను ముట్టిన ప్రభువా,in_library_exact,484,Nannu Pilachina Devaa,,https://waytochurch.com/lyrics/song/22558/నన్ను-పిలచిన-దేవా-నన్ను-ముట్టిన-ప్రభువా
22559,నిన్నే నే నమ్మితీ,missing,,,,https://waytochurch.com/lyrics/song/22559/నిన్నే-నే-నమ్మితీ
22564,నీ చిత్తమునే నెరవేర్చుటకై నను ఎన్నుకొని,in_library_exact,1370,Nee Chitthamune,,https://waytochurch.com/lyrics/song/22564/నీ-చిత్తమునే-నెరవేర్చుటకై-నను-ఎన్నుకొని
22565,కోటీశ్వరులైనా కడుపేదలైనా,missing,,,,https://waytochurch.com/lyrics/song/22565/కోటీశ్వరులైనా-కడుపేదలైనా
22566,ఈ మరణము కాదు శాశ్వతము,in_library_exact,912,Ee Maranamu Kaadu,,https://waytochurch.com/lyrics/song/22566/ఈ-మరణము-కాదు-శాశ్వతము
22567,నాకున్నది నీవేనని,in_library_exact,1465,Naakunnadi Neevenani,,https://waytochurch.com/lyrics/song/22567/నాకున్నది-నీవేనని
22570,వధింపబడిన దేవుని గొఱ్ఱెపిల్ల,missing,,,,https://waytochurch.com/lyrics/song/22570/వధింపబడిన-దేవుని-గొఱ్ఱెపిల్ల
22571,వింతైన ప్రేమ ఇదేగా యేసయ్య ప్రేమ నిజంగా,missing,,,,https://waytochurch.com/lyrics/song/22571/వింతైన-ప్రేమ-ఇదేగా--యేసయ్య-ప్రేమ-నిజంగా
22572,మంచి హృదయం నాకు దయచేయి,missing,,,,https://waytochurch.com/lyrics/song/22572/మంచి-హృదయం-నాకు-దయచేయి
22573,దేవా నా మొరాలకించితివి,in_library_exact,965,Devaa Naa Moraalakinchithivi,,https://waytochurch.com/lyrics/song/22573/దేవా-నా-మొరాలకించితివి
22574,ఉదయకాలము మధ్యాహ్నము,in_library_exact,1127,Udayakaalamu Madhyahaanamu,,https://waytochurch.com/lyrics/song/22574/ఉదయకాలము-మధ్యాహ్నము
22581,యేసు యేసూ యేసూ యేసు,in_library_exact,356,Prathigaa (Yesu Yesu),,https://waytochurch.com/lyrics/song/22581/యేసు-యేసూ-యేసూ-యేసు
22582,కంచే వేశావు మా ఇంటికి,missing,,,,https://waytochurch.com/lyrics/song/22582/కంచే-వేశావు-మా-ఇంటికి
22583,ఆడజన్మను దేవుడు ఎందుకు చేశాడు,missing,,,,https://waytochurch.com/lyrics/song/22583/ఆడజన్మను-దేవుడు-ఎందుకు-చేశాడు
22584,ఆకాశమందు నీవుండగా,in_library_exact,31,Aakaashamandu Neevundagaa,,https://waytochurch.com/lyrics/song/22584/ఆకాశమందు-నీవుండగా
22589,పిలిచెను ప్రభు యేసు నాథుడు,missing,,,,https://waytochurch.com/lyrics/song/22589/పిలిచెను-ప్రభు-యేసు-నాథుడు
22590,నే పడిపోతిని నీ ప్రేమకు ఇలలో,missing,,,,https://waytochurch.com/lyrics/song/22590/నే-పడిపోతిని-నీ-ప్రేమకు-ఇలలో
22592,గాయపడిన నీ చేయి చాపుము దేవా,in_library_exact,458,Gaayapadina Nee Cheyi,,https://waytochurch.com/lyrics/song/22592/గాయపడిన-నీ-చేయి-చాపుము-దేవా
22597,నా తోడు నీవే దేవా,missing,,,,https://waytochurch.com/lyrics/song/22597/నా-తోడు-నీవే-దేవా
22598,కొండలవైపు కన్నులెత్తినా,missing,,,,https://waytochurch.com/lyrics/song/22598/కొండలవైపు-కన్నులెత్తినా
22600,న్యాయాధిపతి అయిన దేవుడు,in_library_exact,460,Nyaayaadhipathi Aina Devudu,,https://waytochurch.com/lyrics/song/22600/న్యాయాధిపతి-అయిన-దేవుడు
22605,పరుగెత్తి నిను చేరి,missing,,,,https://waytochurch.com/lyrics/song/22605/పరుగెత్తి-నిను-చేరి
22606,ప్రభువా మా దేవా కృప చూపుమయ్యా,missing,,,,https://waytochurch.com/lyrics/song/22606/ప్రభువా-మా-దేవా-కృప-చూపుమయ్యా
22607,కల్ల ఎరుగని తెల్ల పావురమా పైపైకెగిరావా,missing,,,,https://waytochurch.com/lyrics/song/22607/కల్ల-ఎరుగని-తెల్ల-పావురమా-పైపైకెగిరావా
22626,సర్వ శరీరుల దేవుడా,in_library_exact,1390,Sarva Shareerula Devudaa,,https://waytochurch.com/lyrics/song/22626/సర్వ-శరీరుల-దేవుడా
22627,శ్రమయైనా బాధైనా హింసలెన్ని ఎదురైనా,in_library_exact,432,Shramayainaa Baadhainaa,,https://waytochurch.com/lyrics/song/22627/శ్రమయైనా-బాధైనా-హింసలెన్ని-ఎదురైనా
22628,శక్తి చేత కాదు,in_library_exact,633,Shakthi Chetha Kaadu,,https://waytochurch.com/lyrics/song/22628/శక్తి-చేత-కాదు
22629,శక్తి చేత కాదనెను,in_library_exact,1108,Shakthi Chetha Kaadanenu,,https://waytochurch.com/lyrics/song/22629/శక్తి-చేత-కాదనెను
22630,నిన్ను వెంబడించెద,in_library_exact,970,Ninnu Vembadincheda,,https://waytochurch.com/lyrics/song/22630/నిన్ను-వెంబడించెద
22631,నా జీవిత భాగస్వామివి నీవు,in_library_exact,1259,Naa Jeevitha Bhaagaswaamivi,,https://waytochurch.com/lyrics/song/22631/నా-జీవిత-భాగస్వామివి-నీవు
22632,దేవా పరలోక దుతాలి నిను పాడి కీర్తింప,in_library_exact,635,Devaa Paraloka Doothaali,,https://waytochurch.com/lyrics/song/22632/దేవా-పరలోక-దుతాలి-నిను-పాడి-కీర్తింప
22633,యూదా సాక్ష్యము గల వారెందరో,missing,,,,https://waytochurch.com/lyrics/song/22633/యూదా-సాక్ష్యము-గల-వారెందరో
22634,యేసువలె నన్ను మార్చునట్టి ప్రతి అనుభవముకై స్తోత్రం,in_library_exact,241,Yesu Vale,,https://waytochurch.com/lyrics/song/22634/యేసువలె-నన్ను-మార్చునట్టి-ప్రతి-అనుభవముకై-స్తోత్రం
22635,చేజారితే తిరిగి రాదు ఈ సమయం,missing,,,,https://waytochurch.com/lyrics/song/22635/చేజారితే-తిరిగి-రాదు-ఈ-సమయం
22636,నీ ప్రేమకు సాటి లేదయా,in_library_exact,440,Nee Premaku Saati Ledayaa,,https://waytochurch.com/lyrics/song/22636/నీ-ప్రేమకు-సాటి-లేదయా
22638,నా ఆశ్రయం నా ఆధారం నా ఆనందం నీవేనయా,missing,,,,https://waytochurch.com/lyrics/song/22638/నా-ఆశ్రయం-నా-ఆధారం-నా-ఆనందం-నీవేనయా
22639,ఏ నామములో సృష్టి అంత సృజింపబడెనో,in_library_exact,888,Ae Naamamulo,,https://waytochurch.com/lyrics/song/22639/ఏ-నామములో-సృష్టి-అంత-సృజింపబడెనో
22643,నాలో నాలో ఉన్నాడు లోకాన్నేలే రక్షకుడు,missing,,,,https://waytochurch.com/lyrics/song/22643/నాలో-నాలో-ఉన్నాడు-లోకాన్నేలే-రక్షకుడు
22644,నేను ఓడిపోయినా నిన్నే స్తుతించెదన్,missing,,,,https://waytochurch.com/lyrics/song/22644/నేను-ఓడిపోయినా-నిన్నే-స్తుతించెదన్
22648,విరబూసిన పుష్పమా జతకలిసే బంధమా నేడు సంతసించుమా,missing,,,,https://waytochurch.com/lyrics/song/22648/విరబూసిన-పుష్పమా--జతకలిసే-బంధమా--నేడు-సంతసించుమా
22651,ఆరాదించెదం ఆర్భాటించెదం,in_library_contained,523,Aaraadhinchedam,,https://waytochurch.com/lyrics/song/22651/ఆరాదించెదం-ఆర్భాటించెదం
22654,యేసయ్య నీ ప్రేమ నా సొంతము నాలోన పలికిన స్తుతిగీతము,in_library_exact,473,Yesayya Nee Prema,,https://waytochurch.com/lyrics/song/22654/యేసయ్య-నీ-ప్రేమ-నా-సొంతము-నాలోన-పలికిన-స్తుతిగీతము
22655,మనసెరిగిన యేసయ్యా,in_library_exact,533,Manaserigina Yesayyaa,,https://waytochurch.com/lyrics/song/22655/మనసెరిగిన-యేసయ్యా
22656,మైటీ జీసస్ తోడుంటే భయమే లేదు,in_library_exact,1261,Mighty Jesus Thodunte,,https://waytochurch.com/lyrics/song/22656/మైటీ-జీసస్-తోడుంటే-భయమే-లేదు
22657,నా ప్రేమికుడా నా ప్రాణ నాధుడా,missing,,,,https://waytochurch.com/lyrics/song/22657/నా-ప్రేమికుడా-నా-ప్రాణ-నాధుడా
22658,దేవుని సేవకులరా ప్రభుయేసుని యాజకులరా,missing,,,,https://waytochurch.com/lyrics/song/22658/దేవుని-సేవకులరా-ప్రభుయేసుని-యాజకులరా
22659,ఎవరు చూపించలేని ఇలలో నను వీడిపోని,in_library_exact,466,Evaru Choopinchaleni,,https://waytochurch.com/lyrics/song/22659/ఎవరు-చూపించలేని-ఇలలో-నను-వీడిపోని
22670,సమస్త దేశములారా యెహోవాకు ఉత్సాహధ్వని చేయుడి,missing,,,,https://waytochurch.com/lyrics/song/22670/సమస్త-దేశములారా-యెహోవాకు-ఉత్సాహధ్వని-చేయుడి
22671,భూమ్యాకాశములను సృజియించిన దేవా,in_library_exact,77,Yesayyaa Neeke Vandanam,,https://waytochurch.com/lyrics/song/22671/భూమ్యాకాశములను-సృజియించిన-దేవా
22672,నా ప్రాణమా దిగులెందుకు నీ రక్షకుని స్మరియించుకో,in_library_exact,264,Naa Praanamaa Digulenduku,,https://waytochurch.com/lyrics/song/22672/నా-ప్రాణమా-దిగులెందుకు--నీ-రక్షకుని-స్మరియించుకో
22676,యెహోవా యీరే సమస్తము నీవే,missing,,,,https://waytochurch.com/lyrics/song/22676/యెహోవా-యీరే-సమస్తము-నీవే
22679,జుంటెతేనెల కంటే,missing,,,,https://waytochurch.com/lyrics/song/22679/జుంటెతేనెల-కంటే
22680,గాఢాంధ కారములో నీవే నా గుడారము నీవే ఆశ్రయము,missing,,,,https://waytochurch.com/lyrics/song/22680/గాఢాంధ-కారములో-నీవే-నా-గుడారము-నీవే-ఆశ్రయము
22682,నీ చల్లని చూపుతో కరుణించినందున,missing,,,,https://waytochurch.com/lyrics/song/22682/నీ-చల్లని-చూపుతో-కరుణించినందున
22683,కానరావే అలనాటి కన్నీటి ప్రార్ధనలు,in_library_exact,1296,Kaanaraave Alanaati Kanneeti,,https://waytochurch.com/lyrics/song/22683/కానరావే-అలనాటి-కన్నీటి-ప్రార్ధనలు
22684,కొండల తట్టు నా కన్నులు ఎత్తుచున్నాను,in_library_exact,1059,Kondala Thattu Naa Kannulu,,https://waytochurch.com/lyrics/song/22684/కొండల-తట్టు-నా-కన్నులు-ఎత్తుచున్నాను
22685,ఎత్తుకే ఎదిగినా నామమే పొందినా,in_library_exact,176,Naa Priya Yesu Raa,,https://waytochurch.com/lyrics/song/22685/ఎత్తుకే-ఎదిగినా-నామమే-పొందినా
22686,అందాల బాలుడు ఉదయించినాడు,in_library_exact,785,Andaala Baaludu,,https://waytochurch.com/lyrics/song/22686/అందాల-బాలుడు-ఉదయించినాడు
22708,స్తుతియు మహిమయు నీకే క్షితికిన్‌ దివికిన్‌,missing,,,,https://waytochurch.com/lyrics/song/22708/స్తుతియు-మహిమయు-నీకే--క్షితికిన్‌-దివికిన్‌
22709,ప్రార్ధన కలిగిన జీవితం,in_library_exact,1174,Praardhana Kaligina Jeevitham,,https://waytochurch.com/lyrics/song/22709/ప్రార్ధన-కలిగిన-జీవితం
22710,నిన్నారాధించెదను నా పూర్ణ హృదయముతో,missing,,,,https://waytochurch.com/lyrics/song/22710/నిన్నారాధించెదను--నా-పూర్ణ-హృదయముతో
22711,కన్నుల నిండుగ క్రిస్మస్ పండుగ,in_library_exact,1443,Kannula Ninduga,,https://waytochurch.com/lyrics/song/22711/కన్నుల-నిండుగ-క్రిస్మస్-పండుగ
22712,అవనిలో ఉద్భవించే ఆదిసంభూతునిచూడరే,in_library_exact,959,Aakashame Pattanodu,,https://waytochurch.com/lyrics/song/22712/అవనిలో-ఉద్భవించే-ఆదిసంభూతునిచూడరే
22713,పసి బాలుడై ప్రేమా రూపుడై ఇమ్మానుయేలు దైవమై,in_library_exact,62,Pasi Baaludai,,https://waytochurch.com/lyrics/song/22713/పసి-బాలుడై-ప్రేమా-రూపుడై-ఇమ్మానుయేలు-దైవమై
22721,ఏమి లేని నన్ను కోరుకున్నా,missing,,,,https://waytochurch.com/lyrics/song/22721/ఏమి-లేని-నన్ను-కోరుకున్నా
22723,ధివినే విడచి భువికే వచ్చిన నా యేసయ్య,missing,,,,https://waytochurch.com/lyrics/song/22723/ధివినే-విడచి-భువికే-వచ్చిన-నా-యేసయ్య
22724,దావీదు వంశంలో బెత్లేము గ్రామములో,in_library_contained,1491,Daaveedu Vamshamlo,,https://waytochurch.com/lyrics/song/22724/దావీదు-వంశంలో--బెత్లేము-గ్రామములో
22726,మృత్యుంజయుడా నా విమోచకా,missing,,,,https://waytochurch.com/lyrics/song/22726/మృత్యుంజయుడా-నా-విమోచకా
22727,పసిబాలుడే రాజుగా జన్మించెను,missing,,,,https://waytochurch.com/lyrics/song/22727/పసిబాలుడే-రాజుగా-జన్మించెను
22728,నిశీధి రేయిలో,missing,,,,https://waytochurch.com/lyrics/song/22728/నిశీధి-రేయిలో
22729,నాలో ఉన్నవాడు నాకై నిలచువాడు,missing,,,,https://waytochurch.com/lyrics/song/22729/నాలో-ఉన్నవాడు-నాకై-నిలచువాడు
22730,ని౦గి నేల మురిసిపోయే,missing,,,,https://waytochurch.com/lyrics/song/22730/ని౦గి-నేల-మురిసిపోయే
22735,నజరేతు పట్నాన నగుమల్లె దరని లొ,in_library_exact,987,Christmas Medley 1,,https://waytochurch.com/lyrics/song/22735/నజరేతు-పట్నాన-నగుమల్లె-దరని-లొ
22740,అందమైన క్షణము ఆనందమయము,in_library_exact,409,Andamaina Kshanamu,,https://waytochurch.com/lyrics/song/22740/అందమైన-క్షణము-ఆనందమయము
22741,విలువేలేని నా జీవితం నీ చేతిలో పడగానే,in_library_exact,81,Viluve Leni Naa Jeevitham,,https://waytochurch.com/lyrics/song/22741/విలువేలేని-నా-జీవితం-నీ-చేతిలో-పడగానే
22742,వచ్చింది వచ్చింది వచ్చింది క్రిస్మస్ పండుగా,in_library_exact,376,Vachchindi Vachchindi Vachchindi,,https://waytochurch.com/lyrics/song/22742/వచ్చింది-వచ్చింది-వచ్చింది-క్రిస్మస్-పండుగా
22743,మట్టిలోన ముత్యమల్లే పుట్టాడురో,missing,,,,https://waytochurch.com/lyrics/song/22743/మట్టిలోన-ముత్యమల్లే-పుట్టాడురో
22744,హృదయం లోనికి తొంగి చూసి,missing,,,,https://waytochurch.com/lyrics/song/22744/హృదయం-లోనికి-తొంగి-చూసి
22745,దావీదు వంశంలో బెత్లేము గ్రామములో యేసయ్యా జన్మించెను,in_library_exact,1491,Daaveedu Vamshamlo,,https://waytochurch.com/lyrics/song/22745/దావీదు-వంశంలో-బెత్లేము-గ్రామములో-యేసయ్యా-జన్మించెను
22746,దివి నుండి భువికి రారాజుగా,in_library_exact,73,Divi Nundi Bhuviki,,https://waytochurch.com/lyrics/song/22746/దివి-నుండి-భువికి-రారాజుగా
22747,అవనిలో ఉద్భవించె ఆది సంభూతిని చూడరే,in_library_exact,959,Aakashame Pattanodu,,https://waytochurch.com/lyrics/song/22747/అవనిలో-ఉద్భవించె-ఆది-సంభూతిని-చూడరే
22748,సుడిగాలైననూ నిశ్చలముగ చేసెదవు,in_library_exact,1525,Sudigaalainanu,,https://waytochurch.com/lyrics/song/22748/సుడిగాలైననూ-నిశ్చలముగ-చేసెదవు
22749,స్తుతి పాడుటకే బ్రతికించిన,in_library_contained,919,Sthuthi Paadutake,,https://waytochurch.com/lyrics/song/22749/స్తుతి-పాడుటకే-బ్రతికించిన
22750,వాగ్దానములనన్ని నెరవేర్చుచున్నాడు,in_library_fuzzy,1208,Vaagdhaanamulanni Neraverchuchunnaadu,0.966,https://waytochurch.com/lyrics/song/22750/వాగ్దానములనన్ని-నెరవేర్చుచున్నాడు
22751,యేసుకు యేసే ఇల సాటి,in_library_exact,801,Yesuku Yese Ila Saati,,https://waytochurch.com/lyrics/song/22751/యేసుకు-యేసే-ఇల-సాటి
22752,మాయాలోక ఛాయల్లోన మోసం నాశనం ఉన్నాది,in_library_exact,381,Maayaa Loka Chaayallona,,https://waytochurch.com/lyrics/song/22752/మాయాలోక-ఛాయల్లోన-మోసం-నాశనం-ఉన్నాది
22753,ఎన్ని తరములు స్తుతియించినా,in_library_exact,3,Enni Tharamulu Sthuthiyinchinaa,,https://waytochurch.com/lyrics/song/22753/ఎన్ని-తరములు-స్తుతియించినా
22754,ఆదియంతము లేనివాడా సంపూర్ణుడగు మా దేవా,in_library_exact,300,Aadiyanthamu Leni Vaadaa,,https://waytochurch.com/lyrics/song/22754/ఆదియంతము-లేనివాడా-సంపూర్ణుడగు-మా-దేవా
22756,సుదూరము ఈ పయనము ముందు ఇరుకు మార్గము,in_library_exact,1271,Sudhooramu Ee Payanamu,,https://waytochurch.com/lyrics/song/22756/సుదూరము-ఈ-పయనము-ముందు-ఇరుకు-మార్గము
22761,వాగ్ధానములన్ని నెరవేర్చుచున్నాడు,in_library_exact,1208,Vaagdhaanamulanni Neraverchuchunnaadu,,https://waytochurch.com/lyrics/song/22761/వాగ్ధానములన్ని-నెరవేర్చుచున్నాడు
22762,గురినే నిలుపు గమ్యం కొరకు,missing,,,,https://waytochurch.com/lyrics/song/22762/గురినే-నిలుపు--గమ్యం-కొరకు
22763,ఎవరూ లేరు ఇలలో ప్రభువా,missing,,,,https://waytochurch.com/lyrics/song/22763/ఎవరూ-లేరు-ఇలలో-ప్రభువా
24823,నే నిలచు భూమి కంపించి కూలి పోయినా నమ్మెదను,missing,,,,https://waytochurch.com/lyrics/song/24823/నే-నిలచు-భూమి-కంపించి-కూలి-పోయినా-నమ్మెదను
24824,ఊహించలేదయ్య దీవిస్తావని,missing,,,,https://waytochurch.com/lyrics/song/24824/ఊహించలేదయ్య-దీవిస్తావని
24826,కరుణా సంపన్నుడా ధీరుడా సుకుమారుడా,missing,,,,https://waytochurch.com/lyrics/song/24826/కరుణా-సంపన్నుడా-ధీరుడా-సుకుమారుడా
24827,యెహోవా నా కాపరి యేసయ్య నా ఊపిరి,in_library_exact,391,Yehovaa Naa Kaapari (Loyalalo),,https://waytochurch.com/lyrics/song/24827/యెహోవా-నా-కాపరి-యేసయ్య-నా-ఊపిరి
24828,మోకాళ్ళ అనుభవము నీకు ఉన్నదా,in_library_exact,144,Mokaalla Anubhavamu,,https://waytochurch.com/lyrics/song/24828/మోకాళ్ళ-అనుభవము-నీకు-ఉన్నదా
24829,ప్రభు మొర వినవా,in_library_exact,1202,Prabhu Mora Vinavaa,,https://waytochurch.com/lyrics/song/24829/ప్రభు-మొర-వినవా
24830,నమ్మదగిన దేవుడవు యేసయ్యా,in_library_exact,4,Nammadagina Devudavu,,https://waytochurch.com/lyrics/song/24830/నమ్మదగిన-దేవుడవు-యేసయ్యా
24831,మహదానందమైన నీదు సన్నిధి,missing,,,,https://waytochurch.com/lyrics/song/24831/మహదానందమైన-నీదు-సన్నిధి
24832,ప్రేమే శాశ్వతమైన పరిశుద్ధమైన పొదరిల్లు,missing,,,,https://waytochurch.com/lyrics/song/24832/ప్రేమే-శాశ్వతమైన-పరిశుద్ధమైన-పొదరిల్లు
24833,పాడెద స్తుతిగానము కొనియాడెద నీ నామము,missing,,,,https://waytochurch.com/lyrics/song/24833/పాడెద-స్తుతిగానము--కొనియాడెద-నీ-నామము
24834,కృపా కృపా సజీవులతో,missing,,,,https://waytochurch.com/lyrics/song/24834/కృపా-కృపా-సజీవులతో
24835,అతి సుందరుడవు యేసయ్యా మనోహరుడవు నీవయ్యా,missing,,,,https://waytochurch.com/lyrics/song/24835/అతి-సుందరుడవు-యేసయ్యా-మనోహరుడవు-నీవయ్యా
24837,నే పాడెద హల్లెలూయా నా శత్రువుల ఎదుట,missing,,,,https://waytochurch.com/lyrics/song/24837/నే-పాడెద-హల్లెలూయా-నా-శత్రువుల-ఎదుట
24843,ప్రార్ధనలు ఆలకించు దేవా,missing,,,,https://waytochurch.com/lyrics/song/24843/ప్రార్ధనలు-ఆలకించు-దేవా
24849,నిను చేరే ప్రతీ క్షణం ప్రభాతమే నాలో,missing,,,,https://waytochurch.com/lyrics/song/24849/నిను-చేరే-ప్రతీ-క్షణం-ప్రభాతమే-నాలో
24851,సృష్టికర్తవు రక్షణకర్తవు,missing,,,,https://waytochurch.com/lyrics/song/24851/సృష్టికర్తవు-రక్షణకర్తవు
24853,భయపడను,unusable-title,,,,https://waytochurch.com/lyrics/song/24853/భయపడను
24856,ధవళవర్ణుడా రత్నవర్ణుడా,in_library_lyric_line,457,Neethone Ne Nadavaalani,,https://waytochurch.com/lyrics/song/24856/ధవళవర్ణుడా--రత్నవర్ణుడా
24859,షారోను పొలములో పూసిన పుష్పమా,in_library_exact,625,Shaaronu Polamulo,,https://waytochurch.com/lyrics/song/24859/షారోను-పొలములో-పూసిన-పుష్పమా
24860,సాటి ఎవ్వరూ లేరు ఇలలో,in_library_exact,1235,Saati Evvaru,,https://waytochurch.com/lyrics/song/24860/సాటి-ఎవ్వరూ-లేరు-ఇలలో
24861,నీ పిలుపే నా దరి చేరే నీతోటి నా స్నేహమా,missing,,,,https://waytochurch.com/lyrics/song/24861/నీ-పిలుపే-నా-దరి-చేరే--నీతోటి-నా-స్నేహమా
24887,నాతోడు నీవు నిలచితివే,missing,,,,https://waytochurch.com/lyrics/song/24887/నాతోడు-నీవు-నిలచితివే
24888,ఊహించలేను ప్రభూ నీ మమతను,missing,,,,https://waytochurch.com/lyrics/song/24888/ఊహించలేను-ప్రభూ-నీ-మమతను
24889,నీ పిలుపు వలన నేను నశించి పోలేదు,in_library_exact,201,Nee Pilupu,,https://waytochurch.com/lyrics/song/24889/నీ-పిలుపు-వలన-నేను-నశించి-పోలేదు
24890,నీ పాదముల్ నే చేరగా గాయంబులున్ నే గాంచితిన్,in_library_exact,813,Nee Paadamul Ne Cheragaa,,https://waytochurch.com/lyrics/song/24890/నీ-పాదముల్-నే-చేరగా-గాయంబులున్-నే-గాంచితిన్
24891,అంజలి ఘటియించినాము,missing,,,,https://waytochurch.com/lyrics/song/24891/అంజలి-ఘటియించినాము
24899,యేసు నీ అద్భుత ప్రేమ నేనేల మరిచెద దేవా,missing,,,,https://waytochurch.com/lyrics/song/24899/యేసు-నీ-అద్భుత-ప్రేమ-నేనేల-మరిచెద-దేవా
24900,నూతన హృదయము నూతన స్వభావము,in_library_exact,562,Noothana Hrudayamu,,https://waytochurch.com/lyrics/song/24900/నూతన-హృదయము-నూతన-స్వభావము
24901,నీవే యేసు దేశముల యొక్క కోరిక యొక్క కోరిక,missing,,,,https://waytochurch.com/lyrics/song/24901/నీవే-యేసు-దేశముల-యొక్క-కోరిక-యొక్క-కోరిక
24903,పరవశించెద నీ వాక్యములో,in_library_exact,147,Paravashincheda Nee Vaakyamulo,,https://waytochurch.com/lyrics/song/24903/పరవశించెద-నీ-వాక్యములో
24904,సమర్పించెదను సమస్తము,missing,,,,https://waytochurch.com/lyrics/song/24904/సమర్పించెదను-సమస్తము
24908,నీ మేలులు వివరింపతరమా,missing,,,,https://waytochurch.com/lyrics/song/24908/నీ-మేలులు-వివరింపతరమా
24909,చీకటి గడియలలో ఒంటరి సమయములో,missing,,,,https://waytochurch.com/lyrics/song/24909/చీకటి-గడియలలో---ఒంటరి-సమయములో
24911,యేసు కోసమే జీవిద్దాం యేసుతోనే పయనిద్దాం,in_library_exact,563,Yesu Kosame Jeeviddaam,,https://waytochurch.com/lyrics/song/24911/యేసు-కోసమే-జీవిద్దాం-యేసుతోనే-పయనిద్దాం
24913,విశ్వాస వనితలం యెహోవా నీడన నివాసులం,missing,,,,https://waytochurch.com/lyrics/song/24913/విశ్వాస-వనితలం--యెహోవా-నీడన-నివాసులం
24914,నీ సన్నిధిలో ఆనందమే నీ సేవలోనే సంతోషమే,missing,,,,https://waytochurch.com/lyrics/song/24914/నీ-సన్నిధిలో-ఆనందమే--నీ-సేవలోనే-సంతోషమే
24915,నీ కృప నేనేమైనా,missing,,,,https://waytochurch.com/lyrics/song/24915/నీ-కృప-నేనేమైనా
24916,రవికొటి తేజుడు నా దేవుడే నాకు ప్రాణ స్నేహితుడు,missing,,,,https://waytochurch.com/lyrics/song/24916/రవికొటి-తేజుడు-నా-దేవుడే-నాకు-ప్రాణ-స్నేహితుడు
24918,నిన్ను నమ్మి వచ్చి నే సిగ్గుచెందలేదు,missing,,,,https://waytochurch.com/lyrics/song/24918/నిన్ను-నమ్మి-వచ్చి-నే-సిగ్గుచెందలేదు
24919,ఉన్నవాడవు అనువాడవు నీవు,in_library_contained,1080,Yesayyaa Naa Praana Naathaa Ninu,,https://waytochurch.com/lyrics/song/24919/ఉన్నవాడవు-అనువాడవు-నీవు
24920,అబ్రహము దేవుడవు నీవే యేసయ్య,missing,,,,https://waytochurch.com/lyrics/song/24920/అబ్రహము-దేవుడవు-నీవే-యేసయ్య
24921,నీతోడు ఉంటే చాలు మాకెంతో మేలు,missing,,,,https://waytochurch.com/lyrics/song/24921/నీతోడు-ఉంటే-చాలు-మాకెంతో-మేలు
24923,సర్వేశ్వరుని దర్శనముకై,missing,,,,https://waytochurch.com/lyrics/song/24923/సర్వేశ్వరుని-దర్శనముకై
24924,వెళ్లిపోవే గతమా చెల్లుబాటు కావు నీవిక,missing,,,,https://waytochurch.com/lyrics/song/24924/వెళ్లిపోవే-గతమా-చెల్లుబాటు-కావు-నీవిక
24925,కన్న కలలే దూరమై నేనిప్పుడు,missing,,,,https://waytochurch.com/lyrics/song/24925/కన్న-కలలే-దూరమై-నేనిప్పుడు
24926,ఏలో ఏలో ఏలో అంటూ వచ్చారండీ గొల్లలు,in_library_exact,501,Yelo Yelo Yelo Antu,,https://waytochurch.com/lyrics/song/24926/ఏలో-ఏలో-ఏలో-అంటూ-వచ్చారండీ-గొల్లలు
24927,ఏ స్థితిలోనైనా నిన్ను ప్రేమించేవానిగా,missing,,,,https://waytochurch.com/lyrics/song/24927/ఏ-స్థితిలోనైనా-నిన్ను-ప్రేమించేవానిగా
24930,శతకోటి వందనాలు నా యేసయ్యా,missing,,,,https://waytochurch.com/lyrics/song/24930/శతకోటి-వందనాలు-నా-యేసయ్యా
24931,యేసయ్య జన్మించే నీ కొరకే,missing,,,,https://waytochurch.com/lyrics/song/24931/యేసయ్య-జన్మించే-నీ-కొరకే
24932,నేను ఏడ్చిన చోటనే మనసారా నవ్వెదా,in_library_exact,1429,Nenu Odiponayaa,,https://waytochurch.com/lyrics/song/24932/నేను-ఏడ్చిన-చోటనే-మనసారా-నవ్వెదా
24933,నన్నేదియు కదపలేదయ్యా,missing,,,,https://waytochurch.com/lyrics/song/24933/నన్నేదియు-కదపలేదయ్యా
24934,నీకు నీవుగా నన్ను చూడగా,missing,,,,https://waytochurch.com/lyrics/song/24934/నీకు-నీవుగా-నన్ను-చూడగా
24935,నింగిలోన తారక,missing,,,,https://waytochurch.com/lyrics/song/24935/నింగిలోన-తారక
24936,నింగి నేల ఏకమాయెను రారాజుని చూడ,missing,,,,https://waytochurch.com/lyrics/song/24936/నింగి-నేల-ఏకమాయెను-రారాజుని-చూడ
24937,చెట్టునకు మంచు ఉన్నట్లుగా,missing,,,,https://waytochurch.com/lyrics/song/24937/చెట్టునకు-మంచు-ఉన్నట్లుగా
24938,ఇంతవరకు కాపాడినావు వందనాలయ్యా,in_library_exact,1274,Intha Varaku Kaapaadinaavu,,https://waytochurch.com/lyrics/song/24938/ఇంతవరకు-కాపాడినావు-వందనాలయ్యా
24939,రవికోటి తేజుడు మహిమలో నివసించు సర్వోన్నతుడు,missing,,,,https://waytochurch.com/lyrics/song/24939/రవికోటి-తేజుడు-మహిమలో-నివసించు-సర్వోన్నతుడు
24940,యేసు పుట్టెను రక్షనొచ్చెను,missing,,,,https://waytochurch.com/lyrics/song/24940/యేసు-పుట్టెను-రక్షనొచ్చెను
24941,మహిమోన్నతుడు సర్వశక్తిమంతుడు,missing,,,,https://waytochurch.com/lyrics/song/24941/మహిమోన్నతుడు-సర్వశక్తిమంతుడు
24942,నా యేసునాధ నీవే,missing,,,,https://waytochurch.com/lyrics/song/24942/నా-యేసునాధ-నీవే
24943,ఆదిలో ఏమి లేనప్ప్పుడు,missing,,,,https://waytochurch.com/lyrics/song/24943/ఆదిలో-ఏమి-లేనప్ప్పుడు
24944,చుక్కను చూసి వచ్చినాము,in_library_contained,1472,Baaludu Kaadammo,,https://waytochurch.com/lyrics/song/24944/చుక్కను-చూసి-వచ్చినాము
24945,హ్యాపీ హ్యాపీ క్రిస్మస్ అంటూ ఆర్భటించెదం,missing,,,,https://waytochurch.com/lyrics/song/24945/హ్యాపీ-హ్యాపీ-క్రిస్మస్-అంటూ-ఆర్భటించెదం
24949,నీ ఆశీర్వాదం పొందిన కుటుంబం,missing,,,,https://waytochurch.com/lyrics/song/24949/నీ-ఆశీర్వాదం-పొందిన-కుటుంబం
24950,రక్షకుడు వచ్చినాడు వచ్చినాడమ్మా,in_library_exact,25,Rakshakudu Vachchinaadu,,https://waytochurch.com/lyrics/song/24950/రక్షకుడు-వచ్చినాడు-వచ్చినాడమ్మా
24951,రండి రారండోయ్ యేసయ్యను చూసొద్దాం,missing,,,,https://waytochurch.com/lyrics/song/24951/రండి-రారండోయ్-యేసయ్యను-చూసొద్దాం
24952,యేసురాజు పుట్టినాడులే హల్లెలూయా పాడేద్దామా,missing,,,,https://waytochurch.com/lyrics/song/24952/యేసురాజు-పుట్టినాడులే-హల్లెలూయా-పాడేద్దామా
24953,మహోన్నతుడా మారనివాడా,missing,,,,https://waytochurch.com/lyrics/song/24953/మహోన్నతుడా-మారనివాడా
24954,ఉదయించినాడు చూడు నేస్తమా,missing,,,,https://waytochurch.com/lyrics/song/24954/ఉదయించినాడు-చూడు-నేస్తమా
24955,అనుక్షణం నీ కృపలో ప్రతీదినం నీ సన్నిధిలో,missing,,,,https://waytochurch.com/lyrics/song/24955/అనుక్షణం-నీ-కృపలో-ప్రతీదినం-నీ-సన్నిధిలో
24959,నీచేతిలో ఒక కలముగా చిత్రించే కుంచెగ,missing,,,,https://waytochurch.com/lyrics/song/24959/నీచేతిలో-ఒక-కలముగా-చిత్రించే-కుంచెగ
24960,క్రిస్ట్మస్ మాషప్ నర జన్మమెతి,missing,,,,https://waytochurch.com/lyrics/song/24960/క్రిస్ట్మస్-మాషప్-నర-జన్మమెతి
24963,వచ్చావయ్యా భువికేతెంచావయ్యా,missing,,,,https://waytochurch.com/lyrics/song/24963/వచ్చావయ్యా-భువికేతెంచావయ్యా
24964,మా తోడుగా నీవుండుటకు,missing,,,,https://waytochurch.com/lyrics/song/24964/మా-తోడుగా-నీవుండుటకు
24965,నీవేనయ్యా నీవేనయ్యా నా సర్వము నీవేనయ్యా,missing,,,,https://waytochurch.com/lyrics/song/24965/నీవేనయ్యా-నీవేనయ్యా-నా-సర్వము-నీవేనయ్యా
24966,క్రీస్తు నేడు పుట్టెను,missing,,,,https://waytochurch.com/lyrics/song/24966/క్రీస్తు-నేడు-పుట్టెను
24970,సృష్టికర్త దేవుడు మనకై ఇల సృష్టిగా మారెను,missing,,,,https://waytochurch.com/lyrics/song/24970/సృష్టికర్త-దేవుడు-మనకై-ఇల-సృష్టిగా-మారెను
24971,సర్వోన్నత స్థలములలో సమాధానము,in_library_exact,627,Sarvonnatha Sthalamulalo,,https://waytochurch.com/lyrics/song/24971/సర్వోన్నత-స్థలములలో-సమాధానము
24972,సైన్యములకు అధిపతివి రాజులకే రాజువు,missing,,,,https://waytochurch.com/lyrics/song/24972/సైన్యములకు-అధిపతివి--రాజులకే-రాజువు
24974,నా సర్వము నీవేనయ్యా,missing,,,,https://waytochurch.com/lyrics/song/24974/నా-సర్వము-నీవేనయ్యా
24976,యుగపురుషుడు శకపురుషుడు,in_library_exact,1095,Chukka Puttindi 2,,https://waytochurch.com/lyrics/song/24976/యుగపురుషుడు-శకపురుషుడు
24977,లోక రక్షకుడు మనకొరకుదయించెను,missing,,,,https://waytochurch.com/lyrics/song/24977/లోక-రక్షకుడు-మనకొరకుదయించెను
24978,రాజులకే రారాజు పుట్టాడోయ్,in_library_exact,764,Sambaraalu Cheseddaamaa,,https://waytochurch.com/lyrics/song/24978/రాజులకే-రారాజు-పుట్టాడోయ్
24981,సర్వోన్నతమైన స్థలములలో దేవునికి మహిమయు,missing,,,,https://waytochurch.com/lyrics/song/24981/సర్వోన్నతమైన-స్థలములలో-దేవునికి-మహిమయు
24982,స్తుతి పాడుటకే బ్రతికించిన జీవనదాతవు నీవేనయ్యా,in_library_exact,919,Sthuthi Paadutake,,https://waytochurch.com/lyrics/song/24982/స్తుతి-పాడుటకే-బ్రతికించిన-జీవనదాతవు-నీవేనయ్యా
24983,పూర్ణ హృదయముతో పూర్ణ ఆత్మతో,missing,,,,https://waytochurch.com/lyrics/song/24983/పూర్ణ-హృదయముతో-పూర్ణ-ఆత్మతో
24984,జన్మించినాడు శ్రీ యేసురాజు బెత్లెహేమందున,missing,,,,https://waytochurch.com/lyrics/song/24984/జన్మించినాడు-శ్రీ-యేసురాజు-బెత్లెహేమందున
24985,జ్ఞానులు చూడవెళ్ళిరి బెత్లెహేము పురమునకు,missing,,,,https://waytochurch.com/lyrics/song/24985/జ్ఞానులు-చూడవెళ్ళిరి-బెత్లెహేము-పురమునకు
24986,చుక్కల్లో చక్కని చుక్క పుట్టిందిహే…హేహే…,missing,,,,https://waytochurch.com/lyrics/song/24986/చుక్కల్లో-చక్కని-చుక్క-పుట్టిందిహే…హేహే…
24987,ఊరుకో నా ప్రాణమా కలత చెందకు,in_library_exact,1568,Ooruko Naa Praanamaa,,https://waytochurch.com/lyrics/song/24987/ఊరుకో-నా-ప్రాణమా-కలత-చెందకు
24988,ఉదయించినాడు నా జీవితాన,in_library_exact,276,Udayinchinaadu,,https://waytochurch.com/lyrics/song/24988/ఉదయించినాడు-నా-జీవితాన
24990,ఎదురుచూసిన కాలం ప్రత్యక్ష పరిచెను దైవం,missing,,,,https://waytochurch.com/lyrics/song/24990/ఎదురుచూసిన-కాలం--ప్రత్యక్ష-పరిచెను-దైవం
24991,ఊరు వాడ సంబరమేనంట,missing,,,,https://waytochurch.com/lyrics/song/24991/ఊరు-వాడ-సంబరమేనంట
24993,ఓరన్నా నీకు తెలుసా ఎవరో ఈ ప్రభు యేసు,missing,,,,https://waytochurch.com/lyrics/song/24993/ఓరన్నా-నీకు-తెలుసా-ఎవరో-ఈ-ప్రభు-యేసు
24994,సరిచేయును - కనుమరుగు చేయుదుననేవారెదుట,missing,,,,https://waytochurch.com/lyrics/song/24994/సరిచేయును---కనుమరుగు-చేయుదుననేవారెదుట
24999,అతి పరిశుద్ధుడా స్తుతి నైవేద్యము నీకే అర్పించి కీర్తింతును,in_library_exact,1613,Athi Parishuddhudaa Sthuthi Naivedyamu,,https://waytochurch.com/lyrics/song/24999/అతి-పరిశుద్ధుడా-స్తుతి-నైవేద్యము-నీకే-అర్పించి-కీర్తింతును
25000,కన్యక గర్భము ధరించుననుమాట ప్రవచనము,missing,,,,https://waytochurch.com/lyrics/song/25000/కన్యక-గర్భము-ధరించుననుమాట-ప్రవచనము
25002,పుట్టినాడమ్మా యేసయ్య పుట్టినాడమ్మా,missing,,,,https://waytochurch.com/lyrics/song/25002/పుట్టినాడమ్మా-యేసయ్య-పుట్టినాడమ్మా
25003,వాటి వాటి కాలమున అన్నిటిని,in_library_exact,230,Vaati Vaati Kaalamuna,,https://waytochurch.com/lyrics/song/25003/వాటి-వాటి-కాలమున-అన్నిటిని
25004,యేసయ్యా నాకంటూ ఎవరు లేరయ్యా,in_library_exact,1141,Yesayyaa Naakantu,,https://waytochurch.com/lyrics/song/25004/యేసయ్యా-నాకంటూ-ఎవరు-లేరయ్యా
25005,అలంకరించును - నా మనస్సా ఆయన మరచునా,missing,,,,https://waytochurch.com/lyrics/song/25005/అలంకరించును---నా-మనస్సా-ఆయన-మరచునా
25007,జీవమైన యేసు నాలో ప్రవహించాలి,missing,,,,https://waytochurch.com/lyrics/song/25007/జీవమైన-యేసు-నాలో-ప్రవహించాలి
25008,పరలోకమందున్నమా తండ్రీ,in_library_exact,1643,Paralokamandunna Maa Thandree,,https://waytochurch.com/lyrics/song/25008/పరలోకమందున్నమా-తండ్రీ
25009,నిన్న నేడు నిరంతరం మారనే మారవు,in_library_exact,1623,Ninna Nedu Nirantharam,,https://waytochurch.com/lyrics/song/25009/నిన్న-నేడు-నిరంతరం-మారనే-మారవు
25010,నా మార్గమందు నా కంటె ముందు,in_library_exact,1628,Naa Maargamandu,,https://waytochurch.com/lyrics/song/25010/నా-మార్గమందు-నా-కంటె-ముందు
25011,నా ప్రాణ నాథా నా యేసు నాథా,in_library_exact,1648,Naa Praana Naathaa,,https://waytochurch.com/lyrics/song/25011/నా-ప్రాణ-నాథా-నా-యేసు-నాథా
25012,నా గుడారము క్షేమమని నాకు తెలిపితివి,in_library_exact,1615,Naa Gudaaramu Kshemamani,,https://waytochurch.com/lyrics/song/25012/నా-గుడారము-క్షేమమని-నాకు-తెలిపితివి
25013,ఆ శ్రేష్టంబౌ గ్రంథములో,in_library_exact,1646,Aa Srehstambau Grandhamulo,,https://waytochurch.com/lyrics/song/25013/ఆ-శ్రేష్టంబౌ-గ్రంథములో
25042,నీతి సూర్య తేజోమయుడా,missing,,,,https://waytochurch.com/lyrics/song/25042/నీతి-సూర్య-తేజోమయుడా
25043,కృప కలిగిన దేవా నా యెహోవా,missing,,,,https://waytochurch.com/lyrics/song/25043/కృప-కలిగిన-దేవా-నా-యెహోవా
25044,ఈ ఉదయమున నీవు లేచి ఏమి తలచుచున్నావు,in_library_exact,615,Ee Udayamuna,,https://waytochurch.com/lyrics/song/25044/ఈ-ఉదయమున-నీవు-లేచి-ఏమి-తలచుచున్నావు
26846,కరుణించి కాపాడే యేసయ్య,in_library_exact,995,Ghanamaina Veduka,,https://waytochurch.com/lyrics/song/26846/కరుణించి-కాపాడే-యేసయ్య
26848,దేవా నీవు చేసిన మేళులెన్నో,missing,,,,https://waytochurch.com/lyrics/song/26848/దేవా-నీవు-చేసిన-మేళులెన్నో
26849,దయ చూపుమయా ఈ ధాత్రిపైన,missing,,,,https://waytochurch.com/lyrics/song/26849/దయ-చూపుమయా--ఈ-ధాత్రిపైన
26850,ఏగెదను నే చేరెదను సీయోనును నే చూచెదను,in_library_exact,167,Egedanu Ne Cheredanu,,https://waytochurch.com/lyrics/song/26850/ఏగెదను-నే-చేరెదను--సీయోనును-నే-చూచెదను
26851,దేవా మా ప్రార్థన వినవా,missing,,,,https://waytochurch.com/lyrics/song/26851/దేవా-మా-ప్రార్థన-వినవా
26856,బేత్లెహేము పురములో ఒక నాటి రాతిరి,in_library_exact,1273,Bethlehemu Puramulo,,https://waytochurch.com/lyrics/song/26856/బేత్లెహేము-పురములో-ఒక-నాటి-రాతిరి
26863,ఎవరు చూపించలేనీ ఇలలో నను వీడిపోనీ,in_library_exact,466,Evaru Choopinchaleni,,https://waytochurch.com/lyrics/song/26863/ఎవరు-చూపించలేనీ--ఇలలో-నను-వీడిపోనీ
26864,భూమ్యాకాశములను సృజియించిన దేవా,in_library_exact,77,Yesayyaa Neeke Vandanam,,https://waytochurch.com/lyrics/song/26864/భూమ్యాకాశములను-సృజియించిన-దేవా
26865,విలువేలేని నా జీవితం నీ చేతిలో పడగానే,in_library_exact,81,Viluve Leni Naa Jeevitham,,https://waytochurch.com/lyrics/song/26865/విలువేలేని-నా-జీవితం-నీ-చేతిలో-పడగానే
26866,సుదూరము ఈ పయనము ముందు ఇరుకు మార్గము,in_library_exact,1271,Sudhooramu Ee Payanamu,,https://waytochurch.com/lyrics/song/26866/సుదూరము-ఈ-పయనము-ముందు-ఇరుకు-మార్గము
26905,కొండలతట్టు నా కన్నులెత్తి,in_library_exact,1653,Kondala Thattu Naa Kannuletthi,,https://waytochurch.com/lyrics/song/26905/కొండలతట్టు-నా-కన్నులెత్తి
26906,నాకు ఆధారామైన యేసయ్య,missing,,,,https://waytochurch.com/lyrics/song/26906/నాకు-ఆధారామైన-యేసయ్య
26908,యెహోవా రాఫా సౌఖ్యమిచ్చువాడు,missing,,,,https://waytochurch.com/lyrics/song/26908/యెహోవా-రాఫా-సౌఖ్యమిచ్చువాడు
26909,అన్ని సాధ్యమే యేసులో నన్ను బలపరచు యేసునందే నేను,missing,,,,https://waytochurch.com/lyrics/song/26909/అన్ని-సాధ్యమే-యేసులో-నన్ను-బలపరచు-యేసునందే-నేను
26910,ఇమ్మానుయేలు దేవా నాతో ఉన్నవాడా,missing,,,,https://waytochurch.com/lyrics/song/26910/ఇమ్మానుయేలు-దేవా-నాతో-ఉన్నవాడా
26913,ఊరుకో నా ప్రాణమా కలత చెందకు,in_library_exact,1568,Ooruko Naa Praanamaa,,https://waytochurch.com/lyrics/song/26913/ఊరుకో-నా-ప్రాణమా-కలత-చెందకు
26914,ఉదయించినాడు నా జీవితాన,in_library_exact,276,Udayinchinaadu,,https://waytochurch.com/lyrics/song/26914/ఉదయించినాడు-నా-జీవితాన
26916,మా హృదయములలో దేవుని ప్రేమను కుమ్మరించితివి,in_library_exact,789,Maa Hrudayamulalo,,https://waytochurch.com/lyrics/song/26916/మా-హృదయములలో-దేవుని-ప్రేమను-కుమ్మరించితివి
26917,భయము లేదు దిగులే లేదు,in_library_exact,270,Yaave,,https://waytochurch.com/lyrics/song/26917/భయము-లేదు-దిగులే-లేదు
26918,బహు సౌందర్య సీయోనులో స్తుతి సింహాసనాసీనుడా,missing,,,,https://waytochurch.com/lyrics/song/26918/బహు-సౌందర్య-సీయోనులో-స్తుతి-సింహాసనాసీనుడా
26919,నీవే నా స్నేహము నీవే నా సర్వస్వము,in_library_exact,958,Neeve Naa Snehamu,,https://waytochurch.com/lyrics/song/26919/నీవే-నా-స్నేహము-నీవే-నా-సర్వస్వము
26920,నీలాంటి ప్రేమ ఈ లోకాన,in_library_exact,1467,Neelaanti Prema,,https://waytochurch.com/lyrics/song/26920/నీలాంటి-ప్రేమ-ఈ-లోకాన
26921,నా కోరిక నీ ప్రణాళిక పరిమళించాలని,missing,,,,https://waytochurch.com/lyrics/song/26921/నా-కోరిక-నీ-ప్రణాళిక-పరిమళించాలని
26922,నీ ఆనంద తైలముతో నన్ను అభిషేకించుమయ్యా,in_library_exact,1156,Nee Aananda Thailamutho,,https://waytochurch.com/lyrics/song/26922/నీ-ఆనంద-తైలముతో-నన్ను-అభిషేకించుమయ్యా
26923,జీవప్రదాతవు ననురూపించిన శిల్పివి నీవే ప్రభు,missing,,,,https://waytochurch.com/lyrics/song/26923/జీవప్రదాతవు-ననురూపించిన-శిల్పివి-నీవే-ప్రభు
26924,గగనము చీల్చుకొని ఘనులను తీసుకొని,in_library_exact,321,Gaganamu Cheelchukoni,,https://waytochurch.com/lyrics/song/26924/గగనము-చీల్చుకొని-ఘనులను-తీసుకొని
26925,ఒక చేతిలో కర్ర,in_library_exact,423,Oka Chethilo Karra,,https://waytochurch.com/lyrics/song/26925/ఒక-చేతిలో-కర్ర
26926,నేనేమాత్రము ఇంతవరకు నీవు నన్ను నడిపించుటకు,missing,,,,https://waytochurch.com/lyrics/song/26926/నేనేమాత్రము-ఇంతవరకు-నీవు-నన్ను-నడిపించుటకు
26927,ఆకాశము నీ సింహాసనం,in_library_exact,1008,Aakaashamu Nee Simhaasanam,,https://waytochurch.com/lyrics/song/26927/ఆకాశము-నీ-సింహాసనం
26928,అద్వితీయుడా నన్నేలు దైవమా,missing,,,,https://waytochurch.com/lyrics/song/26928/అద్వితీయుడా-నన్నేలు-దైవమా
26929,పెళ్లి కూతురు అందమయిన మనసుకు నేనొక చక్కని రూపం,missing,,,,https://waytochurch.com/lyrics/song/26929/పెళ్లి-కూతురు-అందమయిన-మనసుకు--నేనొక-చక్కని-రూపం
26931,మరణము జయించెను,missing,,,,https://waytochurch.com/lyrics/song/26931/మరణము-జయించెను
26932,నిజ స్నేహితుడా నా చెలిమి కోరి నీ కలిమి వీడి,missing,,,,https://waytochurch.com/lyrics/song/26932/నిజ-స్నేహితుడా-నా-చెలిమి-కోరి-నీ-కలిమి-వీడి
26934,సిలువపైన ప్రేమ చూప మరణమాయెను,missing,,,,https://waytochurch.com/lyrics/song/26934/సిలువపైన-ప్రేమ-చూప-మరణమాయెను
26937,రాతి సమాధిలో పాతిన మన యేసు,in_library_exact,1026,Raathi Samaadhilo,,https://waytochurch.com/lyrics/song/26937/రాతి-సమాధిలో-పాతిన-మన-యేసు
26938,నాకెంతో ఆనందం నీ సన్నిధి ప్రభువా,in_library_exact,369,Naakentho Aanandam,,https://waytochurch.com/lyrics/song/26938/నాకెంతో-ఆనందం-నీ-సన్నిధి-ప్రభువా
26939,జీవించుచున్నవాడా నీకే ఆరాధన అర్పింతున్,in_library_exact,938,Jeevinchuchunnavaadaa,,https://waytochurch.com/lyrics/song/26939/జీవించుచున్నవాడా-నీకే-ఆరాధన-అర్పింతున్
26940,భయమేదైనా ఇప్పుడు నీలో ఉన్నదా,missing,,,,https://waytochurch.com/lyrics/song/26940/భయమేదైనా-ఇప్పుడు-నీలో-ఉన్నదా
26941,నిశిరాత్రి సుడిగాలిలో చిక్కితిని,in_library_exact,676,Nishi Raathri,,https://waytochurch.com/lyrics/song/26941/నిశిరాత్రి-సుడిగాలిలో-చిక్కితిని
26942,నేను నా ఇల్లు నా ఇంటి వారందరు,in_library_exact,1196,Ebinejare,,https://waytochurch.com/lyrics/song/26942/నేను-నా-ఇల్లు-నా-ఇంటి-వారందరు
26943,ఎందుకనీ నేనంటే ఇంత ప్రేమ,missing,,,,https://waytochurch.com/lyrics/song/26943/ఎందుకనీ-నేనంటే-ఇంత-ప్రేమ
26944,వేచియున్నాను,unusable-title,,,,https://waytochurch.com/lyrics/song/26944/వేచియున్నాను
26946,సదా నీవు నా తోడుగా యేసయ్య,missing,,,,https://waytochurch.com/lyrics/song/26946/సదా-నీవు-నా-తోడుగా-యేసయ్య
26947,లే నిలబడు పరుగిడు తండ్రి పనికోసమే,in_library_exact,1350,Le Nilabadu,,https://waytochurch.com/lyrics/song/26947/లే-నిలబడు-పరుగిడు-తండ్రి-పనికోసమే
26948,నా పౌర స్థితి పరమందున్నది,missing,,,,https://waytochurch.com/lyrics/song/26948/నా-పౌర-స్థితి-పరమందున్నది
26949,కంటికి రెప్పలా నను కాచినావయ్యా,missing,,,,https://waytochurch.com/lyrics/song/26949/కంటికి-రెప్పలా-నను-కాచినావయ్యా
26950,ఏ భయము నాకు లేనేలేదుగా నీవు తోడుండగా,missing,,,,https://waytochurch.com/lyrics/song/26950/ఏ-భయము-నాకు-లేనేలేదుగా-నీవు-తోడుండగా
27516,మా మధ్యలో సంచరించువాడా,in_library_exact,263,Adbhuthakarudaa,,https://waytochurch.com/lyrics/song/27516/మా-మధ్యలో-సంచరించువాడా
27518,మేలు చేయక నీవు ఉండలేవయ్యా,in_library_exact,1065,Melu Cheyaka,,https://waytochurch.com/lyrics/song/27518/మేలు-చేయక-నీవు-ఉండలేవయ్యా
27519,నేను నిన్ను ఎన్నడు విడువను,in_library_contained,857,Nithya Prematho,,https://waytochurch.com/lyrics/song/27519/నేను-నిన్ను-ఎన్నడు-విడువను
27520,ఓ ప్రియ సోదరుడా ఓ ప్రియ సోదరి ఎటు,missing,,,,https://waytochurch.com/lyrics/song/27520/ఓ-ప్రియ-సోదరుడా--ఓ-ప్రియ-సోదరి-ఎటు
27522,ప్రార్థన వలనే పయనము ప్రార్థనే ప్రాకారము,in_library_exact,101,Nee Paadaalu Thadapakundaa,,https://waytochurch.com/lyrics/song/27522/ప్రార్థన-వలనే-పయనము-ప్రార్థనే-ప్రాకారము
27523,ప్రభుని స్మరించు ప్రభుని స్మరించు,in_library_exact,46,Prabhuni Smarinchu,,https://waytochurch.com/lyrics/song/27523/ప్రభుని-స్మరించు-ప్రభుని-స్మరించు
27524,నిరతము నిను స్తుతియించినా,in_library_exact,518,Saripodu Aaraadhana,,https://waytochurch.com/lyrics/song/27524/నిరతము-నిను-స్తుతియించినా
27525,న్యాయాధిపతియైన దేవుడు నిన్ను పిలిచే వేళలోన,in_library_exact,252,Nyaayaadhipathi,,https://waytochurch.com/lyrics/song/27525/న్యాయాధిపతియైన-దేవుడు-నిన్ను-పిలిచే-వేళలోన
27526,గుండె నిండా యేసు ఉంటే కన్నీళ్లే ముత్యాలు,in_library_exact,298,Gunde Nindaa Yesu Unte,,https://waytochurch.com/lyrics/song/27526/గుండె-నిండా-యేసు-ఉంటే-కన్నీళ్లే-ముత్యాలు
27527,అంటరాని వాడవంటు నన్ను,in_library_exact,1004,Antaraani Vaadavantu,,https://waytochurch.com/lyrics/song/27527/అంటరాని-వాడవంటు-నన్ను
27528,వన్నెస్ 2,unusable-title,,,,https://waytochurch.com/lyrics/song/27528/వన్నెస్-2
27529,సరిపొదు ఆరాదన,missing,,,,https://waytochurch.com/lyrics/song/27529/సరిపొదు-ఆరాదన
27530,ఇంతవరకు నీవు నన్ను నడిపించుటకు,in_library_exact,705,Inthavaraku Neevu,,https://waytochurch.com/lyrics/song/27530/ఇంతవరకు-నీవు-నన్ను-నడిపించుటకు
27532,నీ పాదాలు తడపకుండా నా పయనం సాగదయ్యా,in_library_contained,101,Nee Paadaalu Thadapakundaa,,https://waytochurch.com/lyrics/song/27532/నీ-పాదాలు-తడపకుండా-నా-పయనం-సాగదయ్యా
27535,ఎబినేజరు నేను నా ఇల్లు నా ఇంటివారందరు,missing,,,,https://waytochurch.com/lyrics/song/27535/ఎబినేజరు--నేను-నా-ఇల్లు-నా-ఇంటివారందరు
27551,చీకటిలో నుండి వెలుగునకు,in_library_exact,961,Ninu Poli Nenu,,https://waytochurch.com/lyrics/song/27551/చీకటిలో-నుండి-వెలుగునకు
27553,నిను పోలి నేను,missing,,,,https://waytochurch.com/lyrics/song/27553/నిను-పోలి-నేను
27559,ఆకాశ వీధుల్లో ఆనందం ఆ నింగి తారల్లో ఉల్లాసం,missing,,,,https://waytochurch.com/lyrics/song/27559/ఆకాశ-వీధుల్లో-ఆనందం--ఆ-నింగి-తారల్లో-ఉల్లాసం
27566,వెలసెనులే గగనాన తూర్పుతార నిశీధిరేయి జాములో,in_library_exact,1583,Velasenule Gaganaana Thoorpu Thaara,,https://waytochurch.com/lyrics/song/27566/వెలసెనులే-గగనాన-తూర్పుతార--నిశీధిరేయి-జాములో
27570,నీ చిత్తము సంపూర్తిగా నాలో జరిగించుమా,missing,,,,https://waytochurch.com/lyrics/song/27570/నీ-చిత్తము-సంపూర్తిగా-నాలో-జరిగించుమా
27571,ఆకాశగగనాన మెరిసింది తారక,missing,,,,https://waytochurch.com/lyrics/song/27571/ఆకాశగగనాన-మెరిసింది-తారక
27572,సకలాశీర్వాదముల కారణభూతుడా,missing,,,,https://waytochurch.com/lyrics/song/27572/సకలాశీర్వాదముల-కారణభూతుడా
27573,వేలాది దూతలతో నిత్యము నిను స్తుతియింతును,missing,,,,https://waytochurch.com/lyrics/song/27573/వేలాది-దూతలతో-నిత్యము-నిను-స్తుతియింతును
27574,మరియా తనయుడై మనుజావతారుడై,missing,,,,https://waytochurch.com/lyrics/song/27574/మరియా-తనయుడై--మనుజావతారుడై
27575,చక్కని బాలుడమ్మ చూడచక్కంగా ఉన్నాడమ్మా,missing,,,,https://waytochurch.com/lyrics/song/27575/చక్కని-బాలుడమ్మ-చూడచక్కంగా-ఉన్నాడమ్మా
27579,పాట పాడాలా వాద్యములు మ్రాగాల,missing,,,,https://waytochurch.com/lyrics/song/27579/పాట-పాడాలా-వాద్యములు-మ్రాగాల
27580,చందమామ చందమామ,missing,,,,https://waytochurch.com/lyrics/song/27580/చందమామ-చందమామ
27584,ఆనందం ఆనందమే రారాజు పుట్టేనని,missing,,,,https://waytochurch.com/lyrics/song/27584/ఆనందం-ఆనందమే-రారాజు-పుట్టేనని
27586,రాజు పుట్టెను రాజు పుట్టెను,in_library_exact,328,Raaju Puttenu,,https://waytochurch.com/lyrics/song/27586/రాజు-పుట్టెను-రాజు-పుట్టెను
27587,క్రీస్తు పుట్టెను హల్లెలూయా,in_library_exact,1513,Kreesthu Puttenu Hallelooyaa,,https://waytochurch.com/lyrics/song/27587/క్రీస్తు-పుట్టెను-హల్లెలూయా
27588,బేత్లహేములో పండుగ పండుగ,missing,,,,https://waytochurch.com/lyrics/song/27588/బేత్లహేములో-పండుగ-పండుగ
27589,బెత్లహేములో వింత రాజు పుట్టుక వార్త,missing,,,,https://waytochurch.com/lyrics/song/27589/బెత్లహేములో-వింత--రాజు-పుట్టుక-వార్త
27590,సంరక్షకా విమోచకా,missing,,,,https://waytochurch.com/lyrics/song/27590/సంరక్షకా-విమోచకా
27594,అసలైన క్రిస్మస్ మన జీవితమే,missing,,,,https://waytochurch.com/lyrics/song/27594/అసలైన-క్రిస్మస్-మన-జీవితమే
27597,నిను విడిచి నా హృదయం పరితపించే నీ కోసమే,missing,,,,https://waytochurch.com/lyrics/song/27597/నిను-విడిచి-నా-హృదయం-పరితపించే-నీ-కోసమే
27598,ఒక ఆశ ఉందయ్యా నా కోరిక తీర్చయ్యా,missing,,,,https://waytochurch.com/lyrics/song/27598/ఒక-ఆశ-ఉందయ్యా-నా-కోరిక-తీర్చయ్యా
27599,రాజు పుట్టెను రాజు పుట్టెను లోకమంతా,in_library_contained,328,Raaju Puttenu,,https://waytochurch.com/lyrics/song/27599/రాజు-పుట్టెను-రాజు-పుట్టెను-లోకమంతా
27601,ఆ రాత్రిలో నింగిలో ఒక తార గొప్ప తేజముతో ప్రభవించెను ఆ రేయి,missing,,,,https://waytochurch.com/lyrics/song/27601/ఆ-రాత్రిలో-నింగిలో-ఒక-తార--గొప్ప-తేజముతో-ప్రభవించెను-ఆ-రేయి
27602,ఆ మధ్య రాత్రిలో బేత్లెహేము పురములో,missing,,,,https://waytochurch.com/lyrics/song/27602/ఆ-మధ్య-రాత్రిలో-బేత్లెహేము-పురములో
27603,మేరీ తెలుసా నీ కుమారుడు,missing,,,,https://waytochurch.com/lyrics/song/27603/మేరీ-తెలుసా-నీ-కుమారుడు
27606,నూతనపరచుము మము నడిపించుము,missing,,,,https://waytochurch.com/lyrics/song/27606/నూతనపరచుము-మము-నడిపించుము
27607,జన్నించే యేసయ్య నా లోనా,missing,,,,https://waytochurch.com/lyrics/song/27607/జన్నించే-యేసయ్య--నా-లోనా
27612,నన్ను ఎరిగిన దేవుడవు,missing,,,,https://waytochurch.com/lyrics/song/27612/నన్ను-ఎరిగిన-దేవుడవు
27613,సంబరమాశ్చర్యాలతో భూమి ఊపిరి బిగబట్టెనే,missing,,,,https://waytochurch.com/lyrics/song/27613/సంబరమాశ్చర్యాలతో-భూమి-ఊపిరి-బిగబట్టెనే
27614,నిన్ను స్తుతియించి ఘనపరచి,missing,,,,https://waytochurch.com/lyrics/song/27614/నిన్ను-స్తుతియించి-ఘనపరచి
27615,నా తోడుగ నీవు నీ నీడలో నేను,missing,,,,https://waytochurch.com/lyrics/song/27615/నా-తోడుగ-నీవు--నీ-నీడలో-నేను
27619,నను ఎడబాయక పడిపోనీయక పొడిగించితివి నా జీవము,missing,,,,https://waytochurch.com/lyrics/song/27619/నను-ఎడబాయక-పడిపోనీయక-పొడిగించితివి-నా-జీవము
27620,నాకై ధీనునిగా భువికి వచ్చినావయా,missing,,,,https://waytochurch.com/lyrics/song/27620/నాకై-ధీనునిగా-భువికి-వచ్చినావయా
27621,దేవుని ఆనందం నిను కమ్మును,missing,,,,https://waytochurch.com/lyrics/song/27621/దేవుని-ఆనందం-నిను-కమ్మును
27622,దినములు గడుచుచుండగా నీ మేలుతో తృప్తిపరచితివి,missing,,,,https://waytochurch.com/lyrics/song/27622/దినములు-గడుచుచుండగా-నీ-మేలుతో-తృప్తిపరచితివి
27623,ఇంతకాలం నీ కృపలో,missing,,,,https://waytochurch.com/lyrics/song/27623/ఇంతకాలం-నీ-కృపలో
27628,నీవే నీవే నీవే మా ప్రాణం,missing,,,,https://waytochurch.com/lyrics/song/27628/నీవే-నీవే-నీవే-మా-ప్రాణం
27629,అన్ని వేళలందు మమ్ము కాపాడు దేవా,missing,,,,https://waytochurch.com/lyrics/song/27629/అన్ని-వేళలందు-మమ్ము-కాపాడు-దేవా
27637,సందడి 6,unusable-title,,,,https://waytochurch.com/lyrics/song/27637/సందడి-6
27638,నా సన్నిధి నీకు తోడుగ ఉండును చెట్టుకు మంచు వలె,missing,,,,https://waytochurch.com/lyrics/song/27638/నా-సన్నిధి-నీకు-తోడుగ-ఉండును-చెట్టుకు-మంచు-వలె
27639,నీ కృపతో నింపిన నా జీవితం…,missing,,,,https://waytochurch.com/lyrics/song/27639/నీ-కృపతో-నింపిన-నా-జీవితం…
27640,నన్ను ఇంతగా ప్రేమించిన నా యేసు రాజా,missing,,,,https://waytochurch.com/lyrics/song/27640/నన్ను-ఇంతగా-ప్రేమించిన-నా-యేసు-రాజా
27643,ఊహకందనంత ఉన్నతం నాపట్ల,missing,,,,https://waytochurch.com/lyrics/song/27643/ఊహకందనంత-ఉన్నతం-నాపట్ల
27645,యుద్ధ వీరులం పరిశుద్ధ పౌరులం,in_library_exact,1605,Yuddha Veerulam,,https://waytochurch.com/lyrics/song/27645/యుద్ధ-వీరులం-పరిశుద్ధ-పౌరులం
27646,ఆగదు నా పయనం సీయోను చేరకుండా,missing,,,,https://waytochurch.com/lyrics/song/27646/ఆగదు-నా-పయనం--సీయోను-చేరకుండా
27648,మహోపకార్యములు ఎన్నో చేసిన మహోన్నతుడా నాయేసయ్య,missing,,,,https://waytochurch.com/lyrics/song/27648/మహోపకార్యములు-ఎన్నో-చేసిన-మహోన్నతుడా-నాయేసయ్య
27649,అయ్యా వందనాలు అయ్యా వందనాలు,in_library_exact,763,Ayyaa Vandanaalu,,https://waytochurch.com/lyrics/song/27649/అయ్యా-వందనాలు-అయ్యా-వందనాలు
27650,పల్లవి ఫలియించుట నేర్పయ్య నా యేసయ్యా,missing,,,,https://waytochurch.com/lyrics/song/27650/పల్లవి-ఫలియించుట-నేర్పయ్య-నా-యేసయ్యా
27653,యెహోవా నా దేవా నీ దయలో కాయుమా,missing,,,,https://waytochurch.com/lyrics/song/27653/యెహోవా-నా-దేవా-నీ-దయలో-కాయుమా
27654,మరువలేనయా నీ మధురప్రేమను మహోపకారి,missing,,,,https://waytochurch.com/lyrics/song/27654/మరువలేనయా-నీ-మధురప్రేమను-మహోపకారి
27655,ప్రతి ఉదయము నీ కృపపొంది,missing,,,,https://waytochurch.com/lyrics/song/27655/ప్రతి-ఉదయము--నీ-కృపపొంది
27660,కునుకవవూ నిధురపోవూ,missing,,,,https://waytochurch.com/lyrics/song/27660/కునుకవవూ-నిధురపోవూ
27662,నీలోనే ఆనందం నా దేవా నీలోనే నాకు జీవం,missing,,,,https://waytochurch.com/lyrics/song/27662/నీలోనే-ఆనందం-నా-దేవా-నీలోనే-నాకు-జీవం
27663,నే నమ్మే నమ్మకము ఎప్పటికి నీవే,missing,,,,https://waytochurch.com/lyrics/song/27663/నే-నమ్మే-నమ్మకము--ఎప్పటికి-నీవే
27664,కాపాడును నన్ను కాపాడును,missing,,,,https://waytochurch.com/lyrics/song/27664/కాపాడును-నన్ను-కాపాడును
27665,అందం సౌందర్యం సిరిసంపదలు,missing,,,,https://waytochurch.com/lyrics/song/27665/అందం-సౌందర్యం-సిరిసంపదలు
27667,ప్రతి దినము నూతన వాత్సల్యం చూపే యేసయ్య,missing,,,,https://waytochurch.com/lyrics/song/27667/ప్రతి-దినము-నూతన-వాత్సల్యం-చూపే-యేసయ్య
27668,ఆరాధ్యుడవు నీవే ప్రభు,in_library_exact,1078,Pethuru Vale Nenu,,https://waytochurch.com/lyrics/song/27668/ఆరాధ్యుడవు-నీవే-ప్రభు
27669,అన్ని తెలిసిన తల్లి మరియమ్మా,in_library_exact,302,Karige Koduku,,https://waytochurch.com/lyrics/song/27669/అన్ని-తెలిసిన-తల్లి-మరియమ్మా
27672,వేయ్యేండ్లొక యుగమైనా గడిచింది క్షణమేగా,missing,,,,https://waytochurch.com/lyrics/song/27672/వేయ్యేండ్లొక-యుగమైనా-గడిచింది-క్షణమేగా
27673,బలులు అర్పించుటకంటే నీ,missing,,,,https://waytochurch.com/lyrics/song/27673/బలులు-అర్పించుటకంటే-నీ
27679,వినరే నరులరా వింతైన దేవుని ప్రేమ…,missing,,,,https://waytochurch.com/lyrics/song/27679/వినరే-నరులరా-వింతైన-దేవుని-ప్రేమ…
27680,నను కలుగ జేసిన విధము తలపోసిన,missing,,,,https://waytochurch.com/lyrics/song/27680/నను-కలుగ-జేసిన--విధము-తలపోసిన
27683,సాత్వికమును కనపరచవలెను,missing,,,,https://waytochurch.com/lyrics/song/27683/సాత్వికమును-కనపరచవలెను
27687,తల్లితండ్రులెవరైనా ఇంటి పేరేది నీకున్నా,missing,,,,https://waytochurch.com/lyrics/song/27687/తల్లితండ్రులెవరైనా-ఇంటి-పేరేది-నీకున్నా
27691,సర్వోన్నతుడ విజయవీరుడ,missing,,,,https://waytochurch.com/lyrics/song/27691/సర్వోన్నతుడ-విజయవీరుడ
27692,పరిశుద్ధుడు అతిపరిశుద్ధుడు నన్ను నడుపుచున్న నా గొప్ప దేవుడు,missing,,,,https://waytochurch.com/lyrics/song/27692/పరిశుద్ధుడు-అతిపరిశుద్ధుడు-నన్ను-నడుపుచున్న-నా-గొప్ప-దేవుడు
27693,చూడాలి నిన్నే నేను యేసయ్యా,missing,,,,https://waytochurch.com/lyrics/song/27693/చూడాలి-నిన్నే-నేను-యేసయ్యా
27694,చాలయ్యా చాలయ్యా నీ కృప చాలయ్యా,missing,,,,https://waytochurch.com/lyrics/song/27694/చాలయ్యా-చాలయ్యా-నీ-కృప-చాలయ్యా
27698,కళ్యాణరాగం సాగింది మంగళవాద్యం మ్రోగింది,missing,,,,https://waytochurch.com/lyrics/song/27698/కళ్యాణరాగం-సాగింది-మంగళవాద్యం-మ్రోగింది
27704,తరగని నీ ప్రేమ విరివిగ నాలో సిరులుకురిపించెనే,missing,,,,https://waytochurch.com/lyrics/song/27704/తరగని-నీ-ప్రేమ-విరివిగ-నాలో-సిరులుకురిపించెనే
27707,నీలా నేనుంటానయ్యా నాలో నీ వుంటేనయ్యా,missing,,,,https://waytochurch.com/lyrics/song/27707/నీలా-నేనుంటానయ్యా-నాలో-నీ-వుంటేనయ్యా
27708,దీవించావే సమృద్ధిగా నీ సాక్షిగా కొనసాగమని,in_library_exact,1035,Deevinchaave,,https://waytochurch.com/lyrics/song/27708/దీవించావే-సమృద్ధిగా-నీ-సాక్షిగా-కొనసాగమని
27709,దేవ దేవ దేవదివినున్న దేవా,missing,,,,https://waytochurch.com/lyrics/song/27709/దేవ-దేవ-దేవదివినున్న-దేవా
27710,నిన్ను నేను విడువనయ్య దేవా నన్ను దీవించువరకూ,missing,,,,https://waytochurch.com/lyrics/song/27710/నిన్ను-నేను-విడువనయ్య-దేవా-నన్ను-దీవించువరకూ
27712,నూతన క్రియలు చేయుచున్నావని నీవు సెలవియ్యగా,missing,,,,https://waytochurch.com/lyrics/song/27712/నూతన-క్రియలు-చేయుచున్నావని-నీవు-సెలవియ్యగా
27714,యేసయ్యనీ ప్రేమ నాకు చాలయ్య,in_library_contained,1637,Maaripoyene,,https://waytochurch.com/lyrics/song/27714/యేసయ్యనీ-ప్రేమ-నాకు-చాలయ్య
27715,ప్రేమించి నన్ను నా ప్రియ యేసు,missing,,,,https://waytochurch.com/lyrics/song/27715/ప్రేమించి-నన్ను-నా-ప్రియ-యేసు
27716,సిలువ వీరుడా సువార్త యోధుడా,missing,,,,https://waytochurch.com/lyrics/song/27716/సిలువ-వీరుడా--సువార్త-యోధుడా
27717,చేతకాక పోయినా ఫలితమేమి తేకున్నా,missing,,,,https://waytochurch.com/lyrics/song/27717/చేతకాక-పోయినా-ఫలితమేమి-తేకున్నా
27718,ఎన్నెనో మేలులతో నను దీవించావు,missing,,,,https://waytochurch.com/lyrics/song/27718/ఎన్నెనో-మేలులతో-నను-దీవించావు
27720,ఓ క్రొత్త పాటపాడి నా యేసయ్య ఎదుట,missing,,,,https://waytochurch.com/lyrics/song/27720/ఓ-క్రొత్త-పాటపాడి-నా-యేసయ్య-ఎదుట
27725,అమృతము నీ ప్రేమ అభిశక్తుడా,missing,,,,https://waytochurch.com/lyrics/song/27725/అమృతము-నీ-ప్రేమ-అభిశక్తుడా
27728,సిలువలో వ్రేలాడే నీ కొరకే,missing,,,,https://waytochurch.com/lyrics/song/27728/సిలువలో-వ్రేలాడే-నీ-కొరకే
27729,స్తుతి స్తోత్రం యేసయ్య,missing,,,,https://waytochurch.com/lyrics/song/27729/స్తుతి-స్తోత్రం-యేసయ్య
27730,మంచి స్నేహితుడు మంచి స్నేహితుడు,missing,,,,https://waytochurch.com/lyrics/song/27730/మంచి-స్నేహితుడు-మంచి-స్నేహితుడు
27731,పరిమళతైలం నీవే,missing,,,,https://waytochurch.com/lyrics/song/27731/పరిమళతైలం-నీవే
27732,నీవే శ్రావ్యసదనము,missing,,,,https://waytochurch.com/lyrics/song/27732/నీవే-శ్రావ్యసదనము
27733,నీకేగా నా స్తుతిమాలిక,missing,,,,https://waytochurch.com/lyrics/song/27733/నీకేగా-నా-స్తుతిమాలిక
27734,కరుణాసాగర యేసయ్యా,missing,,,,https://waytochurch.com/lyrics/song/27734/కరుణాసాగర-యేసయ్యా
27735,ఒంటరి వేళ నాకు తోడై నిలిచావు,missing,,,,https://waytochurch.com/lyrics/song/27735/ఒంటరి-వేళ-నాకు-తోడై-నిలిచావు
27738,నా ప్రాణమే నీవైన వేళ నీ తలపులె మదిలో మెదిలెనే,missing,,,,https://waytochurch.com/lyrics/song/27738/నా-ప్రాణమే-నీవైన-వేళ--నీ-తలపులె-మదిలో-మెదిలెనే
27743,నీలోనే లభించింది జీవం,missing,,,,https://waytochurch.com/lyrics/song/27743/నీలోనే-లభించింది-జీవం
27744,నీ కృప నాకు ఆధారమై,missing,,,,https://waytochurch.com/lyrics/song/27744/నీ-కృప-నాకు-ఆధారమై
27745,ఎన్నాళ్ళు ఎన్నాళ్ళు ఈ పరుగులు,missing,,,,https://waytochurch.com/lyrics/song/27745/ఎన్నాళ్ళు-ఎన్నాళ్ళు-ఈ-పరుగులు
27752,కలువరి ప్రేమను కనుగొనవేల,missing,,,,https://waytochurch.com/lyrics/song/27752/కలువరి-ప్రేమను-కనుగొనవేల
27757,భయమేలా ఓ సోదరా దిగులేల ఓ సోదరి,missing,,,,https://waytochurch.com/lyrics/song/27757/భయమేలా-ఓ-సోదరా--దిగులేల-ఓ-సోదరి
27761,నీవే దేవా,unusable-title,,,,https://waytochurch.com/lyrics/song/27761/నీవే-దేవా
27762,స్తోత్రగీతములు యెహోవాకు పాడెదం,missing,,,,https://waytochurch.com/lyrics/song/27762/స్తోత్రగీతములు-యెహోవాకు-పాడెదం
27766,నిన్నే నే నమ్ముకున్నాను,in_library_exact,1650,Ninne Ne Nammukunnaanu,,https://waytochurch.com/lyrics/song/27766/నిన్నే-నే-నమ్ముకున్నాను
27767,నీ స్వరమే విన్నా నీ మమతే కన్నా,missing,,,,https://waytochurch.com/lyrics/song/27767/నీ-స్వరమే-విన్నా--నీ-మమతే-కన్నా
27769,శరణము నీవే యేసయ్య నా ఆధారమైనావయ్యా,missing,,,,https://waytochurch.com/lyrics/song/27769/శరణము-నీవే-యేసయ్య-నా-ఆధారమైనావయ్యా
27770,కంటిపాపలా కాచినావయ్యా,in_library_contained,1173,Kantipaapalaa Kaachinaavayyaa,,https://waytochurch.com/lyrics/song/27770/కంటిపాపలా-కాచినావయ్యా
27773,నీవు నా తోడు ఉన్నావయ్యా,in_library_exact,337,Neeve Naa Thodu Unnaavayyaa,,https://waytochurch.com/lyrics/song/27773/నీవు-నా-తోడు-ఉన్నావయ్యా
27775,నీ వంటి వారు నాకు ఎవరు లేరయ్య,missing,,,,https://waytochurch.com/lyrics/song/27775/నీ-వంటి-వారు-నాకు-ఎవరు-లేరయ్య
27778,అక్షయ మైనది యేసుని రక్తము,missing,,,,https://waytochurch.com/lyrics/song/27778/అక్షయ-మైనది--యేసుని-రక్తము
27779,ఆదరించుమయ్యా ఆదుకొనేవాడా,missing,,,,https://waytochurch.com/lyrics/song/27779/ఆదరించుమయ్యా--ఆదుకొనేవాడా
27780,రావా యేసుదేవా నీవే నా వరముగ,missing,,,,https://waytochurch.com/lyrics/song/27780/రావా-యేసుదేవా--నీవే-నా-వరముగ
27781,మధురము యేసుని నామము,missing,,,,https://waytochurch.com/lyrics/song/27781/మధురము-యేసుని-నామము
27782,నిన్నే నమ్మినా నీ సన్నిధి చేరినా,missing,,,,https://waytochurch.com/lyrics/song/27782/నిన్నే-నమ్మినా--నీ-సన్నిధి-చేరినా
27783,నీ వశమౌదును స్వాధీనమౌదును,missing,,,,https://waytochurch.com/lyrics/song/27783/నీ-వశమౌదును--స్వాధీనమౌదును
27784,నీలాంటి దైవం ఎవరు విశ్వమున లేనేలేరు,missing,,,,https://waytochurch.com/lyrics/song/27784/నీలాంటి-దైవం-ఎవరు-విశ్వమున-లేనేలేరు
27790,ఊహించని కార్యములు చూచెదను,missing,,,,https://waytochurch.com/lyrics/song/27790/ఊహించని-కార్యములు-చూచెదను
27791,ఆరాధనకు యోగ్యుడా నీవే మా స్తుతుల స్తోత్రార్హుడా,missing,,,,https://waytochurch.com/lyrics/song/27791/ఆరాధనకు-యోగ్యుడా-నీవే-మా-స్తుతుల-స్తోత్రార్హుడా
27794,నీ దయలో నే జీవింతును,missing,,,,https://waytochurch.com/lyrics/song/27794/నీ-దయలో-నే-జీవింతును
27797,నీవే ఆశ నీవే శ్వాస నీవేగా అతిశ్రేష్ఠుడా,missing,,,,https://waytochurch.com/lyrics/song/27797/నీవే-ఆశ--నీవే-శ్వాస--నీవేగా--అతిశ్రేష్ఠుడా
27798,నీ సన్నిధి నాతో వెంటరాని నీ ఆత్మ నాలో,missing,,,,https://waytochurch.com/lyrics/song/27798/నీ-సన్నిధి-నాతో-వెంటరాని-నీ-ఆత్మ-నాలో
27799,దూరమయ్యాననీ దారి తప్పాననిపడిపోయాననీ,missing,,,,https://waytochurch.com/lyrics/song/27799/దూరమయ్యాననీ-దారి-తప్పాననిపడిపోయాననీ
27801,నిందలలో నిస్పృహలో,missing,,,,https://waytochurch.com/lyrics/song/27801/నిందలలో-నిస్పృహలో
27803,లివింగ్ హోప్ తెలుగు,missing,,,,https://waytochurch.com/lyrics/song/27803/లివింగ్-హోప్-తెలుగు
27804,పాపిగ నను చూడలేక,missing,,,,https://waytochurch.com/lyrics/song/27804/పాపిగ-నను-చూడలేక
27805,ఈస్టర్ మెడ్లీ,missing,,,,https://waytochurch.com/lyrics/song/27805/ఈస్టర్-మెడ్లీ
27960,సుందరుడా… అతిశయుడా,in_library_exact,322,Sundarudaa Athishayudaa,,https://waytochurch.com/lyrics/song/27960/సుందరుడా…-అతిశయుడా
27961,సిలువలో నా కోసము బలియైన నా యేసయ్య,missing,,,,https://waytochurch.com/lyrics/song/27961/సిలువలో-నా-కోసము-బలియైన-నా-యేసయ్య
27962,సర్వశక్తిమంతుడు అద్వితీయదేవుడు,missing,,,,https://waytochurch.com/lyrics/song/27962/సర్వశక్తిమంతుడు-అద్వితీయదేవుడు
27963,సీయోను కుమారి ప్రాకారమ నది ప్రవాహము వలెను,missing,,,,https://waytochurch.com/lyrics/song/27963/సీయోను-కుమారి-ప్రాకారమ--నది-ప్రవాహము-వలెను
27964,స్నేహితుడు ప్రాణ ప్రియుడు ఇతడే నా ప్రియ స్నేహితుడు,in_library_exact,1639,Snehithudu Praanapriyudu,,https://waytochurch.com/lyrics/song/27964/స్నేహితుడు-ప్రాణ-ప్రియుడు--ఇతడే-నా-ప్రియ-స్నేహితుడు
27965,సన్నిధి సన్నిధియే,missing,,,,https://waytochurch.com/lyrics/song/27965/సన్నిధి-సన్నిధియే
27966,సిద్ధపడుదాం సిద్ధపడుదాం,missing,,,,https://waytochurch.com/lyrics/song/27966/సిద్ధపడుదాం-సిద్ధపడుదాం
27967,సదాకాలము నీతో నేను జీవించెదను యేసయ్య,in_library_exact,1126,Sadaa Kaalamu Neetho Nenu,,https://waytochurch.com/lyrics/song/27967/సదాకాలము-నీతో-నేను-జీవించెదను-యేసయ్య
27968,స్తోత్రం స్తుతి స్తోత్రం మహిమ ఘనత నీకే,missing,,,,https://waytochurch.com/lyrics/song/27968/స్తోత్రం-స్తుతి-స్తోత్రం-మహిమ-ఘనత-నీకే
27969,సజీవుడైన వారిని మీరేల మృతులలో వెదకుచున్నారు,missing,,,,https://waytochurch.com/lyrics/song/27969/సజీవుడైన-వారిని-మీరేల-మృతులలో-వెదకుచున్నారు
27970,సగం లోకం సగం సంఘం,missing,,,,https://waytochurch.com/lyrics/song/27970/సగం-లోకం-సగం-సంఘం
27971,సంబరాలు సంతోషాలు,missing,,,,https://waytochurch.com/lyrics/song/27971/సంబరాలు-సంతోషాలు
27972,సంతోష సంబరాలురో,missing,,,,https://waytochurch.com/lyrics/song/27972/సంతోష-సంబరాలురో
27973,షాలేము రాజా శాంతికి రాజా,missing,,,,https://waytochurch.com/lyrics/song/27973/షాలేము-రాజా-శాంతికి-రాజా
27974,శుభదినం ఈ దినం,missing,,,,https://waytochurch.com/lyrics/song/27974/శుభదినం-ఈ-దినం
27975,శాశ్వతమైనది ఎన్నడు మారనిది,missing,,,,https://waytochurch.com/lyrics/song/27975/శాశ్వతమైనది-ఎన్నడు-మారనిది
27976,శ్రీమంతుడా శ్రీకరుండ శ్రీ యేసు రాజా,missing,,,,https://waytochurch.com/lyrics/song/27976/శ్రీమంతుడా-శ్రీకరుండ-శ్రీ-యేసు-రాజా
27977,శ్రమ కలిగినా భయపడకు,missing,,,,https://waytochurch.com/lyrics/song/27977/శ్రమ-కలిగినా-భయపడకు
27978,శీతకాలంలో శ్రీ యేసుని శుభవార్త,missing,,,,https://waytochurch.com/lyrics/song/27978/శీతకాలంలో-శ్రీ-యేసుని-శుభవార్త
27979,శతకోటి వందనాలు యేసు స్వామి నీకు,missing,,,,https://waytochurch.com/lyrics/song/27979/శతకోటి-వందనాలు-యేసు-స్వామి-నీకు
27980,వేల్పులలోన నీవంటి దేవుడు,in_library_lyric_line,630,Jagamulanele Shree Yesaa,,https://waytochurch.com/lyrics/song/27980/వేల్పులలోన-నీవంటి-దేవుడు
27981,వేదన తొలగించువాడు యేసే,missing,,,,https://waytochurch.com/lyrics/song/27981/వేదన-తొలగించువాడు-యేసే
27982,విజయశీలుడా నా యేసయ్యా,missing,,,,https://waytochurch.com/lyrics/song/27982/విజయశీలుడా-నా-యేసయ్యా
27983,వచ్చాడు మహారాజు మరి మనకోసమే అండగా తోడుగా,missing,,,,https://waytochurch.com/lyrics/song/27983/వచ్చాడు-మహారాజు-మరి-మనకోసమే-అండగా-తోడుగా
27984,వాక్యమే శరీరధారి అయ్యె,missing,,,,https://waytochurch.com/lyrics/song/27984/వాక్యమే-శరీరధారి-అయ్యె
27985,లోకానికి ఆనందమే,missing,,,,https://waytochurch.com/lyrics/song/27985/లోకానికి-ఆనందమే
27986,లోకానా ఉన్నది ఒకడే దేవుడు,missing,,,,https://waytochurch.com/lyrics/song/27986/లోకానా-ఉన్నది-ఒకడే-దేవుడు
27987,లెక్కింప శక్యము కావు దేవా నీ కార్యములు,missing,,,,https://waytochurch.com/lyrics/song/27987/లెక్కింప-శక్యము-కావు-దేవా-నీ-కార్యములు
27988,రారాజు పుట్టినడు నేడు ఇలలో,missing,,,,https://waytochurch.com/lyrics/song/27988/రారాజు-పుట్టినడు-నేడు-ఇలలో
27989,రాజుల రాజు పుట్టాడండి,missing,,,,https://waytochurch.com/lyrics/song/27989/రాజుల-రాజు-పుట్టాడండి
27990,యేహోవా రాఫా స్వస్థపరచు దేవా,missing,,,,https://waytochurch.com/lyrics/song/27990/యేహోవా-రాఫా-స్వస్థపరచు-దేవా
27991,యెహోవా మా దేవ సర్వలోక దైవమా,missing,,,,https://waytochurch.com/lyrics/song/27991/యెహోవా-మా-దేవ--సర్వలోక-దైవమా
27992,యేసు వైపు చూచుచు,missing,,,,https://waytochurch.com/lyrics/song/27992/యేసు-వైపు-చూచుచు
27993,యేసు లేని జీవితం ఏల గడపను,missing,,,,https://waytochurch.com/lyrics/song/27993/యేసు-లేని-జీవితం-ఏల-గడపను
27994,యేసు రక్తము శుద్ధి చేసే రక్తము,missing,,,,https://waytochurch.com/lyrics/song/27994/యేసు-రక్తము-శుద్ధి-చేసే-రక్తము
27995,యేసయ్యే ప్రేమకు ప్రతిరూపం,missing,,,,https://waytochurch.com/lyrics/song/27995/యేసయ్యే-ప్రేమకు-ప్రతిరూపం
27996,యేసయ్య నీవే ఆశ్రయపురము,missing,,,,https://waytochurch.com/lyrics/song/27996/యేసయ్య-నీవే-ఆశ్రయపురము
27997,యేసయ్య నిన్నే సేవింతును,missing,,,,https://waytochurch.com/lyrics/song/27997/యేసయ్య-నిన్నే-సేవింతును
27998,యేసయ్యా నాకంటూ ఎవరులేరయ్యా,in_library_exact,1141,Yesayyaa Naakantu,,https://waytochurch.com/lyrics/song/27998/యేసయ్యా-నాకంటూ-ఎవరులేరయ్యా
27999,యేసే నాకు సమస్తము,missing,,,,https://waytochurch.com/lyrics/song/27999/యేసే-నాకు-సమస్తము
28000,యావెహ్ రాఫ ఎలోహిం షడ్డాయ్ యీరె అదోనాయ్ కనపరచును,missing,,,,https://waytochurch.com/lyrics/song/28000/యావెహ్-రాఫ-ఎలోహిం-షడ్డాయ్-యీరె-అదోనాయ్-కనపరచును
28001,యే రూపము లేని నన్ను పిండమునై నే ఉన్నా,missing,,,,https://waytochurch.com/lyrics/song/28001/యే-రూపము-లేని-నన్ను-పిండమునై-నే-ఉన్నా
28002,ముట్టెదన్ నిను ముట్టెదన్,missing,,,,https://waytochurch.com/lyrics/song/28002/ముట్టెదన్-నిను-ముట్టెదన్
28003,ముందుకు సాగెదను,missing,,,,https://waytochurch.com/lyrics/song/28003/ముందుకు-సాగెదను
28004,మహిమకు పాత్రుడవు ఘనతకు అర్హుడవు,in_library_exact,1647,Mahimaku Paathrudavu,,https://waytochurch.com/lyrics/song/28004/మహిమకు-పాత్రుడవు-ఘనతకు-అర్హుడవు
28005,మనసును ముంచెత్తె ఈ సౌందర్యం,missing,,,,https://waytochurch.com/lyrics/song/28005/మనసును-ముంచెత్తె-ఈ-సౌందర్యం
28006,మనిషిని ప్రాణంగా ప్రేమించిన దేవుడు,missing,,,,https://waytochurch.com/lyrics/song/28006/మనిషిని-ప్రాణంగా-ప్రేమించిన-దేవుడు
28007,మందిరమందున చేరినాను,missing,,,,https://waytochurch.com/lyrics/song/28007/మందిరమందున-చేరినాను
28008,మా ఊరు మా వీధి,missing,,,,https://waytochurch.com/lyrics/song/28008/మా-ఊరు-మా-వీధి
28009,ప్రార్ధించు నీవు ప్రార్ధించు,missing,,,,https://waytochurch.com/lyrics/song/28009/ప్రార్ధించు-నీవు-ప్రార్ధించు
28010,ప్రేమమయుడా నా యేసయ్యా,missing,,,,https://waytochurch.com/lyrics/song/28010/ప్రేమమయుడా-నా-యేసయ్యా
28011,ప్రేమగల తండ్రి క్రుపగల ప్రభువ స్తుతిమహిమలు నీకే,missing,,,,https://waytochurch.com/lyrics/song/28011/ప్రేమగల-తండ్రి-క్రుపగల-ప్రభువ-స్తుతిమహిమలు-నీకే
28012,ప్రేమంటూ ఏదైనా ఉంటే యేసేలే అది యేసేలే,missing,,,,https://waytochurch.com/lyrics/song/28012/ప్రేమంటూ-ఏదైనా-ఉంటే-యేసేలే-అది-యేసేలే
28013,ప్రభు ఆత్మ నాలో నిండిపొర్లినప్పుడు,missing,,,,https://waytochurch.com/lyrics/song/28013/ప్రభు-ఆత్మ-నాలో-నిండిపొర్లినప్పుడు
28014,ప్రకాశించెను ఓ దివ్య తార,missing,,,,https://waytochurch.com/lyrics/song/28014/ప్రకాశించెను-ఓ-దివ్య-తార
28015,పాపాన్ని పోగొట్టి శాపాన్ని,missing,,,,https://waytochurch.com/lyrics/song/28015/పాపాన్ని-పోగొట్టి-శాపాన్ని
28016,పొద్దుగూకె బెత్లేములో,missing,,,,https://waytochurch.com/lyrics/song/28016/పొద్దుగూకె-బెత్లేములో
28017,నూతనమైన కృప నవ నూతనమైన కృప,missing,,,,https://waytochurch.com/lyrics/song/28017/నూతనమైన-కృప--నవ-నూతనమైన-కృప
28018,నువివ్వకుంటే ఏది లేదయ్యా,missing,,,,https://waytochurch.com/lyrics/song/28018/నువివ్వకుంటే-ఏది-లేదయ్యా
28019,నీవులేని క్షణమైనా,missing,,,,https://waytochurch.com/lyrics/song/28019/నీవులేని-క్షణమైనా
28020,నీవు లేని బ్రతుకును ఊహించలేను,missing,,,,https://waytochurch.com/lyrics/song/28020/నీవు-లేని-బ్రతుకును-ఊహించలేను
28021,నీవంటివారు లేరు,missing,,,,https://waytochurch.com/lyrics/song/28021/నీవంటివారు-లేరు
28022,నీపై వెలుగు విరజిల్లే సంవత్సరం,missing,,,,https://waytochurch.com/lyrics/song/28022/నీపై-వెలుగు-విరజిల్లే-సంవత్సరం
28023,నినుపోలిన వారెవరు,missing,,,,https://waytochurch.com/lyrics/song/28023/నినుపోలిన-వారెవరు
28024,నేను నడిచే దారులలో నా తోడు నీవుండగా,missing,,,,https://waytochurch.com/lyrics/song/28024/నేను-నడిచే-దారులలో-నా-తోడు-నీవుండగా
28025,నిను ఆశీర్వదింతును,missing,,,,https://waytochurch.com/lyrics/song/28025/నిను-ఆశీర్వదింతును
28026,నేనెల్లప్పుడు యెహోవాను సన్నుతించెదను,in_library_exact,810,Anthaa Naa Meluke,,https://waytochurch.com/lyrics/song/28026/నేనెల్లప్పుడు-యెహోవాను-సన్నుతించెదను
28027,నిన్ను పోలిన వారెవరు,missing,,,,https://waytochurch.com/lyrics/song/28027/నిన్ను-పోలిన-వారెవరు
28028,నిన్ను కొలిచెద రావయ్యా నా యేసన్నా,missing,,,,https://waytochurch.com/lyrics/song/28028/నిన్ను-కొలిచెద-రావయ్యా-నా-యేసన్నా
28029,నేనెంత ధన్యుడనో ప్రియుడా యేసయ్య,missing,,,,https://waytochurch.com/lyrics/song/28029/నేనెంత-ధన్యుడనో-ప్రియుడా-యేసయ్య
28030,నీతోడు చాలయ్య నా బలము నీవయ్యా,missing,,,,https://waytochurch.com/lyrics/song/28030/నీతోడు-చాలయ్య-నా-బలము-నీవయ్యా
28031,నీడను పోలి నా దినములు తరుగుచున్నవి,missing,,,,https://waytochurch.com/lyrics/song/28031/నీడను-పోలి-నా-దినములు-తరుగుచున్నవి
28032,నేడైనా నిజమైన రక్షకుని చేరుమా,missing,,,,https://waytochurch.com/lyrics/song/28032/నేడైనా-నిజమైన-రక్షకుని-చేరుమా
28033,నీ స్నేహము నను మనిషిని చేసింది,missing,,,,https://waytochurch.com/lyrics/song/28033/నీ-స్నేహము-నను-మనిషిని-చేసింది
28034,నీ మందిరానా నేనుండిపోనా,missing,,,,https://waytochurch.com/lyrics/song/28034/నీ-మందిరానా-నేనుండిపోనా
28035,నీ ప్రేమను నీ కరుణను,missing,,,,https://waytochurch.com/lyrics/song/28035/నీ-ప్రేమను-నీ-కరుణను
28036,నా నిరీక్షణ నీలో ఉండగా,missing,,,,https://waytochurch.com/lyrics/song/28036/నా-నిరీక్షణ-నీలో-ఉండగా
28037,నా దాగుచోటు నీవే యేసయ్యా,in_library_contained,145,Nee Paadaale Naaku Sharanam,,https://waytochurch.com/lyrics/song/28037/నా-దాగుచోటు-నీవే-యేసయ్యా
28038,నా జీవితము నీ మాటతోనే ఆరంభించెదన్,missing,,,,https://waytochurch.com/lyrics/song/28038/నా-జీవితము-నీ-మాటతోనే-ఆరంభించెదన్
28039,నా జీవితానికి యజమానుడా,missing,,,,https://waytochurch.com/lyrics/song/28039/నా-జీవితానికి-యజమానుడా
28040,నా గానం నీవయ్య నా హృదయపు పిలుపు నీవె దేవ,missing,,,,https://waytochurch.com/lyrics/song/28040/నా-గానం-నీవయ్య-నా-హృదయపు-పిలుపు-నీవె-దేవ
28041,నీ కంటి పాపవలె నన్ను కాచుటకు,missing,,,,https://waytochurch.com/lyrics/song/28041/నీ-కంటి-పాపవలె-నన్ను-కాచుటకు
28042,నా అడుగులు స్థిరపరచి,in_library_contained,303,Hosanna Hosannaa,,https://waytochurch.com/lyrics/song/28042/నా-అడుగులు-స్థిరపరచి
28043,దేశమా నా దేశమా దేశమా భారత దేశమా,missing,,,,https://waytochurch.com/lyrics/song/28043/దేశమా-నా-దేశమా-దేశమా-భారత-దేశమా
28044,దేవలోక మహిమనంతా భువిపైకి తెచ్చాడు,missing,,,,https://waytochurch.com/lyrics/song/28044/దేవలోక-మహిమనంతా-భువిపైకి-తెచ్చాడు
28045,దైవ ఇష్టమే గాలికే ఉంది తెలుసునా…,missing,,,,https://waytochurch.com/lyrics/song/28045/దైవ-ఇష్టమే-గాలికే-ఉంది-తెలుసునా…
28046,దీనుడా అజేయుడా ఆధరణ కిరణమా,missing,,,,https://waytochurch.com/lyrics/song/28046/దీనుడా-అజేయుడా-ఆధరణ-కిరణమా
28047,దిగివచ్చెను మరణించుటకై,missing,,,,https://waytochurch.com/lyrics/song/28047/దిగివచ్చెను-మరణించుటకై
28048,తరించిపోని నీ ప్రేమలోనే,missing,,,,https://waytochurch.com/lyrics/song/28048/తరించిపోని-నీ-ప్రేమలోనే
28049,తార వెలిసెను చూడు ఆకాశంలోన,missing,,,,https://waytochurch.com/lyrics/song/28049/తార-వెలిసెను-చూడు-ఆకాశంలోన
28050,తండ్రి తనయుని భూమికి పంపిన ఈ వేళ శుభవేళ,missing,,,,https://waytochurch.com/lyrics/song/28050/తండ్రి-తనయుని-భూమికి-పంపిన-ఈ-వేళ-శుభవేళ
28051,జీవదాత స్తుతిపాత్రుడా,missing,,,,https://waytochurch.com/lyrics/song/28051/జీవదాత-స్తుతిపాత్రుడా
28052,జీవిత నావ నడుపుము దేవ,missing,,,,https://waytochurch.com/lyrics/song/28052/జీవిత-నావ-నడుపుము-దేవ
28053,జోలా ప్రభు యేసయ్య ఒడిలోన జోల,missing,,,,https://waytochurch.com/lyrics/song/28053/జోలా-ప్రభు-యేసయ్య-ఒడిలోన-జోల
28054,జయము ప్రార్ధన జయము,missing,,,,https://waytochurch.com/lyrics/song/28054/జయము-ప్రార్ధన-జయము
28055,జ్యోతిర్మయుని జననం సర్వలోకానికి,missing,,,,https://waytochurch.com/lyrics/song/28055/జ్యోతిర్మయుని-జననం--సర్వలోకానికి
28056,జ్ఞాపకం చేసుకో యేసయ్యా,missing,,,,https://waytochurch.com/lyrics/song/28056/జ్ఞాపకం-చేసుకో-యేసయ్యా
28057,చిరకాల స్నేహితుడా నా హృదయాల సన్నిహితుడా,in_library_fuzzy,1019,Chirakaala Snehithudaa,0.889,https://waytochurch.com/lyrics/song/28057/చిరకాల-స్నేహితుడా--నా-హృదయాల-సన్నిహితుడా
28058,చేరి జీవించుడి,missing,,,,https://waytochurch.com/lyrics/song/28058/చేరి-జీవించుడి
28059,గతకాలం అంతా కాచావు నీ కృపలో,missing,,,,https://waytochurch.com/lyrics/song/28059/గతకాలం-అంతా-కాచావు-నీ-కృపలో
28060,కృప చూపుటలో మహాదైశ్వర్యుడా,missing,,,,https://waytochurch.com/lyrics/song/28060/కృప-చూపుటలో-మహాదైశ్వర్యుడా
28061,కలిసేటి అందాల అనుబంధమే,missing,,,,https://waytochurch.com/lyrics/song/28061/కలిసేటి-అందాల-అనుబంధమే
28062,కలిగియున్న సమస్తము నీదేనయ్యా,missing,,,,https://waytochurch.com/lyrics/song/28062/కలిగియున్న-సమస్తము-నీదేనయ్యా
28063,కాచితివి గతకాలం,missing,,,,https://waytochurch.com/lyrics/song/28063/కాచితివి-గతకాలం
28064,కొండలతట్టు కన్నులెత్తి చూసాను యేసయ్యా,missing,,,,https://waytochurch.com/lyrics/song/28064/కొండలతట్టు-కన్నులెత్తి-చూసాను-యేసయ్యా
28065,ఒకమాట చాలు తండ్రీ,missing,,,,https://waytochurch.com/lyrics/song/28065/ఒకమాట-చాలు-తండ్రీ
28066,ఒక్కటే ఆశ జీవిత అభిలాష,missing,,,,https://waytochurch.com/lyrics/song/28066/ఒక్కటే-ఆశ-జీవిత-అభిలాష
28067,ఒక్క పుణ్య కార్యముచే మానవునికి క్రుపాదానమే,missing,,,,https://waytochurch.com/lyrics/song/28067/ఒక్క-పుణ్య-కార్యముచే--మానవునికి-క్రుపాదానమే
28068,ఒంటరి పయనంలో ఎవరు లేకున్నా,missing,,,,https://waytochurch.com/lyrics/song/28068/ఒంటరి-పయనంలో-ఎవరు-లేకున్నా
28069,ఏపాటిదాననయా నన్నింతగ హెచ్చించుటకు,in_library_exact,986,Epaati Daananayaa,,https://waytochurch.com/lyrics/song/28069/ఏపాటిదాననయా--నన్నింతగ-హెచ్చించుటకు
28070,ఏదో ఆశ నాలో నీతోనే జీవించనీ,missing,,,,https://waytochurch.com/lyrics/song/28070/ఏదో-ఆశ-నాలో-నీతోనే-జీవించనీ
28071,ఏ రీతిగా నిన్ను స్తుతించగలను,missing,,,,https://waytochurch.com/lyrics/song/28071/ఏ-రీతిగా-నిన్ను-స్తుతించగలను
28072,ఏ రీతిగా కొలిచెద నీ ప్రేమలో నిలిచెద,missing,,,,https://waytochurch.com/lyrics/song/28072/ఏ-రీతిగా-కొలిచెద--నీ-ప్రేమలో-నిలిచెద
28073,ఎరుగని రీతిగా,missing,,,,https://waytochurch.com/lyrics/song/28073/ఎరుగని-రీతిగా
28074,ఎందుకో నన్నింతగా ప్రేమించినావని,missing,,,,https://waytochurch.com/lyrics/song/28074/ఎందుకో-నన్నింతగా-ప్రేమించినావని
28075,ఎంత కాలమో ఈ లోక ఆశలపై ధ్యాస,missing,,,,https://waytochurch.com/lyrics/song/28075/ఎంత-కాలమో-ఈ-లోక-ఆశలపై-ధ్యాస
28076,ఊహించలేను నీ ప్రేమను నా ఊహ చాలదయ,missing,,,,https://waytochurch.com/lyrics/song/28076/ఊహించలేను-నీ-ప్రేమను-నా-ఊహ-చాలదయ
28077,ఉన్నానయా నేనున్నానయ్యా,missing,,,,https://waytochurch.com/lyrics/song/28077/ఉన్నానయా-నేనున్నానయ్యా
28078,ఉన్నతుడా అత్యున్నతుడా,missing,,,,https://waytochurch.com/lyrics/song/28078/ఉన్నతుడా-అత్యున్నతుడా
28079,ఈ రేయి చల్లనిది,missing,,,,https://waytochurch.com/lyrics/song/28079/ఈ-రేయి-చల్లనిది
28080,ఆనందగీతం నే పాడెద క్రిస్మస్ శుభవేళలో,missing,,,,https://waytochurch.com/lyrics/song/28080/ఆనందగీతం-నే-పాడెద-క్రిస్మస్-శుభవేళలో
28081,ఆనందంతో సందడి చేద్దాం,missing,,,,https://waytochurch.com/lyrics/song/28081/ఆనందంతో-సందడి-చేద్దాం
28082,ఆనందం ఆర్భాటమే ఇలలో,missing,,,,https://waytochurch.com/lyrics/song/28082/ఆనందం-ఆర్భాటమే-ఇలలో
28083,ఆదియు నీవె అంతము నీవె,in_library_exact,1675,Aadiyu Neeve Anthamu Neeve,,https://waytochurch.com/lyrics/song/28083/ఆదియు-నీవె-అంతము-నీవె
28084,అలసితివా ప్రభు మోకరించితివా,missing,,,,https://waytochurch.com/lyrics/song/28084/అలసితివా-ప్రభు-మోకరించితివా
28085,అమ్మను మించిన ప్రేమే నీదయ్యా,missing,,,,https://waytochurch.com/lyrics/song/28085/అమ్మను-మించిన-ప్రేమే-నీదయ్యా
28086,అనుదినము నూతనముగా వాత్సల్యత నీకు కలుగును,missing,,,,https://waytochurch.com/lyrics/song/28086/అనుదినము-నూతనముగా--వాత్సల్యత-నీకు-కలుగును
28087,అద్భుత విజయం మనదే మనదే యేసుని నామంలో,missing,,,,https://waytochurch.com/lyrics/song/28087/అద్భుత-విజయం-మనదే-మనదే-యేసుని-నామంలో
28088,అత్యున్నత సింహాసనముపై ఆశీనుడవైన నా దేవా,in_library_prefix,541,Athyunnatha Simhaasanumpai (Yesanna),0.750,https://waytochurch.com/lyrics/song/28088/అత్యున్నత-సింహాసనముపై--ఆశీనుడవైన-నా-దేవా
28089,అడవి పుష్పమా సంతోషించుమా కస్తురీ పుష్పమా ఉల్లసించుమా,missing,,,,https://waytochurch.com/lyrics/song/28089/అడవి-పుష్పమా-సంతోషించుమా--కస్తురీ-పుష్పమా-ఉల్లసించుమా
28090,అందాల చిన్ని గూటిలోన పుట్టిన పిచ్చుకను,missing,,,,https://waytochurch.com/lyrics/song/28090/అందాల-చిన్ని-గూటిలోన--పుట్టిన-పిచ్చుకను
28477,హృదయమా న హృదయమా,missing,,,,https://waytochurch.com/lyrics/song/28477/హృదయమా-న-హృదయమా
28478,సంతోషమే నా యేసునిలో,missing,,,,https://waytochurch.com/lyrics/song/28478/సంతోషమే-నా-యేసునిలో
28502,Nanna Yesuve Nanna Yesuve,unusable-title,,,,https://waytochurch.com/lyrics/song/28502/Nanna-Yesuve-Nanna-Yesuve
28504,Yella Maghimegu Ganathegu,unusable-title,,,,https://waytochurch.com/lyrics/song/28504/Yella-Maghimegu-Ganathegu
28508,నాయేసయ్య నీ కృప యే చాలయ్య,missing,,,,https://waytochurch.com/lyrics/song/28508/నాయేసయ్య-నీ-కృప-యే-చాలయ్య
28513,Yessappa Neenandhre Nanna Ghishta,unusable-title,,,,https://waytochurch.com/lyrics/song/28513/Yessappa-Neenandhre-Nanna-Ghishta
28517,Sugali Madhyalo,unusable-title,,,,https://waytochurch.com/lyrics/song/28517/Sugali-Madhyalo
28532,మంచివాడా మంచివాడా,missing,,,,https://waytochurch.com/lyrics/song/28532/మంచివాడా-మంచివాడా
28546,Samudhrava Vibajisi Nadesuve Nee,unusable-title,,,,https://waytochurch.com/lyrics/song/28546/Samudhrava-Vibajisi-Nadesuve-Nee
28561,ఊహకందనంత ఉన్నతం నాపట్ల,missing,,,,https://waytochurch.com/lyrics/song/28561/ఊహకందనంత-ఉన్నతం-నాపట్ల
28580,యేసయ్య జన్మించే ఈ నేలపై,missing,,,,https://waytochurch.com/lyrics/song/28580/యేసయ్య-జన్మించే-ఈ-నేలపై
28623,యేసు నిన్ను నే స్తుతియించుట,in_library_exact,1422,Maananu Maananu,,https://waytochurch.com/lyrics/song/28623/యేసు-నిన్ను-నే-స్తుతియించుట
28624,నీవే నాకు తండ్రివని నీవే నా దేవుడని,missing,,,,https://waytochurch.com/lyrics/song/28624/నీవే-నాకు-తండ్రివని-నీవే-నా-దేవుడని
28627,రాజుల రాజు పుట్టెను బేత్లహేములో,missing,,,,https://waytochurch.com/lyrics/song/28627/రాజుల-రాజు-పుట్టెను-బేత్లహేములో
28628,బంగారము వీధులున్న నగరములోన,missing,,,,https://waytochurch.com/lyrics/song/28628/బంగారము-వీధులున్న-నగరములోన
28631,క్రిస్మస్ శుభవేళలో మన అందరి హృదయాలలో,missing,,,,https://waytochurch.com/lyrics/song/28631/క్రిస్మస్-శుభవేళలో--మన-అందరి-హృదయాలలో
28632,ఇది ఆశ్చర్యమే,missing,,,,https://waytochurch.com/lyrics/song/28632/ఇది-ఆశ్చర్యమే
28634,ఎడబాయని నీ కృప,in_library_exact,1213,Edabaayani Nee Krupa,,https://waytochurch.com/lyrics/song/28634/ఎడబాయని-నీ-కృప
28636,ఎబినేజరే other version,unusable-title,,,,https://waytochurch.com/lyrics/song/28636/ఎబినేజరే--other-version
28641,ఎలా ఇలా,unusable-title,,,,https://waytochurch.com/lyrics/song/28641/ఎలా-ఇలా
28642,క్రిస్ట్మస్ మాషప్ 5.0 రా రండి జనులార,missing,,,,https://waytochurch.com/lyrics/song/28642/క్రిస్ట్మస్-మాషప్-5.0-రా-రండి-జనులార
28643,మెరిసే నింగిలో మెరిసే ఓ తార,missing,,,,https://waytochurch.com/lyrics/song/28643/మెరిసే-నింగిలో-మెరిసే-ఓ-తార
28644,దేవుడే మానవునిగా జన్మించెను,missing,,,,https://waytochurch.com/lyrics/song/28644/దేవుడే-మానవునిగా-జన్మించెను
28645,ఆకాశవీధిలో ఒక తార వెలిసింది,missing,,,,https://waytochurch.com/lyrics/song/28645/ఆకాశవీధిలో-ఒక-తార-వెలిసింది
28656,ఇమ్మానుఎల్ నాతొ వున్న వాడ,missing,,,,https://waytochurch.com/lyrics/song/28656/ఇమ్మానుఎల్-నాతొ-వున్న-వాడ
28659,మహాదేవుడా మహోన్నతుడా మహాఘనుడా,missing,,,,https://waytochurch.com/lyrics/song/28659/మహాదేవుడా-మహోన్నతుడా-మహాఘనుడా
28661,జగమంతా సంబరమే 2,missing,,,,https://waytochurch.com/lyrics/song/28661/జగమంతా-సంబరమే-2
28669,నా దేవుడు గొప్పవాడు ఏదైనా చెయ్యగలడు,missing,,,,https://waytochurch.com/lyrics/song/28669/నా-దేవుడు-గొప్పవాడు--ఏదైనా-చెయ్యగలడు
28677,కృతజ్ఞత ఏమి చేసి నీ రుణము తీర్తుమయ్య,missing,,,,https://waytochurch.com/lyrics/song/28677/కృతజ్ఞత--ఏమి-చేసి-నీ-రుణము-తీర్తుమయ్య
28687,చేసేవన్నీ అద్భుతాలే మరువలేను నీదు మేలే,missing,,,,https://waytochurch.com/lyrics/song/28687/చేసేవన్నీ-అద్భుతాలే--మరువలేను-నీదు-మేలే
28738,ఎత్తైన కొండపైన,missing,,,,https://waytochurch.com/lyrics/song/28738/ఎత్తైన-కొండపైన
29499,అదిగదిగో ఒక యుద్ధం,in_library_exact,800,Adhigadhigo Oka Yuddham,,https://waytochurch.com/lyrics/song/29499/అదిగదిగో-ఒక-యుద్ధం
29501,ఎవరికి ఎవరు ఈ లోకములో,missing,,,,https://waytochurch.com/lyrics/song/29501/ఎవరికి-ఎవరు-ఈ-లోకములో
29504,పరిశుద్ధుడా పరిపూర్ణుడా,in_library_lyric_line,554,Sthuthiyu Mahima (Aaraadhana),,https://waytochurch.com/lyrics/song/29504/పరిశుద్ధుడా-పరిపూర్ణుడా
29506,సుకుమారుడా జగములనేలే పరిపాలక,missing,,,,https://waytochurch.com/lyrics/song/29506/సుకుమారుడా-జగములనేలే-పరిపాలక
29508,ఆశ్రయుడా నా యేసయ్య,missing,,,,https://waytochurch.com/lyrics/song/29508/ఆశ్రయుడా-నా-యేసయ్య
29530,యేసయ్యా నా ప్రాణమా ఘనమైన స్తుతిగానమా,missing,,,,https://waytochurch.com/lyrics/song/29530/యేసయ్యా-నా-ప్రాణమా--ఘనమైన-స్తుతిగానమా
29531,పరిశుద్దుడా పరిపూర్ణుడా,in_library_lyric_line,554,Sthuthiyu Mahima (Aaraadhana),,https://waytochurch.com/lyrics/song/29531/పరిశుద్దుడా-పరిపూర్ణుడా
29535,జీవము గల దేవుని సంఘ,in_library_contained,1528,Jeevamugala Devuni Sangham,,https://waytochurch.com/lyrics/song/29535/జీవము-గల-దేవుని-సంఘ
29536,జీవాధిపతివి నీవే నా,missing,,,,https://waytochurch.com/lyrics/song/29536/జీవాధిపతివి-నీవే-నా
29537,జీవితమంటే మాటలు,missing,,,,https://waytochurch.com/lyrics/song/29537/జీవితమంటే-మాటలు
29538,జీవితాంతము వరకు నీకే,in_library_contained,1532,Jeevithaanthamu Varaku Neeke,,https://waytochurch.com/lyrics/song/29538/జీవితాంతము-వరకు-నీకే
29539,జీవింతు నేను ఇకమీదట,in_library_contained,334,Jeevinthu Nenu,,https://waytochurch.com/lyrics/song/29539/జీవింతు-నేను-ఇకమీదట
29540,జాలిగల దైవమా యేసయ్యా,in_library_exact,1344,Jaaligala Daivamaa Yesayyaa,,https://waytochurch.com/lyrics/song/29540/జాలిగల-దైవమా-యేసయ్యా
29541,సిలువ బరువయెనా రుధిరం ధారలయేనా,missing,,,,https://waytochurch.com/lyrics/song/29541/సిలువ-బరువయెనా-రుధిరం-ధారలయేనా
29542,జయించువారిని కొనిపోవ,in_library_exact,654,Jayinchuvaarini,,https://waytochurch.com/lyrics/song/29542/జయించువారిని-కొనిపోవ
29543,షారోను రోజావే నా ప్రాణ స్నేహమే,in_library_exact,1591,Sharoonu Rojaave Naa Praana Snehame,,https://waytochurch.com/lyrics/song/29543/షారోను-రోజావే--నా-ప్రాణ-స్నేహమే
29544,మిన్నయైన ప్రేమ చూపిన యేసయ్యా,missing,,,,https://waytochurch.com/lyrics/song/29544/మిన్నయైన-ప్రేమ-చూపిన-యేసయ్యా
29545,జన్మించె జన్మించె యేసయ్యా పశువుల పాకలోనా,in_library_contained,900,Janminche Janminche Yesayyaa,,https://waytochurch.com/lyrics/song/29545/జన్మించె-జన్మించె-యేసయ్యా-పశువుల-పాకలోనా
29546,జన్మించె జనంబులకు ఇమ్మానుయేల,in_library_exact,866,Janminche Janambulaku,,https://waytochurch.com/lyrics/song/29546/జన్మించె-జనంబులకు-ఇమ్మానుయేల
29547,పాడనా స్తోత్ర కీర్తన పాడనా హృదయాలపన,missing,,,,https://waytochurch.com/lyrics/song/29547/పాడనా-స్తోత్ర-కీర్తన-పాడనా-హృదయాలపన
29548,జగములనేలే శ్రీ యేసా,in_library_exact,630,Jagamulanele Shree Yesaa,,https://waytochurch.com/lyrics/song/29548/జగములనేలే-శ్రీ-యేసా
29549,జై జై యేసు రాజా,missing,,,,https://waytochurch.com/lyrics/song/29549/జై-జై-యేసు-రాజా
29550,జై జై జై యేసయ్యా,missing,,,,https://waytochurch.com/lyrics/song/29550/జై-జై-జై-యేసయ్యా
29551,ఇహలోక పాపి కొరక,in_library_exact,993,Ihaloka Paapi Koraku,,https://waytochurch.com/lyrics/song/29551/ఇహలోక-పాపి-కొరక
29552,ఇశ్రాయేలు సైన్యములకు ముంద,in_library_contained,650,Ishraayelu Sainyamulaku,,https://waytochurch.com/lyrics/song/29552/ఇశ్రాయేలు-సైన్యములకు-ముంద
29553,ఇశ్రాయేలు రాజువే,in_library_exact,1560,Ishraayelu Raajuve,,https://waytochurch.com/lyrics/song/29553/ఇశ్రాయేలు-రాజువే
29554,ఇశ్రాయేలు దేవా నా,missing,,,,https://waytochurch.com/lyrics/song/29554/ఇశ్రాయేలు-దేవా-నా
29555,ఇమ్మానుయేలు దేవుడా,missing,,,,https://waytochurch.com/lyrics/song/29555/ఇమ్మానుయేలు-దేవుడా
29556,ఇన్నాళ్లు తోడుగా మాతో,missing,,,,https://waytochurch.com/lyrics/song/29556/ఇన్నాళ్లు-తోడుగా-మాతో
29557,నీవు కలిగిన కోరికకై,missing,,,,https://waytochurch.com/lyrics/song/29557/నీవు-కలిగిన-కోరికకై
29558,ఇద్దరొక్కటిగ మారేటి,in_library_contained,1055,Iddarokkatiga Maareti,,https://waytochurch.com/lyrics/song/29558/ఇద్దరొక్కటిగ-మారేటి
29559,ఇదిగో నేనొక నూతన,missing,,,,https://waytochurch.com/lyrics/song/29559/ఇదిగో-నేనొక-నూతన
29560,ఇన్నేళ్ళుగా మాతో ఉండి నడిపించవయ్యా,missing,,,,https://waytochurch.com/lyrics/song/29560/ఇన్నేళ్ళుగా-మాతో-ఉండి-నడిపించవయ్యా
29561,ఇది శుభోదయం,missing,,,,https://waytochurch.com/lyrics/song/29561/ఇది-శుభోదయం
29562,ఇదే నా హృదయ వాంఛన,in_library_exact,610,Idhe Naa Hrudaya Vaanchana,,https://waytochurch.com/lyrics/song/29562/ఇదే-నా-హృదయ-వాంఛన
29563,ఇది దేవుని నిర్ణయము,in_library_exact,1365,Idhi Devuni Nirnayamu,,https://waytochurch.com/lyrics/song/29563/ఇది-దేవుని-నిర్ణయము
29564,ఇంతవరకు నీవు,missing,,,,https://waytochurch.com/lyrics/song/29564/ఇంతవరకు-నీవు
29566,ఇంటి మీద నున్న ఒంటరి,missing,,,,https://waytochurch.com/lyrics/song/29566/ఇంటి-మీద-నున్న-ఒంటరి
29576,నీతో ఉంటే జీవితం,missing,,,,https://waytochurch.com/lyrics/song/29576/నీతో-ఉంటే-జీవితం
29577,పిండమునై నేను నా తల్లి గర్భమున,missing,,,,https://waytochurch.com/lyrics/song/29577/పిండమునై-నేను-నా-తల్లి-గర్భమున
29578,నీ రక్తం చల్లింది ఓ దేవా,missing,,,,https://waytochurch.com/lyrics/song/29578/నీ-రక్తం-చల్లింది-ఓ-దేవా
29579,ఏ రీతిగా నిను పాడెదను నా ఆశ్రయదుర్గమా,missing,,,,https://waytochurch.com/lyrics/song/29579/ఏ-రీతిగా-నిను-పాడెదను-నా-ఆశ్రయదుర్గమా
29581,సమర్థుడా నా యేసయ్య,missing,,,,https://waytochurch.com/lyrics/song/29581/సమర్థుడా-నా-యేసయ్య
29583,నీవు తోడైయుండగా,missing,,,,https://waytochurch.com/lyrics/song/29583/నీవు-తోడైయుండగా
29584,నీ త్యాగం నా విలువను పెంచింది,missing,,,,https://waytochurch.com/lyrics/song/29584/నీ-త్యాగం-నా-విలువను-పెంచింది
29590,ఎల్ రోయి వై నను చూడగా,missing,,,,https://waytochurch.com/lyrics/song/29590/ఎల్-రోయి-వై-నను-చూడగా
29595,విశేషమైన కృప,missing,,,,https://waytochurch.com/lyrics/song/29595/విశేషమైన-కృప
29596,బలవంతుడా ధనవంతుడా,missing,,,,https://waytochurch.com/lyrics/song/29596/బలవంతుడా-ధనవంతుడా
29597,ప్రతి ఉదయం నీ కృపను,missing,,,,https://waytochurch.com/lyrics/song/29597/ప్రతి-ఉదయం-నీ-కృపను
29598,న్యాయముగా నడుచుకొని ప్రేమతొ హృదయము నింపుకొని,missing,,,,https://waytochurch.com/lyrics/song/29598/న్యాయముగా-నడుచుకొని-ప్రేమతొ-హృదయము-నింపుకొని
29599,నీ కృప లేనిదే నీ దయ లేనిదే,missing,,,,https://waytochurch.com/lyrics/song/29599/నీ-కృప-లేనిదే-నీ-దయ-లేనిదే
29600,నీ ఉదయ కాంతిలో నే నడచివెళ్ళెద,missing,,,,https://waytochurch.com/lyrics/song/29600/నీ-ఉదయ-కాంతిలో--నే-నడచివెళ్ళెద
29601,దేవుడు చూస్తున్నాడు,missing,,,,https://waytochurch.com/lyrics/song/29601/దేవుడు-చూస్తున్నాడు
29602,తప్పిపోయిన గొర్రెను నేను,missing,,,,https://waytochurch.com/lyrics/song/29602/తప్పిపోయిన-గొర్రెను-నేను
29603,జాలరి జాలరి జాలరి జాలరి జాలరివా యేసు జారి పోయిన వారి కోసం వచ్చేవా,missing,,,,https://waytochurch.com/lyrics/song/29603/జాలరి-జాలరి-జాలరి-జాలరి-జాలరివా-యేసు-జారి-పోయిన-వారి-కోసం-వచ్చేవా
29605,కృప కలిగిన వాడా నీలో నిలిచెదను,missing,,,,https://waytochurch.com/lyrics/song/29605/కృప-కలిగిన-వాడా-నీలో-నిలిచెదను
29606,ఎవరేమనుకుంటున్నా నిన్ ఆరాధిస్తున్న,missing,,,,https://waytochurch.com/lyrics/song/29606/ఎవరేమనుకుంటున్నా-నిన్-ఆరాధిస్తున్న
29607,ఎలాపాడనూ ఏమిచెప్పనూ,missing,,,,https://waytochurch.com/lyrics/song/29607/ఎలాపాడనూ-ఏమిచెప్పనూ
29608,ఇదే కదా జీవితం నీ దరే సదా సాంత్వనం,missing,,,,https://waytochurch.com/lyrics/song/29608/ఇదే-కదా-జీవితం--నీ-దరే-సదా-సాంత్వనం
29609,అతిపరిశుద్ధుడా స్తుతి నైవేద్యము,in_library_exact,1613,Athi Parishuddhudaa Sthuthi Naivedyamu,,https://waytochurch.com/lyrics/song/29609/అతిపరిశుద్ధుడా-స్తుతి-నైవేద్యము
29651,నా భాగస్వామిని,missing,,,,https://waytochurch.com/lyrics/song/29651/నా-భాగస్వామిని
29657,సుసాధ్యమేగా,missing,,,,https://waytochurch.com/lyrics/song/29657/సుసాధ్యమేగా
29658,మేఘస్తంభమైన సన్నిధిని రూపు మార్చగల సన్నిధిని,in_library_exact,1587,Megha sthambamaina sannidhini,,https://waytochurch.com/lyrics/song/29658/మేఘస్తంభమైన-సన్నిధిని-రూపు-మార్చగల-సన్నిధిని
29659,ధవళ సింహాసనం,missing,,,,https://waytochurch.com/lyrics/song/29659/ధవళ-సింహాసనం
29660,గౌరవనీయుడా గలలీయవాడ యేసయ్య నిన్ను ఘనపరచెదనయ్య,missing,,,,https://waytochurch.com/lyrics/song/29660/గౌరవనీయుడా-గలలీయవాడ-యేసయ్య-నిన్ను-ఘనపరచెదనయ్య
29661,ఏ రీతిగా నిన్ను స్తుతియింతును,missing,,,,https://waytochurch.com/lyrics/song/29661/ఏ-రీతిగా-నిన్ను-స్తుతియింతును
29662,ఎవరున్న లేకున్నా నాకేమున్నా లేకున్నా,missing,,,,https://waytochurch.com/lyrics/song/29662/ఎవరున్న-లేకున్నా-నాకేమున్నా-లేకున్నా
29685,సరిచేయుమో దేవా,in_library_exact,994,Sari Cheyumo Devaa,,https://waytochurch.com/lyrics/song/29685/సరిచేయుమో-దేవా
29688,స్థిరపరచువాడవు బలపరచువాడవు,in_library_exact,1636,Emainaa Cheyagalavu,,https://waytochurch.com/lyrics/song/29688/స్థిరపరచువాడవు-బలపరచువాడవు
29698,కృతజ్ఞత స్తోత్రార్పణలు నీకే చెల్లింతును,missing,,,,https://waytochurch.com/lyrics/song/29698/కృతజ్ఞత-స్తోత్రార్పణలు-నీకే-చెల్లింతును
29699,శూన్యమై ఉన్న నన్ను నూటికి నూరుపాలు చేసి,missing,,,,https://waytochurch.com/lyrics/song/29699/శూన్యమై-ఉన్న-నన్ను--నూటికి-నూరుపాలు-చేసి
29705,అసామానుడైన వాడు అవమానపరచడు నిన్ను,missing,,,,https://waytochurch.com/lyrics/song/29705/అసామానుడైన-వాడు--అవమానపరచడు-నిన్ను
29709,ఏమైనా చేయగలవు,missing,,,,https://waytochurch.com/lyrics/song/29709/ఏమైనా-చేయగలవు
29710,సూర్యోదయము మొదలుకొని,missing,,,,https://waytochurch.com/lyrics/song/29710/సూర్యోదయము-మొదలుకొని
29716,కాపరివై నన్ను కాచవే,missing,,,,https://waytochurch.com/lyrics/song/29716/కాపరివై-నన్ను-కాచవే
29720,యేసే నీ ఆధారము దిగులు చెందకు,missing,,,,https://waytochurch.com/lyrics/song/29720/యేసే-నీ-ఆధారము-దిగులు-చెందకు
29722,ఆనందము ఆద్యంతము,missing,,,,https://waytochurch.com/lyrics/song/29722/ఆనందము-ఆద్యంతము
29723,నా కోసం ప్రాణం పెట్టిన నా స్నేహితుడా,missing,,,,https://waytochurch.com/lyrics/song/29723/నా-కోసం-ప్రాణం-పెట్టిన-నా-స్నేహితుడా
29727,స్వస్థపరచు దేవుడు,in_library_contained,317,Ninnu Kaapaadu Devudu,,https://waytochurch.com/lyrics/song/29727/స్వస్థపరచు-దేవుడు
29729,స్వస్థపరచు దేవుడు సర్వ శక్తిమంతుడు,in_library_exact,1610,Swasthaparachu Devudu,,https://waytochurch.com/lyrics/song/29729/స్వస్థపరచు-దేవుడు--సర్వ-శక్తిమంతుడు
29730,మెరిసేటి తారలా నను వెలిగించు,missing,,,,https://waytochurch.com/lyrics/song/29730/మెరిసేటి-తారలా-నను-వెలిగించు
29732,నా బలముగా క్రీస్తు నాకుండగా,missing,,,,https://waytochurch.com/lyrics/song/29732/నా-బలముగా-క్రీస్తు-నాకుండగా
29737,నాకోసం నీ ప్రాణం,missing,,,,https://waytochurch.com/lyrics/song/29737/నాకోసం-నీ-ప్రాణం
29740,లోకములోని ప్రేమలన్ని శాశ్వతం కావు,missing,,,,https://waytochurch.com/lyrics/song/29740/లోకములోని-ప్రేమలన్ని-శాశ్వతం-కావు
29747,ఆపత్కాలమున తన పర్ణశాలలో,missing,,,,https://waytochurch.com/lyrics/song/29747/ఆపత్కాలమున-తన-పర్ణశాలలో
29752,కన్నీటితో నేను కడిగెదను,in_library_contained,108,Naa Naanna Intiki,,https://waytochurch.com/lyrics/song/29752/కన్నీటితో-నేను-కడిగెదను
29753,ఆశగా ఉన్నది,missing,,,,https://waytochurch.com/lyrics/song/29753/ఆశగా-ఉన్నది
29758,జగములలో నీవే మా ప్రభు,missing,,,,https://waytochurch.com/lyrics/song/29758/జగములలో-నీవే-మా-ప్రభు
29760,యేసయ్యా నా నిరీక్షణ ఆధారమా,missing,,,,https://waytochurch.com/lyrics/song/29760/యేసయ్యా-నా-నిరీక్షణ-ఆధారమా
29761,దెయ్యమా దెయ్యమంటే నీకేంటి భయమా,missing,,,,https://waytochurch.com/lyrics/song/29761/దెయ్యమా-దెయ్యమంటే-నీకేంటి-భయమా
29769,నీతో నడుతుము,missing,,,,https://waytochurch.com/lyrics/song/29769/నీతో-నడుతుము
29773,ఏ రీతి స్తుతింతును,missing,,,,https://waytochurch.com/lyrics/song/29773/ఏ-రీతి-స్తుతింతును
29776,అబ్బా నిన్నే ప్రేమిస్తున్నా,missing,,,,https://waytochurch.com/lyrics/song/29776/అబ్బా-నిన్నే-ప్రేమిస్తున్నా
29777,ఆశ్చర్యకరుడా నా యేసయ్యా,missing,,,,https://waytochurch.com/lyrics/song/29777/ఆశ్చర్యకరుడా-నా-యేసయ్యా
29781,ఊహ కందదయ్యా నీ కార్యము,missing,,,,https://waytochurch.com/lyrics/song/29781/ఊహ-కందదయ్యా-నీ-కార్యము
29786,నీ ప్రేమ నాకు కావాలయ్యా,missing,,,,https://waytochurch.com/lyrics/song/29786/నీ-ప్రేమ-నాకు-కావాలయ్యా
29793,నీ కృపయే నా జీవితము,missing,,,,https://waytochurch.com/lyrics/song/29793/నీ-కృపయే-నా-జీవితము
29794,ముందుకే వెళ్లెదను,missing,,,,https://waytochurch.com/lyrics/song/29794/ముందుకే-వెళ్లెదను
29800,తల్లి వడిలో పవలించె బిడ్డవలే,missing,,,,https://waytochurch.com/lyrics/song/29800/తల్లి-వడిలో-పవలించె-బిడ్డవలే
29801,దూతలు దిగివచ్చే,missing,,,,https://waytochurch.com/lyrics/song/29801/దూతలు-దిగివచ్చే
29805,నేనైతే నీకృపయందు,missing,,,,https://waytochurch.com/lyrics/song/29805/నేనైతే-నీకృపయందు
29808,నా హృదయం నీతో నిండనే,missing,,,,https://waytochurch.com/lyrics/song/29808/నా-హృదయం-నీతో-నిండనే
29809,అబ్రాహాము గారి విశ్వాసం,missing,,,,https://waytochurch.com/lyrics/song/29809/అబ్రాహాము-గారి-విశ్వాసం
29816,జీవాహారము క్రీస్తే జీవాధిపతి శ్రీ యేసే,missing,,,,https://waytochurch.com/lyrics/song/29816/జీవాహారము-క్రీస్తే-జీవాధిపతి-శ్రీ-యేసే
29822,రారాజు పుట్టెను నింగిలో తార వెలిసేను,missing,,,,https://waytochurch.com/lyrics/song/29822/రారాజు-పుట్టెను--నింగిలో-తార-వెలిసేను
29823,నీవు లేక క్షణమైనా నిలువ లేను,missing,,,,https://waytochurch.com/lyrics/song/29823/నీవు-లేక-క్షణమైనా-నిలువ-లేను
29828,ఆనందించుడి,unusable-title,,,,https://waytochurch.com/lyrics/song/29828/ఆనందించుడి
29831,క్రీస్తుజన్మించె నేడు కాంతి ఉదయించెనే,missing,,,,https://waytochurch.com/lyrics/song/29831/క్రీస్తుజన్మించె-నేడు-కాంతి-ఉదయించెనే
29832,ధరణిలో వెలసినాడు,missing,,,,https://waytochurch.com/lyrics/song/29832/ధరణిలో-వెలసినాడు
29833,కోత విస్తారమేగాని పనివారు కొద్దిగా ఉన్నారు,missing,,,,https://waytochurch.com/lyrics/song/29833/కోత-విస్తారమేగాని-పనివారు-కొద్దిగా-ఉన్నారు
29842,ప్రేమే నా మార్గం దేవా,missing,,,,https://waytochurch.com/lyrics/song/29842/ప్రేమే-నా-మార్గం-దేవా
29846,తల్లి మరచిన తండ్రి విడచిన,in_library_lyric_line,459,Evaru Unnaa Lekunnaa,,https://waytochurch.com/lyrics/song/29846/తల్లి-మరచిన-తండ్రి-విడచిన
29847,స్తోత్రార్హుడా నా యేసయ్యా,in_library_contained,308,Neekasaadhyamainadi Ediyu Ledu,,https://waytochurch.com/lyrics/song/29847/స్తోత్రార్హుడా-నా-యేసయ్యా
29852,కరుణాత్ముడే కదిలొచ్చాడే,missing,,,,https://waytochurch.com/lyrics/song/29852/కరుణాత్ముడే-కదిలొచ్చాడే
29856,సర్వలోకాన సంతోషమే,missing,,,,https://waytochurch.com/lyrics/song/29856/సర్వలోకాన-సంతోషమే
29857,ఎండమావులే జీవనదులై,missing,,,,https://waytochurch.com/lyrics/song/29857/ఎండమావులే-జీవనదులై
29860,కనికర పూర్ణుడా నా యెసయ్యా,missing,,,,https://waytochurch.com/lyrics/song/29860/కనికర-పూర్ణుడా-నా-యెసయ్యా
29875,లోకమునకు వెలుగుగా 0,missing,,,,https://waytochurch.com/lyrics/song/29875/లోకమునకు-వెలుగుగా--0
29876,జన్మించేను ఇమ్మానుయేలు,missing,,,,https://waytochurch.com/lyrics/song/29876/జన్మించేను-ఇమ్మానుయేలు
29877,దేవా మా కుటుంబము నీ సేవకే అంకితము,in_library_exact,1356,Devaa Maa Kutumbamu,,https://waytochurch.com/lyrics/song/29877/దేవా-మా-కుటుంబము-నీ-సేవకే-అంకితము
29878,నీవు లేని క్షణము,missing,,,,https://waytochurch.com/lyrics/song/29878/నీవు-లేని-క్షణము
29879,అందాల బాల యేసు అందరికి వెలుగునిచ్చె,missing,,,,https://waytochurch.com/lyrics/song/29879/అందాల-బాల-యేసు-అందరికి-వెలుగునిచ్చె
29893,చక్కనివాడమ్మ,missing,,,,https://waytochurch.com/lyrics/song/29893/చక్కనివాడమ్మ
29894,యూదుల రాజుగ,missing,,,,https://waytochurch.com/lyrics/song/29894/యూదుల-రాజుగ
29895,యేసు యేసు గొప్ప రాజు,missing,,,,https://waytochurch.com/lyrics/song/29895/యేసు-యేసు-గొప్ప-రాజు
29907,వందనాలయ్యా వందనాలయ్యా,in_library_lyric_line,1274,Intha Varaku Kaapaadinaavu,,https://waytochurch.com/lyrics/song/29907/వందనాలయ్యా-వందనాలయ్యా
29908,నూతన సంవత్సరములో నడిపించుము ప్రభువా,missing,,,,https://waytochurch.com/lyrics/song/29908/నూతన-సంవత్సరములో-నడిపించుము-ప్రభువా
29911,ప్రవచేన సారము ప్రభవించెను ఇలలోన,missing,,,,https://waytochurch.com/lyrics/song/29911/ప్రవచేన-సారము-ప్రభవించెను-ఇలలోన
29917,జాలరి పండుగ,missing,,,,https://waytochurch.com/lyrics/song/29917/జాలరి-పండుగ
29918,చేప కడుపులో యోనా,missing,,,,https://waytochurch.com/lyrics/song/29918/చేప-కడుపులో-యోనా
29925,విశ్వాధిపతివని పొగిడి శోధను వివరించెదను,missing,,,,https://waytochurch.com/lyrics/song/29925/విశ్వాధిపతివని-పొగిడి-శోధను-వివరించెదను
29926,గతించిన కాలమంతా,missing,,,,https://waytochurch.com/lyrics/song/29926/గతించిన-కాలమంతా
29929,యేసు రాజు జన్మించినాడు నీకోసం,missing,,,,https://waytochurch.com/lyrics/song/29929/యేసు-రాజు-జన్మించినాడు-నీకోసం
29932,భయమేస్తుంది యేసయ్య భయానికి జవాబు యేసు,missing,,,,https://waytochurch.com/lyrics/song/29932/భయమేస్తుంది-యేసయ్య--భయానికి-జవాబు-యేసు
29933,లోకానికే శుభవార్త,missing,,,,https://waytochurch.com/lyrics/song/29933/లోకానికే-శుభవార్త
29934,నీలాంటి ప్రేమ ఎవరు చూపలేరు ​ ​,missing,,,,https://waytochurch.com/lyrics/song/29934/నీలాంటి-ప్రేమ-ఎవరు-చూపలేరు--​-​
29935,ఆరాధనకు అర్హుడు,missing,,,,https://waytochurch.com/lyrics/song/29935/ఆరాధనకు-అర్హుడు
29938,అందుకొనుమా స్వాగతం,missing,,,,https://waytochurch.com/lyrics/song/29938/అందుకొనుమా-స్వాగతం
29939,దేవుడే యేసు దేవుడే నజరేయుడైన యేసు,missing,,,,https://waytochurch.com/lyrics/song/29939/దేవుడే-యేసు-దేవుడే-నజరేయుడైన-యేసు
29940,యేసు క్రీస్తు ప్రభువు అందరికీ ప్రభువు,missing,,,,https://waytochurch.com/lyrics/song/29940/యేసు-క్రీస్తు-ప్రభువు-అందరికీ-ప్రభువు
29966,ఇంతకాలం మమ్మును,missing,,,,https://waytochurch.com/lyrics/song/29966/ఇంతకాలం-మమ్మును
29971,నా విజయ సారథి నీవే,missing,,,,https://waytochurch.com/lyrics/song/29971/నా-విజయ-సారథి-నీవే
29972,నూతన వత్సర శుభవేళలో,missing,,,,https://waytochurch.com/lyrics/song/29972/నూతన-వత్సర-శుభవేళలో
29973,ప్రభువా దృష్టించుము నాకు ఇబ్బంది కలిగెను,missing,,,,https://waytochurch.com/lyrics/song/29973/ప్రభువా-దృష్టించుము-నాకు-ఇబ్బంది-కలిగెను
29977,ప్రేమస్వరూపుడా,missing,,,,https://waytochurch.com/lyrics/song/29977/ప్రేమస్వరూపుడా
29978,సార్వభౌముడా నా యేసయ్యా,missing,,,,https://waytochurch.com/lyrics/song/29978/సార్వభౌముడా-నా-యేసయ్యా
29979,వచ్చిందీ కొత్త సంవత్సరం,missing,,,,https://waytochurch.com/lyrics/song/29979/వచ్చిందీ-కొత్త-సంవత్సరం
29987,కృతజ్ఞతస్తుతులు నీకేనయ్య,in_library_contained,1696,Naathodugaa Unnavaadave,,https://waytochurch.com/lyrics/song/29987/కృతజ్ఞతస్తుతులు-నీకేనయ్య
29988,నీ కన్నులు నన్ను చూచినవి యేసయ్యా,missing,,,,https://waytochurch.com/lyrics/song/29988/నీ-కన్నులు-నన్ను-చూచినవి-యేసయ్యా
29989,నా స్థిరాధారుడా యేసయ్య,missing,,,,https://waytochurch.com/lyrics/song/29989/నా-స్థిరాధారుడా-యేసయ్య
29990,మరణమా జీవమా ఏది కోరుకుంది,missing,,,,https://waytochurch.com/lyrics/song/29990/మరణమా-జీవమా-ఏది-కోరుకుంది
29991,నా దేవా నే నీతో ఉంటా ప్రతిక్షణం,missing,,,,https://waytochurch.com/lyrics/song/29991/నా-దేవా-నే-నీతో-ఉంటా-ప్రతిక్షణం
29992,న్యాయాధిపతి ॥,unusable-title,,,,https://waytochurch.com/lyrics/song/29992/న్యాయాధిపతి---॥
30002,యేసయ్యా నా రాజాధిరాజా,missing,,,,https://waytochurch.com/lyrics/song/30002/యేసయ్యా-నా-రాజాధిరాజా
30008,నా గానం నీవయ్యా,missing,,,,https://waytochurch.com/lyrics/song/30008/నా-గానం-నీవయ్యా
30009,నీ కృప లేనిదే నే బ్రతుకగలనా,missing,,,,https://waytochurch.com/lyrics/song/30009/నీ-కృప-లేనిదే-నే-బ్రతుకగలనా
30010,అనుభవించే ప్రతి యివి,missing,,,,https://waytochurch.com/lyrics/song/30010/అనుభవించే-ప్రతి-యివి
30011,ఆదరించే వారు లేక,missing,,,,https://waytochurch.com/lyrics/song/30011/ఆదరించే-వారు-లేక
30019,యేసు నా సొంతమై,missing,,,,https://waytochurch.com/lyrics/song/30019/యేసు-నా-సొంతమై
30024,నా పక్షమందు,missing,,,,https://waytochurch.com/lyrics/song/30024/నా--పక్షమందు
30025,నీవు చేసిన ఉపకారములకై,in_library_exact,799,Neevu Chesina Upakaaramulaku,,https://waytochurch.com/lyrics/song/30025/నీవు-చేసిన-ఉపకారములకై
30054,ప్రేమే జగతికి మూలం – యేసు క్రీస్తు ప్రేమ,missing,,,,https://waytochurch.com/lyrics/song/30054/ప్రేమే-జగతికి-మూలం-–-యేసు-క్రీస్తు-ప్రేమ
30058,వచ్చేస్తున్నాడు యేసు వచ్చేస్తున్నాడు,missing,,,,https://waytochurch.com/lyrics/song/30058/వచ్చేస్తున్నాడు-యేసు-వచ్చేస్తున్నాడు
30066,యేసు చెప్పెను నేనే మార్గము సత్యము జీవము,missing,,,,https://waytochurch.com/lyrics/song/30066/యేసు-చెప్పెను-నేనే-మార్గము--సత్యము--జీవము
30067,నీ మాటే నాకు ప్రాణం,missing,,,,https://waytochurch.com/lyrics/song/30067/నీ-మాటే-నాకు-ప్రాణం
30083,స్తుతి కీర్తనలకు పాత్రుడైన,missing,,,,https://waytochurch.com/lyrics/song/30083/స్తుతి-కీర్తనలకు-పాత్రుడైన
30084,పిలచిన వాడవు,missing,,,,https://waytochurch.com/lyrics/song/30084/పిలచిన-వాడవు
30089,యేసయ్యా… నన్ను వదలవు నీవు,missing,,,,https://waytochurch.com/lyrics/song/30089/యేసయ్యా…-నన్ను-వదలవు-నీవు
30095,దేవుని ఇష్టం,missing,,,,https://waytochurch.com/lyrics/song/30095/దేవుని-ఇష్టం
30096,కృపయే కదా,unusable-title,,,,https://waytochurch.com/lyrics/song/30096/కృపయే-కదా
30120,నాకష్ట కాలములో ట్రాక్,missing,,,,https://waytochurch.com/lyrics/song/30120/నాకష్ట-కాలములో-ట్రాక్
30121,బ్రతికించుకుంటాను,missing,,,,https://waytochurch.com/lyrics/song/30121/బ్రతికించుకుంటాను
30125,విరిగిన నన్ను విలువగా మార్చిన యేసయ్యా,missing,,,,https://waytochurch.com/lyrics/song/30125/విరిగిన-నన్ను-విలువగా-మార్చిన-యేసయ్యా
30126,యేసయ్యా… నువ్వే నా ఆశ,missing,,,,https://waytochurch.com/lyrics/song/30126/యేసయ్యా…-నువ్వే-నా-ఆశ
30129,చింత దండగ,unusable-title,,,,https://waytochurch.com/lyrics/song/30129/చింత-దండగ
30133,దావీదు వలెనే నాట్యమాడి,missing,,,,https://waytochurch.com/lyrics/song/30133/దావీదు-వలెనే-నాట్యమాడి
30134,కృప కలుగును గాక,missing,,,,https://waytochurch.com/lyrics/song/30134/కృప-కలుగును-గాక
30135,పరిపూర్ణుడా నాయేసయ్యా,missing,,,,https://waytochurch.com/lyrics/song/30135/పరిపూర్ణుడా-నాయేసయ్యా
30141,ఆశ్రయం నీవే యేసయ్యా ఆధారం నీవే మెస్సయ్యా,missing,,,,https://waytochurch.com/lyrics/song/30141/ఆశ్రయం-నీవే-యేసయ్యా--ఆధారం-నీవే-మెస్సయ్యా
30147,షాలేము రాజా నా యేసయ్యా,missing,,,,https://waytochurch.com/lyrics/song/30147/షాలేము-రాజా-నా-యేసయ్యా
30148,నా హృదయం నీ పాదాల దగ్గరే,missing,,,,https://waytochurch.com/lyrics/song/30148/నా-హృదయం-నీ-పాదాల-దగ్గరే
30153,ఎంత కాలమో ఈ అంధకారము,missing,,,,https://waytochurch.com/lyrics/song/30153/ఎంత-కాలమో-ఈ-అంధకారము
30154,కలతలేని నీదు ప్రేమ,missing,,,,https://waytochurch.com/lyrics/song/30154/కలతలేని-నీదు-ప్రేమ
30155,సిలువ వరకు వచ్చిన ప్రేమ,missing,,,,https://waytochurch.com/lyrics/song/30155/సిలువ-వరకు-వచ్చిన-ప్రేమ
30164,వ్యర్థము వ్యర్థం సర్వము,missing,,,,https://waytochurch.com/lyrics/song/30164/వ్యర్థము-వ్యర్థం-సర్వము
30165,అంతము సమీపమైయున్నది,missing,,,,https://waytochurch.com/lyrics/song/30165/అంతము-సమీపమైయున్నది
30166,పరిశుద్ధాత్మునిచే రేపబడుదాం రారాజు సైన్యమా మేల్కొనుము,missing,,,,https://waytochurch.com/lyrics/song/30166/పరిశుద్ధాత్మునిచే-రేపబడుదాం--రారాజు-సైన్యమా-మేల్కొనుము
30167,మరణానికే,unusable-title,,,,https://waytochurch.com/lyrics/song/30167/మరణానికే
30168,ఎన్ని తలచినా ఏదిఅడిగినా కన్నీరు తెప్పించే ఆరాధన గీతం,missing,,,,https://waytochurch.com/lyrics/song/30168/ఎన్ని-తలచినా-ఏదిఅడిగినా--కన్నీరు-తెప్పించే-ఆరాధన-గీతం
30169,నీవే నా దిక్కు,missing,,,,https://waytochurch.com/lyrics/song/30169/నీవే-నా-దిక్కు
30170,నీ సిలువే నా ఆశ,missing,,,,https://waytochurch.com/lyrics/song/30170/నీ-సిలువే-నా-ఆశ
30184,ఎంత మంచి ప్రేమ నీది యేసయ్య,in_library_exact,1661,Entha Manchi Prema Needi Yesayya,,https://waytochurch.com/lyrics/song/30184/ఎంత-మంచి-ప్రేమ-నీది-యేసయ్య
30185,ఏముంది నాలో నీ పరిశుద్ధత లేదే –,missing,,,,https://waytochurch.com/lyrics/song/30185/ఏముంది-నాలో-నీ-పరిశుద్ధత-లేదే---------–
30186,దేవుని కంఠస్వరము సంఘమా గుర్తుపట్టాలి,missing,,,,https://waytochurch.com/lyrics/song/30186/దేవుని-కంఠస్వరము--సంఘమా-గుర్తుపట్టాలి
30187,। ద్రాక్ష తోట నీది ।,missing,,,,https://waytochurch.com/lyrics/song/30187/।-ద్రాక్ష-తోట-నీది-।
30188,ప్రార్థన చేయాలని ఆశగా ఉందయ్యా,missing,,,,https://waytochurch.com/lyrics/song/30188/ప్రార్థన-చేయాలని-ఆశగా-ఉందయ్యా
30196,యోగ్యుడనా నేను అర్హుడనా☦,missing,,,,https://waytochurch.com/lyrics/song/30196/యోగ్యుడనా-నేను-అర్హుడనా☦
30201,కలువరి గిరిలోన,missing,,,,https://waytochurch.com/lyrics/song/30201/కలువరి-గిరిలోన
30203,దేవా నీకే నా స్తుతి పాడెదన్,missing,,,,https://waytochurch.com/lyrics/song/30203/దేవా-నీకే-నా-స్తుతి-పాడెదన్
30204,ధవళ వర్ణుడు,missing,,,,https://waytochurch.com/lyrics/song/30204/ధవళ-వర్ణుడు
30223,విరిగి నలిగిన హృదయము,in_library_contained,954,Yesayya Maata,,https://waytochurch.com/lyrics/song/30223/విరిగి-నలిగిన-హృదయము
30230,మానవ జాతికి మనసుననీతి,missing,,,,https://waytochurch.com/lyrics/song/30230/మానవ-జాతికి-మనసుననీతి
30231,పస్కాబలియాగం,missing,,,,https://waytochurch.com/lyrics/song/30231/పస్కాబలియాగం
30232,మా నిధులు నీ మహిమలో,missing,,,,https://waytochurch.com/lyrics/song/30232/మా-నిధులు-నీ-మహిమలో
30233,యేసయ్య ఓ నా యేసయ్య,missing,,,,https://waytochurch.com/lyrics/song/30233/యేసయ్య-ఓ-నా-యేసయ్య
30236,కనికర కాపరి క్రీస్తు కనికరము కొరకు కనిపెట్టుచు,missing,,,,https://waytochurch.com/lyrics/song/30236/కనికర-కాపరి--క్రీస్తు-కనికరము-కొరకు-కనిపెట్టుచు
30237,సఖుడా దివ్య సఖుడా,missing,,,,https://waytochurch.com/lyrics/song/30237/సఖుడా--దివ్య-సఖుడా
30242,అంతరంగ పురుషుడు సాధుగుణం,missing,,,,https://waytochurch.com/lyrics/song/30242/అంతరంగ-పురుషుడు--సాధుగుణం
30243,పంపుము దేవా పనివారలను – పంటను కోయుటకు,missing,,,,https://waytochurch.com/lyrics/song/30243/పంపుము-దేవా-పనివారలను-–-పంటను-కోయుటకు
30244,యేసయ్యా నీ ప్రేమ గొప్పది,missing,,,,https://waytochurch.com/lyrics/song/30244/యేసయ్యా-నీ-ప్రేమ-గొప్పది
30251,నిను మాత్రమే నే నమ్మానయా,missing,,,,https://waytochurch.com/lyrics/song/30251/నిను-మాత్రమే-నే-నమ్మానయా
30257,గడచిన కాలం కృపలో మమ్ము,missing,,,,https://waytochurch.com/lyrics/song/30257/గడచిన-కాలం-కృపలో-మమ్ము
30258,ఏ క్షణమున ఏమౌనో,missing,,,,https://waytochurch.com/lyrics/song/30258/ఏ-క్షణమున-ఏమౌనో
30263,ఎలోహీం ఎల్షద్దాయి అదోనై,missing,,,,https://waytochurch.com/lyrics/song/30263/ఎలోహీం-ఎల్షద్దాయి-అదోనై
30264,సిలువలో సాగింది యాత్ర,in_library_exact,289,Siluvalo Saagindi Yaathra,,https://waytochurch.com/lyrics/song/30264/సిలువలో-సాగింది-యాత్ర
30265,భవిష్యద్ జ్ఞానము పై నుండి వచ్చు జ్ఞానము,missing,,,,https://waytochurch.com/lyrics/song/30265/భవిష్యద్-జ్ఞానము--పై-నుండి-వచ్చు-జ్ఞానము
30270,ఆనంద గీతాలు నే పాడుతు,missing,,,,https://waytochurch.com/lyrics/song/30270/ఆనంద-గీతాలు-నే-పాడుతు
30271,ఆ పసిపిల్లలు చేసిన తప్పేంటి,missing,,,,https://waytochurch.com/lyrics/song/30271/ఆ-పసిపిల్లలు-చేసిన-తప్పేంటి
30275,నీవే కావాలేసయ్యా,missing,,,,https://waytochurch.com/lyrics/song/30275/నీవే-కావాలేసయ్యా
30276,వర్ధిల్లేదన్,missing,,,,https://waytochurch.com/lyrics/song/30276/వర్ధిల్లేదన్
30277,యేసయ్య నన్ను కనికరించావా,missing,,,,https://waytochurch.com/lyrics/song/30277/యేసయ్య-నన్ను-కనికరించావా
30278,దావీదు కుమారుడా,missing,,,,https://waytochurch.com/lyrics/song/30278/దావీదు-కుమారుడా
30283,జీవజలపు ఊటవు నీవే,missing,,,,https://waytochurch.com/lyrics/song/30283/జీవజలపు-ఊటవు-నీవే
30284,దేవుని వారసులము క్రీస్తులో నిత్యజీవ రాజ్య వారసులము,missing,,,,https://waytochurch.com/lyrics/song/30284/దేవుని-వారసులము--క్రీస్తులో-నిత్యజీవ-రాజ్య-వారసులము
30290,నీకిష్టమైది కావాలి దేవునికి,missing,,,,https://waytochurch.com/lyrics/song/30290/నీకిష్టమైది-కావాలి-దేవునికి
30291,లోకాన్ని మోసింది యేసయ్య సిలువ,missing,,,,https://waytochurch.com/lyrics/song/30291/లోకాన్ని-మోసింది-యేసయ్య-సిలువ
30297,యేసు రక్తము రక్తము రక్తము ✝,in_library_exact,502,Yesu Rakthamu Rakthamu,,https://waytochurch.com/lyrics/song/30297/యేసు-రక్తము-రక్తము-రక్తము-✝
30298,నా భారాన్ని నీ పాదాల దగ్గర ఉంచాను యేసయ్య,missing,,,,https://waytochurch.com/lyrics/song/30298/నా-భారాన్ని-నీ-పాదాల-దగ్గర-ఉంచాను-యేసయ్య
30303,సృష్టికర్త దేవుడు కృపకలిగిన దేవుడు,missing,,,,https://waytochurch.com/lyrics/song/30303/సృష్టికర్త-దేవుడు-కృపకలిగిన-దేవుడు
30305,క్షమించుమో ప్రభో,missing,,,,https://waytochurch.com/lyrics/song/30305/క్షమించుమో-ప్రభో
30306,సిలువ పై నివేదన,missing,,,,https://waytochurch.com/lyrics/song/30306/సిలువ-పై-నివేదన
30307,జ్ఞాపకార్థ గీతం ప్రథమ వర్ధంతి,missing,,,,https://waytochurch.com/lyrics/song/30307/జ్ఞాపకార్థ-గీతం--ప్రథమ-వర్ధంతి
30315,శరణం ప్రభువా,missing,,,,https://waytochurch.com/lyrics/song/30315/శరణం-ప్రభువా
30316,నాలోనే నీవు ఉన్నావు యేసయ్య,missing,,,,https://waytochurch.com/lyrics/song/30316/నాలోనే-నీవు-ఉన్నావు-యేసయ్య
30320,స్తుతిగానము చేసెదన్,in_library_contained,774,Naa Praanamaa Naa Sarvamaa,,https://waytochurch.com/lyrics/song/30320/స్తుతిగానము-చేసెదన్
30321,పరవశమై సర్వశక్తుని దర్శన భాగ్యము పొందుము,missing,,,,https://waytochurch.com/lyrics/song/30321/పరవశమై--సర్వశక్తుని-దర్శన-భాగ్యము-పొందుము
30322,అద్భుత కృప నన్ను కాపాడెను,missing,,,,https://waytochurch.com/lyrics/song/30322/అద్భుత-కృప-నన్ను-కాపాడెను
30323,సమస్త జనులరా యెహోవాకు ఉత్సాహధ్వని చేయుడి,missing,,,,https://waytochurch.com/lyrics/song/30323/సమస్త-జనులరా-యెహోవాకు-ఉత్సాహధ్వని-చేయుడి
30326,నా సహాయకుడు,missing,,,,https://waytochurch.com/lyrics/song/30326/నా-సహాయకుడు
30329,కలువరిలో చిందింపబడెను యేసు రక్తము,missing,,,,https://waytochurch.com/lyrics/song/30329/కలువరిలో-చిందింపబడెను-యేసు-రక్తము
30333,కరములే కరములు యేసయ్యా,missing,,,,https://waytochurch.com/lyrics/song/30333/కరములే-కరములు-యేసయ్యా
30334,సమాప్తము,unusable-title,,,,https://waytochurch.com/lyrics/song/30334/సమాప్తము
30335,👉 దేవుని ఉగ్రత 🔥 నా మహిమను దోచుకున్నవాడా… మేలుకో,missing,,,,https://waytochurch.com/lyrics/song/30335/👉-దేవుని-ఉగ్రత-🔥--నా-మహిమను-దోచుకున్నవాడా…-మేలుకో
30350,జగములనేలె పరిపాలకతెలుగు క్రిస్టియన్ సాంగ్,missing,,,,https://waytochurch.com/lyrics/song/30350/జగములనేలె-పరిపాలకతెలుగు-క్రిస్టియన్-సాంగ్
30351,కుమ్మరించుము నీ ఆత్మను నాపై,missing,,,,https://waytochurch.com/lyrics/song/30351/కుమ్మరించుము-నీ-ఆత్మను-నాపై
30352,సమానులెవరు ప్రభో ఆంధ్ర క్రైస్తవ కీర్తనలు,missing,,,,https://waytochurch.com/lyrics/song/30352/సమానులెవరు-ప్రభో--ఆంధ్ర-క్రైస్తవ-కీర్తనలు
30353,నోరు తెరువని ప్రేమ,missing,,,,https://waytochurch.com/lyrics/song/30353/నోరు-తెరువని-ప్రేమ
30357,చూపినావా నీదు ప్రేమ,missing,,,,https://waytochurch.com/lyrics/song/30357/చూపినావా-నీదు-ప్రేమ
30358,యేసులోనే సంపూర్ణత,missing,,,,https://waytochurch.com/lyrics/song/30358/యేసులోనే-సంపూర్ణత
30359,అన్నివేళలా ఆనందమే,missing,,,,https://waytochurch.com/lyrics/song/30359/అన్నివేళలా-ఆనందమే
30361,మరణము గెలిచిన నా దైవమా,missing,,,,https://waytochurch.com/lyrics/song/30361/మరణము-గెలిచిన-నా-దైవమా
30362,మరణాన్ని గెలిచినోడు,missing,,,,https://waytochurch.com/lyrics/song/30362/మరణాన్ని-గెలిచినోడు
30371,ఇశ్రాయేలు కాపరి,missing,,,,https://waytochurch.com/lyrics/song/30371/ఇశ్రాయేలు-కాపరి
30374,ప్రేమకు ప్రతిఫలముప్రాణ త్యాగమా,missing,,,,https://waytochurch.com/lyrics/song/30374/ప్రేమకు-ప్రతిఫలముప్రాణ-త్యాగమా
30384,ఇమ్మానుయేలనువాడా ఉన్నావు నాతోడు,missing,,,,https://waytochurch.com/lyrics/song/30384/ఇమ్మానుయేలనువాడా-ఉన్నావు-నాతోడు
30388,దివ్య తేజోమయ యేసయ్య,missing,,,,https://waytochurch.com/lyrics/song/30388/దివ్య-తేజోమయ-యేసయ్య
30396,రాజాధి రాజు మహిమాన్వితుడై,missing,,,,https://waytochurch.com/lyrics/song/30396/రాజాధి-రాజు--మహిమాన్వితుడై
30398,ఆరాధన చేతును అన్ని వేళలా,missing,,,,https://waytochurch.com/lyrics/song/30398/ఆరాధన-చేతును-అన్ని-వేళలా
