id,titleEn,titleTe,author,album,category,ragam,language,posted,url,teluguChars,englishChars
3,,పరిశుద్ద పరిశుద్ద ప్రభువా,-,Andhra Kristava keerthanalu,,ragam: శంకరాభరణం-shMkaraabharaNM,TELUGU,2014-10-16,https://waytochurch.com/lyrics/song/3,363,483
4,andhaala thaara arudenche naaki,అందాల తార అరుదెన్ఛె నాకై,A B  Masilamani,andhra Kristava Keerthanalu,Christmas,,TELUGU,2014-10-16,https://waytochurch.com/lyrics/song/4,785,0
5,aparaadini yesaiah,అపరాదిని యేసయ్యా,,andhra Kristava Keerthanalu,,,TELUGU,2014-10-16,https://waytochurch.com/lyrics/song/5,624,0
6,aadedhan paadehan,ఆడెదన్ పాడెదన్,,,,,TELUGU,2014-10-16,https://waytochurch.com/lyrics/song/6,1063,603
7,athyunatha simhasanamu pai,అత్యునత సింహాసనము పై,,andhra Kristava Keerthanalu,,,TELUGU,2014-10-16,https://waytochurch.com/lyrics/song/7,630,0
8,anni namamula kanna pai namamu,అన్ని నమముల కన్న పై నమము,,,,,Telugu,2014-10-16,https://waytochurch.com/lyrics/song/8,977,0
9,aaradhinchedan ninnu naa yesaiah,"ఆరాధించెదను నిన్ను, నా యేసయ్య",,,,,Telugu,2014-10-16,https://waytochurch.com/lyrics/song/9,534,0
21,alayamlo pravesinchandi andharu,ఆలయంలో ప్రవేశించండి అందరూ,,,,,Telugu,2014-10-16,https://waytochurch.com/lyrics/song/21,498,0
22,ascharya mina prema,ఆశ్చర్యమైన ప్రేమ కల్వరిలోని ప్రేమ,,,Good Friday,,Telugu,2014-10-16,https://waytochurch.com/lyrics/song/22,560,0
23,aaha mahaanandame,ఆహా మహానందమే ఇహ పరంబులన్,,,,,Telugu,2014-10-16,https://waytochurch.com/lyrics/song/23,545,0
24,idi kothaku samayam,ఇది కోతకు సమయం పనివారి తరుణం ప్రార్ధన చేయుదమా,,,,,Telugu,2014-10-16,https://waytochurch.com/lyrics/song/24,365,0
25,udhayakanthi rekalo,ఉదయ కాంతి రేఖలో బెత్లెహేము పురమున,,,,,Telugu,2014-10-16,https://waytochurch.com/lyrics/song/25,417,0
26,unnanthamyna prema dm,ఉన్నతమైన ప్రేమ అత్యున్నతమైన ప్రేమ,,,,,Telugu,2014-10-16,https://waytochurch.com/lyrics/song/26,478,0
27,unnathamyna sthalamulalo cm,ఉన్నతమైన స్థలములలో ఉన్నతుడా మా దేవా,,,,,Telugu,2014-10-16,https://waytochurch.com/lyrics/song/27,744,0
28,oohala kandhani lokamulo,ఊహల కందని లోకములో ఉన్నత సింహాసనమందు,,,,,Telugu,2014-10-16,https://waytochurch.com/lyrics/song/28,376,0
29,enduko naninthaaga neevu,ఎందుకో నన్నింతగ నీవు ప్రేమించితివో దేవా,,,,,Telugu,2014-10-16,https://waytochurch.com/lyrics/song/29,682,806
30,enni thalachina,ఎన్ని తలచినా ఏది అడిగినా జరిగేది నీ చిత్తమే,,,,,Telugu,2014-10-16,https://waytochurch.com/lyrics/song/30,979,0
31,oka saari aalochinchava,ఒకసారి ఆలోచించవా ఓ సోదరా,,,,,Telugu,2014-10-16,https://waytochurch.com/lyrics/song/31,478,0
32,o neethi suryuda,ఓ నీతి సూర్యుడా క్రీస్తేసు నాథుడా,,,,,Telugu,2014-10-16,https://waytochurch.com/lyrics/song/32,397,0
33,o yesu divya prema,ఓ యేసు నీ దివ్య ప్రేమ వివరింప నాకు తరమా,,,,,Telugu,2014-10-16,https://waytochurch.com/lyrics/song/33,307,0
34,oranna oranna,ఓరన్న ఓరన్న యేసుకు సాటివేరే లేరన్న లేరన్న,,,Easter,,Telugu,2014-10-16,https://waytochurch.com/lyrics/song/34,646,0
35,kanumaa siluva pai,కనుమా సిలువపై క్రీస్తేసుడు పొందిన శ్రమలు,,,Good Friday,,Telugu,2014-10-16,https://waytochurch.com/lyrics/song/35,703,0
36,kaluvari girilona,కల్వరిగిరిలోన సిల్వలో శ్రీయేసు పలు బాధలొందెను,,,,,Telugu,2014-10-16,https://waytochurch.com/lyrics/song/36,276,0
37,kaluvari giri siluvalo,కలువరి గిరి సిలువలో పలు శ్రమలు పొందిన దైవమా,,,Good Friday,,Telugu,2014-10-16,https://waytochurch.com/lyrics/song/37,729,0
38,halleluaya ani paduuchu,హల్లెలుయా అని పాడుచు క్రుపామయా నీకు స్తోత్రము,,,,,Telugu,2014-10-16,https://waytochurch.com/lyrics/song/38,463,0
39,kristhu nedu lechenu,క్రీస్తు నేడు లేచెను ఆ ఆ ఆ హల్లెలూయ,,,Easter,,Telugu,2014-10-16,https://waytochurch.com/lyrics/song/39,548,0
40,Prema kaligi sathyamu palukuchu,ప్రేమ కలిగి సత్యము పలుకుచు,Pastor N J Simon,Asha Theera,Alter Call,,Telugu,2021-03-30,https://waytochurch.com/lyrics/song/40,412,517
41,ghanamainavi nee kaaryamulu naa yedala,ఘనమైనవి నీ కార్యములు నా యెడల,,,Thanks Giving,,TELUGU,2021-03-30,https://waytochurch.com/lyrics/song/41,819,1041
42,gesthemane thota,గెత్సేమనే తోటలో ప్రార్ధింప నేర్పితివా,,,,,Telugu,2014-10-16,https://waytochurch.com/lyrics/song/42,348,0
43,chirakaala snehithudaa,చిరకాల స్నేహితుడా నా హృదయాన సన్నిహితుడా,,,,,Telugu,2014-10-16,https://waytochurch.com/lyrics/song/43,569,0
44,jayamu kristhu jaya jaya livigo,జయము క్రీస్తూ జయ జయ లివిగో,,,,,Telugu,2014-10-16,https://waytochurch.com/lyrics/song/44,480,0
45,jayahe jayahe,జయహే జయహే జయహే జయహే జయ జయ దేవ సుథ,,,,,Telugu,2014-10-16,https://waytochurch.com/lyrics/song/45,828,0
46,jeeva nadhini,జీవనదిని నా హృదయములో ప్రవహింప చేయుమయా,,,,,Telugu,2014-10-16,https://waytochurch.com/lyrics/song/46,224,0
47,dhevuni vaarasulam,దేవుని వారసులం ప్రేమ నివాసులము,,,,,Telugu,2014-10-16,https://waytochurch.com/lyrics/song/47,488,0
48,divam prema swaroopam,దైవం ప్రేమ స్వరూపం ప్రేమకు భాష్యం శ్రీయేసుడే – అవనిలో,,,,,Telugu,2014-10-16,https://waytochurch.com/lyrics/song/48,578,0
49,nannethagano preminchinaavu,నన్నెంతగానో ప్రేమించెను నన్నెంతగానో కరుణించెను,,,,,Telugu,2014-10-16,https://waytochurch.com/lyrics/song/49,650,0
50,naa pere theliyani,నా పేరే తెలియని ప్రజలు ఎందరో ఉన్నారు,,,,,Telugu,2014-10-16,https://waytochurch.com/lyrics/song/50,440,0
51,naa yesu raju,నా యేసు రాజుతో నేను సాగి పోదును,,,,,Telugu,2014-10-16,https://waytochurch.com/lyrics/song/51,979,0
52,nine preminthunu,నిన్నే ప్రేమింతును నిన్నే ప్రేమింతును యేసు,,popular,,,Telugu,2014-10-16,https://waytochurch.com/lyrics/song/52,683,0
53,nithyudyna dhevuni thodu o,నిత్యుడైన దేవుని తోడు నీడ నీపై ఉడును,,,,,Telugu,2014-10-16,https://waytochurch.com/lyrics/song/53,361,0
54,neeti yuta yodha,నీటి యూట యొద్ద నాట బడితిమి వేరుతన్ని ఎదిగి ఫలియింతుము,,,,,Telugu,2014-10-16,https://waytochurch.com/lyrics/song/54,413,0
55,neeti vaagula koraku,నీటి వాగుల కొరకు దుప్పి ఆశించునట్లు,,,,,Telugu,2014-10-16,https://waytochurch.com/lyrics/song/55,528,0
56,neevu nirminchina dhevalayamulo,నీవు నిర్మించిన దేవాలయములో నీతో జత పనివారము,,,,,Telugu,2014-10-16,https://waytochurch.com/lyrics/song/56,606,0
57,nee swaramu vinipinchu,నీ స్వరము వినిపించు ప్రభువా నీ దాసుడాలకించున్,,,,,Telugu,2014-10-16,https://waytochurch.com/lyrics/song/57,536,0
58,neelakasamlona nigikegasina thaara,నీలాకాశంలోన నింగికెగసె తార,,,,,Telugu,2014-10-16,https://waytochurch.com/lyrics/song/58,458,0
59,nee siluvalone naa mukthi,నీ శిలువలోనే నా ముక్తీ నీ నీడలోనే నా జీవితం,,,,,Telugu,2014-10-16,https://waytochurch.com/lyrics/song/59,563,0
60,neevunte naaku chaalu,నీవుంటే నాకు చాలు యేసయ్యా నీ వెంటే నేను వుంటా నేసయ్యా,,,,,Telugu,2014-10-16,https://waytochurch.com/lyrics/song/60,971,420
61,nenu papino prabhuva,నే పాపినో ప్రభువా నను కావుమా దేవా,,,,,Telugu,2014-10-16,https://waytochurch.com/lyrics/song/61,361,0
62,parama jeevamu naaku,పరమ జీవము నాకు నివ్వ తిరిగి లేచెను నాతో నుండ,,,Easter,,Telugu,2014-10-16,https://waytochurch.com/lyrics/song/62,519,0
63,parama pavanuda mariya,పరమ పావనుడు మరియ తనయుడు అవతరించెనే శుభ దినాన,,,,,Telugu,2014-10-16,https://waytochurch.com/lyrics/song/63,397,0
64,prabhuva ni karyamulu ab,ప్రభువా నీ కార్యములు ఆశ్చర్య కరమైనవి,,,,,Telugu,2014-10-16,https://waytochurch.com/lyrics/song/64,784,0
65,padedhamu vededhamu cm,పాడెదము వేడెదము యేసు నామము,,,,,Telugu,2014-10-16,https://waytochurch.com/lyrics/song/65,323,0
66,pradhana vinedi pavanuda,ప్రార్ధన వినెడి పావనుడా ప్రార్ధన మాకు నేర్పుమయా,,,,,Telugu,2014-10-16,https://waytochurch.com/lyrics/song/66,538,0
68,mahodayam subhodayam,మహోదయం శుభోదయం సర్వలోకాని కరుణోదయం,,,Christmas,,Telugu,2014-10-16,https://waytochurch.com/lyrics/song/68,394,0
69,maranamu gelichina mana prabhuvu,మరణము గెలిచెను మన ప్రభువు – మనుజాళి రక్షణ కోసమూ,,,,,Telugu,2014-10-16,https://waytochurch.com/lyrics/song/69,520,0
70,mandhalo cherani gorrelenno,మందలో చేరని గొర్రెలెన్నో కోట్ల కొలదిగా కలవు యిల,,,,,Telugu,2014-10-16,https://waytochurch.com/lyrics/song/70,449,0
71,yehova na kapari,యెహోవ నా కాపరి యెహోవ నా ఊపిరి నాకు లేమి ఏమి,,,,,Telugu,2014-10-16,https://waytochurch.com/lyrics/song/71,427,0
72,yehova ni namamu,యెహోవా నీ నామము ఎంతో బలమైనది,,,,,Telugu,2014-10-16,https://waytochurch.com/lyrics/song/72,500,0
73,yesu rakthamu rakthamu,యేసు రక్తము రక్తము రక్తము యేసు రక్తము రక్తము రక్తము,,,,,Telugu,2014-10-16,https://waytochurch.com/lyrics/song/73,1088,0
74,yehova dhayaludu,యెహోవా దయాళుడు,,,,,Telugu,2014-10-16,https://waytochurch.com/lyrics/song/74,431,0
75,yesu ni krupalo,యేసు నీ క్రుపలో మము కాపాడుము దేవా,,,,,Telugu,2014-10-16,https://waytochurch.com/lyrics/song/75,420,0
76,randeho vinarandeho,రండహో వినరండహో శుభ వార్త ఒకటి వినిపించెదం,,,,,Telugu,2014-10-16,https://waytochurch.com/lyrics/song/76,543,0
77,randi yehova,రండి యెహోవాను గూర్చి ఉత్సాహగానము చేయుదము,,,,,Telugu,2014-10-16,https://waytochurch.com/lyrics/song/77,459,0
78,rakada samayamulo,రాకడ సమయములో కడబూర శబ్దంలో,,,,,Telugu,2014-10-16,https://waytochurch.com/lyrics/song/78,290,0
79,ruchi choochi yerigithini,రుచి చూచి ఎరిగితిని యెహోవా ఉత్తముడనియు,,,,,Telugu,2014-10-16,https://waytochurch.com/lyrics/song/79,462,0
80,lekhaleni chukalenno,లెక్కలేని చుక్కలెన్నో చక్కగా వెలుగుచుండ,,,,,Telugu,2014-10-16,https://waytochurch.com/lyrics/song/80,721,0
81,lekhimpaleni sthotramul,లెక్కింపలేని స్తోత్రముల్ దేవా ఎల్లప్పుడు నే పాడెదన్,,,,,Telugu,2014-10-16,https://waytochurch.com/lyrics/song/81,416,0
82,vijaya gosha vinipinchenu,విజయ ఘోష వినిపించెను విశ్వమంత గళము లెత్తి వినిపించర స్తోత్ర గీతముల్,,,Easter,,Telugu,2014-10-16,https://waytochurch.com/lyrics/song/82,1211,0
83,vimochakudu mana prabhu,విమోచకుడు మన యేసు ప్రభువు అవతరించిన శుభ దినమే,,,,,Telugu,2014-10-16,https://waytochurch.com/lyrics/song/83,530,0
84,sadaa kalamu neetho nenu,సదా కాలము నీతో నేను జీవించెదను యేసయ్యా,,,,,Telugu,2014-10-16,https://waytochurch.com/lyrics/song/84,846,0
85,samipincha rani tejassulo,సమీపించరాని తెజేస్సులోనీవు వశియించువాడవయా,,,,,Telugu,2014-10-16,https://waytochurch.com/lyrics/song/85,465,0
86,sarvakrupa nidi yagu prabhuva,సర్వకృపానిధియగు ప్రభువా సకల చరాచర సంతోషమా,,,,,Telugu,2014-10-16,https://waytochurch.com/lyrics/song/86,420,0
87,sagipodhunu nenu aagi ponu nenu,సాగి పోదును ఆగి పోను నేను,,,,,Telugu,2014-10-16,https://waytochurch.com/lyrics/song/87,498,0
88,silvalo naakai karchenu,సిల్వలో నాకై కార్చెను యేసు రక్తము,,,,,Telugu,2014-10-16,https://waytochurch.com/lyrics/song/88,751,0
89,siluva yende needhu prema,సిలువయందె నీదు ప్రేమ తెలిసికొంటినో ప్రభు,,,,,Telugu,2014-10-16,https://waytochurch.com/lyrics/song/89,245,0
90,srusti kartha yesuni sthutinchedamu,సృష్టికర్త యేసుని స్తుతించెదము సర్వసృష్టియు ప్రభు క్రియలే,,,,,Telugu,2014-10-16,https://waytochurch.com/lyrics/song/90,527,0
91,srustipitha sarvonatha,సృష్టి పితా సర్వో న్నతా సమర్పింతున్ సర్వస్వమున్,,,,,Telugu,2014-10-16,https://waytochurch.com/lyrics/song/91,413,0
92,stotram chellinthumu,స్తోత్రం చెల్లింతుము స్తుతి స్తోత్రం చెల్లింతుము,,,,,Telugu,2014-10-16,https://waytochurch.com/lyrics/song/92,631,0
93,sri yesu geethi paadana,శ్రీ యేసు గీతి పాడవా ఆ సిల్వ ప్రేమ చాటవా,,,,,Telugu,2014-10-16,https://waytochurch.com/lyrics/song/93,355,0
94,halleluya stuti mahima,హల్లెలూయ స్తుతి మహిమ ఎల్లప్పుడు దేవుని కిచ్చెదము,,,,,Telugu,2014-10-16,https://waytochurch.com/lyrics/song/94,347,0
95,halleluya yesu prabhun,హల్లెలూయ యేసు ప్రభున్ ఎల్లరు స్తుతియించుడి,,,,,Telugu,2014-10-16,https://waytochurch.com/lyrics/song/95,946,0
96,halleluya padedha prabhu ninu koniyadedhan fm,హల్లేలూయ పాడెద ప్రభు నిన్ను కొనియాడెదన్,,,,,Telugu,2014-10-16,https://waytochurch.com/lyrics/song/96,544,0
107,ayane na sangeetham,ఆయెనె నా సంగీతము బలమైన కోటయును,,,,,Telugu,2014-10-16,https://waytochurch.com/lyrics/song/107,477,0
108,abrahamu devuda,అబ్రహాము దేవుడవు ఇస్సాకు దేవుడవు,,,,,Telugu,2014-10-16,https://waytochurch.com/lyrics/song/108,644,0
109,aaradhana adhika stotram,ఆరాధన అధిక స్తోత్రము నా యేసుకే నేనర్పింతును,,,,,Telugu,2014-10-16,https://waytochurch.com/lyrics/song/109,306,0
110,,చాటించుడి మనుష్య జాతి కేసు నామము చాటించుడి యవశ్య యేసు ప్రేమ సారము,,,,,Telugu,2014-10-16,https://waytochurch.com/lyrics/song/110,481,0
111,chintha ledika yesu puttenu,చింత లేదిక యేసు పుట్టెను,,andhra Kristava Keerthanalu,Christmas,,Telugu,2014-10-16,https://waytochurch.com/lyrics/song/111,552,0
112,chudumu gesthemane,చూడుము గెత్సెమనె తోటలో నా ప్రియుడు,,,,,Telugu,2014-10-16,https://waytochurch.com/lyrics/song/112,691,0
113,deva mahonnathuda,దేవా మహోన్నతుడా మహిమా ప్రకాశితుడా,,,,,Telugu,2014-10-16,https://waytochurch.com/lyrics/song/113,314,0
114,deva nee yavaranam,దేవా నీ యావరణం మాకెంతో శ్రేయస్కరం,,,,,Telugu,2014-10-16,https://waytochurch.com/lyrics/song/114,665,0
115,deva samsthuthi cheyave manasa,దేవ సంస్తుతి చేయవే మనసా శ్రీమంతుడగు యెహోవ సంస్తుతి,,Andhra Kristhava Keerthanalu,,,Telugu,2014-10-16,https://waytochurch.com/lyrics/song/115,1688,0
116,dhevara nee dheevenalu,దేవర నీ దీవెనలు ధారళముగను వీరలపై,,andhra Kristava Keerthanalu,,,Telugu,2014-10-16,https://waytochurch.com/lyrics/song/116,925,0
117,dhevuni sthuthiyinchudi ellapudu,దేవుని స్తుతియించుడి యెల్లాప్పుడు దేవుని స్తతియించుడి ఆ,,andhra Kristava Keerthanalu,,,Telugu,2014-10-16,https://waytochurch.com/lyrics/song/117,1008,0
118,dhevuni upakarambulalona,దేవుని ఉపకారంబులలోన దేనిని మరువకుము,,andhra Kristava Keerthanalu,,,Telugu,2014-10-16,https://waytochurch.com/lyrics/song/118,414,0
119,dhevuni yandhu nireekshana,దేవుని యందు నిరీక్షణనుంచి ఆయనను స్తుతించు నా ప్రాణమా,,,,,Telugu,2014-10-16,https://waytochurch.com/lyrics/song/119,773,0
120,dhevuniki stotramu ganamu cheyutaye,దేవునికి స్తోత్రము గానము చేయుటయే మంచిది,,andhra Kristava Keerthanalu,,,Telugu,2014-10-16,https://waytochurch.com/lyrics/song/120,574,0
121,dhootha paata paadudi,దూత పాట పాడుడి రక్షకున్ స్తుతించుడి ఆ ప్రభుండు,,andhra Kristava Keerthanalu,,,Telugu,2014-10-16,https://waytochurch.com/lyrics/song/121,547,0
122,goppa dhevudavani shakthi,గొప్పా దేవుడవని శక్తి సంపన్నుడని గలమెత్తి నిన్ను నేను గాణమాడెదన్,,,,,Telugu,2014-10-16,https://waytochurch.com/lyrics/song/122,534,0
123,halleluya ani paadi sthuthimpanu,హల్లెలూయ యని పాడి స్తుతింపను రారె జనులారా మనసారా ఊరూర,,,Gospel,,Telugu,2014-10-16,https://waytochurch.com/lyrics/song/123,691,0
124,halleluya paata yesaiah paata,హల్లేలూయ పాట యెసయ్య పాట,,,,,Telugu,2014-10-16,https://waytochurch.com/lyrics/song/124,310,0
125,idhigo dheva naa jeevitham,ఇదిగో దేవా నా జీవితం ఆపాద మస్తకం నీకంకితం,,,,,Telugu,2014-10-16,https://waytochurch.com/lyrics/song/125,703,0
126,Varninchaleni thyaagam oodaarpu nondhani vainam,వర్ణించలేని త్యాగం ఓదార్పు నొందని వైనం,Dr Y Vijay Kumar,,Good Friday,,Telugu,2024-03-27,https://waytochurch.com/lyrics/song/126,1463,1765
127,kanna thalli cherchunatlu,కన్నతల్లి చేర్చునట్లు నన్ను చేర్చు నా ప్రియుడు,,,,,Telugu,2014-10-16,https://waytochurch.com/lyrics/song/127,310,0
128,kristhulo jeevinchu naaku,క్రీస్తులో జీవించు నాకు ఎల్లాప్పుడు జయముండును,,,,,Telugu,2014-10-16,https://waytochurch.com/lyrics/song/128,440,0
129,krotha yedu modalu bettenu,క్రొత్త యెడు మొదలు బెట్టెను మన బ్రతుకు నందు క్రొత్త యెడు,,andhra Kristava Keerthanalu,,,Telugu,2014-10-16,https://waytochurch.com/lyrics/song/129,975,0
130,krupa sathya sampurnuda,కృపా సత్యా సంపూర్ణుడా,,,,,Telugu,2014-10-16,https://waytochurch.com/lyrics/song/130,531,0
131,krupalanu thalanchuchu,కృపలను తలంచుచు ఆయుష్కాలమంతా ప్రభుని కృతజ్ఞతతో స్తుతింతున్,,,New Year,,Telugu,2014-10-16,https://waytochurch.com/lyrics/song/131,611,0
132,krupamayuda neelona,కృపామయుడా నీలోనా నివసింప జేసినందునా,Bro  Yesanna,hosanna,New Year,,Telugu,2014-10-16,https://waytochurch.com/lyrics/song/132,564,0
133,kummari o kummari,కుమ్మరి ఓ కుమ్మరి జగదుత్పత్తిధారి,,,,,Telugu,2014-10-16,https://waytochurch.com/lyrics/song/133,354,0
134,kuthuhala marbhatame,కుతూహల మార్భాటమే నా యేసుని సన్నిధిలో,,,,,Telugu,2014-10-16,https://waytochurch.com/lyrics/song/134,560,0
135,maa oohalu puttaka munupe,మా ఊహలు పుట్టక మునుపే మా సర్వమునెరిగిన దేవ,,,,,Telugu,2014-10-16,https://waytochurch.com/lyrics/song/135,572,0
136,mahima neeke prabhu,మహిమ నీకె ప్రభూ ఘనత నీకె ప్రభూ స్తుతీ ఘనత మహిమయు,,,,,Telugu,2014-10-16,https://waytochurch.com/lyrics/song/136,647,0
137,mahonnathuda ni krupalo,మహోన్నతుడా నీ కృపలో నేను నివసించుట నా జీవిత ధన్యతైయున్నది,Bro  Yesanna,hosanna,,,Telugu,2014-10-16,https://waytochurch.com/lyrics/song/137,401,0
138,mangalame yesunaku x,మంగళమే యేసునకు మనుజావతారునకు,,andhra Kristava Keerthanalu,Marriage,,Telugu,2014-10-16,https://waytochurch.com/lyrics/song/138,498,0
139,manulu manikyamulunna,మణులు మాణిక్యములున్న మేడమిద్దెలు ఎన్నున్నా,,,,,Telugu,2014-10-16,https://waytochurch.com/lyrics/song/139,527,0
140,naa jeevitha yatralo,నా జీవిత యాత్రలో ప్రభువా నీ పాదమే శరణం,,,,,Telugu,2014-10-16,https://waytochurch.com/lyrics/song/140,417,0
141,naa prana priyuda,నా ప్రాణ ప్రియుడా యేసు రాజా అర్పింతును నా హృదయార్పణ,,,,,Telugu,2014-10-16,https://waytochurch.com/lyrics/song/141,628,0
142,naa sthuthi paathruda,నా స్తుతి పాత్రుడా నా యెసయ్యా నా ఆరాధనకు,Bro  Yesanna,hosanna,,,Telugu,2014-10-16,https://waytochurch.com/lyrics/song/142,395,0
143,nadipinchu na naava,నడిపించు నా నావ నడి సంద్రమున దేవా,A B  Masilamani,andhra Kristava Keerthanalu,,,Telugu,2014-10-16,https://waytochurch.com/lyrics/song/143,1115,0
144,ne saagedha yesunitho,నే సాగెద యేసునితో నా జీవిత కాలమంత,,,,,Telugu,2014-10-16,https://waytochurch.com/lyrics/song/144,574,0
145,nedo repo naa priyudesu,నేడో రేపో నా ప్రియుడేసు మేఘాల మీద ఏతెంచును,,,,,Telugu,2014-10-16,https://waytochurch.com/lyrics/song/145,495,0
146,nee chethitho nannu pattuko,నీ చేతితో నన్ను పట్టుకో నీఆత్మతో నన్ను నడుపు,,andhra Kristava Keerthanalu,,,Telugu,2014-10-16,https://waytochurch.com/lyrics/song/146,421,0
147,nee rakthame,నీ రక్తమే నీ రక్తమేనన్ శుద్ధీకరించున్ నీ రక్తమే నా బలము,,,,,Telugu,2014-10-16,https://waytochurch.com/lyrics/song/147,691,0
148,neeve naa dhevudavu,నీవే నా దేవుడవు ఆరాధింతను,Bro  Kripal Mohan,naa pranam,,,Telugu,2014-10-16,https://waytochurch.com/lyrics/song/148,308,0
149,ho happy christmas happy christmas,హో హ్యాప్పీ క్రిస్మస్ హ్యాప్పీ క్రిస్మస్,,,Christmas,,TELUGU,2021-12-16,https://waytochurch.com/lyrics/song/149,613,676
150,neevu chesina upakaaramulaku,నీవు చేసిన ఉపకారములకు నేనేమి చెల్లింతును,,,,,Telugu,2014-10-16,https://waytochurch.com/lyrics/song/150,584,0
151,nuthana geethamu paadedhanu,నూతన గీతము పాడెదను నా ప్రియుడేసునిలో,,,New Year,,Telugu,2014-10-16,https://waytochurch.com/lyrics/song/151,489,0
152,o prabhuva neeve,ఓ ప్రభువా ఓ ప్రభువా నీవే నా మంచి కాపరివి నీవే నా మంచి కాపరివి,,,,,Telugu,2014-10-16,https://waytochurch.com/lyrics/song/152,323,0
153,o sadbhakthulara,ఓ సద్భక్తులారా లోక రక్షకుండు బెత్లె్హేమందు నేడు,,andhra Kristava Keerthanalu,,,Telugu,2014-10-16,https://waytochurch.com/lyrics/song/153,601,0
154,prabhuva neelo jeevinchuta ab,ప్రభువా నీలో జీవించుట కృపా బాహుళ్యమే నా యెడ కృపాబాహుళ్యమే,Bro  Yesanna,hosanna,,,Telugu,2014-10-16,https://waytochurch.com/lyrics/song/154,512,631
155,pradhana yesuni sandharshana,ప్రార్ధన యేసుని సందర్శన పరమ తండ్రితో సంభాషణ,,,,,Telugu,2014-10-16,https://waytochurch.com/lyrics/song/155,848,0
156,prema yesuni prema,ప్రేమ యేసుని ప్రేమ అది ఎవ్వరు కొలువలేనిది,,,,,Telugu,2014-10-16,https://waytochurch.com/lyrics/song/156,610,0
157,rakshakundudhayinchi nadata,రక్షకుండుదయించి నాడట మన కొరకు బరమ రక్షకుండుదయించి,,andhra Kristava Keerthanalu,,,Telugu,2014-10-16,https://waytochurch.com/lyrics/song/157,673,0
158,randi yuchahinchi paadudhamu,రండి యుత్చాహించి పాడుదము రక్షణదుర్గము మన ప్రభువే,,"andhra Kristava Keerthanalu , trahimam",,,Telugu,2014-10-16,https://waytochurch.com/lyrics/song/158,604,0
159,saswathaa mynadhi neevu naayada,శాశ్వాతామైనదీ నీవు నా యెడ చూపినా కృప,,,,,Telugu,2014-10-16,https://waytochurch.com/lyrics/song/159,525,0
160,siluva chentha cherina nade,సిలువ చెంత చేరిననాడు కలుషములను కడిగివేయు,,,Good Friday,,Telugu,2014-10-16,https://waytochurch.com/lyrics/song/160,542,0
161,stothra rupamagu krotha,స్తోత్రరూపమగు క్రొత్త గీతంబులన్ నా నోటనుంచెను నా యేసయ్యా,,,New Year,,Telugu,2014-10-16,https://waytochurch.com/lyrics/song/161,698,0
162,sthuthi yagamu na yesuke,స్తుతి యాగము నా యేసుకే అర్పించెదను ఎల్లప్పుడు,,,,,Telugu,2014-10-16,https://waytochurch.com/lyrics/song/162,661,0
163,sthuthinchedanu stuthinchedanu,స్తుతించెదనుస్తుతించెదనూ,,,,,Telugu,2014-10-16,https://waytochurch.com/lyrics/song/163,870,0
164,sthuthincheda nee namam,స్తుతియించెదా నీ నామం దేవా అనుదినం,,,,,Telugu,2014-10-16,https://waytochurch.com/lyrics/song/164,351,0
165,,వందనం బొనర్తుమో ప్రభో ప్రభో,,andhra Kristava Keerthanalu,,,Telugu,2014-10-16,https://waytochurch.com/lyrics/song/165,757,0
166,viswasa vanithalamu,విశ్వాస వనితలము ప్రభు యేసు ముద్రికలం,,,,,Telugu,2014-10-16,https://waytochurch.com/lyrics/song/166,605,0
167,yehova naa moralalinchenu,యెహోవా నా మొర లాలించను దన మహా దయనుననుగణీంచెను,,"andhra Kristava Keerthanalu , trahimam",,,Telugu,2014-10-16,https://waytochurch.com/lyrics/song/167,755,0
168,yehova ye naa kaapariga,యెహోవాయే నా కాపరిగా నాకేమి కొదువగునూ,,,,,Telugu,2014-10-16,https://waytochurch.com/lyrics/song/168,503,0
169,yese na parihaari,యేసే నా పరిహారి ప్రియ యేసే నా పరిహారి,,,,,Telugu,2014-10-16,https://waytochurch.com/lyrics/song/169,683,0
170,yesu rajula rajai,యేసు రాజు రాజుల రాజై త్వరగా వచ్చుచుండె త్వరగ,,,,,Telugu,2014-10-16,https://waytochurch.com/lyrics/song/170,439,0
171,yesutho teeviganu podama,యేసుతో ఠీవిగాను అడ్డుగా వచ్చువైరి గెల్వను,,andhra Kristava Keerthanalu,,,Telugu,2014-10-16,https://waytochurch.com/lyrics/song/171,631,0
172,yogyudavo yogyudavo,యోగ్యుడవో యోగ్యుడవో యేసు ప్రభో నీవె యోగ్యుడవో,"Bro  Raj , micheal paul",Bro. N. Jayapal,,,Telugu,2014-10-16,https://waytochurch.com/lyrics/song/172,507,0
173,kaneerelamma karuninchu yesu ninu,కన్నీరేలమ్మ కరుణించు యేసు నిన్ను విడువబోడమ్మా,,,,,Telugu,2014-10-16,https://waytochurch.com/lyrics/song/173,482,0
174,shudhdhaa hrudhaayam kalugajeyumu,శుద్దా హ్రుదాయమ్ కలుగజెయుము,,,,,Telugu,2014-10-16,https://waytochurch.com/lyrics/song/174,385,442
175,nee premaye naku chalu,ణీ ప్రెమయె నకు చలు,,,,,Telugu,2014-10-16,https://waytochurch.com/lyrics/song/175,401,478
176,neevennallu rendu thalampulatho,నీవెన్నాళ్ళు రెండు తలంపులతో,,,,,Telugu,2014-10-16,https://waytochurch.com/lyrics/song/176,446,523
177,sri yesundu janminche reyilo,శ్రీ యేసుండు జన్మించె రేయిలో ||||,,,,,Telugu,2014-10-16,https://waytochurch.com/lyrics/song/177,665,558
178,shudhdhaa hrudayam,శుద్ధ హృదయం కలుగజేయుము,,,,,Telugu,2014-10-16,https://waytochurch.com/lyrics/song/178,450,555
179,shaashwathamu kaadu,శాశ్వతము కాదు ఈ లోకము,,,,,Telugu,2014-10-16,https://waytochurch.com/lyrics/song/179,544,665
180,vetakaani urilo nundi,వేటకాని ఉరిలో నుండి,,,,,Telugu,2014-10-16,https://waytochurch.com/lyrics/song/180,314,401
181,adavi chetla naduma,అడవి చెట్ల నడుమ – ఒక జల్దరు వృక్షం వలె,,,,,Telugu,2014-10-16,https://waytochurch.com/lyrics/song/181,453,555
182,adiginadi konthe ainaa,అడిగినది కొంతే అయినా,,,,,Telugu,2014-10-16,https://waytochurch.com/lyrics/song/182,843,1054
183,adugudi meeku ivvabadunu,అడుగుడి మీకు ఇవ్వబడును,,,,,Telugu,2014-10-16,https://waytochurch.com/lyrics/song/183,624,738
184,ade ade aa roju,అదే అదే ఆ రోజు,,,,,Telugu,2014-10-16,https://waytochurch.com/lyrics/song/184,638,743
185,anudinamu prabhuni,అనుదినము ప్రభుని స్తుతియించెదము,,,,,Telugu,2014-10-16,https://waytochurch.com/lyrics/song/185,368,431
186,arpinchuchuntini yesayyaa,అర్పించుచుంటిని యేసయ్యా,,,,,Telugu,2014-10-16,https://waytochurch.com/lyrics/song/186,376,440
187,andaala udyaanavanamaa,అందాల ఉద్యానవనమా,,,,,Telugu,2014-10-16,https://waytochurch.com/lyrics/song/187,458,560
188,aakaashamandunna aaseenudaa,ఆఅకాశమన్డున్న ఆఅసీనుడా,,,,,Telugu,2014-10-16,https://waytochurch.com/lyrics/song/188,362,427
189,aathma deepamunu,ఆత్మ దీపమును,,,,,Telugu,2014-10-16,https://waytochurch.com/lyrics/song/189,292,343
190,aananda yaathra,ఇది ఆత్మీయ యాత్ర,bro yesanna,,,,Telugu,2014-10-16,https://waytochurch.com/lyrics/song/190,443,585
191,aanandamu prabhu naakosagenu,ఆనందము ప్రభు నాకొసగెను,,,,,Telugu,2014-10-16,https://waytochurch.com/lyrics/song/191,423,507
192,aayane naa sangeethamu balamaina kotayunu,ఆయనే నా సంగీతము బలమైన కోటయును,,,,,Telugu,2014-10-16,https://waytochurch.com/lyrics/song/192,468,573
193,aascharyakarudu aalochanakartha,ఆశ్చర్యకరుడు ఆలోచనకర్త,,,,,Telugu,2014-10-16,https://waytochurch.com/lyrics/song/193,450,588
194,aasheervaadambul maa meeda,ఆశీర్వాదంబుల్ మా మీద,,,,,Telugu,2014-10-16,https://waytochurch.com/lyrics/song/194,400,478
195,aanandamugaa yehovaa nee krupaalanni,ఆనందముగా యెహోవా నీ కృపలన్ని,,,,,Telugu,2014-10-16,https://waytochurch.com/lyrics/song/195,549,674
196,aahaa yemaanandam aahaa yemaanandamu,ఆహా యేమానందం ఆహా యేమానందము,,,,,Telugu,2014-10-16,https://waytochurch.com/lyrics/song/196,433,524
197,idiyenayya maa praarthana,ఇదియేనయ్య మా ప్రార్థన,,,,,Telugu,2014-10-16,https://waytochurch.com/lyrics/song/197,443,540
198,ide naa korika,ఇదే నా కోరిక,,,,,Telugu,2014-10-16,https://waytochurch.com/lyrics/song/198,371,456
199,ihamanduna aa paramandu naaku,ఇహమందున ఆ పరమందు నాకు,,,,,Telugu,2014-10-16,https://waytochurch.com/lyrics/song/199,835,1034
200,illalona panduganta kallalona kaanthulanta,ఇళ్లలోన పండుగంట కళ్ళలోన కాంతులంట,,,,,Telugu,2014-10-16,https://waytochurch.com/lyrics/song/200,1102,1300
201,intha kaalam needu krupalo kaachina devaa,ఇంత కాలం నీదు కృపలో కాచిన దేవా (2),,,New Year,,Telugu,2014-10-16,https://waytochurch.com/lyrics/song/201,321,397
202,inthalone kanabadi anthalone maayamayye,ఇంతలోనే కనబడి అంతలోనే మాయమయ్యే,,,,,Telugu,2014-10-16,https://waytochurch.com/lyrics/song/202,508,629
203,oohinchaleni melulatho nimpina,ఊహించలేని మేలులతో నింపిన,,,New Year,,Telugu,2014-10-16,https://waytochurch.com/lyrics/song/203,417,504
204,enni maarlu neevu daiva vaakyamunu vini,ఎన్ని మార్లు నీవు దైవ వాక్యమును విని,,,,,Telugu,2014-10-16,https://waytochurch.com/lyrics/song/204,742,887
205,evariki evaru ee lokamlo,ఎవరికి ఎవరు ఈ లోకంలో,,,,,Telugu,2014-10-16,https://waytochurch.com/lyrics/song/205,409,464
206,entha madhuramu yesuni prema,ఎంత మధురము యేసుని ప్రేమ,,,,,Telugu,2014-10-16,https://waytochurch.com/lyrics/song/206,331,363
207,entha manchi devudavayyaa yesayyaa,ఎంత మంచి దేవుడవయ్యా యేసయ్యా,,,,,Telugu,2014-10-16,https://waytochurch.com/lyrics/song/207,524,642
208,ae vaipu choosinaa yudhdha vaarthalegaa,ఏ వైపు చూసినా యుద్ధ వార్తలేగా,,,,,Telugu,2014-10-16,https://waytochurch.com/lyrics/song/208,599,751
209,o maanavaa nijamedo erugavaa,ఓ మానవా నిజమేదో ఎరుగవా,,,,,Telugu,2014-10-16,https://waytochurch.com/lyrics/song/209,459,563
210,kanulunnaa kaanaleni chevulunnaa vinaleni,కనులున్నా కానలేని చెవులున్నా వినలేని ||||,,,,,Telugu,2014-10-16,https://waytochurch.com/lyrics/song/210,695,805
211,kalamulatho raayagalamaa,కలములతో రాయగలమా,,,,,Telugu,2014-10-16,https://waytochurch.com/lyrics/song/211,461,581
212,kaluvarigirilo siluvadhaariyai,కలువరిగిరిలో సిలువధారియై,,,Good Friday,,Telugu,2014-10-16,https://waytochurch.com/lyrics/song/212,386,466
213,kalyaanam kamaneeyam,కల్యాణం కమనీయం,,,,,Telugu,2014-10-16,https://waytochurch.com/lyrics/song/213,442,552
214,kraisthavamoka mathamu kaadidi,క్రైస్తవమొక మతము కాదిది,,,,,Telugu,2014-10-16,https://waytochurch.com/lyrics/song/214,469,577
215,gamyam cheraalani neetho undaalani,గమ్యం చేరాలని నీతో ఉండాలని,,,,,Telugu,2014-10-16,https://waytochurch.com/lyrics/song/215,596,687
216,gaadaandhakaarapu loyalo,గాడాంధకారపు లోయలో,,,,,Telugu,2014-10-16,https://waytochurch.com/lyrics/song/216,388,489
217,chithra chithraala vaade mana yesayya,చిత్ర చిత్రాల వాడే మన యేసయ్య,,,,,Telugu,2014-10-16,https://waytochurch.com/lyrics/song/217,386,475
218,cheyi pattuko naa cheyi pattuko,చేయి పట్టుకో నా చేయి పట్టుకో,,,,,Telugu,2014-10-16,https://waytochurch.com/lyrics/song/218,360,447
219,janminchenu oka thaara,జన్మించెను ఒక తార,,,,,Telugu,2014-10-16,https://waytochurch.com/lyrics/song/219,444,513
220,junti thene dhaarala kannaa,జుంటి తేనె ధారల కన్నా,,,,,Telugu,2014-10-16,https://waytochurch.com/lyrics/song/220,534,663
221,jayam jayam jayam jayam,జయం జయం జయం జయం,,,,,Telugu,2014-10-16,https://waytochurch.com/lyrics/song/221,256,311
222,tharatharaalalo yugayugaalalo jagajagaalalo,తరతరాలలో యుగయుగాలలో జగజగాలలో,,,,,Telugu,2014-10-16,https://waytochurch.com/lyrics/song/222,244,294
223,thallilaa laalinchunu thandrilaa preminchunu,తల్లిలా లాలించును తండ్రిలా ప్రేమించును,,,,,Telugu,2014-10-16,https://waytochurch.com/lyrics/song/223,515,619
224,thoorpu diku chukka butte,తూర్పు దిక్కు చుక్క బుట్టె,,,Christmas,,Telugu,2014-10-16,https://waytochurch.com/lyrics/song/224,442,503
225,daari thappi pothunnaavaa vishwaasi,దారి తప్పి పోతున్నావా విశ్వాసి,,,,,Telugu,2014-10-16,https://waytochurch.com/lyrics/song/225,498,577
226,dinamella ne paadinaa keerthinchinaa,దినమెల్ల నే పాడినా కీర్తించినా,,,,,Telugu,2014-10-16,https://waytochurch.com/lyrics/song/226,430,499
227,deva nee goppa kaaryamulan,దేవా నీ గొప్పకార్యములన్ – మదిన్ తలచి స్తుతించెదం,,,,,Telugu,2014-10-16,https://waytochurch.com/lyrics/song/227,504,620
228,najareyudaa naa yesayya,నజరేయుడా నా యేసయ్య,,,,,Telugu,2014-10-16,https://waytochurch.com/lyrics/song/228,478,597
229,nadipinchu naa naavaa nadi sandramuna devaa,నడిపించు నా నావా నడి సంద్రమున దేవా,,,,,Telugu,2014-10-16,https://waytochurch.com/lyrics/song/229,1016,1288
230,nannenthagaano preminchina prabhuvaa,నన్నెంతగానో ప్రేమించిన ప్రభువా,,,,,Telugu,2014-10-16,https://waytochurch.com/lyrics/song/230,553,636
231,nammakamaina naa snehithudu,నమ్మకమైన నా స్నేహితుడు,,,,,Telugu,2014-10-16,https://waytochurch.com/lyrics/song/231,516,632
232,naa kanula vembadi kanneeru raaneeyaka,నా కనుల వెంబడి కన్నీరు రానీయక,,,,,Telugu,2014-10-16,https://waytochurch.com/lyrics/song/232,345,432
233,naa kosamaa ee siluva yaagamu,నా కోసమా ఈ సిలువ యాగము,,,Good Friday,,Telugu,2014-10-16,https://waytochurch.com/lyrics/song/233,494,632
234,naa gunde chappudu chesthundi neeke sthothramani,నా గుండె చప్పుడు చేస్తుంది నీకే స్తోత్రమని,,,,,Telugu,2014-10-16,https://waytochurch.com/lyrics/song/234,452,562
235,athyunnathamaina simhaasanampai,అత్యున్నతమైన సింహాసనంపై,Sukumar,,Praise Worship,,TELUGU,2021-04-08,https://waytochurch.com/lyrics/song/235,616,676
236,naa naathudaa naa yullamichchithi neeku,నా నాథుడా నా యుల్లమిచ్చితి నీకు,,,,,Telugu,2014-10-16,https://waytochurch.com/lyrics/song/236,612,726
237,naa neethi neeve naa khyaathi neeve,నా నీతి నీవే నా ఖ్యాతి నీవే,,,,,Telugu,2014-10-16,https://waytochurch.com/lyrics/song/237,813,976
238,naa praanamaa naalo neevu,నా ప్రాణమా నాలో నీవు,,,,,Telugu,2014-10-16,https://waytochurch.com/lyrics/song/238,614,754
239,naa praanamaa yesayyaa naa dhyaanamaa yesayyaa,నా ప్రాణమా యేసయ్యా… నా ధ్యానమా యేసయ్యా,,,,,Telugu,2014-10-16,https://waytochurch.com/lyrics/song/239,562,696
240,naa praanamaa yehovaanu neevu sannuthinchumu,నా ప్రాణమా యెహోవాను నీవు సన్నుతించుము,,,,,Telugu,2014-10-16,https://waytochurch.com/lyrics/song/240,745,907
241,naa praanaaniki praanam neevenayyaa,నా ప్రాణానికి ప్రాణం నీవేనయ్యా,,,,,Telugu,2014-10-16,https://waytochurch.com/lyrics/song/241,626,723
242,naa mano nethramu therachi,నా మనో నేత్రము తెరచి,,,,,Telugu,2014-10-16,https://waytochurch.com/lyrics/song/242,431,499
243,naa yesayyaa naa rakshakaa,నా యేసయ్యా నా రక్షకా,,,,,Telugu,2014-10-16,https://waytochurch.com/lyrics/song/243,253,295
244,naa yesuu nee paadaala chenthaa,నా యేసూ నీ పాదాల చెంతా,,,,,Telugu,2014-10-16,https://waytochurch.com/lyrics/song/244,465,566
245,naaku nee krupa chaalunu priyudaa,నాకు నీ కృప చాలును ప్రియుడా,,,,,Telugu,2014-10-16,https://waytochurch.com/lyrics/song/245,348,429
246,naatho maatlaadu prabhuvaa neeve maatlaadumayyaa,నాతో మాట్లాడు ప్రభువా – నీవే మాట్లాడుమయ్యా (2),,,,,Telugu,2014-10-16,https://waytochurch.com/lyrics/song/246,338,404
247,naadantuu lokaana edi ledayya,నాదంటూ లోకాన ఏదీ లేదయ్యా,,,,,Telugu,2014-10-16,https://waytochurch.com/lyrics/song/247,394,486
248,naadu jeevamaayene naa samasthamu,నాదు జీవమాయెనే నా సమస్తము,,,,,Telugu,2014-10-16,https://waytochurch.com/lyrics/song/248,570,677
249,nithyamu sthuthinchinaa,నిత్యము స్తుతించినా,,,,,Telugu,2014-10-16,https://waytochurch.com/lyrics/song/249,422,520
250,ninu choose kannulu naaku immayyaa,నిను చూసే కన్నులు నాకు ఇమ్మయ్యా,,,,,Telugu,2014-10-16,https://waytochurch.com/lyrics/song/250,422,495
251,ninnu kaapaadu devudu,నిన్ను కాపాడు దేవుడు,,,,,Telugu,2014-10-16,https://waytochurch.com/lyrics/song/251,428,518
252,ninne ninne nammukunnaanayya,నిన్నే నిన్నే నమ్ముకున్నానయ్య,,,,,Telugu,2014-10-16,https://waytochurch.com/lyrics/song/252,444,502
253,nee krupa naaku chaalunu,నీ కృప నాకు చాలును,bro yesanna,,,,Telugu,2014-10-16,https://waytochurch.com/lyrics/song/253,371,458
254,nee chethilo rottenu nenayya,నీ చేతిలో రొట్టెను నేనయ్య విరువు యేసయ్యా,,,,,Telugu,2014-10-16,https://waytochurch.com/lyrics/song/254,357,414
255,nee dhanamu nee ghanamu prabhu yesude,నీ ధనము నీ ఘనము ప్రభు యేసుదే,,,,,Telugu,2014-10-16,https://waytochurch.com/lyrics/song/255,539,709
256,nee premalo nundi nannu edabaapu vaarevaru,నీ ప్రేమలో నుండి నన్ను ఎడబాపు వారెవరు,,,,,Telugu,2014-10-16,https://waytochurch.com/lyrics/song/256,571,666
257,nee premaa nee karunaa,నీ ప్రేమా నీ కరుణా చాలునయ్యా నా జీవితాన,,,,,Telugu,2014-10-16,https://waytochurch.com/lyrics/song/257,526,647
258,nee roopu chooda nenaashapadithi,నీ రూపు చూడ నేనాశపడితి,,,,,Telugu,2014-10-16,https://waytochurch.com/lyrics/song/258,463,566
259,nee vaakyame naa paadaalaku deepamu,నీ వాక్యమే నా పాదాలకు దీపము,,,,,Telugu,2014-10-16,https://waytochurch.com/lyrics/song/259,390,480
260,neekante nammadagina devudevarayyaa,నీకంటె నమ్మదగిన దేవుడెవరయ్యా,,,,,Telugu,2014-10-16,https://waytochurch.com/lyrics/song/260,361,445
261,neeku ishtudigaa ilalo ne undaalani,నీకు ఇష్టుడిగా ఇలలో నే ఉండాలని,,,,,Telugu,2014-10-16,https://waytochurch.com/lyrics/song/261,561,665
262,padamulu chaalani prema idi,పదములు చాలని ప్రేమ ఇది,,,,,Telugu,2014-10-16,https://waytochurch.com/lyrics/song/262,553,647
263,padivelalo athipriyudu,పదివేలలో అతిప్రియుడు,,,,,Telugu,2014-10-16,https://waytochurch.com/lyrics/song/263,457,554
264,padivelalo athisundarudaa,పదివేలలో అతిసుందరుడా,,,,,Telugu,2014-10-16,https://waytochurch.com/lyrics/song/264,359,446
265,pondithini nenu prabhuvaa nee nundi,పొందితిని నేను ప్రభువా నీ నుండి,,,,,Telugu,2014-10-16,https://waytochurch.com/lyrics/song/265,747,922
266,prabhu yesu naa rakshakaa,ప్రభు యేసు నా రక్షకా,,,,,Telugu,2014-10-16,https://waytochurch.com/lyrics/song/266,935,1084
267,prabhu yesuni vadanamulo naa devudu kanipinche,ప్రభు యేసుని వదనములో – నా దేవుడు కనిపించె,,,,,Telugu,2014-10-16,https://waytochurch.com/lyrics/song/267,603,728
268,priya yesu nirminchithivi,ప్రియ యేసు నిర్మించితివి,,,,,Telugu,2014-10-16,https://waytochurch.com/lyrics/song/268,452,548
269,priya yesu raajunu ne choochina chaalu,ప్రియ యేసు రాజును నే చూచిన చాలు,,,,,Telugu,2014-10-16,https://waytochurch.com/lyrics/song/269,705,844
270,preminchedan adhikamugaa,ప్రేమించెదన్ అధికముగా,,,Praise Worship,,Telugu,2014-10-16,https://waytochurch.com/lyrics/song/270,324,392
271,brathakaalani unnaa brathakalekunnaa,బ్రతకాలని ఉన్నా బ్రతకలేకున్నా,,,,,Telugu,2014-10-16,https://waytochurch.com/lyrics/song/271,539,651
272,bangaram adugaledu vajraalani adugaledu,బంగారం అడుగలేదు వజ్రాల్ని అడుగలేదు,,,,,Telugu,2014-10-16,https://waytochurch.com/lyrics/song/272,738,680
273,bethlehem puramuna chithrambu kalige,బేత్లేహేం పురమున చిత్రంబు కలిగె,,,,,Telugu,2014-10-16,https://waytochurch.com/lyrics/song/273,676,848
274,bhajana cheyuchu bhakthapaalaka,భజన చేయుచు భక్తపాలక,,,,,Telugu,2014-10-16,https://waytochurch.com/lyrics/song/274,478,606
275,bheekarundau maa yehovaa peeta medutan goodare,భీకరుండౌ మా యెహోవా – పీఠ మెదుటన్ గూడరే,,,,,Telugu,2014-10-16,https://waytochurch.com/lyrics/song/275,587,684
276,mahima ghanathaku arhudavu,మహిమ ఘనతకు అర్హుడవు,,,,,Telugu,2014-10-16,https://waytochurch.com/lyrics/song/276,364,478
277,maargamu choopumu intiki naa thandri intiki,మార్గము చూపుము ఇంటికి నా తండ్రి ఇంటికి,,,,,Telugu,2014-10-16,https://waytochurch.com/lyrics/song/277,600,731
278,maaripovaali ee lokamanthaa,మారిపోవాలి ఈ లోకమంతా,,,,,Telugu,2014-10-16,https://waytochurch.com/lyrics/song/278,540,666
279,moodu dashaabdaala vaivaahika jeevithaanni,మూడు దశాబ్దాల వైవాహిక జీవితాన్ని,,,,,Telugu,2014-10-16,https://waytochurch.com/lyrics/song/279,388,488
280,moodunaalla muchchata kosam,మూడునాళ్ళ ముచ్చట కోసం,,,,,Telugu,2014-10-16,https://waytochurch.com/lyrics/song/280,691,860
281,yudhdhamu yehovaade,యుద్ధము యెహోవాదే ||||,,,,,Telugu,2014-10-16,https://waytochurch.com/lyrics/song/281,419,503
282,yehovaa naa balamaa,యెహోవా నా బలమా,,,Gods Power,,Telugu,2014-10-16,https://waytochurch.com/lyrics/song/282,1124,1375
283,yehovaaku sthuthulu paadandi,యెహోవాకు స్తుతులు పాడండి – మీరు,,,,,Telugu,2014-10-16,https://waytochurch.com/lyrics/song/283,555,685
284,yehovaanu sthuthiyinchu,యెహోవాను స్తుతియించు – ప్రభువును ఘనపరచు,,,,,Telugu,2014-10-16,https://waytochurch.com/lyrics/song/284,656,829
285,yesayyaa nee naamamune,యేసయ్యా నీ నామమునే కీర్తించెదన్,,,,,Telugu,2014-10-16,https://waytochurch.com/lyrics/song/285,347,429
286,yesu jananamu,యేసు జననము లోకానికెంతో వరము,,,,,Telugu,2014-10-16,https://waytochurch.com/lyrics/song/286,316,383
287,yesu ninnu nenu,యేసు నిన్ను నేను చూడలేను,,,,,Telugu,2014-10-16,https://waytochurch.com/lyrics/song/287,399,471
288,yesu maatho neevundagaa,యేసు మాతో నీవుండగా,father sj berchams,,,,Telugu,2014-10-16,https://waytochurch.com/lyrics/song/288,281,340
289,yesu rakthamulo,యేసు రక్తములో నాకు జయమే జయము,,,,,Telugu,2014-10-16,https://waytochurch.com/lyrics/song/289,565,711
290,yesu sarvonnathudaa,యేసు సర్వోన్నతుడా… క్రీస్తు సర్వశక్తిమంతుడా…,,,,,Telugu,2014-10-16,https://waytochurch.com/lyrics/song/290,585,719
291,yesuni naa madilo sweekarinchaanu,యేసుని నా మదిలో స్వీకరించాను,,,,,Telugu,2014-10-16,https://waytochurch.com/lyrics/song/291,669,760
292,yese naa aashrayamu,యేసే నా ఆశ్రయము,,,,,Telugu,2014-10-16,https://waytochurch.com/lyrics/song/292,491,591
293,rammanuchunnaadu ninnu prabhu yesu,రమ్మనుచున్నాడు నిన్ను ప్రభు యేసు,,,,,Telugu,2014-10-16,https://waytochurch.com/lyrics/song/293,519,628
294,raajulaku raaju puttenannayya,రాజులకు రాజు పుట్టేనయ్య ||||,,,Christmas,,Telugu,2014-10-16,https://waytochurch.com/lyrics/song/294,375,447
295,raaraaju janminchinaadu,రారాజు జన్మించినాడు,,,,,Telugu,2014-10-16,https://waytochurch.com/lyrics/song/295,581,690
296,rende rende daarulu,రెండే రెండే దారులు,,,,,Telugu,2014-10-16,https://waytochurch.com/lyrics/song/296,776,924
297,samarpana cheyumu prabhuvunaku,సమర్పణ చేయుము ప్రభువునకు,,,,,Telugu,2014-10-16,https://waytochurch.com/lyrics/song/297,408,498
298,saagilapadi mrokkedamu,సాగిలపడి మ్రొక్కెదము సత్యముతో ఆత్మలో,,siyonu geethalu,,,Telugu,2014-10-16,https://waytochurch.com/lyrics/song/298,517,607
299,saakshyamichcheda,సాక్ష్యమిచ్చెద మన స్వామి యేసు దేవుడంచు,,,,,Telugu,2014-10-16,https://waytochurch.com/lyrics/song/299,795,1038
300,siluvalo bali aina devuni gorrepilla,సిలువలో బలి అయిన దేవుని గొర్రెపిల్ల,,,Good Friday,,Telugu,2014-10-16,https://waytochurch.com/lyrics/song/300,301,349
301,siluvalo saagindi yaathra,సిలువలో సాగింది యాత్ర,,,Good Friday,,TELUGU,2014-10-16,https://waytochurch.com/lyrics/song/301,422,496
302,seeyonu paatalu santhoshamugaa,సీయోను పాటలు సంతోషముగా,,siyonu geethalu,,,TELUGU,2014-10-16,https://waytochurch.com/lyrics/song/302,563,690
303,sugunaala sampannudaa,సుగుణాల సంపన్నుడా – స్తుతి గానాల వారసుడా,Bro  Yesanna,hosanna,,,TELUGU,2014-10-16,https://waytochurch.com/lyrics/song/303,423,526
304,sthuthiyu mahima ghantha neeke,స్తుతియు మహిమ ఘనత నీకే,,,,,TELUGU,2014-10-16,https://waytochurch.com/lyrics/song/304,673,813
305,sthuthula meeda aaseenudaa,స్తుతుల మీద ఆసీనుడా,,,,,TELUGU,2014-10-16,https://waytochurch.com/lyrics/song/305,209,273
306,sthuthula meeda hallelujah,స్తుతుల మీద ఆసీనుడా,,,,,TELUGU,2014-10-16,https://waytochurch.com/lyrics/song/306,359,420
307,solipovaladu manassaa,సోలిపోవలదు మనస్సా సోలిపోవలదు,,,,,TELUGU,2014-10-16,https://waytochurch.com/lyrics/song/307,388,447
308,sthothrinthumu ninu maadu thandri,స్తోత్రింతుము నిను మాదు తండ్రి,,,,,TELUGU,2014-10-16,https://waytochurch.com/lyrics/song/308,690,825
309,ascharyakarudu alochanakartha nithyudagu thandri,ఆశ్చర్యకరుడు ఆలోచనకర్త,,,,,TELUGU,2014-10-16,https://waytochurch.com/lyrics/song/309,687,0
310,shudhudu ghanudu rakshakudu,శుద్ధుడ ఘనుడ రక్షకుడ,,,,,TELUGU,2014-10-16,https://waytochurch.com/lyrics/song/310,295,0
311,bethlehemulo sandhadi,బేత్లెహేములో సందడి పశుల పాకలో సందడి,,,,,TELUGU,2014-10-16,https://waytochurch.com/lyrics/song/311,427,0
312,dheva ni namam entho balamynadhi,దేవ నీ నామం ఎంతో బలమైనది,,,,,TELUGU,2014-10-16,https://waytochurch.com/lyrics/song/312,371,0
313,dheva ni namam balamynadhi ni namam,దేవా నీ నామం బలమైనది నీ నామం,Bro  Kripal Mohan,,,,TELUGU,2014-10-16,https://waytochurch.com/lyrics/song/313,295,308
314,emmanuelu rakthamu,ఇమ్మానుయేలు రక్తము ఇంపైన యూటగు,,,Communion,,TELUGU,2014-10-16,https://waytochurch.com/lyrics/song/314,533,0
315,naa jeevitha kalamantha,నా జీవిత కాలమంత,,,,,TELUGU,2014-10-16,https://waytochurch.com/lyrics/song/315,630,0
316,naa thandri neeve,నా తండ్రి నీవే నా దేవుడవు నీవే,,,,,TELUGU,2014-10-16,https://waytochurch.com/lyrics/song/316,687,0
317,neeve naa oopiri,నీవే నా ఊపిరి,,,,,TELUGU,2014-10-16,https://waytochurch.com/lyrics/song/317,218,0
318,jagatiki punaadi vaeyaka mundae janiyinchina praema,జగతికి పునాది వేయక ముందే జనియించిన ప్రేమ,Dr  Amsumathi mary,mounamelanoye,,,TELUGU,2014-10-16,https://waytochurch.com/lyrics/song/318,900,1072
319,yesuni roopamloniki maaripovaali,యేసుని రూపం లోనికి మారాలి,,,,,TELUGU,2014-10-16,https://waytochurch.com/lyrics/song/319,563,0
320,ae vyaktinainaa ae sthitiyandainaa entagaanoe praeminchu praema,ఏ వ్యక్తినైనా ఏ స్థితియందైనా ఎంతగానో ప్రేమించు ప్రేమ,Dr  Amsumathi mary,unnavu dheva,,,TELUGU,2014-10-16,https://waytochurch.com/lyrics/song/320,984,1189
321,,సృష్టికర్త యేసు దేవ సర్వలోకం నీమాట వినునూ,,aakarshana,,,TELUGU,2014-10-16,https://waytochurch.com/lyrics/song/321,528,0
322,viluvaina praemaloe vanchana laedu,విలువైన ప్రేమలో వంచన లేదు,,,,,TELUGU,2014-10-16,https://waytochurch.com/lyrics/song/322,371,484
323,oohaku andani praema naa yaesu praema,ఊహకు అందని ప్రేమ నా యేసు ప్రేమ,rev  aakumarthi daniel,,,,TELUGU,2014-10-16,https://waytochurch.com/lyrics/song/323,576,714
324,srustikarthavyna yehova,సృష్టి కర్తవైన యెహోవా,Bro  Yesanna,mahimonathudu,,,TELUGU,2014-10-16,https://waytochurch.com/lyrics/song/324,575,0
325,velpulalo bahu ghanudu,వేల్పులలో బహు ఘనుడా యేసయ్యా,Bro  Yesanna,mahimanvithudu,,,TELUGU,2014-10-16,https://waytochurch.com/lyrics/song/325,694,0
326,jeevinchuchunnadhi nenu khadhu,జీవించుచున్నది నేను కాదు,Bro  Yesanna,mahimanvithudu,,,TELUGU,2014-10-16,https://waytochurch.com/lyrics/song/326,450,0
327,neethi nayamulu jariginchu naa yesaiah,నీతి న్యాయములు జరిగించు నా యేసయ్యా,Bro  Yesanna,mahimanvithudu,,,TELUGU,2014-10-16,https://waytochurch.com/lyrics/song/327,602,0
328,dheva ni krupa nirantharam,దేవా నీ కృప నిరంతరం మారనిదెపుడు నా ప్రభువా,,,,,TELUGU,2014-10-16,https://waytochurch.com/lyrics/song/328,568,0
329,sariraarevaru naa priyudyna yesayaku,సరిరారెవ్వరూ నా ప్రియుడైన యేసయ్యకు,Bro  Yesanna,anantha sthotrahurda,,,TELUGU,2014-10-16,https://waytochurch.com/lyrics/song/329,739,0
330,naa prana priyudavu neeve,నా ప్రాణ ప్రియుడవు నీవే నా ప్రాణ నాధుడ నీవే,Bro  Yesanna,joyful songs,,,TELUGU,2014-10-16,https://waytochurch.com/lyrics/song/330,361,0
331,praneswara prabhu dhiva kumara,ప్రాణేశ్వర ప్రభు దైవకుమార,Bro  Yesanna,joyful songs,,,TELUGU,2014-10-16,https://waytochurch.com/lyrics/song/331,450,0
332,saswatha krupanu nenu thalanchaga,శాశ్వత కృపను నేను తలంచగా,Bro  Yesanna,joyful songs,,,TELUGU,2014-10-16,https://waytochurch.com/lyrics/song/332,425,0
333,naa jeevam nee krupalo,నా జీవం నీ కృపలో దాచితివే నా జీవితకాలమంతా,Bro  Yesanna,joyful songs,,,TELUGU,2014-10-16,https://waytochurch.com/lyrics/song/333,440,797
334,nee preme nannu aadharinchenu,నీ ప్రేమే నను ఆదరించేను,Bro  Yesanna,mahaneeyuda,,,TELUGU,2014-10-16,https://waytochurch.com/lyrics/song/334,476,0
335,sthuthi paathruda sthothrahurda,స్తుతి పాత్రుడా స్తోత్రార్హుడా,Bro  Yesanna,mahaneeyuda,,,TELUGU,2014-10-16,https://waytochurch.com/lyrics/song/335,566,0
336,sannuthichedanu dhayaludavu,సన్నుతించెదను దయాళుడవు నీవని,Bro  Yesanna,mahaneeyuda,,,TELUGU,2014-10-16,https://waytochurch.com/lyrics/song/336,382,0
337,aascharyakarudaa naa aalochanakartha,ఆశ్చర్యాకరుడా నా ఆలోచన కర్తవు,Bro  Yesanna,mahima swaroopuda,,,TELUGU,2014-10-16,https://waytochurch.com/lyrics/song/337,427,506
338,yesu anu namame naa madhura,యేసు అను నామమే నా మధుర గానమే,Bro  Yesanna,mahima swaroopuda,,,TELUGU,2014-10-16,https://waytochurch.com/lyrics/song/338,511,0
339,halleluya yesaiah,హల్లెలూయా యేసయ్యా,Bro  Yesanna,mahima swaroopuda,,,TELUGU,2014-10-16,https://waytochurch.com/lyrics/song/339,545,0
340,dheva naa dhevudavu neeve,దేవా నా దేవుడవు నీవే,Bro  Yesanna,mahima swaroopuda,,,TELUGU,2014-10-16,https://waytochurch.com/lyrics/song/340,504,0
341,aanandame prabhu yesuni,ఆనందమే ప్రభు యేసుని స్తుతించుట ఆత్మానంద గీతమే పాడెదా,Bro  Yesanna,mahima swaroopuda,,,TELUGU,2014-10-16,https://waytochurch.com/lyrics/song/341,483,0
342,premamaya yesu prabhuvaa,ప్రేమమయా యేసు ప్రభువా నిన్నే స్తుతింతును ప్రభువా,Bro  Yesanna,mahima swaroopuda,,,TELUGU,2014-10-16,https://waytochurch.com/lyrics/song/342,744,0
343,aanandam yesutho,ఆనందం యేసుతో ఆనందం,Bro  Yesanna,mahima swaroopuda,,,TELUGU,2014-10-16,https://waytochurch.com/lyrics/song/343,384,0
344,naa vedhanalo vedhikithini,నా వేదనలో వెదకితిని,Bro  Yesanna,mahima swaroopuda,,,TELUGU,2014-10-16,https://waytochurch.com/lyrics/song/344,362,0
345,sarvonathuda neeve naaku,సర్వోన్నతుడా నీవే నాకు ఆశ్రయదుర్గము,Bro  Yesanna,sarvonathuda,,,TELUGU,2014-10-16,https://waytochurch.com/lyrics/song/345,437,0
346,vandhanamu neeke,వందనము నీకే నా వందనము,Bro  Yesanna,sarvonathuda,,,TELUGU,2014-10-16,https://waytochurch.com/lyrics/song/346,625,755
347,maadhuryame naa prabhutho,మాధుర్యమే నా ప్రభుతో జీవితం,Bro  Yesanna,sarvonathuda,,,TELUGU,2014-10-16,https://waytochurch.com/lyrics/song/347,445,588
348,yemani varninthu,ఏమని వర్ణింతు నీ కృపను ఏరులై పారెనె నా గుండెలోన,Bro  Yesanna,sarvonathuda,,,TELUGU,2014-10-16,https://waytochurch.com/lyrics/song/348,359,0
349,nithyudaa nee sanidhi,నిత్యుడా నీ సన్నిధి నిండుగా నా తోడూ,Bro  Yesanna,sarvonathuda,,,TELUGU,2014-10-16,https://waytochurch.com/lyrics/song/349,426,0
350,tejovaasula swasthyamandhu,తేజోవాసుల స్వాస్థ్యమందు నను చేర్చుటే,Bro  Yesanna,sarvonathuda,,,TELUGU,2014-10-16,https://waytochurch.com/lyrics/song/350,518,0
351,sthuthi simhasanaseenudavu,స్తుతి సింహాసనాసీనుడవు,Bro  Yesanna,naa stuthi paathruda,,,TELUGU,2014-10-16,https://waytochurch.com/lyrics/song/351,535,0
352,anadhilo niyaminchabadina,అనాదిలో నియమించబడిన గొర్రెపిల్ల,Bro  Yesanna,naa stuthi paathruda,Good Friday,,TELUGU,2014-10-16,https://waytochurch.com/lyrics/song/352,388,0
353,prabhuvaa nee samukhamandhu,ప్రభువా నీ సముఖము నందు,Bro  Yesanna,naa stuthi paathruda,Confession,,TELUGU,2014-10-16,https://waytochurch.com/lyrics/song/353,473,0
354,nithyudagu naa thandri,నిత్యుడగు నా తండ్రి నీకే స్తోత్రము,Bro  Yesanna,naa stuthi paathruda,,,TELUGU,2014-10-16,https://waytochurch.com/lyrics/song/354,446,0
355,nee krupa bahulyame,నీ కృప బాహుళ్యమే నా జీవిత ఆధారమే,Bro  Yesanna,naa stuthi paathruda,,,TELUGU,2014-10-16,https://waytochurch.com/lyrics/song/355,256,0
356,aascharyakarudaa needhu krupa,ఆశ్చర్యకరుడా నీదు కృపా అనుదినం అనుభవించెద,Bro  Yesanna,naa stuthi paathruda,,,TELUGU,2014-10-16,https://waytochurch.com/lyrics/song/356,401,0
357,evarunnaru ee lokamulo,ఎవరున్నారు ఈ లోకంలో,Bro  Yesanna,naa nirikshana,,,TELUGU,2014-10-16,https://waytochurch.com/lyrics/song/357,322,0
358,yuddha veerulam manam,యుద్ధ వీరులం మనము యుద్ధ వీరులం,Bro  Yesanna,naa nirikshana,,,TELUGU,2014-10-16,https://waytochurch.com/lyrics/song/358,477,0
359,seeyonulo naa yesutho,సీయోనులో నా యేసుతో,Bro  Yesanna,naa nirikshana,,,TELUGU,2014-10-16,https://waytochurch.com/lyrics/song/359,303,0
360,naa jeevitham neekankitham,నా జీవితం నీకంకితం,Bro  Yesanna,naa nirikshana,,,TELUGU,2014-10-16,https://waytochurch.com/lyrics/song/360,231,0
361,sooryuni dharinchi,సూర్యుని ధరించి చంద్రుని మీద నిలిచి,Bro  Yesanna,naa nirikshana,,,TELUGU,2014-10-16,https://waytochurch.com/lyrics/song/361,330,0
362,oohalu naadhu ootalu,ఊహలు నాదు ఊటలు,Bro  Yesanna,naa nirikshana,,,TELUGU,2014-10-16,https://waytochurch.com/lyrics/song/362,370,0
363,yesaiah naa nirikshana aadharama,యేసయ్యా,Bro  Yesanna,naa nirikshana,,,TELUGU,2014-10-16,https://waytochurch.com/lyrics/song/363,291,0
364,noothana yerushalem,నూతన యెరుషలేమ్ దిగి వచ్చుచున్నది,Bro  Yesanna,naa yesu raaja,,,TELUGU,2014-10-16,https://waytochurch.com/lyrics/song/364,844,0
365,nanu viduvaka dhachithivi,నను విడువక యెడబాయక,Bro  Yesanna,yesuraaja,,,TELUGU,2014-10-16,https://waytochurch.com/lyrics/song/365,553,0
366,kalavaripadi ne kondalavypu,కలవర పడి నే కొండల వైపు నా కన్నులెత్తుదునా,Bro  Yesanna,yesuraaja,,,TELUGU,2014-10-16,https://waytochurch.com/lyrics/song/366,563,0
367,naa prana priyuda yesaiah,నా ప్రియుడా యెసయ్యా నీ కృప లేనిదే నే బ్రతుకలేను,Bro  Yesanna,yesuraaja,,,TELUGU,2014-10-16,https://waytochurch.com/lyrics/song/367,541,0
368,naa pranathma sareeram,నా ప్రాణ ఆత్మ శరీరం అంకితం నీకే ప్రభూ,Bro  Yesanna,yesuraaja,,,TELUGU,2014-10-16,https://waytochurch.com/lyrics/song/368,298,0
369,naa yesu raaja naa aaradhyadhyvama,నా యేసు రాజా నా ఆరాధ్య దైవమా,Bro  Yesanna,yesuraaja,,,TELUGU,2014-10-16,https://waytochurch.com/lyrics/song/369,429,612
370,yesaiah naa priya,యేసయ్యా నాప్రియా,Bro  Yesanna,krupamayuda,,,TELUGU,2014-10-16,https://waytochurch.com/lyrics/song/370,362,0
371,nenu velle maargamu,నేను వెళ్ళే మార్గము నా యేసుకే తెలియును,Bro  Yesanna,krupamayuda,,,TELUGU,2014-10-16,https://waytochurch.com/lyrics/song/371,641,0
372,yeguruthunnandhi vijaya,ఎగురుతున్నది విజయ పతాకం యేసు రక్తమే మా జీవిత విజయం,Bro  Yesanna,,,,TELUGU,2014-10-16,https://waytochurch.com/lyrics/song/372,615,0
373,anthyadhinamula yendu memundaga,అంత్య దినములందు మేం ఉండగా నీ ఆత్మా కుమ్మరింపు నీయుమా,Bro  Anil Kumar,yese raaraju,,,TELUGU,2014-10-16,https://waytochurch.com/lyrics/song/373,999,0
374,dhevudu maapakshamuna vundaga,దేవుడు మా పక్షమున ఉండగా మాకు విరోధి ఎవడు,Bro  Anil Kumar,,,,TELUGU,2014-10-16,https://waytochurch.com/lyrics/song/374,944,0
375,idhigo vinuma lokama,ఇదిగో వినుమా ఓ లోకమా త్వరలో ప్రభువు రానుండెను,Bro  Anil Kumar,yese raaraju,,,TELUGU,2014-10-16,https://waytochurch.com/lyrics/song/375,2167,0
376,israelunu kaapaadu devudu,ఇశ్రాయేలును కాపాడు దేవుడు కునుకడు నిద్రపోడెన్నడు,Bro  Anil Kumar,yese raaraju,,,TELUGU,2014-10-16,https://waytochurch.com/lyrics/song/376,2739,0
377,jaya pataakam yegaraali,జయ పతాకం ఎగరాలి ఈ దేశం సొంతం కావాలి,Bro  Anil Kumar,yesuraaja,,,TELUGU,2014-10-16,https://waytochurch.com/lyrics/song/377,809,0
378,jayahe jayahe kristhesu,జయహే జయహే క్రీస్తేసు ప్రభుకు జయహే జయహే జయహే రారాజు ప్రభుకు జయహే,Bro  Anil Kumar,yese raaraju,,,TELUGU,2014-10-16,https://waytochurch.com/lyrics/song/378,1578,0
379,naa neethi neeve,నా నీతి నీవే నా ఖ్యాతి నీవే నా దైవమా యేసయా,Bro  Anil Kumar,yesuraaja,,,TELUGU,2014-10-16,https://waytochurch.com/lyrics/song/379,1512,0
380,cheddaamaa poraatam,చేద్దామా పోరాటం ఆత్మీయ పోరాటం అపవాది శక్తులతో అనుదినము పోరాటం,Bro  Anil Kumar,jesus my life,,,TELUGU,2014-10-16,https://waytochurch.com/lyrics/song/380,1318,0
381,nibbaram kaligi,నిబ్బరం కలిగి ధైర్యముగుండు దిగులు పడకు జడియకు ఎపుడు,Bro  Anil Kumar,jesus my life,,,TELUGU,2014-10-16,https://waytochurch.com/lyrics/song/381,2681,0
382,lokamunu jayinchina,లోకమును జయించిన విజయము విశ్వాసమే ఈ లోకమును జయించిన విజయము విశ్వాసమే,Bro  Anil Kumar,jesus my life,,,TELUGU,2014-10-16,https://waytochurch.com/lyrics/song/382,1203,0
383,nee rakthame paapa parihaaram,లోక పాపమును మోసుకెళ్ళిన దేవుని గొర్రె పిల్ల,Bro  Anil Kumar,jesus my life,,,TELUGU,2014-10-16,https://waytochurch.com/lyrics/song/383,1467,0
384,veerudu lechenu,వీరుడే లేచెను మరణపు ముల్లును విరచి సాధ్యమా మంటికి ప్రభువునే వుంచను అణచి,Bro  Anil Kumar,jesus my life,Easter,,TELUGU,2014-10-16,https://waytochurch.com/lyrics/song/384,2543,0
385,visvasa veerulam,విశ్వాస వీరులం క్రీస్తు శిష్యులం దేవునికే మేం వారసులం,Bro  Anil Kumar,jesus my life,,,TELUGU,2014-10-16,https://waytochurch.com/lyrics/song/385,2090,0
386,yesayya lone unnadhi manaku rakshana,యేసయ్యలోనే ఉన్నది మనకు రక్షణ నిరీక్షణ,Bro  Anil Kumar,jesus my life,,,TELUGU,2014-10-16,https://waytochurch.com/lyrics/song/386,2253,0
387,maargam satyam jeevam,మార్గం సత్యం జీవం క్రీస్తేసని చాటేద్దాం చేయి చేయి కలిపి ప్రభు రాజ్యం కట్టేద్దాం,Bro  Anil Kumar,Jesus is my hero,,,TELUGU,2014-10-16,https://waytochurch.com/lyrics/song/387,691,0
388,yuddha veeruda,యుద్ధ వీరుడా కదులు ముందుకు పాలు తేనెలా నగరుకు,Bro  Anil Kumar,Jesus is my hero,,,TELUGU,2014-10-16,https://waytochurch.com/lyrics/song/388,1233,0
389,yesu dhevuni aaradhikulam,యేసు దేవుని ఆరాధికులం వెనుక చూడని సైనికులం,Bro  Anil Kumar,Jesus is my hero,,,TELUGU,2014-10-16,https://waytochurch.com/lyrics/song/389,1352,0
390,shuddha hrudhayam,శుద్ధ హృదయం కలుగజేయుము,Bro  Anil Kumar,Jesus is my hero,,,TELUGU,2014-10-16,https://waytochurch.com/lyrics/song/390,537,0
391,,జీసస్ జీసస్,Bro  Anil Kumar,Jesus is my hero,,,TELUGU,2014-10-16,https://waytochurch.com/lyrics/song/391,1007,0
392,yuddhamu yehovadhe,రాజులు మనకెవ్వరు లేరు శూరులు మనకెవ్వరు లేరు,Bro  Anil Kumar,Jesus is my hero,,,TELUGU,2014-10-16,https://waytochurch.com/lyrics/song/392,621,0
393,prabhu naamam,ప్రభు నామం నా ఆశ్రయమే ఆయనను స్తుతించెదను ప్రభు మహిమ నా జీవితమే ఆయనను వెంబడింతును,Bro  Anil Kumar,Jesus is my hero,,,TELUGU,2014-10-16,https://waytochurch.com/lyrics/song/393,622,0
394,krupa krupa naa yesu krupa,కృప కృప నా యేసు కృప కృప కృప కృప,Bro  Anil Kumar,Jesus my victory,,,TELUGU,2014-10-16,https://waytochurch.com/lyrics/song/394,3012,0
395,kondharemo gurralantu,కొందరేమో గుర్రాలంటూ కొందరేమో రథాలంటూ అబ్బురంగా అతిశయపడతారు,Bro  Anil Kumar,Jesus my victory,,,TELUGU,2014-10-16,https://waytochurch.com/lyrics/song/395,2745,0
396,jayaminkaa manaderaa,జయమింకా మనదేరా జయ ధ్వనినే చేసేయ్ రా ప్రేమించే యేసునిలో అత్యధికపు జయమేరా,Bro  Anil Kumar,Jesus my victory,,,TELUGU,2014-10-16,https://waytochurch.com/lyrics/song/396,1939,0
397,yesuni yandali aanandame,యేసుని యందలి ఆనందమే మాకు బలము,Bro  Anil Kumar,Jesus my victory,,,TELUGU,2014-10-16,https://waytochurch.com/lyrics/song/397,2344,0
398,yehovaa maa balamaa neeve kadha naa dheema,యెహోవా మా బలమా నీవే కదా నా ధీమా,Bro  Anil Kumar,Jesus my victory,,,TELUGU,2014-10-16,https://waytochurch.com/lyrics/song/398,2335,0
399,paraakramamu gala baladyuda,పరాక్రమము గల బలాడ్యుడా నీ కంటికి కనిపించే నీ చెవులకు వినిపించే,Bro  Anil Kumar,Jesus my victory,,,TELUGU,2014-10-16,https://waytochurch.com/lyrics/song/399,3066,0
400,idiye samayam,ఇదియే సమయం ఇక లేరా నేస్తం ప్రభుకై రగిలే జ్వాలై,Bro  Anil Kumar,Jesus my victory,,,TELUGU,2014-10-16,https://waytochurch.com/lyrics/song/400,2365,0
401,holy holy holy,హోలీ హోలీ హోలీ హోలీ హోలీ హోలీ హోలీ హోలీ,Bro  Anil Kumar,Jesus my victory,,,TELUGU,2014-10-16,https://waytochurch.com/lyrics/song/401,2725,0
402,entho vintha entho chintha,ఎంతో వింత ఎంతో చింత యేసునాధున్ మరణమంత,,,,,TELUGU,2014-10-16,https://waytochurch.com/lyrics/song/402,581,0
403,aha mahathma haa sareera,ఆహా మహాత్మ హా శరణ్యాహా విమోచకద్రోహ,,,,,TELUGU,2014-10-16,https://waytochurch.com/lyrics/song/403,631,0
404,yevaru chesiri puvuu lanuu,యెవరు చెసిరి పువుఉలనుఉ,,,,,Telugu,2014-10-16,https://waytochurch.com/lyrics/song/404,297,353
418,Kantipaapanu naa kantaneeru choodalevu,నీ కంటిపాపనూ నా కంటనీరు చూడలేవు,Joshua Shaik,,,,Telugu,2020-02-15,https://waytochurch.com/lyrics/song/418,443,522
453,e samayamandhaina,ఏ సమయమందైన ఏ స్ధలమందైన,,,,,Telugu,2014-10-16,https://waytochurch.com/lyrics/song/453,572,0
496,aanandham aanandham,ఆనంధం –ఆనంధం –ధినధినం ఆనంధం రారాజు నా స్వంతమాయెనే –,,,,,Telugu,2014-10-16,https://waytochurch.com/lyrics/song/496,531,0
497,aanandha maanandha maayenu,ఆనంధ మానంధ మాయెను – నాధు ప్రియ కుమారుని యంధు,,,,,Telugu,2014-10-16,https://waytochurch.com/lyrics/song/497,907,0
498,niitigala yohoavaa sthuthi mii,నీతిగల యొహోవా స్థుథి మీ – యాథ్మథో నర్పించుదిమీ యాథ్మథో,,,,,Telugu,2014-10-16,https://waytochurch.com/lyrics/song/498,705,0
499,dhaeva dhivyanantha prabhaava,ధేవ ధివ్యనంథ ప్రభావ మాంపాహి ఘన యోహోవా స్థావర జంగమ,,,,,Telugu,2014-10-16,https://waytochurch.com/lyrics/song/499,866,0
500,gaanamu chaeyudu sukiirthananu y,ఘానము చేయుదు సుకీర్థననుఒహోవను గూరిచి క్రొథ గాను రక్థి గాను,,,,,Telugu,2014-10-16,https://waytochurch.com/lyrics/song/500,799,0
501,anni kalambula nunna yehova,ఆన్ని కాలంబులనున్న యోహోవాని న్నెన్నథరంబయో కన్న థంద్రి – వన్నె,,,,,Telugu,2014-10-16,https://waytochurch.com/lyrics/song/501,811,0
502,halleluya sthotram,హల్లెలూయ స్తోత్రం,,,,,Telugu,2014-10-16,https://waytochurch.com/lyrics/song/502,553,0
503,yesu ni krupalo,యేసు నీ క్రుపలో,,,,,Telugu,2014-10-16,https://waytochurch.com/lyrics/song/503,444,0
504,manchi sakshiga marchumu,మంచి సాక్షిగ మార్చుము,,,,,Telugu,2014-10-16,https://waytochurch.com/lyrics/song/504,1134,0
505,devaa neeku sthotramu,దేవా నీకు స్తోత్రము,,,,,Telugu,2014-10-16,https://waytochurch.com/lyrics/song/505,223,0
506,priyathama bandhama naa hrudayapu,ప్రియతమా బంధమ నా హృదయపు ఆశ్రయ దుర్గమ అనుదినం అనుక్షణం నీ వొడిలో,,,,,Telugu,2014-10-16,https://waytochurch.com/lyrics/song/506,603,822
507,bharatha desama yesuke,భారత దేశమా యేసుకే నా భారత దేశమా ప్రియయేసుకే,,,,,Telugu,2014-10-16,https://waytochurch.com/lyrics/song/507,1927,0
508,nannenthaga preminchithivo,నన్నెంతగా ప్రేమించితివో,,,,,Telugu,2014-10-16,https://waytochurch.com/lyrics/song/508,657,712
509,aradinchedanu ninnu,ఆరాధించెదను నిన్ను నా యేసయ్య ఆత్మతో సత్యముతో,,,,,Telugu,2014-10-16,https://waytochurch.com/lyrics/song/509,335,0
510,sruthi chesi ne padana,శృతి చేసి నే పాడనా స్తోత్రగీతం,,,,,Telugu,2014-10-16,https://waytochurch.com/lyrics/song/510,500,0
511,neevu leni roju asalu,నీవు లేని రోజు అసలు రోజే కాదయా,,,,,Telugu,2014-10-16,https://waytochurch.com/lyrics/song/511,304,0
512,punarudhanuda naa yesayya,పునరుత్థానుడ నా యేసయ్య మరణము గెలిచి బ్రతికించితివి నన్ను,,,Praise WorshipEaster,,Telugu,2014-10-16,https://waytochurch.com/lyrics/song/512,523,0
513,yudhaa sthuthi gotrapu simhama,యూదా స్తుతి గోత్రపు సింహమా,,,Praise Worship,,Telugu,2014-10-16,https://waytochurch.com/lyrics/song/513,416,0
514,suryuni dharinchi,సూర్యుని ధరించి చంద్రుని మీద నిలిచి,,,,,Telugu,2014-10-16,https://waytochurch.com/lyrics/song/514,291,0
515,sthuthiki paathruda,స్తుతికి పాత్రుడా స్తోత్రార్హుడా,,,,,Telugu,2014-10-16,https://waytochurch.com/lyrics/song/515,342,0
516,nee krupa naku chalunu,నీ కృపా నాకు చాలును నీ కృప లేనిదే నే బ్రతుకలేను,,,,,Telugu,2014-10-16,https://waytochurch.com/lyrics/song/516,721,0
517,palle pallello pattanala moolallo,పల్లె పల్లెల్లో పట్టణాల మూలల్లో,,,,,Telugu,2014-10-16,https://waytochurch.com/lyrics/song/517,554,0
518,musalamma muchatlu,ముసలమ్మ ముచ్చట్లు కట్టిపెట్టి,,,,,Telugu,2014-10-16,https://waytochurch.com/lyrics/song/518,656,0
519,manasara pujenchi,మనసార పూజించి నిన్ను ఆరాధిస్తా,"Bro  Raj , micheal paul",,,,Telugu,2014-10-16,https://waytochurch.com/lyrics/song/519,359,0
520,mahimaswarupuda,మహిమ స్వరూపుడా మృత్యుంజయుడా,,,,,Telugu,2014-10-16,https://waytochurch.com/lyrics/song/520,486,0
521,dayagala hrudayudavu,దయగల హృదయుడవు,,hosanna-2015,,,Telugu,2014-10-16,https://waytochurch.com/lyrics/song/521,675,0
522,nee sallani soope,నీ సల్లని సూపే ఓ యేసయ్యా,,,,,Telugu,2014-10-16,https://waytochurch.com/lyrics/song/522,435,0
523,yedabaayani deva,ఎడబాయని దేవా ఇమ్మానుయేలు ప్రభువా,,,,,Telugu,2014-10-16,https://waytochurch.com/lyrics/song/523,397,0
524,gadachina kaalamantha,గడచిన కాలమంతా నిలిచితివి నా చెంత,,,,,Telugu,2014-10-16,https://waytochurch.com/lyrics/song/524,491,0
525,ambhara veedhilo tharaka,అంబరవీధిలో తారక వెలసెను తూర్పున వింతగా,,,Christmas,,Telugu,2014-10-16,https://waytochurch.com/lyrics/song/525,254,0
526,krupayu satyamu kalisi,మహిమ రూపము మనిషి ఆయెను బాలయేసునిగా,,,,,Telugu,2014-10-16,https://waytochurch.com/lyrics/song/526,264,0
527,aakashamlo kotha chukka puttindi,ఆకాశంలో కొత్త చుక్క పుట్టింది,,,Christmas,,Telugu,2014-10-16,https://waytochurch.com/lyrics/song/527,194,0
528,andhari chevulu gingurumanela,అందరి చెవులు గింగురుమనేలా అంతట చాటి చెప్పాలా,,,,,Telugu,2014-10-16,https://waytochurch.com/lyrics/song/528,345,0
529,ooruko hrudayama neelo,ఊరుకో హృదయమా నీలో మత్సరమా,,,,,Telugu,2014-10-16,https://waytochurch.com/lyrics/song/529,312,0
530,unnathamaina rajyapu vasi,ఉన్నతమైన రాజ్యపువాసీ యేసయ్యా,,,,,Telugu,2014-10-16,https://waytochurch.com/lyrics/song/530,641,0
531,sahasa kaaryalu cheya galige,సహసకర్యాలు చేయగలిగే దేవుని హస్తము,,,,,Telugu,2014-10-16,https://waytochurch.com/lyrics/song/531,365,0
532,o manavuda melukonumu,ఓ మానవుడా మేలుకొనుము నిదురయేలరా,,,,,Telugu,2014-10-16,https://waytochurch.com/lyrics/song/532,383,0
533,aagipodhu na pata,ఆగిపోదు నా పాట గమ్యం చేరేదాక,,,,,Telugu,2014-10-16,https://waytochurch.com/lyrics/song/533,460,0
534,ananthamunundi ananthamu varaku,ఆనన్తము నున్డి అనన్తము వరకు జీవిన్చు ఢెవ,,,,,Telugu,2014-10-16,https://waytochurch.com/lyrics/song/534,490,554
535,jeevithamlo neela undalani,జీవితంలో నీలా ఉండాలని యేసు నాలో ఎంతో ఆశున్నది,,,,,Telugu,2014-10-16,https://waytochurch.com/lyrics/song/535,366,377
536,alpha omega ayina mahimanvithuda,అల్ఫా ఒమేగా అయినా మహిమాన్వితుడా,,hosanna-2015,,,Telugu,2014-10-16,https://waytochurch.com/lyrics/song/536,646,895
537,gadachina kalamu krupalo mamu,హల్లెలూయ స్తోత్రం యేసయ్య,,,,,Telugu,2014-10-16,https://waytochurch.com/lyrics/song/537,476,0
538,halleluya sthotram,హల్లెలూయ స్తోత్రం యేసయ్య కృప చాలును నీ కృప చాలును,,,,,Telugu,2014-10-16,https://waytochurch.com/lyrics/song/538,288,0
539,gurileni payanam dari cherakunte,గురిలేని పయనం దరి చేరకుంటే,,,,,Telugu,2014-10-16,https://waytochurch.com/lyrics/song/539,466,0
540,naa thandri ninu nenu,నా తండ్రీ నిను నేను మరువలేను,,,,,Telugu,2014-10-16,https://waytochurch.com/lyrics/song/540,374,0
541,chitikina naa jeevitham,చితికిన నా జీవితము చినిగిన ఓ కాగితము,,,,,Telugu,2014-10-16,https://waytochurch.com/lyrics/song/541,487,0
542,phalamulu kaligina shishyuniga nannu,ఫలములు కలిగిన శిష్యునిగా నన్ను మార్చితివా,,,,,Telugu,2014-10-16,https://waytochurch.com/lyrics/song/542,394,0
543,modhata nee sthithi konchame ainanu,మొదట నీ స్థితి కొంచెమే అయినను,,,,,Telugu,2014-10-16,https://waytochurch.com/lyrics/song/543,480,0
544,nannu evvaru kadilinchaleru,నన్ను ఎవ్వరు కదిలించలేరు దేనికి ఆ శక్తి లేదు,,,,,Telugu,2014-10-16,https://waytochurch.com/lyrics/song/544,396,0
545,aashalanni nee meedhane,ఆశలన్నీ నీ మీదనే తీర్చవా ప్రభూ,,,,,Telugu,2014-10-16,https://waytochurch.com/lyrics/song/545,467,0
546,naa balamu nannu,నా బలము నన్ను విడిచిపోయినా,,,,,Telugu,2014-10-16,https://waytochurch.com/lyrics/song/546,415,0
547,neeve na rakshana neeve nireekshana,నీవే నా రక్షణ నీవే నిరీక్షణ,,,,,Telugu,2014-10-16,https://waytochurch.com/lyrics/song/547,312,0
548,krutagnatato samarpanato,కృతజ్ఞతతో సమర్పణతో ఆయన సన్నిది చేరెదము,,,,,Telugu,2014-10-16,https://waytochurch.com/lyrics/song/548,361,0
549,pashushalalo neevu,పశుశాలలో నీవు పవళించినావు పరమాత్ముడవు నీవు,,,,,Telugu,2014-10-16,https://waytochurch.com/lyrics/song/549,218,0
550,satvikuda deenulanu karuninche,సాత్వీకుడా దీనులను కరుణించే నా యేసయ్య,,,,,Telugu,2014-10-16,https://waytochurch.com/lyrics/song/550,418,0
551,nee bahu balamu ennadaina,నీ బాహుబలము ఎన్నడైన దూరమాయెనా,,,,,Telugu,2014-10-16,https://waytochurch.com/lyrics/song/551,618,0
552,arbhatamutho pradhana dootha,ఆర్భాటముతో ప్రధాన దూత శబ్ధముతో దేవుని బూరతో,Bro  Yesanna,hosanna-2014,,,Telugu,2014-10-16,https://waytochurch.com/lyrics/song/552,508,0
553,chatali jagatilo devuni keerthi,చాటాలి జగతిలో దేవుని కీర్తి కావాలి మనిషికి దేవుని నీతి,Bro  Yesanna,hosanna-2014,,,Telugu,2014-10-16,https://waytochurch.com/lyrics/song/553,536,0
554,bethlahemulo sandhadi pasuvula pakalo,బెత్లేహేములోనంట సందడి పశువుల పాకలో సందడి,,,Christmas,,Telugu,2014-10-16,https://waytochurch.com/lyrics/song/554,622,0
555,christmas panduga vachenule,క్రీస్మస్ పండుగ వచ్చేనులే నేడు యేసయ్య జన్మ దినం వచ్చేనులే,,,,,Telugu,2014-10-16,https://waytochurch.com/lyrics/song/555,505,0
556,yennaluga,ఎన్నాళ్ళుగా ఎన్నేళ్ళుగా నా నీరిక్షనా,,,,,Telugu,2014-10-16,https://waytochurch.com/lyrics/song/556,434,0
557,yenduko nannu neevu,ఎందుకో నన్ను నీవు ప్రేమించినావు దేవా,bro p issac,paralokanestham,,,Telugu,2014-10-16,https://waytochurch.com/lyrics/song/557,444,0
558,anuragalu kuripinche,అనురాగాలు కురిపించే నీ ప్రేమ తలచి,Bro  Yesanna,hosanna-2014,,,Telugu,2014-10-16,https://waytochurch.com/lyrics/song/558,525,0
559,makutam dharinchina maharaju,రాజాధి రాజ రవి కోటి తేజ రమణీయ సామ్రాజ్య పరిపాలక,Bro  Yesanna,hosanna-2014,,,Telugu,2014-10-16,https://waytochurch.com/lyrics/song/559,505,748
560,nindu manasutho ninne aaradhinchuta,నిండు మనసుతో నిన్నే ఆరాదించుట నీ సంకల్పం,Bro  Yesanna,hosanna-2014,,,Telugu,2014-10-16,https://waytochurch.com/lyrics/song/560,555,0
561,laali laali laalamma laali,లాలి లాలి లాలి లాలమ్మ లాలీ,,andhra Kristava Keerthanalu,,,Telugu,2014-10-16,https://waytochurch.com/lyrics/song/561,348,0
562,santhosham naku santhosham,సంతోషం నాకు సంతోషం యేసు నాలో ఉంటే సంతోషం,,,,,Telugu,2014-10-16,https://waytochurch.com/lyrics/song/562,368,0
563,sharon roja yese,షారోను రోజా యేసే పరిపూర్ణ సుందరుడు,,,,,Telugu,2014-10-16,https://waytochurch.com/lyrics/song/563,463,0
564,sudhinam sarva janulaku,సుధినం సర్వ జనులకు సమధానం సర్వ జగతికి,,,,,Telugu,2014-10-16,https://waytochurch.com/lyrics/song/564,460,0
565,andala udyana vanama,అందాల ఉద్యన వనమా ఓ క్రెస్తవా సంఘామా,,,,,Telugu,2014-10-16,https://waytochurch.com/lyrics/song/565,461,563
566,ambaraniki antela,అంబరానికి అంటేలా సంబరాలతో చాటాల,Bro  AR Stevenson,christmas,Christmas,,Telugu,2014-10-16,https://waytochurch.com/lyrics/song/566,321,370
567,athi thvaralo,అతి త్వరలో వచ్చుచున్నాడు యేసయ్య మేఘాసీనుడిగా,Bro Raj prakash paul,veekshana,,,Telugu,2014-10-16,https://waytochurch.com/lyrics/song/567,421,477
568,allaneredallo,అల్లనేరేడల్లో అల్లనేరేడల్లో,,christmas,,,Telugu,2014-10-16,https://waytochurch.com/lyrics/song/568,392,423
569,aa jali premanu,ఆ జాలి ప్రేమను గమనింపకుందువా,Bro Raj prakash paul,ankitham,,,Telugu,2014-10-16,https://waytochurch.com/lyrics/song/569,520,589
570,agaka saguma,ఆగక సాగుమా సేవలో సేవకా,Bro Raj prakash paul,ankitham,,,Telugu,2014-10-16,https://waytochurch.com/lyrics/song/570,240,272
571,atmaparisuddatmuda,ఆత్మపరిశుద్దాత్ముడా నాలో నివసించుము,,worship,,,Telugu,2014-10-16,https://waytochurch.com/lyrics/song/571,514,575
572,anamda samvatsaram,ఆనంద సంవత్సరం ఆశీర్వద కాలం,Bro  Sean pachigalla,"Neevey Na Aakarshana, new year",New Year,,Telugu,2014-10-16,https://waytochurch.com/lyrics/song/572,416,0
573,anamdame prabu,ఆనందమే ప్రభు యేసుని స్తుతించుట,Bro  Satish Kumar,Nee adharane chalunaya,,,Telugu,2014-10-16,https://waytochurch.com/lyrics/song/573,346,389
574,aradhana sthuthi,ఆరాధన స్తుతి ఆరాధన,Bro  Samuel Karmoji,"Yesulo Aanandam, worship",,,Telugu,2014-10-16,https://waytochurch.com/lyrics/song/574,319,376
575,aradhana aradhana,ఆరాధనా ఆరాధనా,,worship,,,Telugu,2014-10-16,https://waytochurch.com/lyrics/song/575,192,203
576,Ikyaparachumayya ee vadhuvarulanu,ఐక్యపరచుమయ్యా ఈ వధూవరులను,Bro  AR Stevenson,Kalyana Veduka,Marriage,,Telugu,2014-10-16,https://waytochurch.com/lyrics/song/576,440,529
577,andariki kaavaali,అందరికి కావాలి యేసయ్య రక్తము,,gospel,,,Telugu,2014-10-16,https://waytochurch.com/lyrics/song/577,490,586
578,ammallaara o akkallaara,అమ్మల్లారా ఓ అక్కల్లారా,,gospel,,,Telugu,2014-10-16,https://waytochurch.com/lyrics/song/578,689,748
579,aakaashamandunna,ఆకాశమందున్న ఆసీనుడా,,worship,,,Telugu,2014-10-16,https://waytochurch.com/lyrics/song/579,315,389
580,aalayamlo praveshinchandi,ఆలయంలో ప్రవేశించండి అందరూ,,praise,,,Telugu,2014-10-16,https://waytochurch.com/lyrics/song/580,482,630
581,bangaram kante,బంగారం కంటె ఎంతోష్టమైనది,,praise,,,Telugu,2014-10-16,https://waytochurch.com/lyrics/song/581,237,273
582,bangaram tandri,బంగారం తండ్రి నా యేసయ్యా,,praise,,,Telugu,2014-10-16,https://waytochurch.com/lyrics/song/582,436,473
583,brathikeda ni kosame,బ్రతికెద నీ కోసమే నా ధ్యానమే,Bro Raj prakash paul,"Prakshalana, worship",,,Telugu,2014-10-16,https://waytochurch.com/lyrics/song/583,513,574
584,barathadesa suvarta,భారతదేశ సువార్త సంఘమా భువిదివి సంగమమా,,gospel,,,Telugu,2014-10-16,https://waytochurch.com/lyrics/song/584,473,540
585,barathadesama yesuke,భారతదేశమా యేసుకే,,gospel,,,Telugu,2014-10-16,https://waytochurch.com/lyrics/song/585,903,1076
586,balaparachumu,బలపరచుము స్థిరపరచుము నా ప్రార్ధనకు బదులీయుమూ,,hope,,,Telugu,2014-10-16,https://waytochurch.com/lyrics/song/586,370,428
587,bale bale mata,బలె బలె మాట బంగారు మాట బైబిల్ మాట యేసు మాట,,sunday school,,,Telugu,2014-10-16,https://waytochurch.com/lyrics/song/587,123,142
588,baibilu gramdham,బైబిలు గ్రంధం ద్వారబంధం పరలోక పరమపురికి,Bro  AR Stevenson,Nadipistadu,,,Telugu,2014-10-16,https://waytochurch.com/lyrics/song/588,369,444
589,brathiki chastava,బ్రతికి చస్తావా చచ్చి బ్రతుకుతావా,Bro  PD Sundar Rao,Collection of BOUI,,,Telugu,2014-10-16,https://waytochurch.com/lyrics/song/589,649,722
590,bajiyintumu ninu jagadisa sri yesa ma rakshanakarta,భజియింతుము నిను జగదీశా శ్రీ యేసా మా రక్షణకర్త,,worship,,,TELUGU,2014-10-16,https://waytochurch.com/lyrics/song/590,295,351
591,bayapadaku,భయపడకు భయపడకు నీ పయనం సాగించు,Bro  Akumarthi Daniel,"Manchi Devudu, worship",,,Telugu,2014-10-16,https://waytochurch.com/lyrics/song/591,373,418
592,bayamu chemdaku,భయము చెందకు భక్తుడా ఈ మాయలోక ఛాయాలు చూచినపుడు,,hope,Gods Power,,Telugu,2014-10-16,https://waytochurch.com/lyrics/song/592,574,644
593,chalu chalu,చాలు చాలు చాలు,,grace,,,Telugu,2014-10-16,https://waytochurch.com/lyrics/song/593,189,200
594,chalunayya chalunayya,చాలునయ్యా చాలునయ్యా,,grace,,,Telugu,2014-10-16,https://waytochurch.com/lyrics/song/594,619,671
595,chirudipamalle veligimdi lokam aa velugu korake vechimdi,చిరుదీపమల్లె వెలిగింది లోకం ఆ వెలుగు కొరకే వేచింది లోకం,,christmas,Christmas,,Telugu,2014-10-16,https://waytochurch.com/lyrics/song/595,280,320
596,chalina devudavu yesu chalina devuda nivu,చాలిన దేవుడవు యేసు చాలిన దేవుడ నీవు,Bro  Akumarthi Daniel,"Manchi Devudu, worship",,,Telugu,2014-10-16,https://waytochurch.com/lyrics/song/596,464,540
597,chirunagavu momu,చిరునగవు మోము తోడా,Ashirvad Luke,"velugu, praise worship",,,Telugu,2014-10-16,https://waytochurch.com/lyrics/song/597,369,468
598,chikati loyalo nenu padiyumdaga,చీకటి లోయలో నేను పడియుండగా,Bro  JK Christopher,rojantha,,,Telugu,2014-10-16,https://waytochurch.com/lyrics/song/598,765,854
599,chudalani undi yesuni cheralani,చూడాలని ఉంది యేసుని చేరాలని ఉంది,,,,,Telugu,2014-10-16,https://waytochurch.com/lyrics/song/599,412,465
600,chettu choosthe pachchagundi,చెట్టు చూస్తే పచ్చగుంది,,,,,Telugu,2014-10-16,https://waytochurch.com/lyrics/song/600,835,1031
601,dahamu gonnavaralara,దాహము గొన్నవారలారా దాహము తీర్చుకొనండి,,,,,Telugu,2014-10-16,https://waytochurch.com/lyrics/song/601,395,444
602,deyyama daivama deyyama daivama telusuko nestama,దెయ్యమా దైవమ తెలుసుకొ నేస్తమ,Bro  PD Sundar Rao,Collection of BOUI,,,Telugu,2014-10-16,https://waytochurch.com/lyrics/song/602,858,858
603,deva nikemittunu e dinuralanu asahayuralanu,దేవా నీకేమిత్తును ఈ దనురాలను అసహాయురాలను,Bro  John Wesley,"Tejo Sampannudaa, worship",,,Telugu,2014-10-16,https://waytochurch.com/lyrics/song/603,300,320
604,devudamte nikishtama,దేవుడంటే నీకిష్టమా ఏ కష్టానికైన సిద్ధమా,,,,,Telugu,2014-10-16,https://waytochurch.com/lyrics/song/604,761,848
605,devuni yamdu nirikshana numchi,దేవుని యందు నిరీక్షణ నుంచి,,hope,,,Telugu,2014-10-16,https://waytochurch.com/lyrics/song/605,600,668
606,,,,,,,TELUGU,,https://waytochurch.com/lyrics/song/606,570,638
607,silent night holy night [Telugu],శుద్ధరాత్రి సద్ధణంగ నందఱు నిద్రప,,,,,TELUGU,2014-10-16,https://waytochurch.com/lyrics/song/607,363,391
608,,,,,,,TELUGU,,https://waytochurch.com/lyrics/song/608,327,374
609,,,,,,,TELUGU,,https://waytochurch.com/lyrics/song/609,357,392
610,,,,,,,TELUGU,,https://waytochurch.com/lyrics/song/610,570,644
611,,,,,,,TELUGU,,https://waytochurch.com/lyrics/song/611,331,358
612,,,,,,,TELUGU,,https://waytochurch.com/lyrics/song/612,455,533
613,,,,,,,TELUGU,,https://waytochurch.com/lyrics/song/613,606,690
614,,,,,,,TELUGU,,https://waytochurch.com/lyrics/song/614,479,514
615,,,,,,,TELUGU,,https://waytochurch.com/lyrics/song/615,541,579
616,,,,,,,TELUGU,,https://waytochurch.com/lyrics/song/616,464,540
617,,,,,,,TELUGU,,https://waytochurch.com/lyrics/song/617,189,200
618,,,,,,,TELUGU,,https://waytochurch.com/lyrics/song/618,619,671
619,,,,,,,TELUGU,,https://waytochurch.com/lyrics/song/619,270,308
620,,,,,,,TELUGU,,https://waytochurch.com/lyrics/song/620,765,854
621,,,,,,,TELUGU,,https://waytochurch.com/lyrics/song/621,527,572
622,,,,,,,TELUGU,,https://waytochurch.com/lyrics/song/622,280,320
623,,,,,,,TELUGU,,https://waytochurch.com/lyrics/song/623,369,468
624,,,,,,,TELUGU,,https://waytochurch.com/lyrics/song/624,412,465
625,,,,,,,TELUGU,,https://waytochurch.com/lyrics/song/625,395,444
626,,,Dr A R Stevenson,Kalyaname Vaibhogam,Marriage,,TELUGU,,https://waytochurch.com/lyrics/song/626,319,377
627,,,,,,,TELUGU,,https://waytochurch.com/lyrics/song/627,158,170
628,,,,,,,TELUGU,,https://waytochurch.com/lyrics/song/628,300,320
629,,,అల్లారి పెదవీరాస్వామి,Andhra Kristava Keerthanalu,Marriage,,TELUGU,,https://waytochurch.com/lyrics/song/629,807,918
630,,,,,,,TELUGU,,https://waytochurch.com/lyrics/song/630,761,848
631,,,,,,,TELUGU,,https://waytochurch.com/lyrics/song/631,555,628
632,,,,,,,TELUGU,,https://waytochurch.com/lyrics/song/632,458,500
633,,,,,,,TELUGU,,https://waytochurch.com/lyrics/song/633,677,755
634,,,,,,,TELUGU,,https://waytochurch.com/lyrics/song/634,487,558
635,,,,,,,TELUGU,,https://waytochurch.com/lyrics/song/635,391,442
636,,,,,,,TELUGU,,https://waytochurch.com/lyrics/song/636,668,751
637,,,,,,,TELUGU,,https://waytochurch.com/lyrics/song/637,445,496
638,,,,,,,TELUGU,,https://waytochurch.com/lyrics/song/638,469,553
639,,,,,,,TELUGU,,https://waytochurch.com/lyrics/song/639,600,668
640,,,,,,,TELUGU,,https://waytochurch.com/lyrics/song/640,672,745
641,,,,,,,TELUGU,,https://waytochurch.com/lyrics/song/641,780,858
642,,,,,,,TELUGU,,https://waytochurch.com/lyrics/song/642,477,529
643,,,,,,,TELUGU,,https://waytochurch.com/lyrics/song/643,334,379
644,,,,,,,TELUGU,,https://waytochurch.com/lyrics/song/644,460,507
645,,,Dr A R Stevenson,"Parinaya Swaraalu, Singers: Dr. A. R. Stevenson & Surekha",Marriage,,TELUGU,,https://waytochurch.com/lyrics/song/645,440,518
646,,,,,,,TELUGU,,https://waytochurch.com/lyrics/song/646,438,497
647,,,,,,,TELUGU,,https://waytochurch.com/lyrics/song/647,715,767
648,,,,,Marriage,,TELUGU,,https://waytochurch.com/lyrics/song/648,437,483
649,,,,,,,TELUGU,,https://waytochurch.com/lyrics/song/649,365,399
650,,,,,,,TELUGU,,https://waytochurch.com/lyrics/song/650,444,505
651,,,,,,,TELUGU,,https://waytochurch.com/lyrics/song/651,506,549
652,,,,,,,TELUGU,,https://waytochurch.com/lyrics/song/652,407,441
653,,,,,,,TELUGU,,https://waytochurch.com/lyrics/song/653,281,309
654,,,,,,,TELUGU,,https://waytochurch.com/lyrics/song/654,535,609
655,,,,,,,TELUGU,,https://waytochurch.com/lyrics/song/655,469,528
656,,,,,,,TELUGU,,https://waytochurch.com/lyrics/song/656,335,399
657,,,,,,,TELUGU,,https://waytochurch.com/lyrics/song/657,411,488
658,,,,,,,TELUGU,,https://waytochurch.com/lyrics/song/658,373,431
659,,,,,,,TELUGU,,https://waytochurch.com/lyrics/song/659,661,720
660,,,,,,,TELUGU,,https://waytochurch.com/lyrics/song/660,562,637
661,,,,,,,TELUGU,,https://waytochurch.com/lyrics/song/661,293,318
662,,,,,,,TELUGU,,https://waytochurch.com/lyrics/song/662,473,514
663,,,,,,,TELUGU,,https://waytochurch.com/lyrics/song/663,631,698
664,,,,,,,TELUGU,,https://waytochurch.com/lyrics/song/664,371,418
665,,,,,,,TELUGU,,https://waytochurch.com/lyrics/song/665,272,316
666,,,,,,,TELUGU,,https://waytochurch.com/lyrics/song/666,313,352
667,,,,,,,TELUGU,,https://waytochurch.com/lyrics/song/667,274,324
668,,,,,,,TELUGU,,https://waytochurch.com/lyrics/song/668,464,516
669,,,,,,,TELUGU,,https://waytochurch.com/lyrics/song/669,443,515
670,,,,,,,TELUGU,,https://waytochurch.com/lyrics/song/670,424,497
671,,,,,Easter,,TELUGU,,https://waytochurch.com/lyrics/song/671,596,709
672,,,,,,,TELUGU,,https://waytochurch.com/lyrics/song/672,392,456
673,,,,,Easter,,TELUGU,,https://waytochurch.com/lyrics/song/673,693,815
674,,,,,Easter,,TELUGU,,https://waytochurch.com/lyrics/song/674,878,1046
675,,,,,,,TELUGU,,https://waytochurch.com/lyrics/song/675,470,526
676,,,,,Easter,,TELUGU,,https://waytochurch.com/lyrics/song/676,523,551
677,,,,,,,TELUGU,,https://waytochurch.com/lyrics/song/677,215,250
678,,,,,,,TELUGU,,https://waytochurch.com/lyrics/song/678,454,487
679,,,,,,,TELUGU,,https://waytochurch.com/lyrics/song/679,374,416
680,,,,,,,TELUGU,,https://waytochurch.com/lyrics/song/680,734,795
681,,,,,,,TELUGU,,https://waytochurch.com/lyrics/song/681,421,463
682,,,,,,,TELUGU,,https://waytochurch.com/lyrics/song/682,384,431
683,,,,,,,TELUGU,,https://waytochurch.com/lyrics/song/683,453,526
684,,,,,,,TELUGU,,https://waytochurch.com/lyrics/song/684,385,422
685,,,,,,,TELUGU,,https://waytochurch.com/lyrics/song/685,554,638
686,,,,,,,TELUGU,,https://waytochurch.com/lyrics/song/686,608,704
687,,,,,,,TELUGU,,https://waytochurch.com/lyrics/song/687,480,540
688,,,,,Good Friday,,TELUGU,,https://waytochurch.com/lyrics/song/688,697,784
689,,,,,Good Friday,,TELUGU,,https://waytochurch.com/lyrics/song/689,455,508
690,,,Dr A R Stevenson,,Marriage,,TELUGU,,https://waytochurch.com/lyrics/song/690,356,412
691,,,,,Marriage,,TELUGU,,https://waytochurch.com/lyrics/song/691,327,402
692,,,,,,,TELUGU,,https://waytochurch.com/lyrics/song/692,576,650
693,,,,,,,TELUGU,,https://waytochurch.com/lyrics/song/693,292,325
694,,,,,,,TELUGU,,https://waytochurch.com/lyrics/song/694,310,387
695,,,,,,,TELUGU,,https://waytochurch.com/lyrics/song/695,417,473
696,,,,,,,TELUGU,,https://waytochurch.com/lyrics/song/696,756,807
697,,,,,,,TELUGU,,https://waytochurch.com/lyrics/song/697,459,488
698,,,,,,,TELUGU,,https://waytochurch.com/lyrics/song/698,379,409
699,,,,,,,TELUGU,,https://waytochurch.com/lyrics/song/699,328,364
700,,,,,,,TELUGU,,https://waytochurch.com/lyrics/song/700,512,573
701,,,,,Christmas,,TELUGU,,https://waytochurch.com/lyrics/song/701,447,481
702,,,,,,,TELUGU,,https://waytochurch.com/lyrics/song/702,550,604
703,,,,,,,TELUGU,,https://waytochurch.com/lyrics/song/703,863,955
704,,,,,,,TELUGU,,https://waytochurch.com/lyrics/song/704,572,627
705,,,,Veena Jesse,Praise Worship,,TELUGU,,https://waytochurch.com/lyrics/song/705,403,475
706,,,,,,,TELUGU,,https://waytochurch.com/lyrics/song/706,386,439
707,,,,,,,TELUGU,,https://waytochurch.com/lyrics/song/707,462,527
708,,,,,,,TELUGU,,https://waytochurch.com/lyrics/song/708,363,412
709,,,,,,,TELUGU,,https://waytochurch.com/lyrics/song/709,387,427
710,,,,,,,TELUGU,,https://waytochurch.com/lyrics/song/710,519,608
711,,,,,,,TELUGU,,https://waytochurch.com/lyrics/song/711,472,529
712,,,,,,,TELUGU,,https://waytochurch.com/lyrics/song/712,435,492
713,,,,,,,TELUGU,,https://waytochurch.com/lyrics/song/713,359,387
714,,,,,,,TELUGU,,https://waytochurch.com/lyrics/song/714,359,396
715,,,,,,,TELUGU,,https://waytochurch.com/lyrics/song/715,196,236
716,,,,,,,TELUGU,,https://waytochurch.com/lyrics/song/716,292,330
717,,,,,,,TELUGU,,https://waytochurch.com/lyrics/song/717,698,723
718,,,,,,,TELUGU,,https://waytochurch.com/lyrics/song/718,447,504
719,,,,,,,TELUGU,,https://waytochurch.com/lyrics/song/719,352,385
720,,,,,,,TELUGU,,https://waytochurch.com/lyrics/song/720,321,333
721,,,,,,,TELUGU,,https://waytochurch.com/lyrics/song/721,495,537
722,,,,,,,TELUGU,,https://waytochurch.com/lyrics/song/722,412,476
723,,,,,,,TELUGU,,https://waytochurch.com/lyrics/song/723,293,314
725,,,,,,,TELUGU,,https://waytochurch.com/lyrics/song/725,324,380
726,,,,,,,TELUGU,,https://waytochurch.com/lyrics/song/726,464,502
727,,,,,,,TELUGU,,https://waytochurch.com/lyrics/song/727,309,345
728,,,,,,,TELUGU,,https://waytochurch.com/lyrics/song/728,800,869
729,,,,,,,TELUGU,,https://waytochurch.com/lyrics/song/729,845,463
730,,,,,,,TELUGU,,https://waytochurch.com/lyrics/song/730,355,401
731,,,,,,,TELUGU,,https://waytochurch.com/lyrics/song/731,407,446
732,,,,,,,TELUGU,,https://waytochurch.com/lyrics/song/732,291,318
733,,,,,,,TELUGU,,https://waytochurch.com/lyrics/song/733,241,277
734,,,,,,,TELUGU,,https://waytochurch.com/lyrics/song/734,606,658
735,,,,,,,TELUGU,,https://waytochurch.com/lyrics/song/735,400,456
736,,,,,,,TELUGU,,https://waytochurch.com/lyrics/song/736,414,455
737,,,,,,,TELUGU,,https://waytochurch.com/lyrics/song/737,321,354
738,,,,,,,TELUGU,,https://waytochurch.com/lyrics/song/738,266,289
739,,,,,,,TELUGU,,https://waytochurch.com/lyrics/song/739,331,344
740,,,,,Christmas,,TELUGU,,https://waytochurch.com/lyrics/song/740,394,400
741,,,,,,,TELUGU,,https://waytochurch.com/lyrics/song/741,358,392
742,,,,,,,TELUGU,,https://waytochurch.com/lyrics/song/742,571,627
743,,,Dr AR Stevenson,,Faith,,TELUGU,,https://waytochurch.com/lyrics/song/743,423,483
744,,,,,,,TELUGU,,https://waytochurch.com/lyrics/song/744,505,553
745,,,,,,,TELUGU,,https://waytochurch.com/lyrics/song/745,342,385
746,,,,,,,TELUGU,,https://waytochurch.com/lyrics/song/746,410,456
747,,,,,,,TELUGU,,https://waytochurch.com/lyrics/song/747,433,489
748,,,,,,,TELUGU,,https://waytochurch.com/lyrics/song/748,318,356
749,,,,,,,TELUGU,,https://waytochurch.com/lyrics/song/749,513,592
750,,,,,,,TELUGU,,https://waytochurch.com/lyrics/song/750,283,326
751,,,,,,,TELUGU,,https://waytochurch.com/lyrics/song/751,691,751
752,,,,,,,TELUGU,,https://waytochurch.com/lyrics/song/752,499,554
753,,,,,,,TELUGU,,https://waytochurch.com/lyrics/song/753,438,513
754,,,,,,,TELUGU,,https://waytochurch.com/lyrics/song/754,529,589
755,,,,,,,TELUGU,,https://waytochurch.com/lyrics/song/755,362,389
756,,,,,,,TELUGU,,https://waytochurch.com/lyrics/song/756,438,495
757,,,,,,,TELUGU,,https://waytochurch.com/lyrics/song/757,374,410
758,,,,,,,TELUGU,,https://waytochurch.com/lyrics/song/758,257,278
759,,,,,,,TELUGU,,https://waytochurch.com/lyrics/song/759,402,426
760,,,,,,,TELUGU,,https://waytochurch.com/lyrics/song/760,628,718
761,,,,,,,TELUGU,,https://waytochurch.com/lyrics/song/761,556,588
762,,,,,,,TELUGU,,https://waytochurch.com/lyrics/song/762,331,370
763,,,,,,,TELUGU,,https://waytochurch.com/lyrics/song/763,395,459
764,,,,,,,TELUGU,,https://waytochurch.com/lyrics/song/764,488,552
765,,,,,,,TELUGU,,https://waytochurch.com/lyrics/song/765,505,564
766,,,,,,,TELUGU,,https://waytochurch.com/lyrics/song/766,408,449
767,,,,,,,TELUGU,,https://waytochurch.com/lyrics/song/767,466,512
768,,,,,,,TELUGU,,https://waytochurch.com/lyrics/song/768,263,298
769,,,,,,,TELUGU,,https://waytochurch.com/lyrics/song/769,370,424
770,,,,,,,TELUGU,,https://waytochurch.com/lyrics/song/770,280,334
771,,,,,,,TELUGU,,https://waytochurch.com/lyrics/song/771,367,395
772,,,,,,,TELUGU,,https://waytochurch.com/lyrics/song/772,607,683
773,,,,,,,TELUGU,,https://waytochurch.com/lyrics/song/773,484,547
774,,,,,,,TELUGU,,https://waytochurch.com/lyrics/song/774,368,395
775,,,,,,,TELUGU,,https://waytochurch.com/lyrics/song/775,488,536
776,,,,,,,TELUGU,,https://waytochurch.com/lyrics/song/776,392,437
777,,,,,,,TELUGU,,https://waytochurch.com/lyrics/song/777,452,530
778,,,,,,,TELUGU,,https://waytochurch.com/lyrics/song/778,269,320
779,,,,,,,TELUGU,,https://waytochurch.com/lyrics/song/779,528,567
780,,,,,,,TELUGU,,https://waytochurch.com/lyrics/song/780,510,557
781,,,,,,,TELUGU,,https://waytochurch.com/lyrics/song/781,498,532
782,,,,,,,TELUGU,,https://waytochurch.com/lyrics/song/782,410,465
783,,,,,,,TELUGU,,https://waytochurch.com/lyrics/song/783,491,555
784,,,,,,,TELUGU,,https://waytochurch.com/lyrics/song/784,434,477
785,,,,,,,TELUGU,,https://waytochurch.com/lyrics/song/785,810,851
786,,,,,,,TELUGU,,https://waytochurch.com/lyrics/song/786,597,696
787,,,,,,,TELUGU,,https://waytochurch.com/lyrics/song/787,377,431
788,,,,,,,TELUGU,,https://waytochurch.com/lyrics/song/788,337,352
789,,,,,,,TELUGU,,https://waytochurch.com/lyrics/song/789,552,612
790,,,,,,,TELUGU,,https://waytochurch.com/lyrics/song/790,421,498
791,,,,,,,TELUGU,,https://waytochurch.com/lyrics/song/791,546,599
792,,,,,,,TELUGU,,https://waytochurch.com/lyrics/song/792,909,1014
793,,,,,,,TELUGU,,https://waytochurch.com/lyrics/song/793,496,537
794,,,,,Faith,,TELUGU,,https://waytochurch.com/lyrics/song/794,564,1176
795,,,,,,,TELUGU,,https://waytochurch.com/lyrics/song/795,371,398
796,,,,,,,TELUGU,,https://waytochurch.com/lyrics/song/796,354,414
797,,,,,,,TELUGU,,https://waytochurch.com/lyrics/song/797,536,598
798,,,,,,,TELUGU,,https://waytochurch.com/lyrics/song/798,650,723
799,,,,,,,TELUGU,,https://waytochurch.com/lyrics/song/799,332,362
800,,,,,,,TELUGU,,https://waytochurch.com/lyrics/song/800,645,702
801,,,,,,,TELUGU,,https://waytochurch.com/lyrics/song/801,353,391
802,,,,,,,TELUGU,,https://waytochurch.com/lyrics/song/802,450,496
803,,,,,Thanks Giving,,TELUGU,,https://waytochurch.com/lyrics/song/803,539,579
804,,,,,,,TELUGU,,https://waytochurch.com/lyrics/song/804,295,330
805,,,,,,,TELUGU,,https://waytochurch.com/lyrics/song/805,455,482
806,,,,,,,TELUGU,,https://waytochurch.com/lyrics/song/806,383,420
807,,,,,,,TELUGU,,https://waytochurch.com/lyrics/song/807,430,477
808,,,,,,,TELUGU,,https://waytochurch.com/lyrics/song/808,581,613
809,,,,,,,TELUGU,,https://waytochurch.com/lyrics/song/809,418,453
810,,,,,,,TELUGU,,https://waytochurch.com/lyrics/song/810,396,422
811,,,,,,,TELUGU,,https://waytochurch.com/lyrics/song/811,353,392
812,,,,,,,TELUGU,,https://waytochurch.com/lyrics/song/812,289,311
813,,,,,,,TELUGU,,https://waytochurch.com/lyrics/song/813,419,461
814,,,,,,,TELUGU,,https://waytochurch.com/lyrics/song/814,587,615
815,,,,,,,TELUGU,,https://waytochurch.com/lyrics/song/815,228,267
816,,,,,,,TELUGU,,https://waytochurch.com/lyrics/song/816,239,291
817,,,,,,,TELUGU,,https://waytochurch.com/lyrics/song/817,482,565
818,,,,,,,TELUGU,,https://waytochurch.com/lyrics/song/818,586,677
819,,,,,,,TELUGU,,https://waytochurch.com/lyrics/song/819,338,397
820,,,,,,,TELUGU,,https://waytochurch.com/lyrics/song/820,391,420
821,,,,,,,TELUGU,,https://waytochurch.com/lyrics/song/821,313,367
822,,,,,,,TELUGU,,https://waytochurch.com/lyrics/song/822,288,318
823,,,,,,,TELUGU,,https://waytochurch.com/lyrics/song/823,422,462
824,,,,,,,TELUGU,,https://waytochurch.com/lyrics/song/824,352,392
825,,,,,,,TELUGU,,https://waytochurch.com/lyrics/song/825,243,267
826,,,,,,,TELUGU,,https://waytochurch.com/lyrics/song/826,435,487
827,,,,,,,TELUGU,,https://waytochurch.com/lyrics/song/827,452,493
828,,,,,,,TELUGU,,https://waytochurch.com/lyrics/song/828,210,231
829,,,,,,,TELUGU,,https://waytochurch.com/lyrics/song/829,449,512
830,,,,,,,TELUGU,,https://waytochurch.com/lyrics/song/830,181,201
831,,,,,,,TELUGU,,https://waytochurch.com/lyrics/song/831,889,1037
832,,,,,,,TELUGU,,https://waytochurch.com/lyrics/song/832,406,440
833,,,,,,,TELUGU,,https://waytochurch.com/lyrics/song/833,354,375
834,premapanche gunamenidani prana mich,ప్రేమపంచే గుణమెనీదని ప్రాణ మిచ్చిన,"Philip , Sharon, Music: Bro  J K Christopher",Tholakari Vaana,Gods Power,,TELUGU,2014-10-16,https://waytochurch.com/lyrics/song/834,450,506
835,,,,,,,TELUGU,,https://waytochurch.com/lyrics/song/835,359,405
836,,,,,,,TELUGU,,https://waytochurch.com/lyrics/song/836,582,636
837,,,,,,,TELUGU,,https://waytochurch.com/lyrics/song/837,512,582
838,,,,,,,TELUGU,,https://waytochurch.com/lyrics/song/838,281,322
839,,,,,,,TELUGU,,https://waytochurch.com/lyrics/song/839,509,586
840,,,,,,,TELUGU,,https://waytochurch.com/lyrics/song/840,569,642
841,,,,,,,TELUGU,,https://waytochurch.com/lyrics/song/841,442,505
842,,,,,,,TELUGU,,https://waytochurch.com/lyrics/song/842,409,457
843,,,,,,,TELUGU,,https://waytochurch.com/lyrics/song/843,563,643
844,,,,,,,TELUGU,,https://waytochurch.com/lyrics/song/844,525,593
845,,,,,,,TELUGU,,https://waytochurch.com/lyrics/song/845,332,377
846,,,,,,,TELUGU,,https://waytochurch.com/lyrics/song/846,451,500
847,,,,,,,TELUGU,,https://waytochurch.com/lyrics/song/847,394,430
848,,,,,,,TELUGU,,https://waytochurch.com/lyrics/song/848,297,313
849,,,,,,,TELUGU,,https://waytochurch.com/lyrics/song/849,339,394
850,,,,,,,TELUGU,,https://waytochurch.com/lyrics/song/850,436,479
851,,,,,,,TELUGU,,https://waytochurch.com/lyrics/song/851,702,770
852,,,,,,,TELUGU,,https://waytochurch.com/lyrics/song/852,321,370
853,,,,,,,TELUGU,,https://waytochurch.com/lyrics/song/853,292,326
854,,,,,,,TELUGU,,https://waytochurch.com/lyrics/song/854,318,373
855,,,,,,,TELUGU,,https://waytochurch.com/lyrics/song/855,594,687
856,,,,,,,TELUGU,,https://waytochurch.com/lyrics/song/856,321,359
858,,,,,,,TELUGU,,https://waytochurch.com/lyrics/song/858,373,421
859,,,,,,,TELUGU,,https://waytochurch.com/lyrics/song/859,463,529
860,,,,,,,TELUGU,,https://waytochurch.com/lyrics/song/860,281,314
861,,,Pastor John Wesley,Hosanna Ministries,Praise Worship,,TELUGU,,https://waytochurch.com/lyrics/song/861,518,591
862,,,,,,,TELUGU,,https://waytochurch.com/lyrics/song/862,588,645
863,,,,,,,TELUGU,,https://waytochurch.com/lyrics/song/863,450,505
864,,,,,,,TELUGU,,https://waytochurch.com/lyrics/song/864,526,570
865,,,,,,,TELUGU,,https://waytochurch.com/lyrics/song/865,582,681
866,,,,,,,TELUGU,,https://waytochurch.com/lyrics/song/866,361,423
867,,,,,Good Friday,,TELUGU,,https://waytochurch.com/lyrics/song/867,453,522
868,,,,,Good Friday,,TELUGU,,https://waytochurch.com/lyrics/song/868,557,628
869,,,,,,,TELUGU,,https://waytochurch.com/lyrics/song/869,339,387
870,,,,,,,TELUGU,,https://waytochurch.com/lyrics/song/870,402,420
871,,,,,,,TELUGU,,https://waytochurch.com/lyrics/song/871,643,708
872,,,,,,,TELUGU,,https://waytochurch.com/lyrics/song/872,516,583
873,,,,,,,TELUGU,,https://waytochurch.com/lyrics/song/873,497,575
874,,,Pastor M jyothi Raj,,Praise Worship,,TELUGU,,https://waytochurch.com/lyrics/song/874,382,419
875,,,,,,,TELUGU,,https://waytochurch.com/lyrics/song/875,444,500
876,,,,,,,TELUGU,,https://waytochurch.com/lyrics/song/876,335,379
877,,,,,,,TELUGU,,https://waytochurch.com/lyrics/song/877,362,380
878,,,,,,,TELUGU,,https://waytochurch.com/lyrics/song/878,229,258
879,,,,,,,TELUGU,,https://waytochurch.com/lyrics/song/879,353,372
880,,,,,,,TELUGU,,https://waytochurch.com/lyrics/song/880,375,411
881,,,,,,,TELUGU,,https://waytochurch.com/lyrics/song/881,381,411
882,,,,,,,TELUGU,,https://waytochurch.com/lyrics/song/882,401,447
883,,,,,,,TELUGU,,https://waytochurch.com/lyrics/song/883,548,603
884,,,,,,,TELUGU,,https://waytochurch.com/lyrics/song/884,209,217
885,,,,,,,TELUGU,,https://waytochurch.com/lyrics/song/885,398,434
886,,,,,,,TELUGU,,https://waytochurch.com/lyrics/song/886,389,450
887,,,,,,,TELUGU,,https://waytochurch.com/lyrics/song/887,302,335
888,,,,,,,TELUGU,,https://waytochurch.com/lyrics/song/888,424,475
889,,,,,,,TELUGU,,https://waytochurch.com/lyrics/song/889,485,532
890,,,,,,,TELUGU,,https://waytochurch.com/lyrics/song/890,391,459
891,,,,,,,TELUGU,,https://waytochurch.com/lyrics/song/891,214,224
892,,,,,,,TELUGU,,https://waytochurch.com/lyrics/song/892,340,397
893,,,,,,,TELUGU,,https://waytochurch.com/lyrics/song/893,392,418
894,,,,,,,TELUGU,,https://waytochurch.com/lyrics/song/894,593,638
895,,,,,,,TELUGU,,https://waytochurch.com/lyrics/song/895,336,364
896,,,,,,,TELUGU,,https://waytochurch.com/lyrics/song/896,537,603
897,,,,,,,TELUGU,,https://waytochurch.com/lyrics/song/897,389,447
898,,,,,,,TELUGU,,https://waytochurch.com/lyrics/song/898,371,403
899,,,,,,,TELUGU,,https://waytochurch.com/lyrics/song/899,523,615
900,,,,,,,TELUGU,,https://waytochurch.com/lyrics/song/900,502,549
901,,,,,,,TELUGU,,https://waytochurch.com/lyrics/song/901,465,526
902,,,,,,,TELUGU,,https://waytochurch.com/lyrics/song/902,75,97
903,,,,,,,TELUGU,,https://waytochurch.com/lyrics/song/903,391,425
904,,,,,,,TELUGU,,https://waytochurch.com/lyrics/song/904,413,463
905,,,,,,,TELUGU,,https://waytochurch.com/lyrics/song/905,486,535
906,,,,,,,TELUGU,,https://waytochurch.com/lyrics/song/906,398,458
907,,,,,,,TELUGU,,https://waytochurch.com/lyrics/song/907,493,577
908,,,,,,,TELUGU,,https://waytochurch.com/lyrics/song/908,374,420
909,,,,,Marriage,,TELUGU,,https://waytochurch.com/lyrics/song/909,310,349
910,,,,,,,TELUGU,,https://waytochurch.com/lyrics/song/910,343,382
911,,,,,,,TELUGU,,https://waytochurch.com/lyrics/song/911,319,363
912,,,,,,,TELUGU,,https://waytochurch.com/lyrics/song/912,658,735
913,,,,,,,TELUGU,,https://waytochurch.com/lyrics/song/913,423,478
914,,,,,,,TELUGU,,https://waytochurch.com/lyrics/song/914,403,465
915,,,,,,,TELUGU,,https://waytochurch.com/lyrics/song/915,308,339
916,,,,,,,TELUGU,,https://waytochurch.com/lyrics/song/916,623,701
917,,,,,Praise Worship,,TELUGU,,https://waytochurch.com/lyrics/song/917,332,364
918,,,,,,,TELUGU,,https://waytochurch.com/lyrics/song/918,726,800
919,,,,,,,TELUGU,,https://waytochurch.com/lyrics/song/919,297,314
920,,,,,,,TELUGU,,https://waytochurch.com/lyrics/song/920,126,127
921,,,,,,,TELUGU,,https://waytochurch.com/lyrics/song/921,343,386
922,,,,,,,TELUGU,,https://waytochurch.com/lyrics/song/922,557,619
923,,,,,,,TELUGU,,https://waytochurch.com/lyrics/song/923,451,465
924,,,,,,,TELUGU,,https://waytochurch.com/lyrics/song/924,585,631
925,,,,,,,TELUGU,,https://waytochurch.com/lyrics/song/925,614,670
926,,,,,,,TELUGU,,https://waytochurch.com/lyrics/song/926,425,466
927,yesunandhe rakshana manaku,యేసునందే రక్షణ మనకు హల్లెలూయ,,,,,TELUGU,2014-10-16,https://waytochurch.com/lyrics/song/927,545,492
928,,,,,,,TELUGU,,https://waytochurch.com/lyrics/song/928,452,497
929,,,,,,,TELUGU,,https://waytochurch.com/lyrics/song/929,398,479
930,,,,,,,TELUGU,,https://waytochurch.com/lyrics/song/930,452,500
931,,,,,,,TELUGU,,https://waytochurch.com/lyrics/song/931,404,454
932,,,,,,,TELUGU,,https://waytochurch.com/lyrics/song/932,732,825
933,,,,,,,TELUGU,,https://waytochurch.com/lyrics/song/933,277,325
934,,,,,,,TELUGU,,https://waytochurch.com/lyrics/song/934,301,334
935,,,,,,,TELUGU,,https://waytochurch.com/lyrics/song/935,357,441
936,dootha paata paadudi rakshakun sthuthinc,దూత పాట పాడుడి రక్షకున్ స్తుతించుడి,,,,,TELUGU,2014-10-16,https://waytochurch.com/lyrics/song/936,537,645
937,em chesaanayyaa neekosam ee brathukunich,ఏం చేసానయ్యా నీకోసం ఈ బ్రతుకునిచ్చావని,,,,,TELUGU,2014-10-16,https://waytochurch.com/lyrics/song/937,630,773
938,,,,,,,TELUGU,,https://waytochurch.com/lyrics/song/938,443,564
939,gorrepilla jeeva grandhamandu nee perunn,గొర్రెపిల్ల జీవ గ్రంథమందు నీ పేరున్నదా,,,,,TELUGU,2014-10-16,https://waytochurch.com/lyrics/song/939,455,542
940,,,,,,,TELUGU,,https://waytochurch.com/lyrics/song/940,507,550
941,jaagraththa bhakthulaaraa pilupide prabh,జాగ్రత్త భక్తులారా పిలుపిదే ప్రభు యేసు వ,,,,,TELUGU,2014-10-16,https://waytochurch.com/lyrics/song/941,605,755
942,kallallo kanneerenduku gundello digulend,కళ్ళల్లో కన్నీరెందుకు గుండెల్లో దిగులెంద,,,,,TELUGU,2014-10-16,https://waytochurch.com/lyrics/song/942,435,541
943,,,,,Good Friday,,TELUGU,,https://waytochurch.com/lyrics/song/943,362,437
944,,,,,,,TELUGU,,https://waytochurch.com/lyrics/song/944,408,479
945,kanneerelammaa karuninchu yesu ninnu vid,కన్నీరేలమ్మా కరుణించు యేసు నిన్ను విడువబ,,,,,TELUGU,2014-10-16,https://waytochurch.com/lyrics/song/945,510,630
946,,,,,,,TELUGU,,https://waytochurch.com/lyrics/song/946,368,457
947,,,,,Christmas,,TELUGU,,https://waytochurch.com/lyrics/song/947,451,583
948,,,,,,,TELUGU,,https://waytochurch.com/lyrics/song/948,569,688
949,,,,,,,TELUGU,,https://waytochurch.com/lyrics/song/949,353,455
950,,,,,Christmas,,TELUGU,,https://waytochurch.com/lyrics/song/950,599,757
951,,,,,,,TELUGU,,https://waytochurch.com/lyrics/song/951,277,322
952,,,,,,,TELUGU,,https://waytochurch.com/lyrics/song/952,544,661
953,,,,,,,TELUGU,,https://waytochurch.com/lyrics/song/953,361,439
959,sarvakrupaanidhiagu prabhuvaa,సర్వ కృపానిధీయగు ప్రభువా సకల చరాచర స౦తోషమా,,సీయోను గీతాలు,,,Telugu,2014-10-16,https://waytochurch.com/lyrics/song/959,460,0
1070,Theeyani swaraalatho naa manase nindenu,తీయని స్వరాలతో నా మనసే నిండెను,A R Stevenson,,,,Telugu,2020-02-15,https://waytochurch.com/lyrics/song/1070,525,645
1619,nirathamu sthuthiyinchumu o manasaa,నిరతము స్తుతియించుము ఓ మనసా,,,,,TELUGU,2020-12-17,https://waytochurch.com/lyrics/song/1619,572,693
1790,e thegulu neegudaaramu,ఏ తెగులూ నీ గుడారమున్ సమీపించదయ్య,,సీయోను గీతాలు,,,Telugu,2014-10-16,https://waytochurch.com/lyrics/song/1790,469,0
1791,aaraadhanalanduko,ఆరాధనలందుకో ఆరాధనలందుకో,,సీయోను గీతాలు,,,Telugu,2014-10-16,https://waytochurch.com/lyrics/song/1791,711,0
2370,mukti dilaye eeshu naam,ముక్తి దిలాయె ఈషు నామ్,,Telugu Best Collections,,,Telugu,2014-10-16,https://waytochurch.com/lyrics/song/2370,290,0
2371,neele aasmaan,నీలె ఆస్మాన్ కె పార్ జాయెంగె,,Telugu Best Collections,,,Telugu,2014-10-16,https://waytochurch.com/lyrics/song/2371,315,0
2385,dhaatipovu vaadu kaadhu,దాటిపోవు వాడు కాదు యేసు దైవము,,Telugu Best Collections,,,Telugu,2014-10-16,https://waytochurch.com/lyrics/song/2385,541,0
2386,jeevithanthamu nee neetho,జీవితాంతమూ నే నీతో నడవాలని,,Telugu Best Collections,,,Telugu,2014-10-16,https://waytochurch.com/lyrics/song/2386,976,0
2387,nammi nammi,నమ్మి నమ్మి మనుషులను నీవు నమ్మీ నమ్మీ,,Telugu Best Collections,,,Telugu,2014-10-16,https://waytochurch.com/lyrics/song/2387,874,0
2388,yesuni naamamulo,యేసుని నామములో మన బాధలు పోవును,,Telugu Best Collections,,,Telugu,2014-10-16,https://waytochurch.com/lyrics/song/2388,1194,740
2389,naa jayamu koorina dheva,నా జయము కోరిన దేవా సైన్యములకధిపతి యెహోవా,,Telugu Best Collections,,,Telugu,2014-10-16,https://waytochurch.com/lyrics/song/2389,631,0
2390,kula pichodini nenu,కుల పిచ్చోడ్ని నేను కళ్ళులేని కభోదిని,,Telugu Best Collections,,,Telugu,2014-10-16,https://waytochurch.com/lyrics/song/2390,520,0
2391,thallikunnadhaa thandrikunnadhaa,తల్లికున్నదా తండ్రికున్నదా నీ ప్రేమ జాలి యేసయ్యా,,Telugu Best Collections,,,Telugu,2014-10-16,https://waytochurch.com/lyrics/song/2391,709,0
2392,jeevana tholi sandya,జీవన తొలి సంధ్యా నీతోనే ఆరంభం,,Telugu Best Collections,,,Telugu,2014-10-16,https://waytochurch.com/lyrics/song/2392,537,0
2393,nenante nee kendhuko,నేనంటే నీకెందుకో ఈ ప్రేమ నన్ను మరచిపోవెందుకో,,Telugu Best Collections,,,Telugu,2014-10-16,https://waytochurch.com/lyrics/song/2393,622,0
2394,neevunte naaku chaalu,నీవుంటే నాకు చాలు యేసయ్యా నీవెంటే నేను ఉంటా యేసయ్యా,,Telugu Best Collections,,,Telugu,2014-10-16,https://waytochurch.com/lyrics/song/2394,713,420
2395,,కొంతసేపు కనబడి అంతలోనే మాయమయ్యే,,Telugu Best Collections,,,Telugu,2014-10-16,https://waytochurch.com/lyrics/song/2395,748,0
2400,priyudaa nee prema,ప్రియుడా నీ ప్రేమ – పాదముల్ చేరితి,,Telugu Best Collections,,,Telugu,2014-10-16,https://waytochurch.com/lyrics/song/2400,574,0
2401,neevu chesina vupakaaramulaku,నీవుచేసిన ఉపకారములకు నేనేమి చేల్లింతును,,Telugu Best Collections,,,Telugu,2014-10-16,https://waytochurch.com/lyrics/song/2401,446,0
2402,halleluah ani paadi,హల్లెలుయా యని పాడి స్తుతింపని రారే,,Telugu Best Collections,,,Telugu,2014-10-16,https://waytochurch.com/lyrics/song/2402,619,0
2403,aaraadhanalandhuko,ఆరాధనాలందుకో ఆరాధనాలందుకో,,Telugu Best Collections,,,Telugu,2014-10-16,https://waytochurch.com/lyrics/song/2403,645,0
2404,gaadandhakaaramulo nee nadachina,గాఢాంధ కారములో నే నడిచిన వేళలలో,,Telugu Best Collections,,,Telugu,2014-10-16,https://waytochurch.com/lyrics/song/2404,566,0
2405,golgotha kondapina,గొల్గోత కొండపైన గాయాలు పొందితివి,,Telugu Best Collections,,,Telugu,2014-10-16,https://waytochurch.com/lyrics/song/2405,268,0
2406,kalvary premanu thalanchinappudu,కల్వరి ప్రేమను తలంచినప్పుడు కలుగుచున్నది దుఃఖం,,Telugu Best Collections,Good Friday,,Telugu,2014-10-16,https://waytochurch.com/lyrics/song/2406,449,568
2407,mahonathuda nee krupalone,మహోన్నతుడా నీ క్రుపలో నేను నివసించుట,,Telugu Best Collections,,,Telugu,2014-10-16,https://waytochurch.com/lyrics/song/2407,327,0
2408,nyayadhi pathiayina,న్యాయాధిపతిఐన దేవుడు నిను తీర్పు తీర్చేటి వేళలో,,Telugu Best Collections,,,Telugu,2014-10-16,https://waytochurch.com/lyrics/song/2408,572,0
2409,pampumu dheeva,పంపుము దేవా దీవెనలతో,,Telugu Best Collections,,,Telugu,2014-10-16,https://waytochurch.com/lyrics/song/2409,321,0
2410,rammu rammu,రమ్ము రమ్ము పరిశుద్ధాత్మ,,Telugu Best Collections,,,Telugu,2014-10-16,https://waytochurch.com/lyrics/song/2410,152,0
2411,siluvalo bhaliaina,సిలువలో బలియైన దేవుని గొర్రెపిల్ల,,సీయోను గీతాలు,,,Telugu,2014-10-16,https://waytochurch.com/lyrics/song/2411,383,0
2419,enaleni prema naaki,ఎనలేని ప్రేమ నాపైన చూపి,,Telugu Best Collections,,,Telugu,2014-10-16,https://waytochurch.com/lyrics/song/2419,361,0
2420,dhavalavarnnudu rathavarnnudu,ధవళవర్ణుడా రత్నవర్ణుడా,,Telugu Best Collections,,,Telugu,2014-10-16,https://waytochurch.com/lyrics/song/2420,532,0
2421,kanugontini ninne o najareya,కనుగొంటిని నిన్నే ఓ నజరేయా,,Telugu Best Collections,,,Telugu,2014-10-16,https://waytochurch.com/lyrics/song/2421,512,0
2422,edhenu thotalo,ఏదేను తోటలో ఆదాము హవ్వలు,,Telugu Best Collections,,,Telugu,2014-10-16,https://waytochurch.com/lyrics/song/2422,826,0
2423,anantha gnani,అనంత జ్ఞాని నీకు అల్పుడను నాకు సహవాసమా,,Telugu Best Collections,,,Telugu,2014-10-16,https://waytochurch.com/lyrics/song/2423,471,0
2424,aanandhinthunu neelo dheva,ఆనందింతును నీలో దేవ అనుదినం నిన్ను స్తుతించుచు,,Telugu Best Collections,,,Telugu,2014-10-16,https://waytochurch.com/lyrics/song/2424,485,0
2425,aarani prema idhi aarpajaalani,ఆరని ప్రేమ ఇది ఆర్పజాలని జ్వాల ఇది,,Telugu Best Collections,,,Telugu,2014-10-16,https://waytochurch.com/lyrics/song/2425,761,0
2426,vudayamaye hrudhayama,ఉదయమాయే హృదయమా ప్రభు యేసుని ప్రార్తించవే,,Telugu Best Collections,,,Telugu,2014-10-16,https://waytochurch.com/lyrics/song/2426,508,630
2427,endhukayya yesaiah nannu,ఎందుకయ్యా యేసయ్య నన్ను ప్రేమించితివి,,Telugu Best Collections,,,Telugu,2014-10-16,https://waytochurch.com/lyrics/song/2427,382,0
2428,eguruchunnadhi vijayapathaakam,ఎగురుచున్నది విజయపతాకం,,Telugu Best Collections,,,Telugu,2014-10-16,https://waytochurch.com/lyrics/song/2428,594,0
2429,endhuko nannu neevu ennukunnavu,ఎందుకో నన్ను నీవు ఎన్నుకున్నావు,,Telugu Best Collections,,,Telugu,2014-10-16,https://waytochurch.com/lyrics/song/2429,503,0
2430,entha krupaamayudavu yessaiah,ఎంత కృపామయుడవు యేసయ్య,,Telugu Best Collections,,,Telugu,2014-10-16,https://waytochurch.com/lyrics/song/2430,445,614
2431,o kristhavuda sinikuda,ఓ క్రైస్తవుడా సైనికుడా బలవంతుడా పరిశుద్ధుడా,,Telugu Best Collections,,,Telugu,2014-10-16,https://waytochurch.com/lyrics/song/2431,869,0
2432,kontha sepu kanabadi anthalo,కొంత సేపు కనబడి అంతలోనే మాయమయ్యే,,Telugu Best Collections,,,Telugu,2014-10-16,https://waytochurch.com/lyrics/song/2432,571,0
2433,krupa chetha pilachinappude,కృప చేత పిలిచినపుడే నేను నీ వాడనైతినయ్యా,,Telugu Best Collections,,,Telugu,2014-10-16,https://waytochurch.com/lyrics/song/2433,300,0
2434,kaalamella maarinaa,కాలమెల్ల మారినా మారడు నా యేసు నాధుడు,,Telugu Best Collections,,,Telugu,2014-10-16,https://waytochurch.com/lyrics/song/2434,709,0
2435,krupaamayuda nee lona,కృపామయుడా నీలోన నివసింపజేసినందున,,Telugu Best Collections,,,Telugu,2014-10-16,https://waytochurch.com/lyrics/song/2435,434,0
2436,dhevuni sthuthiyinchudi ellapuddu,దేవుని స్తుతియించుడి ఎల్లప్పుడు దేవుని స్తుతియించుడి,,సీయోను గీతాలు,,,Telugu,2014-10-16,https://waytochurch.com/lyrics/song/2436,820,0
2437,nee naamame naa gaanamu,నీ నామమే నా గానము నీవే నా ప్రాకారము,,Telugu Best Collections,,,Telugu,2014-10-16,https://waytochurch.com/lyrics/song/2437,766,0
2438,ninnu batti,నిన్ను బట్టి బ్రతుకుతున్న నీరీక్షణతో జీవిస్తున్నా,,Telugu Best Collections,,,Telugu,2014-10-16,https://waytochurch.com/lyrics/song/2438,645,0
2439,perupetti pilachinaadu,పేరుపెట్టి పిలిచినాడు నీ స్నేహితుడు,,Telugu Best Collections,,,Telugu,2014-10-16,https://waytochurch.com/lyrics/song/2439,778,0
2440,paadedham halleluah,పాడేదం హల్లెలుయః క్రొత్త పాట పాడేదం,,Telugu Best Collections,,,Telugu,2014-10-16,https://waytochurch.com/lyrics/song/2440,521,0
2441,mahima mahima mana,మహిమ మహిమ మన యేసు రాజు కే మహిమ,,Telugu Best Collections,,,Telugu,2014-10-16,https://waytochurch.com/lyrics/song/2441,498,0
2442,shuba veela,శుభ వేళ స్తోత్రబలి,,Telugu Best Collections,,,Telugu,2014-10-16,https://waytochurch.com/lyrics/song/2442,333,0
2443,raathi kundanu,రాతి కుండను నేను ఖాళియై యున్నాను,,నాకున్న ఆధారం,,,Telugu,2014-10-16,https://waytochurch.com/lyrics/song/2443,615,0
2444,aalochinchumu aalochimchu,ఆలోచించూ ఆలోచించు ఓ నా నేస్తం ఆలోచించు,,Telugu Best Collections,,,Telugu,2014-10-16,https://waytochurch.com/lyrics/song/2444,672,0
2445,adhe adhe,అదే అదే ఆ రోజూ యేసయ్య ఉగ్రత రోజు,,Nireekshana,,,Telugu,2014-10-16,https://waytochurch.com/lyrics/song/2445,628,0
2446,parama jeevamu naaku nivva,పరమ జీవము నాకు నివ్వ తిరిగి లేచెను నాతోనుండా,,సీయోను గీతాలు,,,Telugu,2014-10-16,https://waytochurch.com/lyrics/song/2446,455,0
2447,paramulo neethone vundaalani,పరములో నీతోనే ఉండాలనీ నను కోరి కొన్నావు,,Telugu Best Collections,,,Telugu,2014-10-16,https://waytochurch.com/lyrics/song/2447,382,0
2448,nee vaaku vinipinchumayya,నీ వాక్కు వినిపించుమయ్యా నేత్రాలు తెరిపించుమయ్యా,,Telugu Best Collections,,,Telugu,2014-10-16,https://waytochurch.com/lyrics/song/2448,443,0
2449,parishudha janamutho,పరిశుద్ధ జనముతో చేరి పరిశుద్ధ స్థలములో నిలచి,,Telugu Best Collections,,,Telugu,2014-10-16,https://waytochurch.com/lyrics/song/2449,645,0
2450,ankitham,అంకితం ప్రభూ నా జీవితం నీ చరణాల సేవకే అంకితమయ్యా,,Telugu Best Collections,,,Telugu,2014-10-16,https://waytochurch.com/lyrics/song/2450,463,0
2451,naa sneham,నా స్నేహం యేసుతోనే నా గమ్యం క్రీస్తులోనే,,Telugu Best Collections,,,Telugu,2014-10-16,https://waytochurch.com/lyrics/song/2451,522,0
2453,hrudayaaranyamuloo nee,హృదయారణ్యములో నే కృంగిన సమయములో,,కృపరాగ మాలిక,,,Telugu,2014-10-16,https://waytochurch.com/lyrics/song/2453,732,0
2454,dhanaraasulunna bhavanaalu,ధనరాశులున్నా భవనాలు ఉన్నా మనలేవు ధరలోన ఓ మానవా,,Telugu Best Collections,,,Telugu,2014-10-16,https://waytochurch.com/lyrics/song/2454,430,0
2455,ee tharam yuvatharam,ఈ తరం యువతరం ప్రభు యేసుకే అంకితము,,Telugu Best Collections,,,Telugu,2014-10-16,https://waytochurch.com/lyrics/song/2455,826,0
2456,naa sameepamai,నా సమీపమై యున్న నా దేవుడవేసయ్యా,,Telugu Best Collections,,,Telugu,2014-10-16,https://waytochurch.com/lyrics/song/2456,417,0
2457,aadharinchina,ఆదరించిన యేసయ్యా ఆరాధనకు యోగ్యుడా,,Telugu Best Collections,,,Telugu,2014-10-16,https://waytochurch.com/lyrics/song/2457,278,0
2458,jyothirmayudaa naa praana,జ్యోతిర్మయుడా నా ప్రాణ ప్రియుడా స్తుతి మహిమలు నీకే,,Telugu Best Collections,,,Telugu,2014-10-16,https://waytochurch.com/lyrics/song/2458,430,0
2459,sathuva bhoomilo,సత్తువభూమిలో శ్రేష్టమైన ద్రాక్షతీగలను నాటించిన దేవుడు,,Telugu Best Collections,,,Telugu,2014-10-16,https://waytochurch.com/lyrics/song/2459,704,0
2460,sthuthi cheyute kaadhu,స్తుతి చేయుటే కాదు ఆరాధన దేవుని పని చేయుటయే ఆరాధన,,Telugu Best Collections,,,Telugu,2014-10-16,https://waytochurch.com/lyrics/song/2460,789,0
2461,dhevuni prema,దేవుని ప్రేమ దేవుని ప్రేమ శాశ్వతమైన ప్రేమ,,Telugu Best Collections,,,Telugu,2014-10-16,https://waytochurch.com/lyrics/song/2461,369,0
2462,kalamulatho vrrayagalamaa,కలములతో వ్రాయగలమా కవితలతో వర్ణించగలమా,,Telugu Best Collections,,,Telugu,2014-10-16,https://waytochurch.com/lyrics/song/2462,653,0
2463,o dheva naa yaatharalona,ఓ దేవా నా యాత్రలోన నా తోడు నీవేనయా,,Telugu Best Collections,,,Telugu,2014-10-16,https://waytochurch.com/lyrics/song/2463,368,0
2464,nigilo chandruduaa,నింగిలోని చందురుడా మంద కాచే ఇందురుడా,,Telugu Best Collections,,,Telugu,2014-10-16,https://waytochurch.com/lyrics/song/2464,970,0
2465,kalvary prema prakatinchu,కల్వరి ప్రేమ ప్రకటించుచున్నది సర్వలోకానికి,,Rathna Varnudu,Good Friday,,Telugu,2014-10-16,https://waytochurch.com/lyrics/song/2465,826,0
2466,immanuyelu naa thodai,ఇమ్మానుయేలు నా తోడై యున్నాడు,,"True Joy, Aanandame",,,Telugu,2014-10-16,https://waytochurch.com/lyrics/song/2466,351,0
2467,manovichaaramu kuudadhu,మనోవిచారము కూడదు నీకు మహిమ తలంపులే కావలెను,,Telugu Best Collections,,,Telugu,2014-10-16,https://waytochurch.com/lyrics/song/2467,7258,0
2468,sthuthipaathrudaa sthothraarhudaa,స్తుతిపాత్రుడా స్తోత్రార్హుడా స్తుతులందుకో పూజార్హుడా,,Telugu Best Collections,,,Telugu,2014-10-16,https://waytochurch.com/lyrics/song/2468,397,0
2469,nijamugaa morapettinaa,నిజముగా మొరపెట్టినా దేవుడాలకించకుండునా,,Telugu Best Collections,,,Telugu,2014-10-16,https://waytochurch.com/lyrics/song/2469,468,0
2470,nee maat naa paata,నీ మాట నా పాటగా అనుక్షణం పాడనీ,,Telugu Best Collections,,,Telugu,2014-10-16,https://waytochurch.com/lyrics/song/2470,856,0
2471,ninne ninne sthuthiyinthunu,నిన్నే నిన్నే స్తుతియింతున్ నిన్నే నిన్నే కీర్తింతున్,,Telugu Best Collections,,,Telugu,2014-10-16,https://waytochurch.com/lyrics/song/2471,363,0
2472,nibandhanaa janulam,నిబంధనా జనులం నిరీక్షణా ధనులం,,Telugu Best Collections,,,Telugu,2014-10-16,https://waytochurch.com/lyrics/song/2472,981,0
2473,anni kaalmbula nunna yehoavaa,అన్ని కాలంబుల నున్న యెహోవా ని,బేళాళ జాన్,Andhra Kristava Keerthanalu,సృష్టికర్త ప్రస్తుతి,ragam: కాంభోజి-kaaMbhoaji,TELUGU,2014-10-16,https://waytochurch.com/lyrics/song/2473,885,1091
2474,emtha praema yemtha praema yem,ఎంత ప్రేమ యెంత ప్రేమ యెంత ప్రే,,Andhra Kristava Keerthanalu,దేవుని ప్రేమ,ragam: జంఝూటి -jMjhooti,TELUGU,2014-10-16,https://waytochurch.com/lyrics/song/2474,402,534
2475,choochuchunnaamu nee vaipu maa,చూచుచున్నాము నీ వైపు మా ప్రియ,పులిపాక జగన్నాధము,Andhra Kristava Keerthanalu,దేవుని వైపు చూచుట,ragam: కమాసు -kamaasu,TELUGU,2014-10-16,https://waytochurch.com/lyrics/song/2475,624,814
2476,dhaeva smsthuthi chaeyavae man,దేవ సంస్తుతి చేయవే మనసా శ్రీ మ,ముంగమూరి దేవదాసు,Andhra Kristava Keerthanalu,యెహూవా దేవుని స్తుతి Praise Worship,ragam: ఆనందబైరవి -aanMdhabairavi,TELUGU,2014-10-16,https://waytochurch.com/lyrics/song/2476,1574,2047
2477,naa kaalagathu levvi naa chaet,నా కాలగతు లెవ్వి నా చేతులను లే,పులిపాక జగన్నాధము,Andhra Kristava Keerthanalu,నీవే నా సహాయుడవు,ragam: శంకరాభరణము -shMkaraabharaNamu,TELUGU,2014-10-16,https://waytochurch.com/lyrics/song/2477,503,649
2478,naakaemi kodhuva naadhuaodumda,నాకేమి కొదువ నాధుఁడుండ నిఁక శ్,ముంగమూరి దేవదాసు,Andhra Kristava Keerthanalu,యెహోవా నా కాపరి,ragam: సావేరి -saavaeri,TELUGU,2014-10-16,https://waytochurch.com/lyrics/song/2478,1225,1562
2479,yehoavaa naa kaapari lae maemi,యెహోవా నా కాపరి లే మేమి గలుగదు,సరెళ్ల సమూయేలు సుబ్బయ్య,Andhra Kristava Keerthanalu,యెహోవా నా కాపరి,ragam: శంకరాభరణము -shMkaraabharaNamu,TELUGU,2014-10-16,https://waytochurch.com/lyrics/song/2479,608,798
2480,yehoavaa naa mora laalimchenu,యెహోవా నా మొఱ లాలించెను దన మహా,పురుషోత్తము చౌధరి,Andhra Kristava Keerthanalu,యెహూవా ప్రేమ,ragam: శంకరాభరణము -shMkaraabharaNamu,TELUGU,2014-10-16,https://waytochurch.com/lyrics/song/2480,739,937
2481,yehoavaa bhajana chaeymdi paap,యెహోవా భజన చేయండి పాప నరులారా,యేసుదాసు నర్సయ్య,Andhra Kristava Keerthanalu,దైవారాధన,ragam: నాదనామక్రియ -naadhanaamakriya,TELUGU,2014-10-16,https://waytochurch.com/lyrics/song/2481,672,852
2482,koodikoni yunnaamu smgha prabh,కూడికొని యున్నాము సంఘ ప్రభో కూ,పులిపాక జగన్నాధము,Andhra Kristava Keerthanalu,క్రైస్తవారాధన,ragam: నురటి -nurati,TELUGU,2014-10-16,https://waytochurch.com/lyrics/song/2482,817,1036
2483,chooda goaredha dhaeva mmdhira,చూడ గోరెద దేవ మందిరావరణములను చ,ఎం  జే రామాంజులు,Andhra Kristava Keerthanalu,దేవుని మందిరావరణములు,ragam: హిందుస్థాని ముఖారి -hiMdhusThaani mukhaari,TELUGU,2014-10-16,https://waytochurch.com/lyrics/song/2483,771,1006
2484,gaanamuao jaeyuaodu sukeerthan,గానముఁ జేయుఁడు సుకీర్తనను యెహో,విలియం డాసన్,Andhra Kristava Keerthanalu,దేవుడు సర్వస్తోత్ర పాత్రుడు,ragam: ఆనందభైరవి-aanMdhabhairavi,TELUGU,2014-10-16,https://waytochurch.com/lyrics/song/2484,796,1020
2485,parishudhdha parishudhdha pari,పరిశుద్ధ పరిశుద్ధ పరిశుద్ధ ప్ర,యెషయా వీరమార్టిన్,Andhra Kristava Keerthanalu,త్ర్యేక దేవుని స్తుతి,ragam: శంకరాభరణము -shMkaraabharaNamu,TELUGU,2014-10-16,https://waytochurch.com/lyrics/song/2485,376,516
2486,thrithvamai nithyathvamuna nae,త్రిత్వమై నిత్యత్వమున నేకత్వమగ,,Andhra Kristava Keerthanalu,త్రిత్వమునకు స్తుతి,ragam: కాంభోజి -kaaMbhoaji,TELUGU,2014-10-16,https://waytochurch.com/lyrics/song/2486,570,725
2487,vyoama simhaasanasthuaoda yurv,వ్యోమ సింహాసనస్థుఁడ యుర్వి పాద,మిక్కిలి సమూయేలు,Andhra Kristava Keerthanalu,దేవుని ప్రభావ వర్ణన,ragam: నాట -naata,TELUGU,2014-10-16,https://waytochurch.com/lyrics/song/2487,548,714
2488,etula neeku sthuthu lonarthumu,ఎటుల నీకు స్తుతు లొనర్తుము యెహ,మాముడూరి సైమన్,Andhra Kristava Keerthanalu,దేవుని స్తుతి,ragam: ముఖారి -mukhaari,TELUGU,2014-10-16,https://waytochurch.com/lyrics/song/2488,915,1173
2489,bhoommdalamu dhaani smpoornath,భూమండలము దాని సంపూర్ణత యును లో,మల్లెల దావీదు,Andhra Kristava Keerthanalu,సర్వము దేవుని సొత్తు,ragam: హరికాంభోజి -harikaaMbhoaji,TELUGU,2014-10-16,https://waytochurch.com/lyrics/song/2489,678,874
2490,paraloakamuna numdu dhaeva nee,పరలోకమున నుండు దేవ నీ పదముల కొ,పురుషోత్తము చౌధరి,Andhra Kristava Keerthanalu,రక్షణకొరకు కృతజ్ఞత,ragam: జంఝూటి -jMjhooti,TELUGU,2014-10-16,https://waytochurch.com/lyrics/song/2490,644,827
2491,rmdi yuthsahimchi paadudhamu r,రండి యుత్సహించి పాడుదము రక్షణ,సమూయేలు పాక్యవాధము,Andhra Kristava Keerthanalu,95-వ దావీదు కీర్తన,ragam: శంకరాభరణము -shMkaraabharaNamu,TELUGU,2014-10-16,https://waytochurch.com/lyrics/song/2491,576,729
2492,kalugunugaaka dhaevuniki mahim,కలుగునుగాక దేవునికి మహిమ కలుగు,వీర్పుల మోషే,Andhra Kristava Keerthanalu,దైవస్తుతి,ragam: బిలహరి -bilahari,TELUGU,2014-10-16,https://waytochurch.com/lyrics/song/2492,717,916
2493,mahima sarvoannathamaina dhaiv,మహిమ సర్వోన్నతమైన దైవమునకి మ్మ,బేతాళ జాన్,Andhra Kristava Keerthanalu,దేవుని మహిమ,ragam: ఆనందభైరవి -aanMdhabhairavi,TELUGU,2014-10-16,https://waytochurch.com/lyrics/song/2493,727,916
2494,paahiloaka prabhoa paahi loaka,పాహిలోక ప్రభో పాహి లోక ప్రభో,బన్యన్ జోసఫ్,Andhra Kristava Keerthanalu,"ఓ దేవా, నిన్ను స్తుతించుచున్నాము",ragam: ధీరశంకరాభరణము -DheerashMkaraabharaNamu,TELUGU,2014-10-16,https://waytochurch.com/lyrics/song/2494,863,1092
2495,yaesu naayakuaoda yella vaelal,యేసు నాయకుఁడ యెల్ల వేళలను నీ ద,గొల్లపల్లి సతానియేలు,Andhra Kristava Keerthanalu,యేసు సహాయమునకై ప్రార్ధన,ragam: మారువ-maaruv,TELUGU,2014-10-16,https://waytochurch.com/lyrics/song/2495,667,864
2496,maa yaesu kreesthu neevae mahi,మా యేసు క్రీస్తు నీవే మహిమగల ర,సమూయేలు పాక్యనాధము,Andhra Kristava Keerthanalu,"ఓ దేవా, నిన్ను స్తుతించుచున్నాము",ragam: మిశ్రమ -mishrama,TELUGU,2014-10-16,https://waytochurch.com/lyrics/song/2496,1071,1314
2497,oa prabhumdaa nin nutheemchuchunnaamu vinayamuthoada,ఓ ప్రభుండా నిన్ నుతీంచుచున్నాము వినయముతోడ,మల్లెల దావీదు,Andhra Kristava Keerthanalu,"ఓ దేవా, నిన్ను స్తుతించుచున్నాము",ragam: శంకరాభరణము -shMkaraabharaNamu,TELUGU,2014-10-16,https://waytochurch.com/lyrics/song/2497,1290,1586
2498,dhahana bali neeku nanishtamu,దహన బలి నీకు ననిష్టము మరియు దై,మల్లెల దావీదు,Andhra Kristava Keerthanalu,అర్పణ కీర్తన,ragam: హిందూస్థాని తోడి -hiMdhoosThaani thoadi,TELUGU,2014-10-16,https://waytochurch.com/lyrics/song/2498,345,444
2499,yehoava gadhdhe mumdhata,యెహోవ గద్దె ముందట,ఐజక్ వాట్స్,Andhra Kristava Keerthanalu,Before Jehovah's throne,,TELUGU,2014-10-16,https://waytochurch.com/lyrics/song/2499,347,426
2500,sarvaeshaa rammu nee sannidhi kaamthi nosmgu maaku,సర్వేశా రమ్ము నీ సన్నిధి కాంతి నొసంగు మాకు,చార్లెస్ వెస్లీ,Andhra Kristava Keerthanalu,"Come, Thou Almighty King",,TELUGU,2014-10-16,https://waytochurch.com/lyrics/song/2500,437,522
2501,innaallu maaku saayamai yee mumdhukunu,ఇన్నాళ్లు మాకు సాయమై యీ ముందుకును,ఐజక్ వాట్స్,Andhra Kristava Keerthanalu,O God our help in ages past,,TELUGU,2014-10-16,https://waytochurch.com/lyrics/song/2501,350,439
2502,sarvaadhbhuthmbulan sarvathrao jaeyukarthan,సర్వాద్భుతంబులన్ సర్వత్రఁ జేయుకర్తన్,మార్టిన్ రిన్ కార్ట్,Andhra Kristava Keerthanalu,Now thank we all our God,,TELUGU,2014-10-16,https://waytochurch.com/lyrics/song/2502,392,487
2503,maakartha gatti dhurgamu nae nammu aayudhmbu,మాకర్త గట్టి దుర్గము నే నమ్ము ఆయుధంబు,మార్టిన్ లూథర్,Andhra Kristava Keerthanalu,A mighty fortress is our God,,TELUGU,2014-10-16,https://waytochurch.com/lyrics/song/2503,612,755
2504,krupagala dhaevuni sarvadhaa nuthimchuaodi,కృపగల దేవుని సర్వదా నుతించుఁడి,జాన్ మిల్టన్,Andhra Kristava Keerthanalu,"Let us, with a gladsome mind",,TELUGU,2014-10-16,https://waytochurch.com/lyrics/song/2504,430,523
2505,nrupaa vimoachakaa prabhoo vaelaadhi noalla nee,నృపా విమోచకా ప్రభూ వేలాది నోళ్ల నీ,చార్ల్స్ వెస్లీ,Andhra Kristava Keerthanalu,O for a thousand tongues to sing,,TELUGU,2014-10-16,https://waytochurch.com/lyrics/song/2505,536,665
2506,dhaevaa dhivyaanmtha prabhaava,దేవా దివ్యానంత ప్రభావ మాంపాహి,పురుషోత్తము చౌదరి,Andhra Kristava Keerthanalu,దేవుని యనూనత్వములు,ragam: కేదారగౌళ-kaedhaaragauL,TELUGU,2014-10-16,https://waytochurch.com/lyrics/song/2506,804,1087
2507,shudhdhi shudhdhi shudhdhi sarvashaktha prabhu,శుద్ధి శుద్ధి శుద్ధి సర్వశక్త ప్రభు,రెజినాల్డ్ హెబర్,Andhra Kristava Keerthanalu,"Holy, Holy, Holy, Lord God Almighty",,TELUGU,2014-10-16,https://waytochurch.com/lyrics/song/2507,529,663
2508,maelukonarae mee manmbula mael,మేలుకొనరే మీ మనంబుల మేలిమిగ మీ,మిక్కిలి సమూయేలు,Andhra Kristava Keerthanalu,ఉదయారాధన,ragam: బిలహరి -bilahari,TELUGU,2014-10-16,https://waytochurch.com/lyrics/song/2508,672,849
2509,thellavaarina vaelao dheli vom,తెల్లవారిన వేళఁ దెలి వొంది మన,పురుషోత్తము చౌధరి,Andhra Kristava Keerthanalu,ప్రాతస్తవము,ragam: కాంభోజి -kaaMbhoaji,TELUGU,2014-10-16,https://waytochurch.com/lyrics/song/2509,785,987
2510,shree yaesu karthanu saevao ja,శ్రీ యేసు కర్తను సేవఁ జేయుటకు,బేతాళ జాన్,Andhra Kristava Keerthanalu,ప్రాతఃకాల స్తుతి,ragam: యమునాకళ్యాణి -yamunaakaLyaaNi,TELUGU,2014-10-16,https://waytochurch.com/lyrics/song/2510,912,1131
2511,sakala jagajjaala karthaa bhak,సకల జగజ్జాల కర్తా భక్త సంఘ హృద,విలియం డాసన్,Andhra Kristava Keerthanalu,ఉదయారాధన,ragam: బిలహరి -bilahari,TELUGU,2014-10-16,https://waytochurch.com/lyrics/song/2511,615,826
2512,vaeaodedha naadhagu vinathini,వేఁడెద నాదగు వినతిని గైకొనవే జ,విలియం డాసన్,Andhra Kristava Keerthanalu,ప్రాతఃకాల ప్రస్తుతి,ragam: నాధనామక్రియ -naaDhanaamakriya,TELUGU,2014-10-16,https://waytochurch.com/lyrics/song/2512,599,796
2513,prabhuvaa ninnaaraadhimpanu ja,ప్రభువా నిన్నారాధింపను జేరితిమ,మొలతాటి విద్యానందము,Andhra Kristava Keerthanalu,ఉదయారాధన,ragam: ఫీల్ -pheel,TELUGU,2014-10-16,https://waytochurch.com/lyrics/song/2513,769,1026
2514,laechi sthuthimpao boonuaodi l,లేచి స్తుతింపఁ బూనుఁడి లోకేశ్వ,,Andhra Kristava Keerthanalu,ప్రాతస్తవము,ragam: పంతువరాళి -pMthuvaraaLi,TELUGU,2014-10-16,https://waytochurch.com/lyrics/song/2514,664,871
2515,sthoathramu sthoathramu oa dha,స్తోత్రము స్తోత్రము ఓ దేవా ఈ వ,బన్యన్ జోసఫ్,Andhra Kristava Keerthanalu,ఉదయగీతి,ragam: ఆనందభైరవి -aanMdhabhairavi,TELUGU,2014-10-16,https://waytochurch.com/lyrics/song/2515,489,620
2516,vinavae naa vinathi nivaedhana,వినవే నా వినతి నివేదన దయ వెలయఁ,మిక్కిలి సమూయేలు,Andhra Kristava Keerthanalu,సాయంతనారాధన,ragam: నాధనామక్రియ -naaDhanaamakriya,TELUGU,2014-10-16,https://waytochurch.com/lyrics/song/2516,594,780
2517,neethigala yehoavaa sthuthi me,నీతిగల యెహోవా స్తుతి మీయాత్మతో,పసుపులేటి దావీదు,Andhra Kristava Keerthanalu,దైవ స్తుతి,ragam: నవరోజు-navaroaju,TELUGU,2014-10-16,https://waytochurch.com/lyrics/song/2517,716,913
2518,dhaeva neeku sthoathramu ee ra,దేవ నీకు స్తోత్రము ఈ రాత్రిలో,మత్తయి సమూయేలు,Andhra Kristava Keerthanalu,సాయం ప్రార్థన,ragam: మధ్యమావతి -maDhyamaavathi,TELUGU,2014-10-16,https://waytochurch.com/lyrics/song/2518,416,527
2519,dhinamu gathiyimchenu dhinanaa,దినము గతియించెను దిననాధుఁడ పరా,దాసరి మోజెస్,Andhra Kristava Keerthanalu,సాయంతన స్తవము,ragam: శంకరాభరణము -shMkaraabharaNamu,TELUGU,2014-10-16,https://waytochurch.com/lyrics/song/2519,946,1223
2520,aakaashmbu bhoomiyu amthata cheekati yaa,ఆకాశంబు భూమియు అంతట చీకటి యా,ఏ చార్లెస్ కిన్సింగర్,Andhra Kristava Keerthanalu,సాయంతన ప్రార్థన,ragam: శంకరాభరణము -shMkaraabharaNamu,TELUGU,2014-10-16,https://waytochurch.com/lyrics/song/2520,715,871
2521,ee saaymkaalamuna yaesu prabho,ఈ సాయంకాలమున యేసు ప్రభో వేఁడెద,మల్లెల దావీదు,Andhra Kristava Keerthanalu,సాయంతన ప్రార్థన,ragam: కాంభోజి -kaaMbhoaji,TELUGU,2014-10-16,https://waytochurch.com/lyrics/song/2521,402,504
2522,naa yaesoo aathma sooryuaodaa neev,నా యేసూ ఆత్మ సూర్యుఁడా నీవ,జాన్ కెబిల్,Andhra Kristava Keerthanalu,"Sun of my soul, Thou Saviour dear",,TELUGU,2014-10-16,https://waytochurch.com/lyrics/song/2522,422,525
2523,prodhdhu grumkuchunnadhi sadhdh,ప్రొద్దు గ్రుంకుచున్నది సద్ద,మేరీ లాల్ బరీ,Andhra Kristava Keerthanalu,Day is dying in the west,,TELUGU,2014-10-16,https://waytochurch.com/lyrics/song/2523,359,433
2524,raathriyayyena nnedaobaayaku dhaa,రాత్రియయ్యెన న్నెడఁబాయకు ధా,హెన్రీ ప్రాన్సిస్ లైట్,Andhra Kristava Keerthanalu,"Abide with me, fast falls the eventide",,TELUGU,2014-10-16,https://waytochurch.com/lyrics/song/2524,514,650
2525,oa rakshkaa nee dhivya naamamu aik,ఓ రక్షకా నీ దివ్య నామము ఐక,జాన్ ఎల్లెర్ టన్,Andhra Kristava Keerthanalu,"Saviour, again to Thy dear Name we raise",,TELUGU,2014-10-16,https://waytochurch.com/lyrics/song/2525,314,391
2526,bheekarumdau maa yehoavaa peet,భీకరుండౌ మా యెహోవా పీఠ మెదుటం,,Andhra Kristava Keerthanalu,యెహూవా స్తుతి,ragam: యమన్-yaman,TELUGU,2014-10-16,https://waytochurch.com/lyrics/song/2526,586,721
2527,sannuthimthumoa prabhoa sadhamalamagu bh,సన్నుతింతుమో ప్రభో సదమలమగు భ,బొంతా సమూయేలు,Andhra Kristava Keerthanalu,దైవ నామ స్తుతి,ragam: శంకరాభరణము-shMkaraabharaNamu,TELUGU,2014-10-16,https://waytochurch.com/lyrics/song/2527,350,482
2528,sarva shakthuni sthoathragaana,సర్వ శక్తుని స్తోత్రగానము సల్ప,మిక్కిలి సముయేలు,Andhra Kristava Keerthanalu,సర్వశక్తుని స్తోత్రగానము,ragam: బిలహరి-bilahari,TELUGU,2014-10-16,https://waytochurch.com/lyrics/song/2528,574,739
2529,prabalamuganae prasthuthimched,ప్రబలముగనే ప్రస్తుతించెద ప్రభు,చెట్టి భానుమూర్తి,Andhra Kristava Keerthanalu,స్తుతి గీతము,ragam: శంకరాభరణము -shMkaraabharaNamu,TELUGU,2014-10-16,https://waytochurch.com/lyrics/song/2529,517,678
2530,maranamun jayimchi laechenu ma,మరణమున్ జయించి లేచెను మన ప్రభు,మురారి దావీదు,Andhra Kristava Keerthanalu,క్రీస్తు పునరుత్థాన చరిత్రముEaster,ragam: ఆనందభైరవి-aanMdhabhairavi,TELUGU,2014-10-16,https://waytochurch.com/lyrics/song/2530,1268,1645
2531,,,చార్లెస్ వెస్లీ,Andhra Kristava Keerthanalu,Christ the Lord is Risen Today,,TELUGU,,https://waytochurch.com/lyrics/song/2531,818,1031
2532,kreesthu prabhuni prathyakshth,క్రీస్తు ప్రభుని ప్రత్యక్షతలను,మల్లెల దావీదు,Andhra Kristava Keerthanalu,ప్రభుని ప్రత్యక్షతలు,ragam: శంకరాభరణము-shMkaraabharaNamu,TELUGU,2014-10-16,https://waytochurch.com/lyrics/song/2532,843,1048
2533,idhigoa naa shishyulaaraa yeru,ఇదిగో నా శిష్యులారా యెఱుక లుంచ,పురుషోత్తము చౌధరి,Andhra Kristava Keerthanalu,క్రీస్తు కడపటి హెచ్చరిక,ragam: ముఖారి-mukhaari,TELUGU,2014-10-16,https://waytochurch.com/lyrics/song/2533,601,748
2534,rmdu vishvaasulaaraa rmdu vija,రండు విశ్వాసులారా రండు విజయము,ముంగమూరి దేవదాసు,Andhra Kristava Keerthanalu,పునరుత్థాన విజయముEaster,ragam: శంకరాభరణము-shMkaraabharaNamu,TELUGU,2014-10-16,https://waytochurch.com/lyrics/song/2534,704,845
2535,sudhathulaara mee richchoata n,సుదతులార మీ రిచ్చోట నెవ్వరి వె,పురుషోత్తము చౌధరి,Andhra Kristava Keerthanalu,క్రీస్తు పునరుత్థానముEaster,ragam: మధ్యమావతి-maDhyamaavathi,TELUGU,2014-10-16,https://waytochurch.com/lyrics/song/2535,535,703
2536,vijaymbu vijaymbu vijaymbu maa,విజయంబు విజయంబు విజయంబు మా యేస,జాన్ ఫ్రాన్సిస్ స్పెన్సర్,Andhra Kristava Keerthanalu,ప్రభు పునరుత్థానముEaster,ragam: అసావేరి-asaavaeri,TELUGU,2014-10-16,https://waytochurch.com/lyrics/song/2536,729,906
2537,halelooya yani paaduaodee sama,హలెలూయ యని పాడుఁడీ సమాధిపై వెల,కడియం గాబ్రియేలు,Andhra Kristava Keerthanalu,ఆయన యుగయుగములు జీవించుచున్నాఁడు,ragam: బిలహరి-bilahari,TELUGU,2014-10-16,https://waytochurch.com/lyrics/song/2537,1556,2007
2538,yaesu laechenu aadhivaaramuna,యేసు లేచెను ఆదివారమున యేసు లేచ,బస్యన్ జోసఫ్,Andhra Kristava Keerthanalu,క్రీస్తు పునరుత్థానముEaster,ragam: ముఖారి-mukhaari,TELUGU,2014-10-16,https://waytochurch.com/lyrics/song/2538,502,650
2539,kreesthu laechenu hallelooya k,క్రీస్తు లేచెను హల్లెలూయ క్రీస,బి  సూర్య ప్రకాశరావు,Andhra Kristava Keerthanalu,క్రీస్తు లేచెను,ragam: యమన్ కళ్యాణి-yaman kaLyaaNi,TELUGU,2014-10-16,https://waytochurch.com/lyrics/song/2539,671,824
2540,yaesu punaruththaanamaayenu ch,యేసు పునరుత్థానమాయెను చావునొంద,మిక్కిలి నమూయేలు,Andhra Kristava Keerthanalu,క్రీస్తు పునరుత్థానముEaster,ragam: తోడి-thoadi,TELUGU,2014-10-16,https://waytochurch.com/lyrics/song/2540,666,834
2541,,,రాబర్ట్ లౌరీ,Andhra Kristava Keerthanalu,Low in the Grave He Lay,,TELUGU,,https://waytochurch.com/lyrics/song/2541,312,381
2542,parama prabhoa yaesurakshkaa d,పరమ ప్రభో యేసురక్షకా ధననరుల బ్,బన్యన్ జోసఫ్,Andhra Kristava Keerthanalu,ఆరోహణ దినము,ragam: ఆనందభైరవి-aanMdhabhairavi,TELUGU,2014-10-16,https://waytochurch.com/lyrics/song/2542,892,1177
2543,maeghmbupai nekki maeluga prab,మేఘంబుపై నెక్కి మేలుగ ప్రభు క్,తూలూరి ప్రకాశము,Andhra Kristava Keerthanalu,క్రీస్తు ఆరోహణము,ragam: ఆనందభైరవి-aanMdhabhairavi,TELUGU,2014-10-16,https://waytochurch.com/lyrics/song/2543,631,792
2544,koalaahalamugao goorimithoaao,కోలాహలముగఁ గూరిమితోఁ గూడి కోలా,మిక్కిలి నమూయేలు,Andhra Kristava Keerthanalu,క్రీస్తు రెండవ రాకడ,ragam: కమలామనోహరి-kamalaamanoahari,TELUGU,2014-10-16,https://waytochurch.com/lyrics/song/2544,993,1329
2545,raajaadhi raajaa raaraa raajul,రాజాధి రాజా రారా రాజులకు రాజువ,ఈ డి నిత్యానందము,Andhra Kristava Keerthanalu,క్రీస్తు పునరాగమనము,,TELUGU,2014-10-16,https://waytochurch.com/lyrics/song/2545,603,826
2546,naadu vachchinatlu gaadhu nae,నాడు వచ్చినట్లు గాదు నేఁడు వచ,పురుషోత్తము చౌధరి,Andhra Kristava Keerthanalu,క్రీస్తు యొక్క రెండవ రాకడ అవిశ్వాసుల భయము,ragam: ముఖారి-mukhaari,TELUGU,2014-10-16,https://waytochurch.com/lyrics/song/2546,612,760
2547,mahimathoa mana yaesu ihamunak,మహిమతో మన యేసు ఇహమునకు వేంచేయు,గొల్లపల్లి నతానియేలు,Andhra Kristava Keerthanalu,క్రీస్తు మహిమతో వచ్చుట,ragam: ఘంటా-ghMtaa,TELUGU,2014-10-16,https://waytochurch.com/lyrics/song/2547,403,534
2548,ayyoa yidhi dhuhkhamu prabhu t,అయ్యో యిది దుఃఖము ప్రభు తీర్పు,పురుషోత్తమ చౌధరి,Andhra Kristava Keerthanalu,అంత్య దినము,ragam: వంతువరాళి-vMthuvaraaLi,TELUGU,2014-10-16,https://waytochurch.com/lyrics/song/2548,949,1203
2549,oahoahoa maa yannalaaraa yudhy,ఓహోహో మా యన్నలారా యుద్యోగింపండ,పురుషోత్తము చౌధరి,Andhra Kristava Keerthanalu,Good Friday క్రీస్తు శరణు గోరుట,ragam: ముఖారి-mukhaari,TELUGU,2014-10-16,https://waytochurch.com/lyrics/song/2549,963,1216
2550,koapa dhinamu vachchunu paapul,కోప దినము వచ్చును పాపుల గుండె,,Andhra Kristava Keerthanalu,పాపాత్ముల యొక్క శిక్ష,ragam: పంతువరాళి-pMthuvaraaLi,TELUGU,2014-10-16,https://waytochurch.com/lyrics/song/2550,725,931
2551,vachchunu kreesthu vachchunu b,వచ్చును క్రీస్తు వచ్చును భూలోక,రావూరి లక్ష్మయ్య,Andhra Kristava Keerthanalu,క్రీస్తుని రెండవ రాకడ,ragam: పంతువరాళి-pMthuvaraaLi,TELUGU,2014-10-16,https://waytochurch.com/lyrics/song/2551,710,921
2552,yaesu vachchedi vaelaaye soadh,యేసు వచ్చెడి వేళాయె సోదరులారా,చెదలవాడ తామస్,Andhra Kristava Keerthanalu,ఆయన వచ్చు వేళాయెను,ragam: కళ్యాణి-kaLyaaNi,TELUGU,2014-10-16,https://waytochurch.com/lyrics/song/2552,713,947
2553,prabhu punaraagamareethi vinu,ప్రభు పునరాగమరీతి విను మో ప్రభ,,Andhra Kristava Keerthanalu,ప్రభు పునరాగమన గీతిక,,TELUGU,2014-10-16,https://waytochurch.com/lyrics/song/2553,588,769
2554,parishudhdhaathma nithyaathma,పరిశుద్ధాత్మ నిత్యాత్మ పరమ పావ,బేతాళ జాన్,Andhra Kristava Keerthanalu,పరిశుద్ధాత్మ స్తుతి,ragam: బిలహరి-bilahari,TELUGU,2014-10-16,https://waytochurch.com/lyrics/song/2554,500,630
2555,parishudhdhaathmuaoda prabhuva,పరిశుద్ధాత్ముఁడ ప్రభువ వరదా,దాసరి మోజెస్,Andhra Kristava Keerthanalu,పరిశుద్ధాత్మకొఱకైన ప్రార్థన,ragam: యదుకులకాంభోజి-yadhukulakaaMbhoaji,TELUGU,2014-10-16,https://waytochurch.com/lyrics/song/2555,1000,1312
2556,parishudhdhaathma prabhuni var,పరిశుద్ధాత్మ ప్రభుని వరదివ్యశక,నురగాల తిమోతీ జ్ఞానానందము,Andhra Kristava Keerthanalu,పరిశుద్ధాత్ముని ప్రాపు,ragam: కాంభోజి-kaaMbhoaji,TELUGU,2014-10-16,https://waytochurch.com/lyrics/song/2556,862,1124
2557,parishudhdhaathmaa paavuramaa,పరిశుద్ధాత్మా పావురమా నీ దాసుల,వి డి  జాన్ సుందరరావు,Andhra Kristava Keerthanalu,పరిశుద్ధాత్ముడా దిగిరమ్ము,ragam: కమాసు-kamaasu,TELUGU,2014-10-16,https://waytochurch.com/lyrics/song/2557,710,950
2558,rammu parishudhdhaathma dhaevu,రమ్ము పరిశుద్ధాత్మ దేవుఁడా మమ్,దాసరి మోజెస్,Andhra Kristava Keerthanalu,మార్గదర్శియగు పరిశుద్ధాత్ముఁడు,ragam: ఆనందభైరవి-aanMdhabhairavi,TELUGU,2014-10-16,https://waytochurch.com/lyrics/song/2558,1249,1594
2559,parishudhdhaathmuniao bomdhumu,పరిశుద్ధాత్మునిఁ బొందుము ప్రభు,మండపాక కేశవరాయశర్మ,Andhra Kristava Keerthanalu,పరిశుద్ధాత్మునిఁ బొందుడి,ragam: కళ్యాణి-kaLyaaNi,TELUGU,2014-10-16,https://waytochurch.com/lyrics/song/2559,804,1026
2560,vinarae yapoasthalula kaaryamu,వినరే యపోస్తలుల కార్యముల్ క్రై,పురుషోత్తము చౌదరి,Andhra Kristava Keerthanalu,పరిశుద్ధాత్మ కుమ్మరింపు,ragam: ఆనందభైరవి-aanMdhabhairavi,TELUGU,2014-10-16,https://waytochurch.com/lyrics/song/2560,792,1013
2561,dhaivaathmaa dhigumu dhaasula,దైవాత్మా దిగుము దాసుల పైని నీ,మామిళ్ల యెషయా,Andhra Kristava Keerthanalu,పరిశుద్ధాత్మకొరకు వేఁడుట,ragam: ముఖారి-mukhaari,TELUGU,2014-10-16,https://waytochurch.com/lyrics/song/2561,535,685
2562,aathmaa nadupu sa thyamu loani,ఆత్మా నడుపు స త్యము లోని కిపుడ,తూలూరి కొర్నేలియస్,Andhra Kristava Keerthanalu,పరిశుద్ధాత్మకొరకుఁ బ్రార్థించుట,ragam: ముఖారి-mukhaari,TELUGU,2014-10-16,https://waytochurch.com/lyrics/song/2562,493,627
2563,,,హేరియట్ ఆబర్,Andhra Kristava Keerthanalu,"Our Blest Redeemer, ere He Breathed",,TELUGU,,https://waytochurch.com/lyrics/song/2563,263,334
2564,,,క్రిస్టఫర్ వర్డ్స్ వర్త్,Andhra Kristava Keerthanalu,"Gracious Spirit, Holy Ghost",,TELUGU,,https://waytochurch.com/lyrics/song/2564,419,528
2565,,,ఐజక్ వాట్స్,Andhra Kristava Keerthanalu,Come Holy Spirit Heavenly Dove,,TELUGU,,https://waytochurch.com/lyrics/song/2565,289,355
2566,parishudhdhaathmanu goarumu je,పరిశుద్ధాత్మను గోరుము జీవము యే,బేతాళ జాన్,Andhra Kristava Keerthanalu,పరిశుద్ధాత్మకొరకైన మన యక్కర,ragam: కళ్యాణి-kaLyaaNi,TELUGU,2014-10-16,https://waytochurch.com/lyrics/song/2566,849,1110
2567,parishudhdhaathmuaoda dhaeva,పరిశుద్ధాత్ముఁడ దేవ ప్రభువా న,కడియం గాబ్రియేలు,Andhra Kristava Keerthanalu,"పరిశుద్ధాత్మా, రమ్ము",ragam: ఆనందభైరవి-aanMdhabhairavi,TELUGU,2014-10-16,https://waytochurch.com/lyrics/song/2567,825,1058
2568,rammu rammu parishudhdhaathmaa,రమ్ము రమ్ము పరిశుద్ధాత్మా రమ్మ,మేడికాయల సాధువు,Andhra Kristava Keerthanalu,"పరిశుద్ధాత్మా, రమ్ము",ragam: శ్రీరాగము-shreeraagamu,TELUGU,2014-10-16,https://waytochurch.com/lyrics/song/2568,740,899
2569,dhaevuao dichchina dhivyavaaky,దేవుఁ డిచ్చిన దివ్యవాక్య మి దే,పురుషోత్తము చౌదరి,Andhra Kristava Keerthanalu,దేవుని వాక్యము,ragam: ఖరహరప్రియ-kharaharapriy,TELUGU,2014-10-16,https://waytochurch.com/lyrics/song/2569,1061,1346
2570,dhaevuni grmdhamu dhinadhinamu,దేవుని గ్రంధము దినదినము చదువుమ,,Andhra Kristava Keerthanalu,పరిశుద్ధగ్రంథము,ragam: భైరవి-bhairavi,TELUGU,2014-10-16,https://waytochurch.com/lyrics/song/2570,482,627
2571,prabhuvaa pmpumaa nee shubhava,ప్రభువా పంపుమా నీ శుభవర్షము ని,ఆల్ఫ్రెడ్ త్యాగరాజు పామర్,Andhra Kristava Keerthanalu,ప్రభుని వాక్యామృతము,ragam: ఖరహరప్రియ-kharaharapriy,TELUGU,2014-10-16,https://waytochurch.com/lyrics/song/2571,382,473
2572,sukha michchegadha maaku prabh,సుఖ మిచ్చెగద మాకు ప్రభుయేసువా,పురుషోత్తము చౌదరి,Andhra Kristava Keerthanalu,దేవుని వాక్యానందము,ragam: మోహన-moahan,TELUGU,2014-10-16,https://waytochurch.com/lyrics/song/2572,501,646
2573,mammuao praemao joochi dhaevua,మమ్ముఁ ప్రేమఁ జూచి దేవుఁడు మకు,జేకబ్ చేంబర్లేన్,Andhra Kristava Keerthanalu,దైవ వాక్యము,ragam: యదుకులకాంభోజి-yadhukulakaaMbhoaji,TELUGU,2014-10-16,https://waytochurch.com/lyrics/song/2573,465,590
2574,shree vinoadha dhaayakmbu dhae,శ్రీ వినోద దాయకంబు దేవుని వాక్,గున్నాబత్తుల సమూయేలు,Andhra Kristava Keerthanalu,దేవుని వాక్యము,ragam: కాపి-kaapi,TELUGU,2014-10-16,https://waytochurch.com/lyrics/song/2574,880,1122
2575,yehoava puri punaadhi yila mah,యెహోవ పురి పునాది యిల మహా స్థి,నరెళ్ల నమూయేలు సుబ్బయ్య,Andhra Kristava Keerthanalu,సంఘము,ragam: మధ్యమావతి-maDhyamaavathi,TELUGU,2014-10-16,https://waytochurch.com/lyrics/song/2575,604,751
2576,yaesu dhaehamu smghamu prabhu,యేసు దేహము సంఘము ప్రభు క్రీస్త,పట్టాభి ప్రసంగి,Andhra Kristava Keerthanalu,సంఘము క్రీస్తుని దేహము,ragam: ఆనందభైరవి-aanMdhabhairavi,TELUGU,2014-10-16,https://waytochurch.com/lyrics/song/2576,788,1018
2577,ella soadharu laikyatha vasiyi,ఎల్ల సోదరు లైక్యత వసియించుట యె,మల్లెల దావీదు,Andhra Kristava Keerthanalu,సంఘీభావము బలము,ragam: కమాసు-kamaasu,TELUGU,2014-10-16,https://waytochurch.com/lyrics/song/2577,377,472
2578,samakoorchumu thmdri kraisthav,సమకూర్చుము తండ్రి క్రైస్తవ సభల,సరెళ్ల సమూయేలు సుబ్బయ్య,Andhra Kristava Keerthanalu,ఐక్యత,ragam: ఖరహర ప్రియ-kharahara priy,TELUGU,2014-10-16,https://waytochurch.com/lyrics/song/2578,339,431
2579,prabhukreesthu yaesu praemimch,ప్రభుక్రీస్తు యేసు ప్రేమించె స,ఎం ఎల్  మోజెస్,Andhra Kristava Keerthanalu,క్రైస్తవ సంఘ బాధ్యతలు,ragam: ఆహిరి-aahiri,TELUGU,2014-10-16,https://waytochurch.com/lyrics/song/2579,784,1016
2580,smgha shirasai velayu prabhuva,సంఘ శిరసై వెలయు ప్రభువా సత్యకృ,చెట్టి భానుమూర్తి,Andhra Kristava Keerthanalu,క్రీస్తు సంఘమునకు శిరస్సు,ragam: బేహాగ్-baehaag,TELUGU,2014-10-16,https://waytochurch.com/lyrics/song/2580,622,817
2581,,,సామ్యూల్ జాన్ స్థాన్,Andhra Kristava Keerthanalu,The Church's one foundation,,TELUGU,,https://waytochurch.com/lyrics/song/2581,558,678
2582,,,జాన్ న్యూటన్,Andhra Kristava Keerthanalu,Glorious Things of Thee are spoken,,TELUGU,,https://waytochurch.com/lyrics/song/2582,452,575
2583,ghana yehoavaa nee gudaarm bun,ఘన యెహోవా నీ గుడారం బున నతిథియ,మల్లెల దావీదు,Andhra Kristava Keerthanalu,నిజసేవకుని లక్షణములు,ragam: ధీరశంకరాభరణము-DheerashMkaraabharaNamu,TELUGU,2014-10-16,https://waytochurch.com/lyrics/song/2583,613,799
2584,emthoa sumdharamainavi dhara g,ఎంతో సుందరమైనవి ధర గిరులపై నెం,మేడికాయల సాధువు,Andhra Kristava Keerthanalu,సువార్తికుల ఘనత,ragam: కళ్యాణి-kaLyaaNi,TELUGU,2014-10-16,https://waytochurch.com/lyrics/song/2584,914,1184
2585,parishudhdhaathmuaoda lemmu n,పరిశుద్ధాత్ముఁడ లెమ్ము నీ సంఘ,కడియం గాబ్రియేలు,Andhra Kristava Keerthanalu,సభకాపరుల కొరకు ప్రార్థించుట,ragam: కళ్యాణి-kaLyaaNi,TELUGU,2014-10-16,https://waytochurch.com/lyrics/song/2585,1064,1332
2586,aduguchunnaa moa dhaeva kadu d,అడుగుచున్నా మో దేవ కడు దయను గా,విలియం బెర్రి,Andhra Kristava Keerthanalu,బోధకులకొరకైన ప్రార్థన,ragam: శంకరాభరణము-shMkaraabharaNamu,TELUGU,2014-10-16,https://waytochurch.com/lyrics/song/2586,998,1256
2587,dheevenala nidu dhaevaa needhu,దీవెనల నిడు దేవా నీదు సేవకై వె,పంతగాని పరదేశి,Andhra Kristava Keerthanalu,సేవకులకొరకైన దీవెన,ragam: ముఖారి-mukhaari,TELUGU,2014-10-16,https://waytochurch.com/lyrics/song/2587,714,930
2588,vinarae narulaaraa manamula va,వినరే నరులారా మనముల వేడుకలను మ,పురుషోత్తము చౌదరి,Andhra Kristava Keerthanalu,ప్రభుని బాప్తిస్మము,ragam: ముఖారి-mukhaari,TELUGU,2014-10-16,https://waytochurch.com/lyrics/song/2588,769,989
2589,dhaevaa shishuvula dhechchith,దేవా శిశువుల దెచ్చితిమి నీవు,పులిపాక జగన్నాదము,Andhra Kristava Keerthanalu,శిశు బాప్తిస్మము,ragam: నాధనామక్రియ-naaDhanaamakriy,TELUGU,2014-10-16,https://waytochurch.com/lyrics/song/2589,568,731
2590,yae sosmge goppa yaajnynu than,యే సొసంగె గొప్ప యాజ్ఞను తన శిష,పులిపాక జగన్నాధము,Andhra Kristava Keerthanalu,పిన్న పెద్దల బాప్తిస్మము,ragam: నీలాంబరి-neelaaMbari,TELUGU,2014-10-16,https://waytochurch.com/lyrics/song/2590,659,813
2591,aacharimchuchununnaamu aa chmd,ఆచరించుచునున్నాము ఆ చందము మేము,విలియం డాకన్,Andhra Kristava Keerthanalu,పెద్దల బాప్తిస్మము,ragam: నవరోజు-navaroaju,TELUGU,2014-10-16,https://waytochurch.com/lyrics/song/2591,806,1047
2592,rmdi rmdi suvaarthaboadha vina,రండి రండి సువార్తబోధ విన రారోజ,,Andhra Kristava Keerthanalu,క్రీస్తును నమ్మి బాప్తిస్మము పొంద రండి,ragam: రేగుప్తి-raegupthi,TELUGU,2014-10-16,https://waytochurch.com/lyrics/song/2592,942,1187
2593,manasa yaathma thaejarilluma,మనస యాత్మ తేజరిల్లుమా యలంకరి,రావూరి దావీదు,Andhra Kristava Keerthanalu,ప్రభురాత్రి భోజనము కొరకు సిద్ధపడుట,ragam: ఆనందభైరవి-aanMdhabhairavi,TELUGU,2014-10-16,https://waytochurch.com/lyrics/song/2593,780,1009
2594,,,జాన్ చౌదరి,Andhra Kristava Keerthanalu,క్రైస్తవ ప్రేషితోద్యమము,,TELUGU,,https://waytochurch.com/lyrics/song/2594,675,856
2595,,,రెజినాల్డ్ హెబర్,Andhra Kristava Keerthanalu,From Greenland's Icy Mountains,,TELUGU,,https://waytochurch.com/lyrics/song/2595,523,644
2596,,,ఐజక్ వాట్స్,Andhra Kristava Keerthanalu,Jesus shall reign where'er the sun,,TELUGU,,https://waytochurch.com/lyrics/song/2596,539,642
2597,,,ప్రిసిల్లా జేన్ ఓవెన్స్,Andhra Kristava Keerthanalu,We have heard the joyful sound,,TELUGU,,https://waytochurch.com/lyrics/song/2597,406,494
2598,oa dhayaanilayaa prabhuvaa m,ఓ దయానిలయా ప్రభువా మా కున్న,మొలతాటి విద్యానందము,Andhra Kristava Keerthanalu,ప్రభువు బల్లను సమీపించు యోగ్యతకు ప్రార్థన,ragam: భాగేశ్వరి-bhaagaeshvari,TELUGU,2014-10-16,https://waytochurch.com/lyrics/song/2598,541,720
2599,jeevaahaaramu rammu chirajeeva,జీవాహారము రమ్ము చిరజీవాన్నము న,ఏ  బి  మాసిలామణి,Andhra Kristava Keerthanalu,జీవాహారము,ragam: ముఖారి-mukhaari,TELUGU,2014-10-16,https://waytochurch.com/lyrics/song/2599,638,845
2600,dhaevaa dheevimchu mippudu dhe,దేవా దీవించు మిప్పుడు దీన జనాళ,మురారి దావీదు,Andhra Kristava Keerthanalu,ప్రభు రాత్రి భోజన మాచరించునపుడు దీవెన గోరుట,ragam: హునేని-hunaeni,TELUGU,2014-10-16,https://waytochurch.com/lyrics/song/2600,864,1115
2601,chaeri bhujiyimpudeevimdhu yae,చేరి భుజియింపుడీవిందు యేసు సిద,వి  డి  జాన్ సుందరరావు,Andhra Kristava Keerthanalu,ప్రభురాత్రి సంస్కారవిందు,ragam: కేదారి-kaedhaari,TELUGU,2014-10-16,https://waytochurch.com/lyrics/song/2601,863,1144
2602,maanavuaodavai sakala narula m,మానవుఁడవై సకల నరుల మానక నా దోష,మార్తాండ జ్ఞానప్రకాశము,Andhra Kristava Keerthanalu,నూతన నిబంధన విందు,ragam: భైరవి-bhairavi,TELUGU,2014-10-16,https://waytochurch.com/lyrics/song/2602,1236,1566
2603,mana yaesu maranasmaa ranavimd,మన యేసు మరణస్మా రణవిందులోఁబాలు,దాసరి మోజెస్,Andhra Kristava Keerthanalu,ప్రభుభోజనమున కాహ్వానము,ragam: భైరవి-bhairavi,TELUGU,2014-10-16,https://waytochurch.com/lyrics/song/2603,1043,1388
2604,sthoathraarpana narpimthamu ja,స్తోత్రార్పణ నర్పింతము జప ధూపమ,సమూయేలు పాక్యనాథము,Andhra Kristava Keerthanalu,పరిశుద్ధ సమభాక్త్వము,,TELUGU,2014-10-16,https://waytochurch.com/lyrics/song/2604,645,817
2605,,,హోరేషియన్ బోనర్,Andhra Kristava Keerthanalu,"Here, O my Lord, I see Thee face to face",,TELUGU,,https://waytochurch.com/lyrics/song/2605,558,703
2606,iaoka naemi gathi yunnadhi maa,ఇఁక నేమి గతి యున్నది మానవులారా,పురుషోత్తము చౌదరి,Andhra Kristava Keerthanalu,క్రీస్తే పాపుల గతి,ragam: మధ్యమావతి-maDhyamaavathi,TELUGU,2014-10-16,https://waytochurch.com/lyrics/song/2606,438,553
2607,rmdi yaesuni yodhdhakuao priyu,రండి యేసుని యొద్దకుఁ ప్రియులార,పులిపాక జగన్నాధము,Andhra Kristava Keerthanalu,యేసునొద్దకు రండి,ragam: మధ్యమావతి-maDhyamaavathi,TELUGU,2014-10-16,https://waytochurch.com/lyrics/song/2607,508,630
2608,yaesu naatha kathaa sudhaa ras,యేసు నాథ కథా సుధా రస మిదిగో పా,పురుషోత్తము చౌదరి,Andhra Kristava Keerthanalu,యేసునాధ కథా మాధుర్యము,ragam: బిలహరి-bilahari,TELUGU,2014-10-16,https://waytochurch.com/lyrics/song/2608,800,1054
2609,raare yaesuni joothamu koarika,రారె యేసుని జూతము కోరిక దీర రా,బేతాళ జాన్,Andhra Kristava Keerthanalu,వచ్చి క్రీస్తును చూడుఁడి,ragam: కాంభోజి-kaaMbhoaji,TELUGU,2014-10-16,https://waytochurch.com/lyrics/song/2609,977,1283
2610,raaroa janulaaraa vaegamuao go,రారో జనులారా వేగముఁ గూడి రారో,పురుషోత్తము చౌదరి,Andhra Kristava Keerthanalu,రక్షణాహ్వానము,ragam: శ్రీరాగము-shreeraagamu,TELUGU,2014-10-16,https://waytochurch.com/lyrics/song/2610,747,971
2611,yaesuni sucharitha memtha pona,యేసుని సుచరిత మెంత పొనరినది యె,,Andhra Kristava Keerthanalu,శుభవర్తమాన ప్రకటన,ragam: బ్యాగు-byaagu,TELUGU,2014-10-16,https://waytochurch.com/lyrics/song/2611,709,924
2612,poayeaoga poayeaoga kaalamu ve,పోయెఁగ పోయెఁగ కాలము వెళ్లి పోయ,పురుషోత్తము చౌదరి,Andhra Kristava Keerthanalu,కాలము గతించిపోవుచున్నది,ragam: జంఝూటి-jMjhooti,TELUGU,2014-10-16,https://waytochurch.com/lyrics/song/2612,564,712
2613,vinarae yaesukreesthu boadha m,వినరే యేసుక్రీస్తు బోధ మదిని గ,పులిపాక జగన్నాధము,Andhra Kristava Keerthanalu,రక్షణ మార్గము,ragam: సౌరాష్ట్ర-sauraaShtr,TELUGU,2014-10-16,https://waytochurch.com/lyrics/song/2613,521,658
2614,rmdi maanavulaaraa rakshkunina,రండి మానవులారా రక్షకునిన మ్మండ,జి జాన్ తాతయ్య,Andhra Kristava Keerthanalu,రక్షకుని యొద్దకు రండి,ragam: మారువ-maaruv,TELUGU,2014-10-16,https://waytochurch.com/lyrics/song/2614,766,955
2615,paapininaenani prabhupadhamula,పాపినినేనని ప్రభుపదములకడ ప్రార,ఎస్ జె మోజెస్,Andhra Kristava Keerthanalu,సువార్త,ragam: ఆహిరి-aahiri,TELUGU,2014-10-16,https://waytochurch.com/lyrics/song/2615,683,889
2616,hae prabhuyaesu hae prabhu yae,హే ప్రభుయేసు హే ప్రభు యేసు హే,ఎ బి మాసిలామణి,Andhra Kristava Keerthanalu,యేసుక్రీస్తు సమాధానకర్త,,TELUGU,2014-10-16,https://waytochurch.com/lyrics/song/2616,984,1331
2617,emdhuku marachithivi yaesuni p,ఎందుకు మఱచితివి యేసుని ప్రేమ ఎ,దావీదు చౌదరి,Andhra Kristava Keerthanalu,తప్పిపోయిన వారిని మేలుకొల్పుట,ragam: ఆనందభైరవి-aanMdhabhairavi,TELUGU,2014-10-16,https://waytochurch.com/lyrics/song/2617,522,664
2618,paapakoopamunmdhu padi munigiy,పాపకూపమునందు పడి మునిగియున్నావ,పంతగాని పరదేశి,Andhra Kristava Keerthanalu,పాపము,ragam: ముఖారి-mukhaari,TELUGU,2014-10-16,https://waytochurch.com/lyrics/song/2618,1092,1427
2619,dhaaruna magu marana vaaridhi,దారుణ మగు మరణ వారిధి దాఁట నె వ,రావూరి దావీదు,Andhra Kristava Keerthanalu,క్రీస్తు సువార్త,ragam: ముఖారి-mukhaari,TELUGU,2014-10-16,https://waytochurch.com/lyrics/song/2619,1267,1645
2620,hrudhayamanedu thalupu nodhdha,హృదయమనెడు తలుపు నొద్ద యేసు నాధ,పులిపాక జగన్నాధము,Andhra Kristava Keerthanalu,యేసు హృదయద్వారమును తట్టుట,ragam: భైరవి-bhairavi,TELUGU,2014-10-16,https://waytochurch.com/lyrics/song/2620,932,1202
2621,,,,Andhra Kristava Keerthanalu,"Come, ye people, hear the message",,TELUGU,,https://waytochurch.com/lyrics/song/2621,500,608
2622,,,విలియం హంటర్,Andhra Kristava Keerthanalu,The Great Physician,,TELUGU,,https://waytochurch.com/lyrics/song/2622,660,797
2623,dharaniloani dhanamu lella dha,ధరణిలోని ధనము లెల్ల ధరణిపాలై ప,పులిపాక జగన్నాధము,Andhra Kristava Keerthanalu,శాశ్వత ధనము,ragam: నాట-naat,TELUGU,2014-10-16,https://waytochurch.com/lyrics/song/2623,545,703
2624,nijamugaaao parishudhdhu dokao,నిజముగాఁ పరిశుద్ధు డొకఁ డీ నేల,పురుషోత్తము చౌధరి,Andhra Kristava Keerthanalu,పాపము సార్వత్రికము,ragam: కేదారగౌళ-kaedhaaragauL,TELUGU,2014-10-16,https://waytochurch.com/lyrics/song/2624,700,901
2625,paapulaku sakhumdu mana praapu,పాపులకు సఖుండు మన ప్రాపు యేసె,,Andhra Kristava Keerthanalu,పాపుల స్నేహితుడు,ragam: మోహన-moahan,TELUGU,2014-10-16,https://waytochurch.com/lyrics/song/2625,517,640
2626,yaesunae saevimparmdi moasapoa,యేసునే సేవింపరండి మోసపోకండి ప్,ఎన్ డి ఏబెల్,Andhra Kristava Keerthanalu,క్రీస్తుని గొప్పతనము,ragam: హిందూస్థాని తోడి-hiMdhoosThaani thoadi,TELUGU,2014-10-16,https://waytochurch.com/lyrics/song/2626,361,447
2627,mana modhati thallidhmdrulal m,మన మొదటి తల్లిదండ్రులల్ మాయకు,పురుషోత్తము చౌదరి,Andhra Kristava Keerthanalu,మానవ పతనము,ragam: శంకరాభరణము-shMkaraabharaNamu,TELUGU,2014-10-16,https://waytochurch.com/lyrics/song/2627,403,513
2628,nammare narulaara yaesuni samm,నమ్మరె నరులార యేసుని సమ్మతిగాఁ,గెల్లా రామయ్య,Andhra Kristava Keerthanalu,నమ్మినవారికి రక్షణ,ragam: ముఖారి-mukhaari,TELUGU,2014-10-16,https://waytochurch.com/lyrics/song/2628,684,849
2629,yaesu kreesthuni golva ranna y,యేసు క్రీస్తుని గొల్వ రన్న యీ,గొల్లపల్లి నతానియేలు,Andhra Kristava Keerthanalu,యేసు క్రీస్తును కొలుచుట,ragam: ముఖారి-mukhaari,TELUGU,2014-10-16,https://waytochurch.com/lyrics/song/2629,1304,1648
2630,idhi yehoavaa kaligimchina dhi,ఇది యెహోవా కలిగించిన దినము సుద,పురుషోత్తమ చౌధరి,Andhra Kristava Keerthanalu,ప్రభు దినము,ragam: యదుకుల కాంభోజి -yadhukula kaaMbhoaji,TELUGU,2014-10-16,https://waytochurch.com/lyrics/song/2630,441,564
2631,sukshaema shubhakaala vishraamthi dhin,సుక్షేమ శుభకాల విశ్రాంతి దిన,క్రిస్టఫర్ వర్డ్స్ వర్త్,Andhra Kristava Keerthanalu,O day of rest and gladness,,TELUGU,2014-10-16,https://waytochurch.com/lyrics/song/2631,412,523
2632,thraahi maam kreesthu naadha d,త్రాహి మాం క్రీస్తు నాధ దయఁ జూ,పురుషోత్తము ఛౌదరి,Andhra Kristava Keerthanalu,పశ్చాత్తాప ప్రార్థన,ragam: యదుకుల కాంభోజి-yadhukula kaaMbhoaji,TELUGU,2014-10-16,https://waytochurch.com/lyrics/song/2632,802,1009
2633,sharanu naa yaesu prabhuvaa ne,శరణు నా యేసు ప్రభువా నీవెగా పర,మిక్కిలి సమూయేలు,Andhra Kristava Keerthanalu,క్రీస్తు మోక్ష మార్గము,ragam: ఆనందభైరవి-aanMdhabhairavi,TELUGU,2014-10-16,https://waytochurch.com/lyrics/song/2633,417,533
2634,raavayya yaesunaadhaa maa raks,రావయ్య యేసునాధా మా రక్షణమార్గమ,,Andhra Kristava Keerthanalu,క్రైస్తవ పశ్చాత్తాపము,ragam: అఠాణ-aTaaN,TELUGU,2014-10-16,https://waytochurch.com/lyrics/song/2634,470,592
2635,ae mukhaambuthoada vaththu yae,ఏ ముఖాంబుతోడ వత్తు యేసు నాధనీద,జొన్నకూటి దేవదానం,Andhra Kristava Keerthanalu,పాప పశ్చాత్తాపము,ragam: నాధనామక్రియ-naaDhanaamakriy,TELUGU,2014-10-16,https://waytochurch.com/lyrics/song/2635,407,519
2636,nannu dhidhdhumu chinna praaya,నన్ను దిద్దుము చిన్న ప్రాయము స,ముంగమూరి దేవదాసు,Andhra Kristava Keerthanalu,పాపి మరలుట,ragam: కమాసు-kamaasu,TELUGU,2014-10-16,https://waytochurch.com/lyrics/song/2636,913,1147
2637,nammithi nayyaa yaesayyaa nee,నమ్మితి నయ్యా యేసయ్యా నీ పాదము,బుఱ్ఱారెడ్డి,Andhra Kristava Keerthanalu,క్రీస్తును నమ్ముట,ragam: ముఖారి-mukhaari,TELUGU,2014-10-16,https://waytochurch.com/lyrics/song/2637,449,559
2638,dhaeva neevu nannu ao barishoa,దేవ నీవు నన్ను ఁ బరిశో ధించి బ,మల్లెల దావీదు,Andhra Kristava Keerthanalu,పశ్చాత్తాప గీతి,ragam: భూపాళము-bhoopaaLamu,TELUGU,2014-10-16,https://waytochurch.com/lyrics/song/2638,919,1151
2639,paapa pashchaaththaapa momdhan,పాప పశ్చాత్తాప మొందని వారికి ప,వి వెంకటస్వామి,Andhra Kristava Keerthanalu,పశ్చాత్తాపము లేనిదే పరమ భాగ్యము లేదు,ragam: అసావేరి-asaavaeri,TELUGU,2014-10-16,https://waytochurch.com/lyrics/song/2639,679,856
2640,paapini krupa joopavayyaa dhaa,పాపిని కృప జూపవయ్యా దాపు జేరిత,సిరిపురపు కృపానందము,Andhra Kristava Keerthanalu,క్షమాపణ వేడుట,ragam: కమాసు-kamaasu,TELUGU,2014-10-16,https://waytochurch.com/lyrics/song/2640,869,1114
2641,khmdimpavalenu dhurgunamulu kh,ఖండింపవలెను దుర్గుణములు ఖండింప,,Andhra Kristava Keerthanalu,పాపమును విసర్జించుట,ragam: ముఖారి-mukhaari,TELUGU,2014-10-16,https://waytochurch.com/lyrics/song/2641,669,853
2642,manasaa vinavaemae kreesthunia,మనసా వినవేమే క్రీస్తునిఁ గని స,బి కోటయ్య,Andhra Kristava Keerthanalu,మారుమనసుఁ బొందుట,ragam: ముఖారి-mukhaari,TELUGU,2014-10-16,https://waytochurch.com/lyrics/song/2642,538,699
2643,dhaeva dheenapaapini oa paava,దేవ దీనపాపిని ఓ పావన గావు కృప,,Andhra Kristava Keerthanalu,దావీదు కీర్తన 51,ragam: శంకరాభరణము-shMkaraabharaNamu,TELUGU,2014-10-16,https://waytochurch.com/lyrics/song/2643,973,1259
2644,aparaadhini yaesayya krupa joo,అపరాధిని యేసయ్య కృప జూపి బ్రోవ,సిరిపురపు కృపానందము,Andhra Kristava Keerthanalu,పాపి పశ్చాత్తాపము,,TELUGU,2014-10-16,https://waytochurch.com/lyrics/song/2644,700,870
2645,pashchaaththaapamu bomdhumu je,పశ్చాత్తాపము బొందుము జీవమ నీవు,మోర్త ప్రకాశము,Andhra Kristava Keerthanalu,పశ్చాత్తాపపడుటకుఁ బ్రేరేపణ,ragam: ఆనందభైరవి-aanMdhabhairavi,TELUGU,2014-10-16,https://waytochurch.com/lyrics/song/2645,916,1172
2646,,,చార్లెట్ ఇలియట్,Andhra Kristava Keerthanalu,"Just as I am, without one plea",,TELUGU,,https://waytochurch.com/lyrics/song/2646,564,669
2647,,,లూయిన్ హార్టాస్,Andhra Kristava Keerthanalu,I hear Thy welcome voice,,TELUGU,,https://waytochurch.com/lyrics/song/2647,282,345
2648,,,ఆర్థర్ క్లీన్లాండ్ కోన్స్,Andhra Kristava Keerthanalu,Saviour sprinkle many nations,,TELUGU,,https://waytochurch.com/lyrics/song/2648,504,598
2649,unnapaatuna vachchu chunnaanu,ఉన్నపాటున వచ్చు చున్నాను నీ పా,పురుషోత్తము ఛౌదరి,Andhra Kristava Keerthanalu,ఉన్న విధముననే నీ యొద్దకు వచ్చుచున్నాను,ragam: ముఖారి-mukhaari,TELUGU,2014-10-16,https://waytochurch.com/lyrics/song/2649,1142,1451
2650,dhikkulaeni vaaaodanoa prabhoa,దిక్కులేని వాఁడనో ప్రభో నీ యండ,చిక్కాల పాలస్,Andhra Kristava Keerthanalu,పాపపు టొప్పుకోలు,ragam: కేదారగౌళ-kaedhaaragauL,TELUGU,2014-10-16,https://waytochurch.com/lyrics/song/2650,801,1014
2651,paapamu dhalaochu sumee pashch,పాపము దలఁచు సుమీ పశ్చా త్తాపము,యెషయా వీరమార్టిన్,Andhra Kristava Keerthanalu,పశ్చాత్తాప ప్రేరేపణ,ragam: ముఖారి-mukhaari,TELUGU,2014-10-16,https://waytochurch.com/lyrics/song/2651,597,753
2652,paapinayyaa naeao baapi nayyaa,పాపినయ్యా నేఁ బాపి నయ్యా కాపాడ,బేతాళ జాన్,Andhra Kristava Keerthanalu,పాపపు టొప్పుకోలు,ragam: హరికాంభోజి-harikaaMbhoaji,TELUGU,2014-10-16,https://waytochurch.com/lyrics/song/2652,640,809
2653,erimgi yeriaogi chedipoathivi,ఎఱింగి యెఱిఁగి చెడిపోతివి మనసా,పురుషోత్తము చౌదరి,Andhra Kristava Keerthanalu,ఆత్మ వంచన,ragam: ధన్యాసి-Dhanyaasi,TELUGU,2014-10-16,https://waytochurch.com/lyrics/song/2653,890,1110
2654,yaesu vibhuniao dhalaochi madh,యేసు విభునిఁ దలఁచి మదిలో ద్వేష,డేవిడ్ లైటన్,Andhra Kristava Keerthanalu,పశ్చాత్తాప ప్రేరేపణ,ragam: బిలహరి-bilahari,TELUGU,2014-10-16,https://waytochurch.com/lyrics/song/2654,760,989
2655,aadharimpumu yaesuvaa ni nnaas,ఆదరింపుము యేసువా ని న్నాశ్రయిం,వి జి జాన్ సుందరరావు,Andhra Kristava Keerthanalu,పాపి విలాపము,ragam: బిలహరి-bilahari,TELUGU,2014-10-16,https://waytochurch.com/lyrics/song/2655,555,728
2656,thana yakramamulaku kshmaa pan,తన యక్రమములకు క్షమా పణ నొందినవ,మల్లెల దావీదు,Andhra Kristava Keerthanalu,పాపక్షమ,ragam: ఖరహరప్రియ-kharaharapriy,TELUGU,2014-10-16,https://waytochurch.com/lyrics/song/2656,1214,1572
2657,yaesuaodu raaaogan jaesina dho,యేసుఁడు రాఁగన్ జేసిన దోషము నాశ,మిక్కిలి ఫ్రెడరిక్,Andhra Kristava Keerthanalu,పాపము మీఁది క్రీస్తుని విజయము,ragam: అఠాణ-aTaaN,TELUGU,2014-10-16,https://waytochurch.com/lyrics/song/2657,573,680
2658,,,ఎర్డ్మాన్ న్యూమీస్టెర్,Andhra Kristava Keerthanalu,Sinners Jesus will receive,,TELUGU,,https://waytochurch.com/lyrics/song/2658,375,464
2659,,,ఫ్రాన్సెస్ జేన్వేన్ ఆల్స్టీన్,Andhra Kristava Keerthanalu,"Jesus, keep me near the Cross",,TELUGU,,https://waytochurch.com/lyrics/song/2659,371,443
2660,,,జేకబ్ చేంబర్లేస్,Andhra Kristava Keerthanalu,What can wash away my stain ?,,TELUGU,,https://waytochurch.com/lyrics/song/2660,364,474
2661,,,అగస్గస్ మాంటేగు టాన్లేడీ,Andhra Kristava Keerthanalu,"Rock of ages, cleft for me",,TELUGU,,https://waytochurch.com/lyrics/song/2661,446,558
2662,,,విలియం కొనర్,Andhra Kristava Keerthanalu,There is a fountain filled with blood,,TELUGU,,https://waytochurch.com/lyrics/song/2662,473,560
2663,parama raajyamunaku narulu thi,పరమ రాజ్యమునకు నరులు తిరిగి పు,తూపిలి రంగయ్య,Andhra Kristava Keerthanalu,నూతన జన్మముBaptism,ragam: శంకరాభరణము-shMkaraabharaNamu,TELUGU,2014-10-16,https://waytochurch.com/lyrics/song/2663,825,1031
2664,,,ఫిలిప్ డాడ్రిడ్జి,Andhra Kristava Keerthanalu,Oh happy day that fixed my choice,,TELUGU,,https://waytochurch.com/lyrics/song/2664,536,667
2665,,,ప్రాన్సెస్ జేన్వేన్ ఆల్స్టీన్,Andhra Kristava Keerthanalu,Blessed assurance - Jesus is Mine,,TELUGU,,https://waytochurch.com/lyrics/song/2665,393,487
2666,aanmdha magu mukthi yae naa mm,ఆనంద మగు ముక్తి యే నా మందిరము,పురుషోత్తము చౌదరి,Andhra Kristava Keerthanalu,నిత్యజీవానందము,ragam: సురటి-surati,TELUGU,2014-10-16,https://waytochurch.com/lyrics/song/2666,512,656
2667,naa kimtha proathsaahaa nmdhmb,నా కింత ప్రోత్సాహా నందంబుల్ గల,ముంగమూరి దేవదాసు,Andhra Kristava Keerthanalu,క్రీస్తునందలి నా యానందము,ragam: కళ్యాణి-kaLyaaNi,TELUGU,2014-10-16,https://waytochurch.com/lyrics/song/2667,1062,1278
2668,itharula saakshyamu lemthoa ga,ఇతరుల సాక్ష్యము లెంతో గలిగియున,పురుషోత్తము చౌదరి,Andhra Kristava Keerthanalu,మనోసాక్ష్యానందము,ragam: శహన-shahan,TELUGU,2014-10-16,https://waytochurch.com/lyrics/song/2668,563,713
2669,siluva sainikulaaraa niluvmdi,సిలువ సైనికులారా నిలువండి వడి,జి మునిస్వామి,Andhra Kristava Keerthanalu,క్రైస్తవమను యుద్ధము,ragam: సురటి-surati,TELUGU,2014-10-16,https://waytochurch.com/lyrics/song/2669,560,703
2670,veerula mayyaa jaya veerula ma,వీరుల మయ్యా జయ వీరుల మయ్యా మా,ఎ  జెఖర్యా,Andhra Kristava Keerthanalu,క్రైస్తవ వీరులు,ragam: శంకరాభరణము-shMkaraabharaNamu,TELUGU,2014-10-16,https://waytochurch.com/lyrics/song/2670,409,522
2671,yaesu kreesthu mathasthuao dan,యేసు క్రీస్తు మతస్థుఁ డనఁగా నె,మేడికాయల సాధువు,Andhra Kristava Keerthanalu,క్రైస్తవ లక్షణము,ragam: శంకరాభరణము-shMkaraabharaNamu,TELUGU,2014-10-16,https://waytochurch.com/lyrics/song/2671,682,840
2672,yaesuprabhukai saakshulevareva,యేసుప్రభుకై సాక్షులెవరెవరో ఎవ్,చెట్టి భానుమూర్తి,Andhra Kristava Keerthanalu,యేసునకు సాక్షులు,ragam: ఆనందభైరవి-aanMdhabhairavi,TELUGU,2014-10-16,https://waytochurch.com/lyrics/song/2672,852,1087
2673,,,నబీన్ చారింగ్ కూల్డ్,Andhra Kristava Keerthanalu,Onward Christian Soldiers,,TELUGU,,https://waytochurch.com/lyrics/song/2673,445,537
2674,,,జార్జి డఫీల్డ్,Andhra Kristava Keerthanalu,"Stand up, Stand up for Jesus",,TELUGU,,https://waytochurch.com/lyrics/song/2674,404,505
2675,smthoashimpare priyulaaraa yae,సంతోషింపరె ప్రియులారా యేసుని చ,ఏ బి  మాసిలామణి,Andhra Kristava Keerthanalu,రక్షణానందము,ragam: కళ్యాణి-kaLyaaNi,TELUGU,2014-10-16,https://waytochurch.com/lyrics/song/2675,1099,1408
2676,naa yaesu naa yaathma balamaa,నా యేసు నా యాత్మ బలమా నీదు గ,,Andhra Kristava Keerthanalu,రక్షణ పొందిన పాపి,ragam: ఆనందభైరవి-aanMdhabhairavi,TELUGU,2014-10-16,https://waytochurch.com/lyrics/song/2676,803,1036
2677,,నీ కన్న నిఁక వేరే వేల్పులు లేర,రావూరి లక్ష్మీనరసయ్య,Andhra Kristava Keerthanalu,యేసే రక్షకుఁడు,ragam: సావేరి-saavaeri,TELUGU,2014-10-16,https://waytochurch.com/lyrics/song/2677,652,837
2678,velugunu rakshna karthayunagun,వెలుగును రక్షణ కర్తయునగునా బలమ,రావి జాన్ సుందరరావు,Andhra Kristava Keerthanalu,యేసు నా రక్షకుడు,ragam: ముఖారి-mukhaari,TELUGU,2014-10-16,https://waytochurch.com/lyrics/song/2678,693,856
2679,naenu kreesthu prabhuni jaeri,నేను క్రీస్తు ప్రభుని జేరి నేన,సి  రవివర్మ,Andhra Kristava Keerthanalu,క్రీస్తుని బోలియుందును,ragam: బేహాగ్-baehaag,TELUGU,2014-10-16,https://waytochurch.com/lyrics/song/2679,604,720
2680,,,ఫిలిఫ్ బ్లిస్,Andhra Kristava Keerthanalu,Sing them over again to me,,TELUGU,,https://waytochurch.com/lyrics/song/2680,340,423
2681,,,జి ఎఫ్ రూట్,Andhra Kristava Keerthanalu,Come to the Saviour,,TELUGU,,https://waytochurch.com/lyrics/song/2681,344,429
2682,saakshya michchedha svaami yae,సాక్ష్య మిచ్చెద స్వామి యేసు దే,మల్లెల దావీదు,Andhra Kristava Keerthanalu,క్రైస్తవ సాక్ష్యము,ragam: హిందూస్థాని ముఖారి-hiMdhoosThaani mukhaari,TELUGU,2014-10-16,https://waytochurch.com/lyrics/song/2682,842,1045
2683,naa yaathma lemmu sidhdhamu,నా యాత్మ లెమ్ము సిద్ధము కమ్మ,పంతగాని పరదేశి,Andhra Kristava Keerthanalu,"నా ఆత్మా, మేలుకొమ్ము",ragam: ముఖారి-mukhaari,TELUGU,2014-10-16,https://waytochurch.com/lyrics/song/2683,564,709
2684,laelemmu kraisthavuaodaa neelo,లేలెమ్ము క్రైస్తవుఁడా నీలో మేల,పురుషోత్తము చౌదరి,Andhra Kristava Keerthanalu,క్రైస్తవ యుద్ధప్రేరణము,ragam: శహన-shahan,TELUGU,2014-10-16,https://waytochurch.com/lyrics/song/2684,526,633
2685,aela chimtha yaela vmtha yicha,ఏల చింత యేల వంత యిచట నీకు క్రై,మేడికాయల సాధువు,Andhra Kristava Keerthanalu,క్రీస్తు మనల నెన్నఁడు విడువఁడు,ragam: నాట-naat,TELUGU,2014-10-16,https://waytochurch.com/lyrics/song/2685,647,803
2686,dhaevaa vembadimchithi nee na,దేవా వెంబడించితి నీ నామమున్ జ,ఎ బి మాసిలామణి,Andhra Kristava Keerthanalu,క్రీస్తును వెంబడించుట,,TELUGU,2014-10-16,https://waytochurch.com/lyrics/song/2686,548,687
2687,bhayamaela kraisthavumdaa neev,భయమేల క్రైస్తవుండా నీవిక నపజయమ,జి జాన్ తాతయ్య,Andhra Kristava Keerthanalu,క్రైస్తవుని విజయము,ragam: ఆనందభైరవి-aanMdhabhairavi,TELUGU,2014-10-16,https://waytochurch.com/lyrics/song/2687,601,797
2688,,,హోరేషియో రిక్మండ్ పామర్,Andhra Kristava Keerthanalu,Yield not to temptation,,TELUGU,,https://waytochurch.com/lyrics/song/2688,414,513
2689,painamai yunnaa nayyaa nee paa,పైనమై యున్నా నయ్యా నీ పాదాంబుజ,పురుషోత్తము చౌదరి,Andhra Kristava Keerthanalu,భక్తుని జీవితప్రయాణము,ragam: యదుకులకాంభోజి-yadhukulakaaMbhoaji,TELUGU,2014-10-16,https://waytochurch.com/lyrics/song/2689,1366,1789
2690,,,,Andhra Kristava Keerthanalu,"Whither pilgrims, are you going?",,TELUGU,,https://waytochurch.com/lyrics/song/2690,564,717
2691,vadhdhu manasa budhdhi kurucha,వద్దు మనస బుద్ధి కురుచ పెద్దలక,పురుషోత్తము చౌదరి,Andhra Kristava Keerthanalu,సుబోధ,ragam: మోహన-moahan,TELUGU,2014-10-16,https://waytochurch.com/lyrics/song/2691,791,951
2692,yaesuni korakai yila jeevimche,యేసుని కొరకై యిల జీవించెద భాసు,రావి జాన్ సుందరావు,Andhra Kristava Keerthanalu,యేసుకొరకే జీవింతును,ragam: ముఖారి-mukhaari,TELUGU,2014-10-16,https://waytochurch.com/lyrics/song/2692,1039,1291
2693,vaare mmchi kraisthavulu gadhaa yee l,వారె మంచి క్రైస్తవులు గదా యీ ల,,Andhra Kristava Keerthanalu,మంచి క్రైస్తవుల గుణములు,ragam: ఆనందభైరవి-aanMdhabhairavi,TELUGU,2014-10-16,https://waytochurch.com/lyrics/song/2693,496,616
2694,yaesuni saevimpa dhayachaesith,యేసుని సేవింప దయచేసితివి ప్రేమ,పులిపాక జగన్నాధము,Andhra Kristava Keerthanalu,యేసు భాద్యత,ragam: రేగూప్తి-raegoopthi,TELUGU,2014-10-16,https://waytochurch.com/lyrics/song/2694,581,726
2695,aedhi naa vishraamthi yee loak,ఏది నా విశ్రాంతి యీ లోకమందు నే,పురుషోత్తము చౌదరి,Andhra Kristava Keerthanalu,ఇహలోకము విశ్రాంతి లేనిది,ragam: శుద్ధకాంభోజి-shudhDhakaaMbhoaji,TELUGU,2014-10-16,https://waytochurch.com/lyrics/song/2695,862,1107
2696,,విసుకదే ప్రాణంబు విజ్ఞాని కిలన,పురుషోత్తము చౌదరి,Andhra Kristava Keerthanalu,విజ్ఞాని విసుగు,ragam: శుద్ధకాంభోజి-shudhDhakaaMbhoaji,TELUGU,2014-10-16,https://waytochurch.com/lyrics/song/2696,882,1110
2697,imdhulaedhu niluchu pattanm kr,ఇందులేదు నిలుచు పట్టణం క్రీస్త,జె ఈ షార్మీ,Andhra Kristava Keerthanalu,క్రైస్తవ యాత్రికుఁడు,ragam: తోడి-thoadi,TELUGU,2014-10-16,https://waytochurch.com/lyrics/song/2697,561,702
2698,loakamu vaarella loakuvao jooc,లోకము వారెల్ల లోకువఁ జూచిన లోప,పురుషోత్తము చౌదరి,Andhra Kristava Keerthanalu,లోకము క్రీస్తుకు సాటిరాదు,ragam: మారువ-maaruv,TELUGU,2014-10-16,https://waytochurch.com/lyrics/song/2698,970,1220
2699,ghanamaina kreesthu krupao gan,ఘనమైన క్రీస్తు కృపఁ గనుగొంటి న,యేసుదాసు నర్సయ్య,Andhra Kristava Keerthanalu,క్రీస్తునందు ఆనందించుట,ragam: బిలహరి-bilahari,TELUGU,2014-10-16,https://waytochurch.com/lyrics/song/2699,795,1038
2700,manasaanmdhamuao bomdhuta kann,మనసానందముఁ బొందుట కన్నను మరి య,పురుషోత్తము చౌదరి,Andhra Kristava Keerthanalu,మనశ్శాంతియే మహా భాగ్యము,ragam: సౌరాష్ట్ర-sauraaShtr,TELUGU,2014-10-16,https://waytochurch.com/lyrics/song/2700,725,935
2701,,,శారా ఫ్లవర్ ఆడమ్స్,Andhra Kristava Keerthanalu,"Nearer, my God t Thee",,TELUGU,,https://waytochurch.com/lyrics/song/2701,437,558
2702,,,,Andhra Kristava Keerthanalu,When upon life's billows,,TELUGU,,https://waytochurch.com/lyrics/song/2702,542,682
2703,oa maa thmdri needhu naamamu n,ఓ మా తండ్రి నీదు నామము నిత్య మ,విలియం డానన్,Andhra Kristava Keerthanalu,ప్రభు ప్రార్థన,ragam: ఆనందభైరవి-aanMdhabhairavi,TELUGU,2014-10-16,https://waytochurch.com/lyrics/song/2703,621,764
2704,ninnu naenu viduvanu dhaeva ne,నిన్ను నేను విడువను దేవ నీవు న,పులిపాక జగన్నాధము,Andhra Kristava Keerthanalu,'నీవు నన్ను ఆశీర్వదింపని యెడల నిన్ను వెళ్లనియ్యను',ragam: తోడి-thoadi,TELUGU,2014-10-16,https://waytochurch.com/lyrics/song/2704,840,1023
2705,vina rammu yaesu naadhuaoda na,విన రమ్ము యేసు నాధుఁడ నా మనవి,జోనయా బర్డర్,Andhra Kristava Keerthanalu,ప్రార్థన,ragam: జంఝూటి-jMjhooti,TELUGU,2014-10-16,https://waytochurch.com/lyrics/song/2705,713,884
2706,praarthana vinedi paavanudaa p,ప్రార్థన వినెడి పావనుడా ప్రార్,,Andhra Kristava Keerthanalu,ఆదర్శ ప్రార్థన,,TELUGU,2014-10-16,https://waytochurch.com/lyrics/song/2706,513,643
2707,,,విలియం వాల్ఫోర్డ్,Andhra Kristava Keerthanalu,Sweet Hour of Prayer,,TELUGU,,https://waytochurch.com/lyrics/song/2707,690,880
2708,,,ఎలిజబెత్ కాడ్నర్,Andhra Kristava Keerthanalu,"Lord, I hear of showes of blessing",,TELUGU,,https://waytochurch.com/lyrics/song/2708,541,664
2709,,,,Andhra Kristava Keerthanalu,There shall be showers of Blessing,,TELUGU,,https://waytochurch.com/lyrics/song/2709,398,500
2710,,,ఫ్రాన్సెస్ జేన్వేన్ ఆల్ష్టీన్,Andhra Kristava Keerthanalu,"Pass me not, O Gentle Savior",,TELUGU,,https://waytochurch.com/lyrics/song/2710,349,421
2711,dhaasula praarthana dhappaka y,దాసుల ప్రార్థన దప్పక యెసఁగెడు,పురుషోత్తము చౌదరి,Andhra Kristava Keerthanalu,"అడుగుడి, మీ కీయబడును",ragam: పంతువరాళి-pMthuvaraaLi,TELUGU,2014-10-16,https://waytochurch.com/lyrics/song/2711,498,654
2712,parama nmdhumdedu maa parama j,పరమ నందుండెడు మా పరమ జనక నీదు,మల్లెల దావీదు,Andhra Kristava Keerthanalu,ప్రభు ప్రార్థన,ragam: కేదార-kaedhaar,TELUGU,2014-10-16,https://waytochurch.com/lyrics/song/2712,378,491
2713,aalimchu dhaevaa naa manavula,ఆలించు దేవా నా మనవుల నాలించు ద,పులిపాక జగన్నాధము,Andhra Kristava Keerthanalu,కృప కొరకు ప్రార్థన,ragam: శ్రీరాగము-shreeraagamu,TELUGU,2014-10-16,https://waytochurch.com/lyrics/song/2713,504,636
2714,dhaevaa sahaayamu nimmaa jeevm,దేవా సహాయము నిమ్మా జీవంపు టూటల,మిక్కిలి దేవసహాయము,Andhra Kristava Keerthanalu,దైవసహాయము కొరకు ప్రార్థన,ragam: నాధనామక్రియ-naaDhanaamakriy,TELUGU,2014-10-16,https://waytochurch.com/lyrics/song/2714,659,850
2715,nannu ao gannayya raave naa ya,నన్ను ఁ గన్నయ్య రావె నా యేసు న,పురుషోత్తము చౌదరి,Andhra Kristava Keerthanalu,క్రీస్తునందలి అభయము,ragam: హుసేని-husaeni,TELUGU,2014-10-16,https://waytochurch.com/lyrics/song/2715,615,760
2716,karunaapeetamu jaerarae dhaevu,కఱుణాపీఠము జేరరే దేవుని కృపా చ,ఏ బి మాసిలామణి,Andhra Kristava Keerthanalu,ఆదర్శ ప్రార్థనలు,ragam: కమాసు-kamaasu,TELUGU,2014-10-16,https://waytochurch.com/lyrics/song/2716,897,1174
2717,yaesu paraloaka naayaka suvi s,యేసు పరలోక నాయక సువి శేష సుఫల,రావూరి లక్ష్మయ్య,Andhra Kristava Keerthanalu,భక్తుని ఆసక్తి,ragam: కాంభోజి-kaaMbhoaji,TELUGU,2014-10-16,https://waytochurch.com/lyrics/song/2717,677,858
2718,naa yaesu naadhaa nanuao jooda,నా యేసు నాధా ననుఁ జూడవే నా జీవ,పులిపాక జగన్నాధము,Andhra Kristava Keerthanalu,సహాయము కొరకు ప్రార్థన,ragam: రేగూప్తి-raegoopthi,TELUGU,2014-10-16,https://waytochurch.com/lyrics/song/2718,834,1069
2719,vishvaasamuthoa vaeaodedi vaar,విశ్వాసముతో వేఁడెడి వారికి విశ,ఎ జకర్యా,Andhra Kristava Keerthanalu,విశ్వాస ప్రార్థన,ragam: సౌరాష్ట్ర-sauraaShtr,TELUGU,2014-10-16,https://waytochurch.com/lyrics/song/2719,758,953
2720,vishvaasa phlithamulu vishadha,విశ్వాస ఫలితములు విశదమ్ముగా నీ,మురారి దావీదు,Andhra Kristava Keerthanalu,విశ్వాస ఫలితములు,ragam: జంఝూటి-jMjhooti,TELUGU,2014-10-16,https://waytochurch.com/lyrics/song/2720,963,1189
2721,smdhiyamu veedavae naa manasaa,సందియము వీడవే నా మనసా యా నందము,పురుషోత్తము చౌదరి,Andhra Kristava Keerthanalu,విశ్వాసమువలని విశ్రాంతి,ragam: మారువ-maaruv,TELUGU,2014-10-16,https://waytochurch.com/lyrics/song/2721,974,1224
2722,vishvaasamae vijayamu vinu pri,విశ్వాసమే విజయము విను ప్రియుఁడ,మురారి దావీదు,Andhra Kristava Keerthanalu,విశ్వాస విజయము,ragam: కమాను-kamaanu,TELUGU,2014-10-16,https://waytochurch.com/lyrics/song/2722,818,1019
2723,,,రే పామర్,Andhra Kristava Keerthanalu,My faith look up to Thee,,TELUGU,,https://waytochurch.com/lyrics/song/2723,419,516
2724,nee charanamulae nammithi nee,నీ చరణములే నమ్మితి నీ పాదములే,,Andhra Kristava Keerthanalu,క్రీస్తును ఆశ్రయించుట,ragam: శహన-shahan,TELUGU,2014-10-16,https://waytochurch.com/lyrics/song/2724,681,874
2725,dhinadhinamuku dhikku neevae m,దినదినముకు దిక్కు నీవే మా దేవు,గొల్లపల్లి నతానియేలు,Andhra Kristava Keerthanalu,దేవుఁడే మన దిక్కు,ragam: ఖరహరప్రియ-kharaharapriy,TELUGU,2014-10-16,https://waytochurch.com/lyrics/song/2725,802,1018
2726,paadudhunu kreesthu paera padh,పాడుదును క్రీస్తు పేర పదము నెం,అల్లారి పెదవీరాస్వామి,Andhra Kristava Keerthanalu,క్రీస్తు పేరటఁ బాడుట,ragam: ఆనందభైరవి-aanMdhabhairavi,TELUGU,2014-10-16,https://waytochurch.com/lyrics/song/2726,863,1114
2727,jadiyakumu nae nae yunnaanani,జడియకుము నే నే యున్నానని కడు న,బేతాళ జాన్,Andhra Kristava Keerthanalu,కష్టకాలమందు నోదార్పు,ragam: ముఖారి-mukhaari,TELUGU,2014-10-16,https://waytochurch.com/lyrics/song/2727,857,1100
2728,dhaevuaodae naa kaashraymbu dh,దేవుఁడే నా కాశ్రయంబు దివ్యమైన,పంతగాని పరదేశి,Andhra Kristava Keerthanalu,దేవుఁడే మన యాశ్రయము,ragam: శంకరాభరణము-shMkaraabharaNamu,TELUGU,2014-10-16,https://waytochurch.com/lyrics/song/2728,776,1044
2729,manasu nichchi vinumaa madhi n,మనసు నిచ్చి వినుమా మది ననుసరిం,చెట్టి భానుమూర్తి,Andhra Kristava Keerthanalu,క్రీస్తుని వెంబడించుట,ragam: కమాను-kamaanu,TELUGU,2014-10-16,https://waytochurch.com/lyrics/song/2729,629,835
2730,,,జోసెఫ్ మెడ్లికాట్ స్త్రీవెన్,Andhra Kristava Keerthanalu,What a friend we have in jesus,,TELUGU,,https://waytochurch.com/lyrics/song/2730,607,790
2731,,,చార్లెస్ వెస్లీ,Andhra Kristava Keerthanalu,"Jesus, Lover of my soul",,TELUGU,,https://waytochurch.com/lyrics/song/2731,619,737
2732,,,బర్నార్డ్ మాన్సెల,Andhra Kristava Keerthanalu,Rest of the weary,,TELUGU,,https://waytochurch.com/lyrics/song/2732,375,461
2733,,,జాన్ మేసన్ నీ,Andhra Kristava Keerthanalu,"Art thou weary, art thou languid?",,TELUGU,,https://waytochurch.com/lyrics/song/2733,402,486
2734,emdhu kae chimthimchedhavu naa,ఎందు కే చింతించెదవు నా డెందమా,పురుషోత్తము చౌదరి,Andhra Kristava Keerthanalu,క్రీస్తు ఎన్నటికి విడనాడు వాఁడు కాఁడు,ragam: సావేరి-saavaeri,TELUGU,2014-10-16,https://waytochurch.com/lyrics/song/2734,1091,1361
2735,manamee manumee manasa nee van,మనమీ మనుమీ మనస నీ వనుదినము యేస,సి జేమ్సు,Andhra Kristava Keerthanalu,ప్రభుని హత్తుకొనుట,ragam: జంఝూటి-jMjhooti,TELUGU,2014-10-16,https://waytochurch.com/lyrics/song/2735,939,1220
2736,dhaeva dhaasapaalaka raajaa ra,దేవ దాసపాలక రాజా రావే జీవముల ప,,Andhra Kristava Keerthanalu,మన రాజగు క్రీస్తు,ragam: శంకరాభరణము-shMkaraabharaNamu,TELUGU,2014-10-16,https://waytochurch.com/lyrics/song/2736,581,747
2737,ennadu nedaobaaya nae koladhi,ఎన్నడు నెడఁబాయ నే కొలది విడనా,పులిపాక జగన్నాధము,Andhra Kristava Keerthanalu,దేవుఁడు తన పరిశుద్ధులను ఎన్నడు నెడబాయఁడు,ragam: శంకరాభరణము-shMkaraabharaNamu,TELUGU,2014-10-16,https://waytochurch.com/lyrics/song/2737,420,520
2738,jeevamaa chimthimchakumdu ninn,జీవమా చింతించకుండు నిన్నుఁ గావ,మిక్కిలి సమూయేలు,Andhra Kristava Keerthanalu,రేపటిని గూర్చి చింతింపకుము,ragam: నాధనామక్రియ-naaDhanaamakriy,TELUGU,2014-10-16,https://waytochurch.com/lyrics/song/2738,573,740
2739,bhayamu nomdhakumu kraisthava,భయము నొందకుము క్రైస్తవ సహోదర య,విలియం డానన్,Andhra Kristava Keerthanalu,క్రైస్తవాదరణ,ragam: ముఖారి-mukhaari,TELUGU,2014-10-16,https://waytochurch.com/lyrics/song/2739,882,1130
2740,yaesunaadhuni saeva yipudu maa,యేసునాధుని సేవ యిపుడు మాకబ్బెన,,Andhra Kristava Keerthanalu,క్రైస్తవుల నిర్భయము,ragam: ముఖారి-mukhaari,TELUGU,2014-10-16,https://waytochurch.com/lyrics/song/2740,660,849
2741,veruvanaela manasaa kreesthuni,వెరువనేల మనసా క్రీస్తుని వేఁడవ,,Andhra Kristava Keerthanalu,క్రైస్తవ నిర్భయము,ragam: నాధనామక్రియ-naaDhanaamakriy,TELUGU,2014-10-16,https://waytochurch.com/lyrics/song/2741,785,982
2742,oa dhaeva naenu nee dhaapuna n,ఓ దేవ నేను నీ దాపున నుండెదన్ న,మత్తయి సమూయేలు,Andhra Kristava Keerthanalu,దైవసన్నిధి,ragam: యదుకులకాంభోజి-yadhukulakaaMbhoaji,TELUGU,2014-10-16,https://waytochurch.com/lyrics/song/2742,639,824
2743,yaesu karuna yidhiyae maa shar,యేసు కరుణ యిదియే మా శరణు యేసు,మిక్కిలి సమూయేలు,Andhra Kristava Keerthanalu,క్రీస్తు కరుణయం దాశ్రయించుట,ragam: ముఖారి-mukhaari,TELUGU,2014-10-16,https://waytochurch.com/lyrics/song/2743,324,405
2744,sharanuao jochchithi yaesunaad,శరణుఁ జొచ్చితి యేసునాధుఁడ శక్త,మిక్కిలి సమూయేలు,Andhra Kristava Keerthanalu,యేసు శరణుజొచ్చుట,ragam: కేదారగౌళ-kaedhaaragauL,TELUGU,2014-10-16,https://waytochurch.com/lyrics/song/2744,491,642
2745,yehoava naa kaapari yiaokao go,యెహోవ నా కాపరి యిఁకఁ గొదు వేమి,మల్లెల సొలొమోను జార్జి,Andhra Kristava Keerthanalu,మంచికాపరి,ragam: కమాసు-kamaasu,TELUGU,2014-10-16,https://waytochurch.com/lyrics/song/2745,608,774
2746,sarvashakthuaoda nirmalaathmua,సర్వశక్తుఁడ నిర్మలాత్ముఁడ సర్వ,చదలవాడ జోనా,Andhra Kristava Keerthanalu,యేసు సర్వశక్తుడు,ragam: జంఝూటి-jMjhooti,TELUGU,2014-10-16,https://waytochurch.com/lyrics/song/2746,813,1043
2747,sharanu sharanu yaesu dhaevaa,శరణు శరణు యేసు దేవా నన్నుఁ గరు,మిక్కిలి సమూయేలు,Andhra Kristava Keerthanalu,యేసు మన యాశ్రయము,ragam: సావేరి-saavaeri,TELUGU,2014-10-16,https://waytochurch.com/lyrics/song/2747,865,1135
2748,,,ఫ్రాన్సెస్ రిడ్లీ హవర్గల్,Andhra Kristava Keerthanalu,"Master, speak, Thy servant hearth",,TELUGU,,https://waytochurch.com/lyrics/song/2748,455,577
2749,naa rakshkuni vembadimthu nannitan,నా రక్షకుని వెంబడింతు నన్నిటన్,విలియం ఆర్కట్ కషింగ్,Andhra Kristava Keerthanalu,Down in the valley,,TELUGU,2014-10-16,https://waytochurch.com/lyrics/song/2749,459,560
2750,,,ఏనీ షెర్పుడ్ హాక్స్,Andhra Kristava Keerthanalu,I need Thee every hour,,TELUGU,,https://waytochurch.com/lyrics/song/2750,408,499
2751,,,జాన్ హెన్రీ న్యూమేన్,Andhra Kristava Keerthanalu,"Lead, Kindly Light",,TELUGU,,https://waytochurch.com/lyrics/song/2751,387,466
2752,,,విలియం విలియమ్స్,Andhra Kristava Keerthanalu,"Guide me, O Thou Great Jehovah",,TELUGU,,https://waytochurch.com/lyrics/song/2752,381,468
2753,komdala thattu naeao goarketho,కొండల తట్టు నేఁ గోర్కెతోడ నాదు,మల్లెల దావీదు,Andhra Kristava Keerthanalu,దైవసహాయము,ragam: మధ్యమావతి-maDhyamaavathi,TELUGU,2014-10-16,https://waytochurch.com/lyrics/song/2753,749,922
2754,,,నికొలాస్ జింజెండార్ఫ్,Andhra Kristava Keerthanalu,"Jesus, still lead on",,TELUGU,,https://waytochurch.com/lyrics/song/2754,381,472
2755,,,జె ఎచ్ గిల్మోర్,Andhra Kristava Keerthanalu,"He leadeth me, O blessed thought",,TELUGU,,https://waytochurch.com/lyrics/song/2755,416,538
2756,,,ఓకబ్ చేంబర్లేన్,Andhra Kristava Keerthanalu,"Saviour, like a Shepherd lead us",,TELUGU,,https://waytochurch.com/lyrics/song/2756,486,589
2757,neevu thoadai yunnaojaalu yaes,నీవు తోడై యున్నఁజాలు యేసు నిత్,పులిపాక జగన్నాధము,Andhra Kristava Keerthanalu,యేసు తోడైయున్నఁ జాలును,ragam: బిలహరి-bilahari,TELUGU,2014-10-16,https://waytochurch.com/lyrics/song/2757,614,764
2758,neevae naa priyuaodavu yaesu p,నీవే నా ప్రియుఁడవు యేసు ప్రభు,పులిపాక జగన్నాధము,Andhra Kristava Keerthanalu,యేసుని ప్రేమ,ragam: ముఖారి-mukhaari,TELUGU,2014-10-16,https://waytochurch.com/lyrics/song/2758,572,719
2759,oa dhaevaa nannuao broava need,ఓ దేవా నన్నుఁ బ్రోవ నీదె భార మ,ఎస్ ఎస్ షేతు,Andhra Kristava Keerthanalu,దేవుని నాశ్రయించుట,ragam: కాపి-kaapi,TELUGU,2014-10-16,https://waytochurch.com/lyrics/song/2759,453,600
2760,naadha yaesu naadha kreesthu n,నాధ యేసు నాధ క్రీస్తు నాధ నేనన,పసుపులేటి దావీదు,Andhra Kristava Keerthanalu,క్రీస్తు విశ్వాసుల కాశ్రయము,ragam: ఖరహరప్రియ-kharaharapriy,TELUGU,2014-10-16,https://waytochurch.com/lyrics/song/2760,563,783
2761,naakai cheelina yuga yugamula,నాకై చీలిన యుగ యుగముల శిల ముక్,తటవర్తి నారాయణస్వామి,Andhra Kristava Keerthanalu,యేసు మన ఆశ్రయ రక్షకుఁడు,ragam: ముఖారి-mukhaari,TELUGU,2014-10-16,https://waytochurch.com/lyrics/song/2761,760,976
2762,mukthiao ganarae mee manmbula,ముక్తిఁ గనరే మీ మనంబుల శక్తిగల,,Andhra Kristava Keerthanalu,ముక్తిఁ గనుట,ragam: భూపాళము-bhoopaaLamu,TELUGU,2014-10-16,https://waytochurch.com/lyrics/song/2762,789,967
2763,yaesoo naa yaathma rakshkumda,యేసూ నా యాత్మ రక్షకుండ నన్ను వ,మత్తయి సమూయేలు,Andhra Kristava Keerthanalu,యేసు నా ఆత్మ ప్రియుఁడు,ragam: ఆనందభైరవి-aanMdhabhairavi,TELUGU,2014-10-16,https://waytochurch.com/lyrics/song/2763,910,1169
2764,yaesu naamm beththi paadudhama,యేసు నామం బెత్తి పాడుదమ క్రీస్,పురుషోత్తము చౌదరి,Andhra Kristava Keerthanalu,క్రైస్తవానుభవము,ragam: శంకరాభరణము-shMkaraabharaNamu,TELUGU,2014-10-16,https://waytochurch.com/lyrics/song/2764,771,1008
2765,yaesu bhakthavarulathoa ni vaa,యేసు భక్తవరులతో ని వాసముందమ యే,డేవిడ్ లైటన్,Andhra Kristava Keerthanalu,క్రీస్తు దాసుల సహవాసము,ragam: బేహాగ్-baehaag,TELUGU,2014-10-16,https://waytochurch.com/lyrics/song/2765,631,844
2766,maa yaesu kreesthuni maruaogu,మా యేసు క్రీస్తుని మఱుఁగు గల్గ,పురుషోత్తము చౌదరి,Andhra Kristava Keerthanalu,క్రీస్తునందు ఆనందించుట,ragam: ముఖారి-mukhaari,TELUGU,2014-10-16,https://waytochurch.com/lyrics/song/2766,969,1217
2767,yaesunu choochuta yennatikoa p,యేసును చూచుట యెన్నటికో పర వాసు,,Andhra Kristava Keerthanalu,పరభాగ్యము కొరకు ఎదురుచూచుట,ragam: శ్రీరాగము-shreeraagamu,TELUGU,2014-10-16,https://waytochurch.com/lyrics/song/2767,791,1041
2768,vaechiyumtini nee thattu yaesu,వేచియుంటిని నీ తట్టు యేసువమేము,బూల జాన్,Andhra Kristava Keerthanalu,పరలోక నిరీక్షణ,ragam: కమాసు-kamaasu,TELUGU,2014-10-16,https://waytochurch.com/lyrics/song/2768,746,932
2769,jeevamu poavagan dhaevuni sann,జీవము పోవగన్ దేవుని సన్నిధి జీ,బర్నార్డ్ లూకాస్,Andhra Kristava Keerthanalu,క్రైస్తవునిమరణము,ragam: అఠాణ-aTaaN,TELUGU,2014-10-16,https://waytochurch.com/lyrics/song/2769,424,535
2770,nidhurao boayinatti nee paadha,నిదురఁ బోయినట్టి నీ పాద సేవకున,పులిపాక జగన్నాధము,Andhra Kristava Keerthanalu,భూస్థాపనము,ragam: అసావేరి-asaavaeri,TELUGU,2014-10-16,https://waytochurch.com/lyrics/song/2770,1009,1324
2771,maranamunaku vijaya maedhi mar,మరణమునకు విజయ మేది మరణ మోడిపోయ,తూలూరి కొర్నేలియస్,Andhra Kristava Keerthanalu,విశ్వాసి పునరుత్ధానముEaster,ragam: యదుకులకాంభోజి-yadhukulakaaMbhoaji,TELUGU,2014-10-16,https://waytochurch.com/lyrics/song/2771,708,925
2772,laechu dhinamu vachchunu mruth,లేచు దినము వచ్చును మృతు లెల్ల,మేడికాయల సాధువు,Andhra Kristava Keerthanalu,పునరుత్థాన దినముEaster,ragam: పంతువరాళి-pMthuvaraaLi,TELUGU,2014-10-16,https://waytochurch.com/lyrics/song/2772,1152,1509
2773,,,,Andhra Kristava Keerthanalu,When the trumpet of the Lord shall sound,,TELUGU,,https://waytochurch.com/lyrics/song/2773,491,616
2774,,,ఫ్రాన్సెస్ జీన్వేన్ ఆల్స్టీన్,Andhra Kristava Keerthanalu,Safe in the arms of Jesus,,TELUGU,,https://waytochurch.com/lyrics/song/2774,456,572
2775,,,,Andhra Kristava Keerthanalu,There's a land that is fairer than day,,TELUGU,,https://waytochurch.com/lyrics/song/2775,338,440
2776,,,విలియం వాల్షాం హో,Andhra Kristava Keerthanalu,For all the saints,,TELUGU,,https://waytochurch.com/lyrics/song/2776,460,576
2777,shrumgaara dhvaarmbu maa yaesu,శృంగార ద్వారంబు మా యేసు మోక్ష,తూపిలి యోహాను,Andhra Kristava Keerthanalu,క్రీస్తు మోక్ష ద్వారము,ragam: తోడి-thoadi,TELUGU,2014-10-16,https://waytochurch.com/lyrics/song/2777,359,464
2778,dhaevadhaevuni goppa puramu pa,దేవదేవుని గొప్ప పురము పరలోకానం,తూపిలి దానియేలు,Andhra Kristava Keerthanalu,మోక్ష వర్ణన,ragam: శహన-shahan,TELUGU,2014-10-16,https://waytochurch.com/lyrics/song/2778,848,1100
2779,yehoavaa maa thmdri gaaaoda ya,యెహోవా మా తండ్రి గాఁడ యేసుఁడు,పురుషోత్తము చౌదరి,Andhra Kristava Keerthanalu,మన బంధువులు,ragam: నవరోజు-navaroaju,TELUGU,2014-10-16,https://waytochurch.com/lyrics/song/2779,771,947
2780,,,హెలెస్ లక్ష్మి గోరె,Andhra Kristava Keerthanalu,In the secret of His Presence,,TELUGU,,https://waytochurch.com/lyrics/song/2780,448,578
2781,goppa dhaeva naaku thmdrivi ya,గొప్ప దేవ నాకు తండ్రివి యాకాశమ,పులిపాక జగన్నాథము,Andhra Kristava Keerthanalu,నీవు నా తండ్రివి,ragam: ఆనందభైరవి -aanMdhabhairavi,TELUGU,2014-10-16,https://waytochurch.com/lyrics/song/2781,797,988
2782,ghanuaodaina yehoavaa gadhdhe,ఘనుఁడైన యెహోవా గద్దె ముందట మీర,విలియం డాసన్,Andhra Kristava Keerthanalu,సృష్టికర్త స్తుతి,ragam: కాంభోజి -kaaMbhoaji,TELUGU,2014-10-16,https://waytochurch.com/lyrics/song/2782,855,1113
2783,,,జాన్ చౌధరి,Andhra Kristava Keerthanalu,అనంత సహాయుడగు దేవుడు,ragam: శహన -shahana,TELUGU,,https://waytochurch.com/lyrics/song/2783,650,861
2784,parimapuri kalpabhooja niratha,పరిమపురి కల్పభూజ నిరత భూనరుల ప,పాలపర్తి యాకోబు,Andhra Kristava Keerthanalu,త్ర్యేక దేవునికి స్తుతి,ragam: శంకరాభరణము (చాయః అన్నామన యేసు)-shMkaraabharaNamu (chaayH annaamana yaesu),TELUGU,2014-10-16,https://waytochurch.com/lyrics/song/2784,494,657
2785,emtha praemimchenoa dhaevuaodu,ఎంత ప్రేమించెనో దేవుఁడు మనపై న,చదలవాడ జకర్యా,Andhra Kristava Keerthanalu,దేవుని ప్రేమ,ragam: సురటి -surati,TELUGU,2014-10-16,https://waytochurch.com/lyrics/song/2785,770,996
2786,dhaevuni goppa praemanu kalmbu,దేవుని గొప్ప ప్రేమను కలంబు,అనుః ఏ బి  మాసిలామణి,Andhra Kristava Keerthanalu,The Love of God,,TELUGU,2014-10-16,https://waytochurch.com/lyrics/song/2786,525,642
2787,,,చార్లెస్ వెస్లీ,Andhra Kristava Keerthanalu,"Love Divine, all love excelling",,TELUGU,,https://waytochurch.com/lyrics/song/2787,479,574
2788,,,కార్ల్ బోబెర్గ్,Andhra Kristava Keerthanalu,How Great Thou Art,,TELUGU,,https://waytochurch.com/lyrics/song/2788,525,667
2789,rammu shree yaesoo sammathi na,రమ్ము శ్రీ యేసూ సమ్మతి నాదు మన,యేసుదాసు జీవరత్నము,Andhra Kristava Keerthanalu,పరిశుద్ధత కొరకు ప్రార్థించుట,ragam: రేగుప్తి-raegupthi,TELUGU,2014-10-16,https://waytochurch.com/lyrics/song/2789,620,784
2790,vimala hrudhaya mimmu vidhithm,విమల హృదయ మిమ్ము విదితంబు నిను,ఆల్ఫ్రెడ్ త్యాగరాజు పామర్,Andhra Kristava Keerthanalu,పవిత్ర హృదయము కొరకు ప్రార్థన,ragam: శంకరాభరణము-shMkaraabharaNamu,TELUGU,2014-10-16,https://waytochurch.com/lyrics/song/2790,713,945
2791,smpoorna parishudhdhi nimmu sa,సంపూర్ణ పరిశుద్ధి నిమ్ము సత్య,ఎస్ బి సైమస్,Andhra Kristava Keerthanalu,పరిశుద్ధత కొరకు ప్రార్థన,ragam: నాధనామక్రియ-naaDhanaamakriy,TELUGU,2014-10-16,https://waytochurch.com/lyrics/song/2791,855,1052
2792,thanuvu naa dhidhigoa gai konu,తనువు నా దిదిగో గై కొనుమీ యో ప,ముంగమూరి దేవదాసు,Andhra Kristava Keerthanalu,స్వసమర్పణము,ragam: యదుకులకాంభోజి-yadhukulakaaMbhoaji,TELUGU,2014-10-16,https://waytochurch.com/lyrics/song/2792,815,1037
2793,,,ఎ ఎ పొల్లార్,Andhra Kristava Keerthanalu,Have Thine own Way Lord,,TELUGU,,https://waytochurch.com/lyrics/song/2793,515,615
2794,,,ఫ్రాన్సెస్ రిడ్లీ హవగ్గల్,Andhra Kristava Keerthanalu,"Take my life, and let it be",,TELUGU,,https://waytochurch.com/lyrics/song/2794,455,554
2795,sarvachiththmbu needhaenayyaa,సర్వచిత్తంబు నీదేనయ్యా స్వరూపమ,ఎ చార్లెస్ కిన్సింగర్,Andhra Kristava Keerthanalu,నీ చిత్తమే సిద్ధించు ప్రభూ,ragam: శంకరాభరణం-shMkaraabharaNM,TELUGU,2014-10-16,https://waytochurch.com/lyrics/song/2795,625,778
2796,,,ఫ్రాన్సెస్ రిడ్లీ హవర్గల్,Andhra Kristava Keerthanalu,Thy life was given for me,,TELUGU,,https://waytochurch.com/lyrics/song/2796,505,617
2797,,,ఫ్రాన్సెస్ రిడ్లీ హవర్గల్,Andhra Kristava Keerthanalu,I gave my Life for Thee,,TELUGU,,https://waytochurch.com/lyrics/song/2797,519,637
2798,,,ఫ్రాన్సెస్ జేన్వేన్ ఆల్స్టీన్,Andhra Kristava Keerthanalu,"I am Thine, O Lord, I have heard Thy voice",,TELUGU,,https://waytochurch.com/lyrics/song/2798,475,592
2799,,,,Andhra Kristava Keerthanalu,All of Jesus I surrender,,TELUGU,,https://waytochurch.com/lyrics/song/2799,460,570
2800,naavanni ymgeekarimchumee dhae,నావన్ని యంగీకరించుమీ దేవా నన్న,పులిపాక జగన్నాధము,Andhra Kristava Keerthanalu,సమర్పణము,ragam: సౌరాష్ట్ర-sauraaShtr,TELUGU,2014-10-16,https://waytochurch.com/lyrics/song/2800,755,949
2801,jeevithaamthamu varaku neekae,జీవితాంతము వరకు నీకే సేవ సల్పు,సి డి శుభామణి,Andhra Kristava Keerthanalu,సమర్పణ గీతము,ragam: యమునాకళ్యాణి-yamunaakaLyaaNi,TELUGU,2014-10-16,https://waytochurch.com/lyrics/song/2801,692,862
2802,shree yehoavaa nee kosmgedha s,శ్రీ యెహోవా నీ కొసంగెద శ్రేయ మ,వేశపోగు గుల్బానమ్మ,Andhra Kristava Keerthanalu,సంపూర్ణ సమర్పణము,ragam: యమన్-yaman,TELUGU,2014-10-16,https://waytochurch.com/lyrics/song/2802,525,657
2803,jyoathiga mamu jaeyumoa dhaeva,జ్యోతిగ మము జేయుమో దేవా యీ లోక,పి డి శుభామణి,Andhra Kristava Keerthanalu,జ్యోతిగ మము జేయుము,ragam: ఆనందభైరవి-aanMdhabhairavi,TELUGU,2014-10-16,https://waytochurch.com/lyrics/song/2803,874,1098
2804,naenu nee vaaaodanu dhaevaa ni,నేను నీ వాఁడను దేవా నిక్కంబుగ,పులిపాక జగన్నాధము,Andhra Kristava Keerthanalu,నేను నీ సేవకుఁడను,ragam: ముఖారి-mukhaari,TELUGU,2014-10-16,https://waytochurch.com/lyrics/song/2804,528,656
2805,yaesu naa siluva neththi yipp,యేసు నా సిలువ నెత్తి యిప్పుడు,వంతగాని పరదేశి,Andhra Kristava Keerthanalu,Good Friday నా సిలువ,ragam: బిలహరి-bilahari,TELUGU,2014-10-16,https://waytochurch.com/lyrics/song/2805,782,945
2806,srushtipithaa sarvoannathaa sa,సృష్టిపితా సర్వోన్నతా సమర్పింత,డి వి డానియల్,Andhra Kristava Keerthanalu,సమర్పణ,ragam: యమునాకళ్యాణి-yamunaakaLyaaNi,TELUGU,2014-10-16,https://waytochurch.com/lyrics/song/2806,705,888
2807,konumu maa hrudhaymbu lanu nee,కొనుము మా హృదయంబు లను నీకర్పిం,మాధవభక్తుల దావీదు,Andhra Kristava Keerthanalu,సమర్పణ ప్రార్థన,ragam: ముఖారి-mukhaari,TELUGU,2014-10-16,https://waytochurch.com/lyrics/song/2807,1426,1832
2808,smthasmbuna vaththu sarvaeshva,సంతసంబున వత్తు సర్వేశ్వరుని చి,మొలతాటి విద్యానందము,Andhra Kristava Keerthanalu,క్రైస్తవ సేవ,ragam: సావేరి-saavaeri,TELUGU,2014-10-16,https://waytochurch.com/lyrics/song/2808,617,816
2809,lemmu thaejarillumu neeku velu,లెమ్ము తేజరిల్లుము నీకు వెలుగు,తూలూరి ప్రకాశము,Andhra Kristava Keerthanalu,లెమ్ము తేజరిల్లుము,ragam: కళ్యాణి-kaLyaaNi,TELUGU,2014-10-16,https://waytochurch.com/lyrics/song/2809,537,661
2810,karunaayuthm baukaaryamulu kan,కఱుణాయుతం బౌకార్యములు కనబడవలెగ,జొన్నకూటి దానియేలు,Andhra Kristava Keerthanalu,కఱుణాయుత కార్యములు,ragam: మోహన-moahan,TELUGU,2014-10-16,https://waytochurch.com/lyrics/song/2810,694,888
2811,,,కె షా,Andhra Kristava Keerthanalu,Sowing in the morning,,TELUGU,,https://waytochurch.com/lyrics/song/2811,405,499
2812,,,ఫ్రాన్సెస్ జేన్వేన్ ఆల్స్టీన్,Andhra Kristava Keerthanalu,"Rescue the perishing, care for the dying",,TELUGU,,https://waytochurch.com/lyrics/song/2812,479,583
2813,,,,Andhra Kristava Keerthanalu,To the work! To the work!!,,TELUGU,,https://waytochurch.com/lyrics/song/2813,544,692
2814,,,,Andhra Kristava Keerthanalu,"Go, preach my Gospel",,TELUGU,,https://waytochurch.com/lyrics/song/2814,566,754
2815,,,,Andhra Kristava Keerthanalu,Must I go and empty handed,,TELUGU,,https://waytochurch.com/lyrics/song/2815,444,575
2816,shree yaesuni vaeaodu manasaa,శ్రీ యేసుని వేఁడు మనసా సేవింపవ,బునమల్ల బెంజమిన్,Andhra Kristava Keerthanalu,క్రీస్తు కొరకు సేవ,ragam: ఖరహరప్రియ-kharaharapriy,TELUGU,2014-10-16,https://waytochurch.com/lyrics/song/2816,553,700
2817,prabhu saeva kidhiyae samaymbu,ప్రభు సేవ కిదియే సమయంబు ప్రజల,,Andhra Kristava Keerthanalu,సేవ కిదే యుక్త సమయము,ragam: సౌరాష్ట్ర-sauraaShtr,TELUGU,2014-10-16,https://waytochurch.com/lyrics/song/2817,847,1100
2818,evaru kreesthu vaipu nunnaaru,ఎవరు క్రీస్తు వైపు నున్నారు ఎవ,టి గురవయ్య,Andhra Kristava Keerthanalu,ఎవరు ప్రభుని పక్షమున నున్నారు?,ragam: యదుకులకాంభోజి-yadhukulakaaMbhoaji,TELUGU,2014-10-16,https://waytochurch.com/lyrics/song/2818,401,496
2819,chaatuaodi shubhavaarthanu boa,చాటుఁడి శుభవార్తను బోధకులారా చ,పులిపాక జగన్నాధము,Andhra Kristava Keerthanalu,సువార్త ప్రకటన,ragam: హరికాంభోజి-harikaaMbhoaji,TELUGU,2014-10-16,https://waytochurch.com/lyrics/song/2819,651,810
2820,aathmalanu smpaadhimpao nagu a,ఆత్మలను సంపాదింపఁ నగు ఆత్మ బలమ,మల్లెల దావీదు,Andhra Kristava Keerthanalu,ఆత్మల సంపాదనము,ragam: ముఖారి-mukhaari,TELUGU,2014-10-16,https://waytochurch.com/lyrics/song/2820,781,1013
2821,jayaprabhu yaesune vembadimchu,జయప్రభు యేసునె వెంబడించుచు జయమ,ఎ  చార్లెస్ కిన్సింగర్,Andhra Kristava Keerthanalu,యేసును వెంబడించుము,ragam: శంకరాభరణము-shMkaraabharaNamu,TELUGU,2014-10-16,https://waytochurch.com/lyrics/song/2821,770,998
2822,bhaaramainadhi saeva maranamu,భారమైనది సేవ మరణము కన్న భారమైన,కేసానపల్లి అబ్రహాము,Andhra Kristava Keerthanalu,సువార్త సేవాభారము,ragam: ఆనందభైరవి-aanMdhabhairavi,TELUGU,2014-10-16,https://waytochurch.com/lyrics/song/2822,834,1107
2823,yehoavayae naa mahaadhaevuaoda,యెహోవయే నా మహాదేవుఁడని బహుగ నె,జుటికె దావీదు,Andhra Kristava Keerthanalu,"దేవుని పనియు, మనుష్యుని పనియు",ragam: గౌళిపంతు-gauLipMthu,TELUGU,2014-10-16,https://waytochurch.com/lyrics/song/2823,887,1163
2824,vaaru bhaagyavmthu laudhuru bh,వారు భాగ్యవంతు లౌదురు భూ లోకమం,విలియం డాసన్,Andhra Kristava Keerthanalu,ధన్యతలు,ragam: భైరవి-bhairavi,TELUGU,2014-10-16,https://waytochurch.com/lyrics/song/2824,723,928
2825,chaalunu loaka bhoagamulu chaa,చాలును లోక భోగములు చాలును చాలు,బేతాళ జాన్,Andhra Kristava Keerthanalu,లోక సౌఖ్యత్యజనము,ragam: పున్నాగ-punnaag,TELUGU,2014-10-16,https://waytochurch.com/lyrics/song/2825,789,984
2826,padharae soadharulaara pammapu,పదరే సోదరులార పమ్మపురిఁజేర మధు,విలియం డానన్,Andhra Kristava Keerthanalu,క్రైస్తవ యాత్ర,ragam: బిలహరి-bilahari,TELUGU,2014-10-16,https://waytochurch.com/lyrics/song/2826,1105,1442
2827,paradhaeshula moa priyulaaraa,పరదేశుల మో ప్రియులారా మన పుర మ,గొల్లపల్లి నతానియేలు,Andhra Kristava Keerthanalu,జీవిత యాత్ర,ragam: ముఖారి-mukhaari,TELUGU,2014-10-16,https://waytochurch.com/lyrics/song/2827,727,944
2828,,పోపోవే యో లోకమా చాలిఁకఁజాలు నీ,పురుషోత్తము ఛౌదరి,Andhra Kristava Keerthanalu,లోక విసర్జనము,ragam: బిలహరి-bilahari,TELUGU,2014-10-16,https://waytochurch.com/lyrics/song/2828,678,847
2829,sakalaemdhriyamulaaraa chaala,సకలేంద్రియములారా చాల మీ పని దీ,పురుషోత్తము చౌదరి,Andhra Kristava Keerthanalu,భక్తుని వృద్ధాప్యము,ragam: సావేరి-saavaeri,TELUGU,2014-10-16,https://waytochurch.com/lyrics/song/2829,1948,2484
2830,aedhiyadhi yaedhiyadhi yaedhir,ఏదియది యేదియది యేదిరా మన దేశము,మిక్కిలి సమూయేలు,Andhra Kristava Keerthanalu,మోక్షాపేక్ష,ragam: జంఝూటి-jMjhooti,TELUGU,2014-10-16,https://waytochurch.com/lyrics/song/2830,670,897
2831,svmthathra raajym prabhuraajym,స్వంతత్ర రాజ్యం ప్రభురాజ్యం స్,ఈ డి నిత్యానందము,Andhra Kristava Keerthanalu,మోక్ష రాజ్యము,,TELUGU,2014-10-16,https://waytochurch.com/lyrics/song/2831,699,878
2832,,,చార్లెస్ హోమర్ గాబ్రియేల్,Andhra Kristava Keerthanalu,When all my labours,,TELUGU,,https://waytochurch.com/lyrics/song/2832,472,609
2833,emthoa shrumgaara mainadhi yae,ఎంతో శృంగార మైనది యేసుని చరిత,పురుషోత్తము చౌదరి,Andhra Kristava Keerthanalu,"గుమ్మములారా, మీ తలలు పైకెత్తుకొనుడి",ragam: ముఖారి-mukhaari,TELUGU,2014-10-16,https://waytochurch.com/lyrics/song/2833,1523,2016
2834,paramuloana baramuloanao paapa,పరములోన బరములోనఁ పాప మేమి లేదు,గొల్లపల్లి నతానియేలు,Andhra Kristava Keerthanalu,పరలోక భాగ్యము,ragam: జంఝూటి-jMjhooti,TELUGU,2014-10-16,https://waytochurch.com/lyrics/song/2834,567,721
2835,parishudhdhi parishudhdhi pari,పరిశుద్ధి పరిశుద్ధి పరిశుద్ధి,పురుషోత్తము చౌదరి,Andhra Kristava Keerthanalu,పరిశుద్ధుల ప్రకాశత,ragam: మారువ-maaruv,TELUGU,2014-10-16,https://waytochurch.com/lyrics/song/2835,918,1204
2836,parishudhdhm parishudhdhm pari,పరిశుద్ధం పరిశుద్ధం పరిశుద్ధం,తూలూరి కొర్నేలియస్,Andhra Kristava Keerthanalu,మోక్ష నివాసము,ragam: అసావేరి-asaavaeri,TELUGU,2014-10-16,https://waytochurch.com/lyrics/song/2836,945,1214
2837,mahima mahima mahima yanuchu s,మహిమ మహిమ మహిమ యనుచు శిశువులు,విలియం బెర్రి,Andhra Kristava Keerthanalu,పిల్లల మోక్షగానము,ragam: ఆనందభైరవి-aanMdhabhairavi,TELUGU,2014-10-16,https://waytochurch.com/lyrics/song/2837,640,835
2838,paramaedhaesha midhigoa nootha,పరమేదేశ మిదిగో నూతన యెరూస లేమద,మేడికాయల సాధువు,Andhra Kristava Keerthanalu,పరమ యెరుషలేము,ragam: బంగాలాఝురి-bMgaalaajhuri,TELUGU,2014-10-16,https://waytochurch.com/lyrics/song/2838,1101,1475
2839,vimdhu parammdhuaobemdli vimdh,విందు పరమందుఁబెండ్లి విందు పరమ,బేతాళ జాన్,Andhra Kristava Keerthanalu,పరలోకపు విందు,ragam: జంఝూటి-jMjhooti,TELUGU,2014-10-16,https://waytochurch.com/lyrics/song/2839,577,728
2840,chakkani paraloaka smbmdhulath,చక్కని పరలోక సంబంధులతో గూడి సం,చదలవాడ జకర్యా,Andhra Kristava Keerthanalu,పరలోక వర్ణన,ragam: శహన-shahan,TELUGU,2014-10-16,https://waytochurch.com/lyrics/song/2840,817,1024
2841,dhaevara broavumaa dheena kutu,దేవర బ్రోవుమా దీన కుటుంబమున్ ద,చెట్టి భానుముర్తి,Andhra Kristava Keerthanalu,కుటుంబారాధన,ragam: కురంజి-kurMji,TELUGU,2014-10-16,https://waytochurch.com/lyrics/song/2841,545,698
2842,prabhuvugan prathishtimparae g,ప్రభువుగన్ ప్రతిష్టింపరే గృహము,సి విజయ చార్లెస్,Andhra Kristava Keerthanalu,క్రీస్తును గృహమున ప్రతిష్టించుట,ragam: శహన-shahan,TELUGU,2014-10-16,https://waytochurch.com/lyrics/song/2842,651,804
2843,yaesukreesthuni dhaasulaaraa m,యేసుక్రీస్తుని దాసులారా మీ సుత,సి విజయ చార్లెస్,Andhra Kristava Keerthanalu,క్రైస్తవ గృహము,ragam: బిలహరి-bilahari,TELUGU,2014-10-16,https://waytochurch.com/lyrics/song/2843,553,700
2844,yehoava ymdhu bhakthi bahuga g,యెహోవ యందు భక్తి బహుగ గలిగియుం,వేశపోగు గుల్బానమ్మ,Andhra Kristava Keerthanalu,మాదిరి కుటుంబము,ragam: ఖరహరప్రియ-kharaharapriy,TELUGU,2014-10-16,https://waytochurch.com/lyrics/song/2844,381,473
2845,naenunu naa yimtivaarunu neeth,నేనును నా యింటివారును నీతి సూర,ఏ చార్లెస్ కిన్సింగర్,Andhra Kristava Keerthanalu,క్రైస్తవుని ప్రతిజ్ఞ,ragam: యమునా కళ్యాణి-yamunaa kaLyaaNi,TELUGU,2014-10-16,https://waytochurch.com/lyrics/song/2845,930,1177
2846,rammu rammu maa yimtiki thmdre,రమ్ము రమ్ము మా యింటికి తండ్రీ,ఇ జి ఆనందము,Andhra Kristava Keerthanalu,క్రైస్తవ గృహము,ragam: కాంభోజి-kaaMbhoaji,TELUGU,2014-10-16,https://waytochurch.com/lyrics/song/2846,465,588
2847,emthoa ramymbainadhi bhoothala,ఎంతో రమ్యంబైనది భూతలమందు ఎంతో,ఎం ఆనందము,Andhra Kristava Keerthanalu,క్రైస్తవ గృహము,ragam: శంకరాభరణము-shMkaraabharaNamu,TELUGU,2014-10-16,https://waytochurch.com/lyrics/song/2847,793,987
2848,yaesuthoa teevigaanu poadhamaa,యేసుతో ఠీవిగాను పోదమా అడ్డుగా,ఏ సి కిన్సింగర్,Andhra Kristava Keerthanalu,ఉత్సవ గానము,ragam: యమునా కళ్యాణి-yamunaa kaLyaaNi,TELUGU,2014-10-16,https://waytochurch.com/lyrics/song/2848,567,732
2849,,,,Andhra Kristava Keerthanalu,O Chirstians leagued together,,TELUGU,,https://waytochurch.com/lyrics/song/2849,444,554
2850,,,,Andhra Kristava Keerthanalu,Be not swift to take offence,,TELUGU,,https://waytochurch.com/lyrics/song/2850,319,393
2851,maelukoni yika laechi yaesuni,మేలుకొని యిక లేచి యేసుని మేలుల,చెట్టి భానుమూర్తి,Andhra Kristava Keerthanalu,మేలుకొలుపు,ragam: భూపాలము-bhoopaalamu,TELUGU,2014-10-16,https://waytochurch.com/lyrics/song/2851,610,766
2852,dhaevaadhi dhaevaathmajaa mamm,దేవాది దేవాత్మజా మమ్ము దీవించు,పురుషోత్తము చౌదరి,Andhra Kristava Keerthanalu,యువజనుల క్రీస్తునందు సంతోషించుట,ragam: సారంగ-saarMg,TELUGU,2014-10-16,https://waytochurch.com/lyrics/song/2852,747,983
2853,bhaartha kraisthava yuvajanula,భార్త క్రైస్తవ యువజనులారా ప్రభ,చెట్టి భానుమూర్తి,Andhra Kristava Keerthanalu,క్రైస్తవ యువజనులారా క్రీస్తు కొరకు నిలువండి,ragam: బేహాగ్-baehaag,TELUGU,2014-10-16,https://waytochurch.com/lyrics/song/2853,586,776
2854,dhaaniyaelvale saahasimchudi y,దానియేల్వలె సాహసించుడి యొంటరిగ,బూదాల లైమన్,Andhra Kristava Keerthanalu,ధైర్యమునకుఁ బ్రేరేపణ,ragam: యదుకులకాంభోజి-yadhukulakaaMbhoaji,TELUGU,2014-10-16,https://waytochurch.com/lyrics/song/2854,700,889
2855,yaesuvale ila naenumdedhanu ya,యేసువలె ఇల నేనుండెదను యేసువలెన,పి విజయ చార్లెస్,Andhra Kristava Keerthanalu,యేసువలె జీవించుట,ragam: ముఖారి-mukhaari,TELUGU,2014-10-16,https://waytochurch.com/lyrics/song/2855,600,739
2856,oa kraisthava yuvakaa nijammth,ఓ క్రైస్తవ యువకా నిజమంతయు గనుమ,బొంతా నతానియేలు,Andhra Kristava Keerthanalu,యువజనులకు క్రీస్తు ఆహ్వానము,,TELUGU,2014-10-16,https://waytochurch.com/lyrics/song/2856,356,469
2857,baalakaa nee varthanamu gaa pa,బాలకా నీ వర్తనము గా పాడుకొని జ,దాసరి మోజెస్,Andhra Kristava Keerthanalu,బాలల ప్రవర్తన,ragam: యదుకులకాంభోజి-yadhukulakaaMbhoaji,TELUGU,2014-10-16,https://waytochurch.com/lyrics/song/2857,929,1224
2858,,,,Andhra Kristava Keerthanalu,I want to be like Jesus,,TELUGU,,https://waytochurch.com/lyrics/song/2858,449,541
2859,chaethuleththi vmdhanamulu cha,చేతులెత్తి వందనములు చేతు మిపుడ,నరెళ్ల సమూయేలు సుబ్బయ్య,Andhra Kristava Keerthanalu,యేసునకు స్తుతి,ragam: ముఖారి-mukhaari,TELUGU,2014-10-16,https://waytochurch.com/lyrics/song/2859,493,608
2860,okka manuju derushlaemunumdi y,ఒక్క మనుజు డెరుషలేమునుండి యెరి,జి జాన్ తాతయ్య,Andhra Kristava Keerthanalu,మంచి సమరయ్యుడు,ragam: శంకరాభరణము-shMkaraabharaNamu,TELUGU,2014-10-16,https://waytochurch.com/lyrics/song/2860,586,723
2861,vaaru dhanyu laina pillalu bho,వారు ధన్యు లైన పిల్లలు భూలోకమం,జాన్ హే,Andhra Kristava Keerthanalu,ధన్యులయిన పిల్లలు,ragam: ముఖారి-mukhaari,TELUGU,2014-10-16,https://waytochurch.com/lyrics/song/2861,788,994
2862,anukarimchedha nae nanudhinamu,అనుకరించెద నే ననుదినమును బాలుఁ,మల్లెల దావీదు,Andhra Kristava Keerthanalu,ఆదర్శుల ననుకరించుట,ragam: హిందూస్థాని ముఖారి-hiMdhoosThaani mukhaari,TELUGU,2014-10-16,https://waytochurch.com/lyrics/song/2862,1039,1347
2863,,,దేవుఁడు బలే మంచివాఁడు ధరణిని బాలించువాఁడు ఈవుల నిచ్చువా,Andhra Kristava Keerthanalu,దేవుఁడు మంచివాఁడు,ragam: బిలహరి-bilahari,TELUGU,,https://waytochurch.com/lyrics/song/2863,300,383
2864,hallelooya nee kallelooya chal,హల్లెలూయ నీ కల్లెలూయ చల్లఁగా ర,,Andhra Kristava Keerthanalu,క్రైస్తవానందము,ragam: మోహన-moahan,TELUGU,2014-10-16,https://waytochurch.com/lyrics/song/2864,367,436
2865,aa chinna vaariloa naenumdi yu,ఆ చిన్న వారిలో నేనుండి యున్న న,తూపిలి యోహాను,Andhra Kristava Keerthanalu,చిన్న పిల్లలను నిషేదింపవద్దు,ragam: సురటి-surati,TELUGU,2014-10-16,https://waytochurch.com/lyrics/song/2865,645,800
2866,yaesuboali mmchibudhdhi yemthoa prae,యేసుబోలి మంచిబుద్ధి యెంతో ప్రే,పి విజయ చార్లెస్,Andhra Kristava Keerthanalu,యేసును అనుకరించుట,ragam: శంకరాభరణము-shMkaraabharaNamu,TELUGU,2014-10-16,https://waytochurch.com/lyrics/song/2866,383,497
2867,,,,Andhra Kristava Keerthanalu,Blessed are the Sons of God,,TELUGU,,https://waytochurch.com/lyrics/song/2867,376,468
2868,ae dhaeshasthulamaina ae jaath,ఏ దేశస్థులమైన ఏ జాతి మనదైన యేస,సి విజయ చార్లెస్,Andhra Kristava Keerthanalu,క్రీస్తునందు బాలలు ఒక్కటే,ragam: యదుకులకాంభోజి-yadhukulakaaMbhoaji,TELUGU,2014-10-16,https://waytochurch.com/lyrics/song/2868,362,474
2869,kalvariyunnmtha dhoorm vellenu,కల్వరియున్నంత దూరం వెళ్లెను నా,ఎవిలిన్ ప్రీస్ట్,Andhra Kristava Keerthanalu,Good Friday యేసు నా కొరకు ప్రాణమిచ్చెను,,TELUGU,2014-10-16,https://waytochurch.com/lyrics/song/2869,751,926
2870,chinnabiddala vinnapamula nenn,చిన్నబిడ్డల విన్నపముల నెన్నడైన,,Andhra Kristava Keerthanalu,స్తుతి గానము,ragam: జంఝూటి-jMjhooti,TELUGU,2014-10-16,https://waytochurch.com/lyrics/song/2870,454,556
2871,kanyaa garbhamuna butti karuna,కన్యా గర్భమున బుట్టి కరుణగల్గు,మిక్కిలి దేవసహాయము,Andhra Kristava Keerthanalu,ఏలపాట,ragam: శంకరాభరణము-shMkaraabharaNamu,TELUGU,2014-10-16,https://waytochurch.com/lyrics/song/2871,558,705
2872,baala yaesuni joodarae karu na,బాల యేసుని జూడరే కరు ణాల వాలని,చెట్టి భానుమూర్తి,Andhra Kristava Keerthanalu,అభినయ క్రిస్మస్ గీతము,,TELUGU,2014-10-16,https://waytochurch.com/lyrics/song/2872,539,686
2873,chinna paraloakamanna mana hrudhaym anna,చిన్న పరలోకమన్న మన హృదయం అన్న,ఓగిరాల గాబ్రియేలు,Andhra Kristava Keerthanalu,చిన్న పరలోకము,,TELUGU,2014-10-16,https://waytochurch.com/lyrics/song/2873,253,313
2874,,,,Andhra Kristava Keerthanalu,Jesus Gentle Saviour,,TELUGU,,https://waytochurch.com/lyrics/song/2874,229,269
2875,aasheervaadhamu neeyuma maa pa,ఆశీర్వాదము నీయుమ మా పరమజనక యాశ,తూలూరి ప్రకాశము,Andhra Kristava Keerthanalu,బాలల జన్మ దినోత్సవము,ragam: కమాసు-kamaasu,TELUGU,2014-10-16,https://waytochurch.com/lyrics/song/2875,773,994
2876,,,సెసిల్ ఫ్రాన్సెస్ అలెగ్జాండర్,Andhra Kristava Keerthanalu,We are but little Children,,TELUGU,,https://waytochurch.com/lyrics/song/2876,434,523
2877,,,ఎమిలి హంటింగ్టవ్ మిల్లర్,Andhra Kristava Keerthanalu,Jesus bids us shine,,TELUGU,,https://waytochurch.com/lyrics/song/2877,340,407
2878,,,అన్న చార్ట్లెట్ హర్నర్,Andhra Kristava Keerthanalu,"Jesus loves me, this I know",,TELUGU,,https://waytochurch.com/lyrics/song/2878,297,362
2879,jaym jaym hallelooya jaym jaya,జయం జయం హల్లెలూయ జయం జయ మిప్పు,ఎబిలిన్ ప్రీష్టి,Andhra Kristava Keerthanalu,యేసు నామమునకు జయము,,TELUGU,2014-10-16,https://waytochurch.com/lyrics/song/2879,338,410
2880,baalakula vinnapamu laalimchu,బాలకుల విన్నపము లాలించు రక్షకా,,Andhra Kristava Keerthanalu,బాలల విన్నపము,ragam: కురంజి-kurMji,TELUGU,2014-10-16,https://waytochurch.com/lyrics/song/2880,403,525
2881,raajaa naa dhaevaa nannu gaava,రాజా నా దేవా నన్ను గావ రావే ప్,జి పెద సమూయేలు,Andhra Kristava Keerthanalu,బాల ప్రార్థన,ragam: జంఝూటి-jMjhooti,TELUGU,2014-10-16,https://waytochurch.com/lyrics/song/2881,364,454
2882,yaesunaadhaa raaraaraa maa jee,యేసునాధా రారారా మా జీవనాధా రార,ఫిలిప్ బెంజమిన్,Andhra Kristava Keerthanalu,"యేసునాధా, రమ్ము",ragam: శహన-shahan,TELUGU,2014-10-16,https://waytochurch.com/lyrics/song/2882,330,408
2883,pilla naina nannuao joodumee p,పిల్ల నైన నన్నుఁ జూడుమీ ప్రియ,పులిపాక జగన్నాధము,Andhra Kristava Keerthanalu,బాల ప్రార్థన,ragam: ముఖారి-mukhaari,TELUGU,2014-10-16,https://waytochurch.com/lyrics/song/2883,821,1021
2884,dhaeva kaavavae naedu mammulan,దేవ కావవే నేడు మమ్ములన్ నీవెరా,,Andhra Kristava Keerthanalu,ఉదయ ప్రార్థన,,TELUGU,2014-10-16,https://waytochurch.com/lyrics/song/2884,276,350
2885,dhaevakaavavae raathri mammula,దేవకావవే రాత్రి మమ్ములన్ నీవె,,Andhra Kristava Keerthanalu,సాయంకాల ప్రార్థన,,TELUGU,2014-10-16,https://waytochurch.com/lyrics/song/2885,269,342
2886,ghana bhava dhupakruthu lanu m,ఘన భవ దుపకృతు లను మాటికి నే వి,మిక్కిలి నమూయేలు,Andhra Kristava Keerthanalu,ప్రభువైన యేసునకు స్తుతి,ragam: ఆనందభైరవి-aanMdhabhairavi,TELUGU,2014-10-16,https://waytochurch.com/lyrics/song/2886,428,592
2887,vijayageethamul paadarae krees,విజయగీతముల్ పాడరే క్రీస్తునకు,అల్లారి పెదవీరాస్వామి,Andhra Kristava Keerthanalu,రక్షకునియందలి విజయము,ragam: శహన-shahan,TELUGU,2014-10-16,https://waytochurch.com/lyrics/song/2887,740,947
2888,yaesu bhajanayae manalanu aa s,యేసు భజనయే మనలను ఆ సుగతికిఁ దీ,విలియం డాసన్,Andhra Kristava Keerthanalu,క్రీస్తు సేవా సాఫల్యత,ragam: జంఝూటి-jMjhooti,TELUGU,2014-10-16,https://waytochurch.com/lyrics/song/2888,498,652
2889,choodumu gethsemanae thoataloa,చూడుము గెత్సెమనే తోటలో నా ప్రభ,,Andhra Kristava Keerthanalu,,,TELUGU,2014-10-16,https://waytochurch.com/lyrics/song/2889,655,865
2890,jaya jaya yaesu jayayaesu jaya,జయ జయ యేసు జయయేసు జయజయ క్రీస్త,,Andhra Kristava Keerthanalu,,,TELUGU,2014-10-16,https://waytochurch.com/lyrics/song/2890,719,943
2891,jaya vijayamani paadudhamaa ja,జయ విజయమని పాడుదమా జయ విజయుడగు,,Andhra Kristava Keerthanalu,,,TELUGU,2014-10-16,https://waytochurch.com/lyrics/song/2891,256,323
2892,jeevithammtha nee praemagaanm,జీవితమంత నీ ప్రేమగానం ప్రణుతిం,,Andhra Kristava Keerthanalu,,,TELUGU,2014-10-16,https://waytochurch.com/lyrics/song/2892,546,703
2893,tharatharaalaloa yugayugaalal,తరతరాలలో యుగయుగాలలో జగజగాలలో,,Andhra Kristava Keerthanalu,,,TELUGU,2014-10-16,https://waytochurch.com/lyrics/song/2893,269,343
2894,dhayachaeyumu paapakshmaa dhay,దయచేయుము పాపక్షమా దయచేయుము పాప,,Andhra Kristava Keerthanalu,,,TELUGU,2014-10-16,https://waytochurch.com/lyrics/song/2894,270,333
2895,,,,Andhra Kristava Keerthanalu,,,TELUGU,,https://waytochurch.com/lyrics/song/2895,430,573
2896,dhaevudu manaku ellappudu thoa,దేవుడు మనకు ఎల్లప్పుడు తోడుగను,,Andhra Kristava Keerthanalu,,,TELUGU,2014-10-16,https://waytochurch.com/lyrics/song/2896,729,928
2897,dhaevuniki sthoathramu gaanamu,దేవునికి స్తోత్రము గానము చేయుట,,Andhra Kristava Keerthanalu,,,TELUGU,2014-10-16,https://waytochurch.com/lyrics/song/2897,1090,1367
2898,dhaevuni vaarasulm praema niva,దేవుని వారసులం ప్రేమ నివాసులము,,Andhra Kristava Keerthanalu,,,TELUGU,2014-10-16,https://waytochurch.com/lyrics/song/2898,913,1210
2899,dhaevuni sthuthiyimchudi ellap,దేవుని స్తుతియించుడి ఎల్లప్పుడ,,Andhra Kristava Keerthanalu,,,TELUGU,2014-10-16,https://waytochurch.com/lyrics/song/2899,573,734
2900,dhorakuthaavuraa sahoadharaa,దొరకుతావురా సహోదరా దొరుకుతావు,,Andhra Kristava Keerthanalu,,,TELUGU,2014-10-16,https://waytochurch.com/lyrics/song/2900,1044,1354
2901,nadipimchu naanaava nadismdhra,నడిపించు నానావ నడిసంద్రమున దేవ,,Andhra Kristava Keerthanalu,,,TELUGU,2014-10-16,https://waytochurch.com/lyrics/song/2901,1031,1343
2902,nammavadhdhu nammavadhdhu ee m,నమ్మవద్దు నమ్మవద్దు ఈ మాయలోకం,,Andhra Kristava Keerthanalu,,,TELUGU,2014-10-16,https://waytochurch.com/lyrics/song/2902,753,907
2903,,,,Andhra Kristava Keerthanalu,,,TELUGU,,https://waytochurch.com/lyrics/song/2903,527,650
2904,,,,Andhra Kristava Keerthanalu,,,TELUGU,,https://waytochurch.com/lyrics/song/2904,502,658
2905,naa nimiththamaayana mahini sh,నా నిమిత్తమాయన మహిని శ్రమలు పొ,,Andhra Kristava Keerthanalu,,,TELUGU,2014-10-16,https://waytochurch.com/lyrics/song/2905,722,908
2906,,,,Andhra Kristava Keerthanalu,,,TELUGU,,https://waytochurch.com/lyrics/song/2906,481,612
2907,,,,Andhra Kristava Keerthanalu,,,TELUGU,,https://waytochurch.com/lyrics/song/2907,780,994
2908,naa priya yaesunipai aanukoni,నా ప్రియ యేసునిపై ఆనుకొని అరణ్,,Andhra Kristava Keerthanalu,,,TELUGU,2014-10-16,https://waytochurch.com/lyrics/song/2908,638,806
2909,,,,Andhra Kristava Keerthanalu,Easter,,TELUGU,,https://waytochurch.com/lyrics/song/2909,520,660
2910,nee chaethithoa nannu pattukoa,నీ చేతితో నన్ను పట్టుకో నీ ఆత్,,Andhra Kristava Keerthanalu,,,TELUGU,2014-10-16,https://waytochurch.com/lyrics/song/2910,379,483
2911,nae yaesuni vembadimthunani na,నే యేసుని వెంబడింతునని నేడేగా,,Andhra Kristava Keerthanalu,,,TELUGU,2014-10-16,https://waytochurch.com/lyrics/song/2911,478,608
2912,,,,Andhra Kristava Keerthanalu,,,TELUGU,,https://waytochurch.com/lyrics/song/2912,510,647
2913,paadedha dhaeva nee krupalan n,పాడెద దేవ నీ కృపలన్ నూతన గీతము,,Andhra Kristava Keerthanalu,,,TELUGU,2014-10-16,https://waytochurch.com/lyrics/song/2913,767,971
2914,prajalamae vaegame raare nijad,ప్రజలమే వేగమె రారె నిజదైవమును,,Andhra Kristava Keerthanalu,,,TELUGU,2014-10-16,https://waytochurch.com/lyrics/song/2914,489,618
2915,prabhu praema tholikaeka hrudh,ప్రభు ప్రేమ తొలికేక హృదయంలో ప్,,Andhra Kristava Keerthanalu,,,TELUGU,2014-10-16,https://waytochurch.com/lyrics/song/2915,1137,1518
2916,prabhu yaesuni vadhanamuloa na,ప్రభు యేసుని వదనములో నా దేవుని,,Andhra Kristava Keerthanalu,,,TELUGU,2014-10-16,https://waytochurch.com/lyrics/song/2916,545,719
2917,idhigoa nee raaju vachchuchumd,ఇదిగో నీ రాజు వచ్చుచుండె సీయోన,,Andhra Kristava Keerthanalu,,,TELUGU,2014-10-16,https://waytochurch.com/lyrics/song/2917,618,788
2918,prabhuvaa nae ninnu nammi nin,ప్రభువా నే నిన్ను నమ్మి నిన్న,,Andhra Kristava Keerthanalu,,,TELUGU,2014-10-16,https://waytochurch.com/lyrics/song/2918,693,832
2919,praemaamruththadhaaralu chimdh,ప్రేమామృత్తధారలు చిందించిన యేస,,Andhra Kristava Keerthanalu,,,TELUGU,2014-10-16,https://waytochurch.com/lyrics/song/2919,507,658
2920,priyayaesu nirmimchithivi priy,ప్రియయేసు నిర్మించితివి ప్రియమ,,Andhra Kristava Keerthanalu,,,TELUGU,2014-10-16,https://waytochurch.com/lyrics/song/2920,324,407
2921,manulu maanikyamulunnaa maedam,మణులు మాణిక్యములున్నా మేడమిద్ద,,Andhra Kristava Keerthanalu,,,TELUGU,2014-10-16,https://waytochurch.com/lyrics/song/2921,490,568
2922,madhurm madhurm madhurm yaesun,మధురం మధురం మధురం యేసునాధ కథ మ,,Andhra Kristava Keerthanalu,,,TELUGU,2014-10-16,https://waytochurch.com/lyrics/song/2922,731,948
2923,maargamu choopumu imtiki naa t,మార్గము చూపుము ఇంటికి నా తండ్ర,,Andhra Kristava Keerthanalu,Confession,,TELUGU,2014-10-16,https://waytochurch.com/lyrics/song/2923,1023,1271
2924,yehoavaa naa balamaa yadhaarth,యెహోవా నా బలమా యధార్థమైనది నీ,,Andhra Kristava Keerthanalu,Gods Power,,TELUGU,2014-10-16,https://waytochurch.com/lyrics/song/2924,1005,1297
2925,rammanuchunnaa daesuraaju rmdi,రమ్మనుచున్నా డేసురాజు రండి సర్,,Andhra Kristava Keerthanalu,,,TELUGU,2014-10-16,https://waytochurch.com/lyrics/song/2925,417,512
2926,rammu nee tharunamidhae pilac,రమ్ము నీ తరుణమిదే పిలచుచున్నా,,Andhra Kristava Keerthanalu,,,TELUGU,2014-10-16,https://waytochurch.com/lyrics/song/2926,669,829
2927,rmdi rmdi yaesuni yodhdhaku ra,రండి రండి యేసుని యొద్దకు రమ్మన,,Andhra Kristava Keerthanalu,,,TELUGU,2014-10-16,https://waytochurch.com/lyrics/song/2927,598,742
2928,idhiyae samaymbu rmdi yaesuni,ఇదియే సమయంబు రండి యేసుని జేరండ,,Andhra Kristava Keerthanalu,,,TELUGU,2014-10-16,https://waytochurch.com/lyrics/song/2928,861,1077
2929,raeyimpagalu nee padhasaevae y,రేయింపగలు నీ పదసేవే యేసు ప్రభు,,Andhra Kristava Keerthanalu,,,TELUGU,2014-10-16,https://waytochurch.com/lyrics/song/2929,789,1026
2930,,,,Andhra Kristava Keerthanalu,,,TELUGU,,https://waytochurch.com/lyrics/song/2930,916,1163
2931,,,,Andhra Kristava Keerthanalu,,,TELUGU,,https://waytochurch.com/lyrics/song/2931,543,687
2932,evani athikramamulu mannimpaba,ఎవని అతిక్రమములు మన్నింపబడెనో,,Andhra Kristava Keerthanalu,,,TELUGU,2014-10-16,https://waytochurch.com/lyrics/song/2932,730,911
2933,,,ఏ బి మాసిలామణి,Andhra Kristava Keerthanalu,సువార్త సునాదము,,TELUGU,,https://waytochurch.com/lyrics/song/2933,612,806
2934,kreesthae sarvaadhikaari krees,క్రీస్తే సర్వాధికారి క్రీస్తే,రావూరి రత్నము,Andhra Kristava Keerthanalu,యేసే సర్వాధిపతి,,TELUGU,2014-10-16,https://waytochurch.com/lyrics/song/2934,655,822
2935,neevaeyani nammaka yaesunaaku,నీవేయని నమ్మక యేసునాకు నీవేయని,ముంగమూరి దేవదాసు,Andhra Kristava Keerthanalu,యేసే మార్గము,ragam: మోహన-moahan,TELUGU,2014-10-16,https://waytochurch.com/lyrics/song/2935,560,707
2936,kreesthaesu shakthinaamamellaru keer,క్రీస్తేసు శక్తినామమెల్లరు కీర,ఎ  చార్లెస్ కిన్సింగర్,Andhra Kristava Keerthanalu,క్రీస్తే రారాజు,ragam: శంకరాభరణం-shMkaraabharaNM,TELUGU,2014-10-16,https://waytochurch.com/lyrics/song/2936,798,968
2937,,,జాన్ స్యూటన్,Andhra Kristava Keerthanalu,How Sweet the Name of Jesus Sounds,,TELUGU,,https://waytochurch.com/lyrics/song/2937,430,542
2938,,,ఎల్ చాక్ట్సర్,Andhra Kristava Keerthanalu,Take the Name of Jesus with you,,TELUGU,,https://waytochurch.com/lyrics/song/2938,394,496
2939,yaesu naamaamruthamu kannanu v,యేసు నామామృతము కన్నను వేరే మాక,గొల్లవల్లి నతానియేలు,Andhra Kristava Keerthanalu,వేరొక నామమున రక్షణ లేదు,ragam: యమునా కల్యాణి-yamunaa kalyaaNi,TELUGU,2014-10-16,https://waytochurch.com/lyrics/song/2939,499,636
2940,yaesu naama memthoa madhurm ya,యేసు నామ మెంతో మధురం యేసు నామ,పురుషోత్తము చౌధరి,Andhra Kristava Keerthanalu,యేసు నామము మధురము,ragam: మారవ-maarav,TELUGU,2014-10-16,https://waytochurch.com/lyrics/song/2940,445,565
2941,yaesu naamamae paavanamu maaku,యేసు నామమే పావనము మాకు యేసు గద,పురుషోత్తమ చౌధరి,Andhra Kristava Keerthanalu,యేసు నామము పావనము,ragam: ఆనందభైరవి-aanMdhabhairavi,TELUGU,2014-10-16,https://waytochurch.com/lyrics/song/2941,576,731
2942,yaesae bhagavannaamm bhajimpa,యేసే భగవన్నామం భజింపను యేసే,పి  రవివర్మ,Andhra Kristava Keerthanalu,యేసు నామస్మరణ,ragam: అవసావేరి-avasaavaeri,TELUGU,2014-10-16,https://waytochurch.com/lyrics/song/2942,409,545
2943,yaesu nee naamaamruthamu maa k,యేసు నీ నామామృతము మా కెంతో రుచ,యోసేపు దానియేలు,Andhra Kristava Keerthanalu,యేసునామ మాధుర్యము,ragam: కాంభోజి-kaaMbhoaji,TELUGU,2014-10-16,https://waytochurch.com/lyrics/song/2943,567,732
2944,varanaamamae sharanamu sharana,వరనామమే శరణము శరణము క్రీస్తు వ,విలియం డాసన్,Andhra Kristava Keerthanalu,క్రీస్తు నామమే మన శరణము,ragam: శ్రీ రాగము-shree raagamu,TELUGU,2014-10-16,https://waytochurch.com/lyrics/song/2944,499,653
2945,shree yaesu dhivya naamasmaran,శ్రీ యేసు దివ్య నామస్మరణ చేయవే,వంతగాని పరదేశి,Andhra Kristava Keerthanalu,యేసు నామస్మరణ,ragam: హిందుస్థాని కాపి-hiMdhusThaani kaapi,TELUGU,2014-10-16,https://waytochurch.com/lyrics/song/2945,1056,1374
2946,raaraajagu yaesuninaamm ramymb,రారాజగు యేసునినామం రమ్యంబగు దే,పి  రవివర్మ,Andhra Kristava Keerthanalu,రారాజగు యేసు,ragam: బేహాగ్-baehaag,TELUGU,2014-10-16,https://waytochurch.com/lyrics/song/2946,413,518
2947,dhaevuni praema yidhigoa janul,దేవుని ప్రేమ యిదిగో జనులార భావ,గొల్లపల్లి నతానియేలు,Andhra Kristava Keerthanalu,క్రీస్తునందు ప్రత్యక్షమైన దేవుని ప్రేమ,ragam: ఆనందభైరవి-aanMdhabhairavi,TELUGU,2014-10-16,https://waytochurch.com/lyrics/song/2947,1704,2139
2948,seeyoanukanyaa smbhramapaduchu,సీయోనుకన్యా సంభ్రమపడుచు వేయుము,,Andhra Kristava Keerthanalu,ఇదిగో నీ రాజు నీ యొద్దకు వచ్చుచున్నాడు,ragam: యమునాకళ్యాణి-yamunaakaLyaaNi,TELUGU,2014-10-16,https://waytochurch.com/lyrics/song/2948,574,723
2949,dhraakshaavallini naenu dhraak,ద్రాక్షావల్లిని నేను ద్రాక్షాత,ఎం జే  రామాంజులు,Andhra Kristava Keerthanalu,"ద్రాక్షావల్లి, తీగెలు",ragam: శంకరాభరణము-shMkaraabharaNamu,TELUGU,2014-10-16,https://waytochurch.com/lyrics/song/2949,635,793
2950,idhigoa shubhadha rakshnamu dh,ఇదిగో శుభద రక్షణము దేవుఁడు పంప,పురుషోత్తమ చౌధరి,Andhra Kristava Keerthanalu,క్రీస్తుని గూర్చి ప్రవచనములు,ragam: పంతువరాళి-pMthuvaraaLi,TELUGU,2014-10-16,https://waytochurch.com/lyrics/song/2950,672,865
2951,vinare manujulaara kreesthuao,వినరె మనుజులార క్రీస్తుఁ డిలను,పురుషోత్తముచౌధరి,Andhra Kristava Keerthanalu,లాజరును తిరిగి బ్రతికించుట,ragam: శంకరాభరణము-shMkaraabharaNamu,TELUGU,2014-10-16,https://waytochurch.com/lyrics/song/2951,1534,1925
2952,amdhamaina kreesthu katha mee,అందమైన క్రీస్తు కథ మీ రాలింపరయ,పురుషోత్తము చౌధరి,Andhra Kristava Keerthanalu,పుట్టుగ్రుడ్డికిఁ జూపునిచ్చుట,ragam: నవరోజు-navaroaju,TELUGU,2014-10-16,https://waytochurch.com/lyrics/song/2952,1084,1398
2953,kanare yaesuni prathyakshmbu a,కనరె యేసుని ప్రత్యక్షంబు అన్య,తూలూరి ప్రకాశము,Andhra Kristava Keerthanalu,యేసుక్రీస్తు ప్రత్యక్షత,ragam: నాదనామక్రియ-naadhanaamakriy,TELUGU,2014-10-16,https://waytochurch.com/lyrics/song/2953,954,1203
2954,naerchukonarae yaesuvaaduka la,నేర్చుకొనరే యేసువాడుక లనుదినము,ఈతకోట ప్రకాశము,Andhra Kristava Keerthanalu,యేసును అనుకరించుట,ragam: బిలహరి-bilahari,TELUGU,2014-10-16,https://waytochurch.com/lyrics/song/2954,850,1092
2955,evaru bhaagyavmthu laudhu rava,ఎవరు భాగ్యవంతు లౌదు రవని లోపల,పురుషోత్తము చౌధరి,Andhra Kristava Keerthanalu,ధన్యతలు,ragam: యదుకుల కాంభోజి-yadhukula kaaMbhoaji,TELUGU,2014-10-16,https://waytochurch.com/lyrics/song/2955,691,880
2956,vinarayya narulaaraa vishvaasa,వినరయ్య నరులారా విశ్వాసమున క్ర,పురుషోత్తము చౌధరి,Andhra Kristava Keerthanalu,క్రీస్తు వాక్యము పతితపావనము,ragam: శంకరాభరణము-shMkaraabharaNamu,TELUGU,2014-10-16,https://waytochurch.com/lyrics/song/2956,689,859
2957,aelaativaaaodoa kaani yee yaes,ఏలాటివాఁడో కాని యీ యేసుని నేమన,తూసిలి బెంజిమిన్,Andhra Kristava Keerthanalu,క్రీస్తు తుఫానును నిమ్మళపర్చుట,ragam: ముఖారి-mukhaari,TELUGU,2014-10-16,https://waytochurch.com/lyrics/song/2957,618,780
2958,yaesu vasthrapu chemgunu maath,యేసు వస్త్రపు చెంగును మాత్రమే,తూపిలి బెంజిమిన్,Andhra Kristava Keerthanalu,వ్యాధి బాధితురాలిని స్వస్థపర్చుట,ragam: ఆనందభైరవి-aanMdhabhairavi,TELUGU,2014-10-16,https://waytochurch.com/lyrics/song/2958,643,794
2959,vimthagala maa yaesu praemanu,వింతగల మా యేసు ప్రేమను సంతసమున,తూపిలి బెంజిమిన్,Andhra Kristava Keerthanalu,యేసు ప్రేమను స్తుతించుట,ragam: బిలహరి-bilahari,TELUGU,2014-10-16,https://waytochurch.com/lyrics/song/2959,517,673
2960,yaesukreesthu prabhuvaa maemu,యేసుక్రీస్తు ప్రభువా మేము నీ మ,గొల్లవల్లి నతానియేలు,Andhra Kristava Keerthanalu,క్రీస్తుని దయ,ragam: ముఖారి-mukhaari,TELUGU,2014-10-16,https://waytochurch.com/lyrics/song/2960,683,875
2961,Yesu Nannu Preminchinaavu,యేసూ నన్ను ప్రేమించినావు పాపిన,బేతాళ జాన్,Andhra Kristava Keerthanalu,యేసుని గొప్ప ప్రేమ,ragam: ముఖారి-mukhaari,TELUGU,2014-10-16,https://waytochurch.com/lyrics/song/2961,680,827
2962,yaesukreesthu dhorike naeni ya,యేసుక్రీస్తు దొరికె నేని యేమిక,గొల్లపల్లి నతానియేలు,Andhra Kristava Keerthanalu,యేసే మన సమస్తము,ragam: నవరోజు-navaroaju,TELUGU,2014-10-16,https://waytochurch.com/lyrics/song/2962,761,947
2963,yaesuni praemanu naemaarakanu,యేసుని ప్రేమను నేమారకను నెప్పు,దొరసామి ఆరోగ్యము,Andhra Kristava Keerthanalu,యేసుని ప్రేమ స్మరణ,ragam: శంకరాభరణము-shMkaraabharaNamu,TELUGU,2014-10-16,https://waytochurch.com/lyrics/song/2963,678,897
2964,yaesuvmti priya bmdhuaodu naak,యేసువంటి ప్రియ బంధుఁడు నాకిఁక,పురుషోత్తమ చౌధరి,Andhra Kristava Keerthanalu,యేసు మన ప్రియబంధువు,ragam: ఆహిరి-aahiri,TELUGU,2014-10-16,https://waytochurch.com/lyrics/song/2964,909,1141
2965,aemi laedhu sumee jagamuloa ya,ఏమి లేదు సుమీ జగములో యేసుని ప్,విలియం డాసన్,Andhra Kristava Keerthanalu,క్రీస్తు ప్రేమ సాటిలేనిది,ragam: మారువ-maaruv,TELUGU,2014-10-16,https://waytochurch.com/lyrics/song/2965,720,959
2966,,,జాన్ న్యూటన్,Andhra Kristava Keerthanalu,One There is above all others,,TELUGU,,https://waytochurch.com/lyrics/song/2966,539,669
2967,annaa mana yaesu prabhuni kann,అన్నా మన యేసు ప్రభుని కన్న రక్,రావూరి లక్ష్మయ్య,Andhra Kristava Keerthanalu,యేసే రక్షకుఁడు,"ragam: శంకరాభరణము 
-shMkaraabharaNamu",TELUGU,2014-10-16,https://waytochurch.com/lyrics/song/2967,557,702
2968,idugoa gorrelakaapari soadharu,ఇడుగో గొఱ్ఱెలకాపరి సోదరులారా య,పురుషోత్తము చౌధరి,Andhra Kristava Keerthanalu,యేసు గొఱ్ఱెల మంచి కాపరి,ragam: పంతువరాళి-pMthuvaraaLi,TELUGU,2014-10-16,https://waytochurch.com/lyrics/song/2968,1313,1608
2969,eeyanaa yaesu rakshkudu thana,ఈయనా యేసు రక్షకుడు తన దాయమని ర,మిక్కిలి నమూయేలు,Andhra Kristava Keerthanalu,ఆశ్చర్యకరమగు క్రీస్తు ప్రేమ,ragam: ఆనందభైరవి-aanMdhabhairavi,TELUGU,2014-10-16,https://waytochurch.com/lyrics/song/2969,842,1105
2970,eelaatidhaa yaesu praema nannu,ఈలాటిదా యేసు ప్రేమ నన్ను తూలనా,రావూరి రంగయ్య,Andhra Kristava Keerthanalu,యేసుని నిరుపమాన ప్రేమ,ragam: ఆనందభైరవి-aanMdhabhairavi,TELUGU,2014-10-16,https://waytochurch.com/lyrics/song/2970,847,1100
2971,yaesuraaju needhu praema nemch,యేసురాజు నీదు ప్రేమ నెంచ తరముగ,చదలవాడ తామస్,Andhra Kristava Keerthanalu,పాపియెడల యేసు ప్రేమ,ragam: యదుకుల కాంభోజి-yadhukula kaaMbhoaji,TELUGU,2014-10-16,https://waytochurch.com/lyrics/song/2971,737,935
2972,oa vimtha naa rakshkuaodaa na,ఓ వింత నా రక్షకుఁడా నాకై నీ వ,తామస్ హీలిన్,Andhra Kristava Keerthanalu,క్రీస్తుని అద్భుత ప్రేమ,ragam: భైరవి-bhairavi,TELUGU,2014-10-16,https://waytochurch.com/lyrics/song/2972,555,719
2973,parama rakshka yaesu prabhuvaa,పరమ రక్షక యేసు ప్రభువా నే నీ ప,రావూరి రంగయ్య,Andhra Kristava Keerthanalu,క్రీస్తు పాపికి ఆశ్రయము,ragam: అసావేరి-asaavaeri,TELUGU,2014-10-16,https://waytochurch.com/lyrics/song/2973,984,1290
2974,paapi kaashrayuaodavu neevae y,పాపి కాశ్రయుఁడవు నీవే యేసు నీవ,మిక్కిలి నమూయేలు,Andhra Kristava Keerthanalu,యేసు పాపికి ఆశ్రయుఁడు,ragam: శంకరాభరణము-shMkaraabharaNamu,TELUGU,2014-10-16,https://waytochurch.com/lyrics/song/2974,602,776
2975,yaesu shishyulaku neruka jaesi,యేసు శిష్యులకు నెరుక జేసిన భవి,పురుషోత్తమ చౌధరి,Andhra Kristava Keerthanalu,క్రీస్తు తన శ్రమలను గూర్చి ప్రవచించుట,ragam: ఆనందభైరవి-aanMdhabhairavi,TELUGU,2014-10-16,https://waytochurch.com/lyrics/song/2975,451,596
2976,ae paapa meruaogani yoapaavana,ఏ పాప మెఱుఁగని యోపావన మూర్తి ప,యర్మణశెట్టి దావీదు,Andhra Kristava Keerthanalu,Good Friday సిలువపై క్రీస్తుని ప్రేమ,ragam: నాధనామ క్రియ-naaDhanaama kriy,TELUGU,2014-10-16,https://waytochurch.com/lyrics/song/2976,930,1174
2977,paapulayeda kree sthuni priya,పాపులయెడ క్రీ స్తుని ప్రియ మెట,పురుషోత్తము చౌధరి,Andhra Kristava Keerthanalu,క్రీస్తుని యద్భుత ప్రేమ,ragam: సౌరాష్ట్ర-sauraaShtr,TELUGU,2014-10-16,https://waytochurch.com/lyrics/song/2977,642,808
2978,choodarae kreesthuni joodarae,చూడరే క్రీస్తుని జూడరే నా సఖుల,పురుషోత్తమ చౌధరి,Andhra Kristava Keerthanalu,Good Friday సిలువ ధ్యానము,ragam: ముఖారి-mukhaari,TELUGU,2014-10-16,https://waytochurch.com/lyrics/song/2978,652,843
2979,vmdhanm neekae vmdhanm parishu,వందనం నీకే వందనం పరిశుద్ధ శిరమ,రావూరి దావీదు,Andhra Kristava Keerthanalu,గాయపర్చఁబడిన పరిశుద్ధ శిరస్సు,ragam: ముఖారి-mukhaari,TELUGU,2014-10-16,https://waytochurch.com/lyrics/song/2979,1226,1595
2980,aahaa yemthati shramalao bomdh,ఆహా యెంతటి శ్రమలఁ బొందితి వయ్య,కొత్తపల్లి జాన్,Andhra Kristava Keerthanalu,క్రీస్తు మరణము,ragam: హిందుస్థాని తోడి-hiMdhusThaani thoadi,TELUGU,2014-10-16,https://waytochurch.com/lyrics/song/2980,565,714
2981,emthoa vimtha yemthoa chimtha,ఎంతో వింత యెంతో చింత యేసునాధు,,Andhra Kristava Keerthanalu,Good Friday సిలువ ధ్యానము,ragam: శోకవవళి-shoakavavaLi,TELUGU,2014-10-16,https://waytochurch.com/lyrics/song/2981,611,748
2982,aidhu gaayamu lomdhinaavaa naa,ఐదు గాయము లొందినావా నాకొర కైద,బేతాళ్ జాన్,Andhra Kristava Keerthanalu,క్రీస్తు మరణ శ్రమల ధ్యానము,ragam: ముఖారి-mukhaari,TELUGU,2014-10-16,https://waytochurch.com/lyrics/song/2982,918,1212
2983,choodarae siluvanu vrae laadu,చూడరే సిలువను వ్రే లాడు యేసయ్య,ఒంగోలు అబ్రహాము,Andhra Kristava Keerthanalu,Good Friday సిలువమీఁది క్రీస్తు,ragam: హిందుస్థాని కాపి-hiMdhusThaani kaapi,TELUGU,2014-10-16,https://waytochurch.com/lyrics/song/2983,392,513
2984,yaesunaadhuni siluvapaini vaes,యేసునాధుని సిలువపైని వేసి శ్రమ,జుటిక దావీదు,Andhra Kristava Keerthanalu,Good Friday యేసు పై మనదోషము మోపబడెను,ragam: సావేరి-saavaeri,TELUGU,2014-10-16,https://waytochurch.com/lyrics/song/2984,613,821
2985,ennaodu gaamchedhamoa yaesuni,ఎన్నఁడు గాంచెదమో యేసుని నెన్నఁ,గొల్లపల్లి నతానియేలు,Andhra Kristava Keerthanalu,క్రీస్తు శ్రమల ధ్యానము,ragam: ముఖారి-mukhaari,TELUGU,2014-10-16,https://waytochurch.com/lyrics/song/2985,583,726
2986,aa ymdhakaarmpu raeyiloa krees,ఆ యంధకారంపు రేయిలో క్రీస్తు పడ,పురుషోత్తమ చౌధరి,Andhra Kristava Keerthanalu,ఆయన అప్పగింపఁబడిన రాత్రి,ragam: అసావేరి-asaavaeri,TELUGU,2014-10-16,https://waytochurch.com/lyrics/song/2986,1370,1759
2987,aahaa mahaathma haa sharanyaa,ఆహా మహాత్మ హా శరణ్యా హా విమోచక,పంతగాని పరదేశి,Andhra Kristava Keerthanalu,Good Friday క్రీస్తు సిలువమీఁద పల్కిన యేడు మాటలు,ragam: హిందుస్థాని కాపి-hiMdhusThaani kaapi,TELUGU,2014-10-16,https://waytochurch.com/lyrics/song/2987,678,860
2988,ayyoa naadhagu ghoarapaapamu g,అయ్యో నాదగు ఘోరపాపము గదా భారమై,యెద్దు దానియేలు,Andhra Kristava Keerthanalu,Good Friday సిలువ ధ్యానము,ragam: నాధనామక్రియ-naaDhanaamakriy,TELUGU,2014-10-16,https://waytochurch.com/lyrics/song/2988,833,1037
2989,siluvae naa sharanaayenu raa n,సిలువే నా శరణాయెను రా నీ సిలువ,చెట్టి భానుమూర్తి,Andhra Kristava Keerthanalu,Good Friday సిలువ బలము,ragam: కురంజి-kurMji,TELUGU,2014-10-16,https://waytochurch.com/lyrics/song/2989,526,683
2990,sirulella vrudha kaaaogao pari,సిరులెల్ల వృధ కాఁగఁ పరికించి న,విలియం డాసన్,Andhra Kristava Keerthanalu,Good Friday క్రీస్తు సిలువయే మన మహిమ,ragam: ఆనందభైరవి-aanMdhabhairavi,TELUGU,2014-10-16,https://waytochurch.com/lyrics/song/2990,549,683
2991,chaediyalu gumpugoodiri kreest,చేడియలు గుంపుగూడిరి క్రీస్తు జ,,Andhra Kristava Keerthanalu,Good Friday స్త్రీలు సిలువచెంత ధ్యానించుట,ragam: సారంగ-saarMg,TELUGU,2014-10-16,https://waytochurch.com/lyrics/song/2991,361,435
2992,,కలవరి మెట్టపై కలవర మెట్టిదొ సి,చెట్టి భానుమూర్తి,Andhra Kristava Keerthanalu,Good Friday యేసు శాంతికరుడు,ragam: శ్యామ-shyaam,TELUGU,2014-10-16,https://waytochurch.com/lyrics/song/2992,430,548
2993,kalvari girijaeru manasaa silv,కల్వరి గిరిజేరు మనసా సిల్వ సరస,పంతగాని పరదేశి,Andhra Kristava Keerthanalu,Good Friday సిలువ ధ్యానము,ragam: సురటి-surati,TELUGU,2014-10-16,https://waytochurch.com/lyrics/song/2993,846,1088
2994,emdhuaoboayedhavoa haa prabhur,ఎందుఁబోయెదవో హా ప్రభురాయ ఎందుఁ,రావూరి రంగయ్య,Andhra Kristava Keerthanalu,Good Friday సిలువమోయు యేసు,ragam: ముఖారి-mukhaari,TELUGU,2014-10-16,https://waytochurch.com/lyrics/song/2994,809,1043
2995,siluvaloa vraelaadu prabhuvae,సిలువలో వ్రేలాడు ప్రభువే విలువ,రావూరి రంగయ్య,Andhra Kristava Keerthanalu,Good Friday సిలువను జూడుఁడి,ragam: బిళహరి-biLahari,TELUGU,2014-10-16,https://waytochurch.com/lyrics/song/2995,1036,1324
2996,aemi naermbulaeka yaa maranast,ఏమి నేరంబులేక యా మరణస్తంభము నే,బేతాళ జాన్,Andhra Kristava Keerthanalu,Good Friday సిలువ ధ్యానము,ragam: ముఖారి-mukhaari,TELUGU,2014-10-16,https://waytochurch.com/lyrics/song/2996,2138,2644
2997,naa yanna raaaogadhae oa yaesu,నా యన్న రాఁగదే ఓ యేసు తండ్రి న,పురుషోత్తము చౌధరి,Andhra Kristava Keerthanalu,Good Friday సిలువ యెదుట హృదయవేదన,ragam: ధన్యాసి-Dhanyaasi,TELUGU,2014-10-16,https://waytochurch.com/lyrics/song/2997,768,995
2998,karunasaagara veevaekaavaa maranamomdha sil,కరుణసాగర వీవేకావా మరణమొంద సిల్,గొల్లపల్లి నతానియేలు,Andhra Kristava Keerthanalu,Good Friday సిలువ శ్రమలు,ragam: రేగుప్తి-raegupthi,TELUGU,2014-10-16,https://waytochurch.com/lyrics/song/2998,840,1106
2999,emtha goppa bobba puttenu dhaa,ఎంత గొప్ప బొబ్బ పుట్టెను దానిత,ముంగమూరి దేవదాసు,Andhra Kristava Keerthanalu,Good Friday సిలువ మరణము,ragam: పంతువరాళి-pMthuvaraaLi,TELUGU,2014-10-16,https://waytochurch.com/lyrics/song/2999,850,1052
3000,harshmae yemthoa harshmae kree,హర్షమే యెంతో హర్షమే క్రీస్తును,మిక్కిలి సమూయేలు,Andhra Kristava Keerthanalu,క్రీస్తుని యాశ్చర్యమైన మరణము,ragam: ముఖారి-mukhaari,TELUGU,2014-10-16,https://waytochurch.com/lyrics/song/3000,895,1136
3001,naa korakuao chanipoayi naaaod,నా కొఱకుఁ చనిపోయి నాఁడ ఆద యాకర,మిక్కిలి సమూయేలు,Andhra Kristava Keerthanalu,యేసుక్రీస్తు మరణావస్థ ధ్యానము,ragam: ముఖారి-mukhaari,TELUGU,2014-10-16,https://waytochurch.com/lyrics/song/3001,818,1071
3002,,,బెర్నార్డ్ క్లైర్ వాక్స్,Andhra Kristava Keerthanalu,O Sacred Head once wounded,,TELUGU,,https://waytochurch.com/lyrics/song/3002,696,872
3003,,,డబల్యు మెక్డోనాల్డ్,Andhra Kristava Keerthanalu,I am coming to the Cross,,TELUGU,,https://waytochurch.com/lyrics/song/3003,488,584
3004,,,ఐజక్ వాట్స్,Andhra Kristava Keerthanalu,When I survey the wondrous Cross,,TELUGU,,https://waytochurch.com/lyrics/song/3004,524,640
3005,manasa yaesu marana baadha len,మనస యేసు మరణ బాధ లెనసి పాడవే త,మిక్కిలి నమూయేలు,Andhra Kristava Keerthanalu,Good Friday క్రీస్తు సిలువ బాధ,ragam: గాంధారి-gaaMDhaari,TELUGU,2014-10-16,https://waytochurch.com/lyrics/song/3005,1528,1934
3006,raajulaku raajaina yee mana vi,రాజులకు రాజైన యీ మన విభుని పూజ,ఎస్  జేమ్సు,Andhra Kristava Keerthanalu,క్రీస్తుని శ్రమల ధ్యానము,ragam: కాంభోజి-kaaMbhoaji,TELUGU,2014-10-16,https://waytochurch.com/lyrics/song/3006,854,1064
3007,emthoa dhuhkhamuao bomdhithiva,ఎంతో దుఃఖముఁ బొందితివా నాకొర క,బూదాల లైమన్,Andhra Kristava Keerthanalu,Good Friday సిలువలోని దైవ ప్రేమ,ragam: ముఖారి-mukhaari,TELUGU,2014-10-16,https://waytochurch.com/lyrics/song/3007,889,1103
3008,siluvanu moasithivaa naa korak,సిలువను మోసితివా నా కొఱకై కలువ,,Andhra Kristava Keerthanalu,Good Friday క్రీస్తుని సిలువ,ragam: ముఖారి-mukhaari,TELUGU,2014-10-16,https://waytochurch.com/lyrics/song/3008,617,780
3009,aemaashcharyamu priyulaaraa kr,ఏమాశ్చర్యము ప్రియులారా క్రీస్త,పురుషోత్తము చౌధరి,Andhra Kristava Keerthanalu,Good Friday ఆశ్చర్యకరమైన సిలువ,ragam: పున్నాగ తోడి-punnaaga thoadi,TELUGU,2014-10-16,https://waytochurch.com/lyrics/song/3009,962,1228
3010,apu darchakaadhu luppomgiri pr,అపు డర్చకాదు లుప్పొంగిరి ప్రభు,పురుషోత్తము చౌధరి,Andhra Kristava Keerthanalu,Good Friday సిలువ,ragam: ఆనందభైరవి-aanMdhabhairavi,TELUGU,2014-10-16,https://waytochurch.com/lyrics/song/3010,572,690
3011,shree yaesunae bhajimchu naa m,శ్రీ యేసునే భజించు నా మనసా శ్ర,యెషయా వీరమార్టిన్,Andhra Kristava Keerthanalu,యేసు భజన,ragam: జంఝూటి-jMjhooti,TELUGU,2014-10-16,https://waytochurch.com/lyrics/song/3011,500,635
3012,yaesuni bhajiyimpavae manasaa,యేసుని భజియింపవే మనసా నీ దోసము,రావూరి లక్ష్మయ్య,Andhra Kristava Keerthanalu,క్రైస్తవ విశ్వాసమునకు( బ్రేరేపణ,ragam: యదుకులకాంభోజి-yadhukulakaaMbhoaji,TELUGU,2014-10-16,https://waytochurch.com/lyrics/song/3012,1032,1322
3013,bhajanachaeyuchu bhakthapaalak,భజనచేయుచు భక్తపాలక ప్రస్తుతింత,దొరసామి ఆరోగ్యము,Andhra Kristava Keerthanalu,యేసు నామ భజన,ragam: హిందూస్థాని తోడి-hiMdhoosThaani thoadi,TELUGU,2014-10-16,https://waytochurch.com/lyrics/song/3013,470,616
3014,yaesubhajanasaeyavae dhoasapum,యేసుభజనసేయవే దోసపుమనసా వాసిగ,ఓగిరాల గాబ్రియేలు,Andhra Kristava Keerthanalu,యేసు నామ భజన,ragam: ముఖారి-mukhaari,TELUGU,2014-10-16,https://waytochurch.com/lyrics/song/3014,339,449
3015,raarae mana yaesu svaamini joo,రారే మన యేసు స్వామిని జూతము కో,పురుషోత్తమ చౌధరి,Andhra Kristava Keerthanalu,క్రీస్తును చూడ రండి,ragam: శంకరాభరణము-shMkaraabharaNamu,TELUGU,2014-10-16,https://waytochurch.com/lyrics/song/3015,939,1299
3016,idhigoa neethibhaaskarumdu udh,ఇదిగో నీతిభాస్కరుండు ఉదయమాయె న,చెట్టి భానుమూర్తి,Andhra Kristava Keerthanalu,నీతి సూర్యుఁడు,ragam: బేహాగ్-baehaag,TELUGU,2014-10-16,https://waytochurch.com/lyrics/song/3016,665,915
3017,chaerikolvuaodi kreesthuni paa,చేరికొల్వుఁడి క్రీస్తుని పాదము,కాజా అనంతము,Andhra Kristava Keerthanalu,క్రీస్తును కొలుచుట,ragam: జంఝూటి-jMjhooti,TELUGU,2014-10-16,https://waytochurch.com/lyrics/song/3017,659,830
3018,aemi naenu samarpimthu yaesoo,ఏమి నేను సమర్పింతు యేసూ యెట్లు,పులిపాక జగన్నాధము,Andhra Kristava Keerthanalu,యేసున కేమి సమర్పించుదును?,ragam: ఆనందభైరవి-aanMdhabhairavi,TELUGU,2014-10-16,https://waytochurch.com/lyrics/song/3018,758,942
3019,sarvadhaeshamulaaraa shree yae,సర్వదేశములారా శ్రీ యేసే దేవుండ,నరెళ్ల నమూయేలు సుబ్బయ్య,Andhra Kristava Keerthanalu,దైవ స్తుతి,ragam: శంకరాభరణము-shMkaraabharaNamu,TELUGU,2014-10-16,https://waytochurch.com/lyrics/song/3019,508,648
3020,sarva loaka sm poojyaa namoanamoa sarv,సర్వ లోక సం పూజ్యా నమోనమో సర్వ,చెట్టి భానుమూర్తి,Andhra Kristava Keerthanalu,క్రీస్తుకు నమోనమః,ragam: శంకరాభరణము-shMkaraabharaNamu,TELUGU,2014-10-16,https://waytochurch.com/lyrics/song/3020,458,645
3021,namoa yaesunaadhaa naadhaa nam,నమో యేసునాధా నాధా నమో జీవనాధా,ఇ జి  ఆనందము,Andhra Kristava Keerthanalu,యేసును స్తుతించుట,ragam: కానడ-kaanad,TELUGU,2014-10-16,https://waytochurch.com/lyrics/song/3021,405,575
3022,vmdhanamayyaa yaesu neeku vmdh,వందనమయ్యా యేసు నీకు వందనమయ్యా,పురుషోత్తమ చౌధరి,Andhra Kristava Keerthanalu,యేసునకు వందనము,ragam: శంకరాభరణము-shMkaraabharaNamu,TELUGU,2014-10-16,https://waytochurch.com/lyrics/song/3022,1042,1361
3023,kreesthunaayaka nee dhayaalini,క్రీస్తునాయక నీ దయాళిని కీర్తన,మిక్కిలి నమూయేలు,Andhra Kristava Keerthanalu,యేసుక్రీస్తుకు స్తుతి,ragam: బిలహరి-bilahari,TELUGU,2014-10-16,https://waytochurch.com/lyrics/song/3023,918,1129
3024,naa rakshkaa yaesunaadha immaa,నా రక్షకా యేసునాధ ఇమ్మానుయేలు,తిరుకోవళ్లూరి స్టీవెన్,Andhra Kristava Keerthanalu,క్రీస్తునకు స్తుతి,ragam: శహన-shahan,TELUGU,2014-10-16,https://waytochurch.com/lyrics/song/3024,772,981
3025,yaesu padhaambuja sharanm nara,యేసు పదాంబుజ శరణం నర దోష మహాంబ,చెట్టి భానుమూర్తి,Andhra Kristava Keerthanalu,యేసు శరణు,ragam: జంఝూటి-jMjhooti,TELUGU,2014-10-16,https://waytochurch.com/lyrics/song/3025,534,754
3026,dhaevaathma jayoa dheenadhayaa,దేవాత్మ జయో దీనదయాళూ పావనాత్మ,చెట్టి భానుమూర్తి,Andhra Kristava Keerthanalu,యేసు దీనదయాళుడు,ragam: మాయామాళవగౌళ-maayaamaaLavagauL,TELUGU,2014-10-16,https://waytochurch.com/lyrics/song/3026,477,671
3027,samaanulevaru prabhoa nee sama,సమానులెవరు ప్రభో నీ సమానులెవరు,చెట్టి భానుమూర్తి,Andhra Kristava Keerthanalu,యేసునకు సమానులెవరు?,ragam: శంకరాభరణము-shMkaraabharaNamu,TELUGU,2014-10-16,https://waytochurch.com/lyrics/song/3027,358,484
3028,yaesu kreesthuaodu nithya dhae,యేసు క్రీస్తుఁడు నిత్య దేవుఁడు,గొల్లపల్లి నతానియేలు,Andhra Kristava Keerthanalu,క్రీస్తు దైవత్వము,ragam: శంకరాభరణము-shMkaraabharaNamu,TELUGU,2014-10-16,https://waytochurch.com/lyrics/song/3028,900,1150
3029,,,ఏ బి మాసిలామణి,Andhra Kristava Keerthanalu,యేసుక్రీస్తు దేవుడు,,TELUGU,,https://waytochurch.com/lyrics/song/3029,652,856
3030,dhaeva kumaaraa dheenoapakaara,దేవ కుమారా దీనోపకారా నా వంక దయ,మిక్కిలి నమూయేలు,Andhra Kristava Keerthanalu,దేవకుమారునికి స్తోత్రము,ragam: శంకరాభరణము-shMkaraabharaNamu,TELUGU,2014-10-16,https://waytochurch.com/lyrics/song/3030,436,594
3031,,,ఎడ్వర్డ్ సెర్రొనెట్,Andhra Kristava Keerthanalu,All hail the power of Jesus Name,,TELUGU,,https://waytochurch.com/lyrics/song/3031,463,602
3032,,,ఎం గెసాంగ్‌బుచ్,Andhra Kristava Keerthanalu,Beautiful Saviour,,TELUGU,,https://waytochurch.com/lyrics/song/3032,397,511
3033,,,ఫేనీ క్రాస్బీ,Andhra Kristava Keerthanalu,"Praise Him,Praise Him",,TELUGU,,https://waytochurch.com/lyrics/song/3033,551,689
3034,,,తియోడల్ప్ అర్లియన్స్,Andhra Kristava Keerthanalu,"All glory, land, and honour",,TELUGU,,https://waytochurch.com/lyrics/song/3034,425,521
3035,,,ఎస్ మెడ్లే,Andhra Kristava Keerthanalu,Awake my soul is joyful lays,,TELUGU,,https://waytochurch.com/lyrics/song/3035,266,312
3036,,,చార్లెస్ వెస్లీ,Andhra Kristava Keerthanalu,"Rejoice, the Lord is King",,TELUGU,,https://waytochurch.com/lyrics/song/3036,530,659
3037,,,జేమ్స్ మాంట్ గోమరీ,Andhra Kristava Keerthanalu,Hali to the Lord's Anointed,,TELUGU,,https://waytochurch.com/lyrics/song/3037,547,667
3038,neevu naa dhaevumdavai yu nnaa,నీవు నా దేవుండవై యు న్నావు యేస,,Andhra Kristava Keerthanalu,క్రీస్తును స్తుతించుట,ragam: ముఖారి-mukhaari,TELUGU,2014-10-16,https://waytochurch.com/lyrics/song/3038,441,577
3039,mmgalamuaobaadare kreesthunaku,మంగళముఁబాడరె క్రీస్తునకు జయ మం,పురుషోత్తము చౌధరి,Andhra Kristava Keerthanalu,క్రీస్తునకు మంగళార్చన,ragam: బిలహరి-bilahari,TELUGU,2014-10-16,https://waytochurch.com/lyrics/song/3039,536,689
3040,mmgalamae yaesunaku manujaavat,మంగళమే యేసునకు మనుజావతారునకు శ,పురుషోత్తము చౌధరి,Andhra Kristava Keerthanalu,క్రీస్తునకు స్తోత్రము,ragam: తోడి-thoadi,TELUGU,2014-10-16,https://waytochurch.com/lyrics/song/3040,532,689
3041,vmdhanamae yaesunaku varusugun,వందనమే యేసునకు వరుసుగుణోదారునక,పురుషోత్తము చౌధరి,Andhra Kristava Keerthanalu,క్రీస్తునకు మంగళార్చన,ragam: ఆనందభైరవి-aanMdhabhairavi,TELUGU,2014-10-16,https://waytochurch.com/lyrics/song/3041,473,627
3042,mmgalmbani paadarae kreesthuku,మంగళంబని పాడరే క్రీస్తుకు జయ మ,పురుషోత్తము చౌధరి,Andhra Kristava Keerthanalu,క్రీస్తునకు మంగళ స్తోత్రము,ragam: మారువ-maaruv,TELUGU,2014-10-16,https://waytochurch.com/lyrics/song/3042,623,818
3043,kreesthuyaesuku mmgalm maa kee,క్రీస్తుయేసుకు మంగళం మా కీర్తి,రవివర్మ,Andhra Kristava Keerthanalu,క్రీస్తు యేసునకు మంగళహారతి,ragam: ఆనందభైరవి-aanMdhabhairavi,TELUGU,2014-10-16,https://waytochurch.com/lyrics/song/3043,592,742
3044,mmgalamu kreesthunaku mahitha,మంగళము క్రీస్తునకు మహిత శుభవార,బేతాళ జాన్,Andhra Kristava Keerthanalu,మంగళార్చన,ragam: ముఖారి-mukhaari,TELUGU,2014-10-16,https://waytochurch.com/lyrics/song/3044,943,1232
3045,prabhu maargamulaymdhe bhayabh,ప్రభు మార్గములయందె భయభక్తి నిం,బేతాళ జాన్,Andhra Kristava Keerthanalu,దైవాశీర్వాదము,,TELUGU,2014-10-16,https://waytochurch.com/lyrics/song/3045,691,847
3046,koarukoni yunnaamu yaesu prabh,కోరుకొని యున్నాము యేసు ప్రభూ క,విలియం డాసన్,Andhra Kristava Keerthanalu,వివాహము,ragam: సురటి-surati,TELUGU,2014-10-16,https://waytochurch.com/lyrics/song/3046,640,832
3047,kaanaapurmbuloaao gadu vimthag,కానాపురంబులోఁ గడు వింతగా నీరు,పులిపాక జగన్నాధము,"Andhra Kristava Keerthanalu, మంగళము",Marriage,ragam: ఆనందభైరవి-aanMdhabhairavi,TELUGU,2014-10-16,https://waytochurch.com/lyrics/song/3047,801,985
3048,maanavula maelu koraku jnyaani,మానవుల మేలు కొరకు జ్ఞానియైన దే,,"Andhra Kristava Keerthanalu, వివాహము",Marriage,ragam: జంఝూటి-jMjhooti,TELUGU,2014-10-16,https://waytochurch.com/lyrics/song/3048,452,578
3049,dhaevara nee dhaevenalu dhaara,దేవర నీ దేవెనలు ధారళముగను వీరల,అల్లారి పెదవీరాస్వామి,Andhra Kristava Keerthanalu,,ragam: శంకరాభరణము-shMkaraabharaNamu,TELUGU,2014-10-16,https://waytochurch.com/lyrics/song/3049,897,1163
3050,,,డోరతి ఫ్రాన్సెస్ గుర్నీ,Andhra Kristava Keerthanalu,O Perfect Love,,TELUGU,,https://waytochurch.com/lyrics/song/3050,334,411
3051,,,జాన్ కెబిల్,Andhra Kristava Keerthanalu,The voice that breathed o'er Eden,,TELUGU,,https://waytochurch.com/lyrics/song/3051,429,508
3052,dhaevaa maa gruhmbunu sadhayu,దేవా మా గృహంబును సదయుండవై దీవ,దాసరి మోజెస్,Andhra Kristava Keerthanalu,దేవా! మా యింటిని దీవింపుము,ragam: ఆనందభైరవి-aanMdhabhairavi,TELUGU,2014-10-16,https://waytochurch.com/lyrics/song/3052,1117,1449
3053,dheevimchu dhaevaa nee biddala,దీవించు దేవా నీ బిడ్డలను దీవిం,పి పి శుభామణి,Andhra Kristava Keerthanalu,గృహప్రవేశము,ragam: శ్రీరాగము-shreeraagamu,TELUGU,2014-10-16,https://waytochurch.com/lyrics/song/3053,678,870
3054,ilao puchchukonuta kanna nemth,ఇలఁ పుచ్చుకొనుట కన్న నెంతో యిచ,మల్లెల దావీదు,Andhra Kristava Keerthanalu,పుచ్చుకొనుటకన్న ఇచ్చుట ధన్యత,ragam: మిశ్రమ-mishram,TELUGU,2014-10-16,https://waytochurch.com/lyrics/song/3054,648,832
3055,iyyudi meekiyyabadunani iyyaga,ఇయ్యుడి మీకియ్యబడునని ఇయ్యగల శ,జి జాన్ తాతయ్య,Andhra Kristava Keerthanalu,దాతృత్వము,ragam: నవరోజు-navaroaju,TELUGU,2014-10-16,https://waytochurch.com/lyrics/song/3055,735,905
3056,dhashamu bhaagamu lella dhaevu,దశము భాగము లెల్ల దేవునివి ధారా,కూచిపూడి రాజరత్నము,Andhra Kristava Keerthanalu,దశమ భాగము,ragam: హిందుస్థాని తోడి-hiMdhusThaani thoadi,TELUGU,2014-10-16,https://waytochurch.com/lyrics/song/3056,995,1331
3057,sthuthiyu mahimayu neeke kshit,స్తుతియు మహిమయు నీకె క్షితికిన,ముంగమూరి దేవదాసు,Andhra Kristava Keerthanalu,ఔదార్యము,ragam: కాంభోజి-kaaMbhoaji,TELUGU,2014-10-16,https://waytochurch.com/lyrics/song/3057,1163,1406
3058,dhaathruthvamunu galigi perugu,దాతృత్వమును గలిగి పెరుగుదమ ధనమ,మోర్త ప్రకాశము,Andhra Kristava Keerthanalu,క్రైస్తవ దాతృత్వము,ragam: శంకరాభరణము-shMkaraabharaNamu,TELUGU,2014-10-16,https://waytochurch.com/lyrics/song/3058,762,1018
3059,ichchunatti vidhamu theliymdi,ఇచ్చునట్టి విధము తెలియండి ప్రి,బన్యన్ జోసఫ్,Andhra Kristava Keerthanalu,క్రైస్తవ దాతృత్వము,ragam: నాధనామక్రియ-naaDhanaamakriy,TELUGU,2014-10-16,https://waytochurch.com/lyrics/song/3059,640,828
3060,smthoashmuthoa nichchedu vaari,సంతోషముతో నిచ్చెడు వారిని నెంత,మోచర్ల రాఘవయ్య,Andhra Kristava Keerthanalu,క్రైస్తవ దాతృత్వము,ragam: సౌరాష్ట్ర-sauraaShtr,TELUGU,2014-10-16,https://waytochurch.com/lyrics/song/3060,737,936
3061,,,విలియం వాల్షా హౌ,Andhra Kristava Keerthanalu,We give Thee but Thine own,,TELUGU,,https://waytochurch.com/lyrics/song/3061,408,507
3062,parama thmdri ninnu mae mee pa,పరమ తండ్రి నిన్ను మే మీ పరస కా,యెషయా వీరమార్టిన్,Andhra Kristava Keerthanalu,ఉత్సవ కీర్తన,ragam: జంఝూటి-jMjhooti,TELUGU,2014-10-16,https://waytochurch.com/lyrics/song/3062,693,901
3063,nee dhanamu nee ghanamu prabhu,నీ ధనము నీ ఘనము ప్రభు యేసుదే న,బొంతా సమూయేలు,Andhra Kristava Keerthanalu,కృతజ్ఞతార్పణలు,ragam: హిందూస్తాని కన్నడ-hiMdhoosthaani kannad,TELUGU,2014-10-16,https://waytochurch.com/lyrics/song/3063,501,658
3064,aedhi sakhuda yaedhi nee madhi,ఏది సఖుడ యేది నీ మదిని జేసికొన,చెట్టి భానుమూర్తి,Andhra Kristava Keerthanalu,కృతజ్ఞతార్పణల పండుగ,ragam: ముఖారి-mukhaari,TELUGU,2014-10-16,https://waytochurch.com/lyrics/song/3064,543,686
3065,saarvajagathiki smrakshkudu sv,సార్వజగతికి సంరక్షకుడు స్వామి,బండారు సుజ్ఞానము,Andhra Kristava Keerthanalu,ప్రథమ ఫలములు,ragam: శంకరాభరణము-shMkaraabharaNamu,TELUGU,2014-10-16,https://waytochurch.com/lyrics/song/3065,439,594
3066,koaaotha yajamaanumda sthoathr,కోఁత యజమానుండ స్తోత్రముఁ గూర్మ,కడియం గాబ్రియేలు,Andhra Kristava Keerthanalu,కోఁత యజమానుఁడు,ragam: బిలహరి-bilahari,TELUGU,2014-10-16,https://waytochurch.com/lyrics/song/3066,1169,1515
3067,nuthi saeyanu laevae yoa manas,నుతి సేయను లేవే యో మనసా నుతిఁజ,వంతగాని పరదేశి,Andhra Kristava Keerthanalu,వందనార్పణము,ragam: హరికాంభోజి-harikaaMbhoaji,TELUGU,2014-10-16,https://waytochurch.com/lyrics/song/3067,661,825
3068,yehoava sannidhini nee sthoath,యెహోవ సన్నిధిని నీ స్తోత్రగానమ,గుంజా వెంకటరత్నము,Andhra Kristava Keerthanalu,కోఁత పండుగ,ragam: శంకరాభరణము-shMkaraabharaNamu,TELUGU,2014-10-16,https://waytochurch.com/lyrics/song/3068,520,658
3069,sthuthiyimthumoa prabhuvaa shu,స్తుతియింతుమో ప్రభువా శుభమౌ నీ,బి ఇ దేవరాజు,Andhra Kristava Keerthanalu,ప్రభువా నిన్ను స్తుతింతుము,ragam: యదుకులకాంభోజి-yadhukulakaaMbhoaji,TELUGU,2014-10-16,https://waytochurch.com/lyrics/song/3069,692,876
3070,ee gudiymdhu pravaeshimpan yae,ఈ గుడియందు ప్రవేశింపన్ యేసుని,సి ఎం రఫాయేలు,Andhra Kristava Keerthanalu,ఆలయ ప్రతిష్ఠ,ragam: శంకరాభరణము-shMkaraabharaNamu,TELUGU,2014-10-16,https://waytochurch.com/lyrics/song/3070,803,1010
3071,yehoavaa nee mahima sthavamu y,యెహోవా నీ మహిమ స్తవము యేసుని స,పురుషోత్తము చౌదరి,Andhra Kristava Keerthanalu,మందిరార్పణము,ragam: యదుకులకాంభోజి-yadhukulakaaMbhoaji,TELUGU,2014-10-16,https://waytochurch.com/lyrics/song/3071,1149,1475
3072,aalimchu maa praarthana maa ra,ఆలించు మా ప్రార్థన మా రక్షకా య,పులిపాక జగన్నాధము,Andhra Kristava Keerthanalu,మందిరార్పణము,ragam: కమాసు-kamaasu,TELUGU,2014-10-16,https://waytochurch.com/lyrics/song/3072,805,1012
3073,,సుఖులారా సంఘంపు బడి సంభంబునకు,మల్లెల దావీదు,Andhra Kristava Keerthanalu,సంఘపు బడి ప్రాముఖ్యత,ragam: హరికాంభోజి-harikaaMbhoaji,TELUGU,2014-10-16,https://waytochurch.com/lyrics/song/3073,729,934
3074,mana dhaeshmbuna kreesthu suva,మన దేశంబున క్రీస్తు సువార్త వ్,మల్లెల దావీదు,Andhra Kristava Keerthanalu,బైబిలు స్త్రీల సేవ,ragam: తోడి-thoadi,TELUGU,2014-10-16,https://waytochurch.com/lyrics/song/3074,790,988
3075,paraloaka bhooloakmbulakunu br,పరలోక భూలోకంబులకును బ్రభువును,మల్లెల దావీదు,Andhra Kristava Keerthanalu,అపోస్తలుల విశ్వాస ప్రమాణము,ragam: జంఝూటి-jMjhooti,TELUGU,2014-10-16,https://waytochurch.com/lyrics/song/3075,677,864
3076,thryaeka dhaevuaoda yehoava dh,త్ర్యేక దేవుఁడ యెహోవ దేవు నే న,మార్తాండ జ్ఞాన ప్రకాశము,Andhra Kristava Keerthanalu,అపోస్తలుల విశ్వాస ప్రమాణము,ragam: నాధనామక్రియ-naaDhanaamakriy,TELUGU,2014-10-16,https://waytochurch.com/lyrics/song/3076,1095,1376
3077,,,ఎస్ వి సైమన్,Andhra Kristava Keerthanalu,The Creed,,TELUGU,,https://waytochurch.com/lyrics/song/3077,962,1180
3078,yaesuva jayamuthoa yerushlaemu,యేసువ జయముతో యెరుషలేమున బ్ర వే,బన్యన్ జోసఫ్,Andhra Kristava Keerthanalu,మట్టలాదివారము,ragam: శంకరాభరణము-shMkaraabharaNamu,TELUGU,2014-10-16,https://waytochurch.com/lyrics/song/3078,810,1039
3079,yaesuprabhuvu yerooshlaemu pra,యేసుప్రభువు యెరూషలేము ప్రవేశిం,గేరా ప్రేమయ్య,Andhra Kristava Keerthanalu,మట్టలాదివారము,ragam: హిందూస్థానితోడి-hiMdhoosThaanithoadi,TELUGU,2014-10-16,https://waytochurch.com/lyrics/song/3079,757,953
3080,manoavilasithmbau dhinmbu mahi,మనోవిలసితంబౌ దినంబు మహిమాన్విత,ఇ జి ఆనందము,Andhra Kristava Keerthanalu,మట్టలాదివారము,ragam: మోహన-moahan,TELUGU,2014-10-16,https://waytochurch.com/lyrics/song/3080,726,981
3081,siluvaekadhaa chimthasadhaamah,సిలువేకదా చింతసదామహా సిలువేకదా,రావూరి రంగయ్య,Andhra Kristava Keerthanalu,Good Friday సిలువ ఘనత,ragam: ముఖారి-mukhaari,TELUGU,2014-10-16,https://waytochurch.com/lyrics/song/3081,994,1257
3082,vinarae yoa narulaaraa veenula,వినరే యో నరులారా వీనుల కింపు మ,పురుషోత్తమ చౌధరి,Andhra Kristava Keerthanalu,Christmas క్రీస్తు నరావతార సందేశము,ragam: యదుకులకాంభోజి-yadhukulakaaMbhoaji,TELUGU,2014-10-16,https://waytochurch.com/lyrics/song/3082,883,1169
3083,smthoashimchuaodi ymdharu naat,సంతోషించుఁడి యందరు నాతో సంతోషి,బేతాళ జాన్,Andhra Kristava Keerthanalu,క్రీస్తు జన్మదినోత్సవము,ragam: శంకరాభరణము-shMkaraabharaNamu,TELUGU,2014-10-16,https://waytochurch.com/lyrics/song/3083,789,1045
3084,jnyaanu laaraadhimchiri yaesu,జ్ఞాను లారాధించిరి యేసు ప్రభున,బేతాళ జాన్,Andhra Kristava Keerthanalu,జ్ఞానులు క్రీస్తును ఆరాధించుట,ragam: శంకరాభరణము-shMkaraabharaNamu,TELUGU,2014-10-16,https://waytochurch.com/lyrics/song/3084,566,724
3085,geethamulu paaduaodee yaesunik,గీతములు పాడుఁడీ యేసునికి సం గీ,మురారి దావీదు,Andhra Kristava Keerthanalu,బాల యేసుకు గీతాంజలి,ragam: భైరవి-bhairavi,TELUGU,2014-10-16,https://waytochurch.com/lyrics/song/3085,745,991
3086,raare choothumu raajasuthudee,రారె చూతుము రాజసుతుడీ రేయి జనన,చెట్టి భానుమూర్తి,Andhra Kristava Keerthanalu,Christmas రారాజు జన్మదినము,ragam: హిందుస్థాని తోడి-hiMdhusThaani thoadi,TELUGU,2014-10-16,https://waytochurch.com/lyrics/song/3086,481,635
3087,yaesunaadhuni yoadhulmdharu va,యేసునాధుని యోధులందరు వాసిగ నిట,మత్తయి నమూయేలు,Andhra Kristava Keerthanalu,క్రిస్మసు వర్తమానము,ragam: రేగుప్తి-raegupthi,TELUGU,2014-10-16,https://waytochurch.com/lyrics/song/3087,832,1046
3088,maemu vellichoochinaamu svaami,మేము వెళ్లిచూచినాము స్వామి యేస,,Andhra Kristava Keerthanalu,బాలయేసు దర్శనముChristmas,ragam: జంఝూటి-jMjhooti,TELUGU,2014-10-16,https://waytochurch.com/lyrics/song/3088,609,773
3089,loakammthata velugu prakaashim,లోకమంతట వెలుగు ప్రకాశించెను యే,ఆర్  దేవదాసు,Andhra Kristava Keerthanalu,యేసు లోకమునకు వెలుగు,ragam: ముఖారి-mukhaari,TELUGU,2014-10-16,https://waytochurch.com/lyrics/song/3089,771,944
3090,choodarae maaraeaodu putti naa,చూడరే మాఱేఁడు పుట్టి నాఁడు బెత,జాన్ చౌధరి,Andhra Kristava Keerthanalu,Christmas రక్షకుని రాక,ragam: యదుకుల కాంభోజి-yadhukula kaaMbhoaji,TELUGU,2014-10-16,https://waytochurch.com/lyrics/song/3090,454,557
3091,sri yesundu janminche reyilo,శ్రీ యేసుండు జన్మించె రేయిలో న,కొమ్ము కృప,Andhra Kristava Keerthanalu,యేసుని జననముChristmas,ragam: ముఖారి-mukhaari,TELUGU,2014-10-16,https://waytochurch.com/lyrics/song/3091,607,732
3092,laalilaali laali laalamma laal,లాలిలాలి లాలి లాలమ్మ లాలీ లాలి,తిరుకోవళ్లూరి స్టీవెన్,Andhra Kristava Keerthanalu,Christmas క్రీస్తుని మహిమ,ragam: మధ్యమావతి-maDhyamaavathi,TELUGU,2014-10-16,https://waytochurch.com/lyrics/song/3092,416,530
3093,raare gollavaaralaaraa naeti r,రారె గొల్లవారలారా నేటి రాత్రి,,Andhra Kristava Keerthanalu,గొల్లల గానము,ragam: ఆనందభైరవి-aanMdhabhairavi,TELUGU,2014-10-16,https://waytochurch.com/lyrics/song/3093,378,467
3094,ishraayaeleeyula dhaevumdae ye,ఇశ్రాయేలీయుల దేవుండే యెంతో స్త,మల్లెల దావీదు,Andhra Kristava Keerthanalu,జెకర్యా పాట,ragam: బ్యాగు-byaagu,TELUGU,2014-10-16,https://waytochurch.com/lyrics/song/3094,995,1307
3095,naadhu praanamu prabhuni migul,నాదు ప్రాణము ప్రభుని మిగుల ఘ న,భవవాసి నమూయేలు,Andhra Kristava Keerthanalu,కన్య మరియ పాట,ragam: హిందుస్థాని తోడి-hiMdhusThaani thoadi,TELUGU,2014-10-16,https://waytochurch.com/lyrics/song/3095,958,1250
3096,nee samaadhaanamu dhaasuni kip,నీ సమాధానము దాసుని కిప్పుడు నా,నమూయేలు పాక్యవాధము,Andhra Kristava Keerthanalu,సుమెయోను పాట,ragam: శంకరాభరణము-shMkaraabharaNamu,TELUGU,2014-10-16,https://waytochurch.com/lyrics/song/3096,425,551
3097,,,ఫ్రెడెరిక్ ఓకెలీ,Andhra Kristava Keerthanalu,O come all ye faithful,,TELUGU,,https://waytochurch.com/lyrics/song/3097,582,722
3098,,,చార్లెస్ వెస్లీ,Andhra Kristava Keerthanalu,Christmas,,TELUGU,,https://waytochurch.com/lyrics/song/3098,548,688
3099,suddharatri saddhanamga nandaru,శుద్ధరాత్రి సద్ధణంగనందఱు ని,బోసెఫ్ మోర్,Andhra Kristava Keerthanalu,"Silent night, Holy nightChristmas",,TELUGU,2014-10-16,https://waytochurch.com/lyrics/song/3099,371,457
3100,,,ఎడ్మండ్ హేమిల్టన్ పియర్స్,Andhra Kristava Keerthanalu,Christmas It came upon the midnight clear,,TELUGU,,https://waytochurch.com/lyrics/song/3100,687,861
3101,,,జాన్ బైరొం,Andhra Kristava Keerthanalu,"Christians awake, salute the happy morn",,TELUGU,,https://waytochurch.com/lyrics/song/3101,740,943
3102,,,ఐజక్ వాట్స్,Andhra Kristava Keerthanalu,"Joy to the world, The Lord is come",,TELUGU,,https://waytochurch.com/lyrics/song/3102,314,377
3103,,,జేమ్సు మాంట్ గోమరీ,Andhra Kristava Keerthanalu,Angles from the realms of glory,,TELUGU,,https://waytochurch.com/lyrics/song/3103,584,706
3104,vachchigaabriyaelu palkenu mar,వచ్చిగాబ్రియేలు పల్కెను మరియ మ,పురుషోత్తమ చౌదరి,Andhra Kristava Keerthanalu,దూత మరియను దర్శించుట,ragam: ఆనందభైరవి-aanMdhabhairavi,TELUGU,2014-10-16,https://waytochurch.com/lyrics/song/3104,532,692
3105,,,ఫిలిఫ్ బ్రూక్స్,Andhra Kristava Keerthanalu,O Little Town of Bethlehem,,TELUGU,,https://waytochurch.com/lyrics/song/3105,601,736
3106,,,రెజినాల్డ్ హెబర్,Andhra Kristava Keerthanalu,Brightest and Best of the Sons,,TELUGU,,https://waytochurch.com/lyrics/song/3106,533,670
3107,udhayinchinaadu kristhudu nedu,ఉదయించినాఁడు క్రీస్తుఁడు నేఁడు,పురుషోత్తమ చౌదరి,Andhra Kristava Keerthanalu,'నేడు రక్షకుడు మీకు పుట్టీయున్నడు'Christmas,ragam: సురటి-surati,TELUGU,2014-10-16,https://waytochurch.com/lyrics/song/3107,562,744
3108,koniyaada dharame ninnu koama,కొనియాడఁ దరమె నిన్ను కోమల హృదయ,వంతగాని పరదేశి,Andhra Kristava Keerthanalu,"బాలయేసునకు స్వాగతము,Christmas",ragam: కమాసు-kamaasu,TELUGU,2014-10-16,https://waytochurch.com/lyrics/song/3108,621,787
3109,chimtha laedhiaoka yaesu putte,చింత లేదిఁక యేసు పుట్టెను వింత,ఎన్ డి  ఏబెల్,Andhra Kristava Keerthanalu,కరుణగల రక్షకుడు,ragam: బిలహరి-bilahari,TELUGU,2014-10-16,https://waytochurch.com/lyrics/song/3109,541,683
3110,putte yaesuaodu naeaodu manaku,పుట్టె యేసుఁడు నేఁడు మనకు పుణ్,ఫేలిక్స్ ఆండ్రు,Andhra Kristava Keerthanalu,Christmas మెస్సీయా జన్మము,ragam: హరికాంభోజి-harikaaMbhoaji,TELUGU,2014-10-16,https://waytochurch.com/lyrics/song/3110,389,479
3111,raeaodu messeeya janmimchenu s,ఱేఁడు మెస్సీయ జన్మించెను శ్రీద,ఎస్  జేమ్స్,Andhra Kristava Keerthanalu,మెస్సీయా జన్మము,ragam: ఆనందభైరవి-aanMdhabhairavi,TELUGU,2014-10-16,https://waytochurch.com/lyrics/song/3111,1036,1306
3112,rakshakundudayinchinadata manakoraku,రక్షకుండుదయించ్నాఁడఁట మనకొరకుఁ,మోచర్ల రాఘవయ్య,Andhra Kristava Keerthanalu,రక్షకుని జననముChristmas,ragam: మధ్యమావతి-maDhyamaavathi,TELUGU,2014-10-16,https://waytochurch.com/lyrics/song/3112,653,812
3113,emthoa ghanamaguvaaralu parish,ఎంతో ఘనమగువారలు పరిశుద్ధులు ఎం,బన్యన్ జోసఫ్,Andhra Kristava Keerthanalu,ఘనమగు పరిశుద్ధులు,ragam: కళ్యాణి-kaLyaaNi,TELUGU,2014-10-16,https://waytochurch.com/lyrics/song/3113,1869,2377
3114,madhyapaana priyulu gaakumdi p,మద్యపాన ప్రియులు గాకుండి ప్రియ,నేలటూరి లూకర్,Andhra Kristava Keerthanalu,మద్యపానములోని మోసము,ragam: నాదనామ క్రియ-naadhanaama kriy,TELUGU,2014-10-16,https://waytochurch.com/lyrics/song/3114,1037,1297
3115,parama vaidhyuaoda bhaaratheey,పరమ వైద్యుఁడ భారతీయుల వ్యాధి బ,మల్లెల దావీదు,Andhra Kristava Keerthanalu,క్రీస్తు అనుగ్రహించు స్వస్థత,ragam: మిశ్రమ-mishram,TELUGU,2014-10-16,https://waytochurch.com/lyrics/song/3115,862,1138
3116,dhyaanimpa nae chiththamaa var,ధ్యానింప నే చిత్తమా వర్షాంతమున,పులిపాక జగన్నాధము,Andhra Kristava Keerthanalu,సంవత్సరాంత్య ధ్యానము,ragam: బిలహరి-bilahari,TELUGU,2014-10-16,https://waytochurch.com/lyrics/song/3116,738,957
3117,vmdhanm bonarthumoa prabhoa pr,వందనం బొనర్తుమో ప్రభో ప్రభో వం,మత్తయి సమూయేలు,Andhra Kristava Keerthanalu,New Year సాంవత్సరిక కృతజ్ఞతార్పణము,ragam: గుల్ రోజు-gul roaju,TELUGU,2014-10-16,https://waytochurch.com/lyrics/song/3117,768,957
3118,ghanadhaeva priya thanayumdaa,ఘనదేవ ప్రియ తనయుండా జగద్రక్షా,గొల్లపల్లి అంద్రెయ్య,Andhra Kristava Keerthanalu,క్రొత్త వత్సరము,ragam: రేగుప్తి-raegupthi,TELUGU,2014-10-16,https://waytochurch.com/lyrics/song/3118,1093,1461
3119,kroththa yaedu modhalu bettenu,క్రొత్త యేడు మొదలు బెట్టెను మన,పులిపాక జగన్నాధము,Andhra Kristava Keerthanalu,క్రొత్త సంవత్సరముNew Year,ragam: కాంభోజి-kaaMbhoaji,TELUGU,2014-10-16,https://waytochurch.com/lyrics/song/3119,934,1181
3120,dhaivapraema manalanepudu bmdh,దైవప్రేమ మనలనెపుడు బంధించుగా ద,ఎ చార్లెస్ కిన్సింగర్,Andhra Kristava Keerthanalu,ప్రభువు మీతో నుండుగాక,ragam: తిల్కా మోద్-thilkaa moadh,TELUGU,2014-10-16,https://waytochurch.com/lyrics/song/3120,458,594
3121,sthoathramu saeyarae soadharul,స్తోత్రము సేయరే సోదరులార మన యా,గొల్లపల్లి నతానియేలు,Andhra Kristava Keerthanalu,వీడ్కోలు శుభములు,ragam: శంకరాభరణము-shMkaraabharaNamu,TELUGU,2014-10-16,https://waytochurch.com/lyrics/song/3121,834,1058
3122,,,జాన్ ఫాసెట్,Andhra Kristava Keerthanalu,Blest be the tie that binds,,TELUGU,,https://waytochurch.com/lyrics/song/3122,266,325
3123,,,జెర్మియా ఇ రేంకిన్,Andhra Kristava Keerthanalu,God be with you till we meet again,,TELUGU,,https://waytochurch.com/lyrics/song/3123,437,535
3124,dhaeshasaevaojaesi dhaeva dhaa,దేశసేవఁజేసి దేవ దాసులై వర్ధిల్,మార్తాండ జ్ఞాన ప్రకాశము,Andhra Kristava Keerthanalu,మాతృదేశ సేవ,ragam: హిందూస్థాని-hiMdhoosThaani,TELUGU,2014-10-16,https://waytochurch.com/lyrics/song/3124,589,778
3125,,,,Andhra Kristava Keerthanalu,జాతీయ గీతము,,TELUGU,,https://waytochurch.com/lyrics/song/3125,244,373
3126,prabhuvaa mammunudheevimchi pm,ప్రభువా మమ్మునుదీవించి పంపుము,మొలతాటి విద్యానందము,Andhra Kristava Keerthanalu,ఆరాధన ముగింపు,ragam: భీంప్లాస్-bheeMplaas,TELUGU,2014-10-16,https://waytochurch.com/lyrics/song/3126,515,654
3127,,,,Andhra Kristava Keerthanalu,,,TELUGU,,https://waytochurch.com/lyrics/song/3127,82,108
3128,,,,Andhra Kristava Keerthanalu,,,TELUGU,,https://waytochurch.com/lyrics/song/3128,158,192
3129,yehoava ninnu aasheervadhimchi kaa paa,యెహోవ నిన్ను ఆశీర్వదించి కా పా,వై వందనం విల్సన్,Andhra Kristava Keerthanalu,,,TELUGU,2014-10-16,https://waytochurch.com/lyrics/song/3129,201,251
3130,,,జె నియాండెర్,Andhra Kristava Keerthanalu,"Praise to the Lord, the Almighty",,TELUGU,,https://waytochurch.com/lyrics/song/3130,580,720
3131,,,జాన్ బౌరింగ్,Andhra Kristava Keerthanalu,In the cross of christ I Glory,,TELUGU,,https://waytochurch.com/lyrics/song/3131,336,409
3132,,,మార్టిన్ లూధర్,Andhra Kristava Keerthanalu,"Come holy spirit, God and Lord",,TELUGU,,https://waytochurch.com/lyrics/song/3132,528,650
3133,,,జె ఫ్రాంక్,Andhra Kristava Keerthanalu,Deck thyself with joy and gladness,,TELUGU,,https://waytochurch.com/lyrics/song/3133,831,1031
3134,,,ఎ రిస్పీ,Andhra Kristava Keerthanalu,Got Ist die Lie be,,TELUGU,,https://waytochurch.com/lyrics/song/3134,464,543
3135,mahima noppu janaka neeku mahi,మహిమ నొప్పు జనక నీకు మహిత సుతు,యెషయా వీరమార్టిన్,Andhra Kristava Keerthanalu,త్ర్యేక దేవ మహిమ,ragam: జంఝూటి-jMjhooti,TELUGU,2014-10-16,https://waytochurch.com/lyrics/song/3135,230,296
3136,kaluguaogaaka dhaevaa kaluguao,కలుగుఁగాక దేవా కలుగుఁగాక కలుగు,పులిపాక జగన్నాధము,Andhra Kristava Keerthanalu,దైవాశీర్వాదము,ragam: పంతువరాళి-pMthuvaraaLi,TELUGU,2014-10-16,https://waytochurch.com/lyrics/song/3136,292,379
3137,dheevenathoa selavimmu karthaa,దీవెనతో సెలవిమ్ము కర్తా మాకు న,,Andhra Kristava Keerthanalu,స్తుతిగానము,ragam: రేగూప్తి-raegoopthi,TELUGU,2014-10-16,https://waytochurch.com/lyrics/song/3137,427,543
3138,pmpumu dhaevaa dheevenalathoaa,పంపుము దేవా దీవెనలతోఁ పంపుము ద,పులిపాక జగన్నాధము,Andhra Kristava Keerthanalu,ముగంపు పాట,ragam: శ్రీరాగము-shreeraagamu,TELUGU,2014-10-16,https://waytochurch.com/lyrics/song/3138,353,433
3139,maa dhaevunakunu sthoathamulu mahimayu,మా దేవునకును స్తోతములు మహిమయు,మొలతాటి విద్యానందము,Andhra Kristava Keerthanalu,ముగింపు స్తుతి,ragam: భీంప్లాస్-bheeMplaas,TELUGU,2014-10-16,https://waytochurch.com/lyrics/song/3139,136,173
3140,,,జాన్ ఫాసెట్,Andhra Kristava Keerthanalu,Lord! dismiss us with Thy blessing,,TELUGU,,https://waytochurch.com/lyrics/song/3140,163,195
3141,,,తామస్ కెన్,Andhra Kristava Keerthanalu,Praise God from whom all blessings flow,,TELUGU,,https://waytochurch.com/lyrics/song/3141,104,119
3142,,,,Andhra Kristava Keerthanalu,Doxology,,TELUGU,,https://waytochurch.com/lyrics/song/3142,94,116
3143,,అంధుడా రావా అరమరయేల అడుగోనయ్య,,Andhra Kristava Keerthanalu,,,TELUGU,2014-10-16,https://waytochurch.com/lyrics/song/3143,676,866
3144,emthajaali yaesuvaa yimthayani,ఎంతజాలి యేసువా యింతయని యూహించల,,Andhra Kristava Keerthanalu,,,TELUGU,2014-10-16,https://waytochurch.com/lyrics/song/3144,657,836
3145,,,,Andhra Kristava Keerthanalu,,,TELUGU,,https://waytochurch.com/lyrics/song/3145,601,745
3146,emdhukoa nannimthagaa neevu pr,ఎందుకో నన్నింతగా నీవు ప్రేమించ,,Andhra Kristava Keerthanalu,,,TELUGU,2014-10-16,https://waytochurch.com/lyrics/song/3146,673,832
3147,aahaaaaamthyatheerpu nmdh,ఆహాఆఅంత్యతీర్పు నందున,,Andhra Kristava Keerthanalu,,,TELUGU,2014-10-16,https://waytochurch.com/lyrics/song/3147,657,816
3148,oa yaesu nee praema emthoa mah,ఓ యేసు నీ ప్రేమ ఎంతో మహనీయము,,Andhra Kristava Keerthanalu,,,TELUGU,2014-10-16,https://waytochurch.com/lyrics/song/3148,654,845
3149,oa smghamaa sarvaamgamaa paral,ఓ సంఘమా సర్వాంగమా పరలోకరాజ్యపు,,Andhra Kristava Keerthanalu,,,TELUGU,2014-10-16,https://waytochurch.com/lyrics/song/3149,953,1236
3150,katina hrudhayamaa karugava dh,కఠిన హృదయమా కరుగవ దేవుని గడువు,,Andhra Kristava Keerthanalu,,,TELUGU,2014-10-16,https://waytochurch.com/lyrics/song/3150,1014,1293
3151,kalvariloani shraeshtudaa karu,కల్వరిలోని శ్రేష్టుడా కరుణభరిత,,Andhra Kristava Keerthanalu,,,TELUGU,2014-10-16,https://waytochurch.com/lyrics/song/3151,738,917
3152,kummaree oa kummaree jagadhuth,కుమ్మరీ ఓ కుమ్మరీ జగదుత్పత్తిద,,Andhra Kristava Keerthanalu,,,TELUGU,2014-10-16,https://waytochurch.com/lyrics/song/3152,612,733
3153,,,,Andhra Kristava Keerthanalu,,,TELUGU,,https://waytochurch.com/lyrics/song/3153,746,937
3154,aanmdhamaanmdha maayenu naadhu,ఆనందమానంద మాయెను నాదు ప్రియకుమ,,Andhra Kristava Keerthanalu,,,TELUGU,2014-10-16,https://waytochurch.com/lyrics/song/3154,961,1218
3155,kraisthavumdaa kadhiliraavayya,క్రైస్తవుండా కదిలిరావయ్యా కలుష,,Andhra Kristava Keerthanalu,,,TELUGU,2014-10-16,https://waytochurch.com/lyrics/song/3155,1296,1658
3156,,,,Andhra Kristava Keerthanalu,,,TELUGU,,https://waytochurch.com/lyrics/song/3156,417,542
3157,gaganamu cheelchukoni yaesu gh,గగనము చీల్చుకొని యేసు ఘనులను త,,Andhra Kristava Keerthanalu,EasterSecond Comming,,TELUGU,2014-10-16,https://waytochurch.com/lyrics/song/3157,310,423
3158,geetam geetam jaya jaya geetham,గీతం గీతం జయ జయగీతం చేయితట్టి,,Andhra Kristava Keerthanalu,,,TELUGU,2014-10-16,https://waytochurch.com/lyrics/song/3158,426,552
3159,,దుష్టుల ఆలోచన చొప్పున నడువక,,Zion Songs Telugu,కీర్తనలు Zion,,TELUGU,2014-10-16,https://waytochurch.com/lyrics/song/3159,613,776
3160,,అన్యజనులేల లేచి గల్లత్తు చేయుచున్నారు,,Zion Songs Telugu,కీర్తనలు Zion,,TELUGU,2014-10-16,https://waytochurch.com/lyrics/song/3160,837,1034
3161,,యెహోవా మా ప్రభువా భూమి ఆకాశములో,,Zion Songs Telugu,కీర్తనలు Zion,,TELUGU,2014-10-16,https://waytochurch.com/lyrics/song/3161,676,882
3162,,స్తుతింతున్ స్తుతింతున్ నాకాలోచన కర్తయగు దేవుని,,Zion Songs Telugu,కీర్తనలు Zion,,TELUGU,2014-10-16,https://waytochurch.com/lyrics/song/3162,774,958
3163,,యెహావా నా బలమా యధార్థమైనది నీ మార్గం,,Zion Songs Telugu,కీర్తనలు Zion,,TELUGU,2014-10-16,https://waytochurch.com/lyrics/song/3163,1050,1356
3164,,యాకోబు దేవుడాపద కాలంబుల యందు,,Zion Songs Telugu,కీర్తనలు Zion,,TELUGU,2014-10-16,https://waytochurch.com/lyrics/song/3164,696,889
3165,,నాదు దేవా నాదు దేవా నన్నేల విడనాడితివయ్యా,,Zion Songs Telugu,కీర్తనలు Zion,,TELUGU,2014-10-16,https://waytochurch.com/lyrics/song/3165,869,1079
3166,,యెహోవా నా కాపరి లేమి లేదు,,Zion Songs Telugu,కీర్తనలు Zion,,TELUGU,2014-10-16,https://waytochurch.com/lyrics/song/3166,578,725
3167,,నీవే యెహోవా నా కాపరివి,,Zion Songs Telugu,కీర్తనలు Zion,,TELUGU,2014-10-16,https://waytochurch.com/lyrics/song/3167,582,739
3168,,యెహోవా నా కాపరి నాకు లేమి లేదు,,Zion Songs Telugu,కీర్తనలు Zion,,TELUGU,2014-10-16,https://waytochurch.com/lyrics/song/3168,387,499
3169,,యేసు ప్రభూ కాపరి నాకు వాసిగా స్తుతించెదన్,,Zion Songs Telugu,కీర్తనలు Zion,,TELUGU,2014-10-16,https://waytochurch.com/lyrics/song/3169,594,737
3170,,భూమియు దాని సంపూర్ణత లోకము దాని నివాసులెహోవావే,,Zion Songs Telugu,కీర్తనలు Zion,,TELUGU,2014-10-16,https://waytochurch.com/lyrics/song/3170,732,952
3171,,దేవా నీ ముఖమును నాకు దాచకుము నా ప్రభువా,,Zion Songs Telugu,కీర్తనలు Zion,,TELUGU,2014-10-16,https://waytochurch.com/lyrics/song/3171,665,835
3172,,ఉదయ సాయంత్రముల నెల్లవేళల ప్రభువా,,Zion Songs Telugu,కీర్తనలు Zion,,TELUGU,2014-10-16,https://waytochurch.com/lyrics/song/3172,960,1207
3173,,యెహోవా నాదేవా నిత్యము నేను నిన్ను స్తుతియించెద,,Zion Songs Telugu,కీర్తనలు Zion,,TELUGU,2014-10-16,https://waytochurch.com/lyrics/song/3173,993,1243
3174,,ఎవ్వని అతిక్రమములు మన్నింపబడెనో,,Zion Songs Telugu,కీర్తనలు Zion,,TELUGU,2014-10-16,https://waytochurch.com/lyrics/song/3174,755,954
3175,,సన్నుతింతు నెప్పుడెహోవాను తన కీర్తి నా నోట నుండును,,Zion Songs Telugu,కీర్తనలు Zion,,TELUGU,2014-10-16,https://waytochurch.com/lyrics/song/3175,529,655
3176,pillalaaraa naa maata vinudi yehoavaa ymdhu bhakthi naerpedhanu,పిల్లలారా నా మాట వినుడి యెహోవా యందు భక్తి నేర్పెదను,,Zion Songs Telugu,కీర్తనలు Zion,,TELUGU,2014-10-16,https://waytochurch.com/lyrics/song/3176,593,734
3177,,వ్యసనపడకుము నీవు చెడ్డవారలను జూచినయపుడు,,Zion Songs Telugu,కీర్తనలు Zion,,TELUGU,2014-10-16,https://waytochurch.com/lyrics/song/3177,807,998
3178,,యెహోవా నీ కోపమును చేత గద్దింపకుము ఆ,,Zion Songs Telugu,కీర్తనలు Zion,,TELUGU,2014-10-16,https://waytochurch.com/lyrics/song/3178,900,1124
3179,,యెహోవా కొరకు సహనముతో కనిపెట్టన్,,Zion Songs Telugu,కీర్తనలు Zion,,TELUGU,2014-10-16,https://waytochurch.com/lyrics/song/3179,929,1173
3180,,నీటి వాగుల కొరకు దుప్పి ఆశపడునట్లు,,Zion Songs Telugu,కీర్తనలు Zion,,TELUGU,2014-10-16,https://waytochurch.com/lyrics/song/3180,706,893
3181,,నీ వెలుగు నీ సత్యము బయలు దేరనిమ్ము,,Zion Songs Telugu,కీర్తనలు Zion,,TELUGU,2014-10-16,https://waytochurch.com/lyrics/song/3181,479,594
3182,,కుమారి ఆలకించు నీ వాలోచించి,,Zion Songs Telugu,కీర్తనలు Zion,,TELUGU,2014-10-16,https://waytochurch.com/lyrics/song/3182,979,1218
3183,,దేవుడే మనకాశ్రయమును,,Zion Songs Telugu,కీర్తనలు Zion,,TELUGU,2014-10-16,https://waytochurch.com/lyrics/song/3183,853,1080
3184,,సర్వజనులారా చప్పట్లు కొట్టి పాడుడి,,Zion Songs Telugu,కీర్తనలు Zion,,TELUGU,2014-10-16,https://waytochurch.com/lyrics/song/3184,741,926
3185,,మన దేవుని పట్టణమందాయన పరిశుద్ధ పర్వతమందు,,Zion Songs Telugu,కీర్తనలు Zion,,TELUGU,2014-10-16,https://waytochurch.com/lyrics/song/3185,851,1095
3186,,సర్వజనులారా వినుడి మీరేకంబుగా వినుడి,,Zion Songs Telugu,కీర్తనలు Zion,,TELUGU,2014-10-16,https://waytochurch.com/lyrics/song/3186,829,1037
3187,,యెహోవా నా దేవా,,Zion Songs Telugu,కీర్తనలు Zion,,TELUGU,2014-10-16,https://waytochurch.com/lyrics/song/3187,852,1033
3188,,దేవా నీ కృపచొప్పున నన్ను కరుణింపుము,,Zion Songs Telugu,కీర్తనలు Zion,,TELUGU,2014-10-16,https://waytochurch.com/lyrics/song/3188,852,1033
3189,,దేవా నా దేవుడవు నీవే వేకువనే నిన్ను వెదకుదును,,Zion Songs Telugu,కీర్తనలు Zion,,TELUGU,2014-10-16,https://waytochurch.com/lyrics/song/3189,927,1174
3190,,సర్వలోక నివాసులారా ఆనందించు డెల్లరు,,Zion Songs Telugu,కీర్తనలు Zion,,TELUGU,2014-10-16,https://waytochurch.com/lyrics/song/3190,708,890
3191,,నీ మార్గము దేవా భూమి మీద కనబడునట్లు,,Zion Songs Telugu,కీర్తనలు Zion,,TELUGU,2014-10-16,https://waytochurch.com/lyrics/song/3191,534,679
3192,,క్రీస్తుని నామము నిత్యము నిల్చున్,,Zion Songs Telugu,కీర్తనలు Zion,,TELUGU,2014-10-16,https://waytochurch.com/lyrics/song/3192,560,677
3193,,యూదాలో దేవుడు ప్రసిద్ధుడు ఇశ్రాయేలులో తన నామము గొప్పది,,Zion Songs Telugu,కీర్తనలు Zion,,TELUGU,2014-10-16,https://waytochurch.com/lyrics/song/3193,931,1186
3194,,దేవునికి మొఱ్ఱపెట్టుదును ఎలుగెత్తి చెవియొగ్గువరకు మనవి చేయుచుందును,,Zion Songs Telugu,కీర్తనలు Zion,,TELUGU,2014-10-16,https://waytochurch.com/lyrics/song/3194,911,1124
3195,,మన బలమైన యాకోబు దేవునికి గానము సంతోషముగా పాడుడి,,Zion Songs Telugu,కీర్తనలు Zion,,TELUGU,2014-10-16,https://waytochurch.com/lyrics/song/3195,993,1239
3196,,సైన్యముల కధిపతివగు యెహోవా,,Zion Songs Telugu,కీర్తనలు Zion,,TELUGU,2014-10-16,https://waytochurch.com/lyrics/song/3196,822,1025
3197,,సైన్యముల యెహోవా,,Zion Songs Telugu,కీర్తనలు Zion,,TELUGU,2014-10-16,https://waytochurch.com/lyrics/song/3197,822,1025
3198,,ప్రభువు సెలవిచ్చుదాని నాలకింతును,,Zion Songs Telugu,కీర్తనలు Zion,,TELUGU,2014-10-16,https://waytochurch.com/lyrics/song/3198,570,733
3199,,ప్రభువా తరతరముల నుండి మాకు నివాసస్థలము నీవే,,Zion Songs Telugu,కీర్తనలు Zion,,TELUGU,2014-10-16,https://waytochurch.com/lyrics/song/3199,877,1068
3200,,దేవా తరతరములకు మానివాసస్థలము నీవే,,Zion Songs Telugu,కీర్తనలు Zion,,TELUGU,2014-10-16,https://waytochurch.com/lyrics/song/3200,673,839
3201,,మహోన్నతుని చాటున వసియించువాడే ధన్యుండు,,Zion Songs Telugu,కీర్తనలు Zion,,TELUGU,2014-10-16,https://waytochurch.com/lyrics/song/3201,1061,1352
3202,,సర్వోన్నతుని చాటున నివసించెడి వాడే,,Zion Songs Telugu,కీర్తనలు Zion,,TELUGU,2014-10-16,https://waytochurch.com/lyrics/song/3202,808,1023
3203,,తన రెక్కల క్రింద నీకు ఆశ్రయము తన రెక్కలతో కప్పును,,Zion Songs Telugu,కీర్తనలు Zion,,TELUGU,2014-10-16,https://waytochurch.com/lyrics/song/3203,808,1023
3204,,యెహోవాను స్తుతించుట మంచిది మహోన్నతుడా,,Zion Songs Telugu,కీర్తనలు Zion,,TELUGU,2014-10-16,https://waytochurch.com/lyrics/song/3204,984,1235
3205,,రండి యెహోవానుగూర్చి సంతోష గానము చేయుదము,,Zion Songs Telugu,కీర్తనలు Zion,,TELUGU,2014-10-16,https://waytochurch.com/lyrics/song/3205,523,687
3206,,యెహోవా మీద క్రొత్త కీర్తన పాడుడి,,Zion Songs Telugu,కీర్తనలు Zion,,TELUGU,2014-10-16,https://waytochurch.com/lyrics/song/3206,598,772
3207,,యెహోవాకు పాడుడి,,Zion Songs Telugu,కీర్తనలు Zion,,TELUGU,2014-10-16,https://waytochurch.com/lyrics/song/3207,598,772
3208,,సమస్త దేశములారా అందరు పాడుడి అందరు పాడుడి,,Zion Songs Telugu,కీర్తనలు Zion,,TELUGU,2014-10-16,https://waytochurch.com/lyrics/song/3208,561,725
3209,,సమస్త జనులారా మీరు యెహోవాకు స్తుతిగానము పాడి,,Zion Songs Telugu,కీర్తనలు Zion,,TELUGU,2014-10-16,https://waytochurch.com/lyrics/song/3209,843,1044
3210,,స్తుతియించు ప్రభున్ స్తుతియించు నీవు,,Zion Songs Telugu,కీర్తనలు Zion,,TELUGU,2014-10-16,https://waytochurch.com/lyrics/song/3210,970,1224
3211,,వారాయనను జనసమాజములో ఘనపరచుదురు గాక,,Zion Songs Telugu,కీర్తనలు Zion,,TELUGU,2014-10-16,https://waytochurch.com/lyrics/song/3211,911,1183
3212,,దేవా నా హృదయము నీయందు స్థిరమాయెన్,,Zion Songs Telugu,కీర్తనలు Zion,,TELUGU,2014-10-16,https://waytochurch.com/lyrics/song/3212,541,700
3213,,స్తుతింతున్ దేవుని సభలో స్తుతింతున్ హల్లెలూయ,,Zion Songs Telugu,కీర్తనలు Zion,,TELUGU,2014-10-16,https://waytochurch.com/lyrics/song/3213,700,862
3214,,యెహోవా నీ యొక్క మాట చొప్పున,,Zion Songs Telugu,కీర్తనలు Zion,,TELUGU,2014-10-16,https://waytochurch.com/lyrics/song/3214,836,1030
3215,,నా శ్రమలో నేను యెహోవాకు మొఱలిడితిని,,Zion Songs Telugu,కీర్తనలు Zion,,TELUGU,2014-10-16,https://waytochurch.com/lyrics/song/3215,491,617
3216,,కొండలతట్టు కన్ను లెత్తుచున్నాను నాకు సాయమెచ్చట నుండి వచ్చును,,Zion Songs Telugu,కీర్తనలు Zion,,TELUGU,2014-10-16,https://waytochurch.com/lyrics/song/3216,604,732
3217,,యెహోవా మందిరమునకు వెళ్లుదమని జనులు అనినప్పుడు సంతోషించితిని,,Zion Songs Telugu,కీర్తనలు Zion,,TELUGU,2014-10-16,https://waytochurch.com/lyrics/song/3217,758,937
3218,,యెహోవా మందిరమునకు నడిచెదము,,Zion Songs Telugu,కీర్తనలు Zion,,TELUGU,2014-10-16,https://waytochurch.com/lyrics/song/3218,758,937
3219,,యెహోవా ఇల్లు కట్టించని యెడల,,Zion Songs Telugu,కీర్తనలు Zion,,TELUGU,2014-10-16,https://waytochurch.com/lyrics/song/3219,1045,1313
3220,,యెహోవా అగాధ స్థలములలో నుండి నీకు మొఱ్ఱపెట్టుచున్నాను,,Zion Songs Telugu,కీర్తనలు Zion,,TELUGU,2014-10-16,https://waytochurch.com/lyrics/song/3220,604,730
3221,,సహోదరులు ఐక్యత కల్గి వసించుట,,Zion Songs Telugu,కీర్తనలు Zion,,TELUGU,2014-10-16,https://waytochurch.com/lyrics/song/3221,401,508
3222,,యెహోవా సేవకులారా స్తుతించుడి ఆయన నామమును స్తుతించుడి,,Zion Songs Telugu,కీర్తనలు Zion,,TELUGU,2014-10-16,https://waytochurch.com/lyrics/song/3222,959,1226
3223,,యెహోవాను స్తుతించుడి ఆయన దయాళుడు,,Zion Songs Telugu,కీర్తనలు Zion,,TELUGU,2014-10-16,https://waytochurch.com/lyrics/song/3223,589,736
3224,,ఆయన కృప నిరంతరముండును,,Zion Songs Telugu,కీర్తనలు Zion,,TELUGU,2014-10-16,https://waytochurch.com/lyrics/song/3224,589,736
3225,,యెహోవా నీవు నన్ను పరిశీలించి తెలిసికొంటివి,,Zion Songs Telugu,కీర్తనలు Zion Easter,,TELUGU,2014-10-16,https://waytochurch.com/lyrics/song/3225,769,922
3226,,యెహోవాయే దయాదాక్షిణ్యములు కలిగినవాడు,,Zion Songs Telugu,కీర్తనలు Zion,,TELUGU,2014-10-16,https://waytochurch.com/lyrics/song/3226,708,895
3227,,యెహోవా అందరికి మహోపకారుండు,,Zion Songs Telugu,కీర్తనలు Zion,,TELUGU,2014-10-16,https://waytochurch.com/lyrics/song/3227,708,895
3228,,ఓ నాదు యేసురాజా నిన్ను నే నుతించెదను,,Zion Songs Telugu,కీర్తనలు Zion,,TELUGU,2014-10-16,https://waytochurch.com/lyrics/song/3228,524,661
3229,,హల్లెలూయ నా ప్రాణమా యెహోవాను స్తుతించు,,Zion Songs Telugu,కీర్తనలు Zion,,TELUGU,2014-10-16,https://waytochurch.com/lyrics/song/3229,1056,1329
3230,,దేవునికి స్తోత్రము గానము చేయుటయే మంచిది,,Zion Songs Telugu,కీర్తనలు Zion,,TELUGU,2014-10-16,https://waytochurch.com/lyrics/song/3230,1071,1345
3231,,స్తుతించుడి శుద్ధుడెహోవాను స్తుతించుడి,,Zion Songs Telugu,కీర్తనలు Zion,,TELUGU,2014-10-16,https://waytochurch.com/lyrics/song/3231,914,1162
3232,,స్తుతించుడాయన నాకాశవాసులారా,,Zion Songs Telugu,కీర్తనలు Zion,,TELUGU,2014-10-16,https://waytochurch.com/lyrics/song/3232,914,1162
3233,,స్తుతించుడి యెహోవా దేవుని సూర్యచంద్రులారా,,Zion Songs Telugu,కీర్తనలు Zion,,TELUGU,2014-10-16,https://waytochurch.com/lyrics/song/3233,658,830
3234,,యెహోవాకు స్తుతులు పాడండి మీరు,,Zion Songs Telugu,కీర్తనలు Zion,,TELUGU,2014-10-16,https://waytochurch.com/lyrics/song/3234,697,904
3235,,యెహోవాకు క్రొత్త కీర్తన పాడుడి యెహోవాను స్తుతించుడి,,Zion Songs Telugu,కీర్తనలు Zion,,TELUGU,2014-10-16,https://waytochurch.com/lyrics/song/3235,626,804
3236,,దేవుని స్తుతియించుడి ఎల్లప్పుడు,,Zion Songs Telugu,కీర్తనలు Zion,,TELUGU,2014-10-16,https://waytochurch.com/lyrics/song/3236,971,1208
3237,,హల్లెలూయ యేసు ప్రభున్ యెల్లరు స్తుతియించుడి,,Zion Songs Telugu,కీర్తనలు Zion,,TELUGU,2014-10-16,https://waytochurch.com/lyrics/song/3237,1072,1307
3238,,స్తుతించుడి మీరు స్తుతించుడి,,Zion Songs Telugu,కీర్తనలు Zion,,TELUGU,2014-10-16,https://waytochurch.com/lyrics/song/3238,738,936
3239,seeyoanuku thirigi prabhuvu vaarini rappimchinappudu,సీయోనుకు తిరిగి ప్రభువు వారిని రప్పించినప్పుడు,,Zion Songs Telugu,కీర్తనలు Zion,,TELUGU,2014-10-16,https://waytochurch.com/lyrics/song/3239,644,801
3240,,అద్యంతరహితుడవగు మా జ్యోతి,,Zion Songs Telugu,ఆరాధన Zion,,TELUGU,2014-10-16,https://waytochurch.com/lyrics/song/3240,663,862
3241,,స్తుతించుడి స్తుతించుడి ఆయన మందిరపు ఆవరణములో,,Zion Songs Telugu,ఆరాధన Zion,,TELUGU,2014-10-16,https://waytochurch.com/lyrics/song/3241,562,711
3242,,ఆదియంతము లేనివాడా సంపూర్ణుడవగు మా దేవా,,Zion Songs Telugu,ఆరాధన Zion,,TELUGU,2014-10-16,https://waytochurch.com/lyrics/song/3242,567,705
3243,,కల్వరిలోని శ్రేష్టుడా కరుణా భరిత సింహమా,,Zion Songs Telugu,ఆరాధన Zion,,TELUGU,2014-10-16,https://waytochurch.com/lyrics/song/3243,818,1009
3244,,నా ప్రియ యేసు నీవే నా శ్రేయంపు రాజవు,,Zion Songs Telugu,ఆరాధన Zion,,TELUGU,2014-10-16,https://waytochurch.com/lyrics/song/3244,707,891
3245,,పరిశుద్ధ పరిశుద్ధ పరిశుద్ధ ప్రభువా వరదూతలైన నిన్ వర్ణింపగలరా,,Zion Songs Telugu,ఆరాధన Zion,,TELUGU,2014-10-16,https://waytochurch.com/lyrics/song/3245,368,496
3246,,మంగళమే యేసునకు మనుజావతారునకు,,Zion Songs Telugu,ఆరాధన Zion,,TELUGU,2014-10-16,https://waytochurch.com/lyrics/song/3246,475,601
3247,,సుందర రక్షకుడా మాదు స్వతంత్రమైన దేవా,,Zion Songs Telugu,ఆరాధన Zion,,TELUGU,2014-10-16,https://waytochurch.com/lyrics/song/3247,807,1012
3248,,స్తోత్రింతుము నిను మాదు తండ్రి సత్యముతో ఆత్మతో నెపుడు,,Zion Songs Telugu,ఆరాధన Zion,,TELUGU,2014-10-16,https://waytochurch.com/lyrics/song/3248,1039,1339
3249,,క్రీస్తు యేసు దయాళు ప్రభు నీవే సృష్టికర్తవు,,Zion Songs Telugu,ఆరాధన Zion,,TELUGU,2014-10-16,https://waytochurch.com/lyrics/song/3249,594,738
3250,,యేసు పరిశుద్ధ నామమునకు యెప్పుడు అధిక స్తోత్రమే,,Zion Songs Telugu,ఆరాధన Zion,,TELUGU,2014-10-16,https://waytochurch.com/lyrics/song/3250,571,739
3251,,యేసుకు మహిమ మహిమ యేసుకు మహిమ మహిమ,,Zion Songs Telugu,ఆరాధన Zion,,TELUGU,2014-10-16,https://waytochurch.com/lyrics/song/3251,515,633
3252,,యేసు సమసిన సిల్వ చెంత నే ప్రార్ధించిన స్థలమందు రక్తము,,Zion Songs Telugu,ఆరాధన Zion,,TELUGU,2014-10-16,https://waytochurch.com/lyrics/song/3252,515,633
3253,,సంస్తుతింతుము నిన్నే సౌలును విడచితివి,,Zion Songs Telugu,ఆరాధన Zion,,TELUGU,2014-10-16,https://waytochurch.com/lyrics/song/3253,662,829
3254,,యెహోవాను గానము చేసెదము యేకముగా,,Zion Songs Telugu,ఆరాధన Zion,,TELUGU,2014-10-16,https://waytochurch.com/lyrics/song/3254,627,813
3255,,ఆనందమానంద మాయెను నాదు ప్రియకుమారుని యందు,,Zion Songs Telugu,ఆరాధన Zion,,TELUGU,2014-10-16,https://waytochurch.com/lyrics/song/3255,1193,1507
3256,,సాగిలపడి మ్రొక్కెదము సత్యముతో,,Zion Songs Telugu,ఆరాధన Zion,,TELUGU,2014-10-16,https://waytochurch.com/lyrics/song/3256,845,1022
3257,,యెహోవా మహోన్నతుడా మహిమయు నీదే,,Zion Songs Telugu,ఆరాధన Zion,,TELUGU,2014-10-16,https://waytochurch.com/lyrics/song/3257,637,825
3258,,ఆశించుము ప్రభు యేసు పాదములను,,Zion Songs Telugu,ఆరాధన Zion,,TELUGU,2014-10-16,https://waytochurch.com/lyrics/song/3258,493,626
3259,,ప్రియయేసు ప్రియయేసు అతి ప్రియుడేసు పదివేలలో ఆయనే నా దిక్కుగా కెవ్వరు,,Zion Songs Telugu,ఆరాధన Zion,,TELUGU,2014-10-16,https://waytochurch.com/lyrics/song/3259,486,581
3260,,ఇదిగో నీ రాజు వచ్చుచుండె సీయోను కుమారి సంతోషించు,,Zion Songs Telugu,ఆరాధన Zion,,TELUGU,2014-10-16,https://waytochurch.com/lyrics/song/3260,685,865
3261,,శరణం శరణం శరణం దేవా కరుణ నాథుడా,,Zion Songs Telugu,ఆరాధన Zion,,TELUGU,2014-10-16,https://waytochurch.com/lyrics/song/3261,753,977
3262,,సాగిలపడి ఆరాధించెదము సత్యముతో ఆత్మతో శ్రీ యేసున్,,Zion Songs Telugu,ఆరాధన Zion,,TELUGU,2014-10-16,https://waytochurch.com/lyrics/song/3262,847,1064
3263,,యేసు తృప్తి పరచితివి ఆశతో నీ చరణము చేర,,Zion Songs Telugu,ఆరాధన Zion,,TELUGU,2014-10-16,https://waytochurch.com/lyrics/song/3263,585,754
3264,,పరమ పవిత్ర స్వర్గపిత జై ప్రభు జై ప్రభు సర్వ సదా,,Zion Songs Telugu,ఆరాధన Zion,,TELUGU,2014-10-16,https://waytochurch.com/lyrics/song/3264,713,878
3265,,యేసు మధుర నామము పాడుడి ప్రభు,,Zion Songs Telugu,ఆరాధన Zion,,TELUGU,2014-10-16,https://waytochurch.com/lyrics/song/3265,553,697
3266,,సర్వోన్నత స్థలంబులో దేవునికే మహిమ,,Zion Songs Telugu,ఆరాధన Zion,,TELUGU,2014-10-16,https://waytochurch.com/lyrics/song/3266,1736,2165
3267,,ప్రభుని స్మరించు యేసుని స్మరించు ఓ మనసా నా మనసా,,Zion Songs Telugu,ఆరాధన Zion,,TELUGU,2014-10-16,https://waytochurch.com/lyrics/song/3267,406,519
3268,,హర్షింతును హర్షింతును నా రక్షణకర్త నా దేవుని యందు,,Zion Songs Telugu,ఆరాధన Zion,,TELUGU,2014-10-16,https://waytochurch.com/lyrics/song/3268,759,934
3269,,నా ప్రాణ ప్రియుడా యేసురాజా,,Zion Songs Telugu,ఆరాధన Zion,,TELUGU,2014-10-16,https://waytochurch.com/lyrics/song/3269,855,1093
3270,,దేవదేవుని కొనియాడెదము అవిరత త్రియేకుని స్తోత్రింతుము,,Zion Songs Telugu,ఆరాధన Zion,,TELUGU,2014-10-16,https://waytochurch.com/lyrics/song/3270,894,1125
3271,,మధుర మధురము యేసు నామం,,Zion Songs Telugu,ఆరాధన Zion,,TELUGU,2014-10-16,https://waytochurch.com/lyrics/song/3271,469,575
3272,,పరిశుద్ధ ప్రభు యేసు స్తుతి స్తోత్రం నన్ను రక్షించినట్టి నా ప్రభువా,,Zion Songs Telugu,ఆరాధన Zion,,TELUGU,2014-10-16,https://waytochurch.com/lyrics/song/3272,526,647
3273,,జై జై జై జై రాజుల రాజా పాత్రుడ వీవే మా ప్రభు వీవే,,Zion Songs Telugu,ఆరాధన Zion,,TELUGU,2014-10-16,https://waytochurch.com/lyrics/song/3273,776,1001
3274,yehoavaaku paadudi paatan athi shraeshta kaaryamulanu chaesina vaadani,యెహోవాకు పాడుడి పాటన్ అతి శ్రేష్ఠ కార్యములను చేసిన వాడని,,Zion Songs Telugu,ఆరాధన Zion,,TELUGU,2014-10-16,https://waytochurch.com/lyrics/song/3274,511,646
3275,,యేసునాథా త్రిలోకనాథా లోకోద్ధారక క్రీస్తు దేవా,,Zion Songs Telugu,ఆరాధన Zion,,TELUGU,2014-10-16,https://waytochurch.com/lyrics/song/3275,503,666
3276,,సర్వశక్తుడు నాకు సర్వమాయనే,,Zion Songs Telugu,ఆరాధన Zion,,TELUGU,2014-10-16,https://waytochurch.com/lyrics/song/3276,466,623
3277,prabhoa needhu mahimanu paadi ninu sthuthimchuchunnaamu,ప్రభో నీదు మహిమను పాడి నిను స్తుతించుచున్నాము,,Zion Songs Telugu,ఆరాధన Zion,,TELUGU,2014-10-16,https://waytochurch.com/lyrics/song/3277,314,399
3278,oa yaesu nee praemaa emthoa mahaaneeyamu,ఓ యేసు నీ ప్రేమా ఎంతో మహానీయము,,Zion Songs Telugu,ఆరాధన Zion,,TELUGU,2014-10-16,https://waytochurch.com/lyrics/song/3278,698,896
3279,oa praemagala yaesu praemimchinaavu mammu,ఓ ప్రేమగల యేసు ప్రేమించినావు మమ్ము,,Zion Songs Telugu,ఆరాధన Zion,,TELUGU,2014-10-16,https://waytochurch.com/lyrics/song/3279,749,946
3280,hallelooya paadudi hallelooya paadudi,హల్లెలూయ పాడుడి హల్లెలూయ పాడుడి,,Zion Songs Telugu,ఆరాధన Zion,,TELUGU,2014-10-16,https://waytochurch.com/lyrics/song/3280,985,1236
3281,naenae unnavaadananina adhvitheeya prabhu aaraadhimthu,నేనే ఉన్నవాడననిన అద్వితీయ ప్రభు ఆరాధింతు,,Zion Songs Telugu,ఆరాధన Zion,,TELUGU,2014-10-16,https://waytochurch.com/lyrics/song/3281,1030,1294
3282,vmdhanamoa vmdhana maesayy,వందనమో వందన మేసయ్య,,Zion Songs Telugu,ఆరాధన Zion,,TELUGU,2014-10-16,https://waytochurch.com/lyrics/song/3282,1115,1446
3283,arpimthu sthuthul nee siluvaloanaa,అర్పింతు స్తుతుల్ నీ సిలువలోనా,,Zion Songs Telugu,ఆరాధన Zion,,TELUGU,2014-10-16,https://waytochurch.com/lyrics/song/3283,552,705
3284,smthoashmae smthoashmae smthoashmuthoa sthuthimchedhan,సంతోషమే సంతోషమే సంతోషముతో స్తుతించెదన్,,Zion Songs Telugu,ఆరాధన Zion,,TELUGU,2014-10-16,https://waytochurch.com/lyrics/song/3284,809,994
3285,raathrimbavallu paadedhanu yaesu naamm kreesthu naamm,రాత్రింబవళ్లు పాడెదను యేసు నామం క్రీస్తు నామం,,Zion Songs Telugu,ఆరాధన Zion,,TELUGU,2014-10-16,https://waytochurch.com/lyrics/song/3285,829,1009
3286,shaamthidhaayaka yaesu prabhoo,శాంతిదాయక యేసు ప్రభూ,,Zion Songs Telugu,ఆరాధన Zion,,TELUGU,2014-10-16,https://waytochurch.com/lyrics/song/3286,926,1177
3287,hrudhaya marpimchedhamu prabhunaku sthuthi prashmsalathoa,హృదయ మర్పించెదము ప్రభునకు స్తుతి ప్రశంసలతో,,Zion Songs Telugu,ఆరాధన Zion,,TELUGU,2014-10-16,https://waytochurch.com/lyrics/song/3287,495,635
3288,aanmdha maanmdha maanmdhamae aanmdha maanmdhamae,ఆనంద మానంద మానందమే ఆనంద మానందమే,,Zion Songs Telugu,ఆరాధన Zion,,TELUGU,2014-10-16,https://waytochurch.com/lyrics/song/3288,482,577
3289,jai prabhu yaesu jai ghana dhaevaa jai prabhu jai jai raajaa,జై ప్రభు యేసు జై ఘన దేవా జై ప్రభు జై జై రాజా,,Zion Songs Telugu,ఆరాధన Zion,,TELUGU,2014-10-16,https://waytochurch.com/lyrics/song/3289,513,651
3290,prabhuvaa nee goppathanamu sthuthiki yoagyamu,ప్రభువా నీ గొప్పతనము స్తుతికి యోగ్యము,,Zion Songs Telugu,ఆరాధన Zion,,TELUGU,2014-10-16,https://waytochurch.com/lyrics/song/3290,939,1179
3291,vmdhanamu nimmu prabhu yaesunaku jai jai yanipaadu,వందనము నిమ్ము ప్రభు యేసునకు జై జై యనిపాడు,,Zion Songs Telugu,ఆరాధన Zion,,TELUGU,2014-10-16,https://waytochurch.com/lyrics/song/3291,461,599
3292,oa naa hrudhayamaa paadumaa kroththa geethm prabhunakae,ఓ నా హృదయమా పాడుమా క్రొత్త గీతం ప్రభునకే,,Zion Songs Telugu,ఆరాధన Zion,,TELUGU,2014-10-16,https://waytochurch.com/lyrics/song/3292,788,967
3293,dhaevaa nee thalmpulu amoolyamainavi naa yed,దేవా నీ తలంపులు అమూల్యమైనవి నా యెడ,,Zion Songs Telugu,ఆరాధన Zion,,TELUGU,2014-10-16,https://waytochurch.com/lyrics/song/3293,752,931
3294,sthuthulaku paathrumdavu srushtimchinaavu rakshimchinaavu bhadhraparachuchunnaavu,స్తుతులకు పాత్రుండవు సృష్టించినావు రక్షించినావు భద్రపరచుచున్నావు,,Zion Songs Telugu,ఆరాధన Zion,,TELUGU,2014-10-16,https://waytochurch.com/lyrics/song/3294,765,958
3295,yaesu kreesthu prabhuvaayanae amdhariki prabhuvu,యేసు క్రీస్తు ప్రభువాయనే అందరికి ప్రభువు,,Zion Songs Telugu,ఆరాధన Zion,,TELUGU,2014-10-16,https://waytochurch.com/lyrics/song/3295,569,684
3296,hallelooya sthuthi prashmsa paadedh,హల్లెలూయ స్తుతి ప్రశంస పాడెద,,Zion Songs Telugu,ఆరాధన Zion,,TELUGU,2014-10-16,https://waytochurch.com/lyrics/song/3296,520,651
3297,sthoathra geethamulanu paaduchu priya prabhuni poojimchudi,స్తోత్ర గీతములను పాడుచు ప్రియ ప్రభుని పూజించుడి,,Zion Songs Telugu,ఆరాధన Zion,,TELUGU,2014-10-16,https://waytochurch.com/lyrics/song/3297,1011,1254
3298,sarva krupaanidhiyagu prabhuvaa sakala charaachara smthoashmaa,సర్వ కృపానిధియగు ప్రభువా సకల చరాచర సంతోషమా,,Zion Songs Telugu,ఆరాధన Zion,,TELUGU,2014-10-16,https://waytochurch.com/lyrics/song/3298,787,1013
3299,mahaaghanudu mahoannathudu parishudhdhudu nithyanivaasi,మహాఘనుడు మహోన్నతుడు పరిశుద్ధుడు నిత్యనివాసి,,Zion Songs Telugu,ఆరాధన Zion,,TELUGU,2014-10-16,https://waytochurch.com/lyrics/song/3299,691,834
3300,kroththa geethamuchae naa yullamuppomga yaesuni keerthimthunu,క్రొత్త గీతముచే నా యుల్లముప్పొంగ యేసుని కీర్తింతును,,Zion Songs Telugu,ఆరాధన Zion,,TELUGU,2014-10-16,https://waytochurch.com/lyrics/song/3300,677,843
3301,koniyaadi paadi keerthimchi varnimchedha ninu naa prabhuvaa,కొనియాడి పాడి కీర్తించి వర్ణించెద నిను నా ప్రభువా,,Zion Songs Telugu,ఆరాధన Zion,,TELUGU,2014-10-16,https://waytochurch.com/lyrics/song/3301,552,688
3302,dhaevaa naaymdhu neeku emthoa praemaa,దేవా నాయందు నీకు ఎంతో ప్రేమా,,Zion Songs Telugu,ఆరాధన Zion,,TELUGU,2014-10-16,https://waytochurch.com/lyrics/song/3302,936,1162
3303,adhymtha rahitha prabhuvaa,అద్యంత రహిత ప్రభువా,,Zion Songs Telugu,ఆరాధన Zion,,TELUGU,2014-10-16,https://waytochurch.com/lyrics/song/3303,1060,1354
3304,nrupaa vimoachakaa prabhoo vaelaadhi noalla nee,నృపా విమోచకా ప్రభూ వేలాది నోళ్ల నీ,,Zion Songs Telugu,ఆరాధన Zion,,TELUGU,2014-10-16,https://waytochurch.com/lyrics/song/3304,1681,1851
3306,shree rakshkuni naamamu keerthimchi kolvudi,శ్రీ రక్షకుని నామము కీర్తించి కొల్వుడి,,Zion Songs Telugu,ఆరాధన Zion,,TELUGU,2014-10-16,https://waytochurch.com/lyrics/song/3306,601,767
3307,rakshkuni vichithra praeman paaduchumdhu neppudun,రక్షకుని విచిత్ర ప్రేమన్ పాడుచుందు నెప్పుడున్,,Zion Songs Telugu,ఆరాధన Zion,,TELUGU,2014-10-16,https://waytochurch.com/lyrics/song/3307,497,594
3308,yaesuni naama shabdhamu vishvaasi cheviki,యేసుని నామ శబ్దము విశ్వాసి చెవికి,,Zion Songs Telugu,ఆరాధన Zion,,TELUGU,2014-10-16,https://waytochurch.com/lyrics/song/3308,501,623
3309,kmtini goppa muthyamu pomdhithi harshmu,కంటిని గొప్ప ముత్యము పొందితి హర్షము,,Zion Songs Telugu,ఆరాధన Zion,,TELUGU,2014-10-16,https://waytochurch.com/lyrics/song/3309,572,719
3310,bhakthulaaraa dhuhkhakraamthudu vachche mahimathoad,భక్తులారా దుఃఖక్రాంతుడు వచ్చె మహిమతోడ,,Zion Songs Telugu,ఆరాధన Zion,,TELUGU,2014-10-16,https://waytochurch.com/lyrics/song/3310,608,758
3312,raajaadhi raajupai kireetamumchudi,రాజాధి రాజుపై కిరీటముంచుడి,,Zion Songs Telugu,ఆరాధన Zion,,TELUGU,2014-10-16,https://waytochurch.com/lyrics/song/3312,596,732
3314,sarvamupai yaesu raajyamaelun paapi mithrudu gorrepillaku,సర్వముపై యేసు రాజ్యమేలున్ పాపి మిత్రుడు గొఱ్ఱెపిల్లకు,,Zion Songs Telugu,ఆరాధన Zion,,TELUGU,2014-10-16,https://waytochurch.com/lyrics/song/3314,571,710
3315,yaesu prabhoo gadhdhepainunna neeku maa sthuthulanu chellimchedhamu,యేసు ప్రభూ గద్దెపైనున్న నీకు మా స్తుతులను చెల్లించెదము,,Zion Songs Telugu,ఆరాధన Zion,,TELUGU,2014-10-16,https://waytochurch.com/lyrics/song/3315,683,851
3318,athymtha sumdharumdunu ellari kaamkshneeyudu,అత్యంత సుందరుండును ఎల్లరి కాంక్షణీయుడు,,Zion Songs Telugu,ఆరాధన Zion,,TELUGU,2014-10-16,https://waytochurch.com/lyrics/song/3318,600,767
3319,aa mumdla kireetm boayenu ghanmbukalgenu,ఆ ముండ్ల కిరీటం బోయెను ఘనంబుకల్గెను,,Zion Songs Telugu,ఆరాధన Zion,,TELUGU,2014-10-16,https://waytochurch.com/lyrics/song/3319,351,430
3320,namaskarimpa rmdi dhaaveedhu puthruni,నమస్కరింప రండి దావీదు పుత్రుని,,Zion Songs Telugu,ఆరాధన Zion,,TELUGU,2014-10-16,https://waytochurch.com/lyrics/song/3320,651,796
3323,shudhdhi shudhdhi shudhdhi sarvashakthi prabhu praathhkaala sthuthi neekae chellimthumu,శుద్ధి శుద్ధి శుద్ధి సర్వశక్తి ప్రభు ప్రాతఃకాల స్తుతి నీకే చెల్లింతుము,,Zion Songs Telugu,ఆరాధన Zion,,TELUGU,2014-10-16,https://waytochurch.com/lyrics/song/3323,604,750
3324,nee jaldharu vrukshpu needalaloa nae naanmdha bharithudanaithini,నీ జల్దరు వృక్షపు నీడలలో నే నానంద భరితుడనైతిని,,Zion Songs Telugu,ఆరాధన Zion,,TELUGU,2014-10-16,https://waytochurch.com/lyrics/song/3324,692,892
3325,yaesu nmgeekarimchithi dhaivaputhruda naithini,యేసు నంగీకరించితి దైవపుత్రుడ నైతిని,,Zion Songs Telugu,ఆరాధన Zion,,TELUGU,2014-10-16,https://waytochurch.com/lyrics/song/3325,606,776
3326,vmdhana marpimthu krupanomdhithi thana raajyammdhuna chaerithini,వందన మర్పింతు కృపనొందితి తన రాజ్యమందున చేరితిని,,Zion Songs Telugu,ఆరాధన Zion,,TELUGU,2014-10-16,https://waytochurch.com/lyrics/song/3326,606,776
3327,,దేవా నా ప్రభువా నిను గూర్చి ఉప్పొంగె నా హృదయం,,Zion Songs Telugu,ఆరాధన Zion,,TELUGU,2014-10-16,https://waytochurch.com/lyrics/song/3327,515,641
3328,prabhuyaesu naakai sarvamu nichchithivi praemanubatti arpimchu komtivi naakai,ప్రభుయేసు నాకై సర్వము నిచ్చితివి ప్రేమనుబట్టి అర్పించు కొంటివి నాకై,,Zion Songs Telugu,ఆరాధన Zion,,TELUGU,2014-10-16,https://waytochurch.com/lyrics/song/3328,987,1240
3329,paavanudaa maa prabhuvaa nee rakshnakai sthoathramulu,పావనుడా మా ప్రభువా నీ రక్షణకై స్తోత్రములు,,Zion Songs Telugu,ఆరాధన Zion,,TELUGU,2014-10-16,https://waytochurch.com/lyrics/song/3329,687,883
3330,yaesoo nan praemimchithivi aashrayamu laenappudu,యేసూ నన్ ప్రేమించితివి ఆశ్రయము లేనప్పుడు,,Zion Songs Telugu,ఆరాధన Zion,,TELUGU,2014-10-16,https://waytochurch.com/lyrics/song/3330,540,685
3331,prabhuvaa needhu ghananaamamun maemu,ప్రభువా నీదు ఘననామమున్ మేము,,Zion Songs Telugu,ఆరాధన Zion,,TELUGU,2014-10-16,https://waytochurch.com/lyrics/song/3331,554,737
3332,praema nammakamugala paraloaka thmdri,ప్రేమ నమ్మకముగల పరలోక తండ్రి,,Zion Songs Telugu,ఆరాధన Zion,,TELUGU,2014-10-16,https://waytochurch.com/lyrics/song/3332,615,771
3333,oa prabhuvaa yidhi nee krupayae goppa krayamu dhvaaraa kalige,ఓ ప్రభువా యిది నీ కృపయే గొప్ప క్రయము ద్వారా కలిగె,,Zion Songs Telugu,ఆరాధన Zion,,TELUGU,2014-10-16,https://waytochurch.com/lyrics/song/3333,824,1058
3334,praemagala maa prabhuvaa praemayai yunnaavayaa,ప్రేమగల మా ప్రభువా ప్రేమయై యున్నావయా,,Zion Songs Telugu,ఆరాధన Zion,,TELUGU,2014-10-16,https://waytochurch.com/lyrics/song/3334,976,1195
3335,aaraadhimchedha ninu madhi pogadedha nirathamu ninu sthuthiyimchedhanu,ఆరాధించెద నిను మది పొగడెద నిరతము నిను స్తుతియించెదను,,Zion Songs Telugu,ఆరాధన Zion,,TELUGU,2014-10-16,https://waytochurch.com/lyrics/song/3335,909,1146
3336,ruchichoochi erigithini yehoavaa uththamudaniyu,రుచిచూచి ఎరిగితిని యెహోవా ఉత్తముడనియు,,Zion Songs Telugu,ఆరాధన Zion,,TELUGU,2014-10-16,https://waytochurch.com/lyrics/song/3336,692,878
3337,needhu vishvaasyatha maa prabhu yaesu amtharikshmu nadhigamimchenu,నీదు విశ్వాస్యత మా ప్రభు యేసు అంతరిక్షము నధిగమించెను,,Zion Songs Telugu,ఆరాధన Zion,,TELUGU,2014-10-16,https://waytochurch.com/lyrics/song/3337,1282,1643
3338,sannuthimchedhanu ellappudu nithyamu aayana keerthi naanoatanumdu,సన్నుతించెదను ఎల్లప్పుడు నిత్యము ఆయన కీర్తి నానోటనుండు,,Zion Songs Telugu,ఆరాధన Zion,,TELUGU,2014-10-16,https://waytochurch.com/lyrics/song/3338,651,812
3339,dhaevunikae mahima yugayugamulaku kalugunu gaak,దేవునికే మహిమ యుగయుగములకు కలుగును గాక,,Zion Songs Telugu,ఆరాధన Zion,,TELUGU,2014-10-16,https://waytochurch.com/lyrics/song/3339,556,705
3340,aashcharyakaruda veevae yehoavaa neevae dhanyudavu,ఆశ్చర్యకరుడ వీవే యెహోవా నీవే ధన్యుడవు,,Zion Songs Telugu,ఆరాధన Zion,,TELUGU,2014-10-16,https://waytochurch.com/lyrics/song/3340,497,634
3341,naa praanamaa naa sarvamaa aayana parishudhdha naamamunaku,నా ప్రాణమా నా సర్వమా ఆయన పరిశుద్ధ నామమునకు,,Zion Songs Telugu,ఆరాధన Zion,,TELUGU,2014-10-16,https://waytochurch.com/lyrics/song/3341,733,920
3342,gaayamulan gaayamulan naa korakai pomdhenu kreesthu prabhu,గాయములన్ గాయములన్ నా కొరకై పొందెను క్రీస్తు ప్రభు,,Zion Songs Telugu,ఆరాధన Zion,,TELUGU,2014-10-16,https://waytochurch.com/lyrics/song/3342,627,780
3343,dhoothaganamulella aaraadhimchirigaa parishudhdhudu sainyamula yehoavani,దూతగణములెల్ల ఆరాధించిరిగా పరిశుద్ధుడు సైన్యముల యెహోవని,,Zion Songs Telugu,ఆరాధన Zion,,TELUGU,2014-10-16,https://waytochurch.com/lyrics/song/3343,843,1088
3344,maa prabhuyaesu neevae maa sarvamu mahin maakepudu neethoanae snaehamu,మా ప్రభుయేసు నీవే మా సర్వము మహిన్ మాకెపుడు నీతోనే స్నేహము,,Zion Songs Telugu,ఆరాధన Zion,,TELUGU,2014-10-16,https://waytochurch.com/lyrics/song/3344,728,929
3345,pranuthimthumu maa yehoavaa paripoorna mahima prabhaavaa,ప్రణుతింతుము మా యెహోవా పరిపూర్ణ మహిమ ప్రభావా,,Zion Songs Telugu,ఆరాధన Zion,,TELUGU,2014-10-16,https://waytochurch.com/lyrics/song/3345,450,565
3346,yaesu maa rakshkudu kalmashmu laenivaadu,యేసు మా రక్షకుడు కల్మషము లేనివాడు,,Zion Songs Telugu,స్తుత Zion,,TELUGU,2014-10-16,https://waytochurch.com/lyrics/song/3346,604,759
3347,sthoathrimchedhamu dhaivakumaaruni noothana jeevamuthoa,స్తోత్రించెదము దైవకుమారుని నూతన జీవముతో,,Zion Songs Telugu,స్తుత Zion,,TELUGU,2014-10-16,https://waytochurch.com/lyrics/song/3347,604,759
3348,dhaaveedhu vmsha yaesu kreesthuku sthuthi chellimchudi,దావీదు వంశ యేసు క్రీస్తుకు స్తుతి చెల్లించుడి,,Zion Songs Telugu,స్తుత Zion,,TELUGU,2014-10-16,https://waytochurch.com/lyrics/song/3348,442,557
3349,dhaevaadhi dhaevuni bhoojanulaaraa,దేవాది దేవుని భూజనులారా,,Zion Songs Telugu,స్తుత Zion,,TELUGU,2014-10-16,https://waytochurch.com/lyrics/song/3349,486,625
3350,sthoathramu yaesunaathaa,స్తోత్రము యేసునాథా,,Zion Songs Telugu,స్తుత Zion,,TELUGU,2014-10-16,https://waytochurch.com/lyrics/song/3350,643,826
3351,sthuthiyimchu priyudaa sadhaa yaesuni,స్తుతియించు ప్రియుడా సదా యేసుని,,Zion Songs Telugu,స్తుత Zion,,TELUGU,2014-10-16,https://waytochurch.com/lyrics/song/3351,434,545
3352,sthoathramu sthoathramu sthoathramu yaesu dhaevaa,స్తోత్రము స్తోత్రము స్తోత్రము యేసు దేవా,,Zion Songs Telugu,స్తుత Zion,,TELUGU,2014-10-16,https://waytochurch.com/lyrics/song/3352,698,876
3353,nammakamaina naa prabhu,నమ్మకమైన నా ప్రభు,,Zion Songs Telugu,స్తుత Zion,,TELUGU,2014-10-16,https://waytochurch.com/lyrics/song/3353,536,651
3354,rakshkudaa yaesu prabhoa sthoathramu dhaevaa,రక్షకుడా యేసు ప్రభో స్తోత్రము దేవా,,Zion Songs Telugu,స్తుత Zion,,TELUGU,2014-10-16,https://waytochurch.com/lyrics/song/3354,650,810
3355,sthoathramu paadi pogadedhanu dhaevaadhidhaevaa ninu raajaadhiraajaa ninu,స్తోత్రము పాడి పొగడెదను దేవాదిదేవా నిను రాజాధిరాజా నిను,,Zion Songs Telugu,స్తుత Zion,,TELUGU,2014-10-16,https://waytochurch.com/lyrics/song/3355,618,758
3356,sthuthiyimthumu sthoathrimthumu paavanudagu maa parama thmdri,స్తుతియింతుము స్తోత్రింతుము పావనుడగు మా పరమ తండ్రి,,Zion Songs Telugu,స్తుత Zion,,TELUGU,2014-10-16,https://waytochurch.com/lyrics/song/3356,738,917
3357,yehoavaa mahaathmyamu goppadhi yemthoa,యెహోవా మహాత్మ్యము గొప్పది యెంతో,,Zion Songs Telugu,స్తుత Zion,,TELUGU,2014-10-16,https://waytochurch.com/lyrics/song/3357,918,1139
3358,krupagala dhaevuni koniyaadedhamu krupachaalu neekanae prabhuyaesu,కృపగల దేవుని కొనియాడెదము కృపచాలు నీకనే ప్రభుయేసు,,Zion Songs Telugu,స్తుత Zion,,TELUGU,2014-10-16,https://waytochurch.com/lyrics/song/3358,957,1196
3359,sthuthi prashmsa paaduchu keerthimthu nithyamu,స్తుతి ప్రశంస పాడుచు కీర్తింతు నిత్యము,,Zion Songs Telugu,స్తుత Zion,,TELUGU,2014-10-16,https://waytochurch.com/lyrics/song/3359,492,638
3360,bhajiyimpa rmdi prabhuyaesuni,భజియింప రండి ప్రభుయేసుని,,Zion Songs Telugu,స్తుత Zion,,TELUGU,2014-10-16,https://waytochurch.com/lyrics/song/3360,573,753
3361,anudhinamu maa bhaaramu,అనుదినము మా భారము,,Zion Songs Telugu,స్తుత Zion,,TELUGU,2014-10-16,https://waytochurch.com/lyrics/song/3361,734,915
3362,bhakthulaaraa smariyimchedhamu prabhuchaesina maelulannitini,భక్తులారా స్మరియించెదము ప్రభుచేసిన మేలులన్నిటిని,,Zion Songs Telugu,స్తుత Zion,,TELUGU,2014-10-16,https://waytochurch.com/lyrics/song/3362,679,875
3363,yaesu prabhunu sthuthimchuta yemthoa yemthoa mmchidhi,యేసు ప్రభును స్తుతించుట యెంతో యెంతో మంచిది,,Zion Songs Telugu,స్తుత Zion,,TELUGU,2014-10-16,https://waytochurch.com/lyrics/song/3363,630,775
3364,yaesu dhivya rakshkuni sthuthimchu bhoomee dhivya praemanu chaatumu,యేసు దివ్య రక్షకుని స్తుతించు భూమీ దివ్య ప్రేమను చాటుము,,Zion Songs Telugu,స్తుత Zion,,TELUGU,2014-10-16,https://waytochurch.com/lyrics/song/3364,757,939
3366,naa praanamemthoa ninnu paadunu goppa dhaevaa goppa dhaevaa,నా ప్రాణమెంతో నిన్ను పాడును గొప్ప దేవా గొప్ప దేవా,,Zion Songs Telugu,స్తుత Zion,,TELUGU,2014-10-16,https://waytochurch.com/lyrics/song/3366,597,779
3367,prabhu naa dhaevaa nee chaethi kaaryamulanu,ప్రభు నా దేవా నీ చేతి కార్యములను,,Zion Songs Telugu,స్తుత Zion,,TELUGU,2014-10-16,https://waytochurch.com/lyrics/song/3367,597,779
3368,prabhaava shakthulu kalgina raajunuthimpu,ప్రభావ శక్తులు కల్గిన రాజునుతింపు,,Zion Songs Telugu,స్తుత Zion,,TELUGU,2014-10-16,https://waytochurch.com/lyrics/song/3368,649,821
3369,yaesu prabhu nee mukha dharshanamuchae naa prathi yaashanu theerchukomdhunu,యేసు ప్రభు నీ ముఖ దర్శనముచే నా ప్రతి యాశను తీర్చుకొందును,,Zion Songs Telugu,స్తుత Zion,,TELUGU,2014-10-16,https://waytochurch.com/lyrics/song/3369,640,823
3370,jayamani paadu jayamani paadu prabhuyaesunakae,జయమని పాడు జయమని పాడు ప్రభుయేసునకే,,Zion Songs Telugu,స్తుత Zion,,TELUGU,2014-10-16,https://waytochurch.com/lyrics/song/3370,755,943
3371,oa jagadhrakshkaa vishvavidhaatha rakshna nosagithivi,ఓ జగద్రక్షకా విశ్వవిధాత రక్షణ నొసగితివి,,Zion Songs Telugu,స్తుత Zion,,TELUGU,2014-10-16,https://waytochurch.com/lyrics/song/3371,758,962
3372,emtha jaali yaesuvaa yimthayani yoohimchalaenu,ఎంత జాలి యేసువా యింతయని యూహించలేను,,Zion Songs Telugu,కృతజ్ఞతార్పణ Zion,,TELUGU,2014-10-16,https://waytochurch.com/lyrics/song/3372,749,941
3373,shree yaesu naathuni shirasaavahimchi shishyula maesunu ghanaparachedhamu,శ్రీ యేసు నాథుని శిరసావహించి శిష్యుల మేసును ఘనపరచెదము,,Zion Songs Telugu,కృతజ్ఞతార్పణ Zion,,TELUGU,2014-10-16,https://waytochurch.com/lyrics/song/3373,485,630
3374,dhaevaadhi dhaevaa prabhuvula prabhoo raajula raajaa hallelooy,దేవాది దేవా ప్రభువుల ప్రభూ రాజుల రాజా హల్లెలూయ,,Zion Songs Telugu,కృతజ్ఞతార్పణ Zion,,TELUGU,2014-10-16,https://waytochurch.com/lyrics/song/3374,987,1257
3375,jai jai yaesuraajaa jai jai raajaadhiraajaa neekae jai jai,జై జై యేసురాజా జై జై రాజాధిరాజా నీకే జై జై,,Zion Songs Telugu,కృతజ్ఞతార్పణ Zion,,TELUGU,2014-10-16,https://waytochurch.com/lyrics/song/3375,990,1263
3376,naadhu praanamaa naadhu praanamaa dhaevuni kriyalmaruvakumaa,నాదు ప్రాణమా నాదు ప్రాణమా దేవుని క్రియల్మరువకుమా,,Zion Songs Telugu,కృతజ్ఞతార్పణ Zion,,TELUGU,2014-10-16,https://waytochurch.com/lyrics/song/3376,781,992
3377,prabhu ninu keerthimchuchunnaamu yaesu ninu keerthimchuchunnaamu,ప్రభు నిను కీర్తించుచున్నాము యేసు నిను కీర్తించుచున్నాము,,Zion Songs Telugu,కృతజ్ఞతార్పణ Zion,,TELUGU,2014-10-16,https://waytochurch.com/lyrics/song/3377,470,575
3378,jeevmbu nichchina dhaevudaa nae paadedha neeku nirmtharamu hallelooya hallelooy,జీవంబు నిచ్చిన దేవుడా నే పాడెద నీకు నిరంతరము హల్లెలూయ హల్లెలూయ,,Zion Songs Telugu,కృతజ్ఞతార్పణ Zion,,TELUGU,2014-10-16,https://waytochurch.com/lyrics/song/3378,619,764
3379,sthoathrimchi keerthimthumu ghanaparachedhamu koniyaadedhamu,స్తోత్రించి కీర్తింతుము ఘనపరచెదము కొనియాడెదము,,Zion Songs Telugu,కృతజ్ఞతార్పణ Zion,,TELUGU,2014-10-16,https://waytochurch.com/lyrics/song/3379,926,1160
3380,sthoathrimchi keerthimchedhamu hallelooy,స్తోత్రించి కీర్తించెదము హల్లెలూయ,,Zion Songs Telugu,కృతజ్ఞతార్పణ Zion,,TELUGU,2014-10-16,https://waytochurch.com/lyrics/song/3380,870,1064
3381,maa dhaeva maa dhaeva needhu vishvaasyatha chaala goppadhi,మా దేవ మా దేవ నీదు విశ్వాస్యత చాల గొప్పది,,Zion Songs Telugu,కృతజ్ఞతార్పణ Zion,,TELUGU,2014-10-16,https://waytochurch.com/lyrics/song/3381,847,1076
3382,yehoavaa goppa kaaryamulu chaesenu veerikoraku,యెహోవా గొప్ప కార్యములు చేసెను వీరికొరకు,,Zion Songs Telugu,కృతజ్ఞతార్పణ Zion,,TELUGU,2014-10-16,https://waytochurch.com/lyrics/song/3382,845,1057
3383,sthuthimthun parishudhdhuni aaraadhanathoa,స్తుతింతున్ పరిశుద్దుని ఆరాధనతో,,Zion Songs Telugu,కృతజ్ఞతార్పణ Zion,,TELUGU,2014-10-16,https://waytochurch.com/lyrics/song/3383,822,1040
3384,prabhu goppa kaaryamulu chaesenani manamuthsahimchedhamu,ప్రభు గొప్ప కార్యములు చేసెనని మనముత్సహించెదము,,Zion Songs Telugu,కృతజ్ఞతార్పణ Zion,,TELUGU,2014-10-16,https://waytochurch.com/lyrics/song/3384,771,995
3385,aanmdhamugaa yehoavaa nee krupalanni anni kaalmbulmdhu keerthimchedhanu,ఆనందముగా యెహోవా నీ కృపలన్ని అన్ని కాలంబులందు కీర్తించెదను,,Zion Songs Telugu,కృతజ్ఞతార్పణ Zion,,TELUGU,2014-10-16,https://waytochurch.com/lyrics/song/3385,811,1020
3386,dhaevuni keerthimchedhamu dhaivaputhruni naamammdhu,దేవుని కీర్తించెదము దైవపుత్రుని నామమందు,,Zion Songs Telugu,కృతజ్ఞతార్పణ Zion,,TELUGU,2014-10-16,https://waytochurch.com/lyrics/song/3386,794,1022
3387,dhanya dhanya dhanya prabhuku thaanae rakshna mana kosagae,ధన్య ధన్య ధన్య ప్రభుకు తానే రక్షణ మన కొసగే,,Zion Songs Telugu,కృతజ్ఞతార్పణ Zion,,TELUGU,2014-10-16,https://waytochurch.com/lyrics/song/3387,539,691
3388,pagatiloa maegha sthmbhamugaa raathriloa yagni sthmbhamugaa,పగటిలో మేఘ స్తంభముగా రాత్రిలో యగ్ని స్తంభముగా,,Zion Songs Telugu,కృతజ్ఞతార్పణ Zion,,TELUGU,2014-10-16,https://waytochurch.com/lyrics/song/3388,539,691
3389,rakshnya paatalu paadi rakshkudaesunu sadhaa koniyaadu,రక్షణ్య పాటలు పాడి రక్షకుడేసును సదా కొనియాడు,,Zion Songs Telugu,కృతజ్ఞతార్పణ Zion,,TELUGU,2014-10-16,https://waytochurch.com/lyrics/song/3389,925,1144
3390,kruthajnythan thalavmchi naadhu jeevamu arpimthunu,కృతజ్ఞతన్ తలవంచి నాదు జీవము అర్పింతును,,Zion Songs Telugu,కృతజ్ఞతార్పణ Zion,,TELUGU,2014-10-16,https://waytochurch.com/lyrics/song/3390,769,974
3391,naakorakai anniyu chaesenu yaesu naakimka bhayamu laedhu loakamuloa,నాకొరకై అన్నియు చేసెను యేసు నాకింక భయము లేదు లోకములో,,Zion Songs Telugu,కృతజ్ఞతార్పణ Zion,,TELUGU,2014-10-16,https://waytochurch.com/lyrics/song/3391,820,1040
3392,yehoava mana koraku goppa kaaryamulanu,యెహోవ మన కొరకు గొప్ప కార్యములను,,Zion Songs Telugu,కృతజ్ఞతార్పణ Zion,,TELUGU,2014-10-16,https://waytochurch.com/lyrics/song/3392,842,1085
3393,dhaevuni sthuthimcha rmdi gatha smvathsaramuna kaapaaden,దేవుని స్తుతించ రండి గత సంవత్సరమున కాపాడెన్,,Zion Songs Telugu,New Year క్రొత్త సంవత్సరము Zion,,TELUGU,2014-10-16,https://waytochurch.com/lyrics/song/3393,889,1124
3394,sthoathramu sthoathyamayyaa dhaevaa sthoathramu sthoathyamayyaa,స్తోత్రము స్తోత్యమయ్యా దేవా స్తోత్రము స్తోత్యమయ్యా,,Zion Songs Telugu,క్రొత్త సంవత్సరము Zion,,TELUGU,2014-10-16,https://waytochurch.com/lyrics/song/3394,862,1062
3395,dhaevaa smvathsaramunu dhayaakireetamugaa nichchi yunnaavu,దేవా సంవత్సరమును దయాకిరీటముగా నిచ్చి యున్నావు,,Zion Songs Telugu,New Year క్రొత్త సంవత్సరము Zion,,TELUGU,2014-10-16,https://waytochurch.com/lyrics/song/3395,755,956
3396,sthuthulu neekarpimthumu sathathamu maa prabhuvaa,స్తుతులు నీకర్పింతుము సతతము మా ప్రభువా,,Zion Songs Telugu,క్రొత్త సంవత్సరము Zion,,TELUGU,2014-10-16,https://waytochurch.com/lyrics/song/3396,525,656
3397,prabhuvaa paadedha noka sthuthi geethm praemimchi rakshimchithivi,ప్రభువా పాడెద నొక స్తుతి గీతం ప్రేమించి రక్షించితివి,,Zion Songs Telugu,క్రొత్త సంవత్సరము Zion,,TELUGU,2014-10-16,https://waytochurch.com/lyrics/song/3397,887,1118
3398,oa bhakthulaaraa manammdharamu nithyamu yaesuni sthuthiyimchedhamu,ఓ భక్తులారా మనమందరము నిత్యము యేసుని స్తుతియించెదము,,Zion Songs Telugu,క్రొత్త సంవత్సరము Zion,,TELUGU,2014-10-16,https://waytochurch.com/lyrics/song/3398,1142,1451
3399,maemu bhayapadamu ika maemu bhayapadamu,మేము భయపడము ఇక మేము భయపడము,,Zion Songs Telugu,క్రొత్త సంవత్సరము Zion,,TELUGU,2014-10-16,https://waytochurch.com/lyrics/song/3399,764,941
3400,bhayamu laedhugaa manaku bhayamu laedhugaa,భయము లేదుగా మనకు భయము లేదుగా,,Zion Songs Telugu,క్రొత్త సంవత్సరము Zion,,TELUGU,2014-10-16,https://waytochurch.com/lyrics/song/3400,876,1117
3401,dhaevasuthudu yaesu janmimche nirathamu sthuthiyimthumu,దేవసుతుడు యేసు జన్మించె నిరతము స్తుతియింతుము,,Zion Songs Telugu,క్రీస్తు జన్మము Zion,,TELUGU,2014-10-16,https://waytochurch.com/lyrics/song/3401,829,1009
3402,mariyaku suthuduga dharanu janmimchi immaanuyaelaayen,మరియకు సుతుడుగ ధరను జన్మించి ఇమ్మానుయేలాయెన్,,Zion Songs Telugu,క్రీస్తు జన్మము Zion,,TELUGU,2014-10-16,https://waytochurch.com/lyrics/song/3402,488,599
3403,baethlehaem puramuna chithrmbu kalige,బేత్లెహేం పురమున చిత్రంబు కలిగె,,Zion Songs Telugu,క్రీస్తు జన్మము Zion,,TELUGU,2014-10-16,https://waytochurch.com/lyrics/song/3403,764,981
3404,o sadbaktulara lokarakshakundu bathlehemandhu nedu janmimchen,ఓ సద్భక్తులారా లోక రక్షకుండు బేత్లెహేమందు నేడు జన్మించెన్,,Zion Songs Telugu,Christmas క్రీస్తు జన్మము Zion,,TELUGU,2014-10-16,https://waytochurch.com/lyrics/song/3404,618,768
3405,dhoothapaata paadudi rakshkun sthuthimchudi,దూతపాట పాడుడి రక్షకున్ స్తుతించుడి,,Zion Songs Telugu,క్రీస్తు జన్మము Zion,,TELUGU,2014-10-16,https://waytochurch.com/lyrics/song/3405,640,785
3407,vimtimayyaa nee svaramu kmtimayyaa nee roopamunu,వింటిమయ్యా నీ స్వరము కంటిమయ్యా నీ రూపమును,,Zion Songs Telugu,క్రీస్తు జన్మము Zion,,TELUGU,2014-10-16,https://waytochurch.com/lyrics/song/3407,767,968
3408,,ఉదయించె దివ్య రక్షకుడు ఘోరాంధకార లోకమున,,Zion Songs Telugu,Christmas క్రీస్తు జన్మము Zion,,TELUGU,2014-10-16,https://waytochurch.com/lyrics/song/3408,744,929
3409,niraakaara suroopudaa manoaharaa karigithivaa naakai vraelaaduchu siluvaloa,నిరాకార సురూపుడా మనోహరా కరిగితివా నాకై వ్రేలాడుచు సిలువలో,,Zion Songs Telugu,Good Friday శ్రమలు మరియు మరణము Zion,,TELUGU,2014-10-16,https://waytochurch.com/lyrics/song/3409,739,909
3410,yaesuni shramalathoada aashathoa paalu pomdhedhanu,యేసుని శ్రమలతోడ ఆశతో పాలు పొందెదను,,Zion Songs Telugu,Good Friday శ్రమలు మరియు మరణము Zion,,TELUGU,2014-10-16,https://waytochurch.com/lyrics/song/3410,790,995
3411,manakai yaesu maranimche mana paapamula korakai,మనకై యేసు మరణించె మన పాపముల కొరకై,,Zion Songs Telugu,Good Friday శ్రమలు మరియు మరణము Zion,,TELUGU,2014-10-16,https://waytochurch.com/lyrics/song/3411,809,1015
3412,yaesu prabhoo naa korakai baligaanu neevaithivi,యేసు ప్రభూ నా కొరకై బలిగాను నీవైతివి,,Zion Songs Telugu,Good Friday శ్రమలు మరియు మరణము Zion,,TELUGU,2014-10-16,https://waytochurch.com/lyrics/song/3412,544,642
3413,prabhuyaesu prabhuyaesu adhigoa shrama nomdhenu khaidheelanu vidipimchenu siluvaloa,ప్రభుయేసు ప్రభుయేసు అదిగో శ్రమ నొందెను ఖైదీలను విడిపించెను సిలువలో,,Zion Songs Telugu,Good Friday శ్రమలు మరియు మరణము Zion,,TELUGU,2014-10-16,https://waytochurch.com/lyrics/song/3413,739,937
3414,nee rakthamae nee rakthamae nan shudhdheekarimchun,నీ రక్తమే నీ రక్తమే నన్ శుద్ధీకరించున్,,Zion Songs Telugu,Good Friday శ్రమలు మరియు మరణము Zion,,TELUGU,2014-10-16,https://waytochurch.com/lyrics/song/3414,697,862
3415,siluvaloa baliyaina dhaevuni gorrepill,సిలువలో బలియైన దేవుని గొర్రెపిల్ల,,Zion Songs Telugu,Good Friday శ్రమలు మరియు మరణము Zion,,TELUGU,2014-10-16,https://waytochurch.com/lyrics/song/3415,709,911
3416,adhigoa kalvariloa yaesu rakshkudae dheenudai vraelaaduchunnaadae,అదిగో కల్వరిలో యేసు రక్షకుడే దీనుడై వ్రేలాడుచున్నాడే,,Zion Songs Telugu,Good Friday శ్రమలు మరియు మరణము Zion,,TELUGU,2014-10-16,https://waytochurch.com/lyrics/song/3416,642,826
3417,dhaivathanayaa kreesthunaathumdaa ayyaa paapulakai praanamichchithivaa dhaevudae ninu pmpinaadaa,దైవతనయా క్రీస్తునాథుండా అయ్యా పాపులకై ప్రాణమిచ్చితివా దేవుడే నిను పంపినాడా,,Zion Songs Telugu,Good Friday శ్రమలు మరియు మరణము Zion,,TELUGU,2014-10-16,https://waytochurch.com/lyrics/song/3417,639,842
3418,yaesuni rakthamae jai jai prabhu yaesuni rakthamae jai,యేసుని రక్తమే జై జై ప్రభు యేసుని రక్తమే జై,,Zion Songs Telugu,Good Friday శ్రమలు మరియు మరణము Zion,,TELUGU,2014-10-16,https://waytochurch.com/lyrics/song/3418,660,813
3419,etuvmti yaagamu jaesithivi yaesu neevale naenumda naa korakai,ఎటువంటి యాగము జేసితివి యేసు నీవలె నేనుండ నా కొరకై,,Zion Songs Telugu,Good Friday శ్రమలు మరియు మరణము Zion,,TELUGU,2014-10-16,https://waytochurch.com/lyrics/song/3419,679,843
3420,choodumadhae nee korakae siluvapai vraelaadu shreeyaesu rakshkun,చూడుమదే నీ కొరకే సిలువపై వ్రేలాడు శ్రీయేసు రక్షకున్,,Zion Songs Telugu,Good Friday శ్రమలు మరియు మరణము Zion,,TELUGU,2014-10-16,https://waytochurch.com/lyrics/song/3420,696,866
3421,jeevapu maarga jyoathivi siluva moasina yaesu,జీవపు మార్గ జ్యోతివి సిలువ మోసిన యేసు,,Zion Songs Telugu,Good Friday శ్రమలు మరియు మరణము Zion,,TELUGU,2014-10-16,https://waytochurch.com/lyrics/song/3421,576,719
3422,yaesu chaavomdhe siluvapai nee korakae naa korakae,యేసు చావొందె సిలువపై నీ కొరకే నా కొరకే,,Zion Songs Telugu,Good Friday శ్రమలు మరియు మరణము Zion,,TELUGU,2014-10-16,https://waytochurch.com/lyrics/song/3422,464,588
3424,mahaathmudaina naa prabhu vichithra silvajooda naa,మహాత్ముడైన నా ప్రభు విచిత్ర సిల్వజూడ నా,,Zion Songs Telugu,Good Friday శ్రమలు మరియు మరణము Zion,,TELUGU,2014-10-16,https://waytochurch.com/lyrics/song/3424,596,720
3425,kalvari guttameedhanu dhurmaargavairulu dhvaeshimchi silva meedhanu shree yaesujmpiri,కల్వరి గుట్టమీదను దుర్మార్గవైరులు ద్వేషించి సిల్వ మీదను శ్రీ యేసుజంపిరి,,Zion Songs Telugu,Good Friday శ్రమలు మరియు మరణము Zion,,TELUGU,2014-10-16,https://waytochurch.com/lyrics/song/3425,453,533
3426,dhaevaa naadhaevaa nannaela vidachithivani siluvaloa baliyaina naa yaesuvaa,దేవా నాదేవా నన్నేల విడచితివని సిలువలో బలియైన నా యేసువా,,Zion Songs Telugu,Good Friday శ్రమలు మరియు మరణము Zion,,TELUGU,2014-10-16,https://waytochurch.com/lyrics/song/3426,727,950
3427,dhoorapu komdapai shramalaku gurthagu kroarapu siluvayae kanabade,దూరపు కొండపై శ్రమలకు గుర్తగు కౄరపు సిలువయే కనబడె,,Zion Songs Telugu,Good Friday శ్రమలు మరియు మరణము Zion,,TELUGU,2014-10-16,https://waytochurch.com/lyrics/song/3427,604,742
3428,priyuni siluvanu praemimthun praanamunnmtha varakunu,ప్రియుని సిలువను ప్రేమింతున్ ప్రాణమున్నంత వరకును,,Zion Songs Telugu,Good Friday శ్రమలు మరియు మరణము Zion,,TELUGU,2014-10-16,https://waytochurch.com/lyrics/song/3428,604,742
3429,geetham geetham jaya jaya geetam geetam,గీతం గీతం జయ జయ గీతం,,Zion Songs Telugu,పునరుత్థానము Zion Easter,,TELUGU,2014-10-16,https://waytochurch.com/lyrics/song/3429,591,750
3430,laechinaaduraa samaadhi gelichinaaduraa yaesu,లేచినాడురా సమాధి గెలిచినాడురా యేసు,,Zion Songs Telugu,పునరుత్థానము Zion Easter,,TELUGU,2014-10-16,https://waytochurch.com/lyrics/song/3430,1126,1426
3431,shraeshtageethamu vinabaduchunnadhi yaesu laechenu,శ్రేష్టగీతము వినబడుచున్నది యేసు లేచెను,,Zion Songs Telugu,పునరుత్థానము Zion Easter,,TELUGU,2014-10-16,https://waytochurch.com/lyrics/song/3431,694,883
3432,yaesu samaadhiloa parumdi vaasigaa moodava naadu laechen,యేసు సమాధిలో పరుండి వాసిగా మూడవ నాడు లేచెన్,,Zion Songs Telugu,పునరుత్థానము Zion Easter,,TELUGU,2014-10-16,https://waytochurch.com/lyrics/song/3432,376,457
3433,kreesthulaeche hallelooya laeche jayasheeludu,క్రీస్తులేచె హల్లెలూయ లేచె జయశీలుడు,,Zion Songs Telugu,పునరుత్థానము Zion Easter,,TELUGU,2014-10-16,https://waytochurch.com/lyrics/song/3433,780,957
3434,kreesthu naedu laechenu marthya dhootha smghamaa,క్రీస్తు నేడు లేచెను మర్త్య దూత సంఘమా,,Zion Songs Telugu,పునరుత్థానము Zion Easter,,TELUGU,2014-10-16,https://waytochurch.com/lyrics/song/3434,532,629
3435,yaesuraaju vachchunu dhoothalathoa vachchunu,యేసురాజు వచ్చును దూతలతో వచ్చును,,Zion Songs Telugu,రెండవ రాకడ Zion,,TELUGU,2014-10-16,https://waytochurch.com/lyrics/song/3435,620,778
3436,raajaadhiraajaa raavae raaju yaesu raajyamaela raavae,రాజాధిరాజా రావే రాజు యేసు రాజ్యమేల రావే,,Zion Songs Telugu,రెండవ రాకడ Zion,,TELUGU,2014-10-16,https://waytochurch.com/lyrics/song/3436,668,884
3437,maeghaa roodumdai prabhuyaesu athi vaegamugaa naethemchun,మేఘా రూఢుండై ప్రభుయేసు అతి వేగముగా నేతెంచున్,,Zion Songs Telugu,రెండవ రాకడ Zion,,TELUGU,2014-10-16,https://waytochurch.com/lyrics/song/3437,452,574
3438,prabhuni raakada ee dhinamae parugulidi rmdi sudhinamae,ప్రభుని రాకడ ఈ దినమే పరుగులిడి రండి సుదినమే,,Zion Songs Telugu,రెండవ రాకడ Zion,,TELUGU,2014-10-16,https://waytochurch.com/lyrics/song/3438,930,1161
3439,mahimayuthudu maa yaesuraaju,మహిమయుతుడు మా యేసురాజు,,Zion Songs Telugu,రెండవ రాకడ Zion,,TELUGU,2014-10-16,https://waytochurch.com/lyrics/song/3439,609,785
3440,maeghamu meedha yaesuraaju vaega milakuvachchun,మేఘము మీద యేసురాజు వేగ మిలకువచ్చున్,,Zion Songs Telugu,రెండవ రాకడ Zion,,TELUGU,2014-10-16,https://waytochurch.com/lyrics/song/3440,726,905
3441,soadharulaaraa lemdi raakada gurthulu choodmdi,సోదరులారా లెండి రాకడ గుర్తులు చూడండి,,Zion Songs Telugu,రెండవ రాకడ Zion,,TELUGU,2014-10-16,https://waytochurch.com/lyrics/song/3441,640,809
3442,yaesu raagaanae smghamu maarpu chaeyabadi paikeththabadunu,యేసు రాగానే సంఘము మార్పు చేయబడి పైకెత్తబడును,,Zion Songs Telugu,రెండవ రాకడ Zion,,TELUGU,2014-10-16,https://waytochurch.com/lyrics/song/3442,507,626
3443,raajula raajuga yaesu prabhumdu,రాజుల రాజుగ యేసు ప్రభుండు,,Zion Songs Telugu,రెండవ రాకడ Zion,,TELUGU,2014-10-16,https://waytochurch.com/lyrics/song/3443,572,696
3444,nee dhaevuni smdhimcha neevu aayaththamaa,నీ దేవుని సంధించ నీవు ఆయత్తమా,,Zion Songs Telugu,రెండవ రాకడ Zion,,TELUGU,2014-10-16,https://waytochurch.com/lyrics/song/3444,604,777
3445,parishudhdhulellaru yaesun pogadi paadi yaarbhatimchi paramunanumd,పరిశుద్ధులెల్లరు యేసున్ పొగడి పాడి యార్భటించి పరముననుండ,,Zion Songs Telugu,రెండవ రాకడ Zion,,TELUGU,2014-10-16,https://waytochurch.com/lyrics/song/3445,834,1070
3446,yaesu sheeghramugaa vachchun aashathoa kanipettudi,యేసు శీఘ్రముగా వచ్చున్ ఆశతో కనిపెట్టుడి,,Zion Songs Telugu,రెండవ రాకడ Zion,,TELUGU,2014-10-16,https://waytochurch.com/lyrics/song/3446,754,920
3447,maelukoa mahima raaju vaegamae raanai yunnaadu,మేలుకో మహిమ రాజు వేగమే రానై యున్నాడు,,Zion Songs Telugu,రెండవ రాకడ Zion,,TELUGU,2014-10-16,https://waytochurch.com/lyrics/song/3447,771,964
3448,adhigoa vachchunadhevaroa choodumaa mahima galigina mana yaesae,అదిగో వచ్చునదెవరో చూడుమా మహిమ గలిగిన మన యేసే,,Zion Songs Telugu,రెండవ రాకడ Zion,,TELUGU,2014-10-16,https://waytochurch.com/lyrics/song/3448,603,749
3449,yaesu sheeghramuga thirigivachchun sathyadhaevuni vaakyamidhae,యేసు శీఘ్రముగ తిరిగివచ్చున్ సత్యదేవుని వాక్యమిదే,,Zion Songs Telugu,రెండవ రాకడ Zion,,TELUGU,2014-10-16,https://waytochurch.com/lyrics/song/3449,694,866
3450,idhigoa naenu vachchuchunnaanu thvaragaa vachchuchunnaanu,ఇదిగో నేను వచ్చుచున్నాను త్వరగా వచ్చుచున్నాను,,Zion Songs Telugu,రెండవ రాకడ Zion,,TELUGU,2014-10-16,https://waytochurch.com/lyrics/song/3450,519,642
3451,jayamani paadu prabhuyaesunakae hoasanna jai,జయమని పాడు ప్రభుయేసునకే హోసన్న జై,,Zion Songs Telugu,రెండవ రాకడ Zion,,TELUGU,2014-10-16,https://waytochurch.com/lyrics/song/3451,570,745
3452,kaalamu sameepamu prabhu yaesu vachchun jeethamu pomdhunu nija dhaasudu,కాలము సమీపము ప్రభు యేసు వచ్చున్ జీతము పొందును నిజ దాసుడు,,Zion Songs Telugu,రెండవ రాకడ Zion,,TELUGU,2014-10-16,https://waytochurch.com/lyrics/song/3452,948,1185
3453,prakaasha vasthramuthoa paraloaka mahimathoa loakmbuna kaethemchunu maeghmbupai prabhuvae,ప్రకాశ వస్త్రముతో పరలోక మహిమతో లోకంబున కేతెంచును మేఘంబుపై ప్రభువే,,Zion Songs Telugu,రెండవ రాకడ Zion,,TELUGU,2014-10-16,https://waytochurch.com/lyrics/song/3453,787,1005
3454,raajularaaju prabhuvula prabhoo ee jagathiki arudhemche prabhoo,రాజులరాజు ప్రభువుల ప్రభూ ఈ జగతికి అరుదెంచె ప్రభూ,,Zion Songs Telugu,రెండవ రాకడ Zion,,TELUGU,2014-10-16,https://waytochurch.com/lyrics/song/3454,579,712
3455,jaagraththa bhakthulaaraa pilupidhae prabhuyaesu vaegavachchunu,జాగ్రత్త భక్తులారా పిలుపిదే ప్రభుయేసు వేగవచ్చును,,Zion Songs Telugu,రెండవ రాకడ Zion,,TELUGU,2014-10-16,https://waytochurch.com/lyrics/song/3455,767,988
3456,seeyoanuraaju vachchunu madhin sidhdhapadu,సీయోనురాజు వచ్చును మదిన్ సిద్ధపడు,,Zion Songs Telugu,రెండవ రాకడ Zion,,TELUGU,2014-10-16,https://waytochurch.com/lyrics/song/3456,592,744
3457,prabhuvu dhigivachchunu paramunumdi vaegamae vibhudu thirigivachchunu parama vadhuvukai,ప్రభువు దిగివచ్చును పరమునుండి వేగమే విభుడు తిరిగివచ్చును పరమ వధువుకై,,Zion Songs Telugu,రెండవ రాకడ Zion,,TELUGU,2014-10-16,https://waytochurch.com/lyrics/song/3457,843,1060
3458,kreesthu yaesu vachchunu aayaththamuga numdudi,క్రీస్తు యేసు వచ్చును ఆయత్తముగ నుండుడి,,Zion Songs Telugu,రెండవ రాకడ Zion,,TELUGU,2014-10-16,https://waytochurch.com/lyrics/song/3458,500,628
3459,praanapriyudaa praanapriyudaa rammu maa yaesu paadedhamu,ప్రాణప్రియుడా ప్రాణప్రియుడా రమ్ము మా యేసు పాడెదము,,Zion Songs Telugu,రెండవ రాకడ Zion,,TELUGU,2014-10-16,https://waytochurch.com/lyrics/song/3459,878,1118
3460,boora shabdhmbu dhvanimpa gaamchedhamaesun maa edhut,బూర శబ్దంబు ధ్వనింప గాంచెదమేసున్ మా ఎదుట,,Zion Songs Telugu,రెండవ రాకడ Zion,,TELUGU,2014-10-16,https://waytochurch.com/lyrics/song/3460,878,1118
3461,yaesukreesthu sheeghramuga sheeghramuga sheeghramug,యేసుక్రీస్తు శీఘ్రముగ శీఘ్రముగ శీఘ్రముగ,,Zion Songs Telugu,రెండవ రాకడ Zion,,TELUGU,2014-10-16,https://waytochurch.com/lyrics/song/3461,452,587
3462,komthasamayamae migilinadhi kreesthaesu prabhuvu thirigi vachchun,కొంతసమయమే మిగిలినది క్రీస్తేసు ప్రభువు తిరిగి వచ్చున్,,Zion Songs Telugu,రెండవ రాకడ Zion,,TELUGU,2014-10-16,https://waytochurch.com/lyrics/song/3462,577,714
3463,parama thmdri suthudu praanamichchenae paapi korakai,పరమ తండ్రి సుతుడు ప్రాణమిచ్చెనే పాపి కొరకై,,Zion Songs Telugu,సువార్త ప్రకటన Zion,,TELUGU,2014-10-16,https://waytochurch.com/lyrics/song/3463,583,724
3464,dhaeva gorrepilla siluvaloa samasinapudu paapa parihaaraartha oota therachen,దేవ గొర్రెపిల్ల సిలువలో సమసినపుడు పాప పరిహారార్థ ఊట తెరచెన్,,Zion Songs Telugu,సువార్త ప్రకటన Zion,,TELUGU,2014-10-16,https://waytochurch.com/lyrics/song/3464,1039,1300
3465,rakthammdhu rakthammdhu paapi neevu aa rakthammdhu nilichiyunnaavaa,రక్తమందు రక్తమందు పాపి నీవు ఆ రక్తమందు నిలిచియున్నావా,,Zion Songs Telugu,సువార్త ప్రకటన Zion,,TELUGU,2014-10-16,https://waytochurch.com/lyrics/song/3465,1039,1300
3466,mahaaraajaa yaesu neekae mahima kalugu gaak,మహారాజా యేసు నీకే మహిమ కలుగు గాక,,Zion Songs Telugu,సువార్త ప్రకటన Zion,,TELUGU,2014-10-16,https://waytochurch.com/lyrics/song/3466,485,616
3467,paraloaka raajyamu chaerutaku prabhuyaesae maargmbu,పరలోక రాజ్యము చేరుటకు ప్రభుయేసే మార్గంబు,,Zion Songs Telugu,సువార్త ప్రకటన Zion,,TELUGU,2014-10-16,https://waytochurch.com/lyrics/song/3467,563,693
3468,praemadmkaa jagamuna vinabadu naadhamu,ప్రేమడంకా జగమున వినబడు నాదము,,Zion Songs Telugu,సువార్త ప్రకటన Zion,,TELUGU,2014-10-16,https://waytochurch.com/lyrics/song/3468,690,853
3469,jayamani paadudi sarva janamaa mukthidhaatha yaesunaku,జయమని పాడుడి సర్వ జనమా ముక్తిదాత యేసునకు,,Zion Songs Telugu,సువార్త ప్రకటన Zion,,TELUGU,2014-10-16,https://waytochurch.com/lyrics/song/3469,360,451
3470,jagathi karudhemche rakshnakartha paapula mora vinenu yaesu,జగతి కరుదెంచె రక్షణకర్త పాపుల మొర వినెను యేసు,,Zion Songs Telugu,సువార్త ప్రకటన Zion,,TELUGU,2014-10-16,https://waytochurch.com/lyrics/song/3470,341,413
3471,dhanya dhanya yaesu naamamu jayajaya prabhu naamamu,ధన్య ధన్య యేసు నామము జయజయ ప్రభు నామము,,Zion Songs Telugu,సువార్త ప్రకటన Zion,,TELUGU,2014-10-16,https://waytochurch.com/lyrics/song/3471,343,446
3472,eeyana maata vinudi naedu eeyanae naa priya kumaarudu,ఈయన మాట వినుడి నేడు ఈయనే నా ప్రియ కుమారుడు,,Zion Songs Telugu,సువార్త ప్రకటన Zion,,TELUGU,2014-10-16,https://waytochurch.com/lyrics/song/3472,596,762
3473,paapamunaku jeethamu maranamu oa paapi bhayapadavaa,పాపమునకు జీతము మరణము ఓ పాపి భయపడవా,,Zion Songs Telugu,సువార్త ప్రకటన Zion,,TELUGU,2014-10-16,https://waytochurch.com/lyrics/song/3473,661,835
3474,yaesuraajuvachchunu imka komthakaalamae moakshmmdhu chaerudhumu,యేసురాజువచ్చును ఇంక కొంతకాలమే మోక్షమందు చేరుదుము,,Zion Songs Telugu,సువార్త ప్రకటన Zion,,TELUGU,2014-10-16,https://waytochurch.com/lyrics/song/3474,661,835
3475,parugidiraa soadharudaa prabhu sannidhi neevu jaerutakai,పరుగిడిరా సోదరుడా ప్రభు సన్నిధి నీవు జేరుటకై,,Zion Songs Telugu,సువార్త ప్రకటన Zion,,TELUGU,2014-10-16,https://waytochurch.com/lyrics/song/3475,845,1083
3476,vinudi soadharulaaraa naa yaesu prabhu yila kaethemchen,వినుడి సోదరులారా నా యేసు ప్రభు యిల కేతెంచెన్,,Zion Songs Telugu,సువార్త ప్రకటన Zion,,TELUGU,2014-10-16,https://waytochurch.com/lyrics/song/3476,769,918
3477,rmdi rmdi rayamuna yaesuni rakshkuniga nmgeekarimchudi,రండి రండి రయమున యేసుని రక్షకునిగ నంగీకరించుడి,,Zion Songs Telugu,సువార్త ప్రకటన Zion,,TELUGU,2014-10-16,https://waytochurch.com/lyrics/song/3477,884,1093
3478,iruku maargmbuloa pravaeshimchu vaaru komdharae,ఇరుకు మార్గంబులో ప్రవేశించు వారు కొందరే,,Zion Songs Telugu,సువార్త ప్రకటన Zion,,TELUGU,2014-10-16,https://waytochurch.com/lyrics/song/3478,424,528
3479,krupakaalamu dhaatipoavuchunnadhi krupapomdhanu parugidi rmdu vaevaeg,కృపకాలము దాటిపోవుచున్నది కృపపొందను పరుగిడి రండు వేవేగ,,Zion Songs Telugu,సువార్త ప్రకటన Zion,,TELUGU,2014-10-16,https://waytochurch.com/lyrics/song/3479,867,1089
3480,prabhu yaesukae jayamani paadu paapa parihaaramunu bomdhi,ప్రభు యేసుకే జయమని పాడు పాప పరిహారమును బొంది,,Zion Songs Telugu,సువార్త ప్రకటన Zion,,TELUGU,2014-10-16,https://waytochurch.com/lyrics/song/3480,370,462
3481,kaluvariloa vimukthi kaligenoa priyumdaa,కలువరిలో విముక్తి కలిగెనో ప్రియుండా,,Zion Songs Telugu,సువార్త ప్రకటన Zion,,TELUGU,2014-10-16,https://waytochurch.com/lyrics/song/3481,526,650
3482,yaesu prabhuvaegaaka vasudhaloa rakshkudae laedu,యేసు ప్రభువేగాక వసుధలో రక్షకుడే లేడు,,Zion Songs Telugu,సువార్త ప్రకటన Zion,,TELUGU,2014-10-16,https://waytochurch.com/lyrics/song/3482,507,647
3483,prabhu shree yaesu prabhu shree yaesu jayashaalee,ప్రభు శ్రీ యేసు ప్రభు శ్రీ యేసు జయశాలీ,,Zion Songs Telugu,సువార్త ప్రకటన Zion,,TELUGU,2014-10-16,https://waytochurch.com/lyrics/song/3483,475,585
3484,paripoornmbagu guruvu yevaru praemathoa nimdina hrudhayumde,పరిపూర్ణంబగు గురువు యెవరు ప్రేమతో నిండిన హృదయుండె,,Zion Songs Telugu,సువార్త ప్రకటన Zion,,TELUGU,2014-10-16,https://waytochurch.com/lyrics/song/3484,556,692
3485,prajalaaraa vaegamae raarae nijadhaivamunu kanugonarae,ప్రజలారా వేగమే రారే నిజదైవమును కనుగొనరే,,Zion Songs Telugu,సువార్త ప్రకటన Zion,,TELUGU,2014-10-16,https://waytochurch.com/lyrics/song/3485,602,749
3486,praemaamrutha dhaarala chimdhina mana yaesuku samamevaru,ప్రేమామృత ధారల చిందిన మన యేసుకు సమమెవరు,,Zion Songs Telugu,సువార్త ప్రకటన Zion,,TELUGU,2014-10-16,https://waytochurch.com/lyrics/song/3486,513,661
3487,rammanuchunnaa daesu raaju rmdi sarva janulaaraa,రమ్మనుచున్నా డేసు రాజు రండి సర్వ జనులారా,,Zion Songs Telugu,సువార్త ప్రకటన Zion,,TELUGU,2014-10-16,https://waytochurch.com/lyrics/song/3487,412,506
3488,rmdi rmdi yaesuni yodhdhaku rammanuchunnaadu,రండి రండి యేసుని యొద్దకు రమ్మనుచున్నాడు,,Zion Songs Telugu,సువార్త ప్రకటన Zion,,TELUGU,2014-10-16,https://waytochurch.com/lyrics/song/3488,642,795
3489,raarmdi yaesu paadhamula chaera paapa vimukthi pomdh,రారండి యేసు పాదముల చేర పాప విముక్తి పొంద,,Zion Songs Telugu,సువార్త ప్రకటన Zion,,TELUGU,2014-10-16,https://waytochurch.com/lyrics/song/3489,810,1033
3490,ilaloa yaesunakae jayamu,ఇలలో యేసునకే జయము,,Zion Songs Telugu,సువార్త ప్రకటన Zion,,TELUGU,2014-10-16,https://waytochurch.com/lyrics/song/3490,519,658
3491,kreesthae sarvaadhikaari kreesthae alphaa omaeg,క్రీస్తే సర్వాధికారి క్రీస్తే అల్ఫా ఒమేగ,,Zion Songs Telugu,సువార్త ప్రకటన Zion,,TELUGU,2014-10-16,https://waytochurch.com/lyrics/song/3491,709,898
3492,amdhakaaraloakamunaku velugunivva prabhuvu vachchenu,అంధకారలోకమునకు వెలుగునివ్వ ప్రభువు వచ్చెను,,Zion Songs Telugu,సువార్త ప్రకటన Zion,,TELUGU,2014-10-16,https://waytochurch.com/lyrics/song/3492,501,626
3493,maanava roopamunu dharimchi arudhemche yaesu ihamunaku,మానవ రూపమును ధరించి అరుదెంచె యేసు ఇహమునకు,,Zion Songs Telugu,సువార్త ప్రకటన Zion,,TELUGU,2014-10-16,https://waytochurch.com/lyrics/song/3493,577,726
3494,saati laenidhi yaesuni rakthamu paapamunu kadugunu,సాటి లేనిది యేసుని రక్తము పాపమును కడుగును,,Zion Songs Telugu,సువార్త ప్రకటన Zion,,TELUGU,2014-10-16,https://waytochurch.com/lyrics/song/3494,1175,1429
3495,rakshna nosagedu yaesuni praemanu lakshyamu chaeyumu oa priyudaa,రక్షణ నొసగెడు యేసుని ప్రేమను లక్ష్యము చేయుము ఓ ప్రియుడా,,Zion Songs Telugu,సువార్త ప్రకటన Zion,,TELUGU,2014-10-16,https://waytochurch.com/lyrics/song/3495,820,1012
3496,paapulakoraku prabhuyaesu siluvaloa baliyaayenu,పాపులకొరకు ప్రభుయేసు సిలువలో బలియాయెను,,Zion Songs Telugu,సువార్త ప్రకటన Zion,,TELUGU,2014-10-16,https://waytochurch.com/lyrics/song/3496,729,902
3497,dhaevudu loakamunu yemthoa praemimchenu adhvitheeya kumaaruni anugrahimchenu,దేవుడు లోకమును యెంతో ప్రేమించెను అద్వితీయ కుమారుని అనుగ్రహించెను,,Zion Songs Telugu,సువార్త ప్రకటన Zion,,TELUGU,2014-10-16,https://waytochurch.com/lyrics/song/3497,520,643
3498,maaya loakamu moasapoakumu yaesunmdhae rakshna dhorukunu neeku,మాయ లోకము మోసపోకుము యేసునందే రక్షణ దొరుకును నీకు,,Zion Songs Telugu,సువార్త ప్రకటన Zion,,TELUGU,2014-10-16,https://waytochurch.com/lyrics/song/3498,655,806
3499,nyaayapeetamu nee mumdhu vunnadhi dhyaanimchichoodu koorchunna dhevaroa,న్యాయపీఠము నీ ముందు వున్నది ధ్యానించిచూడు కూర్చున్న దెవరో,,Zion Songs Telugu,సువార్త ప్రకటన Zion,,TELUGU,2014-10-16,https://waytochurch.com/lyrics/song/3499,724,925
3500,mahaavaidhyumdu vachchenu brajaali broachu yaesu,మహావైద్యుండు వచ్చెను బ్రజాళి బ్రోచు యేసు,,Zion Songs Telugu,సువార్త ప్రకటన Zion,,TELUGU,2014-10-16,https://waytochurch.com/lyrics/song/3500,711,844
3501,maadhurympu naamamu moadhamichchugaanamu,మాధుర్యంపు నామము మోదమిచ్చుగానము,,Zion Songs Telugu,సువార్త ప్రకటన Zion,,TELUGU,2014-10-16,https://waytochurch.com/lyrics/song/3501,711,844
3502,shubhavaartha vimtimi yaesu rakshimchunu,శుభవార్త వింటిమి యేసు రక్షించును,,Zion Songs Telugu,సువార్త ప్రకటన Zion,,TELUGU,2014-10-16,https://waytochurch.com/lyrics/song/3502,479,578
3503,immaanuyaeluni rakthamu nimdina ootayae,ఇమ్మానుయేలుని రక్తము నిండిన ఊటయే,,Zion Songs Telugu,సువార్త ప్రకటన Zion,,TELUGU,2014-10-16,https://waytochurch.com/lyrics/song/3503,532,635
3504,hallelooyaa yaesuvaa kalvaripaina mruthudaa,హల్లెలూయా యేసువా కల్వరిపైన మృతుడా,,Zion Songs Telugu,సువార్త ప్రకటన Zion,,TELUGU,2014-10-16,https://waytochurch.com/lyrics/song/3504,532,635
3505,daagunaedhi maapunu vaegayaesu rakthadhaarae,డాగునేది మాపును వేగయేసు రక్తధారే,,Zion Songs Telugu,సువార్త ప్రకటన Zion,,TELUGU,2014-10-16,https://waytochurch.com/lyrics/song/3505,459,591
3506,haa dhivya rakthamu emthoa yamoolyamu,హా దివ్య రక్తము ఎంతో యమూల్యము,,Zion Songs Telugu,సువార్త ప్రకటన Zion,,TELUGU,2014-10-16,https://waytochurch.com/lyrics/song/3506,459,591
3507,mana prabhuvaina yaesunmdhu ennoa dheevenalu,మన ప్రభువైన యేసునందు ఎన్నో దీవెనలు,,Zion Songs Telugu,సువార్త ప్రకటన Zion,,TELUGU,2014-10-16,https://waytochurch.com/lyrics/song/3507,625,791
3508,nee jeevithamu kshnabhmguramae oka gadiyaloanae gathiyimchedhavu,నీ జీవితము క్షణభంగురమే ఒక గడియలోనే గతియించెదవు,,Zion Songs Telugu,సువార్త ప్రకటన Zion,,TELUGU,2014-10-16,https://waytochurch.com/lyrics/song/3508,402,512
3509,emthoa goppa nithyamaina poorna rakshna yidhae,ఎంతో గొప్ప నిత్యమైన పూర్ణ రక్షణ యిదే,,Zion Songs Telugu,సువార్త ప్రకటన Zion,,TELUGU,2014-10-16,https://waytochurch.com/lyrics/song/3509,704,902
3510,yaesu laenichoa paapikaashrayamae laedhu,యేసు లేనిచో పాపికాశ్రయమే లేదు,,Zion Songs Telugu,సువార్త ప్రకటన Zion,,TELUGU,2014-10-16,https://waytochurch.com/lyrics/song/3510,622,774
3511,maaru manassu pomdhumu prabhuni raajyamu sameepimchenu,మారు మనస్సు పొందుము ప్రభుని రాజ్యము సమీపించెను,,Zion Songs Telugu,సువార్త ప్రకటన Zion,,TELUGU,2014-10-16,https://waytochurch.com/lyrics/song/3511,611,778
3512,vyarthm vyarthm sarvamu vyarthm nashimchu loakm naashamu thadhym,వ్యర్థం వ్యర్థం సర్వము వ్యర్థం నశించు లోకం నాశము తధ్యం,,Zion Songs Telugu,సువార్త ప్రకటన Zion,,TELUGU,2014-10-16,https://waytochurch.com/lyrics/song/3512,676,852
3513,kreesthu prabhukae sakala mahima shaashvathmbainadhi thana raajym,క్రీస్తు ప్రభుకే సకల మహిమ శాశ్వతంబైనది తన రాజ్యం,,Zion Songs Telugu,సువార్త ప్రకటన Zion,,TELUGU,2014-10-16,https://waytochurch.com/lyrics/song/3513,684,833
3514,idhiyae anukoola samayamu neeku ghana rakshna dhinamu,ఇదియే అనుకూల సమయము నీకు ఘన రక్షణ దినము,,Zion Songs Telugu,సువార్త ఆహ్వానము Zion,,TELUGU,2014-10-16,https://waytochurch.com/lyrics/song/3514,860,1065
3515,idhiyae samaymbu rmdi yaesuni jaermdi,ఇదియే సమయంబు రండి యేసుని జేరండి,,Zion Songs Telugu,సువార్త ఆహ్వానము Zion,,TELUGU,2014-10-16,https://waytochurch.com/lyrics/song/3515,871,1083
3516,maayaloaka maayaloa naela mumgi thirigedhavu,మాయలోక మాయలో నేల ముంగి తిరిగెదవు,,Zion Songs Telugu,సువార్త ఆహ్వానము Zion,,TELUGU,2014-10-16,https://waytochurch.com/lyrics/song/3516,567,703
3517,maranamu vachchun maranamu vachchun,మరణము వచ్చున్ మరణము వచ్చున్,,Zion Songs Telugu,సువార్త ఆహ్వానము Zion,,TELUGU,2014-10-16,https://waytochurch.com/lyrics/song/3517,567,703
3518,vinathi vinathi vinathi thriyaekuniki,వినతి వినతి వినతి త్రియేకునికి,,Zion Songs Telugu,సువార్త ఆహ్వానము Zion,,TELUGU,2014-10-16,https://waytochurch.com/lyrics/song/3518,797,986
3519,kaalaviluva neeku theliyakapoayina kanneeru kaarchedhavu,కాలవిలువ నీకు తెలియకపోయిన కన్నీరు కార్చెదవు,,Zion Songs Telugu,సువార్త ఆహ్వానము Zion,,TELUGU,2014-10-16,https://waytochurch.com/lyrics/song/3519,599,760
3520,prabhu yaesu pilupunu oa priyudaa pedachevini pettedhavaa,ప్రభు యేసు పిలుపును ఓ ప్రియుడా పెడచెవిని పెట్టెదవా,,Zion Songs Telugu,సువార్త ఆహ్వానము Zion,,TELUGU,2014-10-16,https://waytochurch.com/lyrics/song/3520,998,1277
3521,praemathoa yaesu piluchuchunnaadu rammu,ప్రేమతో యేసు పిలుచుచున్నాడు రమ్ము,,Zion Songs Telugu,సువార్త ఆహ్వానము Zion,,TELUGU,2014-10-16,https://waytochurch.com/lyrics/song/3521,868,1069
3522,immuga nee hrudhayamu nimmu immanen nee prabhu,ఇమ్ముగ నీ హృదయము నిమ్ము ఇమ్మనెన్ నీ ప్రభు,,Zion Songs Telugu,సువార్త ఆహ్వానము Zion,,TELUGU,2014-10-16,https://waytochurch.com/lyrics/song/3522,613,759
3523,oapaapi jeevapu yootakuraa paapabhaaramu thoadaraa,ఓపాపి జీవపు యూటకురా పాపభారము తోడరా,,Zion Songs Telugu,సువార్త ఆహ్వానము Zion,,TELUGU,2014-10-16,https://waytochurch.com/lyrics/song/3523,728,912
3524,thaamasamu chaeyakumu tharunamunu veedakumu,తామసము చేయకుము తరుణమును వీడకుము,,Zion Songs Telugu,సువార్త ఆహ్వానము Zion,,TELUGU,2014-10-16,https://waytochurch.com/lyrics/song/3524,728,912
3525,gadiya naenu thattuchunnaanu,గడియ నేను తట్టుచున్నాను,,Zion Songs Telugu,సువార్త ఆహ్వానము Zion,,TELUGU,2014-10-16,https://waytochurch.com/lyrics/song/3525,742,950
3526,yaesu raajun nee yedhaloa vasiyimpa neeyavaa,యేసు రాజున్ నీ యెదలో వసియింప నీయవా,,Zion Songs Telugu,సువార్త ఆహ్వానము Zion,,TELUGU,2014-10-16,https://waytochurch.com/lyrics/song/3526,806,1009
3527,soadharudaa paapakshmakai vaedumaa prabhu yaesuni,సోదరుడా పాపక్షమకై వేడుమా ప్రభు యేసుని,,Zion Songs Telugu,సువార్త ఆహ్వానము Zion,,TELUGU,2014-10-16,https://waytochurch.com/lyrics/song/3527,487,602
3528,yaesu prabhuvae neeku rakshna nichchunu,యేసు ప్రభువే నీకు రక్షణ నిచ్చును,,Zion Songs Telugu,సువార్త ఆహ్వానము Zion,,TELUGU,2014-10-16,https://waytochurch.com/lyrics/song/3528,1296,1584
3529,oapaapee smdhimchithivaa nee paapa vimoachakuni,ఓపాపీ సంధించితివా నీ పాప విమోచకుని,,Zion Songs Telugu,సువార్త ఆహ్వానము Zion,,TELUGU,2014-10-16,https://waytochurch.com/lyrics/song/3529,763,922
3530,choodumu soadharudaa neevu naedae laechi rakshna korakai,చూడుము సోదరుడా నీవు నేడే లేచి రక్షణ కొరకై,,Zion Songs Telugu,సువార్త ఆహ్వానము Zion,,TELUGU,2014-10-16,https://waytochurch.com/lyrics/song/3530,855,1062
3531,prabhuthattu kannu leththu yaesu thattu kannu leththu,ప్రభుతట్టు కన్ను లెత్తు యేసు తట్టు కన్ను లెత్తు,,Zion Songs Telugu,సువార్త ఆహ్వానము Zion,,TELUGU,2014-10-16,https://waytochurch.com/lyrics/song/3531,463,594
3532,choodumu neevu maelukonumu yaesu vachchuchunnaadu,చూడుము నీవు మేలుకొనుము యేసు వచ్చుచున్నాడు,,Zion Songs Telugu,సువార్త ఆహ్వానము Zion,,TELUGU,2014-10-16,https://waytochurch.com/lyrics/song/3532,576,708
3533,yaesuni sveekarimchu kreesthaesuni sveekarimchu,యేసుని స్వీకరించు క్రీస్తేసుని స్వీకరించు,,Zion Songs Telugu,సువార్త ఆహ్వానము Zion,,TELUGU,2014-10-16,https://waytochurch.com/lyrics/song/3533,887,1117
3534,jeevitha mevvariki nee jeevitha mevvariki,జీవిత మెవ్వరికి నీ జీవిత మెవ్వరికి,,Zion Songs Telugu,సువార్త ఆహ్వానము Zion,,TELUGU,2014-10-16,https://waytochurch.com/lyrics/song/3534,701,917
3535,yaesu ninnu pilachenu vaasigaa svaramu vinu,యేసు నిన్ను పిలచెను వాసిగా స్వరము విను,,Zion Songs Telugu,సువార్త ఆహ్వానము Zion,,TELUGU,2014-10-16,https://waytochurch.com/lyrics/song/3535,639,784
3536,choodumu ee kshnamae kalvarini praemaa prabhuvu neekai niluchumdenu,చూడుము ఈ క్షణమే కల్వరిని ప్రేమా ప్రభువు నీకై నిలుచుండెను,,Zion Songs Telugu,Good Friday సువార్త ఆహ్వానము Zion,,TELUGU,2014-10-16,https://waytochurch.com/lyrics/song/3536,562,703
3537,emtha paapinainanu yaesu chaerchukonunu,ఎంత పాపినైనను యేసు చేర్చుకొనును,,Zion Songs Telugu,సువార్త ఆహ్వానము Zion,,TELUGU,2014-10-16,https://waytochurch.com/lyrics/song/3537,456,558
3538,hallelooya hallelooya emtha paapinainanu,హల్లెలూయ హల్లెలూయ ఎంత పాపినైనను,,Zion Songs Telugu,సువార్త ఆహ్వానము Zion,,TELUGU,2014-10-16,https://waytochurch.com/lyrics/song/3538,456,558
3539,choochi jeevimchu yaesunaathuni gaayamulanu choodumu,చూచి జీవించు యేసునాథుని గాయములను చూడుము,,Zion Songs Telugu,సువార్త ఆహ్వానము Zion,,TELUGU,2014-10-16,https://waytochurch.com/lyrics/song/3539,686,845
3540,yaesunaathuni gaayamulanu choodumu nithyajeevamu pomdhedhavu,యేసునాథుని గాయములను చూడుము నిత్యజీవము పొందెదవు,,Zion Songs Telugu,సువార్త ఆహ్వానము Zion,,TELUGU,2014-10-16,https://waytochurch.com/lyrics/song/3540,686,845
3541,nammirammu nammirammu immuga brathukumu,నమ్మిరమ్ము నమ్మిరమ్ము ఇమ్ముగ బ్రతుకుము,,Zion Songs Telugu,సువార్త ఆహ్వానము Zion,,TELUGU,2014-10-16,https://waytochurch.com/lyrics/song/3541,841,1018
3542,rakshnmpu vaarthanu vini rakshkumdagu yaesuni,రక్షణంపు వార్తను విని రక్షకుండగు యేసుని,,Zion Songs Telugu,సువార్త ఆహ్వానము Zion,,TELUGU,2014-10-16,https://waytochurch.com/lyrics/song/3542,841,1018
3543,prabhuyaesu rammanuchumde paapula nellarini,ప్రభుయేసు రమ్మనుచుండె పాపుల నెల్లరిని,,Zion Songs Telugu,సువార్త ఆహ్వానము Zion,,TELUGU,2014-10-16,https://waytochurch.com/lyrics/song/3543,727,917
3544,yerushlaemu gummamulaaraa raajunu loaniki raanimmu,యెరుషలేము గుమ్మములారా రాజును లోనికి రానిమ్ము,,Zion Songs Telugu,సువార్త ఆహ్వానము Zion,,TELUGU,2014-10-16,https://waytochurch.com/lyrics/song/3544,640,791
3545,theruvu nee hrudhaya dhvaarmbu naedae prabhuyaesunmdhae rakshna kaladhu,తెరువు నీ హృదయ ద్వారంబు నేడే ప్రభుయేసునందే రక్షణ కలదు,,Zion Songs Telugu,సువార్త ఆహ్వానము Zion,,TELUGU,2014-10-16,https://waytochurch.com/lyrics/song/3545,726,930
3546,krupakaalamuloa prabhuyaesuni amgeekarimchumu oa priyudaa,కృపకాలములో ప్రభుయేసుని అంగీకరించుము ఓ ప్రియుడా,,Zion Songs Telugu,సువార్త ఆహ్వానము Zion,,TELUGU,2014-10-16,https://waytochurch.com/lyrics/song/3546,867,1091
3547,kreesthu chemthaku rammu priyudaa yaesu chemthaku rammu priyudaa,క్రీస్తు చెంతకు రమ్ము ప్రియుడా యేసు చెంతకు రమ్ము ప్రియుడా,,Zion Songs Telugu,సువార్త ఆహ్వానము Zion,,TELUGU,2014-10-16,https://waytochurch.com/lyrics/song/3547,668,833
3548,theruvabadiyunnadhi krupadhvaaramu,తెరువబడియున్నది కృపద్వారము,,Zion Songs Telugu,సువార్త ఆహ్వానము Zion,,TELUGU,2014-10-16,https://waytochurch.com/lyrics/song/3548,730,899
3549,naa maata vinumani prabhuvanenu ninu rakshimpanu piluchu chumde,నా మాట వినుమని ప్రభువనెను నిను రక్షింపను పిలుచు చుండె,,Zion Songs Telugu,సువార్త ఆహ్వానము Zion,,TELUGU,2014-10-16,https://waytochurch.com/lyrics/song/3549,615,759
3550,naadhu hrudhayapu dhvaaramu therachedhanu yaesu paapapu roagiki neevae gathi,నాదు హృదయపు ద్వారము తెరచెదను యేసు పాపపు రోగికి నీవే గతి,,Zion Songs Telugu,సువార్త ఒప్పుకోలు Zion,,TELUGU,2014-10-16,https://waytochurch.com/lyrics/song/3550,671,827
3551,priyayaesu nirmimchithivi priyamaara naa hrudhaym,ప్రియయేసు నిర్మించితివి ప్రియమార నా హృదయం,,Zion Songs Telugu,సువార్త ఒప్పుకోలు Zion,,TELUGU,2014-10-16,https://waytochurch.com/lyrics/song/3551,514,642
3552,kanikarimchi nannu rakshimchu maesayyaa,కనికరించి నన్ను రక్షించు మేసయ్యా,,Zion Songs Telugu,సువార్త ఒప్పుకోలు Zion,,TELUGU,2014-10-16,https://waytochurch.com/lyrics/song/3552,399,506
3553,yaesu naa hrudhayamunmdhuna nivasimcharammu hrudhayashudhdhi nimmu,యేసు నా హృదయమునందున నివసించరమ్ము హృదయశుద్ధి నిమ్ము,,Zion Songs Telugu,సువార్త ఒప్పుకోలు Zion,,TELUGU,2014-10-16,https://waytochurch.com/lyrics/song/3553,509,646
3554,rakshna nosagumu prabhuvaa paapiki,రక్షణ నొసగుము ప్రభువా పాపికి,,Zion Songs Telugu,సువార్త ఒప్పుకోలు Zion,,TELUGU,2014-10-16,https://waytochurch.com/lyrics/song/3554,350,425
3555,naenu ghoarapaapini chaeri vaeduchumtini kshmimchumu,నేను ఘోరపాపిని చేరి వేడుచుంటిని క్షమించుము,,Zion Songs Telugu,సువార్త ఒప్పుకోలు Zion,,TELUGU,2014-10-16,https://waytochurch.com/lyrics/song/3555,756,962
3556,prabhuvaa nannu karunimchumu nae ghoara paapini,ప్రభువా నన్ను కరుణించుము నే ఘోర పాపిని,,Zion Songs Telugu,సువార్త ఒప్పుకోలు Zion,,TELUGU,2014-10-16,https://waytochurch.com/lyrics/song/3556,617,766
3557,jeevapudhaatha naa hrudhayamuloaniki raa,జీవపుదాత నా హృదయములోనికి రా,,Zion Songs Telugu,సువార్త ఒప్పుకోలు Zion,,TELUGU,2014-10-16,https://waytochurch.com/lyrics/song/3557,597,776
3558,viduvavu nannika ennadainanu padipoakumdaa kaayurakshkaa,విడువవు నన్నిక ఎన్నడైనను పడిపోకుండా కాయురక్షకా,,Zion Songs Telugu,సువార్త ఒప్పుకోలు Zion,,TELUGU,2014-10-16,https://waytochurch.com/lyrics/song/3558,828,1052
3559,paapini naenu thappithi bhuviloa rakshimchedi vaarevaru,పాపిని నేను తప్పితి భువిలో రక్షించెడి వారెవరు,,Zion Songs Telugu,సువార్త ఒప్పుకోలు Zion,,TELUGU,2014-10-16,https://waytochurch.com/lyrics/song/3559,714,880
3560,naedu nae naarakshkuni naamadhiloa chaerchukonnaanu,నేడు నే నారక్షకుని నామదిలో చేర్చుకొన్నాను,,Zion Songs Telugu,సువార్త ఒప్పుకోలు Zion,,TELUGU,2014-10-16,https://waytochurch.com/lyrics/song/3560,674,853
3561,naakai cheelchabaddayoa naayanmthanagamaa,నాకై చీల్చబడ్డయో నాయనంతనగమా,,Zion Songs Telugu,సువార్త ఒప్పుకోలు Zion,,TELUGU,2014-10-16,https://waytochurch.com/lyrics/song/3561,482,602
3562,oa yaesu rakshkaa nee pilpu vimdhunu kalvaripai naa paapamu nivruththichaesithi,ఓ యేసు రక్షకా నీ పిల్పు విందును కల్వరిపై నా పాపము నివృత్తిచేసితి,,Zion Songs Telugu,సువార్త ఒప్పుకోలు Zion,,TELUGU,2014-10-16,https://waytochurch.com/lyrics/song/3562,436,535
3563,unnattu naenu vachchedhan paapinaina nan pilvagan,ఉన్నట్టు నేను వచ్చెదన్ పాపినైన నన్ పిల్వగన్,,Zion Songs Telugu,సువార్త ఒప్పుకోలు Zion,,TELUGU,2014-10-16,https://waytochurch.com/lyrics/song/3563,611,723
3564,aakaashamu bhuviloa nella yaesu unnathudu,ఆకాశము భువిలో నెల్ల యేసు ఉన్నతుడు,,Zion Songs Telugu,సువార్త ఒప్పుకోలు Zion,,TELUGU,2014-10-16,https://waytochurch.com/lyrics/song/3564,513,631
3565,nae nammudhu nae nammudhu yaesu naakai maranimchenani,నే నమ్ముదు నే నమ్ముదు యేసు నాకై మరణించెనని,,Zion Songs Telugu,సువార్త ఒప్పుకోలు Zion,,TELUGU,2014-10-16,https://waytochurch.com/lyrics/song/3565,513,631
3566,paapabhaaramu dhushtaguna samaethumdanai dhuhkhanashta dhaurjanyamuthoa numd,పాపభారము దుష్టగుణ సమేతుండనై దుఃఖనష్ట దౌర్జన్యముతో నుండ,,Zion Songs Telugu,సువార్త ఒప్పుకోలు Zion,,TELUGU,2014-10-16,https://waytochurch.com/lyrics/song/3566,735,911
3567,silvaloa silvaloa paapamella boaye silvaymdhun,సిల్వలో సిల్వలో పాపమెల్ల బోయె సిల్వయందున,,Zion Songs Telugu,సువార్త ఒప్పుకోలు Zion,,TELUGU,2014-10-16,https://waytochurch.com/lyrics/song/3567,735,911
3568,dhayagalayaesu paapikaashrayudaa priya prabhu dhroahini karunimchumu,దయగలయేసు పాపికాశ్రయుడా ప్రియ ప్రభు ద్రోహిని కరుణించుము,,Zion Songs Telugu,సువార్త ఒప్పుకోలు Zion,,TELUGU,2014-10-16,https://waytochurch.com/lyrics/song/3568,725,910
3569,smghamokkatae saarvathrika smghamanedi smgha mokkatae,సంఘమొక్కటే సార్వత్రిక సంఘమనెడి సంఘ మొక్కటే,,Zion Songs Telugu,సంఘము Zion,,TELUGU,2014-10-16,https://waytochurch.com/lyrics/song/3569,967,1231
3570,parishudhdha shree yaesuvae paraloakaraaju,పరిశుద్ధ శ్రీ యేసువే పరలోకరాజు,,Zion Songs Telugu,సంఘము Zion,,TELUGU,2014-10-16,https://waytochurch.com/lyrics/song/3570,1064,1338
3571,jayimchuvaadu dhaevakumaarudu bhayamu chemdhaka yumdudi,జయించువాడు దేవకుమారుడు భయము చెందక యుండుడి,,Zion Songs Telugu,సంఘము Zion,,TELUGU,2014-10-16,https://waytochurch.com/lyrics/song/3571,975,1211
3572,seeyoanupattanamaa suvarna nagaramaa mahimaapuramaa mahaa bhaagyamu needhae,సీయోనుపట్టణమా సువర్ణ నగరమా మహిమాపురమా మహా భాగ్యము నీదే,,Zion Songs Telugu,సంఘము Zion,,TELUGU,2014-10-16,https://waytochurch.com/lyrics/song/3572,805,999
3573,seeyoanu puramaa sarvoannathuni shrumgaarapuramaa seeyoanupuramaa,సీయోను పురమా సర్వోన్నతుని శృంగారపురమా సీయోనుపురమా,,Zion Songs Telugu,సంఘము Zion,,TELUGU,2014-10-16,https://waytochurch.com/lyrics/song/3573,1164,1437
3574,prabhuyaesu smghamu nirmimchuchumda garvisaathaanu jayamomdha laedu,ప్రభుయేసు సంఘము నిర్మించుచుండ గర్విసాతాను జయమొంద లేడు,,Zion Songs Telugu,సంఘము Zion,,TELUGU,2014-10-16,https://waytochurch.com/lyrics/song/3574,877,1118
3575,bhakthula smghamae prabhuni shareeramu amdhaayana thana poornatha nimpunu,భక్తుల సంఘమే ప్రభుని శరీరము అందాయన తన పూర్ణత నింపును,,Zion Songs Telugu,సంఘము Zion,,TELUGU,2014-10-16,https://waytochurch.com/lyrics/song/3575,598,758
3576,smthasillunu mee hrudhayaalu seeyoanu mahimajoochi,సంతసిల్లును మీ హృదయాలు సీయోను మహిమజూచి,,Zion Songs Telugu,సంఘము Zion,,TELUGU,2014-10-16,https://waytochurch.com/lyrics/song/3576,692,881
3577,shakthigala shaalaemuraajaa shaaroanu roajaa sthuthiyimchedhamu yaesu,శక్తిగల షాలేమురాజా షారోను రోజా స్తుతియించెదము యేసు,,Zion Songs Telugu,సంఘము Zion,,TELUGU,2014-10-16,https://waytochurch.com/lyrics/song/3577,1243,1586
3578,dhaivadharshanamuna yaakoabu dhivyamuganu choochi,దైవదర్శనమున యాకోబు దివ్యముగను చూచి,,Zion Songs Telugu,సంఘము Zion,,TELUGU,2014-10-16,https://waytochurch.com/lyrics/song/3578,674,848
3579,immuga nee sudhinmbu numdi mimmu naasheervaadhimchedhanu pommanina oa maa prabhuvaa,ఇమ్ముగ నీ సుదినంబు నుండి మిమ్ము నాశీర్వాదించెదను పొమ్మనిన ఓ మా ప్రభువా,,Zion Songs Telugu,సంఘము Zion,,TELUGU,2014-10-16,https://waytochurch.com/lyrics/song/3579,837,1029
3580,,సర్వ శక్తుని వాక్కు ఇదియే సమస్తమును మీవే,,Zion Songs Telugu,సంఘము Zion,,TELUGU,2014-10-16,https://waytochurch.com/lyrics/song/3580,601,763
3581,,సీయోను వాసులారా సకల వాగ్దానములు మనవాయెను,,Zion Songs Telugu,సంఘము Zion,,TELUGU,2014-10-16,https://waytochurch.com/lyrics/song/3581,756,950
3582,,గొఱ్ఱెపిల్ల వివాహోత్సవ సమయము వచ్చెను రండి,,Zion Songs Telugu,సంఘము Zion,,TELUGU,2014-10-16,https://waytochurch.com/lyrics/song/3582,643,777
3583,,ఆత్మ మందిరమును ప్రభు కట్టుచున్నాడు ఆత్మ నియమముతో నిర్మించున్,,Zion Songs Telugu,సంఘము Zion,,TELUGU,2014-10-16,https://waytochurch.com/lyrics/song/3583,556,690
3584,,ప్రభు దయచేయు నిత్య దీవెనలు బెరాకాలో చూతురు,,Zion Songs Telugu,సంఘము Zion,,TELUGU,2014-10-16,https://waytochurch.com/lyrics/song/3584,867,1095
3585,,నిర్మింపబడితిమి మనము దైవగృహముగా తన కృపచే స్థిరపరచబడితిమి,,Zion Songs Telugu,సంఘము Zion,,TELUGU,2014-10-16,https://waytochurch.com/lyrics/song/3585,576,752
3586,,నాయాత్మ లంగరువేయ సుస్థిర భూమి చిక్కెను,,Zion Songs Telugu,క్రైస్తవ జీవితము Zion,,TELUGU,2014-10-16,https://waytochurch.com/lyrics/song/3586,683,852
3587,,జీవితంబు ఘోర కష్టనష్టముల్ ఆవరించి నిన్ను దుఃఖపర్చిన,,Zion Songs Telugu,క్రైస్తవ జీవితము Zion,,TELUGU,2014-10-16,https://waytochurch.com/lyrics/song/3587,649,809
3588,,ఎంచుము లెక్కించు మీవులన్ ఎంచి చూడు మేసు దీవెనల్,,Zion Songs Telugu,క్రైస్తవ జీవితము Zion,,TELUGU,2014-10-16,https://waytochurch.com/lyrics/song/3588,649,809
3589,,ఆయన నన్ను నడుపునను ఆలోచనే నా కాధారం,,Zion Songs Telugu,క్రైస్తవ జీవితము Zion,,TELUGU,2014-10-16,https://waytochurch.com/lyrics/song/3589,548,710
3592,,నడ్పుమా మహా యెహోవా లోకయాత్ర యందున,,Zion Songs Telugu,క్రైస్తవ జీవితము Zion,,TELUGU,2014-10-16,https://waytochurch.com/lyrics/song/3592,464,563
3593,,యేసు మమ్ము నడిపించు నీదు కాపు కావలెన్,,Zion Songs Telugu,క్రైస్తవ జీవితము Zion,,TELUGU,2014-10-16,https://waytochurch.com/lyrics/song/3593,572,692
3594,,నీ చెంతకో ప్రభో నే జేరెదన్ కష్టంబు లేచినన్ నిన్ జేరెద,,Zion Songs Telugu,క్రైస్తవ జీవితము Zion,,TELUGU,2014-10-16,https://waytochurch.com/lyrics/song/3594,634,770
3595,,పూర్వమాశీర్వాదము నేడు శ్రీయేసే మున్ను నా యాలోచన నేడు తనమాట,,Zion Songs Telugu,క్రైస్తవ జీవితము Zion,,TELUGU,2014-10-16,https://waytochurch.com/lyrics/song/3595,911,1095
3596,,సర్వములో సర్వదా యేసునే పాడెద యేసులో సమస్తము సమస్తము యేసే,,Zion Songs Telugu,క్రైస్తవ జీవితము Zion,,TELUGU,2014-10-16,https://waytochurch.com/lyrics/song/3596,911,1095
3597,,యేసూ ఆత్మ ప్రియుడా నిన్ను నాశ్రయించితి,,Zion Songs Telugu,క్రైస్తవ జీవితము Zion,,TELUGU,2014-10-16,https://waytochurch.com/lyrics/song/3597,696,834
3598,,నా ప్రేమరాజు కాపరి నన్నెంతో ప్రేమించును,,Zion Songs Telugu,క్రైస్తవ జీవితము Zion,,TELUGU,2014-10-16,https://waytochurch.com/lyrics/song/3598,571,689
3599,,దైవ ప్రేమ పృథ్విలోని యన్నిటిని మించును,,Zion Songs Telugu,క్రైస్తవ జీవితము Zion,,TELUGU,2014-10-16,https://waytochurch.com/lyrics/song/3599,564,672
3600,,ఇమ్ముగ నడిపించితివి నెమ్మదిగల ఈ స్థలమునకు ప్రభో,,Zion Songs Telugu,క్రైస్తవ జీవితము Zion,,TELUGU,2014-10-16,https://waytochurch.com/lyrics/song/3600,950,1181
3601,,ఆనంద మహానందం ప్రభువే మనకానందం,,Zion Songs Telugu,క్రైస్తవ జీవితము Zion,,TELUGU,2014-10-16,https://waytochurch.com/lyrics/song/3601,766,972
3602,,మీరు బహుగా ఫలించినచో మహిమ కలుగును తండ్రికి,,Zion Songs Telugu,క్రైస్తవ జీవితము Zion,,TELUGU,2014-10-16,https://waytochurch.com/lyrics/song/3602,721,914
3603,,మేల్కొనుమా మేల్కొనుమా యేసే నుడివెను ఓ ప్రియుడా,,Zion Songs Telugu,క్రైస్తవ జీవితము Zion,,TELUGU,2014-10-16,https://waytochurch.com/lyrics/song/3603,544,663
3604,,అద్భుత దీవెనలు ప్రభువా కుమ్మరించితివి,,Zion Songs Telugu,క్రైస్తవ జీవితము Zion,,TELUGU,2014-10-16,https://waytochurch.com/lyrics/song/3604,703,883
3605,,క్రీస్తుని చూచుచు సాగివెళ్ళెదను సీయోను యాత్రలో,,Zion Songs Telugu,క్రైస్తవ జీవితము Zion,,TELUGU,2014-10-16,https://waytochurch.com/lyrics/song/3605,855,1108
3606,,ఎంతో సుందర జీవితము మహిమతో నిండినది,,Zion Songs Telugu,క్రైస్తవ జీవితము Zion,,TELUGU,2014-10-16,https://waytochurch.com/lyrics/song/3606,855,1108
3607,,వెళ్ళెదము కూడి వెళ్ళెదము శ్రేష్ఠ దేశమును చేరుటకు,,Zion Songs Telugu,క్రైస్తవ జీవితము Zion,,TELUGU,2014-10-16,https://waytochurch.com/lyrics/song/3607,654,821
3608,,ఓ ప్రభువా నే దారి తొలగితి నీ శరణు జొచ్చితిని,,Zion Songs Telugu,క్రైస్తవ జీవితము Zion,,TELUGU,2014-10-16,https://waytochurch.com/lyrics/song/3608,569,715
3609,,ప్రభుయేసు నా రక్షకా నొసగు కన్నులు నాకు,,Zion Songs Telugu,క్రైస్తవ ప్రార్థన Zion,,TELUGU,2014-10-16,https://waytochurch.com/lyrics/song/3609,919,1127
3610,,ఓ సర్వశక్తుడా నా సత్యదేవుడా సర్వదా నిను నే స్మరియింతును,,Zion Songs Telugu,క్రైస్తవ ప్రార్థన Zion,,TELUGU,2014-10-16,https://waytochurch.com/lyrics/song/3610,902,1101
3611,,నీతిమంతుల ప్రార్థన దేవుడాలకించును,,Zion Songs Telugu,క్రైస్తవ ప్రార్థన Zion,,TELUGU,2014-10-16,https://waytochurch.com/lyrics/song/3611,673,835
3612,,చెట్లులేని మెట్టలందు నదుల పారజేయు దేవా,,Zion Songs Telugu,క్రైస్తవ ప్రార్థన Zion,,TELUGU,2014-10-16,https://waytochurch.com/lyrics/song/3612,582,747
3613,,దేవుని ప్రార్థించెదము దైవ పుత్రుని నామమందు,,Zion Songs Telugu,క్రైస్తవ ప్రార్థన Zion,,TELUGU,2014-10-16,https://waytochurch.com/lyrics/song/3613,985,1195
3614,,ఆకాశ మహా కాశంబులు పట్టని ఆశ్చర్యకరుడా,,Zion Songs Telugu,క్రైస్తవ ప్రార్థన Zion,,TELUGU,2014-10-16,https://waytochurch.com/lyrics/song/3614,709,895
3615,,ప్రభువా పరలోక జీవాగ్ని నిమ్ము పరిపూర్ణముగా జీవము నిమ్ము,,Zion Songs Telugu,క్రైస్తవ ప్రార్థన Zion,,TELUGU,2014-10-16,https://waytochurch.com/lyrics/song/3615,512,615
3616,,పరిశుద్ధ అగ్నిని పంపు దేవా రాజిల్లి వ్యాపింపజేయు దేవా,,Zion Songs Telugu,క్రైస్తవ ప్రార్థన Zion,,TELUGU,2014-10-16,https://waytochurch.com/lyrics/song/3616,452,556
3617,,పరిశుద్ధ పరిశుద్ధ ప్రభుయేసు రమ్ము మాకు నేడే నీ దీవెనలిమ్ము,,Zion Songs Telugu,క్రైస్తవ ప్రార్థన Zion,,TELUGU,2014-10-16,https://waytochurch.com/lyrics/song/3617,408,491
3618,,నీ వాత్మ యుద్ధములో జయ మొందుము,,Zion Songs Telugu,క్రైస్తవ ప్రార్థన Zion,,TELUGU,2014-10-16,https://waytochurch.com/lyrics/song/3618,843,1070
3619,paramaasheervaadhamu koari paraloaka pithaa arudhemchithimi,పరమాశీర్వాదము కోరి పరలోక పితా అరుదెంచితిమి,,Zion Songs Telugu,క్రైస్తవ ప్రార్థన Zion,,TELUGU,2014-10-16,https://waytochurch.com/lyrics/song/3619,492,632
3620,shudhdha aathma dhigirammu maa pai vaegamae shudhdhi yaesu nee eevula maakeeyumaa,శుద్ధ ఆత్మ దిగిరమ్ము మా పై వేగమే శుద్ధి యేసు నీ ఈవుల మాకీయుమా,,Zion Songs Telugu,క్రైస్తవ ప్రార్థన Zion,,TELUGU,2014-10-16,https://waytochurch.com/lyrics/song/3620,583,739
3621,,యెహోవాయే ఆశ్చర్య కార్యములను చేసియున్నాడు,,Zion Songs Telugu,క్రైస్తవ ప్రార్థన Zion,,TELUGU,2014-10-16,https://waytochurch.com/lyrics/song/3621,755,951
3622,,నింపుమో ప్రభు నన్ను సర్వ సంసంపూర్ణతతోను నన్ను,,Zion Songs Telugu,క్రైస్తవ ప్రార్థన Zion,,TELUGU,2014-10-16,https://waytochurch.com/lyrics/song/3622,461,566
3623,,దేవా నిన్ను నేను విడువను నన్ను దీవించు వరకు,,Zion Songs Telugu,క్రైస్తవ ప్రార్థన Zion,,TELUGU,2014-10-16,https://waytochurch.com/lyrics/song/3623,831,1016
3624,,కరుణించి తిరిగి సమకూర్చు ప్రభువా క్షమాపణ నిన్ను వేడుచున్నాను,,Zion Songs Telugu,క్రైస్తవ ప్రార్థన Zion,,TELUGU,2014-10-16,https://waytochurch.com/lyrics/song/3624,817,1017
3625,,మా మొర నాలకించుము మహారాజ యేసు ప్రభువా,,Zion Songs Telugu,క్రైస్తవ ప్రార్థన Zion,,TELUGU,2014-10-16,https://waytochurch.com/lyrics/song/3625,738,933
3626,,ఆత్మ దీపమును వెలిగించు యేసు ప్రభో ఆత్మ దీపమును,,Zion Songs Telugu,క్రైస్తవ ప్రార్థన Zion,,TELUGU,2014-10-16,https://waytochurch.com/lyrics/song/3626,486,588
3627,,ప్రభువా నీ కార్యమును నూతన పరచుము మాలో,,Zion Songs Telugu,క్రైస్తవ ప్రార్థన Zion,,TELUGU,2014-10-16,https://waytochurch.com/lyrics/song/3627,825,1017
3628,,ఓ ప్రభువా ఉజ్జీవము నిమ్ము విరిగిన మనస్సుతో నే వేడెదను,,Zion Songs Telugu,క్రైస్తవ ప్రార్థన Zion,,TELUGU,2014-10-16,https://waytochurch.com/lyrics/song/3628,671,833
3629,,పరమతండ్రి కరములెత్తి స్తుతుల నర్పింతుము,,Zion Songs Telugu,క్రైస్తవ ప్రార్థన Zion,,TELUGU,2014-10-16,https://waytochurch.com/lyrics/song/3629,1004,1269
3630,,నింపుము ఓ ప్రభువా సర్వ సంపూర్ణతతో,,Zion Songs Telugu,క్రైస్తవ ప్రార్థన Zion,,TELUGU,2014-10-16,https://waytochurch.com/lyrics/song/3630,538,677
3631,,వెలుగిచ్చి నాకు మార్గము చూపు వెలిగించి నా మది ప్రియ యేసు,,Zion Songs Telugu,క్రైస్తవ ప్రార్థన Zion,,TELUGU,2014-10-16,https://waytochurch.com/lyrics/song/3631,421,527
3632,prabhu kummarimchu prabhu kummarimchu dheevenala varshmu kummarimchumu,ప్రభు కుమ్మరించు ప్రభు కుమ్మరించు దీవెనల వర్షము కుమ్మరించుము,,Zion Songs Telugu,క్రైస్తవ ప్రార్థన Zion,,TELUGU,2014-10-16,https://waytochurch.com/lyrics/song/3632,655,803
3633,,కరుణించుము నా యేసువా కనికరమందైశ్వర్యుడా,,Zion Songs Telugu,క్రైస్తవ ప్రార్థన Zion,,TELUGU,2014-10-16,https://waytochurch.com/lyrics/song/3633,757,920
3634,,నీ పాద సన్నిధికి కృపామయ యేసయ్యా,,Zion Songs Telugu,క్రైస్తవ ప్రార్థన Zion,,TELUGU,2014-10-16,https://waytochurch.com/lyrics/song/3634,848,1078
3635,,అడుగుడి మీరు మన ప్రభువిచ్చున్ తప్పక యిచ్చున్,,Zion Songs Telugu,క్రైస్తవ ప్రార్థన Zion,,TELUGU,2014-10-16,https://waytochurch.com/lyrics/song/3635,598,738
3636,,వెళ్ళెదము మరి ధైర్యముతో కృపాసనము చేరను,,Zion Songs Telugu,క్రైస్తవ ప్రార్థన Zion,,TELUGU,2014-10-16,https://waytochurch.com/lyrics/song/3636,720,923
3637,,ప్రభువా పంపు వర్షమును నీ వాగ్దానములు స్థిరపరచి,,Zion Songs Telugu,క్రైస్తవ ప్రార్థన Zion,,TELUGU,2014-10-16,https://waytochurch.com/lyrics/song/3637,607,760
3638,,ఓ కరుణానిధీ మహా ప్రభుయేసు నీవే సింహాసనాసీనుడవైతివి,,Zion Songs Telugu,క్రైస్తవ ప్రార్థన Zion,,TELUGU,2014-10-16,https://waytochurch.com/lyrics/song/3638,769,971
3639,,యేసు యేసు మొఱ్ఱనాలించు,,Zion Songs Telugu,క్రైస్తవ ప్రార్థన Zion,,TELUGU,2014-10-16,https://waytochurch.com/lyrics/song/3639,421,498
3640,,రక్షకా నన్ మర్వబోకు మొఱ్ఱనాలించు,,Zion Songs Telugu,క్రైస్తవ ప్రార్థన Zion,,TELUGU,2014-10-16,https://waytochurch.com/lyrics/song/3640,421,498
3641,,జీవంపు జలనదులు ఉచిత జీవనది,,Zion Songs Telugu,క్రైస్తవ ప్రార్థన Zion,,TELUGU,2014-10-16,https://waytochurch.com/lyrics/song/3641,433,519
3642,,గద్దియలో నుండి పారు జీవపు నదినీరు,,Zion Songs Telugu,క్రైస్తవ ప్రార్థన Zion,,TELUGU,2014-10-16,https://waytochurch.com/lyrics/song/3642,433,519
3644,,ఆశీర్వాదంబుల్మామీద వర్షింపజేయు మీశ,,Zion Songs Telugu,క్రైస్తవ ప్రార్థన Zion,,TELUGU,2014-10-16,https://waytochurch.com/lyrics/song/3644,490,605
3645,,ఇమ్మహి మీద గ్రుమ్మరించుము దేవా,,Zion Songs Telugu,క్రైస్తవ ప్రార్థన Zion,,TELUGU,2014-10-16,https://waytochurch.com/lyrics/song/3645,490,605
3646,,ప్రీతిగల మన యేసు ఎంతో గొప్ప మిత్రుడు,,Zion Songs Telugu,క్రైస్తవ ప్రార్థన Zion,,TELUGU,2014-10-16,https://waytochurch.com/lyrics/song/3646,687,871
3647,,జీవింపచేయుము నమ్మి ప్రార్థింతుము,,Zion Songs Telugu,క్రైస్తవ ప్రార్థన Zion,,TELUGU,2014-10-16,https://waytochurch.com/lyrics/song/3647,669,821
3648,,సర్వశక్తి యుతుడా సభకు శిరస్సా,,Zion Songs Telugu,క్రైస్తవ ప్రార్థన Zion,,TELUGU,2014-10-16,https://waytochurch.com/lyrics/song/3648,669,821
3649,,ఓ ప్రార్థనా సు ప్రార్థనా నీ ప్రాభవంబున్ మరతునా,,Zion Songs Telugu,క్రైస్తవ ప్రార్థన Zion,,TELUGU,2014-10-16,https://waytochurch.com/lyrics/song/3649,789,989
3650,,ఒక్కొక్క గంట నేను నిన్నాశించుకొందు,,Zion Songs Telugu,క్రైస్తవ ప్రార్థన Zion,,TELUGU,2014-10-16,https://waytochurch.com/lyrics/song/3650,459,556
3651,,యేసూ నా ప్రభువా నీ ప్రేమ లేకున్న,,Zion Songs Telugu,క్రైస్తవ ప్రార్థన Zion,,TELUGU,2014-10-16,https://waytochurch.com/lyrics/song/3651,459,556
3652,,విసుగకుండా నిత్యము ప్రార్థించ వలెనని,,Zion Songs Telugu,క్రైస్తవ ప్రార్థన Zion,,TELUGU,2014-10-16,https://waytochurch.com/lyrics/song/3652,688,838
3653,,నీ సన్నిధి చేరితిమి ప్రభువా ప్రార్థన వినుమా,,Zion Songs Telugu,క్రైస్తవ ప్రార్థన Zion,,TELUGU,2014-10-16,https://waytochurch.com/lyrics/song/3653,605,754
3654,,గుణవంతురాలైన ఘనమైన స్త్రీయే గొప్పది యెంతో వెలగల ముత్యము కన్న,,Zion Songs Telugu,క్రైస్తవ ప్రార్థన Zion,,TELUGU,2014-10-16,https://waytochurch.com/lyrics/song/3654,804,1025
3655,,జీవిత తృష్ణలను నాదు తీర్చుమయ్యా ప్రియ యేసునాథా,,Zion Songs Telugu,క్రైస్తవ ప్రార్థన Zion,,TELUGU,2014-10-16,https://waytochurch.com/lyrics/song/3655,508,652
3656,oa yehoavaa neevae nannu shoadhimchi yerigithivi,ఓ యెహోవా నీవే నన్ను శోధించి యెరిగితివి,,Zion Songs Telugu,క్రైస్తవ ప్రార్థన Zion,,TELUGU,2014-10-16,https://waytochurch.com/lyrics/song/3656,543,677
3657,aahaa yaemaanmdhm aahaa yaemaanmdhamu cheppashakyamaa,ఆహా యేమానందం ఆహా యేమానందము చెప్పశక్యమా,,Zion Songs Telugu,క్రైస్తవ సాక్ష్యము Zion,,TELUGU,2014-10-16,https://waytochurch.com/lyrics/song/3657,547,684
3658,krupa kanikaramula maa dhaevaa kruthajnythanarpimthu,కృప కనికరముల మా దేవా కృతజ్ఞతనర్పింతు,,Zion Songs Telugu,క్రైస్తవ సాక్ష్యము Zion,,TELUGU,2014-10-16,https://waytochurch.com/lyrics/song/3658,868,1087
3659,amoolyarakthamu dhvaaraarakshnapomdhina janulaaraa,అమూల్యరక్తము ద్వారారక్షణపొందిన జనులారా,,Zion Songs Telugu,క్రైస్తవ సాక్ష్యము Zion,,TELUGU,2014-10-16,https://waytochurch.com/lyrics/song/3659,830,1077
3660,paapa samudhrammdhu pagile naa hrudhayanaav,పాప సముద్రమందు పగిలె నా హృదయనావ,,Zion Songs Telugu,క్రైస్తవ సాక్ష్యము Zion,,TELUGU,2014-10-16,https://waytochurch.com/lyrics/song/3660,467,576
3661,neeli gaganaana veligae thaarala boali loakaana velugudhm,నీలి గగనాన వెలిగే తారల బోలి లోకాన వెలుగుదం,,Zion Songs Telugu,క్రైస్తవ సాక్ష్యము Zion,,TELUGU,2014-10-16,https://waytochurch.com/lyrics/song/3661,456,568
3662,vishvaasa sahithamuganu prakatimchudi yaesuni,విశ్వాస సహితముగను ప్రకటించుడి యేసుని,,Zion Songs Telugu,క్రైస్తవ సాక్ష్యము Zion,,TELUGU,2014-10-16,https://waytochurch.com/lyrics/song/3662,657,827
3663,jeevimchuchunnaadu yaesuprabhu naa hrudhayamuloa nunnaadu,జీవించుచున్నాడు యేసుప్రభు నా హృదయములో నున్నాడు,,Zion Songs Telugu,క్రైస్తవ సాక్ష్యము Zion,,TELUGU,2014-10-16,https://waytochurch.com/lyrics/song/3663,363,450
3664,naa paapamulanu kshmimchen prabhu naa naethramulanu veligimchen,నా పాపములను క్షమించెన్ ప్రభు నా నేత్రములను వెలిగించెన్,,Zion Songs Telugu,క్రైస్తవ సాక్ష్యము Zion,,TELUGU,2014-10-16,https://waytochurch.com/lyrics/song/3664,606,740
3665,naa smkata dhuhkhamulella theeripoayegaa nashimpajaeyu dhootha nannu dhaatipoayenu,నా సంకట దుఃఖములెల్ల తీరిపోయెగా నశింపజేయు దూత నన్ను దాటిపోయెను,,Zion Songs Telugu,క్రైస్తవ సాక్ష్యము Zion,,TELUGU,2014-10-16,https://waytochurch.com/lyrics/song/3665,584,744
3666,rakshna aunnathyamu rakshkudae thelupunu parvatha shikhara shraenulavalenae nishchalamainadhi,రక్షణ ఔన్నత్యము రక్షకుడే తెలుపును పర్వత శిఖర శ్రేణులవలెనే నిశ్చలమైనది,,Zion Songs Telugu,క్రైస్తవ సాక్ష్యము Zion,,TELUGU,2014-10-16,https://waytochurch.com/lyrics/song/3666,736,929
3667,yaesu chaalunu yaesu chaalunu yae samayamain,యేసు చాలును యేసు చాలును యే సమయమైన,,Zion Songs Telugu,క్రైస్తవ సాక్ష్యము Zion,,TELUGU,2014-10-16,https://waytochurch.com/lyrics/song/3667,523,664
3668,parama jeevamu naaku nivva thirigi laechenu naathoanumdaa,పరమ జీవము నాకు నివ్వ తిరిగి లేచెను నాతోనుండా,,Zion Songs Telugu,క్రైస్తవ సాక్ష్యము Zion,,TELUGU,2014-10-16,https://waytochurch.com/lyrics/song/3668,540,681
3669,naahrudhayamu vimthaga maarenu,నాహృదయము వింతగ మారెను,,Zion Songs Telugu,క్రైస్తవ సాక్ష్యము Zion,,TELUGU,2014-10-16,https://waytochurch.com/lyrics/song/3669,511,624
3670,smthoashmae samaadhaanamae,సంతోషమే సమాధానమే,,Zion Songs Telugu,క్రైస్తవ సాక్ష్యము Zion,,TELUGU,2014-10-16,https://waytochurch.com/lyrics/song/3670,511,624
3671,bhaagyamau dhinamu prabhun gaikonna dhinamu,భాగ్యమౌ దినము ప్రభున్ గైకొన్న దినము,,Zion Songs Telugu,క్రైస్తవ సాక్ష్యము Zion,,TELUGU,2014-10-16,https://waytochurch.com/lyrics/song/3671,553,680
3672,haayaanmdha sudhinamu naa yaesun nammudhinamu,హాయానంద సుదినము నా యేసున్ నమ్ముదినము,,Zion Songs Telugu,క్రైస్తవ సాక్ష్యము Zion,,TELUGU,2014-10-16,https://waytochurch.com/lyrics/song/3672,553,680
3673,padhivaelaloa priyuni choochi thelisikomtivaa,పదివేలలో ప్రియుని చూచి తెలిసికొంటివా,,Zion Songs Telugu,క్రైస్తవ సాక్ష్యము Zion,,TELUGU,2014-10-16,https://waytochurch.com/lyrics/song/3673,600,742
3675,paramu dhigenu mahima nimdenaaloa siluva yodhdha svasthatha kaligenu,పరము దిగెను మహిమ నిండెనాలో సిలువ యొద్ద స్వస్థత కలిగెను,,Zion Songs Telugu,క్రైస్తవ సాక్ష్యము Zion,,TELUGU,2014-10-16,https://waytochurch.com/lyrics/song/3675,745,952
3676,haa emtha adhbhuthaashcharya dhinamu ennadu maruvani dhinm,హా ఎంత అద్భుతాశ్చర్య దినము ఎన్నడు మరువని దినం,,Zion Songs Telugu,క్రైస్తవ సాక్ష్యము Zion,,TELUGU,2014-10-16,https://waytochurch.com/lyrics/song/3676,745,952
3677,maakanugrahimchina dhaiva vaakyamulachae maa manoanaethramulu veligimpumayyaa,మాకనుగ్రహించిన దైవ వాక్యములచే మా మనోనేత్రములు వెలిగింపుమయ్యా,,Zion Songs Telugu,క్రైస్తవ సాక్ష్యము Zion,,TELUGU,2014-10-16,https://waytochurch.com/lyrics/song/3677,849,1083
3678,suvaarthanu chaatimpa susamaymbidhi yaenu,సువార్తను చాటింప సుసమయంబిది యేను,,Zion Songs Telugu,క్రైస్తవ సేవ Zion,,TELUGU,2014-10-16,https://waytochurch.com/lyrics/song/3678,549,707
3679,lemmu thaejarillumu neeku velugu vachchi yunnadhi,లెమ్ము తేజరిల్లుము నీకు వెలుగు వచ్చి యున్నది,,Zion Songs Telugu,క్రైస్తవ సేవ Zion,,TELUGU,2014-10-16,https://waytochurch.com/lyrics/song/3679,604,758
3680,siluva veerulu meerae cheluvuga chanudi,సిలువ వీరులు మీరే చెలువుగ చనుడి,,Zion Songs Telugu,క్రైస్తవ సేవ Zion,,TELUGU,2014-10-16,https://waytochurch.com/lyrics/song/3680,580,727
3681,thama dhaevuneruguvaaru chaesedharu shakthithoa goppa kaaryamulu,తమ దేవునెరుగువారు చేసెదరు శక్తితో గొప్ప కార్యములు,,Zion Songs Telugu,క్రైస్తవ సేవ Zion,,TELUGU,2014-10-16,https://waytochurch.com/lyrics/song/3681,701,886
3682,siluvanu moasi eeloakamunu thalakrimdhulu chaeyu tharunamidhae,సిలువను మోసి ఈలోకమును తలక్రిందులు చేయు తరుణమిదే,,Zion Songs Telugu,క్రైస్తవ సేవ Zion,,TELUGU,2014-10-16,https://waytochurch.com/lyrics/song/3682,700,898
3683,karunan aerparachithivi sainyamula yehoava nan,కరుణన్ ఏర్పరచితివి సైన్యముల యెహోవ నన్,,Zion Songs Telugu,క్రైస్తవ సేవ Zion,,TELUGU,2014-10-16,https://waytochurch.com/lyrics/song/3683,776,930
3684,loakamunaku nannu dhaevaa naa dhaevaa uppugaa jaesithivi,లోకమునకు నన్ను దేవా నా దేవా ఉప్పుగా జేసితివి,,Zion Songs Telugu,క్రైస్తవ సేవ Zion,,TELUGU,2014-10-16,https://waytochurch.com/lyrics/song/3684,614,768
3685,laelemmu soadharee soadharudaa rakshkudaesuni saevimp,లేలెమ్ము సోదరీ సోదరుడా రక్షకుడేసుని సేవింప,,Zion Songs Telugu,క్రైస్తవ సేవ Zion,,TELUGU,2014-10-16,https://waytochurch.com/lyrics/song/3685,860,1084
3686,jai jai jai jai yaesu prabhu maakai raanunna prabhuvaa,జై జై జై జై యేసు ప్రభు మాకై రానున్న ప్రభువా,,Zion Songs Telugu,క్రైస్తవ సేవ Zion,,TELUGU,2014-10-16,https://waytochurch.com/lyrics/song/3686,739,927
3687,laelemmu soadharee soadharudaa vaelaaye yaesuni saevimpanu,లేలెమ్ము సోదరీ సోదరుడా వేళాయె యేసుని సేవింపను,,Zion Songs Telugu,క్రైస్తవ సేవ Zion,,TELUGU,2014-10-16,https://waytochurch.com/lyrics/song/3687,720,899
3688,priyudaa prabhu yaesunaku nee veenula nimmu,ప్రియుడా ప్రభు యేసునకు నీ వీనుల నిమ్ము,,Zion Songs Telugu,క్రైస్తవ సేవ Zion,,TELUGU,2014-10-16,https://waytochurch.com/lyrics/song/3688,834,1017
3689,aalakimthunu aa pilupunu saevimchedhanu dhaevuni,ఆలకింతును ఆ పిలుపును సేవించెదను దేవుని,,Zion Songs Telugu,క్రైస్తవ సేవ Zion,,TELUGU,2014-10-16,https://waytochurch.com/lyrics/song/3689,378,457
3690,maelkonumu oa kaavali yaesuni yoadhudavu,మేల్కొనుము ఓ కావలి యేసుని యోధుడవు,,Zion Songs Telugu,క్రైస్తవ సేవ Zion,,TELUGU,2014-10-16,https://waytochurch.com/lyrics/song/3690,670,825
3691,cheekati kaalamu vachchuchumde krupakaalamu nupayoagimchu,చీకటి కాలము వచ్చుచుండె కృపకాలము నుపయోగించు,,Zion Songs Telugu,క్రైస్తవ సేవ Zion,,TELUGU,2014-10-16,https://waytochurch.com/lyrics/song/3691,750,960
3692,nee priya prabhuni saevakai arpimchukoa neevae,నీ ప్రియ ప్రభుని సేవకై అర్పించుకో నీవే,,Zion Songs Telugu,క్రైస్తవ సేవ Zion,,TELUGU,2014-10-16,https://waytochurch.com/lyrics/song/3692,778,999
3693,yaesu kreesthuni mmchi shishyulamugaa vishvaasamuthoa saagedhamu,యేసు క్రీస్తుని మంచి శిష్యులముగా విశ్వాసముతో సాగెదము,,Zion Songs Telugu,క్రైస్తవ సేవ Zion,,TELUGU,2014-10-16,https://waytochurch.com/lyrics/song/3693,639,798
3694,mmdhaloa chaerani gorrelennoa koatlakoladhigaa kalavu yil,మందలో చేరని గొఱ్ఱెలెన్నో కోట్లకొలదిగా కలవు యిల,,Zion Songs Telugu,క్రైస్తవ సేవ Zion,,TELUGU,2014-10-16,https://waytochurch.com/lyrics/song/3694,642,786
3695,jaagraththa jaagraththa yaesuditlu pilchun,జాగ్రత్త జాగ్రత్త యేసుడిట్లు పిల్చున్,,Zion Songs Telugu,క్రైస్తవ సేవ Zion,,TELUGU,2014-10-16,https://waytochurch.com/lyrics/song/3695,612,769
3698,raepu maapu gooda ramyamaina gimjal,రేపు మాపు గూడ రమ్యమైన గింజల్,,Zion Songs Telugu,క్రైస్తవ సేవ Zion,,TELUGU,2014-10-16,https://waytochurch.com/lyrics/song/3698,462,569
3700,odduchaeri nee yedhuta nilchunapdu rakshkaa,ఒడ్డుచేరి నీ యెదుట నిల్చునప్డు రక్షకా,,Zion Songs Telugu,క్రైస్తవ సేవ Zion,,TELUGU,2014-10-16,https://waytochurch.com/lyrics/song/3700,600,753
3701,aerparachina paathranu raajaadhi raajuku,ఏర్పరచిన పాత్రను రాజాధి రాజుకు,,Zion Songs Telugu,క్రైస్తవ సేవ Zion,,TELUGU,2014-10-16,https://waytochurch.com/lyrics/song/3701,526,676
3703,yehoavaa nee krupaathishayamunu nithyamu keerthimthun,యెహోవా నీ కృపాతిశయమును నిత్యము కీర్తింతున్,,Zion Songs Telugu,క్రైస్తవ విజయము Zion,,TELUGU,2014-10-16,https://waytochurch.com/lyrics/song/3703,623,787
3704,aanmdhimchedhamu prabhu yaesuloa amthayu maralaarjimchu komtimi,ఆనందించెదము ప్రభు యేసులో అంతయు మరలార్జించు కొంటిమి,,Zion Songs Telugu,క్రైస్తవ విజయము Zion,,TELUGU,2014-10-16,https://waytochurch.com/lyrics/song/3704,850,1066
3705,nashtamu nmthatini marala maa yaesuniloa aarjimchithimi,నష్టము నంతటిని మరల మా యేసునిలో ఆర్జించితిమి,,Zion Songs Telugu,క్రైస్తవ విజయము Zion,,TELUGU,2014-10-16,https://waytochurch.com/lyrics/song/3705,850,1066
3706,jayamu jayamani chaatimchedhamu,జయము జయమని చాటించెదము,,Zion Songs Telugu,క్రైస్తవ విజయము Zion,,TELUGU,2014-10-16,https://waytochurch.com/lyrics/song/3706,449,564
3707,mahimathoa nimdina maa raajaa mahimathoa thirigi vachchuvaadaa,మహిమతో నిండిన మా రాజా మహిమతో తిరిగి వచ్చువాడా,,Zion Songs Telugu,క్రైస్తవ విజయము Zion,,TELUGU,2014-10-16,https://waytochurch.com/lyrics/song/3707,851,1083
3708,prabhu yaesunakae jayamu siluvashakthichae jayamu jai jai jai jai,ప్రభు యేసునకే జయము సిలువశక్తిచే జయము జై జై జై జై,,Zion Songs Telugu,క్రైస్తవ విజయము Zion,,TELUGU,2014-10-16,https://waytochurch.com/lyrics/song/3708,424,550
3709,maelkonumaa maelkonumaa naa praanamaa,మేల్కొనుమా మేల్కొనుమా నా ప్రాణమా,,Zion Songs Telugu,క్రైస్తవ విజయము Zion,,TELUGU,2014-10-16,https://waytochurch.com/lyrics/song/3709,897,1110
3710,unnatha sthalamulapai nekkimchi choopimchu prabhu,ఉన్నత స్థలములపై నెక్కించి చూపించు ప్రభు,,Zion Songs Telugu,క్రైస్తవ విజయము Zion,,TELUGU,2014-10-16,https://waytochurch.com/lyrics/song/3710,785,1002
3711,prabhukae sthoathramu mruthini gelchenu,ప్రభుకే స్తోత్రము మృతిని గెల్చెను,,Zion Songs Telugu,క్రైస్తవ విజయము Zion,,TELUGU,2014-10-16,https://waytochurch.com/lyrics/song/3711,820,999
3712,jayaraaju jemdaa eththi choopuchu yudhdhamuchaeya velledhamu,జయరాజు జెండా ఎత్తి చూపుచు యుద్ధముచేయ వెళ్ళెదము,,Zion Songs Telugu,క్రైస్తవ విజయము Zion,,TELUGU,2014-10-16,https://waytochurch.com/lyrics/song/3712,506,644
3713,velludhaam gelichedhm rakshkuni naamamunanu,వెళ్ళుదాం గెలిచెదం రక్షకుని నామమునను,,Zion Songs Telugu,క్రైస్తవ విజయము Zion,,TELUGU,2014-10-16,https://waytochurch.com/lyrics/song/3713,506,644
3714,oa yaesu bhakthulaaraa mee raaju dhvajamu,ఓ యేసు భక్తులారా మీ రాజు ధ్వజము,,Zion Songs Telugu,క్రైస్తవ విజయము Zion,,TELUGU,2014-10-16,https://waytochurch.com/lyrics/song/3714,479,589
3715,shoadhanaku meeru choateeyakudi dhairyamu vahimchi poaraatamunu,శోధనకు మీరు చోటీయకుడి ధైర్యము వహించి పోరాటమును,,Zion Songs Telugu,క్రైస్తవ విజయము Zion,,TELUGU,2014-10-16,https://waytochurch.com/lyrics/song/3715,439,537
3716,yaesu shakthini goari yella kaalamu vaedu yaesudaashathoa mimmu daasi nadupunu,యేసు శక్తిని గోరి యెల్ల కాలము వేడు యేసుడాశతో మిమ్ము డాసి నడుపును,,Zion Songs Telugu,క్రైస్తవ విజయము Zion,,TELUGU,2014-10-16,https://waytochurch.com/lyrics/song/3716,439,537
3717,adhikaaramu pomdhi yumtini prabhoo,అధికారము పొంది యుంటిని ప్రభూ,,Zion Songs Telugu,క్రైస్తవ విజయము Zion,,TELUGU,2014-10-16,https://waytochurch.com/lyrics/song/3717,746,959
3718,svaasthyamugaa nichchithivi jayimchedu vaanikanni,స్వాస్థ్యముగా నిచ్చితివి జయించెడు వానికన్ని,,Zion Songs Telugu,క్రైస్తవ విజయము Zion,,TELUGU,2014-10-16,https://waytochurch.com/lyrics/song/3718,750,942
3719,jayamu pomdhumani yaesu cheppenu,జయము పొందుమని యేసు చెప్పెను,,Zion Songs Telugu,క్రైస్తవ విజయము Zion,,TELUGU,2014-10-16,https://waytochurch.com/lyrics/song/3719,649,836
3720,kreesthaesu siluvapai dhrushtinumchi aayana krupaymdhae niluchumdumu,క్రీస్తేసు సిలువపై దృష్టినుంచి ఆయన కృపయందే నిలుచుండుము,,Zion Songs Telugu,క్రైస్తవ విజయము Zion,,TELUGU,2014-10-16,https://waytochurch.com/lyrics/song/3720,633,803
3721,kreesthae ee jeevithamuloa emthaina mmchikaapari,క్రీస్తే ఈ జీవితములో ఎంతైన మంచికాపరి,,Zion Songs Telugu,క్రైస్తవ విజయము Zion,,TELUGU,2014-10-16,https://waytochurch.com/lyrics/song/3721,559,730
3722,mana jeevitha mmthayu anukshnamu yudhdhamae,మన జీవిత మంతయు అనుక్షణము యుద్ధమే,,Zion Songs Telugu,క్రైస్తవ విజయము Zion,,TELUGU,2014-10-16,https://waytochurch.com/lyrics/song/3722,508,634
3723,yaesuloa harshimchedhamu mahimaloa harshimthumu nirathm,యేసులో హర్షించెదము మహిమలో హర్షింతుము నిరతం,,Zion Songs Telugu,క్రైస్తవ నిరీక్షణ Zion,,TELUGU,2014-10-16,https://waytochurch.com/lyrics/song/3723,947,1184
3724,ella vaelalmdhu kashtakaalammdhu vallabhumdaa yaesu sthuthimthun,ఎల్ల వేళలందు కష్టకాలమందు వల్లభుండా యేసు స్తుతింతున్,,Zion Songs Telugu,క్రైస్తవ నిరీక్షణ Zion,,TELUGU,2014-10-16,https://waytochurch.com/lyrics/song/3724,574,736
3725,aanmdhamae manakilaloa mana kaanmdhamae prabhu laechen,ఆనందమే మనకిలలో మన కానందమే ప్రభు లేచెన్,,Zion Songs Telugu,క్రైస్తవ నిరీక్షణ Zion,,TELUGU,2014-10-16,https://waytochurch.com/lyrics/song/3725,795,1018
3726,,మహిమ రాజు సన్నిధిన్ మకుటధారులై నిత్యజీవ శాంతిలో నిలిచి యుందుము,,Zion Songs Telugu,క్రైస్తవ నిరీక్షణ Zion,,TELUGU,2014-10-16,https://waytochurch.com/lyrics/song/3726,613,787
3727,dhappigonina vaaralaaraa dhappitheerchukona rmdi rmdi,దప్పిగొనిన వారలారా దప్పితీర్చుకొన రండి రండి,,Zion Songs Telugu,క్రైస్తవ నిరీక్షణ Zion,,TELUGU,2014-10-16,https://waytochurch.com/lyrics/song/3727,680,825
3728,dhaahamugala vaarellaru neellayodhaaku raarmdi,దాహముగల వారెల్లరు నీళ్ళయొదాకు రారండి,,Zion Songs Telugu,క్రైస్తవ నిరీక్షణ Zion,,TELUGU,2014-10-16,https://waytochurch.com/lyrics/song/3728,846,1065
3729,paapula rakshkudu yaesu goppa dhaevaadhi dhaevudu yaesu,పాపుల రక్షకుడు యేసు గొప్ప దేవాది దేవుడు యేసు,,Zion Songs Telugu,క్రైస్తవ నిరీక్షణ Zion,,TELUGU,2014-10-16,https://waytochurch.com/lyrics/song/3729,879,1099
3730,dhaatumu yordhaanun yaathrikudaa naalugu ghadiyalakae athithivi neevichat,దాటుము యొర్దానున్ యాత్రికుడా నాలుగు ఘడియలకే అతిథివి నీవిచట,,Zion Songs Telugu,క్రైస్తవ నిరీక్షణ Zion,,TELUGU,2014-10-16,https://waytochurch.com/lyrics/song/3730,482,590
3731,dhanyudavu neevu dhanyudavu oa ishraayaelu bahu dhanyudavu,ధన్యుడవు నీవు ధన్యుడవు ఓ ఇశ్రాయేలు బహు ధన్యుడవు,,Zion Songs Telugu,క్రైస్తవ నిరీక్షణ Zion,,TELUGU,2014-10-16,https://waytochurch.com/lyrics/song/3731,689,883
3732,noothana aakaashamunu bhoomi naenu choochithi,నూతన ఆకాశమును భూమి నేను చూచితి,,Zion Songs Telugu,క్రైస్తవ నిరీక్షణ Zion,,TELUGU,2014-10-16,https://waytochurch.com/lyrics/song/3732,1468,1845
3733,mana prabhuyaesu vachchedu vaela mana smthoash hrudhayaalu chaala velase,మన ప్రభుయేసు వచ్చెడు వేళ మన సంతోష హృదయాలు చాల వెలసె,,Zion Songs Telugu,క్రైస్తవ నిరీక్షణ Zion,,TELUGU,2014-10-16,https://waytochurch.com/lyrics/song/3733,635,814
3734,nae bhramimchi nilchithi praema pravaahamu thaerichoochi,నే భ్రమించి నిల్చితి ప్రేమ ప్రవాహము తేరిచూచి,,Zion Songs Telugu,క్రైస్తవ నిరీక్షణ Zion,,TELUGU,2014-10-16,https://waytochurch.com/lyrics/song/3734,541,684
3735,pavithra rakthamuchaetha naa paapamella theere,పవిత్ర రక్తముచేత నా పాపమెల్ల తీరె,,Zion Songs Telugu,క్రైస్తవ నిరీక్షణ Zion,,TELUGU,2014-10-16,https://waytochurch.com/lyrics/song/3735,541,684
3736,prabhu yaesukreesthuni dharshanamae naedu prajalmdhari kathyavasaramu,ప్రభు యేసుక్రీస్తుని దర్శనమే నేడు ప్రజలందరి కత్యవసరము,,Zion Songs Telugu,క్రైస్తవ నిరీక్షణ Zion,,TELUGU,2014-10-16,https://waytochurch.com/lyrics/song/3736,964,1233
3737,yoardhaannadhi dharini bhramimpaku manasaa yoachanachae chimthapadaku naa demdhamaa,యోర్దాన్నది దరిని భ్రమింపకు మనసా యోచనచే చింతపడకు నా డెందమా,,Zion Songs Telugu,క్రైస్తవ నిరీక్షణ Zion,,TELUGU,2014-10-16,https://waytochurch.com/lyrics/song/3737,518,644
3738,krupaasimhaasanumdaa alphaa oamaegaa neevaegaa krupaa dhaapunajaeri nuthimchedh,కృపాసింహాసనుండా అల్ఫా ఓమేగా నీవేగా కృపా దాపునజేరి నుతించెద,,Zion Songs Telugu,క్రైస్తవ నిరీక్షణ Zion,,TELUGU,2014-10-16,https://waytochurch.com/lyrics/song/3738,1108,1376
3739,prabhuvaa nee paripoornatha numdi pomdhithimi krupavembadi krupanu,ప్రభువా నీ పరిపూర్ణత నుండి పొందితిమి కృపవెంబడి కృపను,,Zion Songs Telugu,క్రైస్తవ నిరీక్షణ Zion,,TELUGU,2014-10-16,https://waytochurch.com/lyrics/song/3739,760,955
3740,karunaa karudaa nee maargamu parishudhdha sthalamuloa galadhu,కరుణా కరుడా నీ మార్గము పరిశుద్ధ స్థలములో గలదు,,Zion Songs Telugu,క్రైస్తవ నిరీక్షణ Zion,,TELUGU,2014-10-16,https://waytochurch.com/lyrics/song/3740,629,800
3741,unnatha gruhamunu thvaragaa chaeri smpannuni dharshimthunu,ఉన్నత గృహమును త్వరగా చేరి సంపన్నుని దర్శింతును,,Zion Songs Telugu,క్రైస్తవ నిరీక్షణ Zion,,TELUGU,2014-10-16,https://waytochurch.com/lyrics/song/3741,751,942
3742,mana pattanmbadhigoa mana paurathvmbadhigoa,మన పట్టణంబదిగో మన పౌరత్వంబదిగో,,Zion Songs Telugu,క్రైస్తవ నిరీక్షణ Zion,,TELUGU,2014-10-16,https://waytochurch.com/lyrics/song/3742,625,815
3743,yaesuvaa naa priyamaina aathma mithrudaa nannu bhaasuramuga vaegavachchi kaugalimchavae,యేసువా నా ప్రియమైన ఆత్మ మిత్రుడా నన్ను భాసురముగ వేగవచ్చి కౌగలించవే,,Zion Songs Telugu,క్రైస్తవ నిరీక్షణ Zion,,TELUGU,2014-10-16,https://waytochurch.com/lyrics/song/3743,727,900
3744,ninnu viduvanu naenu amdharu ninnu vidachinanu,నిన్ను విడువను నేను అందరు నిన్ను విడచినను,,Zion Songs Telugu,క్రైస్తవ నిరీక్షణ Zion,,TELUGU,2014-10-16,https://waytochurch.com/lyrics/song/3744,937,1129
3745,sarvoanna thudu sarvaadhikaari sarvashakthimmthudu aayanae,సర్వోన్న తుడు సర్వాధికారి సర్వశక్తిమంతుడు ఆయనే,,Zion Songs Telugu,క్రైస్తవ నిరీక్షణ Zion,,TELUGU,2014-10-16,https://waytochurch.com/lyrics/song/3745,798,992
3746,velledhm shraeshtadhaeshm nijamu vumdedhm prabhuthoanae nithyamu,వెళ్ళెదం శ్రేష్టదేశం నిజము వుండెదం ప్రభుతోనే నిత్యము,,Zion Songs Telugu,క్రైస్తవ నిరీక్షణ Zion,,TELUGU,2014-10-16,https://waytochurch.com/lyrics/song/3746,502,656
3747,prakaashamaina aashcharyadhaeshamu priyuni dhaeshamu naa priya dhaeshamu,ప్రకాశమైన ఆశ్చర్యదేశము ప్రియుని దేశము నా ప్రియ దేశము,,Zion Songs Telugu,క్రైస్తవ నిరీక్షణ Zion,,TELUGU,2014-10-16,https://waytochurch.com/lyrics/song/3747,744,956
3748,vaagdhaanamulu pomdhudi meeloa prathivaadunu vishvaasamu chaethanu oarputhoada neppudu,వాగ్దానములు పొందుడి మీలో ప్రతివాడును విశ్వాసము చేతను ఓర్పుతోడ నెప్పుడు,,Zion Songs Telugu,క్రైస్తవ నిరీక్షణ Zion,,TELUGU,2014-10-16,https://waytochurch.com/lyrics/song/3748,952,1158
3749,neethi sooryumdu udhayimchu nippudu athani kiranamulu aaroagyamichchunu,నీతి సూర్యుండు ఉదయించు నిప్పుడు అతని కిరణములు ఆరోగ్యమిచ్చును,,Zion Songs Telugu,క్రైస్తవ నిరీక్షణ Zion,,TELUGU,2014-10-16,https://waytochurch.com/lyrics/song/3749,925,1157
3750,neethi sooryudu neepai nudhayimchunu athani rekkalu naaroagyamu nichchunu,నీతి సూర్యుడు నీపై నుదయించును అతని రెక్కలు నారోగ్యము నిచ్చును,,Zion Songs Telugu,క్రైస్తవ నిరీక్షణ Zion,,TELUGU,2014-10-16,https://waytochurch.com/lyrics/song/3750,652,817
3751,prabhuvaina kreesthuni dhinammdhu meeru abhayulai niraparaadhulai yumdhuru,ప్రభువైన క్రీస్తుని దినమందు మీరు అభయులై నిరపరాధులై యుందురు,,Zion Songs Telugu,క్రైస్తవ నిరీక్షణ Zion,,TELUGU,2014-10-16,https://waytochurch.com/lyrics/song/3751,657,828
3752,yaesu maaradu yaesu maaradu vishvammtha maarinanu maatathappadu,యేసు మారడు యేసు మారడు విశ్వమంత మారినను మాటతప్పడు,,Zion Songs Telugu,క్రైస్తవ నిరీక్షణ Zion,,TELUGU,2014-10-16,https://waytochurch.com/lyrics/song/3752,751,971
3753,yaesuni nithyamu sthuthiyimchedhamu bhoomi aakaashamu srujimchinaadu,యేసుని నిత్యము స్తుతియించెదము భూమి ఆకాశము సృజించినాడు,,Zion Songs Telugu,క్రైస్తవ నిరీక్షణ Zion,,TELUGU,2014-10-16,https://waytochurch.com/lyrics/song/3753,751,971
3754,anaadhi dhaevudu aashrayamu thana baahuvulu nee kaadhaaramae,అనాది దేవుడు ఆశ్రయము తన బాహువులు నీ కాధారమే,,Zion Songs Telugu,క్రైస్తవ నిరీక్షణ Zion,,TELUGU,2014-10-16,https://waytochurch.com/lyrics/song/3754,813,1028
3755,yaesuni vaagdhaanamul jnyaapakamunmdhumchukoni,యేసుని వాగ్దానముల్ జ్ఞాపకమునందుంచుకొని,,Zion Songs Telugu,క్రైస్తవ నిరీక్షణ Zion,,TELUGU,2014-10-16,https://waytochurch.com/lyrics/song/3755,675,882
3756,paravaasini nae jagamuna prabhuvaa nadachuchunnaanu naa dhaarin,పరవాసిని నే జగమున ప్రభువా నడచుచున్నాను నా దారిన్,,Zion Songs Telugu,క్రైస్తవ నిరీక్షణ Zion,,TELUGU,2014-10-16,https://waytochurch.com/lyrics/song/3756,778,980
3757,prabhuvaa neevae nammakamaina saamardhyudavu,ప్రభువా నీవే నమ్మకమైన సామర్ధ్యుడవు,,Zion Songs Telugu,క్రైస్తవ నిరీక్షణ Zion,,TELUGU,2014-10-16,https://waytochurch.com/lyrics/song/3757,732,910
3758,dhaevuni krupa nithyamumdunu aayana krupa nithyamumdunu,దేవుని కృప నిత్యముండును ఆయన కృప నిత్యముండును,,Zion Songs Telugu,క్రైస్తవ నిరీక్షణ Zion,,TELUGU,2014-10-16,https://waytochurch.com/lyrics/song/3758,709,908
3759,unnatha dhurgamu naa dhaevudae naa rakshkudae naakaashrayudu,ఉన్నత దుర్గము నా దేవుడే నా రక్షకుడే నాకాశ్రయుడు,,Zion Songs Telugu,క్రైస్తవ నిరీక్షణ Zion,,TELUGU,2014-10-16,https://waytochurch.com/lyrics/song/3759,678,842
3760,mimmununimpe maelulathoada aviyae paraloaka dheevenalu,మిమ్మునునింపె మేలులతోడ అవియే పరలోక దీవెనలు,,Zion Songs Telugu,క్రైస్తవ నిరీక్షణ Zion,,TELUGU,2014-10-16,https://waytochurch.com/lyrics/song/3760,815,1041
3761,yaesae manakila svaasthyamu vaerae svaasthyamu laedhikanu,యేసే మనకిల స్వాస్థ్యము వేరే స్వాస్థ్యము లేదికను,,Zion Songs Telugu,క్రైస్తవ నిరీక్షణ Zion,,TELUGU,2014-10-16,https://waytochurch.com/lyrics/song/3761,620,758
3762,yehoavaaye manakmdhariki enniyoa maelula jaesen,యెహోవాయె మనకందరికి ఎన్నియో మేలుల జేసెన్,,Zion Songs Telugu,క్రైస్తవ నిరీక్షణ Zion,,TELUGU,2014-10-16,https://waytochurch.com/lyrics/song/3762,647,813
3763,mammun srujimchina dhaevumdu praanamu,మమ్మున్ సృజించిన దేవుండు ప్రాణము,,Zion Songs Telugu,క్రైస్తవ నిరీక్షణ Zion,,TELUGU,2014-10-16,https://waytochurch.com/lyrics/song/3763,605,749
3764,shree yaesu raajyamumdunu sooryumdu velgu choatell,శ్రీ యేసు రాజ్యముండును సూర్యుండు వెల్గు చోటెల్ల,,Zion Songs Telugu,క్రైస్తవ నిరీక్షణ Zion,,TELUGU,2014-10-16,https://waytochurch.com/lyrics/song/3764,598,715
3766,yaesu neethi rakthamaenu naa nireekshnmthayunu,యేసు నీతి రక్తమేను నా నిరీక్షణంతయును,,Zion Songs Telugu,క్రైస్తవ నిరీక్షణ Zion,,TELUGU,2014-10-16,https://waytochurch.com/lyrics/song/3766,396,494
3767,yaesoo neeraktha neethulu naa sompu naadhu vasthramu,యేసూ నీరక్త నీతులు నా సొంపు నాదు వస్త్రము,,Zion Songs Telugu,క్రైస్తవ నిరీక్షణ Zion,,TELUGU,2014-10-16,https://waytochurch.com/lyrics/song/3767,510,622
3768,yaesu naavaadani nammudhun emthemthoa dhivya saubhaagyamu,యేసు నావాడని నమ్ముదున్ ఎంతెంతో దివ్య సౌభాగ్యము,,Zion Songs Telugu,క్రైస్తవ నిరీక్షణ Zion,,TELUGU,2014-10-16,https://waytochurch.com/lyrics/song/3768,439,541
3770,idhae naaku aanmdhamu aanmdhamu aanmdhamu,ఇదే నాకు ఆనందము ఆనందము ఆనందము,,Zion Songs Telugu,క్రైస్తవ నిరీక్షణ Zion,,TELUGU,2014-10-16,https://waytochurch.com/lyrics/song/3770,526,676
3771,shrmgaara dhaeshamu chaeragaanae naa dhuhkha baadhalanniyupoavun,శ్రంగార దేశము చేరగానే నా దుఃఖ బాధలన్నియుపోవున్,,Zion Songs Telugu,క్రైస్తవ నిరీక్షణ Zion,,TELUGU,2014-10-16,https://waytochurch.com/lyrics/song/3771,526,676
3772,yaesuni chaethulmdhu yaesuni rommunan,యేసుని చేతులందు యేసుని రొమ్మునన్,,Zion Songs Telugu,క్రైస్తవ నిరీక్షణ Zion,,TELUGU,2014-10-16,https://waytochurch.com/lyrics/song/3772,570,710
3773,amthyadhinammdhu dhootha boora noodhuchumdagaa,అంత్యదినమందు దూత బూర నూదుచుండగా,,Zion Songs Telugu,క్రైస్తవ నిరీక్షణ Zion,,TELUGU,2014-10-16,https://waytochurch.com/lyrics/song/3773,605,765
3775,oahoa yerooshlaemaa bmgaaru patnamaa,ఓహో యెరూషలేమా బంగారు పట్నమా,,Zion Songs Telugu,క్రైస్తవ నిరీక్షణ Zion,,TELUGU,2014-10-16,https://waytochurch.com/lyrics/song/3775,676,829
3776,shree yaesu svaami thirigi moakshmbu jaeragaa,శ్రీ యేసు స్వామి తిరిగి మోక్షంబు జేరగా,,Zion Songs Telugu,క్రైస్తవ నిరీక్షణ Zion,,TELUGU,2014-10-16,https://waytochurch.com/lyrics/song/3776,361,444
3778,yaesu ninnu joothu nimdhudhaetagaa agoacharaarthamul nae muttudhun,యేసు నిన్ను జూతు నిందుదేటగా అగోచరార్థముల్ నే ముట్టుదున్,,Zion Songs Telugu,క్రైస్తవ నిరీక్షణ Zion,,TELUGU,2014-10-16,https://waytochurch.com/lyrics/song/3778,591,747
3779,naenae bhayapada valadhani palikenu mana rakshkudu yaesuprabhu,నేనే భయపడ వలదని పలికెను మన రక్షకుడు యేసుప్రభు,,Zion Songs Telugu,క్రైస్తవ నిరీక్షణ Zion,,TELUGU,2014-10-16,https://waytochurch.com/lyrics/song/3779,664,858
3780,priyayaesu raajunu nae choochina chaalu mahimaloa naenaayanathoa numtae chaalu,ప్రియయేసు రాజును నే చూచిన చాలు మహిమలో నేనాయనతో నుంటే చాలు,,Zion Songs Telugu,క్రైస్తవ నిరీక్షణ Zion,,TELUGU,2014-10-16,https://waytochurch.com/lyrics/song/3780,792,1001
3781,lemdee rmdee bhaavimahoannatha saakshulaaraa lemdee,లెండీ రండీ భావిమహోన్నత సాక్షులారా లెండీ,,Zion Songs Telugu,క్రైస్తవ నిరీక్షణ Zion,,TELUGU,2014-10-16,https://waytochurch.com/lyrics/song/3781,565,725
3782,yaesuprabhuvae mahima nireekshna manaloa vunnaadu,యేసుప్రభువే మహిమ నిరీక్షణ మనలో వున్నాడు,,Zion Songs Telugu,క్రైస్తవ నిరీక్షణ Zion,,TELUGU,2014-10-16,https://waytochurch.com/lyrics/song/3782,654,834
3783,prabhoo nee vaadanu neevu naa prabhudavani nee korakai jeevimthunu,ప్రభూ నీ వాడను నీవు నా ప్రభుడవని నీ కొరకై జీవింతును,,Zion Songs Telugu,క్రైస్తవ నిరీక్షణ Zion,,TELUGU,2014-10-16,https://waytochurch.com/lyrics/song/3783,966,1255
3784,paraloakamu naa dhaeshamu paradhaeshi naenila maayaloakamaegaa naenu yaathrikudanu,పరలోకము నా దేశము పరదేశి నేనిల మాయలోకమేగా నేను యాత్రికుడను,,Zion Songs Telugu,క్రైస్తవ నిరీక్షణ Zion,,TELUGU,2014-10-16,https://waytochurch.com/lyrics/song/3784,641,803
3785,naa koarikalu theeripoaye priya yaesuloa,నా కోరికలు తీరిపోయె ప్రియ యేసులో,,Zion Songs Telugu,క్రైస్తవ నిరీక్షణ Zion,,TELUGU,2014-10-16,https://waytochurch.com/lyrics/song/3785,537,674
3786,edhuru choochedhamu dhrudapunaadhigala pattmgamunakai,ఎదురు చూచెదము దృఢపునాదిగల పట్టంగమునకై,,Zion Songs Telugu,క్రైస్తవ నిరీక్షణ Zion,,TELUGU,2014-10-16,https://waytochurch.com/lyrics/song/3786,653,827
3787,prabhuraajym nishchalamainadhi shubhapradhmbu shaashvathamainadhi,ప్రభురాజ్యం నిశ్చలమైనది శుభప్రదంబు శాశ్వతమైనది,,Zion Songs Telugu,క్రైస్తవ నిరీక్షణ Zion,,TELUGU,2014-10-16,https://waytochurch.com/lyrics/song/3787,630,770
3788,nishchalamainadhi yaesu raajyamu prakaashimchae raajyamu,నిశ్చలమైనది యేసు రాజ్యము ప్రకాశించే రాజ్యము,,Zion Songs Telugu,క్రైస్తవ నిరీక్షణ Zion,,TELUGU,2014-10-16,https://waytochurch.com/lyrics/song/3788,765,965
3789,jeevamunichchedha jeevaadhipathiki,జీవమునిచ్చెద జీవాధిపతికి,,Zion Songs Telugu,క్రైస్తవ ప్రతిష్ఠత Zion,,TELUGU,2014-10-16,https://waytochurch.com/lyrics/song/3789,620,768
3790,naa naathudaa naayullamichchithi neeku,నా నాథుడా నాయుల్లమిచ్చితి నీకు,,Zion Songs Telugu,క్రైస్తవ ప్రతిష్ఠత Zion,,TELUGU,2014-10-16,https://waytochurch.com/lyrics/song/3790,576,724
3791,yaesoo naa siluvan moasi ninu nae vembadimchedhanu,యేసూ నా సిలువన్ మోసి నిను నే వెంబడించెదను,,Zion Songs Telugu,క్రైస్తవ ప్రతిష్ఠత Zion,,TELUGU,2014-10-16,https://waytochurch.com/lyrics/song/3791,569,702
3792,siluvanu veedanu siluvanu veedanu siluvanu veedanu,సిలువను వీడను సిలువను వీడను సిలువను వీడను,,Zion Songs Telugu,క్రైస్తవ ప్రతిష్ఠత Zion,,TELUGU,2014-10-16,https://waytochurch.com/lyrics/song/3792,615,765
3793,naa yaesu maargammdhuna vella naayaththamaa,నా యేసు మార్గమందున వెళ్ళ నాయత్తమా,,Zion Songs Telugu,క్రైస్తవ ప్రతిష్ఠత Zion,,TELUGU,2014-10-16,https://waytochurch.com/lyrics/song/3793,615,765
3794,thrithvamarmamu nerigina mithrumdaa praanamunimmu,త్రిత్వమర్మము నెరిగిన మిత్రుండా ప్రాణమునిమ్ము,,Zion Songs Telugu,క్రైస్తవ ప్రతిష్ఠత Zion,,TELUGU,2014-10-16,https://waytochurch.com/lyrics/song/3794,597,743
3795,dhaevayaathma bhaasuraagni thaejassugaa nunnadhi,దేవయాత్మ భాసురాగ్ని తేజస్సుగా నున్నది,,Zion Songs Telugu,క్రైస్తవ ప్రతిష్ఠత Zion,,TELUGU,2014-10-16,https://waytochurch.com/lyrics/song/3795,623,779
3796,prabhuni dharshanm yaesuni dharshana momdhi saeva chaeyumu dhaevuniki,ప్రభుని దర్శనం యేసుని దర్శన మొంది సేవ చేయుము దేవునికి,,Zion Songs Telugu,క్రైస్తవ ప్రతిష్ఠత Zion,,TELUGU,2014-10-16,https://waytochurch.com/lyrics/song/3796,551,710
3797,priya yaesuni sainya veerulamu sainya veerulamu,ప్రియ యేసుని సైన్య వీరులము సైన్య వీరులము,,Zion Songs Telugu,క్రైస్తవ ప్రతిష్ఠత Zion,,TELUGU,2014-10-16,https://waytochurch.com/lyrics/song/3797,983,1227
3798,yaajaka dharmamu nerigi yaesunikae saeva praemathoa nonarimpudu,యాజక ధర్మము నెరిగి యేసునికే సేవ ప్రేమతో నొనరింపుడు,,Zion Songs Telugu,క్రైస్తవ ప్రతిష్ఠత Zion,,TELUGU,2014-10-16,https://waytochurch.com/lyrics/song/3798,705,896
3799,yaesuni nimdhanu bharimchi aayana yodhdhaku velludhamu,యేసుని నిందను భరించి ఆయన యొద్దకు వెళ్ళుదము,,Zion Songs Telugu,క్రైస్తవ ప్రతిష్ఠత Zion,,TELUGU,2014-10-16,https://waytochurch.com/lyrics/song/3799,803,1030
3800,yaesuni shishyulamu yaegudhamu pishaachi loakamunu kadhalimthumu,యేసుని శిష్యులము యేగుదము పిశాచి లోకమును కదలింతుము,,Zion Songs Telugu,క్రైస్తవ ప్రతిష్ఠత Zion,,TELUGU,2014-10-16,https://waytochurch.com/lyrics/song/3800,963,1212
3801,yaesukreesthae sajjanudu vairikanna balavmthudu,యేసుక్రీస్తే సజ్జనుడు వైరికన్న బలవంతుడు,,Zion Songs Telugu,క్రైస్తవ ప్రతిష్ఠత Zion,,TELUGU,2014-10-16,https://waytochurch.com/lyrics/song/3801,467,580
3802,manassaara kruthajnytha liduchu ghanmbu chaeyu prabhun,మనస్సార కృతజ్ఞత లిడుచు ఘనంబు చేయు ప్రభున్,,Zion Songs Telugu,క్రైస్తవ ప్రతిష్ఠత Zion,,TELUGU,2014-10-16,https://waytochurch.com/lyrics/song/3802,866,1085
3803,ee jagathiki jyoathini naenu jeevana jyoathi jvalimchedhanu,ఈ జగతికి జ్యోతిని నేను జీవన జ్యోతి జ్వలించెదను,,Zion Songs Telugu,క్రైస్తవ ప్రతిష్ఠత Zion,,TELUGU,2014-10-16,https://waytochurch.com/lyrics/song/3803,409,510
3804,nee siluvae naaku sharanu yaesuprabhoa,నీ సిలువే నాకు శరణు యేసుప్రభో,,Zion Songs Telugu,క్రైస్తవ ప్రతిష్ఠత Zion,,TELUGU,2014-10-16,https://waytochurch.com/lyrics/song/3804,576,748
3805,,నే నీవాడనై యుండగోరెదన్ యేసు ప్రియ రక్షకా,,Zion Songs Telugu,క్రైస్తవ ప్రతిష్ఠత Zion,,TELUGU,2014-10-16,https://waytochurch.com/lyrics/song/3805,531,651
3807,naadhu praanamu prabhoa naenu nee karpimthunu,నాదు ప్రాణము ప్రభో నేను నీ కర్పింతును,,Zion Songs Telugu,క్రైస్తవ ప్రతిష్ఠత Zion,,TELUGU,2014-10-16,https://waytochurch.com/lyrics/song/3807,573,691
3809,yaesu prabhoa neeku naenu naa samasthamiththunu,యేసు ప్రభో నీకు నేను నా సమస్తమిత్తును,,Zion Songs Telugu,క్రైస్తవ ప్రతిష్ఠత Zion,,TELUGU,2014-10-16,https://waytochurch.com/lyrics/song/3809,591,738
3811,naa rakshkuni vembadimthu nannitan ghoaramaina komdalaina jmkomdhanu,నా రక్షకుని వెంబడింతు నన్నిటన్ ఘోరమైన కొండలైన జంకొందను,,Zion Songs Telugu,క్రైస్తవ ప్రతిష్ఠత Zion,,TELUGU,2014-10-16,https://waytochurch.com/lyrics/song/3811,509,623
3813,silvaloa silvaloaao gaamchi nae choodaogan,సిల్వలో సిల్వలోఁ గాంచి నే చూడఁగన్,,Zion Songs Telugu,క్రైస్తవ ప్రతిష్ఠత Zion,,TELUGU,2014-10-16,https://waytochurch.com/lyrics/song/3813,479,576
3814,naa yaesu noppukonanu nae siggunomdhanu,నా యేసు నొప్పుకొనను నే సిగ్గునొందను,,Zion Songs Telugu,క్రైస్తవ ప్రతిష్ఠత Zion,,TELUGU,2014-10-16,https://waytochurch.com/lyrics/song/3814,479,576
3815,silvachemtha naesuvaa chaerchi nannu numchu,సిల్వచెంత నేసువా చేర్చి నన్ను నుంచు,,Zion Songs Telugu,క్రైస్తవ ప్రతిష్ఠత Zion,,TELUGU,2014-10-16,https://waytochurch.com/lyrics/song/3815,431,505
3816,silvakae silvakae chellu naa vimukthi,సిల్వకే సిల్వకే చెల్లు నా విముక్తి,,Zion Songs Telugu,క్రైస్తవ ప్రతిష్ఠత Zion,,TELUGU,2014-10-16,https://waytochurch.com/lyrics/song/3816,431,505
3817,prabhu yaesuni naenu naenu vembadimthunu thana adugu jaadalaloa nadichedhanu,ప్రభు యేసుని నేను నేను వెంబడింతును తన అడుగు జాడలలో నడిచెదను,,Zion Songs Telugu,క్రైస్తవ ప్రతిష్ఠత Zion,,TELUGU,2014-10-16,https://waytochurch.com/lyrics/song/3817,430,518
3818,naa sarvamaina prabhoo arpimchukomdhu neekai amgeekarimchu naedae nee saeva chaeyutakai,నా సర్వమైన ప్రభూ అర్పించుకొందు నీకై అంగీకరించు నేడే నీ సేవ చేయుటకై,,Zion Songs Telugu,క్రైస్తవ ప్రతిష్ఠత Zion,,TELUGU,2014-10-16,https://waytochurch.com/lyrics/song/3818,627,791
3819,yauvanudaa smthoashpadumaa yauvana kaalamun,యౌవనుడా సంతోషపడుమా యౌవన కాలమున,,Zion Songs Telugu,యౌవనస్థుల పాటలు Zion,,TELUGU,2014-10-16,https://waytochurch.com/lyrics/song/3819,628,767
3820,manaku jeevamaiyunna rakshkudu prabhuyaesae,మనకు జీవమైయున్న రక్షకుడు ప్రభుయేసే,,Zion Songs Telugu,యౌవనస్థుల పాటలు Zion,,TELUGU,2014-10-16,https://waytochurch.com/lyrics/song/3820,907,1102
3821,nee dhaevuni sannidhini kanabadanu neevu sidhdhapadumaa,నీ దేవుని సన్నిధిని కనబడను నీవు సిద్ధపడుమా,,Zion Songs Telugu,యౌవనస్థుల పాటలు Zion,,TELUGU,2014-10-16,https://waytochurch.com/lyrics/song/3821,771,977
3822,,సిలువే నీ గురిగా నడువు యౌవనుడా,,Zion Songs Telugu,యౌవనస్థుల పాటలు Zion,,TELUGU,2014-10-16,https://waytochurch.com/lyrics/song/3822,554,682
3823,meeraemi vedhakuchunnaaru,మీరేమి వెదకుచున్నారు,,Zion Songs Telugu,యౌవనస్థుల పాటలు Zion,,TELUGU,2014-10-16,https://waytochurch.com/lyrics/song/3823,661,819
3824,yauvanulaaraa mee yauvanamuloa smthasimchudi,యౌవనులారా మీ యౌవనములో సంతసించుడి,,Zion Songs Telugu,యౌవనస్థుల పాటలు Zion,,TELUGU,2014-10-16,https://waytochurch.com/lyrics/song/3824,778,984
3825,dhayagala yaesu prabhoo ninnu yeruga krupanimmu,దయగల యేసు ప్రభూ నిన్ను యెరుగ కృపనిమ్ము,,Zion Songs Telugu,యౌవనస్థుల పాటలు Zion,,TELUGU,2014-10-16,https://waytochurch.com/lyrics/song/3825,776,962
3826,prabhuni saeva jaeyarammu oa yauvanudaa,ప్రభుని సేవ జేయరమ్ము ఓ యౌవనుడా,,Zion Songs Telugu,యౌవనస్థుల పాటలు Zion,,TELUGU,2014-10-16,https://waytochurch.com/lyrics/song/3826,846,1052
3827,hallelooya hoasannaa sthuthi ghanathaa prabhukae,హల్లెలూయ హోసన్నా స్తుతి ఘనతా ప్రభుకే,,Zion Songs Telugu,యౌవనస్థుల పాటలు Zion,,TELUGU,2014-10-16,https://waytochurch.com/lyrics/song/3827,560,696
3828,kreesthu mimmulanu svathmthrula jaese dhaasyapu kaadiki chikkukonaku,క్రీస్తు మిమ్ములను స్వతంత్రుల జేసె దాస్యపు కాడికి చిక్కుకొనకు,,Zion Songs Telugu,యౌవనస్థుల పాటలు Zion,,TELUGU,2014-10-16,https://waytochurch.com/lyrics/song/3828,507,645
3829,evaru jayimchedharoa vaarae samasthamunu pomdhedharu,ఎవరు జయించెదరో వారే సమస్తమును పొందెదరు,,Zion Songs Telugu,యౌవనస్థుల పాటలు Zion,,TELUGU,2014-10-16,https://waytochurch.com/lyrics/song/3829,654,844
3830,mahaa dhaevumdu parishudhdhudagu thanayuni,మహా దేవుండు పరిశుద్ధుడగు తనయుని,,Zion Songs Telugu,యౌవనస్థుల పాటలు Zion,,TELUGU,2014-10-16,https://waytochurch.com/lyrics/song/3830,666,853
3831,sthoathrm sthoathramu dhaevaadhi dhaevaa paathralanugaa maarchithivi dhaevuni paathralanug,స్తోత్రం స్తోత్రము దేవాది దేవా పాత్రలనుగా మార్చితివి దేవుని పాత్రలనుగ,,Zion Songs Telugu,యౌవనస్థుల పాటలు Zion,,TELUGU,2014-10-16,https://waytochurch.com/lyrics/song/3831,668,850
3832,prabhuvuku thaginattu pruthiviloa priyudaa padhilamugaa jeevimchavaa,ప్రభువుకు తగినట్టు పృథివిలో ప్రియుడా పదిలముగా జీవించవా,,Zion Songs Telugu,యౌవనస్థుల పాటలు Zion,,TELUGU,2014-10-16,https://waytochurch.com/lyrics/song/3832,859,1081
3833,dhaevuni nijapraema parishudhdha grmthammdhunnadhi,దేవుని నిజప్రేమ పరిశుధ్ధ గ్రంథమందున్నది,,Zion Songs Telugu,పల్లవులు Zion,,TELUGU,2014-10-16,https://waytochurch.com/lyrics/song/3833,483,619
3834,grmtha vaagdhaanamulanni naavi,గ్రంథ వాగ్దానములన్ని నావి,,Zion Songs Telugu,పల్లవులు Zion,,TELUGU,2014-10-16,https://waytochurch.com/lyrics/song/3834,149,140
3837,aashraeshtmbau grmthamuloa,ఆశ్రేష్ఠంబౌ గ్రంథములో,,Zion Songs Telugu,పల్లవులు Zion,,TELUGU,2014-10-16,https://waytochurch.com/lyrics/song/3837,144,141
3838,,చేయను శ్రేష్ఠ కార్యము ప్రార్థన,,Zion Songs Telugu,పల్లవులు Zion,,TELUGU,2014-10-16,https://waytochurch.com/lyrics/song/3838,685,708
3839,patmpa shraeshtagrmthamu baibil,పఠంప శ్రేష్ఠగ్రంథము బైబిల్,,Zion Songs Telugu,పల్లవులు Zion,,TELUGU,2014-10-16,https://waytochurch.com/lyrics/song/3839,685,708
3841,snaehimpa shraeshta mithrudaesu kreesthu,స్నేహింప శ్రేష్ఠ మిత్రుడేసు క్రీస్తు,,Zion Songs Telugu,పల్లవులు Zion,,TELUGU,2014-10-16,https://waytochurch.com/lyrics/song/3841,685,708
3842,chaeyanu shraeshta pani dhaiva saevayae,చేయను శ్రేష్ఠ పని దైవ సేవయే,,Zion Songs Telugu,పల్లవులు Zion,,TELUGU,2014-10-16,https://waytochurch.com/lyrics/song/3842,685,708
3843,,ఆనందం నా కానందం ఆనందం పరమానందం,,Zion Songs Telugu,పల్లవులు Zion,,TELUGU,2014-10-16,https://waytochurch.com/lyrics/song/3843,158,163
3844,,యేసునే స్తుతించు రేపేమగునో తెలియనందున స్తుతించు,,Zion Songs Telugu,పల్లవులు Zion,,TELUGU,2014-10-16,https://waytochurch.com/lyrics/song/3844,373,451
3845,,వింతయైన యేసు రక్షకుండు తానే నిన్ను నడుపును,,Zion Songs Telugu,పల్లవులు Zion,,TELUGU,2014-10-16,https://waytochurch.com/lyrics/song/3845,280,291
3846,,నాదు ప్రాణమా ప్రభున్నుతించుమా,,Zion Songs Telugu,పల్లవులు Zion,,TELUGU,2014-10-16,https://waytochurch.com/lyrics/song/3846,409,437
3847,,స్తుతి ఘనత మహిమ నీదే మహిమ నీదే మహిమ నీదే,,Zion Songs Telugu,పల్లవులు Zion,,TELUGU,2014-10-16,https://waytochurch.com/lyrics/song/3847,245,265
3848,,హల్లెలూయ ఆ ఆ ఆమెన్ హల్లెలూయ,,Zion Songs Telugu,పల్లవులు Zion,,TELUGU,2014-10-16,https://waytochurch.com/lyrics/song/3848,166,158
3849,,నాకానందం కారణంబిదే పాపభారమంత పోయెను,,Zion Songs Telugu,పల్లవులు Zion,,TELUGU,2014-10-16,https://waytochurch.com/lyrics/song/3849,239,252
3850,,అద్భుత శక్తికలదు రక్తములో గొఱ్ఱెపిల్ల రక్తములో,,Zion Songs Telugu,పల్లవులు Zion,,TELUGU,2014-10-16,https://waytochurch.com/lyrics/song/3850,241,263
3851,,నీ జీవిత నావలో క్రీస్తును యుంచుకొని యున్నచో,,Zion Songs Telugu,పల్లవులు Zion,,TELUGU,2014-10-16,https://waytochurch.com/lyrics/song/3851,200,214
3852,,యేసు తీర్చె నా అప్పునంతయు పాపడాగు లన్నియు తానే కడిగెను,,Zion Songs Telugu,పల్లవులు Zion,,TELUGU,2014-10-16,https://waytochurch.com/lyrics/song/3852,81,75
3853,,కృపచేత రక్షించెను కృపచేత రక్షించెను,,Zion Songs Telugu,పల్లవులు Zion,,TELUGU,2014-10-16,https://waytochurch.com/lyrics/song/3853,110,126
3854,,పోయెను పోయెను పోయెను నా పాప భారమెల్ల పోయెను,,Zion Songs Telugu,పల్లవులు Zion,,TELUGU,2014-10-16,https://waytochurch.com/lyrics/song/3854,99,99
3855,,యేసుని వాక్కు నిత్యము నిల్చున్ ఏమి మారినన్ పొల్లుపోదు,,Zion Songs Telugu,పల్లవులు Zion,,TELUGU,2014-10-16,https://waytochurch.com/lyrics/song/3855,222,234
3856,,నీ ధర్మ శాస్త్రములో ఆశ్చర్యమైనవి,,Zion Songs Telugu,పల్లవులు Zion,,TELUGU,2014-10-16,https://waytochurch.com/lyrics/song/3856,198,219
3857,,ఎంత అద్భుత ధనము అనంత దైవవరము,,Zion Songs Telugu,పల్లవులు Zion,,TELUGU,2014-10-16,https://waytochurch.com/lyrics/song/3857,90,94
3858,,ఆయనాశ్చర్య కరుడు నన్ను రక్షించి కాపాడి శుద్ధి చేయును,,Zion Songs Telugu,పల్లవులు Zion,,TELUGU,2014-10-16,https://waytochurch.com/lyrics/song/3858,178,237
3859,,పాపమున్ దుఃఖమును వెంటనే విడువుమా,,Zion Songs Telugu,పల్లవులు Zion,,TELUGU,2014-10-16,https://waytochurch.com/lyrics/song/3859,136,139
3860,,దాగియుందు నీ ఆశ్రయమందున్ కీడు తాకని చోటులో భయమే లేదు,,Zion Songs Telugu,పల్లవులు Zion,,TELUGU,2014-10-16,https://waytochurch.com/lyrics/song/3860,156,153
3861,,దైవ ప్రేమ నిత్యము కుమ్మరించుము,,Zion Songs Telugu,పల్లవులు Zion,,TELUGU,2014-10-16,https://waytochurch.com/lyrics/song/3861,243,260
3862,,నిత్య దేవ జీవాత్మ నా పై దిగుమా,,Zion Songs Telugu,పల్లవులు Zion,,TELUGU,2014-10-16,https://waytochurch.com/lyrics/song/3862,133,133
3863,,బలము నిచ్చు యేసుచే,,Zion Songs Telugu,పల్లవులు Zion,,TELUGU,2014-10-16,https://waytochurch.com/lyrics/song/3863,203,252
3864,,యెహోవా కొరకు యెదురుచూచువారు నూతన బలమును పొందుదురు,,Zion Songs Telugu,పల్లవులు Zion,,TELUGU,2014-10-16,https://waytochurch.com/lyrics/song/3864,360,399
3865,,ఆత్మల చెంతకు నడుపు బోధింపను నేర్పుము ప్రభువా,,Zion Songs Telugu,పల్లవులు Zion,,TELUGU,2014-10-16,https://waytochurch.com/lyrics/song/3865,208,214
3866,,ఉజ్జీవము నిమ్ము,,Zion Songs Telugu,పల్లవులు Zion,,TELUGU,2014-10-16,https://waytochurch.com/lyrics/song/3866,153,174
3867,,చేతున్ అద్భుత మనెను చేతున్ అద్భుత మనెను,,Zion Songs Telugu,పల్లవులు Zion,,TELUGU,2014-10-16,https://waytochurch.com/lyrics/song/3867,104,108
3868,,స్తుతించు నా ప్రాణమా మహిమ హల్లెలూయ,,Zion Songs Telugu,పల్లవులు Zion,,TELUGU,2014-10-16,https://waytochurch.com/lyrics/song/3868,90,86
3869,,మహిమ ఘనత స్తుతి స్తోత్రము గొర్రెపిల్లకే నిత్యము,,Zion Songs Telugu,పల్లవులు Zion,,TELUGU,2014-10-16,https://waytochurch.com/lyrics/song/3869,122,121
3870,,ఆయన నామము ఆశ్చర్యుడు ఆయన పేరాలోచనకర్త,,Zion Songs Telugu,పల్లవులు Zion,,TELUGU,2014-10-16,https://waytochurch.com/lyrics/song/3870,267,310
3871,,ఆశ్చర్య మాశ్చర్య మేసు నాకు ఆలోచన కర్తయు రక్షకుండును,,Zion Songs Telugu,పల్లవులు Zion,,TELUGU,2014-10-16,https://waytochurch.com/lyrics/song/3871,157,153
3872,,నిన్న నేడు నిత్యకాల మేసు మారడు,,Zion Songs Telugu,పల్లవులు Zion,,TELUGU,2014-10-16,https://waytochurch.com/lyrics/song/3872,212,224
3873,,ఆనందానందము మహదానందము,,Zion Songs Telugu,పల్లవులు Zion,,TELUGU,2014-10-16,https://waytochurch.com/lyrics/song/3873,303,311
3874,,ఆశ్చర్య ఆశ్చర్య యేసు నీతో సమానులేరి,,Zion Songs Telugu,పల్లవులు Zion,,TELUGU,2014-10-16,https://waytochurch.com/lyrics/song/3874,217,226
3875,,హల్లెలూయా యేసుకు కల్వరిపై మృతుడు,,Zion Songs Telugu,పల్లవులు Zion,,TELUGU,2014-10-16,https://waytochurch.com/lyrics/song/3875,609,720
3876,,సర్వజనులారా దేవుని కొనియాడుడి,,Zion Songs Telugu,పల్లవులు Zion,,TELUGU,2014-10-16,https://waytochurch.com/lyrics/song/3876,236,246
3877,,హల్లెలూయ హోసన్నా హల్లెలూయ హోసన్నా హల్లెలూయ,,Zion Songs Telugu,పల్లవులు Zion,,TELUGU,2014-10-16,https://waytochurch.com/lyrics/song/3877,276,271
3878,naedu meeru koarukonudi mee revarini saevimchedharoa,నేడు మీరు కోరుకొనుడి మీ రెవరిని సేవించెదరో,,Zion Songs Telugu,పల్లవులు Zion,,TELUGU,2014-10-16,https://waytochurch.com/lyrics/song/3878,175,188
3879,,యేసుని సన్నిధి ఎంతో ఆనందం,,Zion Songs Telugu,పల్లవులు Zion,,TELUGU,2014-10-16,https://waytochurch.com/lyrics/song/3879,256,248
3880,,తూర్పున పడమర ఉత్తర దక్షిణము క్రీస్తు సువార్తతో వెళ్ళవలె మనము,,Zion Songs Telugu,పల్లవులు Zion,,TELUGU,2014-10-16,https://waytochurch.com/lyrics/song/3880,179,176
3881,,నా యెదలోన్ నా యెదలోన్ రమ్ము నా యెదలోన్ ప్రభుయేసు,,Zion Songs Telugu,పల్లవులు Zion,,TELUGU,2014-10-16,https://waytochurch.com/lyrics/song/3881,261,274
3882,,నల్లనిది నా పాప హృదయం నా రక్షకుడు వచ్చు వరకు,,Zion Songs Telugu,పల్లవులు Zion,,TELUGU,2014-10-16,https://waytochurch.com/lyrics/song/3882,212,227
3883,,యేసు క్రీస్తు ఆయనే నా సర్వ మాయనే,,Zion Songs Telugu,పల్లవులు Zion,,TELUGU,2014-10-16,https://waytochurch.com/lyrics/song/3883,172,178
3884,,ఆహా ఆహా ఇదిగో మరల వస్తిమి ఆహా అహా బహు సంతసంబేగా,,Zion Songs Telugu,పల్లవులు Zion,,TELUGU,2014-10-16,https://waytochurch.com/lyrics/song/3884,157,149
3885,,ఐదు రొట్టెలు చేపలు రెండు ఐదు వేలకు పంచిపెట్టెన్,,Zion Songs Telugu,పల్లవులు Zion,,TELUGU,2014-10-16,https://waytochurch.com/lyrics/song/3885,357,343
3887,,ఓ దేవునికి మహిమ లేవనెత్తెను,,Zion Songs Telugu,పల్లవులు Zion,,TELUGU,2014-10-16,https://waytochurch.com/lyrics/song/3887,472,515
3888,,వారు గొఱ్ఱెపిల్ల రక్తమును బట్టియున్ తామిచ్చు సాక్ష్యమున్ బట్టియున్,,Zion Songs Telugu,పల్లవులు Zion,,TELUGU,2014-10-16,https://waytochurch.com/lyrics/song/3888,372,379
3889,,అసమానుండగు ఓ క్రీస్తు అద్వితీయుండగు దేవా,,Zion Songs Telugu,Zion,,TELUGU,2014-10-16,https://waytochurch.com/lyrics/song/3889,672,853
3890,,ఘనత మహిమ ప్రభుకే తర తరములలో తనకే చెల్లును గాక,,Zion Songs Telugu,Zion,,TELUGU,2014-10-16,https://waytochurch.com/lyrics/song/3890,657,864
3891,,స్తుతియు మహిమ ఘనత నీకే యుగయుగముల వరకు,,Zion Songs Telugu,Zion,,TELUGU,2014-10-16,https://waytochurch.com/lyrics/song/3891,764,993
3892,,నా ప్రభు ప్రేమించెను నన్ను ప్రియుడైన క్రీస్తు ప్రేమించెను,,Zion Songs Telugu,Zion,,TELUGU,2014-10-16,https://waytochurch.com/lyrics/song/3892,729,854
3893,,ఓ ప్రభు నీవే ధన్యుడవు సృష్టి నిన్ను స్తుతించును నీ యోగ్యతను బట్టి,,Zion Songs Telugu,Zion,,TELUGU,2014-10-16,https://waytochurch.com/lyrics/song/3893,756,950
3894,pomdhithini naenu prabhuvaa nee numdi prathi shraeshtayeevini ee bhuviymdhu,పొందితిని నేను ప్రభువా నీ నుండి ప్రతి శ్రేష్టయీవిని ఈ భువియందు,,Zion Songs Telugu,Zion,,TELUGU,2014-10-16,https://waytochurch.com/lyrics/song/3894,729,940
3895,,అందరము ప్రభు నిన్ను కొనియాడెదము మహాత్ముండవు పరిశుద్ధుడవు,,Zion Songs Telugu,Zion,,TELUGU,2014-10-16,https://waytochurch.com/lyrics/song/3895,613,791
3896,,పూజనీయుడేసుప్రభు పలునిందల నొందితివా నాకై,,Zion Songs Telugu,Zion,,TELUGU,2014-10-16,https://waytochurch.com/lyrics/song/3896,701,913
3897,,నే పాడెద నిత్యము పాడెద ప్రభువా నీకు స్తుతి పాడెదన్,,Zion Songs Telugu,Zion,,TELUGU,2014-10-16,https://waytochurch.com/lyrics/song/3897,649,820
3898,,ప్రవిమలుడా పావనుడా స్తుతిస్తోత్రము నీకే,,Zion Songs Telugu,Zion,,TELUGU,2014-10-16,https://waytochurch.com/lyrics/song/3898,826,1043
3899,,విజయుండు క్రీస్తు ప్రభావముతో ఘనవిజయుండాయెను,,Zion Songs Telugu,Zion Easter,,TELUGU,2014-10-16,https://waytochurch.com/lyrics/song/3899,818,1022
3900,,యేసు ప్రభువే సాతాను బలమును జయించెను,,Zion Songs Telugu,Zion Easter,,TELUGU,2014-10-16,https://waytochurch.com/lyrics/song/3900,640,830
3901,,పాడెదము నీ స్తుతులను మహా ప్రభువా,,Zion Songs Telugu,Zion,,TELUGU,2014-10-16,https://waytochurch.com/lyrics/song/3901,662,868
3902,,ప్రభువైన క్రీస్తు మహిమాస్వరూప పూజింతుము నిన్,,Zion Songs Telugu,Zion,,TELUGU,2014-10-16,https://waytochurch.com/lyrics/song/3902,681,858
3903,,యేసు ప్రభుని సంకల్పములు మారవు ఎన్నటికి,,Zion Songs Telugu,Zion,,TELUGU,2014-10-16,https://waytochurch.com/lyrics/song/3903,785,997
3904,,జయశీలుడవగు ఓ మా ప్రభువా జయగీతముల్ పాడెదం,,Zion Songs Telugu,Zion,,TELUGU,2014-10-16,https://waytochurch.com/lyrics/song/3904,900,1141
3905,,మహా సామర్థ్యా ఓ యేసు బహు విశాలుడవు నీవు,,Zion Songs Telugu,Zion,,TELUGU,2014-10-16,https://waytochurch.com/lyrics/song/3905,667,834
3906,,జయించు వారిని కొనిపోవ ప్రభు యేసు వచ్చును,,Zion Songs Telugu,Zion,,TELUGU,2014-10-16,https://waytochurch.com/lyrics/song/3906,760,953
3907,,హల్లెలూయా హల్లెలూయా హల్లెలూయా స్తోత్రం,,Zion Songs Telugu,Zion,,TELUGU,2014-10-16,https://waytochurch.com/lyrics/song/3907,403,503
3908,,ఓ సంఘమా శుభవార్త యిదే ప్రభుయేసు వచ్చుచుండె,,Zion Songs Telugu,Zion,,TELUGU,2014-10-16,https://waytochurch.com/lyrics/song/3908,562,710
3909,,చూడుమదే చూడుమదే నీ వరుడు వచ్చుచుండె,,Zion Songs Telugu,Zion,,TELUGU,2014-10-16,https://waytochurch.com/lyrics/song/3909,562,710
3910,,దేవా నీ సన్నిధిలో నిలచి దీనులమై మొరపెట్టుచున్నాము,,Zion Songs Telugu,Zion,,TELUGU,2014-10-16,https://waytochurch.com/lyrics/song/3910,579,710
3911,,ప్రార్థన వినెడు దేవా ప్రార్థించుమనిన ప్రభువా,,Zion Songs Telugu,Zion,,TELUGU,2014-10-16,https://waytochurch.com/lyrics/song/3911,543,674
3912,,నేను వెళ్ళెదను మీరు ప్రార్థనలో నుండుడి,,Zion Songs Telugu,Zion,,TELUGU,2014-10-16,https://waytochurch.com/lyrics/song/3912,559,666
3913,,పరిశుద్ధ పట్టణము క్రొత్త యెరూషలేము పరము నుండి వచ్చుట చూచితిని,,Zion Songs Telugu,Zion,,TELUGU,2014-10-16,https://waytochurch.com/lyrics/song/3913,834,1046
3914,,నూతనమైన యెరుషలేము పరిశుద్ధ పట్టణము,,Zion Songs Telugu,Zion,,TELUGU,2014-10-16,https://waytochurch.com/lyrics/song/3914,827,1077
3915,,ప్రభుని గృహము ఆయన మహిమతో పరిపూర్ణముగా నిండెను,,Zion Songs Telugu,Zion,,TELUGU,2014-10-16,https://waytochurch.com/lyrics/song/3915,827,1032
3916,,పరిశుద్ధ మందిరము నాకు నిర్మించ మంటిరి ప్రభువా,,Zion Songs Telugu,Zion,,TELUGU,2014-10-16,https://waytochurch.com/lyrics/song/3916,632,782
3917,,దేవుడొక నగరము మన కొరకై సిద్ధపరచుచుండె నుండుటకై,,Zion Songs Telugu,Zion,,TELUGU,2014-10-16,https://waytochurch.com/lyrics/song/3917,959,1215
3918,,ఈ లోక యాత్రలో నే సాగుచుండ ఒకసారి నవ్వు ఒకసారి యేడ్పు,,Zion Songs Telugu,Zion,,TELUGU,2014-10-16,https://waytochurch.com/lyrics/song/3918,720,914
3919,,ఆది ప్రేమను విడచిపెట్టితివా ఓ నాదు ప్రియుడా మాదిరిగ జీవించ మానితివా,,Zion Songs Telugu,Zion,,TELUGU,2014-10-16,https://waytochurch.com/lyrics/song/3919,811,1001
3920,,దేవునితో సహపాటి పాలివారిగానుజేసె తోడివారసులనుగా మనలను ప్రభు జేసెనుగా,,Zion Songs Telugu,Zion,,TELUGU,2014-10-16,https://waytochurch.com/lyrics/song/3920,690,869
3921,,నిశ్చయముగ నిన్ను దీవించెదను నిశ్చయముగ నిన్ను వృద్ధి పొందింతున్,,Zion Songs Telugu,Zion,,TELUGU,2014-10-16,https://waytochurch.com/lyrics/song/3921,684,861
3922,,యేసు మనతోనుండగ ధైర్యముగా సాగుచు,,Zion Songs Telugu,Zion,,TELUGU,2014-10-16,https://waytochurch.com/lyrics/song/3922,1009,1313
3923,,ప్రభువా చేసితివి వాగ్దానములు మాతో నెరవేర్చితివి,,Zion Songs Telugu,Zion,,TELUGU,2014-10-16,https://waytochurch.com/lyrics/song/3923,1025,1299
3924,,ఆనందించెదము యెహోవాలో అతిశయించును మాదు ఆత్మ,,Zion Songs Telugu,Zion,,TELUGU,2014-10-16,https://waytochurch.com/lyrics/song/3924,1052,1328
3925,,లేలెమ్ము సీయోను ధరియించుము నీ బలము,,Zion Songs Telugu,Zion,,TELUGU,2014-10-16,https://waytochurch.com/lyrics/song/3925,876,1051
3926,,దారితొలగితివేల రక్షణ మార్గము వెదకు,,Zion Songs Telugu,Zion,,TELUGU,2014-10-16,https://waytochurch.com/lyrics/song/3926,613,750
3927,,లోకమును విడచి వెళ్ళవలెనుగ సర్వమిచ్చటనే విడువవలెన్,,Zion Songs Telugu,Zion,,TELUGU,2014-10-16,https://waytochurch.com/lyrics/song/3927,928,1213
3928,,ఎవరో తెలుసా యేసయ్యా చెబుతా నేడు వినవయ్యా,,Zion Songs Telugu,Zion,,TELUGU,2014-10-16,https://waytochurch.com/lyrics/song/3928,626,803
3929,,నీ స్వరము వినిపించు ప్రభువా నీ దాసుడాలకించున్,,Zion Songs Telugu,Zion,,TELUGU,2014-10-16,https://waytochurch.com/lyrics/song/3929,1006,1239
3930,,ఆరాధనలకు యోగ్యుడవు స్తుతి గీతంబులకు పాత్రుడవు,,Zion Songs Telugu,Zion,,TELUGU,2014-10-16,https://waytochurch.com/lyrics/song/3930,568,705
3931,,యెహోవా కార్యములన్నిటికై అర్పింతు కృతజ్ఞతలు,,Zion Songs Telugu,Zion,,TELUGU,2014-10-16,https://waytochurch.com/lyrics/song/3931,1000,1236
3932,,ఓ ఇశ్రాయేలు నీదు భాగ్యమెంతో గొప్పది యెహోవా రక్షించిన నిన్ను పోలినవాడు ఎవ్వడు,,Zion Songs Telugu,Zion,,TELUGU,2014-10-16,https://waytochurch.com/lyrics/song/3932,690,860
3933,,నా జీవిత సాగరమున నను నడిపించుము ప్రభువా,,Zion Songs Telugu,Zion,,TELUGU,2014-10-16,https://waytochurch.com/lyrics/song/3933,412,509
3934,,నీ జీవితములో గమ్యంబుయేదో ఒకసారి యోచించవా,,Zion Songs Telugu,Zion,,TELUGU,2014-10-16,https://waytochurch.com/lyrics/song/3934,580,734
3935,,సీయోనుకు తిరిగి చెరలో నుండి విడిపించి యెహోవా రప్పించినప్పుడు,,Zion Songs Telugu,Zion,,TELUGU,2014-10-16,https://waytochurch.com/lyrics/song/3935,486,594
3936,,ప్రభువా గురి యొద్దకే పరుగెత్తుచున్నాను నేను,,Zion Songs Telugu,Zion,,TELUGU,2014-10-16,https://waytochurch.com/lyrics/song/3936,558,676
3937,,శ్రమలను పొందె శ్రీ యేసుడు నీ కొరకై సిలువలో,,Zion Songs Telugu,Good Friday Zion,,TELUGU,2014-10-16,https://waytochurch.com/lyrics/song/3937,803,1014
3938,,పర్వతమా నీవేపాటి జెరుబ్బాబెలు ఎదుటను సమభూమి వగుదువు,,Zion Songs Telugu,Zion,,TELUGU,2014-10-16,https://waytochurch.com/lyrics/song/3938,822,1046
3939,,ప్రభు ప్రజలారా రయమున రండి యాకోబు వంశమా స్వకీయ జనమా,,Zion Songs Telugu,Zion,,TELUGU,2014-10-16,https://waytochurch.com/lyrics/song/3939,1087,1359
3940,,క్రీస్తేసే మన మహిమ నిరీక్షణయై యున్నాడు,,Zion Songs Telugu,Zion,,TELUGU,2014-10-16,https://waytochurch.com/lyrics/song/3940,569,714
3941,,యెడతెగక ప్రార్థించుము మెలకువతో కొనసాగుము,,Zion Songs Telugu,Zion,,TELUGU,2014-10-16,https://waytochurch.com/lyrics/song/3941,925,1196
3942,,యేసుక్రీస్తు నిన్న నేడు ఏకరీతిగనే యున్నాడు,,Zion Songs Telugu,Zion,,TELUGU,2014-10-16,https://waytochurch.com/lyrics/song/3942,830,1037
3943,,యెహోవాను స్తుతించుడి మీరు యెహోవా నామమును స్తుతియించుడి,,Zion Songs Telugu,Zion,,TELUGU,2014-10-16,https://waytochurch.com/lyrics/song/3943,1484,1882
3944,,స్తుతించుము స్తుతించుము ప్రభుయేసు రారాజని,,Zion Songs Telugu,సంఘము Zion,,TELUGU,2014-10-16,https://waytochurch.com/lyrics/song/3944,832,1020
3945,,ఈ సంఘపు బునాది క్రీస్తేసాధీశుడే దక్కించె యేసు దీని వాక్కాపుల్ రెట్టించే,,Zion Songs Telugu,సంఘము Zion,,TELUGU,2014-10-16,https://waytochurch.com/lyrics/song/3945,622,750
3946,,దేవపట్నమా సీయోను నీ మహాత్య మాడితం,,Zion Songs Telugu,సంఘము Zion,,TELUGU,2014-10-16,https://waytochurch.com/lyrics/song/3946,580,690
3947,,ఓ పావనులారా మీరు విశ్వాసంపు పునాది యెంతెంతో స్థిరమైనది,,Zion Songs Telugu,సంఘము Zion,,TELUGU,2014-10-16,https://waytochurch.com/lyrics/song/3947,912,1087
3948,,మనమే ప్రభుని పరలోక గృహము తానే వసించును దానియందు,,Zion Songs Telugu,సంఘము Zion,,TELUGU,2014-10-16,https://waytochurch.com/lyrics/song/3948,893,1156
3949,,సంఘమే క్రీస్తు యేసుని శరీరము అందు చేరిన వారే అంగములు,,Zion Songs Telugu,సంఘము Zion,,TELUGU,2014-10-16,https://waytochurch.com/lyrics/song/3949,600,767
3950,,క్రీస్తేసు ప్రభువు తనరక్తమిచ్చి కొన్నట్టి సంఘమున,,Zion Songs Telugu,సంఘము Zion,,TELUGU,2014-10-16,https://waytochurch.com/lyrics/song/3950,713,905
3951,,పాత క్రొత్త నిబంధనలందున అరవై యారు పుస్తకముల్,,Zion Songs Telugu,దేవుని వాక్యము Zion,,TELUGU,2014-10-16,https://waytochurch.com/lyrics/song/3951,1132,1398
3952,,క్రీస్తుని స్వరము విందును ప్రభువే పలికినప్పుడు,,Zion Songs Telugu,దేవుని వాక్యము Zion,,TELUGU,2014-10-16,https://waytochurch.com/lyrics/song/3952,850,1088
3953,,దాహము తీర్చుమయ్యా అభిషేకము నీయుమయ్యా,,Zion Songs Telugu,దేవుని వాక్యము Zion,,TELUGU,2014-10-16,https://waytochurch.com/lyrics/song/3953,565,745
3954,,ఆదినములలో దేవోక్తి అరుదాయెను దేవునివార్త,,Zion Songs Telugu,దేవుని వాక్యము Zion,,TELUGU,2014-10-16,https://waytochurch.com/lyrics/song/3954,691,865
3955,,అమృతము అద్భుతము దివ్యసత్యము,,Zion Songs Telugu,దేవుని వాక్యము Zion,,TELUGU,2014-10-16,https://waytochurch.com/lyrics/song/3955,813,1002
3956,,మంగళముగ పాడుడీ కృప సత్యంబును,,Zion Songs Telugu,దేవుని వాక్యము Zion,,TELUGU,2014-10-16,https://waytochurch.com/lyrics/song/3956,813,1002
3957,,నిత్యుడేసునే స్తుతించు తన సత్యము కొరకై,,Zion Songs Telugu,దేవుని వాక్యము Zion,,TELUGU,2014-10-16,https://waytochurch.com/lyrics/song/3957,837,1059
3958,,దప్పిగొనిన వానిపై నీటిన్ కుమ్మరించును ఆ ప్రభువే,,Zion Songs Telugu,దేవుని వాక్యము Zion,,TELUGU,2014-10-16,https://waytochurch.com/lyrics/song/3958,781,969
3960,,సరస్సు ప్రక్కన రొట్టెలను వడ్డించునట్లుగా నాకు,,Zion Songs Telugu,దేవుని వాక్యము Zion,,TELUGU,2014-10-16,https://waytochurch.com/lyrics/song/3960,431,522
3961,,నాథా సమూయేలు రీతి నీయామోద శబ్దము,,Zion Songs Telugu,దేవుని వాక్యము Zion,,TELUGU,2014-10-16,https://waytochurch.com/lyrics/song/3961,523,645
3962,,నే బోధింప జనాళికిన్ నేర్పింపు నాకు నో ప్రభు,,Zion Songs Telugu,దేవుని వాక్యము Zion,,TELUGU,2014-10-16,https://waytochurch.com/lyrics/song/3962,588,700
3963,,యేసుని నమ్మెడివారు ఆయన ఉచిత కృపతో,,Zion Songs Telugu,క్రైస్తవ జీవితము Zion,,TELUGU,2014-10-16,https://waytochurch.com/lyrics/song/3963,764,965
3964,,యెహోవాను స్తుతించుడి ఆయన దయాళుడు శత్రుని చేతిలో నుండి కాచిన బలవంతుడు తానే,,Zion Songs Telugu,క్రైస్తవ జీవితము Zion,,TELUGU,2014-10-16,https://waytochurch.com/lyrics/song/3964,927,1150
3965,,సీయోను పాటలు సంతోషముగ పాడుచు సీయోను వెళ్లుదము,,Zion Songs Telugu,క్రైస్తవ జీవితము Zion,,TELUGU,2014-10-16,https://waytochurch.com/lyrics/song/3965,628,796
3966,,ఇదిగో నేనొక నూతన క్రియను చేయుచున్నాను,,Zion Songs Telugu,క్రైస్తవ జీవితము Zion,,TELUGU,2014-10-16,https://waytochurch.com/lyrics/song/3966,742,930
3967,,స్వచ్ఛంద సీయోనువాసి సర్వాధికారి కస్తూరి పూరాసి,,Zion Songs Telugu,క్రైస్తవ జీవితము Zion,,TELUGU,2014-10-16,https://waytochurch.com/lyrics/song/3967,1211,1533
3968,,యెహోవాయందానందమే మహా బలము మీకు,,Zion Songs Telugu,క్రైస్తవ జీవితము Zion,,TELUGU,2014-10-16,https://waytochurch.com/lyrics/song/3968,571,724
3969,,దేవుడు మీకు ఎల్లప్పుడు తోడుగనున్నడు,,Zion Songs Telugu,క్రైస్తవ జీవితము Zion,,TELUGU,2014-10-16,https://waytochurch.com/lyrics/song/3969,850,1068
3970,,ఎల్లప్పుడు ఎల్లప్పుడు ఎల్లప్పుడు సంతోషము యేసు నాతోకూడ నున్నందున,,Zion Songs Telugu,క్రైస్తవ జీవితము Zion,,TELUGU,2014-10-16,https://waytochurch.com/lyrics/song/3970,1027,1251
3971,,దేవసమాధానం శాంతివలె ప్రవహించుచుండు వరదరీతి,,Zion Songs Telugu,క్రైస్తవ జీవితము Zion,,TELUGU,2014-10-16,https://waytochurch.com/lyrics/song/3971,416,543
3972,,దివ్య యేసు మీద నానుకొందుము నిత్య విశ్రాంతిని పొందియుందుము,,Zion Songs Telugu,క్రైస్తవ జీవితము Zion,,TELUGU,2014-10-16,https://waytochurch.com/lyrics/song/3972,416,543
3973,,ఆత్మ విషయమై దీనులైనవారు ధన్యులు పరలోక రాజ్యము వారిది,,Zion Songs Telugu,క్రైస్తవ జీవితము Zion,,TELUGU,2014-10-16,https://waytochurch.com/lyrics/song/3973,788,989
3974,,శాశ్వతమైనది ప్రేమ యెహోవా తండ్రి ప్రేమ,,Zion Songs Telugu,క్రైస్తవ జీవితము Zion,,TELUGU,2014-10-16,https://waytochurch.com/lyrics/song/3974,912,1107
3975,,పరిశుద్ధులై యుండుడి దైవ చిత్తమున పెరుగుడి,,Zion Songs Telugu,క్రైస్తవ జీవితము Zion,,TELUGU,2014-10-16,https://waytochurch.com/lyrics/song/3975,777,1022
3976,,ప్రేమా ప్రేమా ప్రేమా ప్రియుడవు నీవే ఆనంద మానందమే,,Zion Songs Telugu,క్రైస్తవ జీవితము Zion,,TELUGU,2014-10-16,https://waytochurch.com/lyrics/song/3976,542,678
3977,,ఎరిగియుంటివే యెహోవా యేసుక్రీస్తునందు నన్ను,,Zion Songs Telugu,క్రైస్తవ జీవితము Zion,,TELUGU,2014-10-16,https://waytochurch.com/lyrics/song/3977,1061,1323
3978,,నే యేసుని వెలుగులో నడిచెదను రాత్రింబగలాయనతో నడిచెదను,,Zion Songs Telugu,క్రైస్తవ జీవితము Zion,,TELUGU,2014-10-16,https://waytochurch.com/lyrics/song/3978,746,940
3979,,నడిచెద నే ప్రభుయేసునితో నడిచెద నే ప్రభు హస్తముతో,,Zion Songs Telugu,క్రైస్తవ జీవితము Zion,,TELUGU,2014-10-16,https://waytochurch.com/lyrics/song/3979,746,940
3980,,మీరే లోకమునకు వెలుగు లోకమునకు ఉప్పు మీరే,,Zion Songs Telugu,క్రైస్తవ జీవితము Zion,,TELUGU,2014-10-16,https://waytochurch.com/lyrics/song/3980,884,1107
3981,,బలవంతుడేసు మహిమ పాడి వీలగునే వివరింప,,Zion Songs Telugu,క్రైస్తవ జీవితము Zion,,TELUGU,2014-10-16,https://waytochurch.com/lyrics/song/3981,577,701
3982,,హా రక్షణంపు బావులెల్లను అంతులేని లోతుగలవి,,Zion Songs Telugu,క్రైస్తవ జీవితము Zion,,TELUGU,2014-10-16,https://waytochurch.com/lyrics/song/3982,577,701
3983,,నేనే భయపడ కూడదనెను ఆ ఆ ఆ ఆ శిష్యులను ధైర్యపరచిన వాడతడే,,Zion Songs Telugu,క్రైస్తవ జీవితము Zion,,TELUGU,2014-10-16,https://waytochurch.com/lyrics/song/3983,743,961
3984,,మనము యేసు ప్రభుని మహిమ కనుగొంటిమి,,Zion Songs Telugu,క్రైస్తవ జీవితము Zion,,TELUGU,2014-10-16,https://waytochurch.com/lyrics/song/3984,631,791
3985,,దేవా నీ తలంపులు నా కెంతో ప్రియము ఎంతో ప్రియము,,Zion Songs Telugu,క్రైస్తవ జీవితము Zion,,TELUGU,2014-10-16,https://waytochurch.com/lyrics/song/3985,1461,1822
3986,,ఆకాశమా ఆలకించుమా మాటలాడెదన్,,Zion Songs Telugu,క్రైస్తవ జీవితము Zion,,TELUGU,2014-10-16,https://waytochurch.com/lyrics/song/3986,678,878
3987,,సమాధాన గృహంబులోను సమాధానకర్త స్తోత్రములు,,Zion Songs Telugu,క్రైస్తవ జీవితము Zion,,TELUGU,2014-10-16,https://waytochurch.com/lyrics/song/3987,669,854
3988,,లేచిరండి విశ్వాసులారా యోర్దాన్ నదిని దాటను,,Zion Songs Telugu,క్రైస్తవ జీవితము Zion,,TELUGU,2014-10-16,https://waytochurch.com/lyrics/song/3988,484,602
3989,,రారమ్ము రారమ్ము సాత్వీకుడైన యేసుని యొద్దకు రారమ్ము,,Zion Songs Telugu,క్రైస్తవ జీవితము Zion,,TELUGU,2014-10-16,https://waytochurch.com/lyrics/song/3989,777,961
3990,,భయపడకుము నీవు యుద్ధము యెహోవదే,,Zion Songs Telugu,క్రైస్తవ జీవితము Zion,,TELUGU,2014-10-16,https://waytochurch.com/lyrics/song/3990,635,824
3991,,భయపడకుము ఓ చిన్న మందా దయగల మీ తండ్రి పిలుచుచున్నాడు,,Zion Songs Telugu,క్రైస్తవ జీవితము Zion,,TELUGU,2014-10-16,https://waytochurch.com/lyrics/song/3991,733,896
3992,,మనమేసుని వారము తనవారిగానే యుందుము,,Zion Songs Telugu,క్రైస్తవ జీవితము Zion,,TELUGU,2014-10-16,https://waytochurch.com/lyrics/song/3992,891,1147
3993,,వారు ఆయన తట్టు చూడగానే వారికి వెలుగు కలిగెను,,Zion Songs Telugu,క్రైస్తవ జీవితము Zion,,TELUGU,2014-10-16,https://waytochurch.com/lyrics/song/3993,815,1037
3994,,లోకం జీవం మరణంబైనన్ సకలము మేవె నిజం స్థిరముగ నమ్ముడిలన్,,Zion Songs Telugu,క్రైస్తవ జీవితము Zion,,TELUGU,2014-10-16,https://waytochurch.com/lyrics/song/3994,773,962
3995,,సర్వశక్తుని వాక్కు యిదియే సర్వమును మీవే దేవుని సర్వమును మీవే,,Zion Songs Telugu,క్రైస్తవ జీవితము Zion,,TELUGU,2014-10-16,https://waytochurch.com/lyrics/song/3995,642,805
3996,,సంపూర్ణ రక్షణయూట పొంగుచున్నది చూడుము,,Zion Songs Telugu,క్రైస్తవ జీవితము Zion,,TELUGU,2014-10-16,https://waytochurch.com/lyrics/song/3996,729,918
3997,,ప్రభువైన క్రీస్తులో తండ్రి ప్రేమతో నిచ్చె పరలోక దీవెనలు విరివిగను,,Zion Songs Telugu,Zion,,TELUGU,2014-10-16,https://waytochurch.com/lyrics/song/3997,946,1210
3998,,ప్రభు క్రీస్తేసు నీకే మా స్తుతులు విభుడా మాదు స్తుతులే నీ హారములు,,Zion Songs Telugu,Zion,,TELUGU,2014-10-16,https://waytochurch.com/lyrics/song/3998,987,1195
3999,,కృపాతిశయముల్ ఓ నా యెహోవా నిత్యమున్ కీర్తింతును,,Zion Songs Telugu,Zion,,TELUGU,2014-10-16,https://waytochurch.com/lyrics/song/3999,1123,1432
4000,,పర్వతములు తొలగిపోయినను తత్తరిల్లినను,,Zion Songs Telugu,Zion,,TELUGU,2014-10-16,https://waytochurch.com/lyrics/song/4000,797,1020
4001,,నా ప్రియుడు నావాడు నేను అతని వాడను,,Zion Songs Telugu,Zion,,TELUGU,2014-10-16,https://waytochurch.com/lyrics/song/4001,805,1002
4002,,ఈ సుదినము యేసు ప్రభువా నీదు దానం,,Zion Songs Telugu,Zion,,TELUGU,2014-10-16,https://waytochurch.com/lyrics/song/4002,698,880
4003,,దేవుడు దేనికి శిల్పియును నిర్మాణకుడై యున్నాడో,,Zion Songs Telugu,Zion,,TELUGU,2014-10-16,https://waytochurch.com/lyrics/song/4003,825,1014
4004,,ఓ ప్రభువా నీ సేవన్ చేసెద నిత్యము,,Zion Songs Telugu,Zion,,TELUGU,2014-10-16,https://waytochurch.com/lyrics/song/4004,958,1188
4005,,హల్లేలూయ పాడెదా ప్రభు నిన్ను కొనియాడెదన్,,Zion Songs Telugu,Zion,,TELUGU,2014-10-16,https://waytochurch.com/lyrics/song/4005,915,1118
4006,,పూర్ణ హృదయ స్తోత్రముల్ చెల్లించెద ప్రభునకే,,Zion Songs Telugu,Zion,,TELUGU,2014-10-16,https://waytochurch.com/lyrics/song/4006,715,894
4007,,ప్రభుని సంఘమా మేల్కో నేడే నిద్ర నుండి మెల్కో,,Zion Songs Telugu,Zion,,TELUGU,2014-10-16,https://waytochurch.com/lyrics/song/4007,764,939
4008,,సుఖదుఃఖాలయాత్ర కాదా మానవజీవితమంత,,Zion Songs Telugu,Zion,,TELUGU,2014-10-16,https://waytochurch.com/lyrics/song/4008,745,941
4009,,లేరు లేరు జగతిన్ న్నీ సమము భాసుర తేజ యేసురాజ,,Zion Songs Telugu,Zion,,TELUGU,2014-10-16,https://waytochurch.com/lyrics/song/4009,718,915
4010,,నా మనోనేత్రము తెరచి నా కఠిన హృదయమును మార్చి,,Zion Songs Telugu,Zion,,TELUGU,2014-10-16,https://waytochurch.com/lyrics/song/4010,661,813
4011,,స్తుతించు స్తుతించు ప్రభు యేసు నే స్తుతించు,,Zion Songs Telugu,Zion,,TELUGU,2014-10-16,https://waytochurch.com/lyrics/song/4011,786,962
4012,,కీర్తింతున్ నా ప్రభుని జీవకాలమెల్ల ప్రభుయేసుని,,Zion Songs Telugu,Zion,,TELUGU,2014-10-16,https://waytochurch.com/lyrics/song/4012,753,969
4013,,అడవి చెట్ల నడుమ ఒక జల్దరు వృక్షం వలె,,Zion Songs Telugu,Zion,,TELUGU,2014-10-16,https://waytochurch.com/lyrics/song/4013,753,969
4014,,మహిమ ఘనత స్తుతి ప్రభావము నీకే కలుగును గాక,,Zion Songs Telugu,Zion,,TELUGU,2014-10-16,https://waytochurch.com/lyrics/song/4014,1044,1330
4015,,ఆ కలువరి మార్గములో యేసు సిలువను మోసెను,,Zion Songs Telugu,Good Friday Zion,,TELUGU,2014-10-16,https://waytochurch.com/lyrics/song/4015,616,754
4016,,యేసు ప్రభు పిలుచుచుండెన్ నూతన జీవం నీకిచ్చుటకు,,Zion Songs Telugu,Zion,,TELUGU,2014-10-16,https://waytochurch.com/lyrics/song/4016,444,526
4017,,శాంతి సంతోషం పాపక్షమాపణ సదా యేసులో దొరుకున్,,Zion Songs Telugu,Zion,,TELUGU,2014-10-16,https://waytochurch.com/lyrics/song/4017,515,634
4018,,యేసుని చెంతకు ఆశతో రమ్మిల దోషముల్ బాపునయా,,Zion Songs Telugu,Zion,,TELUGU,2014-10-16,https://waytochurch.com/lyrics/song/4018,633,811
4019,,యేసు నామమునే పాపికి రక్షణ సర్వజగము నందు,,Zion Songs Telugu,Zion,,TELUGU,2014-10-16,https://waytochurch.com/lyrics/song/4019,667,842
4020,,యేసుని వెంట నేను వెంబడించుచున్నాను,,Zion Songs Telugu,Zion,,TELUGU,2014-10-16,https://waytochurch.com/lyrics/song/4020,1007,1245
4021,,విలపింతువా నెహెమ్యావలె విలపింతువా ఎజ్రావలె,,Zion Songs Telugu,Zion,,TELUGU,2014-10-16,https://waytochurch.com/lyrics/song/4021,813,995
4022,,యేసు ప్రభువా నీవే మహిమా నిరీక్షణ,,Zion Songs Telugu,Zion,,TELUGU,2014-10-16,https://waytochurch.com/lyrics/song/4022,726,906
4023,,స్తుతియూ ప్రశంసయూ మహిమయూ నా ముక్తి దాతకే,,Zion Songs Telugu,Zion,,TELUGU,2014-10-16,https://waytochurch.com/lyrics/song/4023,637,824
4024,,ఓ అబ్రాహాం ఇస్సాకు ఇశ్రాయేలు దేవా నిత్య నివాసి నీవు,,Zion Songs Telugu,Zion,,TELUGU,2014-10-16,https://waytochurch.com/lyrics/song/4024,835,1028
4025,,నా ప్రియమైన యేసుప్రభు వేలాదిస్తోత్రములు,,Zion Songs Telugu,Zion,,TELUGU,2014-10-16,https://waytochurch.com/lyrics/song/4025,635,830
4026,,తంబుర సితారతో మా ప్రభుని ఆరాధించెదము,,Zion Songs Telugu,Zion,,TELUGU,2014-10-16,https://waytochurch.com/lyrics/song/4026,939,1201
4027,,క్రైస్తవ జీవితం సౌభాగ్య జీవితం ప్రభు పిల్లలకు ఎంతో ఆనందం,,Zion Songs Telugu,Zion,,TELUGU,2014-10-16,https://waytochurch.com/lyrics/song/4027,880,1128
4028,,రాజులకు రాజైన యేసు ప్రభు రానై యున్నాడు,,Zion Songs Telugu,Zion,,TELUGU,2014-10-16,https://waytochurch.com/lyrics/song/4028,643,826
4029,,కోత విస్తారమే గాని పనివారు కొద్దిగా ఉన్నరు,,Zion Songs Telugu,Zion,,TELUGU,2014-10-16,https://waytochurch.com/lyrics/song/4029,755,934
4030,,ఎంత సౌందర్య నగరము అద్భుత మహిమ ప్రభావముతో నిండెను,,Zion Songs Telugu,Zion,,TELUGU,2014-10-16,https://waytochurch.com/lyrics/song/4030,686,884
4031,,నీవు దేనిని వెదకుచున్నావు ఈ పాపలోకము నందు విను యేసుని స్వరమును,,Zion Songs Telugu,Zion,,TELUGU,2014-10-16,https://waytochurch.com/lyrics/song/4031,677,857
4032,,యేసు నీ స్వరూపమును నేను చూచుచు నీ పోలికగా నేను మారెదన్,,Zion Songs Telugu,Zion,,TELUGU,2014-10-16,https://waytochurch.com/lyrics/song/4032,845,1070
4033,,నా ప్రియుడా పాపవిమోచకుడా ప్రభుయేసు,,Zion Songs Telugu,Zion,,TELUGU,2014-10-16,https://waytochurch.com/lyrics/song/4033,771,956
4034,,దేవుని మహిమ మందిరం యాజకుల ఆరధనాలయం,,Zion Songs Telugu,Zion,,TELUGU,2014-10-16,https://waytochurch.com/lyrics/song/4034,774,1012
4035,,నీ మందిరము అతిశృంగారము నీ ప్రజలందరికి,,Zion Songs Telugu,Zion,,TELUGU,2014-10-16,https://waytochurch.com/lyrics/song/4035,960,1209
4036,,నీ మందిరమునందు నివసించువారు ధన్యులు ధన్యులు,,Zion Songs Telugu,Zion,,TELUGU,2014-10-16,https://waytochurch.com/lyrics/song/4036,877,1072
4037,,ఆత్మ నియమము ద్వారా సాగి పోవుదము,,Zion Songs Telugu,Zion,,TELUGU,2014-10-16,https://waytochurch.com/lyrics/song/4037,815,1046
4038,,నమ్మదగినవాడవు నెమ్మదిని చేకూర్చను,,Zion Songs Telugu,Zion,,TELUGU,2014-10-16,https://waytochurch.com/lyrics/song/4038,652,820
4039,,నీకు కలిగిన దానిని చేపట్టుము జారవిడచెదవేమో జాగ్రత్తపడు,,Zion Songs Telugu,Zion,,TELUGU,2014-10-16,https://waytochurch.com/lyrics/song/4039,602,763
4040,,నీవెన్నాళ్ళు రెండు తలంపులతో కుంటి కుంటి నడిచెద వీవు,,Zion Songs Telugu,Zion,,TELUGU,2014-10-16,https://waytochurch.com/lyrics/song/4040,843,1068
4041,,నేను తగ్గాలి యేసు నీవే హెచ్చాలి,,Zion Songs Telugu,Zion,,TELUGU,2014-10-16,https://waytochurch.com/lyrics/song/4041,1031,1358
4042,,నే స్తుతించెదను యేసు నామమును భజించెదను క్రీస్తు నామమును,,Zion Songs Telugu,Zion,,TELUGU,2014-10-16,https://waytochurch.com/lyrics/song/4042,701,896
4043,,పరలోకమే నా స్వాస్థ్యము ఎపుడు గాంతునో,,Zion Songs Telugu,Zion,,TELUGU,2014-10-16,https://waytochurch.com/lyrics/song/4043,585,739
4044,,పాడెద దేవా నీ కృపలన్ నూతన గీతములన్ స్తోత్రము చెల్లింతున్,,Zion Songs Telugu,Zion,,TELUGU,2014-10-16,https://waytochurch.com/lyrics/song/4044,859,1088
4045,,ప్రార్థించుము నీ జీవితములో నెమ్మది సుఖము లొందెదవు,,Zion Songs Telugu,Zion,,TELUGU,2014-10-16,https://waytochurch.com/lyrics/song/4045,982,1232
4046,,ప్రార్థించుము ప్రియుడా ప్రభు సన్నిధిలో,,Zion Songs Telugu,Zion,,TELUGU,2014-10-16,https://waytochurch.com/lyrics/song/4046,326,378
4047,,పేద నరుని రూపము దరించి యేసురాజు నీ చెంత నిలచే అంగీకరించు మాయనను,,Zion Songs Telugu,Zion,,TELUGU,2014-10-16,https://waytochurch.com/lyrics/song/4047,815,1020
4048,,పైనున్న ఆకాశమందునా క్రిందున్న భూలోకమందునా,,Zion Songs Telugu,Zion,,TELUGU,2014-10-16,https://waytochurch.com/lyrics/song/4048,622,790
4049,,యెహోవానైన నేను మార్పు లేని వాడను గాన,,Zion Songs Telugu,Zion,,TELUGU,2014-10-16,https://waytochurch.com/lyrics/song/4049,796,1016
4050,,యెహోవాయే మనదేవుడు మార్పులేనివాడు,,Zion Songs Telugu,Zion,,TELUGU,2014-10-16,https://waytochurch.com/lyrics/song/4050,561,696
4051,,యేసు నామం మనోహరం ఎంతో అతిమధురం,,Zion Songs Telugu,Zion,,TELUGU,2014-10-16,https://waytochurch.com/lyrics/song/4051,653,819
4052,,యేసుని రాజ్యము అది నిశ్చలమైనది,,Zion Songs Telugu,Zion,,TELUGU,2014-10-16,https://waytochurch.com/lyrics/song/4052,866,1053
4053,,యేసు నీకే జయం జయము నీవె లోక పాలకుడవు,,Zion Songs Telugu,Zion,,TELUGU,2014-10-16,https://waytochurch.com/lyrics/song/4053,808,988
4054,,యేసు ప్రభువే లోకరక్షకుడు వేరెవ్వరు లేరు పాపులైన మనల రక్షింప,,Zion Songs Telugu,Zion,,TELUGU,2014-10-16,https://waytochurch.com/lyrics/song/4054,792,964
4055,,స్తుతియింతుము యేసు ప్రభువా మా స్తుతికి పాత్రుడా,,Zion Songs Telugu,Zion,,TELUGU,2014-10-16,https://waytochurch.com/lyrics/song/4055,736,921
4056,,తన రాజ్యమునకు మహిమకు పిలచిన మన ప్రభువుకు తగినట్టు నడిచెదము,,Zion Songs Telugu,Zion,,TELUGU,2014-10-16,https://waytochurch.com/lyrics/song/4056,700,891
4057,,ప్రభువుకు తగినట్టు నడుచుకొందము రండి,,Zion Songs Telugu,Zion,,TELUGU,2014-10-16,https://waytochurch.com/lyrics/song/4057,1165,1457
4058,,నిత్యము నిలుచునది దేవుని వాక్యము,,Zion Songs Telugu,Zion,,TELUGU,2014-10-16,https://waytochurch.com/lyrics/song/4058,1182,1440
4059,,ఇదిగో మీ దేవుడని యూదా పట్టణములకు ప్రకటించుడి,,Zion Songs Telugu,Zion,,TELUGU,2014-10-16,https://waytochurch.com/lyrics/song/4059,1295,1613
4060,,సమాధానము దేవుని సమాధానము,,Zion Songs Telugu,Zion,,TELUGU,2014-10-16,https://waytochurch.com/lyrics/song/4060,837,1072
4061,,ఆనందముతో ఆరాధింతున్ ఆత్మతోను సత్యముతో,,Zion Songs Telugu,Zion,,TELUGU,2014-10-16,https://waytochurch.com/lyrics/song/4061,801,996
4062,,యెహోవా నా స్తుతికాధారుడా,,Zion Songs Telugu,Zion,,TELUGU,2014-10-16,https://waytochurch.com/lyrics/song/4062,1001,1278
4063,,నీ రెక్కల చాటున శరణొందెదన్,,Zion Songs Telugu,Zion,,TELUGU,2014-10-16,https://waytochurch.com/lyrics/song/4063,776,979
4064,,పల్లవరపు కొండలపైన ప్రభుదాసులు ప్రార్థింపగను,,Zion Songs Telugu,Zion,,TELUGU,2014-10-16,https://waytochurch.com/lyrics/song/4064,1485,1932
4065,vasthunadosthunnado oranna raraaju yesaiah,వస్తున్నాడొస్తున్నాడో ఓరన్నా రారాజు యేసయ్యా,Rev  G  Samuel,,,,Telugu,2014-10-16,https://waytochurch.com/lyrics/song/4065,610,734
4539,raajula raajaina yesu raaju bhoo janulanelun,రాజుల రాజైన యేసు రాజు భూజనులనేలున్,,Oneness,Praise Worship,,TELUGU,2023-01-27,https://waytochurch.com/lyrics/song/4539,2984,3572
5389,rojanthaa dvesham manushula kopam,రోజంతా ద్వేషం మనుషుల కోపం,,,Faith,,TELUGU,2023-01-27,https://waytochurch.com/lyrics/song/5389,796,971
5535,ae reethi sthuthiyinthuno,ఏ రీతి స్తుతియింతునో – ఏ రీతి సేవింతునో,,,,,Telugu,2014-10-16,https://waytochurch.com/lyrics/song/5535,484,604
5536,e reethi ni runam,ఏ రీతి నీ ఋణం తీర్చుకొందు నేసువా ఏ రీతి నీ ఋణం తీర్చుకొందు నేసువా,,,,,Telugu,2014-10-16,https://waytochurch.com/lyrics/song/5536,298,361
5537,nenu pilisthe paruguna vichchesthaaru,నేను పిలిస్తే పరుగున విచ్ఛేస్తారు,,,,,Telugu,2014-10-16,https://waytochurch.com/lyrics/song/5537,450,514
5539,,ఆకాశంబున్ దూతలు,,,,,Telugu,2014-10-16,https://waytochurch.com/lyrics/song/5539,219,264
5540,naakenno melulu chesithive,నాకెన్నో మేలులు చేసితివే,,,,,Telugu,2014-10-16,https://waytochurch.com/lyrics/song/5540,668,823
5541,neeve naa praanam sarvam,నీవే నా ప్రాణం సర్వం,,,,,Telugu,2014-10-16,https://waytochurch.com/lyrics/song/5541,580,706
5542,amdhaala thaara arudhemchi naakai ambhara veedhiloa,అందాల తార అరుదెంచి నాకై అంభర వీధిలో,,popular,,,TELUGU,2014-10-16,https://waytochurch.com/lyrics/song/5542,688,844
5543,adhvitheeya sathyadhaevaa vmdhanm,అద్వితీయ సత్యదేవా వందనం,,popular,,,TELUGU,2014-10-16,https://waytochurch.com/lyrics/song/5543,344,452
5544,anniti kannaa praarthanae minn,అన్నిటి కన్నా ప్రార్థనే మిన్న,,popular,,,TELUGU,2014-10-16,https://waytochurch.com/lyrics/song/5544,253,300
5545,agni mmdimchu naaloa agni mmdimchu,అగ్ని మండించు నాలో అగ్ని మండించు,,popular,,,TELUGU,2014-10-16,https://waytochurch.com/lyrics/song/5545,439,524
5546,aalaymloa pravaeshimchmdi amdharu,ఆలయంలో ప్రవేశించండి అందరు,,popular,,,TELUGU,2014-10-16,https://waytochurch.com/lyrics/song/5546,537,717
5547,aanmdha smdhrmbuna naa jeevitha naavanu,ఆనంద సంద్రంబున నా జీవిత నావను,,popular,,,TELUGU,2014-10-16,https://waytochurch.com/lyrics/song/5547,403,535
5548,aahaa aanmdhamae mahaa smthoashmae,ఆహా ఆనందమే మహా సంతోషమే,,popular,Christmas,,TELUGU,2014-10-16,https://waytochurch.com/lyrics/song/5548,329,414
5549,ibaadhath karoa,ఇబాదత్ కరో,,popular,,,TELUGU,2014-10-16,https://waytochurch.com/lyrics/song/5549,648,827
5550,idhi mattalaadhi vaarm idhi maha parvadhinamu,ఇది మట్టలాది వారం ఇది మహ పర్వదినము,,popular,,,TELUGU,2014-10-16,https://waytochurch.com/lyrics/song/5550,470,583
5551,unnaavu dhaevaa yugayugamulu unnavaada neevae tharatharamulu,ఉన్నావు దేవా యుగయుగములు ఉన్నవాడ నీవే తరతరములు,,popular,,,TELUGU,2014-10-16,https://waytochurch.com/lyrics/song/5551,603,787
5552,unna paatuna vachchuchunnaanu nee paadha sannidhiloa koa rakshkaa yonn,ఉన్న పాటున వచ్చుచున్నాను నీ పాద సన్నిధిలో కో రక్షకా యొన్న,,popular,,,TELUGU,2014-10-16,https://waytochurch.com/lyrics/song/5552,851,1078
5553,oohalakmdhani loakmloa,ఊహలకందని లోకంలో,,popular,,,TELUGU,2014-10-16,https://waytochurch.com/lyrics/song/5553,335,433
5554,evarainaa unnaaraa echatainaa unnaaraa,ఎవరైనా ఉన్నారా ఎచటైనా ఉన్నారా,,popular,,,TELUGU,2014-10-16,https://waytochurch.com/lyrics/song/5554,508,656
5555,emtha dheenaathi dheenamoa oa yaesayyaa,ఎంత దీనాతి దీనమో ఓ యేసయ్యా,,popular,,,TELUGU,2014-10-16,https://waytochurch.com/lyrics/song/5555,427,559
5556,evaroo laeka omtarinai,ఎవరూ లేక ఒంటరినై,,popular,,,TELUGU,2014-10-16,https://waytochurch.com/lyrics/song/5556,495,629
5557,aemi thechchi ninu dharshimthunayaa,ఏమి తెచ్చి నిను దర్శింతునయా,,popular,,,TELUGU,2014-10-16,https://waytochurch.com/lyrics/song/5557,410,556
5558,ae samayammdhainaa ae sthalammdhainaa,ఏ సమయమందైనా ఏ స్థలమందైనా,,popular,,,TELUGU,2014-10-16,https://waytochurch.com/lyrics/song/5558,597,794
5559,okani thalli aadharimchunatlu,ఒకని తల్లి ఆదరించునట్లు,,popular,,,TELUGU,2014-10-16,https://waytochurch.com/lyrics/song/5559,343,441
5560,oka kshnamaina ninu veedinaa,ఒక క్షణమైన నిను వీడినా,,popular,,,TELUGU,2014-10-16,https://waytochurch.com/lyrics/song/5560,321,413
5561,kannulaneththi pairula choodu koayaga laerevvaru,కన్నులనెత్తి పైరుల చూడు కోయగ లేరెవ్వరు,,popular,,,TELUGU,2014-10-16,https://waytochurch.com/lyrics/song/5561,575,736
5562,kanuchoopumaeraloana ae aashalaeni vael,కనుచూపుమేరలోన ఏ ఆశలేని వేళ,,popular,,,TELUGU,2014-10-16,https://waytochurch.com/lyrics/song/5562,641,860
5563,kanneeti baadhanu viduchuchunna nee sannidhiloa,కన్నీటి బాధను విడుచుచున్న నీ సన్నిధిలో,,popular,,,TELUGU,2014-10-16,https://waytochurch.com/lyrics/song/5563,501,624
5564,kreesthuthoa naa jeevithm adhi emthoa adhbhuthm,క్రీస్తుతో నా జీవితం అది ఎంతో అద్భుతం,,popular,,,TELUGU,2014-10-16,https://waytochurch.com/lyrics/song/5564,508,652
5565,kallumdi choodalaeni emdharoa unnaaru,కల్లుండి చూడలేని ఎందరో ఉన్నారు,,popular,,,TELUGU,2014-10-16,https://waytochurch.com/lyrics/song/5565,407,501
5566,kuthoohalm aarbhaatamae naa yaesuni sannidhiloa,కుతూహలం ఆర్భాటమే – నా యేసుని సన్నిధిలో,,popular,,,TELUGU,2014-10-16,https://waytochurch.com/lyrics/song/5566,419,543
5567,kummari oa kummari jagathuthpaththidhaari,కుమ్మరి ఓ కుమ్మరి జగతుత్పత్తిదారి,,popular,,,TELUGU,2014-10-16,https://waytochurch.com/lyrics/song/5567,761,916
5568,krupalanu thalmchuchoo,కృపలను తలంచుచూ,,popular,,,TELUGU,2014-10-16,https://waytochurch.com/lyrics/song/5568,485,615
5569,kroththapaata paadanu raarae kroththa roopu nomdhanu raarae,క్రొత్తపాట పాడను రారే క్రొత్త రూపు నొందను రారే,,popular,,,TELUGU,2014-10-16,https://waytochurch.com/lyrics/song/5569,484,600
5570,komda koana loayaloathulloa oa oa,కొండ కోన లోయలోతుల్లో… ఓ ఓ,,popular,,,TELUGU,2014-10-16,https://waytochurch.com/lyrics/song/5570,542,688
5571,gadachina kaalamu krupaloa mammu,గడచిన కాలము కృపలో మమ్ము,,popular,New Year,,TELUGU,2014-10-16,https://waytochurch.com/lyrics/song/5571,501,675
5572,,,,popular,,,TELUGU,,https://waytochurch.com/lyrics/song/5572,349,439
5573,gorrepilla vivaahoathsav,గొర్రెపిల్ల వివాహోత్సవ,Dr  A R  Stevenson,"Parinaya Swaraalu, singer: Jikki",Marriage,,TELUGU,2014-10-16,https://waytochurch.com/lyrics/song/5573,418,482
5574,chaalunayya nee krupa naa jeevithaaniki,చాలునయ్య నీ కృప నా జీవితానికి,,popular,,,TELUGU,2014-10-16,https://waytochurch.com/lyrics/song/5574,364,462
5575,jeevimchuchunnaavanna paeru unnadhi,జీవించుచున్నావన్న పేరు ఉన్నది,,popular,,,TELUGU,2014-10-16,https://waytochurch.com/lyrics/song/5575,689,853
5576,thmbura sithaara naadhamuthoa kreesthuni vaedagaraa,తంబుర సితార నాధముతో క్రీస్తుని వేడగరా,,popular,,,TELUGU,2014-10-16,https://waytochurch.com/lyrics/song/5576,343,443
5577,thappipoayina kumaarudanayyaa,తప్పిపోయిన కుమారుడనయ్యా,,popular,,,TELUGU,2014-10-16,https://waytochurch.com/lyrics/song/5577,459,579
5578,thmdri naa yaesayyaa neekae aaraadhanaa,తండ్రి నా యేసయ్యా – నీకే ఆరాధనా (4),,popular,,,TELUGU,2014-10-16,https://waytochurch.com/lyrics/song/5578,241,324
5579,thalli thmdri evaru marachinaa,తల్లి తండ్రి ఎవరు మరచినా,,popular,,,TELUGU,2014-10-16,https://waytochurch.com/lyrics/song/5579,317,423
5580,thellaga thelavaarakamumdhae,తెల్లగ తెలవారకముందే,,popular,Easter,,TELUGU,2014-10-16,https://waytochurch.com/lyrics/song/5580,333,446
5581,thraahi maam kreesthu naadhadhayaojooda raavae naenudhaehi yanuchu nee,త్రాహి మాం క్రీస్తు నాధదయఁజూడ రావే నేనుదేహి యనుచు నీ,,popular,,,TELUGU,2014-10-16,https://waytochurch.com/lyrics/song/5581,638,806
5582,theliyadhaa neeku theliyadhaa,తెలియదా నీకు తెలియదా,,popular,,,TELUGU,2014-10-16,https://waytochurch.com/lyrics/song/5582,448,594
5583,dhivyaathma dhigirammu,దివ్యాత్మ దిగిరమ్ము,,popular,,,TELUGU,2014-10-16,https://waytochurch.com/lyrics/song/5583,575,729
5584,dhaevaa naadhaevudavu neevae,దేవా నాదేవుడవు నీవే,,popular,,,TELUGU,2014-10-16,https://waytochurch.com/lyrics/song/5584,275,364
5585,dhaevudae naa kaashraymbu dhivyamaina dhurgamu ma haa vinoadhu,దేవుడే నా కాశ్రయంబు దివ్యమైన దుర్గము మ హా వినోదు,,popular,,,TELUGU,2014-10-16,https://waytochurch.com/lyrics/song/5585,598,777
5586,dhaeva dhaevuni sannidhi memdugaa mee kaankeelaa,దేవ దేవుని సన్నిధి మెండుగా మీ కాన్కీలా,,popular,,,TELUGU,2014-10-16,https://waytochurch.com/lyrics/song/5586,338,438
5587,dhaehm paathadhi manasu malinamainadhi,దేహం పాతది మనసు మలినమైనది,,popular,,,TELUGU,2014-10-16,https://waytochurch.com/lyrics/song/5587,501,629
5588,nadipisthaadu naadhaevudu,నడిపిస్తాడు నాదేవుడు,,popular,,,TELUGU,2014-10-16,https://waytochurch.com/lyrics/song/5588,470,594
5589,nadipimchu chunnaadu najaraeyudu,నడిపించు చున్నాడు నజరేయుడు,,popular,,,TELUGU,2014-10-16,https://waytochurch.com/lyrics/song/5589,500,640
5590,naa praarthanalanni aalakimchinaavu,నా ప్రార్థనలన్ని ఆలకించినావు,,popular,,,TELUGU,2014-10-16,https://waytochurch.com/lyrics/song/5590,483,624
5591,naa praanapriyudaa yaesuraajaa,నా ప్రాణప్రియుడా యేసురాజా,,popular,,,TELUGU,2014-10-16,https://waytochurch.com/lyrics/song/5591,418,550
5592,naa geethaaraadhanaloayaesayyaa nee krupa aadhaaramae,నా గీతారాధనలోయేసయ్యా నీ కృప ఆధారమే,,popular,,,TELUGU,2014-10-16,https://waytochurch.com/lyrics/song/5592,521,649
5593,naaloani aashaajyoathineevae naa prabhuvaa,నాలోని ఆశాజ్యోతినీవే నా ప్రభువా,,popular,,,TELUGU,2014-10-16,https://waytochurch.com/lyrics/song/5593,292,387
5594,naathoa maatlaadumayyaa nannoo dharshimchumayyaa,నాతో మాట్లాడుమయ్యా నన్నూ దర్శించుమయ్యా,,popular,,,TELUGU,2014-10-16,https://waytochurch.com/lyrics/song/5594,723,924
5595,naa paerae theliyani prajalu emdharu unnaaru,నా పేరే తెలియని ప్రజలు ఎందరు ఉన్నారు,,popular,,,TELUGU,2014-10-16,https://waytochurch.com/lyrics/song/5595,469,579
5596,nuvvae kaavaalayyaa nee praema chaalayy,నువ్వే కావాలయ్యా నీ ప్రేమ చాలయ్య,,popular,,,TELUGU,2014-10-16,https://waytochurch.com/lyrics/song/5596,524,655
5597,ninnae ninnae koluthunayaa,నిన్నే నిన్నే కొలుతునయా,,popular,,,TELUGU,2014-10-16,https://waytochurch.com/lyrics/song/5597,492,625
5598,nee chaethi kaaryamulu sathyamainavi,నీ చేతి కార్యములు సత్యమైనవి,,popular,,,TELUGU,2014-10-16,https://waytochurch.com/lyrics/song/5598,665,841
5599,nee praemae naaku chaalayyaa oa yaesayyaa,నీ ప్రేమే నాకు చాలయ్యా ఓ యేసయ్యా,,popular,,,TELUGU,2014-10-16,https://waytochurch.com/lyrics/song/5599,337,415
5600,nee rakthamae nee rakthamae nan shudhdheekarimchun,నీ రక్తమే నీ రక్తమే నన్ శుద్దీకరించున్,,popular,,,TELUGU,2014-10-16,https://waytochurch.com/lyrics/song/5600,699,871
5601,nee vaakyamae nannu brathikimchenu baadhalaloa nemmadhi nichchenu,నీ వాక్యమే నన్ను బ్రతికించెను బాధలలో నెమ్మది నిచ్చెను,,popular,,,TELUGU,2014-10-16,https://waytochurch.com/lyrics/song/5601,526,664
5602,neevu praarthana chaeyunappudu,నీవు ప్రార్థన చేయునప్పుడు,,popular,,,TELUGU,2014-10-16,https://waytochurch.com/lyrics/song/5602,627,778
5605,padhae padhae naenu paadukoanaa prathichoata nee maata naa paatagaa,పదే పదే నేను పాడుకోనా ప్రతిచోట నీ మాట నా పాటగా,,popular,,,TELUGU,2014-10-16,https://waytochurch.com/lyrics/song/5605,520,688
5606,paramuna prabhuvaa varamula naduga,పరమున ప్రభువా వరముల నడుగ,,popular,,,TELUGU,2014-10-16,https://waytochurch.com/lyrics/song/5606,276,375
5607,paramaathma proakshnm paripoorna poashnm,పరమాత్మ ప్రోక్షణం పరిపూర్ణ పోషణం,,popular,,,TELUGU,2014-10-16,https://waytochurch.com/lyrics/song/5607,724,947
5608,praemasaagaraa ee dharamarana edaariloana,ప్రేమసాగరా ఈ ధరమరణ ఎడారిలోన,,popular,,,TELUGU,2014-10-16,https://waytochurch.com/lyrics/song/5608,584,721
5609,paadedha naenokanoothana geethmpaadedha manasaaraa,పాడెద నేనొకనూతన గీతంపాడెద మనసారా,,popular,,,TELUGU,2014-10-16,https://waytochurch.com/lyrics/song/5609,258,367
5610,praardhanaloanae gaduputayae naakemthoa bhaagyamu,ప్రార్ధనలోనే గడుపుటయే నాకెంతో భాగ్యము,,popular,,,TELUGU,2014-10-16,https://waytochurch.com/lyrics/song/5610,518,657
5611,poadhaamu poadhaamu payana mavudhaamu,పోదాము పోదాము పయన మవుదాము,,popular,,,TELUGU,2014-10-16,https://waytochurch.com/lyrics/song/5611,315,415
5612,balamaina dhaevudavu balavmthudavu neevu,బలమైన దేవుడవు బలవంతుడవు నీవు,,popular,,,TELUGU,2014-10-16,https://waytochurch.com/lyrics/song/5612,699,867
5613,bhaasillenu siluvaloa paapakshmaa,భాసిల్లెను సిలువలో పాపక్షమా,,popular,Good Friday,,TELUGU,2014-10-16,https://waytochurch.com/lyrics/song/5613,423,521
5614,maanasaveenanu shruthichaesi,మానసవీణను శృతిచేసి,,popular,,,TELUGU,2014-10-16,https://waytochurch.com/lyrics/song/5614,419,575
5615,maa imti paeru pashuvula paak,మా ఇంటి పేరు పశువుల పాక,,popular,,,TELUGU,2014-10-16,https://waytochurch.com/lyrics/song/5615,391,481
5616,musalamma muchchatlu katti petti parishudhdha grmdhaanni chaethapatti,ముసలమ్మ ముచ్చట్లు కట్టి పెట్టి పరిశుద్ధ గ్రంధాన్ని చేతపట్టి,,popular,,,TELUGU,2014-10-16,https://waytochurch.com/lyrics/song/5616,710,860
5617,yaesayya manaku sahaaym,యేసయ్య మనకు సహాయం,,popular,,,TELUGU,2014-10-16,https://waytochurch.com/lyrics/song/5617,336,444
5618,,యేసూ నీవే కావాలయ్యా నాతో కూడా రావాలయ్యా,,popular,,,TELUGU,2014-10-16,https://waytochurch.com/lyrics/song/5618,496,632
5619,yaesu chaavomdhae siluvapai neekorakae naakorakae,యేసు చావొందే సిలువపై నీకొరకే నాకొరకే,,popular,Good Friday,,TELUGU,2014-10-16,https://waytochurch.com/lyrics/song/5619,397,501
5620,yaesu raajugaa vachchuchunnaadu,యేసు రాజుగా వచ్చుచున్నాడు,,popular,,,TELUGU,2014-10-16,https://waytochurch.com/lyrics/song/5620,696,884
5621,yoodhaa sthuthigoathrapu simhamaa,యూదా స్తుతిగోత్రపు సింహమా,,popular,,,TELUGU,2014-10-16,https://waytochurch.com/lyrics/song/5621,517,704
5622,raakada samaymloa kadaboora shabdhmthoa,రాకడ సమయంలో కడబూర శబ్ధంతో,,popular,,,TELUGU,2014-10-16,https://waytochurch.com/lyrics/song/5622,680,896
5623,rmdi uthsaahimchi paadudhamu,రండి ఉత్సాహించి పాడుదము,,popular,,,TELUGU,2014-10-16,https://waytochurch.com/lyrics/song/5623,563,710
5624,raajaathi raaja ravikoati thaejaa,రాజాతి రాజ రవికోటి తేజా,,popular,,,TELUGU,2014-10-16,https://waytochurch.com/lyrics/song/5624,404,524
5625,raathri naedu rakshkudu,రాత్రి నేడు రక్షకుడు,,popular,,,TELUGU,2014-10-16,https://waytochurch.com/lyrics/song/5625,606,758
5626,lekkimchalaeni sthoathramul,లెక్కించలేని స్తోత్రముల్,,popular,,,TELUGU,2014-10-16,https://waytochurch.com/lyrics/song/5626,465,551
5627,lekka pettalaenayyaa neevu naaku chaesina,లెక్క పెట్టలేనయ్యా నీవు నాకు చేసిన,,popular,,,TELUGU,2014-10-16,https://waytochurch.com/lyrics/song/5627,399,498
5628,vmdhanmbonarthumoa prabhoa prabhoa,వందనంబొనర్తుమో ప్రభో ప్రభో,,popular,,,TELUGU,2014-10-16,https://waytochurch.com/lyrics/song/5628,600,749
5629,vimthaina thaaraka velisimdhi gaganaan,వింతైన తారక వెలిసింది గగనాన,,popular,Christmas,,TELUGU,2014-10-16,https://waytochurch.com/lyrics/song/5629,581,745
5630,vijaya geethamul paadarae kreesthuku jaya vijaya geethamul,విజయ గీతముల్ పాడరే క్రీస్తుకు జయ విజయ గీతముల్,,popular,Easter,,TELUGU,2014-10-16,https://waytochurch.com/lyrics/song/5630,772,979
5631,Aha aanandame maha aanandame yesu putte ilalo,ఆహా ఆనందమే మహా సంతోషమే యేసు పుట్టె ఇలలో,Mary Vijay Nanneti,,Christmas,,Telugu,2020-12-17,https://waytochurch.com/lyrics/song/5631,271,317
5632,vaelpulaloa bahughanudaa yaesayyaa,వేల్పులలో బహుఘనుడా యేసయ్యా,,popular,,,TELUGU,2014-10-16,https://waytochurch.com/lyrics/song/5632,737,933
5633,shruthichaesi nae paadanaa sthoathra geethm bhajiyimchi nae paadanaa svaamee,శృతిచేసి నే పాడనా స్తోత్ర గీతం భజియించి నే పాడనా స్వామీ,,popular,,,TELUGU,2014-10-16,https://waytochurch.com/lyrics/song/5633,437,578
5634,shaashvathamainadhi neevu naayeda choopina krup,శాశ్వతమైనది నీవు నాయెడ చూపిన కృప,,popular,,,TELUGU,2014-10-16,https://waytochurch.com/lyrics/song/5634,325,438
5635,shree yaesae kadha nanu gaachinadhi,శ్రీ యేసే కద నను గాచినది,,popular,,,TELUGU,2014-10-16,https://waytochurch.com/lyrics/song/5635,444,577
5636,sajeevudaesuni rakthmloa kadugabadina janamaa,సజీవుడేసుని రక్తంలో కడుగబడిన జనమా,,popular,Easter,,TELUGU,2014-10-16,https://waytochurch.com/lyrics/song/5636,365,490
5637,sarvaamga sumdharaa sadhgunashaekharaa,సర్వాంగ సుందరా సద్గుణశేఖరా,,popular,,,TELUGU,2014-10-16,https://waytochurch.com/lyrics/song/5637,419,547
5638,sarvakrupaanidhiyagu prabhuvaa,సర్వకృపానిదియగు ప్రభువా,,popular,,,TELUGU,2014-10-16,https://waytochurch.com/lyrics/song/5638,491,633
5639,smdhaehamaela smshayamadhaela,సందేహమేల సంశయమదేల,,popular,,,TELUGU,2014-10-16,https://waytochurch.com/lyrics/song/5639,625,822
5640,sthuthi chaesi naepaadanaasthoathrageethm,స్తుతి చేసి నేపాడనాస్తోత్రగీతం,,popular,,,TELUGU,2014-10-16,https://waytochurch.com/lyrics/song/5640,494,648
5641,sthuthi gaanamulathoa naenu naa dhaevunee sthuthimchedhanoo,స్తుతి గానములతో నేను నా దేవునీ స్తుతించెదనూ,,Venna Jesse,Praise Worship,,TELUGU,2014-10-16,https://waytochurch.com/lyrics/song/5641,371,498
5642,srushtikarthavaina yehoavaa,సృష్టికర్తవైన యెహోవా,,popular,,,TELUGU,2014-10-16,https://waytochurch.com/lyrics/song/5642,642,817
5643,siluvapai vraelaadu shreeyaesudu,సిలువపై వ్రేలాడు శ్రీయేసుడు,,popular,Good Friday,,TELUGU,2014-10-16,https://waytochurch.com/lyrics/song/5643,359,473
5644,siluva chemthakuraa siluva chemthakuraa,సిలువ చెంతకురా సిలువ చెంతకురా,,popular,Good Friday,,TELUGU,2014-10-16,https://waytochurch.com/lyrics/song/5644,545,701
5645,sthoathramu saeyarae soadharulaaraa manaathmalathoa thmdrin,స్తోత్రము సేయరే సోదరులారా మనాత్మలతో తండ్రిన్,,popular,,,TELUGU,2014-10-16,https://waytochurch.com/lyrics/song/5645,714,897
5646,shaaronu polamuloa poochina pushpamaa,షారొను పొలములో పూచిన పుష్పమా,,popular,,,TELUGU,2014-10-16,https://waytochurch.com/lyrics/song/5646,280,375
5647,halleluyaa paadedhaa prabhu ninnu koniyaadedhan,హల్లెలుయా పాడెదా ప్రభు నిన్ను కొనియాడెదన్,,popular,,,TELUGU,2014-10-16,https://waytochurch.com/lyrics/song/5647,523,614
5648,hallelooyaahallelooyaa,హల్లెలూయాహల్లెలూయా,,popular,,,TELUGU,2014-10-16,https://waytochurch.com/lyrics/song/5648,406,522
5649,hallelooya ani paadisthuthimpanu,హల్లెలూయ అని పాడిస్తుతింపను,,popular,Gospel,,TELUGU,2014-10-16,https://waytochurch.com/lyrics/song/5649,493,633
5650,amdhamae roopu dhaalche dhaiva vaakkunakae,అందమే రూపు దాల్చె దైవ వాక్కునకే,,popular,,,TELUGU,2014-10-16,https://waytochurch.com/lyrics/song/5650,270,361
5651,anni naamamula kanna ghanamaina naamamu needhi yaesu naathaa,అన్ని నామముల కన్న ఘనమైన నామము నీది యేసు నాథా,,popular,,,TELUGU,2014-10-16,https://waytochurch.com/lyrics/song/5651,419,546
5652,adavi vrukshmulaloa jaldharu vrukshmu metlunnadhoa,అడవి వృక్షములలో జల్ధరు వృక్షము మెట్లున్నదో,,popular,,,TELUGU,2014-10-16,https://waytochurch.com/lyrics/song/5652,540,685
5653,aaraadhimchedhanu ninnu naa yaesayyaa aathmathoa sathyamuthoa,ఆరాదించెదను నిన్ను నా యేసయ్యా ఆత్మతో సత్యముతో,,popular,,,TELUGU,2014-10-16,https://waytochurch.com/lyrics/song/5653,591,754
5654,aashapadaku ee loakm koasm chellemmaa,ఆశపడకు ఈ లోకం కోసం చెల్లెమ్మా,,popular,,,TELUGU,2014-10-16,https://waytochurch.com/lyrics/song/5654,858,1103
5655,ilapai prabhu yaesu immaanuyaelai janmimche,ఇలపై ప్రభు యేసు ఇమ్మానుయేలై జన్మించె,,popular,Christmas,,TELUGU,2014-10-16,https://waytochurch.com/lyrics/song/5655,433,551
5656,innaellu ilaloa unnaamu manamu challani dhaevuni needaloa,ఇన్నేళ్ళు ఇలలో ఉన్నాము మనము చల్లని దేవుని నీడలో,,popular,,,TELUGU,2014-10-16,https://waytochurch.com/lyrics/song/5656,454,569
5657,ee dhinm sadhaa naa yaesukae somthm,ఈ దినం సధా నా యేసుకే సొంతం,,popular,,,TELUGU,2014-10-16,https://waytochurch.com/lyrics/song/5657,411,527
5658,oohalakmdhanidhi nee thyaagm varnimpajaalanidhi,ఊహలకందనిది నీ త్యాగం వర్ణింపజాలనిది,,popular,,,TELUGU,2014-10-16,https://waytochurch.com/lyrics/song/5658,455,587
5659,uthsaaha gaanamu chaesedhamu,ఉత్సాహ గానము చేసెదము,,popular,,,TELUGU,2014-10-16,https://waytochurch.com/lyrics/song/5659,375,491
5660,oohimchalaenayyaa vivarimchalaenayyaa,ఊహించలేనయ్యా వివరించలేనయ్యా,,popular,,,TELUGU,2014-10-16,https://waytochurch.com/lyrics/song/5660,430,577
5661,ae paatidhoa naa jeevithm elaamtidhoa aa naa gathm,ఏ పాటిదో నా జీవితం ఎలాంటిదో ఆ నా గతం,,popular,,,TELUGU,2014-10-16,https://waytochurch.com/lyrics/song/5661,633,811
5662,emthammchivaadavu emtha goppa dhaevudavu,ఎంతమంచివాడవు ఎంత గొప్ప దేవుడవు,,popular,,,TELUGU,2014-10-16,https://waytochurch.com/lyrics/song/5662,660,846
5663,ae baadha laedhu ae kashtm laedhu yaesu thoadumdagaa,ఏ బాధ లేదు ఏ కష్టం లేదు యేసు తోడుండగా,,popular,,,TELUGU,2014-10-16,https://waytochurch.com/lyrics/song/5663,521,682
5664,edabaayani needhu krupa vidanaadani nee praema,ఎడబాయని నీదు కృప – విడనాడని నీ ప్రేమ,,popular,,,TELUGU,2014-10-16,https://waytochurch.com/lyrics/song/5664,490,622
5665,ae paapamerugani yoa paavana moorthi paapa vimoachakumd,ఏ పాపమెరుగని యో పావన మూర్తి పాప విమోచకుండ,,popular,,,TELUGU,2014-10-16,https://waytochurch.com/lyrics/song/5665,860,1070
5666,elaa umdaganu nee praema laekumdaa,ఎలా ఉండగను నీ ప్రేమ లేకుండా,,popular,,,TELUGU,2014-10-16,https://waytochurch.com/lyrics/song/5666,548,695
5667,evarunnaarani epudumtaarani,ఎవరున్నారని ఎపుడుంటారని,,popular,,,TELUGU,2014-10-16,https://waytochurch.com/lyrics/song/5667,417,532
5668,oa kreesthu smghamaa parishudhdha smghamaa,ఓ క్రీస్తు సంఘమా పరిశుద్ధ సంఘమా,,popular,,,TELUGU,2014-10-16,https://waytochurch.com/lyrics/song/5668,640,831
5669,oa yuvathee yuvakaa oa yavvanumdaa,ఓ యువతీ యువకా ఓ యవ్వనుండా,,popular,Good FridayGospel,,TELUGU,2014-10-16,https://waytochurch.com/lyrics/song/5669,742,930
5670,oa maanavaa nee paapm maanavaa,ఓ మానవా నీ పాపం మానవా `,,popular,,,TELUGU,2014-10-16,https://waytochurch.com/lyrics/song/5670,606,785
5671,krupaa kshaemamu nee shaashvatha jeevamu,కృపా క్షేమము నీ శాశ్వత జీవము,,popular,New Year,,TELUGU,2014-10-16,https://waytochurch.com/lyrics/song/5671,886,1201
5672,kanneellathoa pagilina gumdethoa alasina naesthamaa,కన్నీళ్లతో పగిలిన గుండెతో అలసిన నేస్తమా,,popular,,,TELUGU,2014-10-16,https://waytochurch.com/lyrics/song/5672,541,670
5673,kani vini erugani karunaku neevae aakaarm thmdri,కని విని ఎరుగని కరుణకు నీవే ఆకారం తండ్రి,,popular,,,TELUGU,2014-10-16,https://waytochurch.com/lyrics/song/5673,400,519
5674,krupa vembadi krupathoa nanu praemimchina naa yaesayyaa,కృప వెంబడి కృపతో నను ప్రేమించిన నా యేసయ్యా,,popular,,,TELUGU,2014-10-16,https://waytochurch.com/lyrics/song/5674,361,452
5675,kammani bahukammani challani athi challani,కమ్మని బహుకమ్మని – చల్లని అతి చల్లని,,popular,,,TELUGU,2014-10-16,https://waytochurch.com/lyrics/song/5675,487,608
5676,kavulakainaa saadhyamaa nee krupanu varnimchadm,కవులకైనా సాధ్యమా నీ కృపను వర్ణించడం,,popular,,,TELUGU,2014-10-16,https://waytochurch.com/lyrics/song/5676,574,751
5677,choochuchunna dhaevudavu neevae yaesayyaa,చూచుచున్న దేవుడవు నీవే యేసయ్యా,,popular,,,TELUGU,2014-10-16,https://waytochurch.com/lyrics/song/5677,351,475
5678,chaatimchudi manushyajaathi kaesunaamamu,చాటించుడి మనుష్యజాతి కేసునామము,,popular,,,TELUGU,2014-10-16,https://waytochurch.com/lyrics/song/5678,423,556
5679,jayamunichchu dhaevuniki koatla koatla sthoathrm,జయమునిచ్చు దేవునికి – కోట్ల కోట్ల స్తోత్రం,,popular,,,TELUGU,2014-10-16,https://waytochurch.com/lyrics/song/5679,367,457
5680,jayajemdaalu pattukonuchu vijayoathsaaha geethaalathoa,జయజెండాలు పట్టుకొనుచు విజయోత్సాహ గీతాలతో,,popular,,,TELUGU,2014-10-16,https://waytochurch.com/lyrics/song/5680,616,773
5681,thmbura sithaarathoa maa prabhuni aaraadhimchenuthana nivaasamuga,తంబుర సితారతో మా ప్రభుని ఆరాదించెనుతన నివాసముగ,,popular,,,TELUGU,2014-10-16,https://waytochurch.com/lyrics/song/5681,567,719
5682,dhigulu padaku saevakaa dhigulu padakumayaa,దిగులు పడకు సేవకా దిగులు పడకుమయా,,popular,,,TELUGU,2014-10-16,https://waytochurch.com/lyrics/song/5682,701,928
5683,dhootha ganamulella aaraadhimchirigaa parishudhdhudu sainyamula yehoavani,దూత గణములెల్ల ఆరాధించిరిగా పరిశుధ్ధుడు సైన్యముల యెహోవని,,popular,,,TELUGU,2014-10-16,https://waytochurch.com/lyrics/song/5683,526,688
5684,dhaevuni praemaidhigoa janulaaraa bhaavmbunmdheliyarae,దేవుని ప్రేమఇదిగో జనులారా భావంబునందెలియరే,,popular,,,TELUGU,2014-10-16,https://waytochurch.com/lyrics/song/5684,1604,1993
5685,dhaaveedhu vale naatyamaadi thmdrini sthuthimchedhamu,దావీదు వలె నాట్యమాడి తండ్రిని స్తుతించెదము,,popular,,,TELUGU,2014-10-16,https://waytochurch.com/lyrics/song/5685,521,614
5686,dhurdhinamulu raakamumdhae sarvm koalpoakamumdhae,దుర్దినములు రాకముందే సర్వం కోల్పోకముందే,,popular,,,TELUGU,2014-10-16,https://waytochurch.com/lyrics/song/5686,537,669
5687,naa hrudhayamuloa nee maatalae naa kanulaku kaamthiraekhalu,నా హృదయములో నీ మాటలే నా కనులకు కాంతిరేఖలు ||,,popular,,,TELUGU,2014-10-16,https://waytochurch.com/lyrics/song/5687,619,804
5688,ninnae ninnae nammakunnaanayyaa,నిన్నే నిన్నే నమ్మకున్నానయ్యా,,popular,,,TELUGU,2014-10-16,https://waytochurch.com/lyrics/song/5688,338,412
5689,nee krupanu goorchi nae paadedhaa nee praemanu goorchi prakatimchedhaa,నీ కృపను గూర్చి నే పాడెదా నీ ప్రేమను గూర్చి ప్రకటించెదా,,popular,,,TELUGU,2014-10-16,https://waytochurch.com/lyrics/song/5689,574,735
5690,nee balamunu batti athishayimchedha naa yaesayyaa,నీ బలమును బట్టి అతిశయించెద నా యేసయ్యా,,popular,,,TELUGU,2014-10-16,https://waytochurch.com/lyrics/song/5690,502,640
5691,neevae nannu koarukunnaavu neevae nannu chaerukunnaavu,నీవే నన్ను కోరుకున్నావు నీవే నన్ను చేరుకున్నావు,,popular,,,TELUGU,2014-10-16,https://waytochurch.com/lyrics/song/5691,424,526
5692,nannu kaavaga vachchina najaraeya yaesayyaa,నన్ను కావగ వచ్చిన నజరేయ యేసయ్యా,,popular,,,TELUGU,2014-10-16,https://waytochurch.com/lyrics/song/5692,516,696
5693,nannu kaapaadu naa dhaevudu kunukadu kunukadu,నన్ను కాపాడు నా దేవుడు కునుకడు కునుకడు,,popular,,,TELUGU,2014-10-16,https://waytochurch.com/lyrics/song/5693,392,477
5694,neevu laeni roajmthaa roajaenaa neevu laeni brathukmthaa brathukaenaa,నీవు లేని రోజంతా రోజేనా నీవు లేని బ్రతుకంతా బ్రతుకేనా,,popular,,,TELUGU,2014-10-16,https://waytochurch.com/lyrics/song/5694,530,665
5695,ninu sthuthiyimchuta ninu keerthimchut,నిను స్తుతియించుట నిను కీర్తించుట,,popular,,,TELUGU,2014-10-16,https://waytochurch.com/lyrics/song/5695,670,839
5696,ninu sthuthimchinaa chaalu naa brathuku dhinamuloa,నిను స్తుతించినా చాలు నా బ్రతుకు దినములో,,popular,,,TELUGU,2014-10-16,https://waytochurch.com/lyrics/song/5696,533,657
5697,noothana geethamu paadedhanu naa priya yaesuni,నూతన గీతము పాడెదను నా ప్రియ యేసుని,,popular,New Year,,TELUGU,2014-10-16,https://waytochurch.com/lyrics/song/5697,455,606
5698,nee dhayaloanee krupaloa kaachithivi gathakaamu,నీ దయలో`నీ కృపలో కాచితివి గతకాము,,popular,,,TELUGU,2014-10-16,https://waytochurch.com/lyrics/song/5698,716,942
5699,naaloani aashaajyoathi neevae naa prabhuvaa,నాలోని ఆశాజ్యోతి నీవే నా ప్రభువా,,popular,,,TELUGU,2014-10-16,https://waytochurch.com/lyrics/song/5699,324,426
5700,prabhuvaa nee kaluvari thyaagamu choopenae nee paripoornathanu,ప్రభువా నీ కలువరి త్యాగము చూపెనే నీ పరిపూర్ణతను,,popular,,,TELUGU,2014-10-16,https://waytochurch.com/lyrics/song/5700,496,625
5701,prabhuvaa kaachithivae imtha kaalm kaachithivae imtha kaalm,ప్రభువా కాచితివే ఇంత కాలం కాచితివే ఇంత కాలం,,popular,,,TELUGU,2014-10-16,https://waytochurch.com/lyrics/song/5701,362,463
5702,priyamaina yaesayyaa praemakae roopamaa,ప్రియమైన యేసయ్యా ప్రేమకే రూపమా,,popular,,,TELUGU,2014-10-16,https://waytochurch.com/lyrics/song/5702,493,637
5703,praemaa anae maayaloa chikkukunna soadharee soadharaa,ప్రేమా అనే మాయలో చిక్కుకున్న సోదరీ సోదరా,,popular,,,TELUGU,2014-10-16,https://waytochurch.com/lyrics/song/5703,509,637
5704,parishudhdhudu parishudhdhudu raajula raaju yaesu,పరిశుద్ధుడు పరిశుద్ధుడు – రాజుల రాజు యేసు,,popular,,,TELUGU,2014-10-16,https://waytochurch.com/lyrics/song/5704,402,514
5706,bhoomyaakaashamulu srujimchina yaesayyaa neekae sthoathrm,భూమ్యాకాశములు సృజించిన యేసయ్యా నీకే స్తోత్రం,,popular,,,TELUGU,2014-10-16,https://waytochurch.com/lyrics/song/5706,495,626
5707,bhaedhm aemi laedhu amdharunu paapm chaesiyunnaaru,భేదం ఏమి లేదు అందరును పాపం చేసియున్నారు,,popular,,,TELUGU,2014-10-16,https://waytochurch.com/lyrics/song/5707,669,853
5708,bhoodhigmtha nivaasulaaraa naedae rakshna pomdhmdi,భూదిగంత నివాసులారా నేడే రక్షణ పొందండి,,popular,,,TELUGU,2014-10-16,https://waytochurch.com/lyrics/song/5708,516,659
5709,bhajiyimthumu raarae yaesuni sthoathra geethamuthoa,భజియింతుము రారే యేసుని స్తోత్ర గీతముతో,,popular,,,TELUGU,2014-10-16,https://waytochurch.com/lyrics/song/5709,416,514
5710,balaparachumusthiraparachumu naapraarthanala badhuliyyumu,బలపరచుముస్థిరపరచుము నాప్రార్థనల బదులియ్యుము,,popular,,,TELUGU,2014-10-16,https://waytochurch.com/lyrics/song/5710,421,547
5711,bethlehaemuloa smdhadi pashupaakaloa smdhadi,బెత్లెహేములో సందడి పశుపాకలో సందడి,,popular,Christmas,,TELUGU,2014-10-16,https://waytochurch.com/lyrics/song/5711,331,432
5712,dhaevaathidhaevudu mahoapakaarudu,దేవాతిదేవుడు మహోపకారుడు,,popular,,,TELUGU,2014-10-16,https://waytochurch.com/lyrics/song/5712,351,465
5713,mattiviraa vattiviraa manuvuraa mannavuraa,మట్టివిరా వట్టివిరా మనువురా మన్నవురా,,popular,,,TELUGU,2014-10-16,https://waytochurch.com/lyrics/song/5713,692,833
5714,maatlaadu naa prabhuvaa naathoa maataadu naa prabhuvaa,మాట్లాడు నా ప్రభువా నాతో మాటాడు నా ప్రభువా,,popular,,,TELUGU,2014-10-16,https://waytochurch.com/lyrics/song/5714,315,410
5715,mmgalamae yaesunaku manujaavathaarunakux x,మంగళమే యేసునకు మనుజావతారునకు,,popular,,,TELUGU,2014-10-16,https://waytochurch.com/lyrics/song/5715,591,750
5716,mahima neekae ghanatha neekae prabhaavm neekae prabhu,మహిమ నీకే ఘనత నీకే ప్రభావం నీకే ప్రభు,,popular,,,TELUGU,2014-10-16,https://waytochurch.com/lyrics/song/5716,398,501
5717,mithramaa naa mithramaa chiththamaa idhi nee chithramaa,మిత్రమా నా మిత్రమా ` చిత్తమా ఇది నీ చిత్రమా,,popular,,,TELUGU,2014-10-16,https://waytochurch.com/lyrics/song/5717,876,1081
5718,yaesuraaju raajularaajai thvaragaa vachchuchumdae,యేసురాజు రాజులరాజై త్వరగా వచ్చుచుండే,,popular,,,TELUGU,2014-10-16,https://waytochurch.com/lyrics/song/5718,424,540
5719,yaesuni sthuthimchuvaaru nithya jeevamu nomdhedharu,యేసుని స్తుతించువారు – నిత్య జీవము నొందెదరు,,popular,,,TELUGU,2014-10-16,https://waytochurch.com/lyrics/song/5719,478,614
5720,yammaayi dhaarulaloa krumgina vaelalaloa,యమ్మాయి దారులలో కృంగిన వేళలలో,,popular,,,TELUGU,2014-10-16,https://waytochurch.com/lyrics/song/5720,571,764
5721,,,,popular,,,TELUGU,,https://waytochurch.com/lyrics/song/5721,373,481
5722,yaesukae vmdhanm prabhu yaesukae vmdhanm,యేసుకే వందనం ప్రభు యేసుకే వందనం,,popular,,,TELUGU,2014-10-16,https://waytochurch.com/lyrics/song/5722,286,367
5723,yehoavaa gadhdhe mumdhatajanmbulaara mrokkudi,యెహోవా గద్దె ముందటజనంబులార మ్రొక్కుడి,,popular,,,TELUGU,2014-10-16,https://waytochurch.com/lyrics/song/5723,335,411
5724,yaesayyaa nee naama gaanm nae paadedha jeevithaamthm,యేసయ్యా నీ నామ గానం నే పాడెద జీవితాంతం,,popular,,,TELUGU,2014-10-16,https://waytochurch.com/lyrics/song/5724,343,447
5725,yaesayya kanikarapoornudaa manoahara praemaku nilayudaa,యేసయ్య కనికరపూర్ణుడా మనోహర ప్రేమకు నిలయుడా,,popular,,,TELUGU,2014-10-16,https://waytochurch.com/lyrics/song/5725,604,789
5726,yaesayyaa naa yaesayyaa neevaenaa mmchi kaapari,యేసయ్యా నా యేసయ్యా నీవేనా మంచి కాపరి,,popular,,,TELUGU,2014-10-16,https://waytochurch.com/lyrics/song/5726,471,623
5727,,,,popular,,,TELUGU,,https://waytochurch.com/lyrics/song/5727,411,505
5728,yaesayya naammloa shakthi unnadhayya,యేసయ్య నామంలో శక్తి ఉన్నదయ్య,,popular,,,TELUGU,2014-10-16,https://waytochurch.com/lyrics/song/5728,654,834
5729,ramyamainadhi nee mmdhiramu,రమ్యమైనది నీ మందిరము,,popular,,,TELUGU,2014-10-16,https://waytochurch.com/lyrics/song/5729,420,545
5730,raajulaku raajuvu prabhuvulaku prabhudavu,రాజులకు రాజువు ప్రభువులకు ప్రభుడవు,,popular,,,TELUGU,2014-10-16,https://waytochurch.com/lyrics/song/5730,475,587
5731,raeyipagalu nee padhasaevae jeevadhaayakamae chaeyuta maelu,రేయిపగలు నీ పదసేవే జీవదాయకమే చేయుట మేలు,,popular,,,TELUGU,2014-10-16,https://waytochurch.com/lyrics/song/5731,569,758
5732,raayabaarulm maemu raayabaarulm,రాయబారులం మేము రాయబారులం,,popular,,,TELUGU,2014-10-16,https://waytochurch.com/lyrics/song/5732,624,818
5733,shubhavaela sthoathrabali thmdree dhaevaa neekaenayyaa,శుభవేళ స్తోత్రబలి తండ్రీ దేవా నీకేనయ్యా,,popular,,,TELUGU,2014-10-16,https://waytochurch.com/lyrics/song/5733,506,651
5734,shaashvathamainadhi yaesuni praema unnathamainadhi naa yaesu pilupu,శాశ్వతమైనది యేసుని ప్రేమ ఉన్నతమైనది నా యేసు పిలుపు,,popular,,,TELUGU,2014-10-16,https://waytochurch.com/lyrics/song/5734,392,515
5736,sugunaala smpannudaa sthuthigaanaalavaarasudaa,సుగుణాల సంపన్నుడా స్తుతిగానాలవారసుడా,,popular,,,TELUGU,2014-10-16,https://waytochurch.com/lyrics/song/5736,439,563
5737,sthuthiyimthumu ninnae oa pabhuvaa,స్తుతియింతుము నిన్నే ఓ పభువా,,popular,,,TELUGU,2014-10-16,https://waytochurch.com/lyrics/song/5737,443,552
5738,,స్తుతి పాడెదనే ప్రతి దినము స్తుతి పాడుటెనా అతిశయము,,popular,,,TELUGU,2014-10-16,https://waytochurch.com/lyrics/song/5738,420,553
5739,sthoathramu sthuthi chellimthumu neekae sathya dhaevudaa,స్తోత్రము స్తుతి చెల్లింతుము నీకే సత్య దేవుడా,,popular,,,TELUGU,2014-10-16,https://waytochurch.com/lyrics/song/5739,449,595
5740,sidhdhapadudhaam sidhdhapadudhaam mana dhaevuni,సిద్దపడుదాం సిద్దపడుదాం మన దేవుని,,popular,,,TELUGU,2014-10-16,https://waytochurch.com/lyrics/song/5740,559,741
5741,,,,popular,,,TELUGU,,https://waytochurch.com/lyrics/song/5741,560,742
5742,kshnamaina neevu nanu vidachi poalaedhugaa,క్షణమైన నీవు నను విడచి పోలేదుగా,,popular,,,TELUGU,2014-10-16,https://waytochurch.com/lyrics/song/5742,475,614
5743,raaraaju vasthunnaadoa janulaaraa,రారాజు వస్తున్నాడో జనులారా,,popular,,,TELUGU,2014-10-16,https://waytochurch.com/lyrics/song/5743,819,1030
5744,jumte thaene kannaa theeyanidhi,జుంటె తేనె కన్నా తీయనిది,,popular,,,TELUGU,2014-10-16,https://waytochurch.com/lyrics/song/5744,555,705
5745,aadhaarm naaku aadhaarm naaku thoadu needaiyunna,ఆధారం నాకు ఆధారం నాకు తోడు నీడైయున్న,,popular,,,TELUGU,2014-10-16,https://waytochurch.com/lyrics/song/5745,512,677
5746,ee sthuthi neekae maa yaesudhaeva manasaara ninnae saevimthumu,ఈ స్తుతి నీకే మా యేసుదేవ మనసార నిన్నే సేవింతుము,,popular,,,TELUGU,2014-10-16,https://waytochurch.com/lyrics/song/5746,402,550
5747,,ఎన్నో ఎన్నో మేలులు చేసావయ్యా,,popular,,,TELUGU,2014-10-16,https://waytochurch.com/lyrics/song/5747,438,565
5748,mamathaanuraagaalae maalalugaa,మమతానురాగాలే మాలలుగా,Dr  A R  Stevenson,Kalyana Veduka,Marriage,,TELUGU,2014-10-16,https://waytochurch.com/lyrics/song/5748,397,499
5749,innaallu thoadugaa maathoa nadichaavu,ఇన్నాళ్ళు తోడుగా మాతో నడిచావు,,popular,,,TELUGU,2014-10-16,https://waytochurch.com/lyrics/song/5749,483,615
5750,annivaelalaa aadharimchedi aathmaroopee neekae vmdhanm,అన్నివేళలా ఆదరించెడి ఆత్మరూపీ నీకే వందనం,,popular,,,TELUGU,2014-10-16,https://waytochurch.com/lyrics/song/5750,328,424
5751,shaashvathamainadhee neethoa naakunna anubmdhamu,శాశ్వతమైనదీ నీతో నాకున్న అనుబంధము,,popular,,,TELUGU,2014-10-16,https://waytochurch.com/lyrics/song/5751,417,533
5752,nadhulai pravahimche nee dhivya vaakyamu,నదులై ప్రవహించె నీ దివ్య వాక్యము,,popular,,,TELUGU,2014-10-16,https://waytochurch.com/lyrics/song/5752,447,581
5753,maatlaadae dhaevudavu neevu maatlaadani raayoa,మాట్లాడే దేవుడవు నీవు మాట్లాడని రాయో,,popular,,,TELUGU,2014-10-16,https://waytochurch.com/lyrics/song/5753,426,539
5754,yaesayyaa naa yaesayyaa eppudayyaa nee raakad,యేసయ్యా నా యేసయ్యా ఎప్పుడయ్యా నీ రాకడ,,popular,,,TELUGU,2014-10-16,https://waytochurch.com/lyrics/song/5754,608,766
5755,evaru unnaaru naaku ee loakmloa,ఎవరు ఉన్నారు నాకు ఈ లోకంలో,,popular,,,TELUGU,2014-10-16,https://waytochurch.com/lyrics/song/5755,452,581
5756,raajaa nee bhavanamuloa raeyimbagalu vaechiyumdhunu,రాజా నీ భవనములో రేయింబగలు వేచియుందును,,popular,,,TELUGU,2014-10-16,https://waytochurch.com/lyrics/song/5756,354,488
5757,somthamaipoavaali naayaesuku milithamaipoavaali naa priyunithoa,సొంతమైపోవాలి నాయేసుకు మిళితమైపోవాలి నా ప్రియునితో,,popular,,,TELUGU,2014-10-16,https://waytochurch.com/lyrics/song/5757,417,536
5758,,శుభవేళ స్తోత్రబలి తండ్రి దేవా నీకేనయ్యా,,popular,,,TELUGU,2014-10-16,https://waytochurch.com/lyrics/song/5758,454,554
5759,ninnu vidichi nee praema marachi,నిన్ను విడిచి నీ ప్రేమ మరచి,,popular,,,TELUGU,2014-10-16,https://waytochurch.com/lyrics/song/5759,617,804
5760,puvvulaamtidhi jeevithm raalipoathumdhi,పువ్వులాంటిది జీవితం రాలిపోతుంది,,popular,,,TELUGU,2014-10-16,https://waytochurch.com/lyrics/song/5760,523,669
5761,praemimchudhaevudu rakshimchudhaevudu,ప్రేమించుదేవుడు రక్షించుదేవుడు,,popular,,,TELUGU,2014-10-16,https://waytochurch.com/lyrics/song/5761,428,491
5762,chitti potti paapanu naenu yaesayyaa,చిట్టి పొట్టి పాపను నేను యేసయ్యా,,popular,,,TELUGU,2014-10-16,https://waytochurch.com/lyrics/song/5762,171,214
5763,chinna gorrepillanu naenu yaesayyaa,చిన్న గొర్రెపిల్లను నేను యేసయ్యా,,popular,,,TELUGU,2014-10-16,https://waytochurch.com/lyrics/song/5763,297,382
5764,naa chinni hrudhayammdhu yaesu unnaadu,నా చిన్ని హృదయమందు యేసు ఉన్నాడు,,popular,,,TELUGU,2014-10-16,https://waytochurch.com/lyrics/song/5764,176,223
5765,nanu srujiyinchina,నను సృజియించిన నా తండ్రికే ఆరాధన,,,,,Telugu,2014-10-16,https://waytochurch.com/lyrics/song/5765,423,0
5766,naa aadarana neevenayya,నా ఆదరణ నీవేనయ్య నా ఆశ్రయము నీవేనయ్యా,,,,,Telugu,2014-10-16,https://waytochurch.com/lyrics/song/5766,377,0
5767,nee margamu entho priyamu,నీ మార్గము ఎంతో ప్రియము,,,,,Telugu,2014-10-16,https://waytochurch.com/lyrics/song/5767,211,0
5768,ninu namminacho,నిను నమ్మినచో సిగ్గుపడనీయవు,,,,,Telugu,2014-10-16,https://waytochurch.com/lyrics/song/5768,394,0
5769,neetho nundani brathuku,నీతొ నుండని బ్రతుకు నిను చూడని క్షణము – ఊహించలేనునాయేసయ్యా,,,,,Telugu,2014-10-16,https://waytochurch.com/lyrics/song/5769,537,0
5772,aasrayuda naa abhishaktuda,ఆశ్రయుడా నా అభిశక్తుడా,,,,,Telugu,2014-10-16,https://waytochurch.com/lyrics/song/5772,489,631
5773,maranamu nannemi cheyagaladu,మరణము నన్నేమి చేయలేదు పరిస్థితి నన్నేమి చేయగలదు,,,,,Telugu,2014-10-16,https://waytochurch.com/lyrics/song/5773,612,842
5774,,,,,,,Telugu,,https://waytochurch.com/lyrics/song/5774,703,882
5775,vinava manavi yesayya,వినవా మనవి యేసయ్య,A R stevenson,,,,Telugu,2014-10-16,https://waytochurch.com/lyrics/song/5775,406,0
5776,ananthuda adarinche yesayya,అనంతుడా ఆదరించే యేసయ్య,"krupa ministries, Guntur",Ganamina Yesaiah,,,Telugu,2014-10-16,https://waytochurch.com/lyrics/song/5776,545,0
5777,ghanamaina naa yesayya,ఘనమైన నా యేసయ్య బహు ఆశ్చర్యములు నీ ఘన కార్యములు,"krupa ministries, Guntur",ghanamaina yesayya,,,Telugu,2014-10-16,https://waytochurch.com/lyrics/song/5777,849,1181
5778,ikanaina kaani ipudaina kaani,ఇకనైన కానీ ఇప్పుడైన కానీ,,,,,Telugu,2014-10-16,https://waytochurch.com/lyrics/song/5778,381,0
5779,nee deerga santhame naa hrudayaniki,నీ దీర్ఘశాంతమే నా హృదయానికి ధైర్యము,"Krupa ministries, Guntur",Ganamina yesaiah vol-9,,,Telugu,2014-10-16,https://waytochurch.com/lyrics/song/5779,662,945
5780,nee prema madhuryam,నీ ప్రేమ మాధుర్యము నేనేమని వర్ణింతును,,,,,Telugu,2014-10-16,https://waytochurch.com/lyrics/song/5780,442,0
5781,,,Steven Edwards,Varshimpani,,,Telugu,,https://waytochurch.com/lyrics/song/5781,357,0
5782,siyonu nee devuni,సీయోను నీ దేవుని కీర్తించి కొనియాడుము,,,,,Telugu,2014-10-16,https://waytochurch.com/lyrics/song/5782,449,530
5783,sthuthulapai aaseenudaa,స్తుతులపై ఆసీనుడా,Bunny sudharshan,,,,Telugu,2014-10-16,https://waytochurch.com/lyrics/song/5783,663,810
5784,yenta manchi kapari,ఎంత మంచి కాపరి – యేసే నా ఊపిరి,,,,,Telugu,2014-10-16,https://waytochurch.com/lyrics/song/5784,370,0
5785,bharienchalenesayya e vedhana,భరియించలేనేసయ్యా ఈ వేదన,,,,,Telugu,2014-10-16,https://waytochurch.com/lyrics/song/5785,382,0
5786,veeche galullo prathiroopam neeve,వీచే గాలుల్లో ప్రతిరూపం నీవే,,,,,Telugu,2014-10-16,https://waytochurch.com/lyrics/song/5786,665,0
5787,,ఉల్లసించి పాట పాడే పావురమా మృధు మధుర సుందర నారీమణీ,,,,,Telugu,2014-10-16,https://waytochurch.com/lyrics/song/5787,608,0
5788,,పేరుకే క్రైస్తవులారా,,,,,Telugu,2014-10-16,https://waytochurch.com/lyrics/song/5788,1040,0
5789,thalavanchaku nesthama,తలవంచకు నేస్తమా తలవంచకు నేస్తమా,,,,,Telugu,2014-10-16,https://waytochurch.com/lyrics/song/5789,598,758
5790,yesayya nee namamlo shakthi vunnadhi,యేసయ్యా నీ నామంలో శక్తి ఉన్నదీ,,,,,Telugu,2014-10-16,https://waytochurch.com/lyrics/song/5790,523,0
5791,parishudhuda na yesayya needhu atmatho mamu nimpuma,పరిశుధ్ధుడా నా యేసయ్యా,,,,,Telugu,2014-10-16,https://waytochurch.com/lyrics/song/5791,638,0
5792,neethone na jeevitham prathi dhinamu anukshanamu,నీతోనే నా జీవితం,,,,,Telugu,2014-10-16,https://waytochurch.com/lyrics/song/5792,324,0
5793,yesu rakthame jayamu,యేసు రక్తమే జయము,,,,,Telugu,2014-10-16,https://waytochurch.com/lyrics/song/5793,420,0
5794,sakala sthuthulaku pathruda,సకల స్తుతులకు పాత్రుడా స్తోత్ర రూపుడా ॥॥,,,,,Telugu,2014-10-16,https://waytochurch.com/lyrics/song/5794,287,0
5795,sooda sakkanodamma yesu nadhudu,సూడ సక్కనోడమ్మా యేసు నాధుడు,,,,,Telugu,2014-10-16,https://waytochurch.com/lyrics/song/5795,351,0
5796,yesundaga neekandaga dhigulela nosodhara,యేసుండగా నీకండగా దిగులేల నోసోదరా,,,,,Telugu,2014-10-16,https://waytochurch.com/lyrics/song/5796,390,0
5797,yesayya yesayya yesayya,యేసయ్యా యేసయ్యా నా యేసయ్యా,,,,,Telugu,2014-10-16,https://waytochurch.com/lyrics/song/5797,218,0
5798,premistha ninne na yesayya,ప్రేమిస్తా నిన్నే నా యేసయ్యా,,,,,Telugu,2014-10-16,https://waytochurch.com/lyrics/song/5798,657,0
5799,arambinchedha yesu neelo prathi dhinam,ఆరంభించెద యేసు నీలో ప్రతీదినం,,,,,Telugu,2014-10-16,https://waytochurch.com/lyrics/song/5799,479,0
5800,,ఇంటి మీదనున్న ఒంటరి పిచ్చుకను నేను నా బలమా ఆలకించుమా,,,,,Telugu,2014-10-16,https://waytochurch.com/lyrics/song/5800,401,0
5801,,కోరితి నీ సన్నిదానం చేరితి నీ సన్నిదానం,,,,,Telugu,2014-10-16,https://waytochurch.com/lyrics/song/5801,282,0
5802,,కనురెప్ప పాటైన కను మూయలేదు,,,,,Telugu,2014-10-16,https://waytochurch.com/lyrics/song/5802,588,0
5803,,తీర్పు తీర్చు గడియ వచ్చుచున్నది,,,,,Telugu,2014-10-16,https://waytochurch.com/lyrics/song/5803,504,0
5804,,గలిలయ తీరాన చిన్ననావ,,,,,Telugu,2014-10-16,https://waytochurch.com/lyrics/song/5804,391,0
5805,,నీవే నా సంతోషగానము,,,,,Telugu,2014-10-16,https://waytochurch.com/lyrics/song/5805,713,0
5806,,మార్గము సత్యము జీవము నా దైవమా,,,,,Telugu,2014-10-16,https://waytochurch.com/lyrics/song/5806,499,0
5807,lechinadayya maranapu mullu,లేచినాడయ్య మరణపు ముల్లు,,,Easter,,Telugu,2014-10-16,https://waytochurch.com/lyrics/song/5807,704,0
5808,letha mokkala thandri sannidhilo,లేత మొక్కలా తండ్రి సన్నిధిలో,,,,,Telugu,2014-10-16,https://waytochurch.com/lyrics/song/5808,439,0
5809,devudu prematho devudu prematho,దేవుడు ప్రేమతో దేవుడు ప్రేమతో,,,,,Telugu,2014-10-16,https://waytochurch.com/lyrics/song/5809,685,0
5810,neellala poyabadinanu teegala sagipoyanu,నీళ్లలా పోయబడినాను తీగలా సాగిపోయాను,,,,,Telugu,2014-10-16,https://waytochurch.com/lyrics/song/5810,484,0
5811,ninu choodani kanulela naku,నిను చూడని కనులేల నాకు హల్లే హల్లే హల్లే హల్లేలూయ్యా,,,,,Telugu,2014-10-16,https://waytochurch.com/lyrics/song/5811,689,0
5812,sarveswaruda sthothrarhuda,సర్వేశ్వరా స్తోత్రార్హుడా పూజనీయుడ పరిశుద్దుడా,,,,,Telugu,2014-10-16,https://waytochurch.com/lyrics/song/5812,663,0
5813,kanneeru vidiche o sodhara,కన్నీరు విడిచే ఓ సోదరా,,,,,Telugu,2014-10-16,https://waytochurch.com/lyrics/song/5813,589,0
5814,ninne ninne ne koluthunayya,నిన్నే నిన్నే నే కొలుతునయ్యా నీవే నీవే నా రాజువయ్యా యేసయ్యా యేసయ్యా యేసయ్యా యేసయ్యా,,,,,Telugu,2014-10-16,https://waytochurch.com/lyrics/song/5814,527,0
5815,,సిలువను గూర్చిన వార్త,,,,,Telugu,2014-10-16,https://waytochurch.com/lyrics/song/5815,349,0
5816,,యేసు పుట్టెను నేడు,,christmas songs,Christmas,,Telugu,2014-10-16,https://waytochurch.com/lyrics/song/5816,652,0
5817,randee ani thelipenu,రండీ అని తెలిపేను ల లలలల్లా,,,,,Telugu,2014-10-16,https://waytochurch.com/lyrics/song/5817,580,0
5818,,నీ కృపయే చాలునయ్యా,,,,,Telugu,2014-10-16,https://waytochurch.com/lyrics/song/5818,309,0
5819,ascharyamou anugraham,ఆశ్చర్యమౌ అనుగ్రహం,,,,,Telugu,2014-10-16,https://waytochurch.com/lyrics/song/5819,545,0
5820,,చిరకాలం నీ సన్నిధిలో,,,,,Telugu,2014-10-16,https://waytochurch.com/lyrics/song/5820,497,0
5821,janminchenu sree yesudu,జన్మించెను శ్రీ యేసుడు,,,,,Telugu,2014-10-16,https://waytochurch.com/lyrics/song/5821,357,0
5822,,నేనును నా కుటుంబమును,,,,,Telugu,2014-10-16,https://waytochurch.com/lyrics/song/5822,360,0
5823,dheva nee sannidhilo sampoorna samthosham nee kudi hasthaulo,దేవా నీ సన్నిధిలో సంపూర్ణ సంతోషం నీ కుడి హస్తములో,,,,,Telugu,2014-10-16,https://waytochurch.com/lyrics/song/5823,472,0
5824,prema mayuda kaluvari nadha,ప్రేమా మయుడా కలువరి నాధా,,,,,Telugu,2014-10-16,https://waytochurch.com/lyrics/song/5824,450,0
5825,,నీకు అసాధ్యమైనది లేనే లేదు,,,,,Telugu,2014-10-16,https://waytochurch.com/lyrics/song/5825,377,0
5826,e roju krotha velugu mana jeevithalalo aavelugu,ఈరోజు క్రొత్త వెలుగు,,christmas songs,,,Telugu,2014-10-16,https://waytochurch.com/lyrics/song/5826,448,0
5827,o chakkani chukka nimgina merise,ఓఓ చక్కనిచుక్క నింగిన మెరిసే,,,,,Telugu,2014-10-16,https://waytochurch.com/lyrics/song/5827,449,0
5828,sheethakalamlo christmas kanthulatho,శీతాకాలంలో క్రిస్ట్మస్ కాంతులతో ఓహోఓహోఓహోఓహో ॥॥,Rev  John Sandeep (jananna),,Christmas,,Telugu,2014-10-16,https://waytochurch.com/lyrics/song/5828,643,549
5829,yesu namam annitikanna srestamaina namam,యేసు నామం అన్నిటికన్న,,,,,Telugu,2014-10-16,https://waytochurch.com/lyrics/song/5829,542,0
5830,,క్రిస్ట్మస్ వచ్చిందీ సంతోషం తెచ్చిందీ హ్యపీ క్రిస్ట్మస్ మెర్రీ క్రిస్ట్మస్ హ్యపీ క్రిస్ట్మస్ ॥॥,,christmas songs,,,Telugu,2014-10-16,https://waytochurch.com/lyrics/song/5830,542,0
5831,,నా ప్రాణమా సన్నుతించుమా,,,,,Telugu,2014-10-16,https://waytochurch.com/lyrics/song/5831,412,0
5832,mahonnayhda ma dheva sahayakuda yehova,మహోన్నతుడా మా దేవా,,,,,Telugu,2014-10-16,https://waytochurch.com/lyrics/song/5832,474,0
5833,athyunnatha simhasanamupai hosanna,అత్యున్నత సింహాసనముపై ఆసీనుడా,Bro  Yesanna,Hosanna ministries,,,Telugu,2014-10-16,https://waytochurch.com/lyrics/song/5833,612,770
5834,,ఈ దినం శుభ దినం,,,,,Telugu,2014-10-16,https://waytochurch.com/lyrics/song/5834,432,0
5835,,ప్రకటించరా ప్రభుయేసు వార్తను,,,,,Telugu,2014-10-16,https://waytochurch.com/lyrics/song/5835,694,0
5836,nanu srujienchina aadhevudu yekkada vunnado,నన్ను సృజియించిన ఆదేవుడు,,,,,Telugu,2014-10-16,https://waytochurch.com/lyrics/song/5836,496,0
5837,amen halleluya,ఆమెన్ హల్లెలుయా – యేసు క్రీస్తు కల్లెలుయా,,christmas songs,,,Telugu,2014-10-16,https://waytochurch.com/lyrics/song/5837,377,0
5838,puttinaroju sri yesuraju,పుట్టినరోజు శ్రీ యేసురాజు,,christmas songs,Christmas,,Telugu,2014-10-16,https://waytochurch.com/lyrics/song/5838,616,0
5839,bala yesuku jolalu paada,బాల యేసుకు జోలలు పాడ ఈ వేళ – పరలోక సైన్యముల్ పాటలు పాడెన్ ఆ వేళ,,christmas songs,,,Telugu,2014-10-16,https://waytochurch.com/lyrics/song/5839,592,0
5840,,మనుజులార మంచి వార్త – మానుగాను దెచ్చినాడ,,christmas songs,,,Telugu,2014-10-16,https://waytochurch.com/lyrics/song/5840,490,0
5841,,యెహోవా పరమ పురవాసి – మహాత్ముడయ్యె పరదేశి,,christmas songs,,,Telugu,2014-10-16,https://waytochurch.com/lyrics/song/5841,381,0
5842,,లెండి లెండి మీరు క్రైస్తవులారా దండియౌ ప్రభుండు బుట్టె,,christmas songs,,,Telugu,2014-10-16,https://waytochurch.com/lyrics/song/5842,441,0
5843,,లాలి లాలి లాలమ్మ లాలి లాలనుచు బాడరే బాల యేసునకు || లాలి ||,,christmas songs,,,Telugu,2014-10-16,https://waytochurch.com/lyrics/song/5843,415,0
5844,,శ్రీ యేసు పుట్టె జగమందు సమస్త పాపులకు విందు,,christmas songs,Christmas,,Telugu,2014-10-16,https://waytochurch.com/lyrics/song/5844,608,0
5845,,శ్రీ యేసుండు జన్మించె నిశీధ రాత్రియందు బెత్లెహేము యూరిలో,,christmas songs,Christmas,,Telugu,2014-10-16,https://waytochurch.com/lyrics/song/5845,302,0
5846,,ఘనదేవ పుత్రుడగు ఘనమైన యేసుబిడ్డన్,,christmas songs,,,Telugu,2014-10-16,https://waytochurch.com/lyrics/song/5846,595,0
5847,,యూదా రాజ సింహం తిరిగి లేచెను,,,Easter,,Telugu,2014-10-16,https://waytochurch.com/lyrics/song/5847,634,0
5848,aakasaana sukkaelise,అకసాన సుక్కఎలిసె – అర్ధరాత్రి పొద్దుపొడిసె,madhu sudhakar babu,"padave kovila, music director:P J D Kumar",Christmas,,Telugu,2014-10-16,https://waytochurch.com/lyrics/song/5848,675,0
5849,aaraadhana aaraadhana atmatho aaraadhana,ఆరాధన ఆరాధన ఆత్మతో ఆరాధన,,,,,Telugu,2014-10-16,https://waytochurch.com/lyrics/song/5849,281,0
5850,,ధింతక్కు ధింతక్కు ధింతక్కు తయ్యారె,,sunday school,,,Telugu,2014-10-16,https://waytochurch.com/lyrics/song/5850,286,0
5851,,డింగ్ డింగ్ డింగ్ ఎద్దుల బండి,,sunday school,,,Telugu,2014-10-16,https://waytochurch.com/lyrics/song/5851,226,0
5852,,చిన్ని చిన్ని తమ్ముడు చిట్టి చెల్లెలు,,sunday school,,,Telugu,2014-10-16,https://waytochurch.com/lyrics/song/5852,257,0
5853,Velisindi gaganaana O vintha thaara,వెలిసింది గగనాన ఓ వింత తార,Bishop Daniel Kalyanapu,,Christmas,,Telugu,2019-12-11,https://waytochurch.com/lyrics/song/5853,533,644
5854,chinni manasutho ninnu,చిన్ని మనసుతో నిన్ను ఆరాధింతును – చిన్ని బిడ్డనేసయ్యా స్వీకరించుము,,sunday school,,,Telugu,2014-10-16,https://waytochurch.com/lyrics/song/5854,559,0
5855,,ఛుక్ ఛుక్ బండి రైలు బండి,,sunday school,,,Telugu,2014-10-16,https://waytochurch.com/lyrics/song/5855,317,0
5856,hosanna hosanna mahonnatudu,హోసన్నా హోసన్నా హోసన్నా మహోన్నతుడు,,sunday school,,,Telugu,2014-10-16,https://waytochurch.com/lyrics/song/5856,195,0
5857,,ఇదే దినం ఇదేదినం –,This is the day that the Lord has mad,sunday school,,,Telugu,2014-10-16,https://waytochurch.com/lyrics/song/5857,242,0
5858,idu rottelu rendu chinni chepalu,ఐదు రొట్టెలు రెండు చిన్ని చేపలు – ఐదు వేల పీపుల్స్ కి పంచిపెట్టారు,,sunday school,,,Telugu,2014-10-16,https://waytochurch.com/lyrics/song/5858,273,0
5859,,కట్టబడ్డ గాడిద పిల్లనునేను,Dr  A R Stevenson,"Chinnari swaralu, sunday school",,,Telugu,2014-10-16,https://waytochurch.com/lyrics/song/5859,295,357
5860,keertintunu aaraadhintunu,కీర్తింతును ఆరాధింతున్ లాలల లాలల లాలల లలల,,sunday school,,,Telugu,2014-10-16,https://waytochurch.com/lyrics/song/5860,187,0
5861,mana tandri devudu,మనతండ్రి – మన తండ్రి దేవుడు – అన్ని ఇచ్చిన దేవుడు,,sunday school,,,Telugu,2014-10-16,https://waytochurch.com/lyrics/song/5861,286,0
5862,,ముద్దులోలికే చిన్ని నోటితో – మృదువైన పెదవులతో,,sunday school,,,Telugu,2014-10-16,https://waytochurch.com/lyrics/song/5862,395,0
5863,naakai yesu kattenu sundharamu,నాకై యేసు కట్టెను సుందరము బంగారిల్లు,,sunday school,,,Telugu,2014-10-16,https://waytochurch.com/lyrics/song/5863,275,0
5864,naakoka snehitudunnadu,నాకొక స్నేహితుడున్నాడు – నేనున్నాను భయపడకన్నాడు,Dr A R Stevenson,"Chinnari swaralu-vol-2, sunday school",,,Telugu,2014-10-16,https://waytochurch.com/lyrics/song/5864,292,345
5865,,నా తల్లి కంటెను నా తండ్రి కంటెను,,sunday school,,,Telugu,2014-10-16,https://waytochurch.com/lyrics/song/5865,196,0
5866,,నీ విశ్వాస నావలో యేసు వున్నాడా ఆయన కూర్చున్న నావలో నీవు వున్నావ,,sunday school,,,Telugu,2014-10-16,https://waytochurch.com/lyrics/song/5866,311,0
5867,,నేను లోపల భయట పైన క్రింద ఎప్పుడు సంతొషమ్,,sunday school,,,Telugu,2014-10-16,https://waytochurch.com/lyrics/song/5867,116,147
5868,,నోవహు వోడను త్వరగ చేయుము,,sunday school,,,Telugu,2014-10-16,https://waytochurch.com/lyrics/song/5868,342,0
5869,,యేసుని ప్రేమ బహు కమ్మనైనది – జీవాహారం మధురాతి మధురమే,,sunday school,,,Telugu,2014-10-16,https://waytochurch.com/lyrics/song/5869,230,0
5870,,ఎవ్వరు చేసిరి పక్షులను పక్షులను,,sunday school,,,Telugu,2014-10-16,https://waytochurch.com/lyrics/song/5870,215,0
5871,,చెవులు ఉన్నాయా వినే చెవులు ఉన్నాయా,,sunday school,,,Telugu,2014-10-16,https://waytochurch.com/lyrics/song/5871,875,0
5872,,స్తుతులనందుకో స్తుతికి పాత్రుడా,,,,,Telugu,2014-10-16,https://waytochurch.com/lyrics/song/5872,334,0
5873,,స్తోత్రముల్ స్తుతి స్తోత్రముల్ వేలాది వందనాలు,,,,,Telugu,2014-10-16,https://waytochurch.com/lyrics/song/5873,410,0
5874,sthothrabhali sthrothrabhali,స్తోత్రబలి స్తోత్రబలీ మంచి దేవ నీకేనయ్యా,,,,,Telugu,2014-10-16,https://waytochurch.com/lyrics/song/5874,579,0
5875,,స్వస్థపరచు యెహోవానీవే నీరక్తంతో మమ్ము కడుగు యేసయ్యా,,,,,Telugu,2014-10-16,https://waytochurch.com/lyrics/song/5875,342,0
5876,loyelella poodchabadali,లోయలెల్లా పూట్చబడాలి కొండలుకోనలు కదలిపోవాలి,,,,,Telugu,2014-10-16,https://waytochurch.com/lyrics/song/5876,739,0
5877,,వెదకుడి వెదకుడి యెహోవాను వెదకుడి,,,,,Telugu,2014-10-16,https://waytochurch.com/lyrics/song/5877,665,0
5878,,వచ్చుచుండెన్ త్వరలోనే రాజుల రాజుగా యేసయ్యా,,,,,Telugu,2014-10-16,https://waytochurch.com/lyrics/song/5878,484,0
5879,,విజయం నీ రక్తంలో అభయం నీ హస్తంలో,,,,,Telugu,2014-10-16,https://waytochurch.com/lyrics/song/5879,275,0
5880,saswethaa prematho nannu preminchavaiah,శాశ్వత ప్రేమతో నన్ను ప్రేమించావయ్యా,D Arul Raj,,Gods Love,,Telugu,2014-10-16,https://waytochurch.com/lyrics/song/5880,397,0
5881,,శుభవేళలో నీ మోమును చూసి అర్పించెదను నన్నూ,,,,,Telugu,2014-10-16,https://waytochurch.com/lyrics/song/5881,470,0
5882,,శ్రమలందు నీవు నలిగే సమయమున ప్రభు నీకు తోడుండుననీ,,,,,Telugu,2014-10-16,https://waytochurch.com/lyrics/song/5882,327,0
5883,,శిలువాయే నాప్రాణ ధనము కలలోన మరువంగలేను,,,,,Telugu,2014-10-16,https://waytochurch.com/lyrics/song/5883,304,0
5884,sri yesu raajunake,శ్రీ యేసు రాజునకే ఎల్లప్పుడు మహిమా,,,,,Telugu,2014-10-16,https://waytochurch.com/lyrics/song/5884,346,0
5885,,సర్వశక్తుడు నా సొంతమయ్యెను మృత్యుంజయుడు నా జీవమయ్యెను,,,,,Telugu,2014-10-16,https://waytochurch.com/lyrics/song/5885,407,0
5886,,స్తుతించిన సాతాన్ పారిపోతాడు కునికితే తిరిగి వస్తాడు,,,,,Telugu,2014-10-16,https://waytochurch.com/lyrics/song/5886,516,0
5887,,స్తుతి పాడనా నేను ననుకాచె యేసయ్యకు,,,,,Telugu,2014-10-16,https://waytochurch.com/lyrics/song/5887,364,0
5888,yesunu sthuthiyinchuvaaru nithyajeevamu pondhedharu,యేసును స్తుతియించు వారు నిత్యజీవము నొందెదరు,,,,,Telugu,2014-10-16,https://waytochurch.com/lyrics/song/5888,478,0
5889,yesu andhariki prabhuvu,యేసు అందరికి ప్రభువు యేసే లోకరక్షకుడు,,,,,Telugu,2014-10-16,https://waytochurch.com/lyrics/song/5889,521,0
5890,,యేసు నీవు నన్ను ప్రేమిస్తున్నావు నీదు ప్రేమను నేను పొందుచున్నాను,,,,,Telugu,2014-10-16,https://waytochurch.com/lyrics/song/5890,656,0
5891,yesaiah naa hrudhayabilaasha neeve naiah,యేసయ్యా నా హృదయాభిలాష నీవేనయ్యా,,,,,Telugu,2014-10-16,https://waytochurch.com/lyrics/song/5891,406,488
5892,yehovaa naaku velugaye,యెహోవా నాకు వెలుగాయే యెహోవానాకు రక్షణయే,,,,,Telugu,2014-10-16,https://waytochurch.com/lyrics/song/5892,417,489
5893,yehova naa kaapari naakemi lemi kalugadhu,యెహోవా నా కాపరి నాకేమి లేమి కలుగదు,,,,,Telugu,2014-10-16,https://waytochurch.com/lyrics/song/5893,325,0
5894,yehova ninnu poliyunna varevaru,యెహోవా నిన్ను పోలియున్న వారెవ్వరు,,,,,Telugu,2014-10-16,https://waytochurch.com/lyrics/song/5894,329,0
5895,yehova ninnu sthuthiyinchuta yentho yentho manchidhi,యెహోవాను స్తుతించుట యెంతో యెంతో మంచిది,,,,,Telugu,2014-10-16,https://waytochurch.com/lyrics/song/5895,403,0
5896,,రాలి పోదువో నీవు కూలిపోదువో,,,,,Telugu,2014-10-16,https://waytochurch.com/lyrics/song/5896,601,0
5897,raaja nee prasannam,రాజా నీ ప్రసన్నం చాలునయ్యా,,,,,Telugu,2014-10-16,https://waytochurch.com/lyrics/song/5897,323,0
5898,manchi kaapari maa prabhuvu,మంచి కాపరి మాప్రభు యేసే,,,,,Telugu,2014-10-16,https://waytochurch.com/lyrics/song/5898,463,0
5899,manchigaa pilachina naa yesaiah,మంచిగా పిలచినా నా యేసయ్యా,,,,,Telugu,2014-10-16,https://waytochurch.com/lyrics/song/5899,467,0
5900,,మంచి దేవుడు భలే మంచి దేవుడు,,,,,Telugu,2014-10-16,https://waytochurch.com/lyrics/song/5900,585,0
5901,madhuram madhuram dhiva vaakyam,మధురం మధురం దైవ వాక్యం,,,,,Telugu,2014-10-16,https://waytochurch.com/lyrics/song/5901,477,0
5902,madhuramina ee samayamuna,మధురమైన ఈ సమయాన ప్రభుని పాట పాడెద,,,,,Telugu,2014-10-16,https://waytochurch.com/lyrics/song/5902,355,0
5903,maarani devhudavu neevenaiah,మారని దేవుడవు నీవేనయ్యా మరుగై ఉండలేదు నీకు యేసయ్యా,,,,,Telugu,2014-10-16,https://waytochurch.com/lyrics/song/5903,444,0
5904,maayalokam maayalokam maaripoku,మాయాలోకం మాయాలోకం,,,,,Telugu,2014-10-16,https://waytochurch.com/lyrics/song/5904,375,0
5905,nee krupa lenicho vaka kshanamyna,నీ కృప లేనిచో ఒక క్షణమైనను నే నిలువ జాలనో ప్రభు,,,,,Telugu,2014-10-16,https://waytochurch.com/lyrics/song/5905,404,516
5906,naa thoduga vunnavaadave,నాతోడుగా ఉన్నవాడవే నాచేయి పట్టి నడుపు వాడవే,,,,,Telugu,2014-10-16,https://waytochurch.com/lyrics/song/5906,607,0
5907,naa praana priyuda naa yesu raaja naa yelinavaada,నాప్రాణ ప్రియుడా నాయేసు రాజా,,,,,Telugu,2014-10-16,https://waytochurch.com/lyrics/song/5907,498,0
5908,nee premalenidhe ne brathukalenaiah,నీ ప్రేమలేనిదే నే బ్రతుకలేనయ్యా,,,,,Telugu,2014-10-16,https://waytochurch.com/lyrics/song/5908,549,0
5909,paralokame naa anthapuram,పరాలోకమే నా అంతపురం చేరాలనే నా తాపత్రయం,,,,,Telugu,2014-10-16,https://waytochurch.com/lyrics/song/5909,446,0
5910,paapini yesu prabho,పాపిని యేసు ప్రభో నే పాపిని యేసు ప్రభో,,,,,Telugu,2014-10-16,https://waytochurch.com/lyrics/song/5910,326,0
5911,paavurama sangamupai,పావురమా సంఘముపై వ్రాలుమిదే జ్వాలలుగా,,,,,Telugu,2014-10-16,https://waytochurch.com/lyrics/song/5911,289,0
5913,prabhuyesu ninnu piluvaga,ప్రభు యేసు నిను పిలువగా నీవు పరుగిడెదవా నిలువక,,,,,Telugu,2014-10-16,https://waytochurch.com/lyrics/song/5913,431,0
5914,naa thalampanthaa neeve yesaiah,నా తలంపంతా నీవే యేసయ్యా నే కోరెదంతా నీతోడెకదయ్యా,,,,,Telugu,2014-10-16,https://waytochurch.com/lyrics/song/5914,359,0
5915,kalyaana veduka,కళ్యాణ వేడుక – రమణీయ గీతిక,Dr A R Stevenson,kalyana veduka,Marriage,,Telugu,2014-10-16,https://waytochurch.com/lyrics/song/5915,520,0
5916,,ముద్ద బంతి పూసెనె – కొయిలమ్మ కూసెనె,Dr A R stevenson,"Kalyaname Vaibhogam, singer: Hema john",Marriage,,Telugu,2014-10-16,https://waytochurch.com/lyrics/song/5916,451,516
5917,o sodara anduko,ఓ సోదరా అందుకో ఈ స్వాగత కుసుమాంజలి,Dr A R Stevenson,Parinaya Swaraalu,Marriage,,Telugu,2014-10-16,https://waytochurch.com/lyrics/song/5917,763,0
5918,teepi aashala mandaaraalu,తీపి ఆశల మందారాలు విరబూసిన ఈ వేళ,Dr A R Stevenson,"Kalyaname Vaibhogam, singer Prasanna",Marriage,,Telugu,2014-10-16,https://waytochurch.com/lyrics/song/5918,453,0
5919,Yehova Kattina Illu idi,యెహోవ కట్టిన ఇల్లు ఇది – మహోన్నతుడు నిర్మించినది,Dr A R stevenson,Parinaya Swaraalu,Marriage,,Telugu,2014-10-16,https://waytochurch.com/lyrics/song/5919,347,0
5920,virisina hrudayaalaku,విరిసిన హృదయాలకు కలిసెను బంధం కనుసైగలు చేయుచు ముచ్చటించెను,,,Marriage,,Telugu,2014-10-16,https://waytochurch.com/lyrics/song/5920,452,559
5921,vachhindi vachhindi,వచ్చింది వచ్చింది మధురమైన సమయం,,,Marriage,,Telugu,2014-10-16,https://waytochurch.com/lyrics/song/5921,467,0
5922,ee jeevitham viluvainadi,ఈ జీవితం విలువైనది నరులార రండని సెలవైనది,,,,,Telugu,2014-10-16,https://waytochurch.com/lyrics/song/5922,480,693
5923,parugethedaa parugethedaa,పరుగెత్తెదా పరుగెత్తెదా,,,,,Telugu,2014-10-16,https://waytochurch.com/lyrics/song/5923,419,0
5924,manche leni na paina entho prema,మంచే లేని నా పైనా ఏంతో ప్రేమ చూపావు,,,,,Telugu,2014-10-16,https://waytochurch.com/lyrics/song/5924,372,0
5925,athikaankshaniyyuda naa yesayyaa,అతికాంక్షణీయుడా నా యేసయ్యా,,,,,Telugu,2014-10-16,https://waytochurch.com/lyrics/song/5925,684,0
5926,yesu premane chupiddam,యేసు ప్రేమనే చూపిద్దాం యేసు లాగనే జీవిద్దాం,,,,,Telugu,2014-10-16,https://waytochurch.com/lyrics/song/5926,540,0
5927,yesayya o yesayya,యేసయ్యా ఓ యేసయ్యా ఆరాధ్యుడా నా పూజ్యనీయుడా,,,,,Telugu,2014-10-16,https://waytochurch.com/lyrics/song/5927,504,0
5928,yesayya ninnu chudalani,యేసయ్య నిను చూడాలని యేసయ్య నిను చేరాలని,,,,,Telugu,2014-10-16,https://waytochurch.com/lyrics/song/5928,426,0
5929,yesayya nee bhavalu,యేసయ్యానీ భావాలు ఆ యెదలోనే నిండాలి,,,,,Telugu,2014-10-16,https://waytochurch.com/lyrics/song/5929,316,0
5930,yehovanu sannutinchedam,యెహెూవాను సన్నుతించెదన్ ఆయనను కీర్తించెదను,,,,,Telugu,2014-10-16,https://waytochurch.com/lyrics/song/5930,731,0
5931,yehovahye na balamu,యెహెూవాయే నా బలము యెహెూవాయే నా శైలము,,,,,Telugu,2014-10-16,https://waytochurch.com/lyrics/song/5931,425,579
5932,,యెహెూవా నను కరుణించుమూ,,,,,Telugu,2014-10-16,https://waytochurch.com/lyrics/song/5932,467,0
5933,vunnavaadavu ani anuvaadavu,ఉన్నవాడవు అని అనువాడవు,,,,,Telugu,2014-10-16,https://waytochurch.com/lyrics/song/5933,445,0
5934,verucheyajaluna,వేరు చేయజాలునా దూరపరచ జాలునా,,,,,Telugu,2014-10-16,https://waytochurch.com/lyrics/song/5934,562,0
5935,teliyaka vaaru,తెలియక వారు సిలువ వేశారు,,,Good Friday,,Telugu,2014-10-16,https://waytochurch.com/lyrics/song/5935,630,0
5936,talachukunte chalunu,తలుచుకుంటె చాలును ఓ యేసు నీ ప్రేమ,,,,,Telugu,2014-10-16,https://waytochurch.com/lyrics/song/5936,540,0
5937,taara velisindhi,తార వెలిసింది ఆ నింగిలో ధరణి మురిసింది,,,,,Telugu,2014-10-16,https://waytochurch.com/lyrics/song/5937,489,0
5938,sthutiyinchedam keertinchedam,స్తుతియించెదం కీర్తించెదం స్తుతి పాడెదం కొనియాడెదం,,,,,Telugu,2014-10-16,https://waytochurch.com/lyrics/song/5938,440,0
5939,sthiti neeke yesu raaja,స్తుతి నీకే యేసు రాజా మహిమ నీకే యేసు రాజా,,,,,Telugu,2014-10-16,https://waytochurch.com/lyrics/song/5939,619,0
5940,snehithuda na hithuda,స్నేహితుడా నా హితుడా,,,,,Telugu,2014-10-16,https://waytochurch.com/lyrics/song/5940,339,500
5941,sainyamulaku adhipatiyagu devaa,సైన్యములకు అధిపతియగు దేవా నీకే స్తోత్రమయ్యా,,,,,Telugu,2014-10-16,https://waytochurch.com/lyrics/song/5941,583,0
5942,sara sarpamura,సారా సర్పమురా అది కాటు వేయక తప్పదురా,,,,,Telugu,2014-10-16,https://waytochurch.com/lyrics/song/5942,522,0
5943,rajulaku rajanta,రాజులకు రాజంట ప్రభువులకు ప్రభువంట,,,,,Telugu,2014-10-16,https://waytochurch.com/lyrics/song/5943,504,0
5944,rajula rajuvayya neeve,రాజుల రాజువయ్యా నీవే మా రాజువయ్యా,,,,,Telugu,2014-10-16,https://waytochurch.com/lyrics/song/5944,644,0
5945,prema ane mayalo,ప్రేమా అనే మాయలో చిక్కుకున్న సోదరీ సోదరా,,,,,Telugu,2014-10-16,https://waytochurch.com/lyrics/song/5945,505,0
5946,prabhuva ninu keerthinchutaku,ప్రభువా నిను కీర్తించుటకు వేనోళ్ళ చాలునా,,,,,Telugu,2014-10-16,https://waytochurch.com/lyrics/song/5946,523,0
5947,prabhuva na prardhana,ప్రభువా నా ప్రార్ధన ఆలకించుమా,,,,,Telugu,2014-10-16,https://waytochurch.com/lyrics/song/5947,430,0
5948,prabhuva ani pradhisthe,ప్రభువా అని ప్రార్ధిస్తే చాలునా,,,,,Telugu,2014-10-16,https://waytochurch.com/lyrics/song/5948,531,0
5949,paralokamunu chudaliro,పరలోకమును చూడాలిరో,,,,,Telugu,2014-10-16,https://waytochurch.com/lyrics/song/5949,430,0
5950,okka korika nannu korani,ఒక్క కోరిక నన్ను కోరనీ ఒక్క వరమే నన్ను అడగనీ,,,,,Telugu,2014-10-16,https://waytochurch.com/lyrics/song/5950,311,0
5951,ninnu vidichi poledu,నిన్ను విడచి పోలేడు నిన్ను మరచి పోలేడు,,,,,Telugu,2014-10-16,https://waytochurch.com/lyrics/song/5951,458,0
5952,nee mandirame,నీ మందిరమే మాకు ఆశ్రయం నీ సన్నిధియే మాకు ఆధారము,,,,,Telugu,2014-10-16,https://waytochurch.com/lyrics/song/5952,491,0
5953,nee chittamu naalo,నీ చిత్తము నాలో జరిగించుమో దేవా,,,,,Telugu,2014-10-16,https://waytochurch.com/lyrics/song/5953,353,0
5954,,నీవు చేసిన త్యాగాన్ని చాటిచెప్పే భాగ్యాన్ని,,,,,Telugu,2014-10-16,https://waytochurch.com/lyrics/song/5954,461,561
5955,neeve maa thandrivi,నీవే మా తండ్రివి నీవే మా తల్లివి,,,,,Telugu,2014-10-16,https://waytochurch.com/lyrics/song/5955,264,0
5956,nannu kaadanavani,నన్ను కాదనవని నను కాదనలేవని,,,,,Telugu,2014-10-16,https://waytochurch.com/lyrics/song/5956,319,0
5957,nammakura nammakura,నమ్మకురా నమ్మకురా ఈ లోకం నమ్మకురా,,,,,Telugu,2014-10-16,https://waytochurch.com/lyrics/song/5957,490,0
5958,nalugakunda godhumalu,నలుగకుండ గోధుమలు కడుపు నింపగలుగునా,,,,,Telugu,2014-10-16,https://waytochurch.com/lyrics/song/5958,386,614
5959,naa vedanalo aavedanalo,నా వేదనలో ఆవేదనలో,,,,,Telugu,2014-10-16,https://waytochurch.com/lyrics/song/5959,413,0
5960,,మన్నించుమా మన్నించుమా,,,,,Telugu,2014-10-16,https://waytochurch.com/lyrics/song/5960,464,0
5961,mahonnathuda ni naamamune,మహెూన్నతుడా నీ నామమనే కీర్తించుటయే ఉత్తమము,,,,,Telugu,2014-10-16,https://waytochurch.com/lyrics/song/5961,419,0
5962,kavali kavali naa yesuku sontham,కావాలి కావాలి నా యేసుకు సొంతం కావాలి,,,,,Telugu,2014-10-16,https://waytochurch.com/lyrics/song/5962,612,0
5963,idi nyayama idi dharmama,ఇది న్యాయమా ఇది ధర్మమా,,,,,Telugu,2014-10-16,https://waytochurch.com/lyrics/song/5963,358,0
5964,guruthu chesuko o priyuda,గురుతు చేసుకో ఓ ప్రియుడా,,,,,Telugu,2014-10-16,https://waytochurch.com/lyrics/song/5964,473,0
5965,dinamulu cheddaviga,దినములు చెడ్డవిగా అజ్ఞానము విడిచెదవా,,,,,Telugu,2014-10-16,https://waytochurch.com/lyrics/song/5965,412,0
5966,daagunnava neevu dagunnava,దాగున్నావా నీవు దాగున్నావా సంఘాన్ని చెడిపేవాడా,,,,,Telugu,2014-10-16,https://waytochurch.com/lyrics/song/5966,450,0
5967,deva nee krupatho nannu karuninchuma,దేవా నీ కృపతో నన్ను కరుణించుమా,,,,,Telugu,2014-10-16,https://waytochurch.com/lyrics/song/5967,354,0
5968,bariyinchalenayya nee mounamu,భరియించలేనయ్యా నీ మౌనము,,,,,Telugu,2014-10-16,https://waytochurch.com/lyrics/song/5968,435,0
5969,apathkalamandu yehovah,అపత్కాలమందు యెహెూవా నీకు ఉత్తరమిచ్చును,,,,,Telugu,2014-10-16,https://waytochurch.com/lyrics/song/5969,398,0
5970,aardhya daivama na prana,ఆరాధ్య దైవమా నా ప్రాణ దుర్గమా,,,,,Telugu,2014-10-16,https://waytochurch.com/lyrics/song/5970,549,0
5971,aaradinthu aaradinthu yesayya,ఆరాధింతు ఆరాధింతు యేసయ్య నామం అన్నింట ఘన నామం,,,,,Telugu,2014-10-16,https://waytochurch.com/lyrics/song/5971,526,0
5972,stothramu stothramu rakshana stothramu,స్తోత్రము స్తోత్రము రక్షణస్తోత్రము స్తోత్రము,,,,,Telugu,2014-10-16,https://waytochurch.com/lyrics/song/5972,460,0
5973,aascharyamaina prema,ఆశ్చర్యమైన ప్రేమ కల్వరిలోని ప్రేమ,,,,,Telugu,2014-10-16,https://waytochurch.com/lyrics/song/5973,464,0
5974,raajula raajaa raanaiyunnavaadaa,రాజుల రాజా రానైయున్నవాడా,,,,,Telugu,2014-10-16,https://waytochurch.com/lyrics/song/5974,420,513
5975,evaritho nee jeevitham endaaka nee payanam,ఎవరితో నీ జీవితం – ఎందాక నీ పయనం,,,,,Telugu,2014-10-16,https://waytochurch.com/lyrics/song/5975,369,465
5976,nee needalona nee jaadalona,నీ నీడలోన నీ జాడలోన,,,,,Telugu,2014-10-16,https://waytochurch.com/lyrics/song/5976,610,760
5977,nee krupa leni kshanamu nee daya leni kshanamu,నీ కృప లేని క్షణము,,,,,Telugu,2014-10-16,https://waytochurch.com/lyrics/song/5977,532,597
5978,naa kalavaramulanni kanumarugu chesinaavu,నా కలవరములన్ని కనుమరుగు చేసినావు,,,,,Telugu,2014-10-16,https://waytochurch.com/lyrics/song/5978,731,883
5979,aa halleluyaa,ఆ హల్లెలుయా … ఆ హల్లెలుయా …,,,,,Telugu,2014-10-16,https://waytochurch.com/lyrics/song/5979,244,0
5981,aaraadhanaku yogyudaa,ఆరాధనకు యోగ్యుడా నిత్యము స్తుతియించెదము,,,,,Telugu,2014-10-16,https://waytochurch.com/lyrics/song/5981,399,742
5982,aaraadhna naa yesuke,ఆరాధన నా యేసుకే – నా జీవితమ్ నీకంకితమ్,,,,,Telugu,2014-10-16,https://waytochurch.com/lyrics/song/5982,224,277
5983,aakaasha vaasulaara yehovanu stutiyinchudi,ఆకాశ వాసులార యేహొవాను స్తుతీయించుడి,,,,,Telugu,2014-10-16,https://waytochurch.com/lyrics/song/5983,288,368
5984,adhaaram neevenayyaa,ఆధారం నీవేనయ్యా ఆధారం నీవేనయ్యా,,,,,Telugu,2014-10-16,https://waytochurch.com/lyrics/song/5984,434,0
5985,ambara veedhilo sambaram gaanchiri,అంబర వీధిలో – సంబరం గాంచిరి,,,Christmas,,Telugu,2014-10-16,https://waytochurch.com/lyrics/song/5985,316,0
5986,anandame paramaanandame,ఆనందమే పరమానందమే యేసయ్య సన్నిధిలో,,,,,Telugu,2014-10-16,https://waytochurch.com/lyrics/song/5986,895,0
5987,anchulanundi jaarela,అంచులనుండి జారేల – గిన్నెలు నిండి పోర్లేలా,Dr A R stevenson,,,,Telugu,2014-10-16,https://waytochurch.com/lyrics/song/5987,519,0
5988,andaru nannu vidachina,అందరు నన్ను విడచినా – నీవునన్ను విడువనంటివే,,,,,Telugu,2014-10-16,https://waytochurch.com/lyrics/song/5988,454,0
5989,anni naamamula kanna pai naamau,అన్ని నామముల కన్న పై నామము – యేసుని నామము,,,,,Telugu,2014-10-16,https://waytochurch.com/lyrics/song/5989,538,0
5990,atyunnatamainadi yesu naamam,అత్యున్నతమైనది యేసునామం – యేసునామం కోరస్,Samuel Finny Pachigalla,"Oohaku Andani, Music:Jonah Samuel & Pranam Kamalakar",Praise Worship,,Telugu,2014-10-16,https://waytochurch.com/lyrics/song/5990,592,0
5991,bedham emi ledu,బేధం ఏమి లేదు – అందరును పాపం చేసియున్నారు,Dr  John Wesley,Music: Jona,,,Telugu,2014-10-16,https://waytochurch.com/lyrics/song/5991,692,0
5992,deva nee aavaranam maakento sreyaskaram,దేవా నీ ఆవరణం మాకెంతో శ్రేయస్కరం,,,,,Telugu,2014-10-16,https://waytochurch.com/lyrics/song/5992,607,0
5993,gaadaandhakaaramulo nenu tiriginanu o,గాడాధకారములొ – నేను తిరిగినను,,,,,Telugu,2014-10-16,https://waytochurch.com/lyrics/song/5993,363,0
5994,halleluya halleluya stotramul,హల్లెలూయ హల్లెలూయ స్తోత్రముల్,,,,,Telugu,2014-10-16,https://waytochurch.com/lyrics/song/5994,324,0
5995,hosanna paadudam yesu daasulara,హోసన్నా పాడుదాం యేసు దాసులరా,,,,,Telugu,2014-10-16,https://waytochurch.com/lyrics/song/5995,542,657
5996,hrudini marchu deva,హృదిని మార్చు దేవా – యధార్ధమైనదిగా,,,,,Telugu,2014-10-16,https://waytochurch.com/lyrics/song/5996,293,0
5997,nee prema bahu goppadhi yesaiah,నీ ప్రేమ బహు గొప్పది యేసయ్య,Rev  G Samuel,,,,Telugu,2014-10-16,https://waytochurch.com/lyrics/song/5997,459,560
5998,sthothraalu chellinthumu sthuthiki paathruda,స్తొత్రాలు చెల్లింతుము స్తుతికి పాత్రుడా,Rev  G Samuel,,,,Telugu,2014-10-16,https://waytochurch.com/lyrics/song/5998,530,661
6000,ee loka yaathraalo ne saaguchunda,ఈ లోక యాత్రాలో నే సాగుచుండ,,,,,Telugu,2014-10-16,https://waytochurch.com/lyrics/song/6000,503,597
6001,peda naruni roopamu dharinchi,పేద నరుని రూపము ధరించి,,,,,Telugu,2017-08-30,https://waytochurch.com/lyrics/song/6001,541,642
6002,yesu prabhuni sthuthinchuta,యేసూ ప్రభుని స్తుతించుట,,,,,Telugu,2017-09-19,https://waytochurch.com/lyrics/song/6002,370,441
6003,aa dari chere daare kanaraadu,ఆ దరి చేరే దారే కనరాదు,,,,,Telugu,2017-09-19,https://waytochurch.com/lyrics/song/6003,483,587
6004,naa priya desham,నా ప్రియ దేశం భారత దేశం,,,,,Telugu,2017-09-19,https://waytochurch.com/lyrics/song/6004,716,819
6005,nammakamaina devudavaina,నమ్మకమైన దేవుడవైన నీవే చాలు యేసయ్యా,,,,,Telugu,2017-09-19,https://waytochurch.com/lyrics/song/6005,437,536
6006,naa yesayyaa naa sthuthiyaagamu,నా యేసయ్యా నా స్తుతియాగము,Bro  Yesanna,,,,Telugu,2017-09-19,https://waytochurch.com/lyrics/song/6006,541,679
6007,elaa maruvagalanayyaa nee premanu,ఎలా మరువగలనయ్యా నీ ప్రేమను,,,,,Telugu,2017-09-19,https://waytochurch.com/lyrics/song/6007,531,635
6008,naa devuni krupavalana,నా దేవుని కృపవలన,,,,,Telugu,2017-09-20,https://waytochurch.com/lyrics/song/6008,388,469
6009,maa sarvaanidhi neevayyaa,మా సర్వానిధి నీవయ్యా – నీ సన్నిధికి వచ్చామయ్యా,,,,,Telugu,2017-09-20,https://waytochurch.com/lyrics/song/6009,661,796
6010,naa jeevitham prabhu neekankitham,నా జీవితం ప్రభు నీకంకితం,,"sung by Divya David, Music: Anup Rubens",,,Telugu,2017-09-20,https://waytochurch.com/lyrics/song/6010,259,320
6011,naa praanam thalladillagaa,నా ప్రాణం తల్లడిల్లగా,,,,,Telugu,2017-09-23,https://waytochurch.com/lyrics/song/6011,568,687
6012,enthaga ninu keerthinchinanu,ఎంతగ నిను కీర్తించినను – ఏమేమి అర్పించినను,,,,,Telugu,2017-09-23,https://waytochurch.com/lyrics/song/6012,603,733
6013,yesayyaa naa hrudaya spandana neeve kadaa,యేసయ్యా నా హృదయ స్పందన నీవే కదా,Bro  Yesanna,,,,Telugu,2017-09-23,https://waytochurch.com/lyrics/song/6013,491,601
6014,annayya thellaarindi leraa,అన్నయ్య… తెల్లారింది లేరా,,,,,Telugu,2017-09-23,https://waytochurch.com/lyrics/song/6014,532,639
6015,choochithive naa kanneetini,చూచితివే నా కన్నీటిని,,,,,Telugu,2017-09-23,https://waytochurch.com/lyrics/song/6015,490,597
6016,neevu leka kshanamainaa jeevinchalenayyaa,నీవు లేక క్షణమైనా జీవించలేనయ్యా,Pastor Ravinder Vottep,,,,Telugu,2017-09-23,https://waytochurch.com/lyrics/song/6016,408,501
6017,madhuram madhuram naa priya yesuni charitham madhuram,మధురం మధురం నా ప్రియ యేసుని చరితం మధురం,Bro  Yesanna,Hosanna ministries,,,Telugu,2017-09-23,https://waytochurch.com/lyrics/song/6017,629,750
6018,vidheyatha kaligi jeevinchutaku,విధేయత కలిగి జీవించుటకు,,kids songs,,,Telugu,2017-09-23,https://waytochurch.com/lyrics/song/6018,662,796
6019,manchi devudu naa yesayyaa,మంచి దేవుడు నా యేసయ్యా,,,,,Telugu,2017-09-23,https://waytochurch.com/lyrics/song/6019,423,545
6020,anni velala vinuvaadu nee praardhanalanniyu,అన్ని వేళల వినువాడు నీ ప్రార్ధనలన్నియు,,"Nee prashastha sannidi, Sung by: Lillyan Christopher, Music: Bro. Sudheer",,,Telugu,2017-09-23,https://waytochurch.com/lyrics/song/6020,454,526
6021,manchivaadu goppavaadu naa yesu parishuddhudu,మంచివాడు గొప్పవాడు నా యేసు పరిశుద్ధుడు,,Benny Brothers,,,Telugu,2017-09-23,https://waytochurch.com/lyrics/song/6021,482,594
6022,iruvadi naluguru peddalatho,ఇరువది నలుగురు పెద్దలతో,,,,,Telugu,2017-09-23,https://waytochurch.com/lyrics/song/6022,422,519
6023,chinnaari baalagaa chirudivya jyothigaa,చిన్నారి బాలగా చిరుదివ్య జ్యోతిగా,,,,,Telugu,2017-09-23,https://waytochurch.com/lyrics/song/6023,568,714
6024,aedaa nuntiviraa oranna,ఏడానుంటివిరా – ఓరన్న,,,,,Telugu,2017-09-23,https://waytochurch.com/lyrics/song/6024,802,948
6025,uthaka meeda thalupu thirugu reethigaa,ఉతక మీద తలుపు తిరుగు రీతిగా,,,,,Telugu,2017-09-23,https://waytochurch.com/lyrics/song/6025,563,676
6026,karuninchumu mamu parama pithaa,కరుణించుము మము పరమ పితా,,,,,Telugu,2017-09-23,https://waytochurch.com/lyrics/song/6026,513,615
6027,kadalakunduvu seeyonu kondavale,కదలకుందువు సీయోను కొండవలె,,,,,Telugu,2017-09-23,https://waytochurch.com/lyrics/song/6027,506,609
6028,kashta nashtaalainaa kadagandla brathukainaa,కష్ట నష్టాలైనా కడగండ్ల బ్రతుకైనా,,,,,Telugu,2017-09-23,https://waytochurch.com/lyrics/song/6028,346,424
6029,nee paadaale naaku sharanam,నీ పాదాలే నాకు శరణం,,"Krupa Ministries, Music: JK Christopher",,,Telugu,2017-09-23,https://waytochurch.com/lyrics/song/6029,644,833
6030,veenulaku vindulu chese yesayya su charithra,వీనులకు విందులు చేసే యేసయ్య సు చరిత్ర,,,,,Telugu,2017-09-23,https://waytochurch.com/lyrics/song/6030,550,663
6031,neevu thappa naakee lokamlo evarunnaarayyaa,నీవు తప్ప నాకీ లోకంలో ఎవరున్నారయ్యా,,,,,Telugu,2017-09-23,https://waytochurch.com/lyrics/song/6031,451,548
6032,anni saadhyame yesuku anni saadhyame,అన్నీ సాధ్యమే,,,,,Telugu,2017-09-23,https://waytochurch.com/lyrics/song/6032,842,1008
6033,ae reethi sthuthiyinthunu o yesu naathaa daivamaa,ఏ రీతి స్తుతియింతును – ఓ యేసూ నాథా దైవమా,,,,,Telugu,2017-09-23,https://waytochurch.com/lyrics/song/6033,723,890
6034,bhayamu ledu manaku ikapai eduru vachchu gelupu,భయము లేదు మనకు ఇకపై ఎదురు వచ్చు గెలుపు,,,,,Telugu,2017-09-23,https://waytochurch.com/lyrics/song/6034,825,1039
6035,prema lenivaadu paralokaaniki anarhudu,ప్రేమ లేనివాడు పరలోకానికి అనర్హుడు,,,,,Telugu,2017-09-23,https://waytochurch.com/lyrics/song/6035,2062,2464
6036,neethone naa nivaasamu nithyamu aanandame,నీతోనే నా నివాసము – నిత్యము ఆనందమే,,Hosanna ministries,,,Telugu,2017-09-23,https://waytochurch.com/lyrics/song/6036,545,667
6037,madhuram madhuram nee preme athi madhuram,మధురం మధురం – నీ ప్రేమే అతి మధురం,,,,,Telugu,2017-09-23,https://waytochurch.com/lyrics/song/6037,447,549
6038,raavayyaa yesayyaa naa intiki,రావయ్యా యేసయ్యా నా ఇంటికి,,,,,Telugu,2017-09-23,https://waytochurch.com/lyrics/song/6038,573,653
6039,nithya jeevapu raajyamulo,నిత్య జీవపు రాజ్యములో,,,,,Telugu,2017-09-23,https://waytochurch.com/lyrics/song/6039,449,545
6040,jaagore jaagore jaagu jaamu raathiri,జాగోరే జాగోరే జాగు జాము రాతిరి,,,,,Telugu,2017-09-23,https://waytochurch.com/lyrics/song/6040,526,622
6041,evarunnaarayyaa naaku neevu thappa,ఎవరున్నారయ్యా నాకు నీవు తప్ప,,,,,Telugu,2017-09-23,https://waytochurch.com/lyrics/song/6041,277,325
6042,naaku chaalina devuda neevu,నాకు చాలిన దేవుడ నీవు,,,,,Telugu,2017-09-23,https://waytochurch.com/lyrics/song/6042,456,569
6044,yesayya rakthamu athi madhuramu,యేసయ్య రక్తము అతి మధురము,,,,,Telugu,2017-09-23,https://waytochurch.com/lyrics/song/6044,518,623
6045,viduvadhu maruvadhu viduvadhu maruvadhu,విడువదు మరువదు – విడువదు మరువదు,,Sung by: Bro. Enosh Kumar,,,Telugu,2017-09-23,https://waytochurch.com/lyrics/song/6045,672,788
6046,kaavalenaa yesayya bahumaanamu,కావలెనా యేసయ్య బహుమానము,Bro  vinay,Sung by: Ramya,,,Telugu,2017-09-23,https://waytochurch.com/lyrics/song/6046,669,800
6047,nee koraku naa praanam aashapaduchunnadi,నీ కొరకు నా ప్రాణం ఆశపడుచున్నది,,Bro.Davidson,,,Telugu,2017-09-23,https://waytochurch.com/lyrics/song/6047,405,486
6048,nee nirnayam entho viluvainadi ee lokamlo,నీ నిర్ణయం ఎంతో విలువైనది ఈ లోకంలో,,,,,Telugu,2017-09-23,https://waytochurch.com/lyrics/song/6048,411,501
6049,idenaa nyaayamidiyenaa,ఇదేనా న్యాయమిదియేనా,,,,,Telugu,2017-09-23,https://waytochurch.com/lyrics/song/6049,598,681
6050,andamaina madhuramaina naamam evaridi,అందమైన మధురమైన నామం ఎవరిది,,,,,Telugu,2017-09-23,https://waytochurch.com/lyrics/song/6050,501,607
6051,devaa paapini ninnaashrayinchaanu,దేవా పాపిని నిన్నాశ్రయించాను,,,,,Telugu,2017-09-23,https://waytochurch.com/lyrics/song/6051,256,327
6052,mellani challani swaramu yesayyade,మెల్లని చల్లని స్వరము యేసయ్యదే,,,,,Telugu,2017-09-23,https://waytochurch.com/lyrics/song/6052,649,783
6053,,నీతో స్నేహం చేయాలని,,,,,Telugu,2017-09-23,https://waytochurch.com/lyrics/song/6053,606,722
6054,,ప్రార్ధన ప్రార్ధన ప్రభునితో సంభాషణ,,,,,Telugu,2017-09-23,https://waytochurch.com/lyrics/song/6054,423,513
6055,,అంజలి ఘటియింతు దేవా,,,,,Telugu,2017-09-23,https://waytochurch.com/lyrics/song/6055,357,466
6056,,నా మట్టుకైతే బ్రతుకుట క్రీస్తే,,,,,Telugu,2017-09-23,https://waytochurch.com/lyrics/song/6056,269,325
6057,,కొడవలిని చేత పట్టి కోత కోయుము,,Bro. Divya Prasad Rao,,,Telugu,2017-09-23,https://waytochurch.com/lyrics/song/6057,390,464
6058,,ఇది శుభోదయం – క్రీస్తు జన్మదినం,,Christmas songs,Christmas,,Telugu,2017-09-23,https://waytochurch.com/lyrics/song/6058,322,388
6059,,నిను చేరగ నా మది ధన్యమైనది,,Bro. Samuel karmoji,,,Telugu,2017-09-23,https://waytochurch.com/lyrics/song/6059,283,353
6060,gonthu etthi chaatedaanu,గొంతు ఎత్తి చాటెదాను,,,,,Telugu,2017-09-23,https://waytochurch.com/lyrics/song/6060,737,856
6061,,ఓ ప్రార్ధనా సుప్రార్ధనా,,,,,Telugu,2017-09-23,https://waytochurch.com/lyrics/song/6061,637,792
6062,,నీ సన్నిధియే నా ఆశ్రయం దేవా,,Sis. Divya David,,,Telugu,2017-09-23,https://waytochurch.com/lyrics/song/6062,273,334
6063,,దేవుని యందు భక్తి గల స్త్రీ కొనియాడబడును,,,,,Telugu,2017-09-23,https://waytochurch.com/lyrics/song/6063,379,475
6064,,నా ప్రాణమైన యేసు,,,,,Telugu,2017-09-23,https://waytochurch.com/lyrics/song/6064,317,369
6065,manalo prathi okkari peru yesuku thelusu,మనలో ప్రతి ఒక్కరి పేరు యేసుకు తెలుసు,,,,,Telugu,2017-09-23,https://waytochurch.com/lyrics/song/6065,814,952
6066,yesu rakshakaa shathakoti sthothram y s,ఎసు ఱక్శకా షతకొటి తొత్రమ్,Bro  Raj Prakash Paul,Calvary Ministries,,,Telugu,2017-09-23,https://waytochurch.com/lyrics/song/6066,626,731
6067,ammaa ani ninnu piluvanaa,అమ్మా అని నిన్ను పిలువనా,,,,,Telugu,2017-09-23,https://waytochurch.com/lyrics/song/6067,443,495
6068,enduko ee prema nanninthaga preminchenu,ఎందుకో ఈ ప్రేమ నన్నింతగ ప్రేమించెను,,,,,Telugu,2017-09-23,https://waytochurch.com/lyrics/song/6068,547,658
6069,,జీవితమంటే మాటలు కాదు చెల్లెమ్మా,,,,,Telugu,2017-09-23,https://waytochurch.com/lyrics/song/6069,673,797
6070,,జీవమా… యేసయ్యా… ఆత్మతో నింపుమా – అభిషేకించుమా,,,,,Telugu,2017-09-23,https://waytochurch.com/lyrics/song/6070,340,415
6071,balamainavaadaa balaparchuvaadaa,బలమైనవాడా బలపర్చువాడా,,,,,Telugu,2017-09-23,https://waytochurch.com/lyrics/song/6071,399,498
6072,melulu nee melulu marachipolenayyaa,మేలులు నీ మేలులు మరచిపోలేనయ్యా,,,,,Telugu,2017-09-23,https://waytochurch.com/lyrics/song/6072,504,569
6073,kalanainaa ilanainaa nannu enaadainaa,కలనైనా ఇలనైనా నన్ను ఏనాడైనా,,,,,Telugu,2017-09-23,https://waytochurch.com/lyrics/song/6073,456,557
6074,devaa nee saakshigaa nenunduta,దేవా నీ సాక్షిగా నేనుండుట,,,,,Telugu,2017-09-23,https://waytochurch.com/lyrics/song/6074,449,561
6075,,వికసించు పుష్పమా,,,,,Telugu,2017-09-23,https://waytochurch.com/lyrics/song/6075,401,469
6076,karuninchavaa naa yesuvaa,కరుణించవా నా యేసువా,,,,,Telugu,2017-09-23,https://waytochurch.com/lyrics/song/6076,389,501
6077,goodu leni guvvalaa daari thappithi,గూడు లేని గువ్వలా దారి తప్పితి,,,,,Telugu,2017-09-23,https://waytochurch.com/lyrics/song/6077,471,548
6078,veyi nollatho sthuthiyinchinaa,వేయి నోళ్లతో స్తుతియించినా,,,,,Telugu,2017-09-23,https://waytochurch.com/lyrics/song/6078,261,332
6079,naalo unna aanandam,నాలో ఉన్న ఆనందం,,,,,Telugu,2017-09-23,https://waytochurch.com/lyrics/song/6079,390,489
6080,raajula raajula raaju,రాజుల రాజుల రాజు,,,,,Telugu,2017-09-23,https://waytochurch.com/lyrics/song/6080,308,361
6081,nee sannidhilo santhoshamu,నీ సన్నిధిలో సంతోషము,,,,,Telugu,2017-09-23,https://waytochurch.com/lyrics/song/6081,337,395
6082,beulah deshamu naadi,బ్యూలా దేశము నాది,,,,,Telugu,2017-09-23,https://waytochurch.com/lyrics/song/6082,311,380
6083,hailessaa hailo hailessaa,హైలెస్సా హైలో హైలెస్సా,,,,,Telugu,2017-09-23,https://waytochurch.com/lyrics/song/6083,426,546
6084,jayamichchina devuniki kotlakoladi sthothram,జయమిచ్చిన దేవునికి కోట్లకొలది స్తోత్రం,,,,,Telugu,2017-09-23,https://waytochurch.com/lyrics/song/6084,518,630
6085,Nee mukhamu manoharamu s,నీ ముఖము మనోహరము నీ స్వరము మాధుర్యము,Bro  Yesanna,Hosanna ministries,Praise Worship,,Telugu,2017-09-29,https://waytochurch.com/lyrics/song/6085,484,0
6086,silanaina nanu silpivai marchavu,శిలనైన నను శిల్పివై మార్చవు,,Hosanna ministries,,,Telugu,2017-09-29,https://waytochurch.com/lyrics/song/6086,653,0
6087,Nenu kuda vunnanayya,నేను కూడా ఉన్నానయ్య,,,,,Telugu,2017-09-29,https://waytochurch.com/lyrics/song/6087,555,0
6088,,నా తల్లి నను మరచినా,,,,,Telugu,2017-09-29,https://waytochurch.com/lyrics/song/6088,350,418
6089,Yaakobu Baavi Kaada Yesayyanu Choosaanammaa,యాకోబు బావి కాడ యేసయ్యను చూసానమ్మా,,,,,Telugu,2017-10-04,https://waytochurch.com/lyrics/song/6089,898,1022
6090,,ఈ లోకంలో జీవించెదను,,,,,Telugu,2017-10-04,https://waytochurch.com/lyrics/song/6090,390,449
6091,Sajeeva Saakshulugaa Mammu Nilipna Devaa Vandanam,సజీవ సాక్షులుగా మమ్ము నిలిపిన దేవా వందనం,,,,,Telugu,2017-10-04,https://waytochurch.com/lyrics/song/6091,632,773
6092,Vevela Doothalatho Koniyaadabaduchunna,వేవేల దూతలతో కొనియాడబడుచున్న,,,,,Telugu,2017-10-04,https://waytochurch.com/lyrics/song/6092,353,447
6093,Yesayya Maata Bangaaru Moota,యేసయ్య మాట బంగారు మూట,,,,,Telugu,2017-10-17,https://waytochurch.com/lyrics/song/6093,400,498
6094,Suvaartanu Prakatimpavaa,సువార్తను ప్రకటింపవా,,,,,Telugu,2017-10-17,https://waytochurch.com/lyrics/song/6094,324,382
6095,Neetho Sneham Ne Maruvagalanaa,నీతో స్నేహం నే మరువగలనా,,Naa Snehithudaa,,,Telugu,2017-10-17,https://waytochurch.com/lyrics/song/6095,592,737
6096,Neetho Gadipe Prathi Kshanamu,నీతో గడిపే ప్రతి క్షణము,,Bro. Jyothi Raju,,,Telugu,2017-10-17,https://waytochurch.com/lyrics/song/6096,438,546
6097,Naa Praanamaa Sannuthinchumaa,నా ప్రాణమా సన్నుతించుమా,,Pastor Joseph Sandeep Vadegar,,,Telugu,2017-10-17,https://waytochurch.com/lyrics/song/6097,367,449
6098,Amoolya Raktham Prashastha Raktham,అమూల్య రక్తం – ప్రశస్త రక్తం,Bro  Divya Prasad Rao,Yesu Manchi Devudu,,,Telugu,2017-10-17,https://waytochurch.com/lyrics/song/6098,586,697
6099,Maargam Sathyam Jeevam Neeve Yesu,మార్గం సత్యం జీవం నీవే యేసు,Bro  Divya Prasad Rao,,,,Telugu,2017-10-17,https://waytochurch.com/lyrics/song/6099,409,506
6100,Naa Chinni Donelo Yesu Unnaadu,హైలెస్సా హైలో హైలెస్సా,,,,,Telugu,2017-10-17,https://waytochurch.com/lyrics/song/6100,206,240
6101,idhigo dheva ee hrudhayam,ఇదిగో దేవా ఈ హృదయం,,,,,Telugu,2017-10-17,https://waytochurch.com/lyrics/song/6101,312,0
6102,Yesu Naamam Sundara Naamam,యేసు నామం సుందర నామం,,,,,Telugu,2017-10-17,https://waytochurch.com/lyrics/song/6102,348,442
6103,jayam jayam yesulo naaku,జయం జయం జయం జయం యేసులో నాకు జయం జయం,,,,,Telugu,2017-10-17,https://waytochurch.com/lyrics/song/6103,476,0
6104,Draakshaa Vallivi Neevaithe,ద్రాక్షావల్లివి నీవైతే,,velugu,,,Telugu,2017-11-09,https://waytochurch.com/lyrics/song/6104,417,508
6105,my hu dhanya jeevi Iam Blessed,మై హు ధన్య జీవి మై హు ధన్య జీవి,Bro  Anil Kumar,Jesus The Everlasting Love 2017,,,Telugu,2017-11-16,https://waytochurch.com/lyrics/song/6105,1435,0
6106,Papaniki Naaku A Sambandamu Ledhu,పాపానికి నాకు ఏ సంబంధము లేదు,Bro  M  Anil Kumar,Jesus The Everlasting Love 2017,,,Telugu,2017-11-16,https://waytochurch.com/lyrics/song/6106,1659,0
6107,arambamayindhi restoration Restoration,ఆరంభమయ్యింది ఆరంభమయ్యింది,Bro  M  Anil Kumar,Jesus The Everlasting Love 2017,,,Telugu,2017-11-16,https://waytochurch.com/lyrics/song/6107,1739,0
6108,Premalo Paddanu Nenu Premalo,ప్రేమలో పడ్డాను నేను ప్రేమలో పడ్డాను ప్రేమలో పడ్డాను నేను ప్రేమలో పడ్డాను,Bro  M  Anil Kumar,Jesus The Everlasting Love 2017,,,Telugu,2017-11-16,https://waytochurch.com/lyrics/song/6108,1909,0
6109,Ye Samacharam Namuthavu Nuvvu,ఏ సమాచారం నమ్ముతావు నువ్వునువ్వు ఏ సమాచారం నమ్ముతావు నువ్వునువ్వు,Bro  M  Anil Kumar,Jesus The Everlasting Love 2017,,,Telugu,2017-11-16,https://waytochurch.com/lyrics/song/6109,2026,0
6110,Saswathamyna prematho annu preminchavayya,శాశ్వతమైన ప్రేమతో నను ప్రేమించావయ్యా నీ ప్రేమే నను గెల్చెను శాశ్వతమైన ప్రేమతో నను ప్రేమించావయ్యా నీ ప్రేమే నను గెల్చెను,Bro  M  Anil Kumar,Jesus The Everlasting Love 2017,,,Telugu,2017-11-16,https://waytochurch.com/lyrics/song/6110,2740,0
6111,Yesudevude naa konda,యేసు దేవుడే నా కొండ యేసు దేవుడే నా కొండ,Bro  M  Anil Kumar,Jesus The Everlasting Love 2017,,,Telugu,2017-11-16,https://waytochurch.com/lyrics/song/6111,1663,0
6112,Aa Bhojana Pankthilo Seemonu Intilo,ఆ భోజన పంక్తిలో సీమోను ఇంటిలో,,,,,Telugu,2017-11-17,https://waytochurch.com/lyrics/song/6112,479,636
6113,Krupa Krupa Nee Krupa,కృప కృప నీ కృప,,,,,Telugu,2017-11-17,https://waytochurch.com/lyrics/song/6113,374,471
6114,Nee Naamame Eda Kolichedanu,నీ నామమే ఎద కొలిచెదను,,,,,Telugu,2017-11-17,https://waytochurch.com/lyrics/song/6114,444,544
6115,Vijaya Geethamu Manasaara Nenu Paadeda,విజయ గీతము మనసార నేను పాడెద,,,,,Telugu,2017-11-17,https://waytochurch.com/lyrics/song/6115,548,696
6116,Gunavathi Aina Bhaarya,గుణవతి అయిన భార్య,,,,,Telugu,2017-11-17,https://waytochurch.com/lyrics/song/6116,335,418
6117,Siluvanu Gelichina Sajeevuni Thyaagamu,సిలువను గెలిచిన సజీవుని త్యాగము,Kripal Mohan,,Good Friday Easter,,Telugu,2017-11-17,https://waytochurch.com/lyrics/song/6117,303,362
6118,Kalalaa Unnadi Nenenaa Annadi,కలలా ఉన్నది నేనేనా అన్నది,Bro  Samuel Karmoji,,,,Telugu,2017-11-17,https://waytochurch.com/lyrics/song/6118,480,583
6119,Aakaasha Mahaa kaashambulu,ఆకాశ మహాకాశంబులు,,,,,Telugu,2017-11-17,https://waytochurch.com/lyrics/song/6119,526,667
6120,,చిరుగాలి వీచినా ప్రభూ,,,,,Telugu,2017-11-17,https://waytochurch.com/lyrics/song/6120,303,354
6121,Sakalamu Cheyu Sarvaadhikaari,సకలము చేయు సర్వాధికారి,,Hermon ministries,,,Telugu,2017-11-17,https://waytochurch.com/lyrics/song/6121,527,687
6122,,నీవు చేసిన మేళ్లకు,Pastor  Jyothi Raju,,,,Telugu,2017-11-17,https://waytochurch.com/lyrics/song/6122,250,317
6123,,హీనమైన బ్రతుకు నాది – ఘోర పాపిని,,,,,Telugu,2017-11-17,https://waytochurch.com/lyrics/song/6123,534,649
6124,Aaripoye Deepamlaa,ఆరిపోయే దీపంలా,,music: JK Christopher,,,Telugu,2017-11-17,https://waytochurch.com/lyrics/song/6124,227,274
6125,Mellani Swarame Vinipinchinaave,మెల్లని స్వరమే వినిపించావే,,,,,Telugu,2017-11-17,https://waytochurch.com/lyrics/song/6125,529,643
6126,Chaachina Chethulu Neeve,చాచిన చేతులు నీవే,,,,,Telugu,2017-11-17,https://waytochurch.com/lyrics/song/6126,731,885
6127,Neeve Neeve Naa Thodunna Devudavu,నీవే నీవే నా తోడున్న దేవుడవు,suman kathi samson,,,,Telugu,2017-11-17,https://waytochurch.com/lyrics/song/6127,220,272
6128,Neethone Ne Nadavaalani,నీతోనే నే నడవాలని,,Tony Prakash,,,Telugu,2017-11-17,https://waytochurch.com/lyrics/song/6128,419,522
6129,Devuni Goppa Mahimanu Choosi,దేవుని గొప్ప మహిమను చూసి తిరిగి పాపం చేసెదవా,,,,,Telugu,2017-11-17,https://waytochurch.com/lyrics/song/6129,561,668
6130,Prabhuvaa Ee Anandam,ప్రభువా ఈ ఆనందం,,Bro. Jonah,,,Telugu,2017-11-17,https://waytochurch.com/lyrics/song/6130,490,568
6131,Saagi Saagi Pommu Neevu Aagipoka,సాగి సాగి పొమ్ము నీవు ఆగిపోక,,,,,Telugu,2017-11-17,https://waytochurch.com/lyrics/song/6131,601,735
6132,O Sanghamaa Sarvaangamaa Paraloka Raajyapu Prathibimbamaa,ఓ సంఘమా సర్వాంగమా – పరలోక రాజ్యపు ప్రతిబింబమా,,,,,Telugu,2017-11-17,https://waytochurch.com/lyrics/song/6132,763,945
6133,,నీ జీవితం క్షణ భంగురం,,Bro. Jonah,,,Telugu,2017-11-17,https://waytochurch.com/lyrics/song/6133,422,532
6139,Nee Challani Needalo,నీ చల్లని నీడలో,,naa yesayah,,,Telugu,2017-11-17,https://waytochurch.com/lyrics/song/6139,354,444
6140,Aa Raaje Naa Raaju Naa Raaje Raaraaju,ఆ రాజే నా రాజు – నా రాజే రారాజు,,Bro. Bunny sudharshan,,,Telugu,2017-11-17,https://waytochurch.com/lyrics/song/6140,565,700
6141,Vinumaa Yesuni Jananamu,వినుమా యేసుని జననము,,enoch jagan,,,Telugu,2017-11-17,https://waytochurch.com/lyrics/song/6141,584,742
6142,Ninu Paadaalani Keerthinchaalani,నిను పాడాలని కీర్తించాలని,P  Narendra Bhaskar,,,,Telugu,2017-11-17,https://waytochurch.com/lyrics/song/6142,332,426
6143,Varninchalenu Vivarinchalenu,వర్ణించలేను వివరించలేను,Rev  P Narender Bhaskar,,,,Telugu,2017-11-17,https://waytochurch.com/lyrics/song/6143,551,648
6144,Etti Vaado Yesu Enni Vinthalu Thanavi,ఎట్టి వాడో యేసు – ఎన్ని వింతలు తనవి,,,,,Telugu,2017-11-17,https://waytochurch.com/lyrics/song/6144,352,392
6145,manasanthaa neeve,మనసంతా నీవే ఊహల్లో నీవే,,,,,Telugu,2017-11-17,https://waytochurch.com/lyrics/song/6145,437,0
6146,Hallelujah Hallelujah Stotramulu,హల్లెలూయ హల్లెలూయ స్తోత్రములు హల్లెలూయ హల్లెలూయ స్తోత్రములు,,,,,Telugu,2017-11-17,https://waytochurch.com/lyrics/song/6146,486,569
6147,Nithya Prematho Nannu Preminchen,నిత్య ప్రేమతో – నన్ను ప్రేమించెన్,Jeeva R Pakerla,srasta,,,Telugu,2017-11-17,https://waytochurch.com/lyrics/song/6147,661,746
6148,Naa gundelona neevu vunte chalu yesayya,నా గుండెలోన నీవు ఉంటే చాలు యేసయ్య,,,,,Telugu,2017-11-17,https://waytochurch.com/lyrics/song/6148,220,0
6149,Vadabarani viswasamutho,వాడబారని విశ్వాసముతో,,,,,Telugu,2017-11-17,https://waytochurch.com/lyrics/song/6149,664,0
6150,Kalam samayam nadhenantu,కాలం సమయం నాదేనంటూ అనుకుంటున్నావా,,,,,Telugu,2017-11-17,https://waytochurch.com/lyrics/song/6150,698,842
6151,Unnatha Sthalamulalo Nanu Sadaa Nilipithivi,ఉన్నత స్థలములలో – నను సదా నిలిపితివి,,,,,Telugu,2017-11-21,https://waytochurch.com/lyrics/song/6151,631,794
6152,Siluvalo Naakai Chesina Yaagamu,సిలువలో నాకై చేసిన యాగము,,,,,Telugu,2017-11-21,https://waytochurch.com/lyrics/song/6152,423,510
11122,Yahovaa maaku thodugaa Yesayya maa inta undagaa,యెహోవా మాకు తోడుగా యేసయ్యా మా ఇంట ఉండగా,Dr P Satish Kumar,Nee Sannidhi Chaalunayaa,Gods Power,,Telugu,2021-02-05,https://waytochurch.com/lyrics/song/11122,384,485
11123,Neela Preminchevaarevaru ilalo leru,నీలా ప్రేమించేవారెవరు ఇలలో లేరు,Samuel Pammi,,Gods Love,,Telugu,2021-02-05,https://waytochurch.com/lyrics/song/11123,724,901
11164,Sramalalo krungavaladu jadivaanalo bedaravaladu,శ్రమలలో కృంగవలదు జడివానలో బెదరవలదు,Dr  John Wesly,,Hope,,Telugu,2023-01-27,https://waytochurch.com/lyrics/song/11164,417,505
11571,Naa jeevithaana maro noothana samvathsaramunu,నా జీవితాన మరో నూతన సంవత్సరమును,Bro Paul Emmanuel,,New Year,,Telugu,2021-02-05,https://waytochurch.com/lyrics/song/11571,600,755
12089,vaakyame shareera dhaariyai loka rakshakudu udayinche,వాక్యమే శరీర ధారియై లోక రక్షకుడు ఉదయించె,,,,,TELUGU,2019-11-23,https://waytochurch.com/lyrics/song/12089,1163,1410
12391,santhosham yesu vandanam,సంతోషం యేసు వందనం,,,Thanks Giving,,TELUGU,2023-01-27,https://waytochurch.com/lyrics/song/12391,450,586
12396,Immaanuyelu Devudaa Mamu Kanna Devudaa,ఇమ్మానుయేలు దేవుడా – మము కన్న దేవుడా,,,,,Telugu,2017-12-27,https://waytochurch.com/lyrics/song/12396,297,357
12397,Andaru Mechchina Andaala Thaara,అందరు మెచ్చిన అందాల తార,G Purushotham Babu,Music: K Y Ratnam,Christmas,,Telugu,2017-12-27,https://waytochurch.com/lyrics/song/12397,567,671
12398,Vinnaaraa Vinnaaraa Shubhavaartha Shubhvaartha,విన్నారా విన్నారా శుభవార్త శుభవార్త,G Davidson,,,,Telugu,2017-12-27,https://waytochurch.com/lyrics/song/12398,579,721
12399,Chindindi Raktham Aa Siluva Paina,చిందింది రక్తం ఆ సిలువ పైన,Mallela Raju,Music: K Y Ratnam,Good Friday,,Telugu,2017-12-27,https://waytochurch.com/lyrics/song/12399,539,688
12400,Christmas Antene Kreesthuku Aaraadhana,క్రిస్మస్ అంటేనే క్రీస్తుకు ఆరాధన,"Philip , Sharon",Christmas Kanuka,,,Telugu,2017-12-27,https://waytochurch.com/lyrics/song/12400,359,385
12401,Aruna Kaanthi Kiranamai,అరుణ కాంతి కిరణమై,Pastor A Shalem Israel,Music: M Asirvad Luke,,,Telugu,2017-12-27,https://waytochurch.com/lyrics/song/12401,434,504
12403,Devudu Dehamunu Pondina Dinamu,దేవుడు దేహమును పొందిన దినము,,,,,Telugu,2017-12-27,https://waytochurch.com/lyrics/song/12403,571,714
12404,Aascharyakarudaa Aalochanakartha Balavanthudaina Devudaa Happy Christmas,ఆశ్చర్యకరుడా ఆలోచనకర్త బలవంతుడైన దేవుడా,Bishop Daniel Kalyanapu,Cow Boy Creations,,,Telugu,2017-12-27,https://waytochurch.com/lyrics/song/12404,672,766
12405,Janminchinaaduraa Raaju Janminchinaaduraa,జన్మించినాడురా రాజు జన్మించినాడురా,G Davidson,,Christmas,,Telugu,2017-12-27,https://waytochurch.com/lyrics/song/12405,409,526
12406,Sahodarulu Aikyatha Kaligi Nivasinchuta P,సహోదరులు ఐక్యత కలిగి నివసించుట ఆది థల ంఈద ఒయబడి,,,,,Telugu,2017-12-27,https://waytochurch.com/lyrics/song/12406,580,731
12407,Ee Dinam Kreesthu Janma Dinam,ఈ దినం క్రీస్తు జన్మ దినం,Krupa Das Kollati,Music: Sabu Varghese,,,Telugu,2017-12-27,https://waytochurch.com/lyrics/song/12407,395,508
12408,Prakaashinche Aa Divya Seeyonulo,ప్రకాశించే ఆ దివ్య సీయోనులో,,,,,Telugu,2017-12-27,https://waytochurch.com/lyrics/song/12408,374,484
12409,Sthuthi Simhaasanaaseenudaa Naa Aaraadhanaku Paathrudaa,స్తుతి సింహాసనాసీనుడా,,,,,Telugu,2017-12-27,https://waytochurch.com/lyrics/song/12409,535,659
12410,Noraaragaa Chethunu Daivaaraadhananu,నోరారగా చేతును,,,,,Telugu,2017-12-27,https://waytochurch.com/lyrics/song/12410,348,435
12411,Samvathsaramulu Veluchundagaa Nithyamu Nee Krupatho Unchithivaa,సంవత్సరములు వెలుచుండగా నిత్యము నీ కృపతో ఉంచితివా,Bro  Nissy John,Siluvapai Snehithuda,New Year,,Telugu,2017-12-27,https://waytochurch.com/lyrics/song/12411,497,630
12412,Chinni Chinni Chethulatho Bulli Bulli Buggalatho,చిన్ని చిన్ని చేతులతో,,,,,Telugu,2017-12-27,https://waytochurch.com/lyrics/song/12412,791,985
12413,ni namam naa ganam,నీ నామం నాగానంనీ స్మరణే నా సర్వం,,,,,Telugu,2017-12-28,https://waytochurch.com/lyrics/song/12413,368,0
12414,pavitra parachumu naa hrudayam,పవిత్ర పరచుము నా హృదయంనీ వాక్యమే నా ఆధారం,,,,,Telugu,2017-12-28,https://waytochurch.com/lyrics/song/12414,390,0
12415,prema raju prema raju yesu prabhuvu,ప్రేమ రాజుప్రేమ రాజుయేసుప్రభువు మళ్ళీ వస్తాడు,,,,,Telugu,2017-12-28,https://waytochurch.com/lyrics/song/12415,718,0
12416,yesu mahaa dhevudu entha manchi dhevudu,యేసు మహా దేవుడుఎంత మంచి దేవుడు,,,,,Telugu,2017-12-28,https://waytochurch.com/lyrics/song/12416,580,0
12417,enniyallo enniyallo yesu dhevudochinaadu,ఎన్నియల్లో ఎన్నియల్లో,,,,,Telugu,2017-12-28,https://waytochurch.com/lyrics/song/12417,641,0
12418,thoorpu nundi padamara varaku enth dhooramo,తూర్పు నుండి పడమరకు ఎంత దూరమో,,,,,Telugu,2017-12-28,https://waytochurch.com/lyrics/song/12418,370,0
12419,yese naa dhevudu,యేసే నా దేవుడు,,,,,Telugu,2017-12-28,https://waytochurch.com/lyrics/song/12419,364,0
12420,kristhuni goorchi meeku emi,క్రీస్తుని గూర్చి మీకు ఏమి తోచుచున్నది,,,,,Telugu,2017-12-28,https://waytochurch.com/lyrics/song/12420,596,0
12421,rakshana pondhithiva nireekshana,రక్షణ పొందితివా నిరీక్షణ నొందితివా,,,,,Telugu,2017-12-28,https://waytochurch.com/lyrics/song/12421,542,0
12422,sthuthi mahima ganatha prabhavamulu neeke,స్తుతి మహిమ ఘనతప్రభావములు నీకే,,,,,Telugu,2017-12-28,https://waytochurch.com/lyrics/song/12422,355,0
12423,idhi rakshana krupa kaalam,ఇది రక్షణ కృపకాలం,,,,,Telugu,2017-12-28,https://waytochurch.com/lyrics/song/12423,390,0
12424,sthuthi sthothramulu chellinthumu,స్తుతి స్తోత్రములు చెల్లిం తుముస్తుతి గీతమునే పాడెదము,,,,,Telugu,2017-12-28,https://waytochurch.com/lyrics/song/12424,374,0
12425,o sevaka bhayapadaku,ఓ సేవకా భయపడకు నేను నీకు తోడైయుంటాను,,,,,Telugu,2017-12-28,https://waytochurch.com/lyrics/song/12425,561,0
12426,aaradhinthunu halleluya,ఆరాధింతును హల్లెలూయా,,,,,Telugu,2017-12-28,https://waytochurch.com/lyrics/song/12426,355,0
12427,aaradhinthu ninnu dheva,ఆరాధింతు నిన్ను దేవా,,,,,Telugu,2017-12-28,https://waytochurch.com/lyrics/song/12427,409,0
12428,kallu theristhe velugu raa,కళ్లు తెరిస్తే వెలుగురా,,,,,Telugu,2017-12-28,https://waytochurch.com/lyrics/song/12428,377,0
12429,nadathunu nadathunu nadathunu,నడుతును నడుతును నడుతునూ నడుతును ప్రభువుతో నెప్పుడు,,,,,Telugu,2017-12-28,https://waytochurch.com/lyrics/song/12429,499,0
12430,elanti vaadanyna,ఏలాంటి వాడవైనా,,,,,Telugu,2017-12-28,https://waytochurch.com/lyrics/song/12430,926,0
12431,hosanna neeke vandhanaalu,హోసన్న నీకే వందనాలు,,,,,Telugu,2017-12-28,https://waytochurch.com/lyrics/song/12431,693,0
12432,endhamo yesunemanukunnavu,ఏందమ్మో యేసునేమనుకున్నావు,,,,,Telugu,2017-12-28,https://waytochurch.com/lyrics/song/12432,844,0
12433,dheva ee jeevitham,దేవా ఈ జీవితం నీకంకితం,,,,,Telugu,2017-12-28,https://waytochurch.com/lyrics/song/12433,743,0
12434,kallalo kanneeru endhuku,కళ్ళల్లో కన్నీరు ఎందుకూ,,,,,Telugu,2017-12-28,https://waytochurch.com/lyrics/song/12434,1087,0
12435,yesuni kutumbhamokatunnadhi,యేసుని కుటుంబమొకటున్నది,,,,,Telugu,2017-12-28,https://waytochurch.com/lyrics/song/12435,578,0
12436,jagathi kethenche rakshana kartha,జగతి కేతెంచె రక్షణ కర్త,,,,,Telugu,2017-12-28,https://waytochurch.com/lyrics/song/12436,622,0
12437,yesu kooda vachunu,యేసు కూడా వచ్చును,,,,,Telugu,2017-12-28,https://waytochurch.com/lyrics/song/12437,604,0
12438,jaya janda pattukonedham,జయ జెండా పట్టుకొనెదం,,,,,Telugu,2017-12-28,https://waytochurch.com/lyrics/song/12438,641,0
12439,evaru nannu cheyi vidachinan,ఎవరు నన్ను చేయి విడిచినన్,,,,,Telugu,2017-12-28,https://waytochurch.com/lyrics/song/12439,621,0
12440,prabhupi bhaaramella mopumaya,ప్రభుపై భారమెల్ల మోపుమయా,,,,,Telugu,2017-12-28,https://waytochurch.com/lyrics/song/12440,318,0
12441,naaku chaalinadhi ni prema,నాకు చాలినది నీ ప్రేమ,"Samson , Stalin",,,,Telugu,2017-12-28,https://waytochurch.com/lyrics/song/12441,393,0
12442,Christmas Vachchindayyaa Nedu,క్రిస్మస్ వచ్చిందయ్యా నేడు,,,,,Telugu,2018-01-03,https://waytochurch.com/lyrics/song/12442,405,479
12443,Sthuthiki Paathruda Yesayyaa,స్తుతికి పాత్రుడ యేసయ్యా,,,,,Telugu,2018-01-03,https://waytochurch.com/lyrics/song/12443,418,509
12444,Haallelooyaa Aaraadhana,హాల్లేలూయా ఆరాధన,,"JK Christopher, Philip, Vincent, Sharon Sisters",,,Telugu,2018-01-03,https://waytochurch.com/lyrics/song/12444,380,465
12445,Rakshimpabadina Neevu Lokaashalapaine Needu,రక్షింపబడిన నీవు – లోకాశలపైనే నీదు,,,,,Telugu,2018-01-03,https://waytochurch.com/lyrics/song/12445,680,812
12446,Brathikeda Nee Kosame,బ్రతికెద నీ కోసమే,Bro  Raj Prakash Paul,Prakshalana,,,Telugu,2018-01-03,https://waytochurch.com/lyrics/song/12446,517,634
12447,Viluvaina Nee Krupa Naapai Choopi Kaachaavu Gatha Kaalamu,విలువైన నీ కృప నాపై చూపి – కాచావు గత కాలము,,Joshua Gariki,New Year,,Telugu,2018-01-03,https://waytochurch.com/lyrics/song/12447,582,740
12448,Aadhaaram Naaku Aadhaaram,ఆధారం నాకు ఆధారం,,,,,Telugu,2018-01-03,https://waytochurch.com/lyrics/song/12448,639,823
12449,Banthiyanaga Aadare Mana Baala,బంతియనగ ఆడరే,,,,,Telugu,2018-01-03,https://waytochurch.com/lyrics/song/12449,401,493
12450,Ee Dinamentho Shubha Dinamu,ఈ దినమెంతో శుభ దినము,,,,,Telugu,2018-01-03,https://waytochurch.com/lyrics/song/12450,352,452
12451,Parishuddhudavai Mahima Prabhaavamulaku Neeve Paathrudavu,పరిశుద్ధుడవై – మహిమ ప్రభావములకు నీవే పాత్రుడవు,,,,,Telugu,2018-01-09,https://waytochurch.com/lyrics/song/12451,756,988
12452,Yesayyaa Ninnu Preminchuvaaru,యేసయ్యా నిన్ను ప్రేమించువారు,,,,,Telugu,2018-01-09,https://waytochurch.com/lyrics/song/12452,563,667
12453,Abraahaamu Issaaku Yaakobunaku Devudavu,అబ్రాహాము ఇస్సాకు యాకోబునకు దేవుడవు,,,,,Telugu,2018-01-09,https://waytochurch.com/lyrics/song/12453,511,608
12454,Naa Krupa Neeku Chaalani,నా కృప నీకు చాలని,,,,,Telugu,2018-01-09,https://waytochurch.com/lyrics/song/12454,458,559
12455,Sarva Lokamaa Sthuthi Geetham Paadedam,సర్వ లోకమా స్తుతి గీతం పాడెదం,,Brightie & Joy,,,Telugu,2018-01-09,https://waytochurch.com/lyrics/song/12455,499,629
12456,Parama Thandri Kumaarudaa,పరమ తండ్రి కుమారుడా,,,,,Telugu,2018-01-09,https://waytochurch.com/lyrics/song/12456,382,489
12457,Devaa Naa Devaa Neeve Naa Kaapari,దేవా నా దేవా – నీవే నా కాపరి,,,,,Telugu,2018-01-09,https://waytochurch.com/lyrics/song/12457,387,456
12458,Yese Naa Oopiri Yese Naa Kaapari,యేసే నా ఊపిరి – యేసే నా కాపరి,,,,,Telugu,2018-01-09,https://waytochurch.com/lyrics/song/12458,347,463
12459,Maarpuleni Thandrivi Neeve,మార్పులేని తండ్రివి నీవే,Pastor: Ravindra Ottepu,,,,Telugu,2018-01-09,https://waytochurch.com/lyrics/song/12459,369,445
12460,Naa Jeevithaanthamu,నా జీవితాంతము,,,,,Telugu,2018-01-09,https://waytochurch.com/lyrics/song/12460,597,731
12461,Aahaa Aanandame Paramaanandame,ఆహా ఆనందమే పరమానందమే,,,,,Telugu,2018-01-09,https://waytochurch.com/lyrics/song/12461,449,530
12462,Nee Snehamu Entho Sathyamu,నీ స్నేహము ఎంతో సత్యము,,,,,Telugu,2018-01-09,https://waytochurch.com/lyrics/song/12462,603,742
12463,Krupaa Sathya Sampoornudaa Krupaamayudaa,కృపా సత్య సంపూర్ణుడా,,,,,Telugu,2018-01-09,https://waytochurch.com/lyrics/song/12463,372,483
12464,Mukha Darshanam Chaalayyaa,ముఖ దర్శనం చాలయ్యా,,,,,Telugu,2018-01-09,https://waytochurch.com/lyrics/song/12464,472,592
12465,Upavaasamtho Praardhanalo,ఉపవాసంతో ప్రార్ధనలో,,,,,Telugu,2018-01-09,https://waytochurch.com/lyrics/song/12465,485,592
12466,Melainaa Keedainaa Neethone Yesayyaa,మేలైనా కీడైనా నీతోనే యేసయ్యా,,,,,Telugu,2018-01-09,https://waytochurch.com/lyrics/song/12466,521,635
12467,Entha manchi Devudavayya,ఎంత మంచి దేవుడవయ్యా ఎంత మంచి దేవుడవయ్యా,,,,,Telugu,2018-01-09,https://waytochurch.com/lyrics/song/12467,392,0
12468,Naa Jeevitha Vyadhalandu,నా జీవిత వ్యధలందు యేసే జవాబు,,,,,Telugu,2018-01-16,https://waytochurch.com/lyrics/song/12468,489,626
12470,yehoavaa needu mealulanu elaa varNimpagalanu,యెహోవా నీదు మేలులను – ఎలా వర్ణింపగలను,Bro  Raj Prakash paul,pradhana-2016,,,Telugu,2018-02-20,https://waytochurch.com/lyrics/song/12470,586,726
12471,Nammadagina Devudaa,నమ్మదగిన దేవుడా,,,,,Telugu,2018-02-20,https://waytochurch.com/lyrics/song/12471,412,505
12472,Yesu Entho Varaala Manassu Needi,యేసూ ఎంతో వరాల మనస్సూ నీది,,,,,Telugu,2018-03-01,https://waytochurch.com/lyrics/song/12472,508,621
12473,Halle Halle Halle Hallelooyaa,హల్లే హల్లే హల్లే హల్లేలూయా,,,,,Telugu,2018-03-01,https://waytochurch.com/lyrics/song/12473,556,671
12474,Nee Saakshyamu Edi,నీ సాక్ష్యము ఏది,,,,,Telugu,2018-03-01,https://waytochurch.com/lyrics/song/12474,454,537
12475,Nenellappudu Yehovanu Sannuthinchedan,నేనెల్లప్పుడు యెహోవను సన్నుతించెదన్,,,,,Telugu,2018-03-01,https://waytochurch.com/lyrics/song/12475,1330,1622
12476,Nuvvevaro Yesu Nuvvevaro,నువ్వెవరో యేసు నువ్వెవరో ఈ లోకం కన్నా మిన్నగా,,,,,Telugu,2018-03-01,https://waytochurch.com/lyrics/song/12476,579,696
12477,Naa Thanuvu Naa Manasu,నా తనువు నా మనసు,,,,,Telugu,2018-03-01,https://waytochurch.com/lyrics/song/12477,507,622
12479,Naa Devunni Nenu Premisthunna,నా దేవుణ్ణి నేను ప్రేమిస్తున్నా,,,,,Telugu,2018-03-01,https://waytochurch.com/lyrics/song/12479,262,295
12480,Neevegaa Yesu Neevegaa,నీవేగా యేసు నీవేగా,,,,,Telugu,2018-03-01,https://waytochurch.com/lyrics/song/12480,296,376
12481,Naalaanti Chinnalante Yesayyakishtam,నాలాంటి చిన్నలంటే యేసయ్యకిష్టం,,,,,Telugu,2018-03-01,https://waytochurch.com/lyrics/song/12481,223,266
12492,Tharaalu Maarinaa Yugaalu Maarinaa,తరాలు మారినా యుగాలు మారినా,,,,,Telugu,2018-03-01,https://waytochurch.com/lyrics/song/12492,378,464
12493,Maruvaddu Maruvaddu,మరువద్దు మరువద్దు,,,,,Telugu,2018-03-01,https://waytochurch.com/lyrics/song/12493,430,509
12494,Premaa Poornudu Praana Naathudu,ప్రేమా పూర్ణుడు ప్రాణ నాథుడు,,,,,Telugu,2018-03-01,https://waytochurch.com/lyrics/song/12494,543,627
12495,Kaluvari Siluva Siluvalo Viluva,కలువరి సిలువ సిలువలో విలువ,,,Good Friday,,Telugu,2018-03-01,https://waytochurch.com/lyrics/song/12495,471,602
12496,Vandanaalu Yesu Naa Vandanaalo,వందనాలు యేసు నా వందనాలో,,,,,Telugu,2018-03-01,https://waytochurch.com/lyrics/song/12496,781,956
12497,Oohaku Andani Kaaryamul,ఊహకు అందని కార్యముల్,,,,,Telugu,2018-03-01,https://waytochurch.com/lyrics/song/12497,601,735
12499,Sevakulaaraa Suvaarthikulaaraa,సేవకులారా సువార్తికులారా,,,,,Telugu,2018-03-03,https://waytochurch.com/lyrics/song/12499,1071,1278
12500,Prabhuvaa Prabhuvaa,ప్రభువా ప్రభువా,,,,,Telugu,2018-03-03,https://waytochurch.com/lyrics/song/12500,460,574
12501,O Naavikaa O Naavikaa,ఓ నావికా ఓ నావికా,,,,,Telugu,2018-03-03,https://waytochurch.com/lyrics/song/12501,885,1090
12502,Adagaka Mundhe Akkaralerigi,అడగక ముందే అక్కరలెరిగి,,,,,Telugu,2018-03-03,https://waytochurch.com/lyrics/song/12502,630,806
12503,Kummari Chethilo Manti Vale,కుమ్మరి చేతిలో మంటి వలె,,,,,Telugu,2018-03-03,https://waytochurch.com/lyrics/song/12503,391,453
12504,Sthuthi Gaaname Paadanaa,స్తుతి గానమే పాడనా,,,,,Telugu,2018-03-03,https://waytochurch.com/lyrics/song/12504,543,691
12505,Idhe Naa Hrudhaya Vaanchana,ఇదే నా హృదయ వాంఛన,,,,,Telugu,2018-03-03,https://waytochurch.com/lyrics/song/12505,794,990
12506,Sundharamaina Dehaalenno Shithilam Kaaledhaa,సుందరమైన దేహాలెన్నో శిధిలం కాలేదా,,,,,Telugu,2018-03-03,https://waytochurch.com/lyrics/song/12506,867,1129
12507,Devaa Naa Hrudayamutho,దేవా నా హృదయముతో,,,,,Telugu,2018-03-03,https://waytochurch.com/lyrics/song/12507,366,447
12508,Aakarshinche Priyudaa,ఆకర్షించే ప్రియుడా…,,,,,Telugu,2018-03-03,https://waytochurch.com/lyrics/song/12508,500,624
12509,Edusthunnaademo Yesayya,ఏడుస్తున్నాడేమో యేసయ్య,,,,,Telugu,2018-03-03,https://waytochurch.com/lyrics/song/12509,450,504
12510,Paavuramaa Nee Prema Entha Madhuramu,పావురమా నీ ప్రేమ ఎంత మధురము,,,,,Telugu,2018-03-03,https://waytochurch.com/lyrics/song/12510,550,672
12511,Devaadhi Devudu Mahopakaarudu,దేవాది దేవుడు మహోపకారుడు,,,,,Telugu,2018-03-03,https://waytochurch.com/lyrics/song/12511,415,529
12512,Goodu Vidachi Vellina Naade,గూడు విడచి వెళ్లిన నాడే,,,,,Telugu,2018-03-03,https://waytochurch.com/lyrics/song/12512,350,439
12513,Neeve Neeve Kaavaali Prabhuvuku,నీవే నీవే కావాలి ప్రభువుకు,,,,,Telugu,2018-03-14,https://waytochurch.com/lyrics/song/12513,484,600
12514,Nijamaina Draakshaavalli Neevee,నిజమైన ద్రాక్షావల్లి నీవే,,,,,Telugu,2018-03-14,https://waytochurch.com/lyrics/song/12514,605,758
12515,Eruganayyaa Ninneppudu,ఎరుగనయ్యా నిన్నెప్పుడు,,,,,Telugu,2018-03-14,https://waytochurch.com/lyrics/song/12515,431,520
12516,Viluvainadhi Samayamu O Nesthamaa,విలువైనది సమయము ఓ నేస్తమా,,,,,Telugu,2018-03-14,https://waytochurch.com/lyrics/song/12516,449,580
12517,Idhi Devuni Nirnayamu,ఇది దేవుని నిర్ణయము,,,,,Telugu,2018-03-14,https://waytochurch.com/lyrics/song/12517,324,404
12518,Swachchandha Seeyonu Vaasi,స్వఛ్చంద సీయోను వాసి,,,,,Telugu,2018-04-04,https://waytochurch.com/lyrics/song/12518,1260,1555
12519,Ninu Sthuthiyinche Kaaranam,నిను స్తుతియించే కారణం,,,,,Telugu,2018-04-13,https://waytochurch.com/lyrics/song/12519,665,798
12520,Yesayyaa Yesayyaa Needhentha Jaali Manasayyaa,యేసయ్యా యేసయ్యా నీదెంత జాలి మనసయ్యా,,,,,Telugu,2018-04-13,https://waytochurch.com/lyrics/song/12520,495,576
12521,Entha Premo Naapai Yesayyaa,ఎంత ప్రేమో నాపై యేసయ్యా,,,,,Telugu,2018-04-13,https://waytochurch.com/lyrics/song/12521,593,705
12522,Shilanaina Nannu Shilpivai Maarchaavu,శిలనైన నన్ను శిల్పివై మార్చావు,,,,,Telugu,2018-04-13,https://waytochurch.com/lyrics/song/12522,652,783
12523,Sundharudaa Athi Kaankshaneeyudaa,సుందరుడా అతి కాంక్షనీయుడా,,,,,Telugu,2018-04-13,https://waytochurch.com/lyrics/song/12523,228,283
12527,Naa Koraku Baliyaina Prema,నా కొరకు బలియైన ప్రేమ,,,,,Telugu,2018-04-13,https://waytochurch.com/lyrics/song/12527,576,723
12528,Chitti Potti Paapanu Nenu,చిట్టి పొట్టి పాపను నేను,,,,,Telugu,2018-04-13,https://waytochurch.com/lyrics/song/12528,227,263
12529,Hosannaa Hosannaa Daaveedu Thanayaa Hosannaa,హోసన్నా హోసన్నా దావీదు తనయా హోసన్నా,,karunamayudu movie,,,Telugu,2018-04-13,https://waytochurch.com/lyrics/song/12529,676,810
12530,Ardham chesukune apthudavu,అర్ధం చేసుకునే ఆప్తుడవు నీవే బాధను పంచుకునే బంధువు నీవే,,,,,Telugu,2018-04-13,https://waytochurch.com/lyrics/song/12530,554,0
12531,ninne namminanu yesayya,నిన్నే నమ్మినాను యేసయ్య నన్ను విడిచి పోకు యేసయ్య,,,,,Telugu,2018-04-13,https://waytochurch.com/lyrics/song/12531,744,0
12532,Adhigadhigo Alladhigo,అదిగదిగో అల్లదిగో,,,Good Friday,,Telugu,2018-04-13,https://waytochurch.com/lyrics/song/12532,979,1201
12536,Yesu Raajaa Arpinchedhanayyaa,యేసు రాజా అర్పించెదనయ్యా నా జీవితం,,,,,Telugu,2018-04-25,https://waytochurch.com/lyrics/song/12536,397,442
12537,Siluvalo Nee Prema Paapamu Theesenayyaa,సిలువలో నీ ప్రేమ – పాపము తీసేనయ్యా,,,Good Friday,,Telugu,2018-04-25,https://waytochurch.com/lyrics/song/12537,692,829
12538,Nee Gnaapakam Anekulanu Prabhu Vaipuku Thrippuchundenaa,నీ జ్ఞాపకం అనేకులను – ప్రభు వైపుకు త్రిప్పుచుండెనా,,,,,Telugu,2018-04-25,https://waytochurch.com/lyrics/song/12538,650,803
12539,Priya Yesu Mana Koraku,ప్రియ యేసు మన కొరకు,,,,,Telugu,2018-04-25,https://waytochurch.com/lyrics/song/12539,460,542
12540,Parishuddhudaa Parishuddhudaa Nee Sannidhilo Mokarinchedhaa,పరిశుద్ధుడా పరిశుద్ధుడా నీ సన్నిధిలో మోకరించెదా,,,,,Telugu,2018-04-25,https://waytochurch.com/lyrics/song/12540,342,367
12542,Hallelooyani Paadarandi Vijayudaina Yesunaku,హల్లేలూయని పాడరండి విజయుడైన యేసునకు,,,,,Telugu,2018-04-25,https://waytochurch.com/lyrics/song/12542,331,367
12545,Sarva Maanava Paapa Parihaaraardhamai Doshivaa Prabhu,సర్వమానవ పాపపరిహారార్థమై సిలువలో దోషివా ప్రభూ,,,Good Friday,,Telugu,2018-04-25,https://waytochurch.com/lyrics/song/12545,712,818
12550,Lekkimpaga Tharamaa Nee Melulu,లెక్కింపగ తరమా నీ మేలులు,,,,,Telugu,2018-05-11,https://waytochurch.com/lyrics/song/12550,505,618
12554,Sthuthiki Paathrudaa Sathya Sheeludaa,స్తుతికి పాత్రుడా సత్య శీలుడా,,,,,Telugu,2018-05-11,https://waytochurch.com/lyrics/song/12554,459,523
12555,Kanti Paapanu Kaayu Reppalaa,కంటి పాపను కాయు రెప్పలా,,,,,Telugu,2018-05-11,https://waytochurch.com/lyrics/song/12555,555,678
12556,Ishraayelu Devaa NAa Sthuthula Meedha Aaseenudaa,ఇశ్రాయేలు దేవా నా స్తుతులమీద ఆసీనుడా,,,,,Telugu,2018-05-11,https://waytochurch.com/lyrics/song/12556,671,881
12558,Yesayyaa Nee Maatalu Thene Kante Madhuramu,యేసయ్యా నీ మాటలు – తేనె కంటె మధురము,,,,,Telugu,2018-05-11,https://waytochurch.com/lyrics/song/12558,563,708
12559,Aathma Varshamu Maapai Kuripinchumu,ఆత్మ వర్షము మాపై కురిపించుము,bro  Paul Emmanuel,,,,Telugu,2018-05-11,https://waytochurch.com/lyrics/song/12559,435,524
12560,Cheekatule Nannu Kammukonangaa,చీకటులే నన్ను కమ్ముకొనంగా,,,,,Telugu,2018-05-11,https://waytochurch.com/lyrics/song/12560,465,567
12562,Nee Prema Naa Jeevithaanni,నీ ప్రేమ నా జీవితాన్ని – నీకై వెలిగించెనే యేసయ్యా,,,,,Telugu,2018-05-15,https://waytochurch.com/lyrics/song/12562,542,640
12563,Sadaakaalamu Nee Yande,సదాకాలము – నీ యందే నా గురి,,,,,Telugu,2018-05-15,https://waytochurch.com/lyrics/song/12563,473,577
12564,Manasulokataaye Bhuvilo,మనసులొకటాయే భువిలో,,,,,Telugu,2018-05-15,https://waytochurch.com/lyrics/song/12564,413,533
12565,Gurthundipoye Ee Kshanaalalo,గుర్తుండిపోయే ఈ క్షణాలలో,,,,,Telugu,2018-05-15,https://waytochurch.com/lyrics/song/12565,526,633
13116,Dhanya maaye na jeevithame,ధన్య మాయె న జీవితమె,"Jonah Samuel, singer Harini",,,,Telugu,2018-05-23,https://waytochurch.com/lyrics/song/13116,834,1070
13119,Amma Kanna Minna O Yesayyaa,అమ్మ కన్న మిన్న ఓ యేసయ్యా,,,,,Telugu,2018-05-26,https://waytochurch.com/lyrics/song/13119,205,245
13121,Sthuthi Madhura Geethamu Velaadi Sthothramu,స్తుతి మధుర గీతము వేలాది స్తోత్రము,,,,,Telugu,2018-05-26,https://waytochurch.com/lyrics/song/13121,475,590
13127,Ae Bhaashakandani Bhaavam Neevu,ఏ భాషకందని భావం నీవు,,,,,Telugu,2018-05-26,https://waytochurch.com/lyrics/song/13127,750,947
13152,Devaa Nee Aathmanu Naa Nundi,దేవా నీ ఆత్మను నా నుండి,,,,,Telugu,2018-06-21,https://waytochurch.com/lyrics/song/13152,440,529
13154,Yugayugaalu Maariponidhi,యుగయుగాలు మారిపోనిది,,,,,Telugu,2018-06-22,https://waytochurch.com/lyrics/song/13154,525,620
13155,Nenante Neeku Enthishtamo,నేనంటే నీకు ఎంతిష్టమో,,,,,Telugu,2018-06-22,https://waytochurch.com/lyrics/song/13155,490,644
13164,Aashrayamaa Aadhaaramaa Neeve Naa Yesayyaa,ఆశ్రయమా ఆధారమా నీవే నా యేసయ్యా,,,,,Telugu,2018-06-29,https://waytochurch.com/lyrics/song/13164,493,607
13168,Ishraayelu Sainyamulaku Mundu Nadachina Daivamaa,ఇశ్రాయేలు సైన్యములకు ముందు నడచిన దైవమా,,,,,Telugu,2018-06-29,https://waytochurch.com/lyrics/song/13168,449,530
13169,Ae Gumpulo Nunnaavo,ఏ గుంపులో నున్నావో,,,,,Telugu,2018-06-29,https://waytochurch.com/lyrics/song/13169,875,1015
13170,Thana Rakthamtho Kadigi,తన రక్తంతో కడిగి,,,,,Telugu,2018-06-29,https://waytochurch.com/lyrics/song/13170,295,376
13172,Enaleni Prema Naapaina Choopi Narunigaa Vachchina Naa Devaa,ఎనలేని ప్రేమ నాపైన చూపి,,OOHINCHAGALANA,,,Telugu,2018-06-29,https://waytochurch.com/lyrics/song/13172,360,445
13183,Ontarithanamulo Thoduvai,ఒంటరితనములో తోడువై,,,,,Telugu,2018-07-23,https://waytochurch.com/lyrics/song/13183,304,383
13188,Yavvanaa Janamaa,యవ్వనా జనమా,,,,,Telugu,2018-07-23,https://waytochurch.com/lyrics/song/13188,351,428
13190,Naa Chinni Hrudayamlo Yesu Unnaadu,నా చిన్ని హృదయంలో యేసు ఉన్నాడు,,,,,Telugu,2018-07-23,https://waytochurch.com/lyrics/song/13190,373,439
13191,Gira Gira Thirigi Thirigi Thirigi,గిర గిర తిరిగి తిరిగి తిరిగి,,,,,Telugu,2018-07-23,https://waytochurch.com/lyrics/song/13191,444,543
13192,Yesu Raajaa Neeke,యేసు రాజా నీకే,,,,,Telugu,2018-07-27,https://waytochurch.com/lyrics/song/13192,381,492
13193,Innaallu Thodugaa Maatho Nadichaavu,ఇన్నాళ్లు తోడుగా మాతో నడిచావు,AR Stevenson,,,,Telugu,2018-08-03,https://waytochurch.com/lyrics/song/13193,397,492
13194,Nammaku Ilalo Evarini,నమ్మకు ఇలలో ఎవరిని,AR Stevenson,,,,Telugu,2018-08-03,https://waytochurch.com/lyrics/song/13194,650,773
13195,Aaraadhana Aaraadhana,ఆరాధన… ఆరాధన…,,,,,Telugu,2018-08-03,https://waytochurch.com/lyrics/song/13195,485,630
13196,Madhuram Ee Shubha Samayam,మధురం ఈ శుభ సమయం,,,,,Telugu,2018-08-10,https://waytochurch.com/lyrics/song/13196,409,536
13197,Ishraayelu Raajuve,ఇశ్రాయేలు రాజువే,,,,,Telugu,2018-08-10,https://waytochurch.com/lyrics/song/13197,320,381
13206,Nadavaalani Yesu Nadavaalani,నడవాలని యేసు నడవాలని,,,,,Telugu,2018-08-16,https://waytochurch.com/lyrics/song/13206,342,468
13215,Aaraadhinchedam Aarbhaatinchedam Yesuni Sannidhilo,ఆరాధించెదం ఆర్భాటించెదం – యేసుని సన్నిధిలో,,,,,Telugu,2018-08-17,https://waytochurch.com/lyrics/song/13215,646,795
13216,Neeve Neeve Nannu Pilichina Swaramu,నీవే నీవే నన్ను పిలిచిన స్వరము,,,,,Telugu,2018-08-17,https://waytochurch.com/lyrics/song/13216,504,630
13217,Neethone Undutaye,నీతోనే ఉండుటయే,,,,,Telugu,2018-08-17,https://waytochurch.com/lyrics/song/13217,341,423
13218,Nee Krupa Aakaashamu Kannaa Etthainadhi Yesayyaa,నీ కృప ఆకాశము కన్నా ఎత్తైనది యేసయ్యా,,,,,Telugu,2018-08-17,https://waytochurch.com/lyrics/song/13218,357,443
13222,kanti papa valey nannu,కంటి పాప వలే నన్ను కాచుటకు నేను అర్హుడనా నేను అర్హుడనా,,,,,Telugu,2018-08-17,https://waytochurch.com/lyrics/song/13222,951,0
13223,yehova yeere,యెహోవా యీరే నను చూసేవాడ నీవండుటయే చాలు,,,,,Telugu,2018-08-17,https://waytochurch.com/lyrics/song/13223,574,0
13224,Neeke Naa Aaraadhana Neeke Naa Aalaapana,నీకే నా ఆరాధన,,,,,Telugu,2018-09-14,https://waytochurch.com/lyrics/song/13224,343,425
13229,Bhoopunaadhi Munupe Ee Loka Srushti Munde,భూపునాది మునుపే – ఈ లోక సృష్టి ముందే,,,,,Telugu,2018-10-06,https://waytochurch.com/lyrics/song/13229,498,607
13233,Manchini Panche Daarokati,మంచిని పంచే దారొకటి,,,,,Telugu,2018-10-06,https://waytochurch.com/lyrics/song/13233,476,566
13234,Needhu Prema Naalo Unchi Jeevamunichchaavu,నీదు ప్రేమ నాలో ఉంచి జీవమునిచ్చావు,prabhu pammi,alapana,,,Telugu,2018-10-06,https://waytochurch.com/lyrics/song/13234,530,665
13235,Nee Sannidhilo Ee Aaraadhananu,నీ సన్నిధిలో ఈ ఆరాధనను,,,,,Telugu,2018-10-06,https://waytochurch.com/lyrics/song/13235,368,451
13236,Ananda ganalatho,ఆనంద గానాలతో ఆరాధించెద ఐశ్వర్యవంతుడా యేసయ్య,,,,,Telugu,2018-10-06,https://waytochurch.com/lyrics/song/13236,650,0
13237,Devaa Yehovaa naaku chaalina vaada,దేవా… యెహోవా… నాకు చాలిన వాడా,,,,,Telugu,2018-10-06,https://waytochurch.com/lyrics/song/13237,366,449
13238,Yese Nee Madhilo Undagaa,యేసే నీ మదిలో ఉండగా,,,,,Telugu,2018-10-12,https://waytochurch.com/lyrics/song/13238,513,621
13239,Ellappudunu Prabhuvunandu Aanandinchandi,ఎల్లప్పుడును ప్రభువునందు ఆనందించండి,,,,,Telugu,2018-10-12,https://waytochurch.com/lyrics/song/13239,799,974
13240,Sthothrabali Arpinchedhamu,స్తోత్రబలి అర్పించెదము,,,,,Telugu,2018-10-12,https://waytochurch.com/lyrics/song/13240,565,671
13241,Janminche Janminche Raaraaju Janminche Cheekati Brathukulu Tholaginchi Lokamune Veliginche,జన్మించె జన్మించె – రారాజు జన్మించె,,,Christmas,,Telugu,2018-10-12,https://waytochurch.com/lyrics/song/13241,778,905
13244,Chakkanaina Daari Neeve,చక్కనైన దారి నీవే,,,,,Telugu,2018-10-23,https://waytochurch.com/lyrics/song/13244,458,565
13245,Dhayaaludaa Nee Krupa Nithyamundunu,దయాళుడా నీ కృప నిత్యముండును,,,,,Telugu,2018-10-23,https://waytochurch.com/lyrics/song/13245,341,398
13248,Devaa Yehovaa Seeyonulo Nundi,దేవా యెహోవా సీయోనులో నుండి,,,,,TELUGU,2018-10-26,https://waytochurch.com/lyrics/song/13248,435,532
13249,Goppavaadu Kreesthu Yesu Puttinaadu Nee Kosam,గొప్పవాడు క్రీస్తు యేసు పుట్టినాడు నీ కోసం,,,Christmas,,Telugu,2018-11-06,https://waytochurch.com/lyrics/song/13249,465,550
13255,athyunnatha simhaasanamupai aaseenudavaina devaa,అత్యున్నత సింహాసనముపై ఆసీనుడవైన,Amshumathi Mary,,Praise Worship,,TELUGU,2018-11-30,https://waytochurch.com/lyrics/song/13255,731,901
13256,vandanamayyaa vandanamayyaa yesu naathaa,వందనమయ్యా వందనమయ్యా యేసు,,,,,TELUGU,2018-11-30,https://waytochurch.com/lyrics/song/13256,542,711
13257,advitheeya sathya devudu,అద్వితీయ సత్య దేవుడు,,,,,TELUGU,2018-11-30,https://waytochurch.com/lyrics/song/13257,193,236
13258,anni velala aaraadhana,అన్ని వేళల ఆరాధన,,,,,TELUGU,2018-11-30,https://waytochurch.com/lyrics/song/13258,363,433
13259,anudinam aa prabhuni varame,అనుదినం ఆ ప్రభుని,,,,,TELUGU,2018-11-30,https://waytochurch.com/lyrics/song/13259,560,673
13260,appagimpabadina raathri,అప్పగింపబడిన రాత్రి,,,,,TELUGU,2018-11-30,https://waytochurch.com/lyrics/song/13260,558,669
13261,amoolyamaina aanimuthyamaa,అమూల్యమైన ఆణిముత్యమా,Rev  Rachel Jyothi Komanapalli,"AMULYAMAINA AANIMUTHYAM, Music: Bro. J.K. Christopher",,,TELUGU,2018-11-30,https://waytochurch.com/lyrics/song/13261,501,627
13262,ayyaa naa kosam kalvarilo,అయ్యా నా కోసం,,,Good Friday,,TELUGU,2018-11-30,https://waytochurch.com/lyrics/song/13262,364,428
13263,avadhule lenidi divyamaina nee krupa,అవధులే లేనిది దివ్యమైన,,,,,TELUGU,2018-11-30,https://waytochurch.com/lyrics/song/13263,566,706
13264,andaalu chinde shubha vela anduko ee vela,అందాలు చిందే శుభ,,,Marriage,,TELUGU,2018-11-30,https://waytochurch.com/lyrics/song/13264,388,474
13265,aakaasham amrutha jallulu kurpinchindi,ఆకాశం అమృత జల్లులు,,,,,TELUGU,2018-11-30,https://waytochurch.com/lyrics/song/13265,344,454
13267,aathmeeya gaanaalatho,ఆత్మీయ గానాలతో,,,,,TELUGU,2018-11-30,https://waytochurch.com/lyrics/song/13267,730,903
13268,aapathkaalamuna naaku aashrayamu neeve,ఆపత్కాలమున నాకు ఆశ్రయము,,,,,TELUGU,2018-11-30,https://waytochurch.com/lyrics/song/13268,592,733
13269,aakashaana thaara okati velasindi,ఆకశాన తార ఒకటి,,,,,TELUGU,2018-11-30,https://waytochurch.com/lyrics/song/13269,546,648
13270,adugaduguna raktha bindhuvule,అడుగడుగున రక్త బింధువులే,,,,,TELUGU,2018-11-30,https://waytochurch.com/lyrics/song/13270,481,583
13271,aarambhamayyindi restoration,ఆరంభమయ్యింది రెస్టోరేషన్,,,,,TELUGU,2018-11-30,https://waytochurch.com/lyrics/song/13271,2009,2397
13272,aalakinchu devaa sthothraalaapana,ఆలకించు దేవా స్తోత్రాలాపన,,,,,TELUGU,2018-11-30,https://waytochurch.com/lyrics/song/13272,521,677
13273,aalochanalo goppavaadaa,ఆలోచనలో గొప్పవాడా,,,,,TELUGU,2018-11-30,https://waytochurch.com/lyrics/song/13273,452,617
13274,aavedana nenondanu,ఆవేదన నేనొందను,,,,,TELUGU,2018-11-30,https://waytochurch.com/lyrics/song/13274,398,493
13275,aascharyakarudaa sthothram,ఆశ్చర్యకరుడా స్తోత్రం,,,,,TELUGU,2018-11-30,https://waytochurch.com/lyrics/song/13275,283,356
13276,aashraya durgamaa naa yesayyaa,ఆశ్రయదుర్గమా నా యేసయ్యా,,,,,TELUGU,2018-11-30,https://waytochurch.com/lyrics/song/13276,722,907
13277,idigo devuni gorrepillaa,ఇదిగో దేవుని గొర్రెపిల్లా,,,,,TELUGU,2018-11-30,https://waytochurch.com/lyrics/song/13277,688,781
13278,innellu ilalo unnaamu manamu,ఇన్నేళ్లు ఇలలో ఉన్నాము,,,New Year,,TELUGU,2018-11-30,https://waytochurch.com/lyrics/song/13278,437,532
13279,isuka meeda illu kattaku adi koolipothundi,ఇసుక మీద ఇల్లు,,,,,TELUGU,2018-11-30,https://waytochurch.com/lyrics/song/13279,906,1042
13280,unnaadu devudu naaku thodu,ఉన్నాడు దేవుడు నాకు,,,,,TELUGU,2018-11-30,https://waytochurch.com/lyrics/song/13280,362,442
13281,ullaasa jeevitham adi oohaku andanidi,ఉల్లాస జీవితం అది,,,,,TELUGU,2018-11-30,https://waytochurch.com/lyrics/song/13281,784,958
13282,oohinchaleni kaaryamulu devudu jariginchinaadu,ఊహించలేని కార్యములు దేవుడు,,,,,TELUGU,2018-11-30,https://waytochurch.com/lyrics/song/13282,580,715
13283,ekkado manasu vellipoyindi,ఎక్కడో మనసు వెళ్ళిపోయింది,,,,,TELUGU,2018-11-30,https://waytochurch.com/lyrics/song/13283,509,592
13284,etu choochinaa yuddha samaachaaraalu,ఎటు చూచినా యుద్ధ,,,,,TELUGU,2018-11-30,https://waytochurch.com/lyrics/song/13284,859,1040
13285,eppudo ekkado janminchina meeriruvuru,ఎప్పుడో ఎక్కడో జన్మించిన,,,Marriage,,TELUGU,2018-11-30,https://waytochurch.com/lyrics/song/13285,976,1099
13286,ellalu lenidi sarihaddulu lenidi,ఎల్లలు లేనిది సరిహద్దులు,,,,,TELUGU,2018-11-30,https://waytochurch.com/lyrics/song/13286,529,590
13287,evari kosamo ee praana thyaagamu,ఎవరి కోసమో ఈ,,,,,TELUGU,2018-11-30,https://waytochurch.com/lyrics/song/13287,576,698
13288,neevunnaavani oke aasha,నీవున్నావని ఒకే ఆశ,,,,,TELUGU,2018-11-30,https://waytochurch.com/lyrics/song/13288,552,662
13289,evaru sameepinchaleni,ఎవరూ సమీపించలేని,,,,,TELUGU,2018-11-30,https://waytochurch.com/lyrics/song/13289,486,608
13290,krupa krupa krupa,కృప… కృప… కృప…,,,,,TELUGU,2018-11-30,https://waytochurch.com/lyrics/song/13290,499,651
13291,entha cheppina vaakyaminaka pothivi,ఎంత చెప్పిన వాక్యమినక,,,,,TELUGU,2018-11-30,https://waytochurch.com/lyrics/song/13291,340,419
13292,entha dooramainaa adi entha bhaaramainaa,ఎంత దూరమైనా అది,,,,,TELUGU,2018-11-30,https://waytochurch.com/lyrics/song/13292,359,446
13293,,ఎంత పెద్ద పోరాటమో,,,,,TELUGU,2018-11-30,https://waytochurch.com/lyrics/song/13293,425,493
13294,enthati vaadanu nenu yesayyaa,ఎంతటి వాడను నేను,,,,,TELUGU,2018-11-30,https://waytochurch.com/lyrics/song/13294,625,761
13295,enthentha bhaaramaaye aa siluva,ఎంతెంత భారమాయె ఆ,,,Good Friday,,TELUGU,2018-11-30,https://waytochurch.com/lyrics/song/13295,640,747
13296,entho bhaagyambu shree yesu dorikenu,ఎంతో భాగ్యంబు శ్రీ,,,,,TELUGU,2018-11-30,https://waytochurch.com/lyrics/song/13296,359,454
13297,entho madhuram naa yesu prema,ఎంతో మధురం నా,,,,,TELUGU,2018-11-30,https://waytochurch.com/lyrics/song/13297,359,436
13298,entho sundarudamma thaanu,ఎంతో సుందరుడమ్మ తాను…,,,,,TELUGU,2018-11-30,https://waytochurch.com/lyrics/song/13298,970,1186
13299,endaro endaru endaro,ఎందరో… ఎందరు ఎందరో…,,,,,TELUGU,2018-11-30,https://waytochurch.com/lyrics/song/13299,366,435
13300,enduko devaa inthati premaa,ఎందుకో దేవా ఇంతటి,,,,,TELUGU,2018-11-30,https://waytochurch.com/lyrics/song/13300,441,518
13301,ae yogyathaa leni nannu neevu preminchinaavu devaa,ఏ యోగ్యతా లేని,,,,,TELUGU,2018-11-30,https://waytochurch.com/lyrics/song/13301,490,604
13302,emani ne paadedan etlu ninnu sthuthiyinthunu,ఏమని నే పాడెదన్,,,,,TELUGU,2018-11-30,https://waytochurch.com/lyrics/song/13302,596,693
13303,emivvagalanayya naa yesayyaa,ఏమివ్వగలనయ్య నా యేసయ్యా,,,,,TELUGU,2018-11-30,https://waytochurch.com/lyrics/song/13303,495,595
13304,oka varamadigithini yesayyaa,ఒక వరమడిగితిని యేసయ్యా,,,,,TELUGU,2018-11-30,https://waytochurch.com/lyrics/song/13304,692,858
13305,okasaari nee swaramu vinagaane,ఒకసారి నీ స్వరము,,,,,TELUGU,2018-11-30,https://waytochurch.com/lyrics/song/13305,464,553
13306,okkade yesu okkade,ఒక్కడే యేసు ఒక్కడే,,,,,TELUGU,2018-11-30,https://waytochurch.com/lyrics/song/13306,648,735
13307,oke oka maargamu,ఒకే ఒక మార్గము,,,,,TELUGU,2018-11-30,https://waytochurch.com/lyrics/song/13307,203,249
13308,o prabhuvaa o prabhuvaa,ఓ ప్రభువా… ఓ,,,,,TELUGU,2018-11-30,https://waytochurch.com/lyrics/song/13308,423,508
13309,oranna oranna,ఓరన్న… ఓరన్న,,,,,TELUGU,2018-11-30,https://waytochurch.com/lyrics/song/13309,517,619
13310,nenunnaa neetho antu,నేనున్నా నీతో అంటూ,,,,,TELUGU,2018-11-30,https://waytochurch.com/lyrics/song/13310,762,943
13311,kanneerelammaa karuninchu yesu ninnu viduvabodammaa,కన్నీరేలమ్మా… కరుణించు యేసు,,,,,TELUGU,2018-11-30,https://waytochurch.com/lyrics/song/13311,557,683
13312,Kanneellatho Pagilina Gundetho Alasina Nesthamaa,కన్నీళ్లతో పగిలిన గుండెతో అలసిన నేస్తమా,,,,,TELUGU,2018-11-30,https://waytochurch.com/lyrics/song/13312,667,554
13313,kalvari premanu thalanchunappudu,కల్వరి ప్రేమను తలంచునప్పుడు,,,,,TELUGU,2018-11-30,https://waytochurch.com/lyrics/song/13313,482,568
13314,kalvari siluvalo yesayya nee rakthame,కల్వరి సిలువలో యేసయ్య,,,Good Friday,,TELUGU,2018-11-30,https://waytochurch.com/lyrics/song/13314,799,975
13315,kalvarilona chesina yaagam,కల్వరిలోన చేసిన యాగం,,,Good Friday,,TELUGU,2018-11-30,https://waytochurch.com/lyrics/song/13315,799,957
13316,kaluvari giri nundi,కలువరి గిరి నుండి,,,,,TELUGU,2018-11-30,https://waytochurch.com/lyrics/song/13316,360,441
13317,kanta neerela kalathalu aela,కంట నీరేల? కలతలు,,,,,TELUGU,2018-11-30,https://waytochurch.com/lyrics/song/13317,548,676
13318,kaanennadu nenu anaathanu,కానెన్నడు నేను అనాథను,,,,,TELUGU,2018-11-30,https://waytochurch.com/lyrics/song/13318,448,529
13319,kaavalivaadaa o kaavalivaadaa,కావలివాడా ఓ కావలివాడా,,,,,TELUGU,2018-11-30,https://waytochurch.com/lyrics/song/13319,531,643
13320,christmas shubha dinam,క్రిస్మస్ శుభదినం,,,,,TELUGU,2018-11-30,https://waytochurch.com/lyrics/song/13320,513,596
13321,keerthinthu nee naamamun,కీర్తింతు నీ నామమున్,,,,,TELUGU,2018-11-30,https://waytochurch.com/lyrics/song/13321,509,598
13322,koorchundunu nee sannidhilo devaa prathi dinam,కూర్చుందును నీ సన్నిధిలో,,,,,TELUGU,2018-11-30,https://waytochurch.com/lyrics/song/13322,615,740
13323,krungina velalo aapada samayamulo,కృంగిన వేళలో ఆపద,,,,,TELUGU,2018-11-30,https://waytochurch.com/lyrics/song/13323,370,460
13324,koniyaada tharame ninnu,కొనియాడ తరమే నిన్ను,,,,,TELUGU,2018-11-30,https://waytochurch.com/lyrics/song/13324,649,787
13325,kondalatho cheppumu kadilipovaalani,కొండలతో చెప్పుము కదిలిపోవాలని,,,,,TELUGU,2018-11-30,https://waytochurch.com/lyrics/song/13325,1492,1814
13326,kondalalo konalalo,కొండలలో కోనలలో,,,,,TELUGU,2018-11-30,https://waytochurch.com/lyrics/song/13326,381,483
13327,khaamosh raatho ki thandi hawaao se,ఖామోష్ రాతో కి,,,,,TELUGU,2018-11-30,https://waytochurch.com/lyrics/song/13327,426,507
13328,gatha kaalamantha ninu kaachina devudu,గత కాలమంత నిను,,,,,TELUGU,2018-11-30,https://waytochurch.com/lyrics/song/13328,531,590
13329,gaali samudrapu alalaku nenu,గాలి సముద్రపు అలలకు,,,,,TELUGU,2018-11-30,https://waytochurch.com/lyrics/song/13329,356,410
13330,gaalinchi choodaraa melainadi,గాలించి చూడరా మేలైనది,,,,,TELUGU,2018-11-30,https://waytochurch.com/lyrics/song/13330,728,865
13331,gunde baruvekkipothunnadi,గుండె బరువెక్కిపోతున్నది,,,,,TELUGU,2018-11-30,https://waytochurch.com/lyrics/song/13331,625,740
13332,goodu leni guvvanai koodu leni biddanai,గూడు లేని గువ్వనై,,,,,TELUGU,2018-11-30,https://waytochurch.com/lyrics/song/13332,799,901
13333,chaalaa goppodu chaalaa chaalaa goppodu,చాలా గొప్పోడు చాలా,,,,,TELUGU,2018-11-30,https://waytochurch.com/lyrics/song/13333,574,734
13334,chali raathiri eduru choose,చలి రాతిరి ఎదురు,,,Christmas,,TELUGU,2018-11-30,https://waytochurch.com/lyrics/song/13334,461,559
13335,chaahe thum ko dil se,చాహే తుమ్ కో,,,,,TELUGU,2018-11-30,https://waytochurch.com/lyrics/song/13335,382,421
13336,chiru divvela velugulatho,చిరు దివ్వెల వెలుగులతో,,,,,TELUGU,2018-11-30,https://waytochurch.com/lyrics/song/13336,460,567
13337,chinthenduku meeku digulenduku,చింతెందుకు మీకు దిగులెందుకు,,,,,TELUGU,2018-11-30,https://waytochurch.com/lyrics/song/13337,382,462
13338,premaapremaa,ప్రేమా … ప్రేమా…,,,,,TELUGU,2018-11-30,https://waytochurch.com/lyrics/song/13338,910,1122
13339,choochuchunna devudavayyaa nannu choochinaavu,చూచుచున్న దేవుడవయ్యా నన్ను,,,,,TELUGU,2018-11-30,https://waytochurch.com/lyrics/song/13339,526,644
13340,choopula valana kaligedi prema kaadammaa,చూపుల వలన కలిగేది,,,,,TELUGU,2018-11-30,https://waytochurch.com/lyrics/song/13340,429,522
13341,cheppalenu baaboi prabhu goppathanaanni,చెప్పలేను బాబోయ్ ప్రభు,,,,,TELUGU,2018-11-30,https://waytochurch.com/lyrics/song/13341,350,382
13342,jagathiki velugunu thechchenule christmas christmas,జగతికి వెలుగును తెచ్చెనులే,,,,,TELUGU,2018-11-30,https://waytochurch.com/lyrics/song/13342,437,506
13343,jaagraththa bhakthulaaraa pilupide prabhu yesu vegavachchunu,"జాగ్రత్త, భక్తులారా పిలుపిదే",,,,,TELUGU,2018-11-30,https://waytochurch.com/lyrics/song/13343,660,823
13344,jaaligala daivamaa yesayyaa,జాలిగల దైవమా యేసయ్యా,,,,,TELUGU,2018-11-30,https://waytochurch.com/lyrics/song/13344,470,566
13345,jeeva naadha mukthi daatha,జీవ నాధ ముక్తి,,,,,TELUGU,2018-11-30,https://waytochurch.com/lyrics/song/13345,427,519
13346,jeevithamlo nerchukunnaanu oka paatam,జీవితంలో నేర్చుకున్నాను ఒక,,,,,TELUGU,2018-11-30,https://waytochurch.com/lyrics/song/13346,479,576
13347,happy christmas merry christmas,హ్యాప్పీ క్రిస్మస్ మెర్రి క్రిస్మస్,,,Christmas,,TELUGU,2018-11-30,https://waytochurch.com/lyrics/song/13347,521,595
13348,thappipoyina gorre thappipoyina manushyuda,తప్పిపోయిన గొర్రె తప్పిపోయిన,,,,,TELUGU,2018-11-30,https://waytochurch.com/lyrics/song/13348,492,572
13349,tharachi tharachi chooda tharamaa,తరచి తరచి చూడ,,,,,TELUGU,2018-11-30,https://waytochurch.com/lyrics/song/13349,566,712
13350,thalli thana biddanu marachinaa gaani,తల్లి తన బిడ్డను,,,,,TELUGU,2018-11-30,https://waytochurch.com/lyrics/song/13350,595,715
13351,thambura sithaara naadamutho,తంబుర సితార నాదముతో,,,,,TELUGU,2018-11-30,https://waytochurch.com/lyrics/song/13351,353,432
13352,thyaagamentha chesaavu devaa,త్యాగమెంత చేసావు దేవా,,,,,TELUGU,2018-11-30,https://waytochurch.com/lyrics/song/13352,334,407
13353,thraahimaam kreesthu naatha daya jooda raave,త్రాహిమాం క్రీస్తు నాథ,,,,,TELUGU,2018-11-30,https://waytochurch.com/lyrics/song/13353,828,976
13354,thrithvaikamaa sakaleshwaraa,త్రిత్వైకమా సకలేశ్వరా,,,,,TELUGU,2018-11-30,https://waytochurch.com/lyrics/song/13354,391,498
13355,davalavarnudaa rathnavarnudaa,దవలవర్ణుడా రత్నవర్ణుడా,,,,,TELUGU,2018-11-30,https://waytochurch.com/lyrics/song/13355,527,630
13356,hosannaa,హోసన్నా…,,,,,TELUGU,2018-11-30,https://waytochurch.com/lyrics/song/13356,666,835
13357,dikkulanni neevele dikkulanni neevele,దిక్కులన్ని నీవేలే దిక్కులన్ని,,,,,TELUGU,2018-11-30,https://waytochurch.com/lyrics/song/13357,470,545
13358,dikkulenni thiriginaa ae dikku vedakinaa,దిక్కులెన్ని తిరిగినా ఏ,,,,,TELUGU,2018-11-30,https://waytochurch.com/lyrics/song/13358,613,710
13359,dinadinamu vijayamu manade,దినదినము విజయము మనదే,,,,,TELUGU,2018-11-30,https://waytochurch.com/lyrics/song/13359,243,303
13360,diviteelu mandaali siddelalo noonundaali,దివిటీలు మండాలి సిద్దెలలో,,,,,TELUGU,2018-11-30,https://waytochurch.com/lyrics/song/13360,461,572
13361,divinelu sthothraarhudaa yesayyaa,దివినేలు స్తోత్రార్హుడా యేసయ్యా,,,,,TELUGU,2018-11-30,https://waytochurch.com/lyrics/song/13361,746,932
13362,devudu neeku thelusu neevu devuniki thelusaa,దేవుడు నీకు తెలుసు,,,,,TELUGU,2018-11-30,https://waytochurch.com/lyrics/song/13362,668,779
13363,devuni sthuthiyinchi aaraadhinthumu,దేవుని స్తుతియించి ఆరాధింతుము,,,,,TELUGU,2018-11-30,https://waytochurch.com/lyrics/song/13363,775,955
13364,dorakunu samasthamu yesu paadaala chentha,దొరకును సమస్తము యేసు,,,,,TELUGU,2018-11-30,https://waytochurch.com/lyrics/song/13364,714,863
13365,nanu viduvaka edabaayaka,నను విడువక ఎడబాయక,,,,,TELUGU,2018-11-30,https://waytochurch.com/lyrics/song/13365,319,390
13366,nammuko yesayyanu,నమ్ముకో యేసయ్యను,,,,,TELUGU,2018-11-30,https://waytochurch.com/lyrics/song/13366,372,413
13367,nashiyinchedi lokamlo vasiyinchavu kala kaalam,నశియించెడి లోకంలో వసియించవు,,,,,TELUGU,2018-11-30,https://waytochurch.com/lyrics/song/13367,492,609
13368,naa oohakandani prematho nannu neevu pilichaavu,నా ఊహకందని ప్రేమతో,,,,,TELUGU,2018-11-30,https://waytochurch.com/lyrics/song/13368,521,630
13369,naa kannuleththi vechiyundunu,నా కన్నులెత్తి వేచియుందును,,,,,TELUGU,2018-11-30,https://waytochurch.com/lyrics/song/13369,230,278
13370,naa jeevitha kaalamantha ninu keerthinchina chaalunaa,నా జీవితకాలమంత నిను,,,,,TELUGU,2018-11-30,https://waytochurch.com/lyrics/song/13370,602,750
13371,naa devuni gudaaramulo naa yesuni nivaasamulo,నా దేవుని గుడారములో,,,,,TELUGU,2018-11-30,https://waytochurch.com/lyrics/song/13371,606,729
13372,naa naanna intiki nenu vellaali,నా నాన్న యింటికి,,,,,TELUGU,2018-11-30,https://waytochurch.com/lyrics/song/13372,507,598
13373,naa praanamaa aelane krunginaavu nireekshanaa neevunchumaa,నా ప్రాణమా ఏలనే,,,,,TELUGU,2018-11-30,https://waytochurch.com/lyrics/song/13373,779,960
13374,naa yedala neekunna thalampulanni,నా యెడల నీకున్న,,,,,TELUGU,2018-11-30,https://waytochurch.com/lyrics/song/13374,709,895
13375,naaku jeevamai unna naa jeevamaa,నాకు జీవమై ఉన్న,,,,,TELUGU,2018-11-30,https://waytochurch.com/lyrics/song/13375,485,632
13376,naaku balamu unnantha varaku,నాకు బలము ఉన్నంత,,,,,TELUGU,2018-11-30,https://waytochurch.com/lyrics/song/13376,494,594
13377,devaa nee naamam paavana dhaamam,దేవా నీ నామం…,,,,,TELUGU,2018-11-30,https://waytochurch.com/lyrics/song/13377,471,552
13378,naadu jeevithamu maaripoyinadi,నాదు జీవితము మారిపొయినది,,,,,TELUGU,2018-11-30,https://waytochurch.com/lyrics/song/13378,666,805
13379,naalo unna aashalanniyu,నాలో ఉన్న ఆశలన్నియు,,,,,TELUGU,2018-11-30,https://waytochurch.com/lyrics/song/13379,541,652
13380,Nenu chesina paapamukai,నేను చేసిన పాపముకై,Gideon (Army jawan),,,,Telugu,2020-03-02,https://waytochurch.com/lyrics/song/13380,642,814
13381,ninnu choodaga vachchinaaduraa deva devudu,నిన్ను చూడగ వచ్చినాడురా,,,,,TELUGU,2018-11-30,https://waytochurch.com/lyrics/song/13381,466,531
13382,ninnu thalachi nanu nenu marachi,నిన్ను తలచి నను,,,,,TELUGU,2018-11-30,https://waytochurch.com/lyrics/song/13382,499,611
13383,nibbaramutho naa yesuke sthuthi paadedaa,నిబ్బరముతో నా యేసుకే,,,,,TELUGU,2018-11-30,https://waytochurch.com/lyrics/song/13383,578,704
13384,ningilo devudu ninu chooda vachchaadu,నింగిలో దేవుడు నిను,,,,,TELUGU,2018-11-30,https://waytochurch.com/lyrics/song/13384,423,536
13385,nee arachethilo chekkukuntivi nanu prabhuvaa,నీ అరచేతిలో చెక్కుకుంటివి,,,,,TELUGU,2018-11-30,https://waytochurch.com/lyrics/song/13385,631,752
13386,nee jeevitham neetee budagaa vantidi,నీ జీవితం నీటీ,,,,,TELUGU,2018-11-30,https://waytochurch.com/lyrics/song/13386,395,492
13387,nee jeevitham viluvainadi,నీ జీవితం విలువైనది,,,,,TELUGU,2018-11-30,https://waytochurch.com/lyrics/song/13387,755,931
13388,nee dayalo nenunna intha kaalam,నీ దయలో నేనున్న,,,,,TELUGU,2018-11-30,https://waytochurch.com/lyrics/song/13388,579,730
13389,nee paadam mrokkedan nithyamu sthuthinchi,నీ పాదం మ్రొక్కెదన్,,,,,TELUGU,2018-11-30,https://waytochurch.com/lyrics/song/13389,782,950
13390,nee premaku saati lene ledu,నీ ప్రేమకు సాటి,,,,,TELUGU,2018-11-30,https://waytochurch.com/lyrics/song/13390,394,478
13391,neekasaadhyamainadi ediyu ledu,నీకసాధ్యమైనది ఏదియు లేదు,,,,,TELUGU,2018-11-30,https://waytochurch.com/lyrics/song/13391,1078,1300
13392,neeku entha chesinaa runamu theeradayyaa,నీకు ఎంత చేసినా,,,,,TELUGU,2018-11-30,https://waytochurch.com/lyrics/song/13392,494,608
13393,neeku saati evaru leru yesayyaa,నీకు సాటి ఎవరు,,,,,TELUGU,2018-11-30,https://waytochurch.com/lyrics/song/13393,433,525
13394,karunaamayudaa paraloka raajaa,కరుణామయుడా పరలోక రాజా,,,,,TELUGU,2018-11-30,https://waytochurch.com/lyrics/song/13394,612,727
13395,neethi sooryudaa yesu,నీతి సూర్యుడా యేసు,,,,,TELUGU,2018-11-30,https://waytochurch.com/lyrics/song/13395,400,487
13397,vekuvane naa devuni aaraadhinthunu,ప్రెయిస్ హిం ఇన్,,,,,TELUGU,2018-11-30,https://waytochurch.com/lyrics/song/13397,527,535
13398,nedu ikkada repu ekkado,నేడు ఇక్కడ రేపు,,,,,TELUGU,2018-11-30,https://waytochurch.com/lyrics/song/13398,392,447
13399,nede priyaraagam palike nava geetham,నేడే ప్రియరాగం పలికే,,,,,TELUGU,2018-11-30,https://waytochurch.com/lyrics/song/13399,465,553
13400,nenunu naa inti vaarunu,నేనునూ నా ఇంటి,,,,,TELUGU,2018-11-30,https://waytochurch.com/lyrics/song/13400,569,698
13401,nenerugudunu oka snehithuni,నేనెరుగుదును ఒక స్నేహితుని,,,,,TELUGU,2018-11-30,https://waytochurch.com/lyrics/song/13401,320,380
13402,nesthamaa priyanesthamaa madhuramaina bandhamaa,నేస్తమా ప్రియ నేస్తమా,,,,,TELUGU,2018-11-30,https://waytochurch.com/lyrics/song/13402,221,282
13403,paralokame naa anthapuram,పరలోకమే నా అంతఃపురం,,,,,TELUGU,2018-11-30,https://waytochurch.com/lyrics/song/13403,445,554
13404,paralokamlo unnaa maa yesu,పరలోకంలో ఉన్న మా,,,,,TELUGU,2018-11-30,https://waytochurch.com/lyrics/song/13404,457,554
13405,parishuddhaathmudaa neeke vandanam,పరిశుద్ధాత్ముడా నీకే వందనం,,,,,TELUGU,2018-11-30,https://waytochurch.com/lyrics/song/13405,605,761
13406,parishuddhudaa naa yesayyaa ninne sthothrinthunu,పరిశుద్ధుడా నా యేసయ్యా,,,,,TELUGU,2018-11-30,https://waytochurch.com/lyrics/song/13406,327,398
13407,prabhu yesuni poojinchedam,ప్రభు యేసుని పూజించెదం,,,,,TELUGU,2018-11-30,https://waytochurch.com/lyrics/song/13407,358,443
13408,prabhu hastham naapai nundi,ప్రభు హస్తం నాపై,,,,,TELUGU,2018-11-30,https://waytochurch.com/lyrics/song/13408,325,376
13409,prabhuvaa kaachithivi intha kaalam,ప్రభువా… కాచితివి ఇంత,,,,,TELUGU,2018-11-30,https://waytochurch.com/lyrics/song/13409,571,691
13410,,ప్రభువా మాకు నీవిచ్చిన,,,,,TELUGU,2018-11-30,https://waytochurch.com/lyrics/song/13410,632,796
13411,paadanaa mounamugaane sthuthi keerthana,పాడనా మౌనముగానే స్తుతి,,,,,TELUGU,2018-11-30,https://waytochurch.com/lyrics/song/13411,574,734
13412,paathaalamlo aathmala aartha naadam,పాతాళంలో ఆత్మల ఆర్తనాదం,,,,,TELUGU,2018-11-30,https://waytochurch.com/lyrics/song/13412,503,620
13413,paapamerugani paavanaathmuni,పాపమెరుగని పావనాత్ముని,,,,,TELUGU,2018-11-30,https://waytochurch.com/lyrics/song/13413,338,431
13414,praardhana vinnaavayyaa vijayam nichchaavayyaa,ప్రార్ధన విన్నావయ్యా విజయం,,,,,TELUGU,2018-11-30,https://waytochurch.com/lyrics/song/13414,500,598
13415,,ప్రార్థన శక్తి నాకు,,,,,TELUGU,2018-11-30,https://waytochurch.com/lyrics/song/13415,553,665
13416,priya sanghasthulaaraa,ప్రియ సంఘస్థులారా,,,,,TELUGU,2018-11-30,https://waytochurch.com/lyrics/song/13416,387,465
13417,premagala yesayyaa,ప్రేమగల యేసయ్యా,,,,,TELUGU,2018-11-30,https://waytochurch.com/lyrics/song/13417,754,916
13418,premalo paddaanu nenu premalo paddaanu,ప్రేమలో పడ్డాను… నేను,,,,,TELUGU,2018-11-30,https://waytochurch.com/lyrics/song/13418,1977,2296
13419,premincheda yesu raajaa,ప్రేమించెద యేసు రాజా,,,,,TELUGU,2018-11-30,https://waytochurch.com/lyrics/song/13419,891,1140
13420,preminthunu ninne jeevinthunu neekai,ప్రేమింతును నిన్నే జీవింతును,,,,,TELUGU,2018-11-30,https://waytochurch.com/lyrics/song/13420,509,613
13421,pailam kodukaa paapam cheyyakuraa,పైలం కొడుకా పాపం,,,,,TELUGU,2018-11-30,https://waytochurch.com/lyrics/song/13421,1538,1875
13422,yesayyaa naa yesayyaa,యేసయ్యా నా యేసయ్యా…,,,,,TELUGU,2018-11-30,https://waytochurch.com/lyrics/song/13422,597,739
13423,brathukuta nee kosame,బ్రతుకుట నీ కోసమే,,,,,TELUGU,2018-11-30,https://waytochurch.com/lyrics/song/13423,459,560
13424,baala yesuni janma dinam,బాల యేసుని జన్మ,,,,,TELUGU,2018-11-30,https://waytochurch.com/lyrics/song/13424,411,499
13425,baaludu kaadammo balavanthudu yesu,బాలుడు కాదమ్మో బలవంతుడు,,,Christmas,,TELUGU,2018-11-30,https://waytochurch.com/lyrics/song/13425,640,784
13426,mana desham bhaaratha desham,మన దేశం భారత,,,,,TELUGU,2018-11-30,https://waytochurch.com/lyrics/song/13426,193,246
13427,mana madhyane unnadi paraloka raajyam,మన మధ్యనే ఉన్నది,,,,,TELUGU,2018-11-30,https://waytochurch.com/lyrics/song/13427,724,876
13428,mana yesu bethlahemulo,మన యేసు బెత్లహేములో,,,Christmas,,TELUGU,2018-11-30,https://waytochurch.com/lyrics/song/13428,283,325
13429,manishi brathuku rangula valayam,మనిషి బ్రతుకు రంగుల,,,,,TELUGU,2018-11-30,https://waytochurch.com/lyrics/song/13429,588,722
13430,manishigaa puttinodu mahaathmudainaa,మనిషిగా పుట్టినోడు మహాత్ముడైనా,,,,,TELUGU,2018-11-30,https://waytochurch.com/lyrics/song/13430,626,745
13431,mallelammaa mallelu thella thellani mallelu,మల్లెలమ్మా మల్లెలు తెల్ల,,,,,TELUGU,2018-11-30,https://waytochurch.com/lyrics/song/13431,703,802
13432,mahaa ghanudavu mahonnathudavu,మహాఘనుడవు మహోన్నతుడవు,,,,,TELUGU,2018-11-30,https://waytochurch.com/lyrics/song/13432,601,759
13433,mahimaku paathrudaa ghanathaku arhudaa,మహిమకు పాత్రుడా ఘనతకు,,,,,TELUGU,2018-11-30,https://waytochurch.com/lyrics/song/13433,313,384
13434,manchi snehithudaa manchi kaaparivi,మంచి స్నేహితుడా మంచి,,,,,TELUGU,2018-11-30,https://waytochurch.com/lyrics/song/13434,674,832
13435,mandiramuloniki raarandi,మందిరములోనికి రారండి,,,,,TELUGU,2018-11-30,https://waytochurch.com/lyrics/song/13435,502,628
13436,maaku thoduga neevuntivi,మాకు తోడుగ నీవుంటివి,,,,,TELUGU,2018-11-30,https://waytochurch.com/lyrics/song/13436,400,474
13437,maatlaade yesayyaa,మాట్లాడే యేసయ్యా,,,,,TELUGU,2018-11-30,https://waytochurch.com/lyrics/song/13437,703,836
13438,maate chaalayyaa yesu naaku,మాటే చాలయ్యా యేసూ,,,,,TELUGU,2018-11-30,https://waytochurch.com/lyrics/song/13438,593,726
13439,maargamu neevani gamyamu neevani,మార్గము నీవని గమ్యము,,,,,TELUGU,2018-11-30,https://waytochurch.com/lyrics/song/13439,479,608
13440,maargamulanu srujinchuvaadu jeevithaalanu veliginchuvaadu,మార్గములను సృజించువాడు జీవితాలను,,,,,TELUGU,2018-11-30,https://waytochurch.com/lyrics/song/13440,430,502
13441,maarina manasulu madhuram meeku,మారిన మనసులు మధురం,,,,,TELUGU,2018-11-30,https://waytochurch.com/lyrics/song/13441,393,479
13442,maarpuchendavaa neevu marpuchendavaa,మార్పుచెందవా నీవు మర్పుచెందవా,,,,,TELUGU,2018-11-30,https://waytochurch.com/lyrics/song/13442,671,806
13443,mukthi dhilaaye yeeshu naam,ముక్తి దిలాయే యీషు,,,,,TELUGU,2018-11-30,https://waytochurch.com/lyrics/song/13443,374,433
13444,meghaala paina mana yesu,మేఘాల పైన మన,,,,,TELUGU,2018-11-30,https://waytochurch.com/lyrics/song/13444,605,757
13445,yesu rakthame jayam yesu rakthame jayam,యేసు రక్తమే జయం…,,,,,TELUGU,2018-11-30,https://waytochurch.com/lyrics/song/13445,458,552
13446,yesu rakshakaa shathakoti sthothram,యేసు రక్షకా శతకోటి,,,,,TELUGU,2018-11-30,https://waytochurch.com/lyrics/song/13446,614,747
13447,yesu raajyamunaku sainikulam,యేసు రాజ్యమునకు సైనికులం,,,,,TELUGU,2018-11-30,https://waytochurch.com/lyrics/song/13447,635,785
13448,yesu raajaa,యేసు రాజా…,,,,,TELUGU,2018-11-30,https://waytochurch.com/lyrics/song/13448,376,455
13449,yesu vanti sundarudu evvaru ee bhuvilo,యేసు వంటి సుందరుడు,,,,,TELUGU,2018-11-30,https://waytochurch.com/lyrics/song/13449,463,530
13450,yesuni thiru hrudayamaa,యేసుని తిరు హృదయమా,,,,,TELUGU,2018-11-30,https://waytochurch.com/lyrics/song/13450,415,514
13451,yesuni naamamlo shakthi undani thelusuko,యేసుని నామంలో శక్తి,,,,,TELUGU,2018-11-30,https://waytochurch.com/lyrics/song/13451,228,275
13452,yesu neeku kaavaalani,యేసూ… నీకు కావాలని,,,,,TELUGU,2018-11-30,https://waytochurch.com/lyrics/song/13452,563,658
13453,randi randi randayo rakshakudu puttenu,రండి రండి రండయో,,,Christmas,,TELUGU,2018-11-30,https://waytochurch.com/lyrics/song/13453,502,624
13454,raakada prabhuni raakada,రాకడ ప్రభుని రాకడ,,,,,TELUGU,2018-11-30,https://waytochurch.com/lyrics/song/13454,491,635
13455,raakadane railu bandi vasthunnadi,రాకడనే రైలు బండి,,,,,TELUGU,2018-11-30,https://waytochurch.com/lyrics/song/13455,396,456
13456,raajulaku raaju puttenannayya,రాజులకు రాజు పుట్టెనన్నయ్య,,,,,TELUGU,2018-11-30,https://waytochurch.com/lyrics/song/13456,372,437
13457,raajulaku raajaina ee mana vibhuni,రాజులకు రాజైన ఈ,,,,,TELUGU,2018-11-30,https://waytochurch.com/lyrics/song/13457,409,505
13458,raathri nedu rakshakundu velise vinthagaa,రాత్రి నేడు రక్షకుండు,,,Christmas,,TELUGU,2018-11-30,https://waytochurch.com/lyrics/song/13458,646,769
13459,raaraaju janminche ilalona,రారాజు జన్మించే ఇలలోన,,,,,TELUGU,2018-11-30,https://waytochurch.com/lyrics/song/13459,640,773
13460,medi chettu paiki evvarekkaaru,మేడి చెట్టు పైకి,,,,,TELUGU,2018-11-30,https://waytochurch.com/lyrics/song/13460,403,442
13461,meluko vishwaasi meluko,మేలుకో విశ్వాసి మేలుకో,,,,,TELUGU,2018-11-30,https://waytochurch.com/lyrics/song/13461,452,530
13462,yavvanudaa yavvanudaa,యవ్వనుడా యవ్వనుడా,,,,,TELUGU,2018-11-30,https://waytochurch.com/lyrics/song/13462,464,561
13463,yavvanulaaraa meeru prabhu noddaku randi,యవ్వనులారా మీరు ప్రభు,,,,,TELUGU,2018-11-30,https://waytochurch.com/lyrics/song/13463,670,802
13464,yehova naa aashrayam,యెహోవ నా ఆశ్రయం,,,,,TELUGU,2018-11-30,https://waytochurch.com/lyrics/song/13464,630,760
13465,yehovaa dayaaludu sarva shakthimanthudu,యెహోవా దయాళుడు సర్వ,,,,,TELUGU,2018-11-30,https://waytochurch.com/lyrics/song/13465,434,536
13466,yesayya maata jeevimpajeyu lokamlo,యేసయ్య మాట జీవింపజేయు,,,,,TELUGU,2018-11-30,https://waytochurch.com/lyrics/song/13466,429,499
13467,yesayya maata viluvaina maata,యేసయ్య మాట విలువైన,,,,,TELUGU,2018-11-30,https://waytochurch.com/lyrics/song/13467,643,806
13468,yesayyaa ninnu choodaalani aasha,యేసయ్యా నిన్ను చూడాలని,,,,,TELUGU,2018-11-30,https://waytochurch.com/lyrics/song/13468,509,631
13469,yesayyaa praana naatha entho manchodivayyaa,యేసయ్యా ప్రాణ నాథా,,,,,TELUGU,2018-11-30,https://waytochurch.com/lyrics/song/13469,583,691
13470,yesayyaa yesayyaa needhentha jaali manasayyaa,యేసయ్యా యేసయ్యా… నీదెంత,,,,,TELUGU,2018-11-30,https://waytochurch.com/lyrics/song/13470,512,591
13471,yesu unte chaalu,యేసు ఉంటే చాలు,,,,,TELUGU,2018-11-30,https://waytochurch.com/lyrics/song/13471,370,443
13472,yesu okkade ee loka rakshakudu,యేసు ఒక్కడే ఈ,,,,,TELUGU,2018-11-30,https://waytochurch.com/lyrics/song/13472,345,403
13473,yesu kreesthu puttenu nedu pashuvula paakalo,యేసు క్రీస్తు పుట్టెను,,,Christmas,,TELUGU,2018-11-30,https://waytochurch.com/lyrics/song/13473,448,537
13474,yesu goriya pillanu nenu,యేసు గొరియ పిల్లను,,,,,TELUGU,2018-11-30,https://waytochurch.com/lyrics/song/13474,380,447
13475,raare raare o janulaaraa vegame raarandoi,రారే రారే ఓ,,,,,TELUGU,2018-11-30,https://waytochurch.com/lyrics/song/13475,447,559
13476,lemmu thejarillumu ani,లెమ్ము తేజరిల్లుము అని,,,,,TELUGU,2018-11-30,https://waytochurch.com/lyrics/song/13476,631,771
13477,lokamulo verrivaarini yogyuluga chesaavayyaa yesayyaa,లోకములో వెఱ్ఱివారిని యోగ్యులుగా,,,,,TELUGU,2018-11-30,https://waytochurch.com/lyrics/song/13477,352,409
13478,lokaana eduru choopulu,లోకాన ఎదురు చూపులు,,,,,TELUGU,2018-11-30,https://waytochurch.com/lyrics/song/13478,467,557
13479,holy holy holy holy,హోలీ హోలీ… హోలీ,,,,,TELUGU,2018-11-30,https://waytochurch.com/lyrics/song/13479,1547,1876
13480,varsha dhaaragaa raavaa naa yesayyaa,వర్ష ధారగా రావా,,,,,TELUGU,2018-11-30,https://waytochurch.com/lyrics/song/13480,386,490
13481,varshimpanee varshimpanee,వర్షింపనీ వర్షింపనీ,,,,,TELUGU,2018-11-30,https://waytochurch.com/lyrics/song/13481,415,516
13482,vaakyame shareera dhaariyai vasinchenu,వాక్యమే శరీర ధారియై,,,Christmas,,TELUGU,2018-11-30,https://waytochurch.com/lyrics/song/13482,432,526
13483,vaadabaarani vishwaasam kopaginchani vaathsalyam,వాడబారని విశ్వాసం కోపగించని,,,,,TELUGU,2018-11-30,https://waytochurch.com/lyrics/song/13483,577,720
13484,vijayaseeludaa naa praana priyudaa,విజయశీలుడా నా ప్రాణ,,,,,TELUGU,2018-11-30,https://waytochurch.com/lyrics/song/13484,694,856
13485,viduvanu ninu edabaayanani naa,విడువను నిను ఎడబాయనని,,,,,TELUGU,2018-11-30,https://waytochurch.com/lyrics/song/13485,490,593
13486,viduvavu nannika ennadainanu,విడువవు నన్నిక ఎన్నడైననూ,,,,,TELUGU,2018-11-30,https://waytochurch.com/lyrics/song/13486,452,535
13487,vidheyathake ardhamu cheppina vinaya manaskudaa,విధేయతకే అర్ధము చెప్పిన,,,,,TELUGU,2018-11-30,https://waytochurch.com/lyrics/song/13487,518,654
13488,yesayyaa naa praana naathaa ninu,యేసయ్యా నా ప్రాణనాథా,,,,,TELUGU,2018-11-30,https://waytochurch.com/lyrics/song/13488,454,569
13489,viluvainadi nee aayushkaalam,విలువైనది నీ ఆయుష్కాలం,,,,,TELUGU,2018-11-30,https://waytochurch.com/lyrics/song/13489,613,742
13490,viluvainadi nee jeevitham,విలువైనది నీ జీవితం,,,,,TELUGU,2018-11-30,https://waytochurch.com/lyrics/song/13490,482,574
13491,shatha koti raagaalu vallinchina,శత కోటి రాగాలు,,,,,TELUGU,2018-11-30,https://waytochurch.com/lyrics/song/13491,579,679
13492,shiramu meeda mulla saakshigaa,శిరము మీద ముళ్ల,,,Good Friday,,TELUGU,2018-11-30,https://waytochurch.com/lyrics/song/13492,874,1062
13493,shuddhudavayyaa maa thandrivayyaa,శుద్ధుడవయ్యా మా తండ్రివయ్యా,,,,,TELUGU,2018-11-30,https://waytochurch.com/lyrics/song/13493,451,549
13494,shreshtamaina naamam shakthi galigina naamam,శ్రేష్టమైన నామం శక్తి,,,,,TELUGU,2018-11-30,https://waytochurch.com/lyrics/song/13494,576,741
13495,shodhanaa baadhalu chuttinaa nannu muttinaa,శోధనా బాధలు చుట్టినా,,,,,TELUGU,2018-11-30,https://waytochurch.com/lyrics/song/13495,381,473
13496,sajeevudavaina yesayyaa,సజీవుడవైన యేసయ్యా,,,,,TELUGU,2018-11-30,https://waytochurch.com/lyrics/song/13496,734,918
13497,yesayyaa sadaakaalamu nee yande naa guri,యేసయ్యా సదాకాలము నీ,,,,,TELUGU,2018-11-30,https://waytochurch.com/lyrics/song/13497,464,594
13498,samayamu poneeyaka siddhapadumaa sanghamaa,సమయము పోనీయక సిద్ధపడుమా,,,,,TELUGU,2018-11-30,https://waytochurch.com/lyrics/song/13498,364,455
13499,samardhavanthudavaina naa yesayyaa,సమర్ధవంతుడవైన నా యేసయ్యా,,,,,TELUGU,2018-11-30,https://waytochurch.com/lyrics/song/13499,573,701
13500,sarva srushtiloni jeeva raashi anthaa,సర్వ సృష్టిలోని జీవ,,,,,TELUGU,2018-11-30,https://waytochurch.com/lyrics/song/13500,526,662
13501,sarvaanga kavachamu neeve,సర్వాంగ కవచము నీవే,,,,,TELUGU,2018-11-30,https://waytochurch.com/lyrics/song/13501,511,648
13502,sahodarulaaraa prathi manushyudu,సహోదరులారా ప్రతి మనుష్యుడు,,,,,TELUGU,2018-11-30,https://waytochurch.com/lyrics/song/13502,509,614
13503,adi thala meeda poyabadi,అది తల మీద,,,,,TELUGU,2018-11-30,https://waytochurch.com/lyrics/song/13503,580,727
13504,sangeetha naadamutho sthothra sankeerthanatho,సంగీత నాదముతో స్తోత్ర,,,,,TELUGU,2018-11-30,https://waytochurch.com/lyrics/song/13504,565,715
13505,santhosha geethamu paadedanu,సంతోష గీతం పాడెదను,,,,,TELUGU,2018-11-30,https://waytochurch.com/lyrics/song/13505,388,476
13506,siluva saakshigaa yesu siluvanu,సిలువ సాక్షిగా యేసు,,,,,TELUGU,2018-11-30,https://waytochurch.com/lyrics/song/13506,484,582
13507,sweekarinchumayaa naathaa sweekarinchumayaa,స్వీకరించుమయా నాథా స్వీకరించుమయా,,,,,TELUGU,2018-11-30,https://waytochurch.com/lyrics/song/13507,479,598
13508,sthuthiyinchi keerthinchi ghanaparathunu naa yesayyaa,స్తుతియించి కీర్తించి ఘనపరతును,,,,,TELUGU,2018-11-30,https://waytochurch.com/lyrics/song/13508,668,820
13509,sthuthinchi paadedam sthuthula sthothraarhudaa,స్తుతించి పాడెదం స్తుతుల,,,,,TELUGU,2018-11-30,https://waytochurch.com/lyrics/song/13509,430,541
13510,sthuthinchedanu sthuthinchedanu,స్తుతించెదను స్తుతించెదను,,,,,TELUGU,2018-11-30,https://waytochurch.com/lyrics/song/13510,880,1076
13512,sthuthulaku paathrudu yesayyaa,స్తుతులకు పాత్రుడు యేసయ్యా,,,,,TELUGU,2018-11-30,https://waytochurch.com/lyrics/song/13512,293,345
13513,solipoyina manasaa neevu,సోలిపోయిన మనసా నీవు,,,,,TELUGU,2018-11-30,https://waytochurch.com/lyrics/song/13513,604,737
13514,sthothra gaanam chesindi praanam,స్తోత్ర గానం చేసింది,,,,,TELUGU,2018-11-30,https://waytochurch.com/lyrics/song/13514,555,679
13515,hallelooya paatalatho aananda,హల్లెలూయ పాటలతో,,,,,TELUGU,2018-11-30,https://waytochurch.com/lyrics/song/13515,463,579
13516,hrudayapoorvaka aaraadhana,హృదయపూర్వక ఆరాధన,,,,,TELUGU,2018-11-30,https://waytochurch.com/lyrics/song/13516,380,487
13517,hrudayaalanele raaraaju yesuvaa,హృదయాలనేలే రారాజు యేసువా,,,,,TELUGU,2018-11-30,https://waytochurch.com/lyrics/song/13517,523,657
13518,hosannanuchu sthuthi paaduchu seeyonuku cheredam,హోసన్ననుచూ స్తుతి పాడుచూ,,,,,TELUGU,2018-11-30,https://waytochurch.com/lyrics/song/13518,453,575
13519,kshanamaina gaduvadu thandri,క్షణమైన గడవదు తండ్రి,,,,,TELUGU,2018-11-30,https://waytochurch.com/lyrics/song/13519,563,672
13520,kshanikamaina brathukuraa idi sodaraa,క్షణికమైన బ్రతుకురా ఇది,,,,,TELUGU,2018-11-30,https://waytochurch.com/lyrics/song/13520,489,564
13521,Sandadi Cheddaamaa Santhoshiddaamaa,సందడి చేద్దామా – సంతోషిద్దామా,,,Christmas,,Telugu,2018-12-01,https://waytochurch.com/lyrics/song/13521,1086,1381
13725,aa ningilo veligindi oka thaara,ఆ నింగిలో వెలిగింది ఒక తార,,,Christmas,,TELUGU,2018-12-06,https://waytochurch.com/lyrics/song/13725,822,1002
13726,cheppanaa cheppanaa yesu nee premanu,చెప్పనా చెప్పనా యేసు నీ ప్రేమను,,,,,TELUGU,2018-12-06,https://waytochurch.com/lyrics/song/13726,557,672
13727,thandri intlo ellappudu santhoshame,తండ్రి ఇంట్లో ఎల్లప్పుడూ సంతోషమే,,,,,TELUGU,2018-12-06,https://waytochurch.com/lyrics/song/13727,374,441
13728,vachchindi christmas vachchindi,వచ్చింది క్రిస్మస్ వచ్చింది,,,Christmas,,TELUGU,2018-12-06,https://waytochurch.com/lyrics/song/13728,556,681
13729,shuddhudaa ghanudaa rakshakudaa,శుద్దుడా ఘనుడా రక్షకుడా,,,,,TELUGU,2018-12-06,https://waytochurch.com/lyrics/song/13729,271,340
13730,samayamide samayamide,సమయమిదే సమయమిదే,,,,,TELUGU,2018-12-06,https://waytochurch.com/lyrics/song/13730,435,534
13731,sooda sakkani baaludammo,సూడ సక్కని బాలుడమ్మో,,,,,TELUGU,2018-12-06,https://waytochurch.com/lyrics/song/13731,612,741
13896,Prema kshamalanu samapaalluga viswasame lakshyamga,ప్రేమ క్షమలను సమపాళ్లుగా విశ్వాసమే లక్ష్యంగా,Pastor  Swapna Edwards,,Gospel,,Telugu,2021-02-19,https://waytochurch.com/lyrics/song/13896,1030,1229
14052,Thoorupu Dikkuna Chukka Butte,తూరుపు దిక్కున చుక్క బుట్టె,,,Christmas,,TELUGU,2018-12-09,https://waytochurch.com/lyrics/song/14052,567,662
14561,adigo naa naava bayalu deruchunnadi,అదిగో నా నావ,,,,,TELUGU,2019-02-06,https://waytochurch.com/lyrics/song/14561,422,486
14562,alphaa omegayaina – mahimaanvithudaa,అల్ఫా ఒమేగయైన మహిమాన్వితుడా,,,,,TELUGU,2019-02-06,https://waytochurch.com/lyrics/song/14562,721,895
14563,andaala thaara arudenche naakai ambara veedhilo,అందాలతార అరుదెంచె నాకై,,,,,TELUGU,2019-02-06,https://waytochurch.com/lyrics/song/14563,692,892
14564,laala laalalalaa laalalalaa laa laa laa… laala laalalalaalaa (2),లాల లాలలలా లాలలలా,,,Christmas,,TELUGU,2019-02-06,https://waytochurch.com/lyrics/song/14564,627,788
14565,aathma varshamunu kummarinchayyaa,ఆత్మ వర్షమును కుమ్మరించయ్యా,,,,,TELUGU,2019-02-06,https://waytochurch.com/lyrics/song/14565,424,536
14566,aanandamaanandame,ఆనందమానందమే,,,,,TELUGU,2019-02-06,https://waytochurch.com/lyrics/song/14566,431,544
14568,aao khushi se hum sab gaaye – ek madhurtham geeth,ఆవో ఖుషీ సే,,,Christmas,,TELUGU,2019-02-06,https://waytochurch.com/lyrics/song/14568,1409,1689
14569,aasha theera naa yesu swaamini kolichedanu,ఆశ తీర నా,,,,,TELUGU,2019-02-06,https://waytochurch.com/lyrics/song/14569,388,478
14570,aascharya kaaryamul cheyunu yesu (2),ఆశ్చర్య కార్యముల్ చేయును,,,,,TELUGU,2019-02-06,https://waytochurch.com/lyrics/song/14570,480,579
14571,hei duniyaa ke logon oonchi aawaaj karo,హే దునియా కే,,,,,TELUGU,2019-02-06,https://waytochurch.com/lyrics/song/14571,654,742
14572,ee dinam sadaa naa yesuke sontham,ఈ దినం సదా,,,,,TELUGU,2019-02-06,https://waytochurch.com/lyrics/song/14572,405,520
14573,ella velalandu – kashta kaalamandu,ఎల్లవేళలందు కష్టకాలమందు,,,,,TELUGU,2019-02-06,https://waytochurch.com/lyrics/song/14573,639,762
14574,ae thegulu nee gudaaramu sameepinchadayyaa,ఏ తెగులు నీ,,,,,TELUGU,2019-02-06,https://waytochurch.com/lyrics/song/14574,410,494
14575,oka kshanamaina neevu marachina ne brathakagalanaa yesayyaa,ఒక క్షణమైన నీవు,,,,,TELUGU,2019-02-06,https://waytochurch.com/lyrics/song/14575,257,314
14576,oka kshanamainaa ninu veedi,ఒక క్షణమైనా నిన్ను,,,,,TELUGU,2019-02-06,https://waytochurch.com/lyrics/song/14576,434,531
14577,kondala thattu kanuletthuchunnaanu,కొండల తట్టు కన్నులెత్తుచున్నాను,,,,,TELUGU,2019-02-06,https://waytochurch.com/lyrics/song/14577,476,561
14578,gadichina kaalamanthaa – nanu nadipina naa devaa,గడిచిన కాలమంతా నను,,,New Year,,TELUGU,2019-02-06,https://waytochurch.com/lyrics/song/14578,536,650
14579,gaadaandhakaaramulo ne nadachina velalo (2),గాఢాంధకారములో నే నడచిన,,,,,TELUGU,2019-02-06,https://waytochurch.com/lyrics/song/14579,294,361
14580,choodaalani unnadi,చూడాలని ఉన్నది,,,,,TELUGU,2019-02-06,https://waytochurch.com/lyrics/song/14580,371,465
14581,jayinchuvaarini konipova,జయించువారిని కొనిపోవ,,,,,TELUGU,2019-02-06,https://waytochurch.com/lyrics/song/14581,391,455
14582,we wish you a happy christmas,వి విష్ యు,,,Christmas,,TELUGU,2019-02-06,https://waytochurch.com/lyrics/song/14582,738,906
14583,devude naakaashrayambu – divyamaina durgamu,దేవుడే నాకాశ్రయంబు దివ్యమైన,,,,,TELUGU,2019-02-06,https://waytochurch.com/lyrics/song/14583,678,829
14584,devuniyandu nireekshana nunchi,దేవునియందు నిరీక్షణ నుంచి,,,,,TELUGU,2019-02-06,https://waytochurch.com/lyrics/song/14584,756,891
14585,nanu cherina nee prema,నను చేరిన నీ,,,,,TELUGU,2019-02-06,https://waytochurch.com/lyrics/song/14585,487,564
14586,naa chinni hrudayamu ninne preminchanee,నా చిన్ని హృదయము,,,,,TELUGU,2019-02-06,https://waytochurch.com/lyrics/song/14586,414,508
14587,naa praanapriyudaa naa yesuraajaa,నా ప్రాణప్రియుడా నా,,,,,TELUGU,2019-02-06,https://waytochurch.com/lyrics/song/14587,457,544
14588,naa priyudu yesu – naa priyudu yesu,నా ప్రియుడు యేసు,,,,,TELUGU,2019-02-06,https://waytochurch.com/lyrics/song/14588,654,925
14589,naa sthuthula paina nivasinchuvaadaa,నా స్తుతుల పైన,,,,,TELUGU,2019-02-06,https://waytochurch.com/lyrics/song/14589,593,738
14590,naatho neevu maataadinacho,నాతో నీవు మాటాడినచో,,,,,TELUGU,2019-02-06,https://waytochurch.com/lyrics/song/14590,473,575
14591,naalo undi nanu nadipincheti naa antharangamaa,నాలో ఉండి నను,,,,,TELUGU,2019-02-06,https://waytochurch.com/lyrics/song/14591,370,452
14592,naaloni aasha naaloni korika ninnu choodaalani,నాలోని ఆశ నాలోని,,,,,TELUGU,2019-02-06,https://waytochurch.com/lyrics/song/14592,605,696
14593,nee challanaina needalo nannu nivasinchanee prabhu,నీ చల్లనైన నీడలో,,,,,TELUGU,2019-02-06,https://waytochurch.com/lyrics/song/14593,587,734
14594,nee pada sevaye chaalu,నీ పద సేవయే,,,,,TELUGU,2019-02-06,https://waytochurch.com/lyrics/song/14594,453,564
14595,nee raktha dhaarale – maa jeevanaadhaaraamu,నీ రక్త ధారలే,,,,,TELUGU,2019-02-06,https://waytochurch.com/lyrics/song/14595,426,528
14596,aakaasha pakshulanu choodandi,ఆకాశ పక్షులను చూడండి,,,,,TELUGU,2019-02-06,https://waytochurch.com/lyrics/song/14596,464,578
14597,ninnu kaapaaduvaadu kunukadu,నిన్ను కాపాడువాడు కునుకడు,,,,,TELUGU,2019-02-06,https://waytochurch.com/lyrics/song/14597,514,596
14598,nee sannidhilo nenunna chaalu – chaalu,నీ సన్నిధిలో నేనున్న,,,,,TELUGU,2019-02-06,https://waytochurch.com/lyrics/song/14598,565,688
14599,needu premaku haddu ledayaa,నీదు ప్రేమకు హద్దు,,,,,TELUGU,2019-02-06,https://waytochurch.com/lyrics/song/14599,495,607
14600,needentho karunaa karunaamayaa,నీదెంతో కరుణా కరుణామయా,,,,,TELUGU,2019-02-06,https://waytochurch.com/lyrics/song/14600,270,341
14601,neelo jeevinchaalani,నీలో జీవించాలని,,,,,TELUGU,2019-02-06,https://waytochurch.com/lyrics/song/14601,544,651
14602,nashinchipoye aathmalu enno,నశించిపోయే ఆత్మలు ఎన్నో,,,,,TELUGU,2019-02-06,https://waytochurch.com/lyrics/song/14602,463,561
14603,neevu thadithe thalupu theeyanaa prabhu,నీవు తడితే తలుపు,,,,,TELUGU,2019-02-06,https://waytochurch.com/lyrics/song/14603,645,783
14604,neevu thodundagaa naaku digulundunaa,నీవు తోడుండగా నాకు,,,,,TELUGU,2019-02-06,https://waytochurch.com/lyrics/song/14604,430,529
14605,neevu leni chotedi yesayyaa,నీవు లేని చోటేది,Victor Rampogu,"Music: K Y Ratnam, Sung by:Ramya Behra",Praise Worship,,TELUGU,2019-02-06,https://waytochurch.com/lyrics/song/14605,633,747
14606,neevu leni kshanamainaa oohinchalenu,నీవు లేని క్షణమైనా,,,,,TELUGU,2019-02-06,https://waytochurch.com/lyrics/song/14606,672,822
14607,neevu lenide nenu lenu prabhuvaa,నీవు లేనిదే నేను,,,,,TELUGU,2019-02-06,https://waytochurch.com/lyrics/song/14607,540,664
14608,neeku ishtamugaa ilalo ne undaalani,నీకు ఇష్టముగా ఇలలో,,,,,TELUGU,2019-02-06,https://waytochurch.com/lyrics/song/14608,561,660
14609,nuvvu leni nannu oohinchalenu,నువ్వు లేని నన్ను,,,,,TELUGU,2019-02-06,https://waytochurch.com/lyrics/song/14609,517,641
14610,noothana parachumu devaa,నూతన పరచుము దేవా,,,New Year,,TELUGU,2019-02-06,https://waytochurch.com/lyrics/song/14610,451,568
14611,noothana samvathsaram dayachesina devaa,నూతన సంవత్సరం దయచేసిన,,,New Year,,TELUGU,2019-02-06,https://waytochurch.com/lyrics/song/14611,569,718
14612,nemmadi ledaa nemmadi ledaa – ontarivainaavaa,నెమ్మది లేదా నెమ్మది,,,,,TELUGU,2019-02-06,https://waytochurch.com/lyrics/song/14612,719,853
14613,nedu yesu lechinaadu,నేడు యేసు లేచినాడు,,,,,TELUGU,2019-02-06,https://waytochurch.com/lyrics/song/14613,468,546
14614,nenemainaa prabhuvaa ninne sthuthisthaanu,నేనేమైనా ప్రభువా నిన్నే,,,,,TELUGU,2019-02-06,https://waytochurch.com/lyrics/song/14614,540,627
14615,paradeshulamo priyulaaraa mana,పరదేశులమో ప్రియులారా మన,,,,,TELUGU,2019-02-06,https://waytochurch.com/lyrics/song/14615,749,913
14616,parishuddhudaa paavanudaa,పరిశుద్ధుడా పావనుడా,,,,,TELUGU,2019-02-06,https://waytochurch.com/lyrics/song/14616,380,497
14617,prathi roju choodaalani naa prabhuvaina yesayyanu,ప్రతి రోజు చూడాలని,,,,,TELUGU,2019-02-06,https://waytochurch.com/lyrics/song/14617,547,671
14618,prabhuvaa neeve naadu sharanam,ప్రభువా నీవే నాదు,,,,,TELUGU,2019-02-06,https://waytochurch.com/lyrics/song/14618,540,681
14619,putte yesudu nedu – manaku punya maargamu joopanu,పుట్టె యేసుడు నేడు,,,,,TELUGU,2019-02-06,https://waytochurch.com/lyrics/song/14619,420,474
14620,prema yesayya premaa (4),ప్రేమ యేసయ్య ప్రేమా,,,,,TELUGU,2019-02-06,https://waytochurch.com/lyrics/song/14620,548,616
14621,phalamulanaashinchina paraloka thandri,ఫలములనాశించిన పరలోక తండ్రి,,,,,TELUGU,2019-02-06,https://waytochurch.com/lyrics/song/14621,521,632
14622,manasaaraa poojinchi ninnaaraadhisthaa,మనసారా పూజించి నిన్నారాధిస్తా,,,,,TELUGU,2019-02-06,https://waytochurch.com/lyrics/song/14622,425,516
14623,mammentho preminchaavu,మమ్మెంతో ప్రేమించావు,,,,,TELUGU,2019-02-06,https://waytochurch.com/lyrics/song/14623,416,500
14624,mahimagala thandri – manchi vyavasaayakudu,మహిమగల తండ్రి మంచి,,,,,TELUGU,2019-02-06,https://waytochurch.com/lyrics/song/14624,883,1070
14625,maanavudavai sakala narula,మానవుడవై సకల నరుల,,,,,TELUGU,2019-02-06,https://waytochurch.com/lyrics/song/14625,1154,1379
14626,maaraa gayaa sulee par,మారా గయా సులీ,,,,,TELUGU,2019-02-06,https://waytochurch.com/lyrics/song/14626,533,621
14627,mosithivaa naa korakai siluva vedananu,మోసితివా నా కొరకై,,,Good Friday,,TELUGU,2019-02-06,https://waytochurch.com/lyrics/song/14627,664,832
14628,yehovaa nissy – yehovaa nissy,యెహోవా నిస్సీ యెహోవా,,,,,TELUGU,2019-02-06,https://waytochurch.com/lyrics/song/14628,565,688
14629,yehovaa maa kaapari yesayya maa oopiri,యెహోవా మా కాపరి,,,,,TELUGU,2019-02-06,https://waytochurch.com/lyrics/song/14629,430,515
14630,yesayyaa naa doraa,యేసయ్యా నా దొరా,,,,,TELUGU,2019-02-06,https://waytochurch.com/lyrics/song/14630,654,810
14631,yese janmincheraa,యేసే జన్మించెరా,,,Christmas,,TELUGU,2019-02-06,https://waytochurch.com/lyrics/song/14631,276,313
14632,yese daivamu – yese jeevamu,యేసే దైవము యేసే,,,,,TELUGU,2019-02-06,https://waytochurch.com/lyrics/song/14632,161,190
14633,rakshakundudayinchinaadata – mana koraku parama,రక్షకుండుదయించినాడట మన కొరకు,,,,,TELUGU,2019-02-06,https://waytochurch.com/lyrics/song/14633,673,802
14634,raajyaalanele maharaaju,రాజ్యాలనేలే మహారాజు,,,Christmas,,TELUGU,2019-02-06,https://waytochurch.com/lyrics/song/14634,563,659
14636,raath andheri door kahi,రాత్ అంధేరి దూర్,,,Christmas,,TELUGU,2019-02-06,https://waytochurch.com/lyrics/song/14636,539,615
14637,Vandanam naa prathi avasaramu,వందనం నా ప్రతి అవసరము,,"Music: Bridge Music India ft. Sam Alex, Allen Ganta & John Erry",Thanks Giving,,TELUGU,2019-02-06,https://waytochurch.com/lyrics/song/14637,677,819
14638,sari cheyumo devaa,సరి చేయుమో దేవా,,,,,TELUGU,2019-02-06,https://waytochurch.com/lyrics/song/14638,525,618
14639,sari raarevvaru – naa priyudaina yesayyaku (2),సరి రారెవ్వరు నా,,,,,TELUGU,2019-02-06,https://waytochurch.com/lyrics/song/14639,542,653
14640,saagipodunu aagiponu nenu (2),సాగిపోదును ఆగిపోను నేను,,,,,TELUGU,2019-02-06,https://waytochurch.com/lyrics/song/14640,564,675
14641,sthuthi paadi keerthinthumu – ghanudaina mana devuni,స్తుతి పాడి కీర్తింతుము,,,,,TELUGU,2019-02-06,https://waytochurch.com/lyrics/song/14641,386,480
14642,snehithudaa naa snehithudaa,స్నేహితుడా నా స్నేహితుడా,,,,,TELUGU,2019-02-06,https://waytochurch.com/lyrics/song/14642,418,496
14643,sonthamaipovaali naa yesutho,సొంతమైపోవాలి నా యేసుతో,,,,,TELUGU,2019-02-06,https://waytochurch.com/lyrics/song/14643,509,614
14644,sthothrabali sthothrabali,స్తోత్రబలి స్తోత్రబలి మంచిదేవా,,,,,TELUGU,2019-02-06,https://waytochurch.com/lyrics/song/14644,566,675
14645,nee naamam athi madhuram,నీ నామం అతి,,,,,TELUGU,2019-02-06,https://waytochurch.com/lyrics/song/14645,437,561
15340,saagenu naa jeeva naava,సాగేను నా జీవ నావ,,,,,TELUGU,2020-06-18,https://waytochurch.com/lyrics/song/15340,490,615
15598,maanavulandaru okkatenani,మానవులందరు ఒక్కటేనని,,,,,TELUGU,2020-06-18,https://waytochurch.com/lyrics/song/15598,457,553
15654,sthuthinchedanu ninnu nenu manasaaraa,స్తుతించెదను నిన్ను నేను మనసారా,,,,,TELUGU,2020-06-18,https://waytochurch.com/lyrics/song/15654,496,602
15689,seeyonulo nundi neevu prakaashinchuchunnaavu naapai,సీయోనులో నుండి నీవు ప్రకాశించుచున్నావు నాపై,,,,,TELUGU,2020-06-18,https://waytochurch.com/lyrics/song/15689,771,936
16020,o yaathrikudaa oho yaathrikudaa,ఓ యాత్రికుడా ఓహో యాత్రికుడా,,,,,TELUGU,2019-03-07,https://waytochurch.com/lyrics/song/16020,965,1193
16150,aaraadhana anduko (2),ఆరాధన అందుకో,,,,,TELUGU,2019-04-13,https://waytochurch.com/lyrics/song/16150,698,882
16151,neeli aakaashamlo (2),నీలి ఆకాశంలో,,,,,TELUGU,2019-04-13,https://waytochurch.com/lyrics/song/16151,559,695
16152,mannegadayyaa mannegadayyaa (2),మన్నేగదయ్యా మన్నేగదయ్యా,,,,,TELUGU,2019-04-13,https://waytochurch.com/lyrics/song/16152,670,799
16153,vaaduko…. yesayyaa…,వాడుకో… యేసయ్యా…,,,,,TELUGU,2019-04-13,https://waytochurch.com/lyrics/song/16153,559,656
16154,sameepimparaani thejassulo o.. o..,సమీపింపరాని తేజస్సులో ఓ ఓ,,,,,TELUGU,2019-04-13,https://waytochurch.com/lyrics/song/16154,444,552
16366,Aascharya Karamaina,ఆశ్చర్యకరమైన నీ కృపతో,,,,,TELUGU,2019-04-16,https://waytochurch.com/lyrics/song/16366,391,391
16568,Aparadini Yesiah,అపరాధిని యేసయ్యా,,,,,TELUGU,2019-04-16,https://waytochurch.com/lyrics/song/16568,429,429
16765,Ee Loka Yatralo,ఈ లోక యాత్రలో,,,,,TELUGU,2019-04-16,https://waytochurch.com/lyrics/song/16765,428,428
17728,sarva shakthuni sthothragaanamu,సర్వశక్తుని స్తోత్రగానము,,,,,TELUGU,2020-06-18,https://waytochurch.com/lyrics/song/17728,574,694
18833,Ye Yogyatha Leni Nannu,ఏ యోగ్యతా లేని నన్నునీవు ప్రేమించినావు దేవా,,,,,TELUGU,2019-04-16,https://waytochurch.com/lyrics/song/18833,569,569
18857,Yenduko Nanninthaga Neevu,ఎందికో నన్నింతగా నీవు,,,,,TELUGU,2019-04-16,https://waytochurch.com/lyrics/song/18857,429,429
18972,naa paapame ninu lokamu cherchenu,నా పాపమే నిను లోకము చేర్చెను,,,,,TELUGU,2019-04-17,https://waytochurch.com/lyrics/song/18972,565,684
18975,aela varninchanayyaa kalvari yaagam,ఏల వర్ణించనయ్యా కల్వరి యాగం,,,Good Friday,,TELUGU,2019-04-22,https://waytochurch.com/lyrics/song/18975,869,1063
18976,shaalomu raajuku vandanam,షాలోము రాజుకు వందనం,,,,,TELUGU,2019-04-22,https://waytochurch.com/lyrics/song/18976,341,436
19014,Neevalle neevalle naa kintha shanthoshamu,నీ వల్లే నీ వల్లే యేసయ్య నా కింత సంతోషము,,,,,Telugu,2019-06-07,https://waytochurch.com/lyrics/song/19014,617,767
19016,pellante dehamulu varaina Daivame thana chitthamuga,పెళ్లంటే దేహములు వేరైనా – ఒక్కటిగ ఫలియించె దైవ సంకల్పం,S Vijayprasad Reddy,"Mulloka Mahayodhudu, Music: Jonah Samuel , Narsapuram",Marriage,,Telugu,2019-06-08,https://waytochurch.com/lyrics/song/19016,1262,0
19028,facebook youtube edainaa kaani,ఫేస్బుక్ యూట్యూబ్ ఏదైనా కానీ,,,,,TELUGU,2019-06-13,https://waytochurch.com/lyrics/song/19028,822,929
19924,sumadhura swaramula gaanaalatho velaadi doothala galamulatho,సుమధుర స్వరముల గానాలతో వేలాది దూతల గళములతో,,,,,TELUGU,2019-08-05,https://waytochurch.com/lyrics/song/19924,642,805
19925,yesayya paadaalu bangaaru paadaalu,యేసయ్య పాదాలు బంగారు పాదాలు,,,,,TELUGU,2019-08-05,https://waytochurch.com/lyrics/song/19925,512,590
19926,maaradayaa nee prema,మారదయా నీ ప్రేమ,,,,,TELUGU,2019-08-05,https://waytochurch.com/lyrics/song/19926,477,589
19927,nannu neevale nirminchinanu,నన్ను నీవలె నిర్మించినను,,,,,TELUGU,2019-08-05,https://waytochurch.com/lyrics/song/19927,598,697
19928,naakunna balamu saripodayyaa,నాకున్న బలము సరిపోదయ్యా,,,,,TELUGU,2019-08-05,https://waytochurch.com/lyrics/song/19928,381,453
19929,deudu lokamunu entho preminchenu,దేవుడు లోకమును ఎంతో ప్రేమించెను,,,,,TELUGU,2019-08-05,https://waytochurch.com/lyrics/song/19929,442,514
19930,jeevaadhipathivi neeve naa yesayyaa,జీవాధిపతివి నీవే నా యేసయ్య,,,,,TELUGU,2019-08-05,https://waytochurch.com/lyrics/song/19930,451,543
19931,jeevithaanthamu varaku neeke seva salpudunantini,జీవితాంతము వరకు నీకే సేవ సల్పుదునంటిని,,,,,TELUGU,2019-08-05,https://waytochurch.com/lyrics/song/19931,723,898
19932,jagamulanele shree yesaa,జగములనేలే శ్రీ యేసా,,,,,TELUGU,2019-08-05,https://waytochurch.com/lyrics/song/19932,588,714
19933,keerthinthunu nee naamamu,కీర్తింతును నీ నామము,,,,,TELUGU,2019-08-05,https://waytochurch.com/lyrics/song/19933,300,361
19934,emi unnaa lekunnaa,ఏమి ఉన్నా లేకున్నా,,,,,TELUGU,2019-08-05,https://waytochurch.com/lyrics/song/19934,369,429
19944,yesu swaami neeku nenu,యేసు స్వామీ నీకు నేను,,,,,TELUGU,2019-08-07,https://waytochurch.com/lyrics/song/19944,423,501
19962,kaapaade devudu yesayyaa,కాపాడే దేవుడు యేసయ్యా,,,,,TELUGU,2019-08-30,https://waytochurch.com/lyrics/song/19962,441,506
19968,naa chinni hrudayamutho,నా చిన్ని హృదయముతో,,,,,TELUGU,2019-08-31,https://waytochurch.com/lyrics/song/19968,653,787
19969,aanandinthumu aanandinthumu,ఆనందింతుము ఆనందింతుము,,,,,TELUGU,2019-08-31,https://waytochurch.com/lyrics/song/19969,611,704
19970,neetho sooryudavai veluguthunna yesayya,నీతి సూర్యుడవై వెలుగుతున్న యేసయ్య,,,,,TELUGU,2019-09-01,https://waytochurch.com/lyrics/song/19970,481,589
19971,Naadhu Rakshaka ni manase uttamam,నాదు రక్షకా నీ మనసే ఉత్తమం - దిన దినము నీతోనే వసియింతును,Dr  John Wesly,Blessie Wesly,Thanks Giving,,Telugu,2019-09-02,https://waytochurch.com/lyrics/song/19971,729,0
19977,vesaarina manase oogene,వేసారిన మనసే ఊగెనే,Dr  A R Stevenson,"Music: Pranam Kamalakar, Singer:Anwesshaa",Faith,,TELUGU,2019-09-10,https://waytochurch.com/lyrics/song/19977,383,471
19978,naa aashala pallaki neeve,నా ఆశల పల్లకి నీవే,,,,,TELUGU,2019-09-10,https://waytochurch.com/lyrics/song/19978,574,716
19979,epaati daananayaa nanninthaga hechchinchutaku,ఏపాటి దాననయా నన్నింతగ హెచ్చించుటకు,,,,,TELUGU,2019-09-10,https://waytochurch.com/lyrics/song/19979,575,709
19996,sambaraalu sambaraaluro – mana bratukullo sambaraaluro,సంబరాలు సంబరాలురో – మన బ్రతుకుల్లో సంబరాలు,Joshua Shaik,"Nannenthaga Preminchithivo, Music: K.Y.Ratnam Vocals: Hema Chandra",Christmas,,Telugu,2019-10-13,https://waytochurch.com/lyrics/song/19996,509,546
19997,Naa neeti suryuda Bhuvinelu Yesayya,నా నీతి సూర్యుడా భువినేలు యేసయ్యా,Hosanna John Wesley,Hosanna Ministries 2019,,,Telugu,2019-10-15,https://waytochurch.com/lyrics/song/19997,845,1057
20001,saarepatu vurilo oka vidhavaraalu vundenu,సారెపతు ఊరిలో ఒక విధవరాలు ఉండెను,,,Sunday School,,Telugu,2019-10-15,https://waytochurch.com/lyrics/song/20001,489,529
20002,"abednago, shadraku, mesheku vacchipadene pedda chikku","అబేద్నగో, షడ్రకు, మెషెకు వచ్చిపడెనే పెద్ద చిక్కు",,,Sunday School,,Telugu,2019-10-15,https://waytochurch.com/lyrics/song/20002,336,365
20003,chadavaali chadavaali vaakyam chadavaali,చదవాలి చదవాలి వాక్యం చదవాలి,,,Sunday School,,Telugu,2019-10-16,https://waytochurch.com/lyrics/song/20003,225,271
20004,chinna chinna gorre pillanu,చిన్న చిన్న గొఱ్ఱె పిల్లను యేసు ప్రియ బిడ్డను,,,Sunday School,,Telugu,2019-10-16,https://waytochurch.com/lyrics/song/20004,481,498
20005,pillalam yesu biddalam,పిల్లలం యేసు బిడ్డలం పిల్లలం యేసు కిష్టులం,,,Sunday School,,Telugu,2019-10-16,https://waytochurch.com/lyrics/song/20005,322,327
20006,kodi kuyu vela parugulettedam,కోడి కూయు వేళ పరుగులెత్తెదం,,,Sunday School,,Telugu,2019-10-16,https://waytochurch.com/lyrics/song/20006,650,706
20008,Kalyaname Vaibhogam,కళ్యాణమే వైభోగం – కమనీయ కాంతుల దీపం,Dr  A  R  Stevenson,Kalyaname Vaibhogam,,,Telugu,2019-10-16,https://waytochurch.com/lyrics/song/20008,377,0
20009,Koniyaadabadunu Yehova yandu,కొనియాడబడును యెహోవాయందు భయభక్తులు గల వనిత,Dr  A R Stevenson,kalKalyana Veduka,,,Telugu,2019-10-16,https://waytochurch.com/lyrics/song/20009,503,600
20010,kurisindi Navvula Vaana – Vivaaha Subha samayaana,కురిసింది నవ్వుల వాన – వివాహ శుభ సమయాన,Dr  A R Stevenson,parinaya Swaralu,,,Telugu,2019-10-16,https://waytochurch.com/lyrics/song/20010,440,511
20030,iddarokkatiga maareti madhuramaina kshanamu,ఇద్దరొక్కటిగ మారేటి మధురమైన క్షణము,,,,,TELUGU,2019-10-25,https://waytochurch.com/lyrics/song/20030,623,770
20715,aashatho nee koraku eduru choochuchundagaa,ఆశతో నీ కొరకు ఎదురుచూచుచుండగా,,,,,TELUGU,2019-11-13,https://waytochurch.com/lyrics/song/20715,541,691
20740,raare choothamu raaja suthuni,రారే చూతము రాజసుతుని,,,,,TELUGU,2019-11-20,https://waytochurch.com/lyrics/song/20740,528,653
20741,ambaraanni daate sambaraalu nedu,అంబరాన్ని దాటే సంబరాలు నేడు,,,Christmas,,TELUGU,2019-11-20,https://waytochurch.com/lyrics/song/20741,442,524
20747,laali laali jolaali baala yesuku laali,లాలి లాలి జోలాలి బాల యేసునకు లాలి,,,Christmas,,TELUGU,2019-11-23,https://waytochurch.com/lyrics/song/20747,508,637
20748,purab dishaa mein chamkaa ek thaaraa,పూరబ్ దిశా మే చమ్కా ఏక్ తారా,,,Christmas,,TELUGU,2019-11-23,https://waytochurch.com/lyrics/song/20748,493,572
20766,nede viraboosele hrudhaya nethrambule,నేడే విరబూసెలే హృదయ నేత్రంబులే,"Rev  S  vijay Paul, Music: JK Christopher, Singer: Mrs  Grace Lezitha Joshua",paralokapu puramu,Christmas,,Telugu,2019-12-06,https://waytochurch.com/lyrics/song/20766,385,0
20767,Raajugaa raaraajugaa,రాజుగా రారాజుగా,Bro D Paul Jaya Kumar,Sinnodu,Christmas,,Telugu,2019-12-06,https://waytochurch.com/lyrics/song/20767,656,780
20768,Bethlehemu puramulo oka vintha jarigenu,బెత్లెహేము పురములో ఒక వింత జరిగెను,Sis  Hepsiba David,,Christmas,,Telugu,2019-12-06,https://waytochurch.com/lyrics/song/20768,582,755
20769,Bethlehemu puramunandhuna,బెత్లెహేము పురమునందున,Renikuntla Vidya Sagar,,Christmas,,Telugu,2019-12-06,https://waytochurch.com/lyrics/song/20769,393,481
20770,Nakai dheenuniga bhuviki vacchinavaiya,నాకై దీనునిగా భువికి వచ్చినావయా,Pastor Vinod Kumar,,Christmas,,Telugu,2019-12-06,https://waytochurch.com/lyrics/song/20770,520,609
20771,Emautano ani nikemi chesanani,ఏమౌతానో అని నీకేమి చే సానని,Samuel Karmoji,Yesutho Prathikshanam,Gods Love,,Telugu,2019-12-06,https://waytochurch.com/lyrics/song/20771,572,645
20773,santhoshinchudi yandaru naatho santhoshinchudi,సంతోషించుడి యందరు నాతో సంతోషించుడి,,,,,TELUGU,2019-12-07,https://waytochurch.com/lyrics/song/20773,843,1076
21745,Nigilona merise nakshathram,నింగిలోన మెరిసే నక్షత్రం,K Y Ratnam,Singer : Satya Yamini,Christmas,,Telugu,2019-12-08,https://waytochurch.com/lyrics/song/21745,720,0
21746,Paralokamu nundi bhuvikarudhenchenu loka rakshakudu,పరలోకము నుండి భువికరుదెంచెను లోకరక్షకుడు,Bro M Moses,,Christmas,,Telugu,2019-12-11,https://waytochurch.com/lyrics/song/21746,342,419
21747,Jeevamai ethenchina yesu daivamaa,జీవమై ఏతెంచిన యేసు దైవమా,A R Stevenson,,Christmas,,Telugu,2019-12-11,https://waytochurch.com/lyrics/song/21747,253,326
21748,Jagamantha divyakaanthitho,జగమంత దివ్యకాంతితో,Ps  R  Lazarus (Samarlakota),,Christmas,,Telugu,2019-12-11,https://waytochurch.com/lyrics/song/21748,782,948
21786,raajulaku raajaina yesayya,రాజులకు రాజైన యేసయ్య,Bro  Emmanuel,Christmas Santhosham,Christmas,,Telugu,2019-12-11,https://waytochurch.com/lyrics/song/21786,572,662
21795,Bethlehemulo oka chinna oorilo,బెత్లెహేములో ఒక చిన్న ఊరిలో,Sudharshan,,Christmas,,Telugu,2019-12-14,https://waytochurch.com/lyrics/song/21795,708,881
21797,Yesaiah Puttinaade,యేసయ్య పుట్టినాడే,"Rev  Sam Paul Pilli, Roselyn Pilli",,Christmas,,Telugu,2019-12-16,https://waytochurch.com/lyrics/song/21797,304,351
21798,Gaganame murisenu,గగనమే మురిసెను,Samuel Karmoji,,Christmas,,Telugu,2019-12-16,https://waytochurch.com/lyrics/song/21798,367,440
21799,Ela ela vivarinthunu ela ela varninthunu,ఎలా ఎలా వివరింతును ఎలా ఎలా వర్ణింతును,"Sheela Paul , Micheal Paul",,Christmas,,Telugu,2019-12-16,https://waytochurch.com/lyrics/song/21799,582,697
21800,ennika leni naapai entha krupa choopinaavu,ఎన్నిక లేని నాపై ఎంత కృప చూపినావు,,,,,TELUGU,2019-12-16,https://waytochurch.com/lyrics/song/21800,444,543
21803,christmas kaalam kreesthu jananam entho aanandame,క్రిస్మస్ కాలం క్రీస్తు జననం ఎంతో ఆనందమే,,,,,TELUGU,2019-12-24,https://waytochurch.com/lyrics/song/21803,704,843
21804,christmas aanandam santhoshame,క్రిస్మస్ ఆనందం సంతోషమే,,,,,TELUGU,2019-12-24,https://waytochurch.com/lyrics/song/21804,683,728
21805,otami thappani rojainanu odiponivvadu,ఓటమి తప్పని రోజైననూ ఓడిపోనివ్వడు,,,,,TELUGU,2019-12-24,https://waytochurch.com/lyrics/song/21805,712,796
21810,Sanghamaa saagumaa,సంఘమా సాగుమా,Bro Vasanth Bandela,,,,Telugu,2019-12-27,https://waytochurch.com/lyrics/song/21810,386,494
21811,Ninna nedu maarani prema needhai,నిన్న నేడు మారని ప్రేమ నీదే,Pastor Ravinder Vottepu,Athi Parishudha Stalamu Nundi,,,Telugu,2019-12-27,https://waytochurch.com/lyrics/song/21811,348,432
21812,Ninne ne aaraadhinthunu,నిన్నే నే ఆరాధింతును,"Pastor Ravinder Vottepu, Adimalla Sudheer Kumar, Suresh Garugula",Athi Parishudha Stalamu Nundi,,,Telugu,2019-12-27,https://waytochurch.com/lyrics/song/21812,225,274
21815,Naalugu dhikkula cheekati cheelchi,నాలుగు దిక్కుల చీకటి చీల్చి,Balaji Mangu,,,,Telugu,2020-01-04,https://waytochurch.com/lyrics/song/21815,1004,1251
21816,karuninchi kaapaade yesayyaa,కరుణించి కాపాడే యేసయ్యా,AR Stevenson,"Ghanamaina Veduka, Music: Pranam Kamlakhar",Praise Worship,,TELUGU,2020-01-04,https://waytochurch.com/lyrics/song/21816,577,742
21819,Ninnu vidachi kshanamaina ne manalenu,నిన్ను విడచి క్షణమైన నే మనలేను,Dr  Issac Raj Alanka,Neeve Na Paravasam,,,Telugu,2020-01-08,https://waytochurch.com/lyrics/song/21819,279,340
21820,Dushtula aalochanalo naduvaka,దుష్టుల ఆలోచనలో నడువక,Dr  Issac Raj Alanka,Neeve Na Paravasam,,,Telugu,2020-01-08,https://waytochurch.com/lyrics/song/21820,250,314
21825,We give glory to you,వి గివ్ గ్లోరి టు యు,Bro  Vasanth Bandela,,,,Telugu,2020-01-11,https://waytochurch.com/lyrics/song/21825,488,570
21826,Yesayya nee krupalo nenundute dhanyamu,యేసయ్య నీ కృపలో నేనుండుటే…ధన్యము,Lois Raj,,,,Telugu,2020-01-11,https://waytochurch.com/lyrics/song/21826,645,758
21827,Naa chenthanundumu O yesayya,నా చెంత నుండుము ఓ యేసయ్య,,Yesaiah Neekosam Jeevista,,,Telugu,2020-01-11,https://waytochurch.com/lyrics/song/21827,251,310
21829,Naa hrudhayam paadene nee premane,నా హృదయం పాడెనే నీ ప్రేమనే,Samy Pachigalla,,,,Telugu,2020-01-17,https://waytochurch.com/lyrics/song/21829,483,612
21832,Aaraadhinchedhamu Aathmatho Sathyamutho,ఆరాధించెదము ఆత్మతో సత్యముతో,Praveen VB,Manchi Godhumulatho,Praise WorshipPraise Worship,,Telugu,2020-01-19,https://waytochurch.com/lyrics/song/21832,573,0
21833,E Jeevithamannadhi Kshanakaalamainadhi,ఈ జీవితమన్నది క్షణకాలమైనది పరలోకంలోనిది శాశ్వతమైనది,Praveen VB,Manchi Godhumulatho,Gods LoveGods Love,,Telugu,2020-01-19,https://waytochurch.com/lyrics/song/21833,695,0
21834,Sarvonathuda Sarvaadhikaari,సర్వోన్నతుడా సర్వాధికారి ఆకాశం నీ సింహాసనం,Praveen VB,Yesutho Nadavaalani Aasha,Praise WorshipAdvent,,Telugu,2020-01-19,https://waytochurch.com/lyrics/song/21834,554,0
21835,Yentho Madhuram Na Yesu Prema,ఎంతో మధురం నా యేసు ప్రేమ ఎంతో క్షేమం,Praveen VB,Yesutho Nadavaalani Aasha,Praise WorshipGods Love,,Telugu,2020-01-19,https://waytochurch.com/lyrics/song/21835,392,0
21838,Neevu lekundaa nenundalenu,నీవు లేకుండా నేనుండలేను,Pastor G  Vijay kumar,Naa Jeevitham Prabhu Yesuke Ankitham,Gods Love,,Telugu,2020-01-22,https://waytochurch.com/lyrics/song/21838,413,531
21840,Vendi bangaarukantey sreshtamainadhi,వెండి బంగారుకంటే శ్రేష్టమైనది,,,Faith,,Telugu,2020-01-24,https://waytochurch.com/lyrics/song/21840,511,637
21841,Aalochinchavaa oh nestham aalochinchavaa,ఆలోచి౦చావ ఓ నేస్తం ఆలోచి౦చావ,Joshua dean,,Gospel,,Telugu,2020-01-25,https://waytochurch.com/lyrics/song/21841,805,939
21846,Na brathulku dinamulu lekkinpa nerpumu,నా బ్రతుకు దినములు లెక్కింప నేర్పుము,Joel Kodali,,Advent,,Telugu,2020-01-29,https://waytochurch.com/lyrics/song/21846,559,687
21860,Kaalamokati raabothundi ippude adi vacheyundi,కాలమొకటి రాబోతుంది ఇప్పుడే అది వచ్చేవుంది,Godi Samuel,Entha Theeyanidhi,Second Comming,,Telugu,2020-02-11,https://waytochurch.com/lyrics/song/21860,457,559
21861,Ee lokamu nanu vidachina,ఈ లోకము నను విడచినను,"Dr  Pammi Daniel, Prabhu Pammi, Sharon Paul Perli",,Hope,,Telugu,2020-02-11,https://waytochurch.com/lyrics/song/21861,774,904
21868,Sthuthiyincheda ninne poojincheda,స్తుతియించెద నిన్నే పూజించెద,Bro  Sam Prabhu Sandesh,,Praise Worship,,Telugu,2020-02-23,https://waytochurch.com/lyrics/song/21868,452,552
21873,kalvari giri pai naa yessaiah naa korakai,కల్వరిగిరిపై నా యేసయ్య,Bro SURESH NITTALA (Singapore),"ఇమ్మానుయేలైన నా దేవుడు -The ONE with me, MUSIC : Bro. K Y RATNAM ,SUNG BY : SHWETHA MOHAN",Good Friday,,Telugu,2020-02-28,https://waytochurch.com/lyrics/song/21873,565,0
21874,Madhuraathi Madhuram yesu nee namam,మధురాతి మధురం యేసు నీ నామం,Joshua Shaik,"Nannenthaga Preminchithivo, Music: K.Y.Ratnam, sung by: Swetha Mohan, Rhythms: Pavan Gogi",Praise Worship,,Telugu,2020-02-28,https://waytochurch.com/lyrics/song/21874,467,0
21875,Nee thyaagame ne dhyaaninchuchuu,నీ త్యాగమే నే ధ్యానించుచూ,Pastor Suresh (Late),,Good Friday,,Telugu,2020-03-02,https://waytochurch.com/lyrics/song/21875,409,506
21876,Deva nannela vidichinaavayaa,దేవా నన్నేల విడిచినావయా,Dr  Issac Raj Alanka,Neeve Na Paravasam,Hope,,Telugu,2020-03-02,https://waytochurch.com/lyrics/song/21876,583,728
21877,Silvalo Kaarchinaa Nee Rathamu,సిల్వలో కార్చినా నీ రక్తము,Praveen VB,Nee Krupatho,Good Friday,,TELUGU,2020-03-04,https://waytochurch.com/lyrics/song/21877,353,0
21878,Chedu Aalochanalanu Jayinche Sakthi,చెడు ఆలోచనలను జయించే శక్తీ,Praveen VB,Manchi Godhumulatho,Confession,,TELUGU,2020-03-04,https://waytochurch.com/lyrics/song/21878,420,0
21880,moyaleni bhaaramantha siluvalo mosaavu,మోయలేని భారమంత సిలువలో మోసావు,,,Good Friday,,TELUGU,2020-03-17,https://waytochurch.com/lyrics/song/21880,662,814
21884,Nee naavalo yesu undagaa bhayamelaraa sodharaa,నీ నావలో యేసు ఉండగా భయమేలరా సోదరా,Pastor Vinod Kumar,,Hope,,Telugu,2020-03-25,https://waytochurch.com/lyrics/song/21884,461,580
21887,yesayya naamamu naa praana raksha,యేసయ్య నామము నా ప్రాణ రక్ష,,,Gods Power,,TELUGU,2020-03-29,https://waytochurch.com/lyrics/song/21887,366,446
21892,Mulla Kireetamu raktha dhaaralu,ముళ్ళ కిరీటము రక్త ధారలు,Joel Kodali,Singer: Allen Ganta,Good Friday,,Telugu,2020-04-08,https://waytochurch.com/lyrics/song/21892,556,722
21894,Endhuko e gora papini,ఎందుకో ఈ ఘోర పాపిని,,,Gods Love,,Telugu,2020-04-10,https://waytochurch.com/lyrics/song/21894,573,0
21905,Parishuddame Yesuni raktham pravahinchenu kalvarilo,పరిశుద్ధమే యేసుని రక్తం ప్రవహించెను కల్వరిలో,"Late Bishop shantha vardhan garu, Guntur",,Good Friday,,Telugu,2020-04-15,https://waytochurch.com/lyrics/song/21905,803,992
21907,Yesuni neevu nammuko rakshana pondhuko,యేసుని నీవు నమ్ముకో రక్షణ పొందుకో,Pastor Kasi Lazarus,,Gospel,,Telugu,2020-05-06,https://waytochurch.com/lyrics/song/21907,237,281
21908,Yesaiah Entho Entho Manchivadu,యేసయ్య ఎంతో ఎంతో మంచివాడు,Rev  Daniel Pothuraj,Pranaamam,Gods Love,,Telugu,2020-05-06,https://waytochurch.com/lyrics/song/21908,176,499
21909,naa kanuchoopu mera yesu nee prema,నా కనుచూపు మేర యేసు నీ ప్రేమ,Joshua shaik,Music: Bro .K.Y. Ratnam,Gods Love,,TELUGU,2020-05-06,https://waytochurch.com/lyrics/song/21909,611,723
21910,devude ila cheretanduku ennukunna maargam,దేవుడే ఇల చేరేటందుకు ఎన్నుకున్న మార్గం,Sayaram Gattu,"Loka Rakshakudu, Music: Immanuel Rajesh",,,TELUGU,2020-05-06,https://waytochurch.com/lyrics/song/21910,852,1021
21911,thaaraa velisenu ee vela,తారా వెలిసెను ఈ వేళ,Sayaram Gattu,"Loka Rakshakudu, Music: Immanuel Rajesh",Christmas,,TELUGU,2020-05-06,https://waytochurch.com/lyrics/song/21911,483,604
21912,karuna choopinchumaa yesayya kanneeru thudavagaa,కరుణ చూపించుమా యేసయ్య కన్నీరు తుడవగా,Sayaram Gattu,"Loka Rakshakudu, Music: Immanuel Rajesh",Gods Power,,TELUGU,2020-05-06,https://waytochurch.com/lyrics/song/21912,817,978
21913,ihaloka paapi koraku,ఇహలోక పాపి కొరకు,Rev  Enos Sunandhan Tupili,"Christ Baptist Church, Rajahmundry",Gods Love,,TELUGU,2020-05-06,https://waytochurch.com/lyrics/song/21913,214,252
21927,kanipettuchuntini prabhuvaa nee sannidhini,కనిపెట్టుచుంటిని ప్రభువా నీ సన్నిధినీ,Bro Augustine,Sreshta Karmoji,Hope,,Telugu,2020-05-06,https://waytochurch.com/lyrics/song/21927,617,657
21928,sundarudaa athiysheyuda mahonnathudaa naa priyudaa,సుందరుడా అతిశయుడా మహోన్నతుడా నా ప్రియుడా,Prathap Darshi(kannada),,Praise Worship,,Telugu,2020-05-06,https://waytochurch.com/lyrics/song/21928,300,348
21932,yesayyaa nannenduku ennukunnaavayyaa,యేసయ్యా నన్నెందుకు ఎన్నుకున్నావయ్యా,,,,,TELUGU,2020-05-21,https://waytochurch.com/lyrics/song/21932,474,576
21933,maruvagalanaa maralaa ilalo ganani karunaa,మరువగలనా మరలా ఇలలో గనని కరుణా,,,,,TELUGU,2020-05-21,https://waytochurch.com/lyrics/song/21933,631,797
21934,paatha nibandhanalo ishraayelunu devudu korenu dashama bhaagam,పాత నిబంధనలో ఇశ్రాయేలును దేవుడు కోరెను దశమ భాగం,,,,,TELUGU,2020-05-21,https://waytochurch.com/lyrics/song/21934,562,723
21935,nithyam nilichedi nee preme yesayyaa,నిత్యం నిలిచేది నీ ప్రేమే యేసయ్యా,,,,,TELUGU,2020-05-21,https://waytochurch.com/lyrics/song/21935,432,492
22035,mattinaina nannu manishigaa maarchi,మట్టినైన నన్ను మనిషిగా మార్చి,,,,,TELUGU,2020-06-18,https://waytochurch.com/lyrics/song/22035,505,639
22037,prema shaashwatha kaalamundunu,ప్రేమ శాశ్వత కాలముండును,,,,,TELUGU,2020-06-18,https://waytochurch.com/lyrics/song/22037,657,719
22039,neeve aashrayadurgam neeve naa sahaayam,నీవే ఆశ్రయదుర్గం నీవే నా సహాయం,,,,,TELUGU,2020-06-18,https://waytochurch.com/lyrics/song/22039,453,557
22047,neelo samasthamu saadhyame,నీలో సమస్తము సాధ్యమే,,,,,TELUGU,2020-06-18,https://waytochurch.com/lyrics/song/22047,405,495
22048,nirantharamaina nee krupalo,నిరంతరమైన నీ కృపలో,,,,,TELUGU,2020-06-18,https://waytochurch.com/lyrics/song/22048,576,731
22049,nannu brathikinchutaku neevu maraninchithive,నన్ను బ్రతికించుటకు నీవు మరణించితివే,,,,,TELUGU,2020-06-18,https://waytochurch.com/lyrics/song/22049,364,455
22050,naa vedhanalo naa baadhalo,నా వేదనలో నా బాధలో,,,,,TELUGU,2020-06-18,https://waytochurch.com/lyrics/song/22050,661,800
22051,nee prema naalo madhuramainadi,నీ ప్రేమ నాలో మధురమైనది,,,,,TELUGU,2020-06-18,https://waytochurch.com/lyrics/song/22051,945,1159
22052,nee kaaryamulu aascharyamulu devaa,నీ కార్యములు ఆశ్చర్యములు దేవా,,,,,TELUGU,2020-06-18,https://waytochurch.com/lyrics/song/22052,534,637
22053,jeevamu gala devuni sangham entho entho ramyamu,జీవము గల దేవుని సంఘం ఎంతో ఎంతో రమ్యము,,,,,TELUGU,2020-06-18,https://waytochurch.com/lyrics/song/22053,742,903
22054,cheekatilo kaanthivi,చీకటిలో కాంతివి,,,,,TELUGU,2020-06-18,https://waytochurch.com/lyrics/song/22054,498,601
22055,kshamaapana dorikenaa,క్షమాపణ దొరికేనా,,,,,TELUGU,2020-06-18,https://waytochurch.com/lyrics/song/22055,371,440
22056,kalugunu gaaka devuniki mahima kalugunu gaaka,కలుగును గాక దేవునికి మహిమ కలుగును గాక,,,,,TELUGU,2020-06-18,https://waytochurch.com/lyrics/song/22056,621,765
22057,kaalaalu maarina gaani yesu maaradu,కాలాలు మారిన గాని యేసు మారడు,,,,,TELUGU,2020-06-18,https://waytochurch.com/lyrics/song/22057,296,355
22058,kannulatho choose ee lokam entho andamugaa srushtinchabadenu bhoolokam,కన్నులతో చూసే ఈ లోకం ఎంతో అందముగా సృష్టించబడెను భూలోకం,,,,,TELUGU,2020-06-18,https://waytochurch.com/lyrics/song/22058,767,952
22059,koti kaanthula velugulatho udayinchenu oka kiranam,కోటి కాంతుల వెలుగులతో ఉదయించెను ఒక కిరణం,,,,,TELUGU,2020-06-18,https://waytochurch.com/lyrics/song/22059,865,1068
22060,oka divyamaina sangathitho,ఒక దివ్యమైన సంగతితో,,,,,TELUGU,2020-06-18,https://waytochurch.com/lyrics/song/22060,385,447
22061,egedanu ne cheredanu,ఏగెదను నే చేరెదను,,,,,TELUGU,2020-06-18,https://waytochurch.com/lyrics/song/22061,531,621
22062,ae yogyathaa leni nannu enduku ennukunnaavu,ఏ యోగ్యతా లేని నన్ను ఎందుకు ఎన్నుకున్నావు,,,,,TELUGU,2020-06-18,https://waytochurch.com/lyrics/song/22062,302,356
22063,evaru unnaa lekunnaa,ఎవరు ఉన్నా లేకున్నా,,,,,TELUGU,2020-06-18,https://waytochurch.com/lyrics/song/22063,481,567
22064,aaraadhinchedamu aathmatho nirathamu,ఆరాధించెదము ఆత్మతో నిరతము,,,,,TELUGU,2020-06-18,https://waytochurch.com/lyrics/song/22064,549,670
22065,aananda thailaabhishekamu nimmu aathma swaroopudaa,ఆనంద తైలాభిషేకము నిమ్ము ఆత్మ స్వరూపుడా,,,,,TELUGU,2020-06-18,https://waytochurch.com/lyrics/song/22065,382,465
22066,vinarandi naa priyuni visheshamu,వినరండి నా ప్రియుని విశేషము…,,,,,TELUGU,2020-06-18,https://waytochurch.com/lyrics/song/22066,939,1153
22081,Annivelala vinuvaadu,అన్నివేళల వినువాడు,G Phinehas,,,,Telugu,2020-07-02,https://waytochurch.com/lyrics/song/22081,402,477
22083,Suvaartha andhani ooru undaney koodadu,సువార్త అందని ఊరు ఉండనే కూడదు,Dr  K John Mangacharyulu,,,,Telugu,2020-07-04,https://waytochurch.com/lyrics/song/22083,441,548
22091,yesu devuni aashrayinchumaa,యేసు దేవుని ఆశ్రయించుమా,,,,,TELUGU,2020-07-07,https://waytochurch.com/lyrics/song/22091,828,986
22092,maruvani needu prematho kaachithivi kanupaapagaa,మరువని నీదు ప్రేమతో కాచితివే కనుపాపగా,,,,,TELUGU,2020-07-07,https://waytochurch.com/lyrics/song/22092,568,696
22093,andhakaara cherasaalalo bandhakaala irukulo,అంధకార చెరసాలలో బంధకాల ఇరుకులో,,,,,TELUGU,2020-07-07,https://waytochurch.com/lyrics/song/22093,639,799
22098,palukaleni naaku paata nerpinaavu,పలుకలేని నాకు పాట నేర్పినావు,chinnakotla K S Paul,,,,TELUGU,2020-07-10,https://waytochurch.com/lyrics/song/22098,517,617
22099,Naa chinni hrudayamtho naa goppa devunine,నా చిన్ని హృదయముతో నా గొప్ప దేవుని,Pastor Vinod Kumar,,,,Telugu,2020-07-12,https://waytochurch.com/lyrics/song/22099,440,530
22100,anthya dinamulayandu aathmanu,అంత్య దినములయందు ఆత్మను,,,,,TELUGU,2020-07-13,https://waytochurch.com/lyrics/song/22100,412,489
22101,yehovaa yire nanu chusevaadaa neevundutaye chaalu,యెహోవా యీరే నను చూసేవాడా నీవుండుటయే చాలు,,,,,TELUGU,2020-07-28,https://waytochurch.com/lyrics/song/22101,585,706
22102,ninu gaaka mari denini ne premimpaneeyaku,నిను గాక మరి దేనిని నే ప్రేమింపనీయకు,,,,,TELUGU,2020-07-28,https://waytochurch.com/lyrics/song/22102,456,561
22103,Nannelu Nazareyuda Nanu Preminchu Pranapriyudaa,నన్నేలు నజరేయుడా నను ప్రేమించు ప్రాణప్రియుడా,Joshua Shaik,,,,Telugu,2020-07-28,https://waytochurch.com/lyrics/song/22103,371,445
22104,Ninne ninne premisthunnaa,నిన్నే నిన్నే ప్రేమిస్తున్నా,Raja Mandru,,,,Telugu,2020-07-28,https://waytochurch.com/lyrics/song/22104,237,275
22105,jeevinthu nenu ika meedata naa korake kaadu,జీవింతు నేను ఇకమీదట నా కొరకే కాదు,,,,,TELUGU,2020-07-28,https://waytochurch.com/lyrics/song/22105,679,803
22106,O yesu nee naama sankeerthana,ఓ యేసు నీ నామ సంకీర్తన,Dr Vijaya Kumar Gudipati,,,,Telugu,2020-07-28,https://waytochurch.com/lyrics/song/22106,266,335
22107,Aaraadhinchedanu aatmathoa nirathamu,ఆరాధించెదను ఆత్మతో నిరతము,Pastor Raj Prakash Paul,,,,Telugu,2020-07-28,https://waytochurch.com/lyrics/song/22107,468,611
22108,aanandam neelone aadhaaram neevegaa,ఆనందం నీలోనే ఆధారం నీవేగా,,,,,TELUGU,2020-07-28,https://waytochurch.com/lyrics/song/22108,609,773
22119,Ah ah ah ahahah,ఆఆ…ఆఆ… ఆ…ఆ…ఆ…,Franklin Sukumar,,,,Telugu,2020-07-28,https://waytochurch.com/lyrics/song/22119,399,515
22129,saadhyamu anni saadhyamu,సాధ్యము అన్ని సాధ్యము,,,,,TELUGU,2020-08-11,https://waytochurch.com/lyrics/song/22129,449,528
22130,yesu yesu yesu ninnu choodaali,యేసు యేసు యేసు నిన్ను చూడాలి,,,,,TELUGU,2020-08-11,https://waytochurch.com/lyrics/song/22130,444,512
22131,yesayyaa nee poola thota,యేసయ్యా నీ పూల తోట,,,,,TELUGU,2020-08-11,https://waytochurch.com/lyrics/song/22131,430,522
22132,Prematho nanu pilichinaa,ప్రేమతో నను పిలిచినా,Bro Praveen D,,,,Telugu,2020-08-11,https://waytochurch.com/lyrics/song/22132,477,581
22133,aaraadhinchedamu yesayya naamamunu,ఆరాధించెదము యేసయ్య నామమును,,,,,TELUGU,2020-08-11,https://waytochurch.com/lyrics/song/22133,578,692
22153,Ashirwadam Ashirvadham Yehova dheevinchi kaapadunugaka,ఆశిర్వాదం యెహొవా దీవించి కాపాడునుగాక,"Dr  Prasanna kaki, music: Issac pilli","The Blessing, Telugu worship leaders and musicians",Benediction,,Telugu,2020-08-25,https://waytochurch.com/lyrics/song/22153,595,653
22154,sundaramulu athi sundaramulu,సుందరములు అతి సుందరములు,,,,,TELUGU,2020-08-27,https://waytochurch.com/lyrics/song/22154,591,723
22155,Ratnavarnudaa karunaa sampannudaa,రత్నవర్ణుడా కరుణా సంపన్నుడా,Pastor Praveen,Ratnavarnudu,,,Telugu,2020-08-27,https://waytochurch.com/lyrics/song/22155,459,567
22156,Yesulo aanandam Yesulo santhosham,యేసులో ఆనందం యేసులో సంతోషం,Arun Alwyn,,,,Telugu,2020-08-27,https://waytochurch.com/lyrics/song/22156,685,843
22157,Prardhane balamainadhi vijayamutho nadipinchedi,ప్రార్ధనే బలమైనది విజయముతో నడిపించేది,Aruna Jalli,,,,Telugu,2020-08-27,https://waytochurch.com/lyrics/song/22157,459,541
22158,Aa silvalo ee paapikai nee sareeramu baliyaayane,ఆ సిల్వలో ఈ పాపికై నీ శరీరము బలియాయెనే,Israel Dorababu,,,,Telugu,2020-08-27,https://waytochurch.com/lyrics/song/22158,968,1164
22168,Naakantu ee jagaana neeve kada na yesayya,నాకంటూ ఈ జగాన నీవే కదా నా యేసయ్య,Joshua Shaik,,,,Telugu,2020-08-28,https://waytochurch.com/lyrics/song/22168,417,517
22170,Vandanam Vandanam Vandanam Deva Vandanam,వందనం వందనం వందనం దేవా వందనం,Pastor Raj Prakash Paul,,,,Telugu,2020-08-29,https://waytochurch.com/lyrics/song/22170,748,910
22171,Yesayya neeve naaku aadhaaramu,యేసయ్య నీవే నాకు ఆధారము,Suresh Garugula,,,,Telugu,2020-08-30,https://waytochurch.com/lyrics/song/22171,284,353
22172,Noothana geethamu ne paadedha manoharudaa yesayyaa,నూతన గీతము నే పాడెదా మనోహరుడా యేసయ్యా,Hosanna Ministries,Manoharuda,,,Telugu,2020-08-30,https://waytochurch.com/lyrics/song/22172,520,649
22176,Sthuthi aaraadhana parishuddhunake,స్తుతి ఆరాధన పరిశుద్ధునకే,,Na Pranama,,,Telugu,2020-08-31,https://waytochurch.com/lyrics/song/22176,221,290
22198,Okasaari choodaalani,ఒకసారి చూడాలనీ,Bro Augustine Dandingi,,,,Telugu,2020-09-03,https://waytochurch.com/lyrics/song/22198,300,364
22200,Yesu nee premakai vandhanam,యేసు నీ ప్రేమకై వందనం,Kripal Mohan,Romans 8.38,,,Telugu,2020-09-04,https://waytochurch.com/lyrics/song/22200,270,357
22201,Paralokam naa dhesam,పరలోకం నా దేశం,Kripal Mohan,Romans 8.38,,,Telugu,2020-09-04,https://waytochurch.com/lyrics/song/22201,245,320
22202,Neelone rakshana neelone neerikshana,నీలోనే రక్షణ నీలోనే నీరీక్షణ,Kripal Mohan,Romans 8.38,,,Telugu,2020-09-04,https://waytochurch.com/lyrics/song/22202,230,296
22203,Naa jeevithamulo velugai nilichinaa,నా జీవితములో వెలుగై నిలిచినా,Kripal Mohan,Romans 8.38,,,Telugu,2020-09-04,https://waytochurch.com/lyrics/song/22203,306,391
22204,Devude naa aasrayam rakshana durgamu,దేవుడే నా ఆశ్రయం రక్షణ దుర్గము,Kripal Mohan,Romans 8.38,,,Telugu,2020-09-04,https://waytochurch.com/lyrics/song/22204,240,302
22210,Sthuthiyinchedaa ninnu keerthinchedaa,స్తుతియించెదా నిన్ను కీర్తించెదా,Bro Denny Israel,,,,Telugu,2020-09-11,https://waytochurch.com/lyrics/song/22210,397,450
22211,idipisthaadu naa yesudu,విడిపిస్తాడు నా యేసుడు,,,,,TELUGU,2020-09-11,https://waytochurch.com/lyrics/song/22211,571,688
22212,Nee aathmatho nannu nadipinchayaa,నీ ఆత్మతో నన్ను నడిపించయా,Vijay Kondapuram,,,,Telugu,2020-09-11,https://waytochurch.com/lyrics/song/22212,574,721
22213,Oh praardhana su praardhana nee praabavambun marathuna,ఓ ప్రార్ధన సుప్రార్ధన నీ ప్రాభవంబున్ మరతునా,William W  Walford (Sweet Hour of Prayer),"Andhra Kraistava Keerthanalu, Srastha",,,Telugu,2020-09-11,https://waytochurch.com/lyrics/song/22213,683,822
22216,Neetipainaa nadichenu,నీటిపైనా నడిచెను,Benny Joshua,,,,Telugu,2020-09-12,https://waytochurch.com/lyrics/song/22216,379,475
22217,ninu polina vaarevaru melu cheyu devudadvu,నిన్ను పోలిన వారెవరూ మేలు చేయు దేవుడవు,Ps  BENNY JOSHUA,Music: ISAAC.D,Praise Worship,,TELUGU,2020-09-13,https://waytochurch.com/lyrics/song/22217,443,504
22218,naa jeevitha bhaagasvaami naa priya yesi swaami,నా జీవిత భాగస్వామి నా ప్రియ యేసు స్వామి,,,,,TELUGU,2020-09-13,https://waytochurch.com/lyrics/song/22218,461,566
22219,Keerthaneeyamainadhi kreesthu gaanasudhaa,కీర్తనీయమైనది క్రీస్తు గానసుధా,Veturi Sundara Rammoorthy,,,,Telugu,2020-09-13,https://waytochurch.com/lyrics/song/22219,551,704
22220,Enthadooramaina yesutho nee payanam,ఎంతదూరమైన యేసుతో నీ పయణం,Bro Santi Babu,,,,Telugu,2020-09-13,https://waytochurch.com/lyrics/song/22220,249,322
22222,Swaramethi paadedhan yesayya,స్వరమెత్తి పాడెదన్ యేసయ్య,Raja Mandru,,,,Telugu,2020-09-15,https://waytochurch.com/lyrics/song/22222,368,437
22225,Paadedha paadedha paadedha yesayya,పాడెదా పాడెదా పాడెద యేసయ్యా,Dr  Victor Rampogu,,,,Telugu,2020-09-17,https://waytochurch.com/lyrics/song/22225,336,641
22226,Kamaneeyamaina nee premalona ne niluvanaa naa yesayya,కమనీయమైన నీ ప్రేమలోన నే నిలువనా నా యేసయ్య,"Joshua Shaik, Passion For Christ Ministries",,,,Telugu,2020-09-17,https://waytochurch.com/lyrics/song/22226,894,685
22229,naa devaa neeke vandanam,నా దేవా నీకే వందనం,,,,,TELUGU,2020-09-19,https://waytochurch.com/lyrics/song/22229,251,311
22230,Devudu ledani vaadhamu lendhuku,దేవుడు లేడని వాదములెందుకు,Jasper Kunapo,,,,Telugu,2020-09-20,https://waytochurch.com/lyrics/song/22230,654,791
22233,Yesey goppa devudu mana yesey shakthimandthudu,యేసే గొప్ప దేవుడు మన యేసే శక్తిమంతుడు,Bro Philip Gariki,,,,Telugu,2020-09-23,https://waytochurch.com/lyrics/song/22233,526,660
22235,Manninchina aa preme naa sonthamaa,మన్నించినా ఆ ప్రేమే నా సొంతమా,Yalagapaati Sunil Kumar,,,,Telugu,2020-10-05,https://waytochurch.com/lyrics/song/22235,474,598
22236,Madhuramaina prematho nannu preminchithivi,మధురమైన ప్రేమతో నన్ను ప్రేమించితివి,Dr  Victor Rampogu,,,,Telugu,2020-10-05,https://waytochurch.com/lyrics/song/22236,614,749
22251,shaashwathamaa ee deham,శాశ్వతమా ఈ దేహం,,,Gospel,,TELUGU,2020-10-09,https://waytochurch.com/lyrics/song/22251,403,528
22253,Booradhwanikai yesuni raakakai,బూరధ్వనికై యేసుని రాకకై,Rayipati Srilekha Srikanth,Koniyaada tharama,Second Comming,,Telugu,2020-10-09,https://waytochurch.com/lyrics/song/22253,268,352
22254,Parishuddhaathmudaa naa manchi snehithudaa,పరిశుద్ధాత్ముడా నా మంచి స్నేహితుడా,John Kennedy Bethapudi,Kshathriyudu,Holy Spirit,,Telugu,2020-10-09,https://waytochurch.com/lyrics/song/22254,424,536
22255,Deva ninu aaraadhincheydamu,దేవా నిను ఆరాధించెదము,Stanley Jones YJ,,Praise Worship,,Telugu,2020-10-09,https://waytochurch.com/lyrics/song/22255,507,617
22263,Bandhinaipoya neelo Munigi teelaaka,బంధినైపోయా నీలో మునిగితేలాకా,John Vittney Kalavala,"John Vittney Kalavala , Allen Ganta, The Throne Room India",Praise Worship,,Telugu,2020-10-09,https://waytochurch.com/lyrics/song/22263,956,525
22265,Maargamai unna Yesu,మార్గమై ఉన్న యేసు,Jonah Samuel,,Faith,,Telugu,2020-10-10,https://waytochurch.com/lyrics/song/22265,408,532
22272,Bolo kreesthu maharaaj ki jai,బోలో క్రీస్తు మహరాజ్ కి జై,K Y Ratnam,Prema Swaroopi Yesu,Praise Worship,,Telugu,2020-10-12,https://waytochurch.com/lyrics/song/22272,505,601
22284,Ninne nammukuntini oh deva,నిన్నే నమ్ముకుంటిని ఓ దేవా నన్ను దాటి వెళ్ళకు నా ప్రభువా,Akhil chand,నమ్మదగిన దేవుడు,Faith,,Telugu,2020-10-18,https://waytochurch.com/lyrics/song/22284,535,0
22285,devaa ilalona neevu maakichchina gruhamu,దేవా ఇలలోన నీవు మాకిచ్చిన గృహము,Sayaram Gattu,Music: Immanuel Rajesh,New Year,,TELUGU,2020-10-24,https://waytochurch.com/lyrics/song/22285,741,934
22286,aalakinchumo devaa maa aakrandananu,ఆలకించుమో దేవా మా ఆక్రందనను,Srinivas Bandaru,"Anusha , Srinivas Bandaru , Symon Peter , Wesley",Hope,,TELUGU,2020-10-24,https://waytochurch.com/lyrics/song/22286,332,405
22325,thaara joopina maargamade,తార జూపిన మార్గమదే,,,Christmas,,TELUGU,2020-10-31,https://waytochurch.com/lyrics/song/22325,2482,3102
22337,Okka kshanamaina,ఒక్క క్షణమైన,Sis  Prasanna Bold,,Christmas,,Telugu,2020-11-02,https://waytochurch.com/lyrics/song/22337,797,984
22339,ee udayam shubha udayam,ఈ ఉదయం శుభ ఉదయం,,,,,TELUGU,2020-11-04,https://waytochurch.com/lyrics/song/22339,409,514
22350,Ontarini nenu ontarini,ఒంటరిని నేను ఒంటరిని,John Libni Bathuka,,Gods Love,,Telugu,2020-11-05,https://waytochurch.com/lyrics/song/22350,736,713
22352,Swachamaina thalli premalaa,స్వచ్చమైన తల్లి ప్రేమలా,KR John,,Gods Love,,Telugu,2020-11-08,https://waytochurch.com/lyrics/song/22352,633,839
22353,Naakunnaadu oka snehithudu,నాకున్నాడు ఒక స్నేహితుడు,Pastor J Arun Kumar,Yesayya 3,Faith,,Telugu,2020-11-08,https://waytochurch.com/lyrics/song/22353,512,586
22358,Ben and holly ishtamaa,బెన్ అండ్ హలీ ఇష్టమా,Dhanya Tryphosa,,,,Telugu,2020-11-16,https://waytochurch.com/lyrics/song/22358,641,694
22359,Lali jo Naa chinni thandri paraloka raajaa,నా చిన్ని తండ్రి పరలోక రాజా,Michael Kalyanapu,,Christmas,,Telugu,2020-11-16,https://waytochurch.com/lyrics/song/22359,378,495
22360,Thalli mariya vadilonaa pavalinchagaa,తల్లి మరియ వడిలోనా పవలించగా,Michael Kalyanapu,Na Sarwamu Nevenayya,Christmas,,Telugu,2020-11-16,https://waytochurch.com/lyrics/song/22360,516,658
22361,Kaluvari naadhaa karunanu choopi,కలువరి నాధా కరుణను చూపి,Pastor Hannah Vimal,,Thanks Giving,,Telugu,2020-11-16,https://waytochurch.com/lyrics/song/22361,444,570
22362,Kotha visthaarathanu kanalevaa,కోత విస్తారతను కనలేవా,Jasper Kunapo,,Advent,,Telugu,2020-11-16,https://waytochurch.com/lyrics/song/22362,453,579
22367,Idi kamaneeya kalyaana raagam,ఇది కమనీయ కళ్యాణ రాగం,Pandit KVK Churchil,,Marriage,,Telugu,2020-11-18,https://waytochurch.com/lyrics/song/22367,314,419
22374,Naa yesu raajaa sthothramu,నా యేసు రాజా స్తోత్రము,Father S J Berchmans,Pastor M Jyothi Raju,Praise Worship,,Telugu,2020-11-20,https://waytochurch.com/lyrics/song/22374,299,370
22380,Thandrine vidachi intine marachi,తండ్రి నే విడచి ఇంటినే మరచి,C Y Joshua,,Gods Love,,Telugu,2020-11-22,https://waytochurch.com/lyrics/song/22380,644,741
22382,Janminche lokarakshakudu,జన్మించె లోకరక్షకుడు,Bishop Samuel Finny Pachigalla,,Christmas,,Telugu,2020-11-24,https://waytochurch.com/lyrics/song/22382,669,821
22383,kruthangnathatho sthuthi paadeda,కృతజ్ఞతతో స్తుతి పాడెద,"Malayalam :  P G ABRAHAM , Hindi: Pastor Wilson George  Translated by: Joel N Bob",Original - Malayalam song : NANNIYODE NJAN,Praise Worship,,TELUGU,2020-11-26,https://waytochurch.com/lyrics/song/22383,404,439
22384,sampoornudaa naa yesayyaa,సంపూర్ణుడా నా యేసయ్యా,,,,,TELUGU,2020-12-04,https://waytochurch.com/lyrics/song/22384,470,574
22385,Rajaadhi raaju prabhuvulaku prabhuvu,రాజాధి రాజు ప్రభువులకు ప్రభువు,Sharon philip,,Christmas,,Telugu,2020-12-04,https://waytochurch.com/lyrics/song/22385,366,448
22386,Bethlehemu puramulo oka naati raathiri,బేత్లెహేము పురములో ఒక నాటి రాతిరి,Joel Kodali,,Christmas,,Telugu,2020-12-04,https://waytochurch.com/lyrics/song/22386,824,1009
22387,Chorus,పల్లె పల్లెల్లో పట్టణాల వీధుల్లో,"Bro P Sunith , Bro Bobby Jeevan",,Christmas,,Telugu,2020-12-04,https://waytochurch.com/lyrics/song/22387,662,824
22388,Nakshathramaa vekuva nakshathramaa,నక్షత్రమా వేకువ నక్షత్రమా,Pandit KVK Churchil,,Christmas,,Telugu,2020-12-04,https://waytochurch.com/lyrics/song/22388,364,465
22389,Christmas nijamaina christmas,క్రిస్మస్ నిజమైన క్రిస్మస్,Joshua Shaik,,Christmas,,Telugu,2020-12-04,https://waytochurch.com/lyrics/song/22389,538,571
22396,raaraaju puttaadoi maa raaju puttaadoi,రారాజు పుట్టాడోయ్ మా రాజు పుట్టాడోయ్,,,,,TELUGU,2020-12-17,https://waytochurch.com/lyrics/song/22396,648,781
22397,mahimaanvithamu manoharamu,మహిమాన్వితము మనోహరము,,,Faith,,TELUGU,2021-01-18,https://waytochurch.com/lyrics/song/22397,443,532
22399,noothana samvathsaramulo,నూతన సంవత్సరములో,Esther Solmon,"Hope church Ministries Warangal, Music: Bro Augusteen",New Year,,TELUGU,2021-01-18,https://waytochurch.com/lyrics/song/22399,433,548
22401,Evaro Ninnilaa maarchinadhi,ఎవరో నాన్నిలా మార్చినది,Hosanna Ministries,Na Hrudaya Saradhi (31st Album by Hosanna Ministries),Gods Love,,Telugu,2021-03-09,https://waytochurch.com/lyrics/song/22401,544,695
22406,Mahonnathuda Nee Chaatuna Ne Nivasinchedhanu,మహోన్నతుడా నీ చాటున నే నివసించెదను,Vijay Kondapuram,,Faith,,Telugu,2021-02-19,https://waytochurch.com/lyrics/song/22406,813,984
22408,Naa yeduta neevu therachina thalupulu,నా యెదుట నీవు తెరచిన తలుపులు,Pastor John Wesley,Na Hrudaya Saradhi (31st Album by Hosanna Ministries),Gods Power,,Telugu,2021-03-09,https://waytochurch.com/lyrics/song/22408,476,606
22410,yesu puttukoloni paramaardhaanni grahinchi,యేసు పుట్టుకలోని పరమార్ధాన్ని గ్రహించి,,,Christmas,,TELUGU,2020-12-17,https://waytochurch.com/lyrics/song/22410,833,1042
22411,puvvu virisi raalinaa,పువ్వు విరిసి రాలినా,,,Gospel,,TELUGU,2021-01-18,https://waytochurch.com/lyrics/song/22411,381,447
22416,Neeve hrudhaya saaradhi pragathiki vaaradhi,నీవే హృదయ సారధి ప్రగతికి వారధి,Pastor John Wesley,Na Hrudaya Saaradhi (31st Album by Hosanna Ministries),Praise Worship,,Telugu,2021-03-10,https://waytochurch.com/lyrics/song/22416,511,663
22417,Amarudavu neevu naa yesayya aadhiyu anthamu neevenayyaa,అమరుడవు నీవు నా యేసయ్య ఆదియు అంతము నీవేనయ్యా,Hosanna Ministries,Na Hrudaya Saradhi (31st Album by Hosanna Ministries),Gods LoveEaster,,Telugu,2021-03-10,https://waytochurch.com/lyrics/song/22417,825,1013
22418,kontha yedamu neevainaa ne saagalenu,కొంత యెడము నీవైనా నే సాగలేను,Solmon,Gospel Songs Ministry,Praise Worship,,TELUGU,2021-03-24,https://waytochurch.com/lyrics/song/22418,654,789
22419,O prema moorthy O thyaaga moorthy,ఓ ప్రేమమూర్తి ఓ త్యాగమూర్తి,Pastor J Devanand Kumar,,Christmas,,Telugu,2021-03-24,https://waytochurch.com/lyrics/song/22419,490,608
22426,tharamulu maaruchunnavi dinamulu maaruchunnavi,తరములు మారుచున్నవి దినములు మారుచున్నవి,,,Gospel,,TELUGU,2020-12-05,https://waytochurch.com/lyrics/song/22426,947,1116
22427,kreesthesu puttenu loka rakshakunigaa,క్రీస్తేసు పుట్టెను లోక రక్షకునిగా,,,Christmas,,TELUGU,2020-12-05,https://waytochurch.com/lyrics/song/22427,695,858
22439,Maranapu mullunu virachi jayinchina,మరణపు ముల్లును విరచి జయించిన,Pastor Kamala Timothy Mallipudi,,Easter,,Telugu,2021-03-24,https://waytochurch.com/lyrics/song/22439,263,343
22440,ne brathiki unnaanante adi kevalam nee krupa,నే బ్రతికి ఉన్నానంటే అది కేవలం నీ కృప,P Daiva Kumari,Karmel Swaralu,Gods Love,,TELUGU,2021-01-18,https://waytochurch.com/lyrics/song/22440,538,640
22441,Pasuvula paakalo deva kumaarudu,పశువుల పాకలో దేవ కుమారుడు,pastor Dr  Pammi Daniel,,Christmas,,Telugu,2020-12-09,https://waytochurch.com/lyrics/song/22441,719,912
22442,Thaara choopina maargamadey,తార చూపిన మార్గమదే,Anil Kumar Vemula,,Christmas,,Telugu,2020-12-09,https://waytochurch.com/lyrics/song/22442,1133,1465
22443,Ullaasame uthsaahame,ఉల్లాసమే ఉత్సాహమే,JC Kuchipudi,,Christmas,,Telugu,2020-12-09,https://waytochurch.com/lyrics/song/22443,735,898
22444,Sthothrarhudavu maa prabhuva deva,స్తోత్రార్హుడవూ మా ప్రభువా దేవా,David Edison Thella,Jerusalem Arise (2000),Praise Worship,,Telugu,2021-01-18,https://waytochurch.com/lyrics/song/22444,447,530
22445,Na hrudhayaana koluvaina yesayya,నా హృదయాన కొలువైన యేసయ్యా,Bro  Yesanna,Aathmaanubandham,,,Telugu,2021-01-18,https://waytochurch.com/lyrics/song/22445,702,851
22449,Oohakandani upakaaramulu krupa vembadi krupalu,ఊహకందని ఉపకారములు కృప వెంబడి కృపలు,Joshua Shaik,,Gods Love,,Telugu,2021-02-19,https://waytochurch.com/lyrics/song/22449,445,545
22457,christmas aanandam vachchenu mana intiki,క్రిస్మస్ ఆనందం వచ్చెను మన ఇంటికి,Srinivas Bandaru,Singer - Samara Chepuri,Christmas,,TELUGU,2021-01-18,https://waytochurch.com/lyrics/song/22457,407,470
22458,jayam jayam mana yesuke,జయం జయం మన యేసుకే,John kennedy Bethapudi,,Easter,,TELUGU,2021-04-08,https://waytochurch.com/lyrics/song/22458,521,622
22459,dhyaaninchuchuntimi siluvapai palikina viluvaina nee maatalu,ధ్యానించుచుంటిమి సిలువపై పలికిన విలువైన నీ మాటలు,,,Good Friday,,TELUGU,2021-04-08,https://waytochurch.com/lyrics/song/22459,1227,1495
22460,Snehamai praanamai varinche daivamai,స్నేహమై ప్రాణమై వరించే దైవమై,"Joshua Shaik, Passion For Christ Ministries",,Thanks Giving,,Telugu,2021-01-18,https://waytochurch.com/lyrics/song/22460,502,653
22464,kanalenu prabhukela shrama silvapai,కనలేను ప్రభుకేల శ్రమ సిల్వపై,k sundar rao,,Good Friday,,TELUGU,2021-04-08,https://waytochurch.com/lyrics/song/22464,870,1044
22465,nee vaakyame shrama kolimilo,నీ వాక్యమే శ్రమ కొలిమిలో,,,Faith,,TELUGU,2021-04-08,https://waytochurch.com/lyrics/song/22465,559,680
22466,Okapari thalachina yesuni prema amrutham kadhaa,ఒకపరి తలచిన యేసుని ప్రేమ అమృతం కదా,"Joshua Shaik, Passion For Christ Ministries",,Gods Love,,Telugu,2021-04-08,https://waytochurch.com/lyrics/song/22466,445,578
22469,Prabhuvaa hithavathsaram maaku ichaavayyaa,ప్రభువా హితవత్సరం మాకు ఇచ్చావయ్యా,Pastor B Shalem Raju,,Thanks Giving,,Telugu,2021-01-30,https://waytochurch.com/lyrics/song/22469,479,606
22472,naa jeevam naa sarvam neeve devaa,నా జీవం నా సర్వం నీవే దేవా,"Narsinga Bobbili, Anand Paul",Kripal Mohan,Praise Worship,,Telugu,2021-03-24,https://waytochurch.com/lyrics/song/22472,396,458
22473,ae chettu gutta putta matti mokshyamuneeyadayyaa,ఏ చెట్టు గుట్ట పుట్ట మట్టి మోక్ష్యమునీయదయ్యా,B Sangeetha rao,,Gospel,,TELUGU,2021-04-08,https://waytochurch.com/lyrics/song/22473,562,666
22474,Ee jaathilo memu okarimey,ఈ జాతిలో మేము ఒకరిమే,Pastor Sandeep Dasari,,,,Telugu,2021-01-30,https://waytochurch.com/lyrics/song/22474,906,1031
22477,mahonnathamaina seeyonulona sadaa kaalamu,మహోన్నతమైన సీయోనులోన సదా కాలము,Pastor Gnanaiah,,Hope,,TELUGU,2021-02-03,https://waytochurch.com/lyrics/song/22477,521,659
22478,Thandri devaa thandri devaa,తండ్రి దేవా తండ్రి దేవా,Tenny Jinans John (Tamil),,Praise Worship,,Telugu,2020-12-24,https://waytochurch.com/lyrics/song/22478,374,465
22481,noothanamainadi nee vaathsalyamu,నూతనమైనది నీ వాత్సల్యము ప్రతి దినము నన్ను దర్శించెను,Pastor  SUNDEEP DASARI,MUSIC: J. K. CHRISTOPHER,Thanks Giving,,TELUGU,2021-02-03,https://waytochurch.com/lyrics/song/22481,747,912
22482,nee roopam naalona prathibimbamai velugani,నీ రూపం నాలోన ప్రతిబింబమై వెలుగనీ,,benny adam,Thanks Giving,,TELUGU,2021-02-03,https://waytochurch.com/lyrics/song/22482,582,713
22483,Nee krupayu kanikaramu,నీ కృపయి కనికరము,Dr P Satish Kumar,Nee Sannidhi Chaalunayaa,Thanks Giving,,Telugu,2021-02-05,https://waytochurch.com/lyrics/song/22483,366,459
22486,Gnanulu aaradhinchirayya ninu karunagala yesuvaa,జ్ఞానులు ఆరాధించిరయ్యా నిను కరుణగల యేసువా,Raja Babu garu,,Christmas,,Telugu,2020-12-27,https://waytochurch.com/lyrics/song/22486,371,452
22487,Aalanavai paalanavai,ఆలనవై పాలనవై,Dr  Issac Raj Alanka,,New Year,,Telugu,2020-12-28,https://waytochurch.com/lyrics/song/22487,564,754
22492,Rando raarando yesuni choodaganu,రండో రారండో యేసుని చూడగను,"Dr  John Wesly , Mrs  Blessie Wesly",,Christmas,,Telugu,2020-12-30,https://waytochurch.com/lyrics/song/22492,658,808
22493,Kreesthu nedu puttene rakshana dhorikene,క్రీస్తు నేడు పుట్టెనె రక్షణ దొరికెనే,Samuel Karmoji,,Christmas,,Telugu,2020-12-31,https://waytochurch.com/lyrics/song/22493,421,504
22495,Neethone nadichedhanayyaa,నీతోనే నడిచెదనయ్యా,Raja Mandru,,Faith,,Telugu,2021-01-18,https://waytochurch.com/lyrics/song/22495,453,572
22496,Neeve naaku chaalunu yesu,నీవే నాకు చాలును యేసు,"Apostle R Sudhakar Garu (Daiva sannidhi Ministries, Isukapalli)","Manna Church,Eluru",Hope,,Telugu,2021-01-23,https://waytochurch.com/lyrics/song/22496,462,477
22498,Dhinamulu jaruguchundagaa,దినములు జరుగుచుండగా,Glory Rani,,New Year,,Telugu,2021-01-18,https://waytochurch.com/lyrics/song/22498,998,1258
22499,Choochithi nee momupai chindhina rakthamu,చూచితి నీ మోముపై చిందిన రక్తము,Pastor Jyothi Raju,,Christmas,,Telugu,2021-03-24,https://waytochurch.com/lyrics/song/22499,595,721
22500,krupa vembadi krupa nichina devaa,కృప వెంబడి కృప నిచ్చిన దేవా,Pastor Yesaiah Bonam,,Praise Worship,,Telugu,2021-03-24,https://waytochurch.com/lyrics/song/22500,414,514
22501,Nadavaleni velalo endina edaarilo,నడువలేని వేళలో ఎండినా ఎడారిలో,Dr  John Wesly,Tirigiraa Nestama,Gods Love,,Telugu,2021-01-23,https://waytochurch.com/lyrics/song/22501,449,487
22502,naa balamanthaa neevenayyaa,నా బలమంతా నీవేనయ్యా,"Pas  Sammy Thangaiah , Telugu Translation: Bro  Christopher Chalurkar",Raj Prakash Paul,Faith,,TELUGU,2021-01-21,https://waytochurch.com/lyrics/song/22502,321,394
22505,Vande Mataram Vande Mataram Vande Mataram,వందేమాతరం వందేమాతరం వందేమాతరం,Merlyn Salvadi,,Gospel,,Telugu,2021-01-28,https://waytochurch.com/lyrics/song/22505,296,384
22506,porli porli paaruthundi karunaa nadi,పొర్లి పొర్లి పారుతుంది కరుణానది,,,Gospel,,TELUGU,2021-01-21,https://waytochurch.com/lyrics/song/22506,641,748
22507,Naa dhehamunu nee aalayamugaa nirminchi nivasinchumu,నా దేహమును నీ ఆలయముగా నిర్మించి నివసించుము,Joel Kodali,,Holy Spirit,,Telugu,2021-01-28,https://waytochurch.com/lyrics/song/22507,557,699
22508,Aagani parugulo endina edaarulu,ఆగని పరుగులో ఎండిన ఎడారులు,"Joshua Shaik, Passion For Christ Ministries",,Gods LoveGods Love,,Telugu,2021-01-29,https://waytochurch.com/lyrics/song/22508,512,627
22512,Nammutha Yesunu nammuthaanu Yesunu,నమ్ముతా యేసును నమ్ముతాను యేసును,Sis  Prasanna Bold,,Faith,,Telugu,2021-02-19,https://waytochurch.com/lyrics/song/22512,280,322
22514,Krupagala devaa dhayagala raajaa,కృపగల దేవా దయగల రాజా,Pastor Abraham,Na Hrudaya Saradhi (31st Album by Hosanna Ministries),Praise Worship,,Telugu,2021-03-09,https://waytochurch.com/lyrics/song/22514,713,918
22515,Nannu pilichina devaa,నన్ను పిలిచిన దేవా,Benny Joshua,,Gods Love,,Telugu,2021-04-15,https://waytochurch.com/lyrics/song/22515,534,617
22516,Na priyuniki oka thota unnadhi,నా ప్రియునికి ఒక తోట వున్నది,Pastor John David Raju Nethala,,Gods Love,,Telugu,2021-04-15,https://waytochurch.com/lyrics/song/22516,448,539
22525,Naadhu rakshakaa vimochakaa prabhuvaa,నాదు రక్షకా విమోచకా ప్రభువా,Sam Joel G,,Praise Worship,,Telugu,2021-04-18,https://waytochurch.com/lyrics/song/22525,356,457
22526,Thalli thandrulla kannaa minna ayina prema naa yesuni prema,తల్లి తండ్రులకన్నా మిన్న అయిన ప్రేమ నా యేసుని ప్రేమ,Srimanth katamala,,Gods Love,,Telugu,2021-04-18,https://waytochurch.com/lyrics/song/22526,575,662
22527,Vivaaham ghanamainadhi,వివాహం ఘనమైనది,P Srinivas,Nijamaina Velugu 2020,Marriage,,Telugu,2021-04-19,https://waytochurch.com/lyrics/song/22527,904,1061
22529,Paapame aahaaramugaa,పాపమే ఆహారముగా,Stephen Bob,,Gospel,,Telugu,2021-04-20,https://waytochurch.com/lyrics/song/22529,660,815
22530,Ey samayamaina ey sthalamandaina,ఏ సమయమైన ఏ స్థలమందైన,Pastor Vinod Kumar,,Praise Worship,,Telugu,2021-05-04,https://waytochurch.com/lyrics/song/22530,402,495
22537,naa praana priyudaa naa yesayyaa,నా ప్రాణ ప్రియుడా నా యేసయ్యా,palaparthi prabhudas,,Praise Worship,,TELUGU,2021-05-06,https://waytochurch.com/lyrics/song/22537,653,765
22538,naa sarvam naa kota,నా సర్వం నా కోట,Prabhu Pammi,Alapana,Faith,,TELUGU,2021-05-06,https://waytochurch.com/lyrics/song/22538,309,387
22539,vetagaani urilo nundi,వేటగాని ఉరిలో నుండి,,,Gods Power,,TELUGU,2021-05-07,https://waytochurch.com/lyrics/song/22539,548,691
22540,priya yesu dehamulo ubike rakthapu oota,ప్రియ యేసు దేహములో ఉబికే రక్తపు ఊట,,,Zion Songs,,TELUGU,2021-05-07,https://waytochurch.com/lyrics/song/22540,458,551
22541,yehovaa nanu karuninchumaa,యెహోవా నను కరుణించుమా,Dr  P Satish Kumar,Calvary Temple Hyderabad,Faith,,TELUGU,2021-05-07,https://waytochurch.com/lyrics/song/22541,486,593
22542,o devaa daya choopumayyaa,ఓ దేవా దయ చూపుమయ్యా,Raj Prakash Paul,Pray for India,Faith,,TELUGU,2021-05-08,https://waytochurch.com/lyrics/song/22542,412,494
22547,Naatho unnadu nannu viduvadu,నాతో ఉన్నాడు నన్ను విడువడు,Merlyn Salvadi,,Gods Love,,Telugu,2021-05-14,https://waytochurch.com/lyrics/song/22547,357,396
22557,padhe paadanaa ninne koranaa ide reethigaa ninne cheranaa,పదే పాడనా నిన్నే కోరనా ఇదే రీతిగా నిన్నే చేరనా,Joshua Shaik,Music : Pranam Kamlakhar,Praise Worship,,TELUGU,2021-05-26,https://waytochurch.com/lyrics/song/22557,568,713
22558,nannu pilachina devaa nannu muttina prabhuvaa,నన్ను పిలచిన దేవా నన్ను ముట్టిన ప్రభువా,Pas  BENNY JOSHUA,NEE KRUPAYE,Thanks Giving,,TELUGU,2021-05-26,https://waytochurch.com/lyrics/song/22558,597,684
22559,Ninne ne nammithi,నిన్నే నే నమ్మితీ,Pastor Raj Prakash Paul,,Faith,,Telugu,2021-05-26,https://waytochurch.com/lyrics/song/22559,437,561
22564,nee chitthamune neraverchutakai nanu ennukoni,నీ చిత్తమునే నెరవేర్చుటకై నను ఎన్నుకొని,Srinivas Bandaru,Amazing Grace Ministries,Gods Love,,TELUGU,2021-05-29,https://waytochurch.com/lyrics/song/22564,509,626
22565,Koteswarulaina Kadupedalaina,కోటీశ్వరులైనా కడుపేదలైనా,Dr  P Lazarus,,Gospel,,Telugu,2021-06-01,https://waytochurch.com/lyrics/song/22565,862,1067
22566,ee maranamu kaadu shaashwathamu,ఈ మరణము కాదు శాశ్వతము,Sayaram Gattu,Music: Immanuel Rajesh,Faith,,TELUGU,2021-06-01,https://waytochurch.com/lyrics/song/22566,581,740
22567,naakunnadi neevenani,నాకున్నది నీవేనని,Nycil KK,,Gospel,,TELUGU,2021-06-02,https://waytochurch.com/lyrics/song/22567,356,416
22570,Vadhimpabadina devuni gorrepilla,వధింపబడిన దేవుని గొఱ్ఱెపిల్ల,Anand Tirugulla,,Gods Love,,Telugu,2021-06-14,https://waytochurch.com/lyrics/song/22570,472,579
22571,Vinthaina prema ideyga yesayya prema nijamgaa,వింతైన ప్రేమ ఇదేగా యేసయ్య ప్రేమ నిజంగా,Joshua Shaik,,Gods Love,,Telugu,2021-06-14,https://waytochurch.com/lyrics/song/22571,859,1132
22572,Manchi Hrudayam naaku dhayacheyi,మంచి హృదయం నాకు దయచేయి,Samuel Pammi,,Advent,,Telugu,2021-06-14,https://waytochurch.com/lyrics/song/22572,562,744
22573,devaa naa moraalakinchithivi,దేవా నా మొరాలకించితివి,,,Thanks Giving,,TELUGU,2021-06-14,https://waytochurch.com/lyrics/song/22573,509,619
22574,udayakaalamu madhyahaanamu,ఉదయకాలము మధ్యాహ్నము,,,Sunday School,,TELUGU,2021-06-14,https://waytochurch.com/lyrics/song/22574,233,290
22581,yesu yesu yesu yesu,యేసు యేసూ యేసూ యేసు,"Mohan Krishna , Joel N Bob",Samarpan D Worship band,Thanks Giving,,TELUGU,2021-06-15,https://waytochurch.com/lyrics/song/22581,541,655
22582,Kanche vesaavu maa intiki,కంచే వేశావు మా ఇంటికి,Pastor Prasad Nelapudi,,Gods Power,,Telugu,2021-06-15,https://waytochurch.com/lyrics/song/22582,482,606
22583,Aada janmanu devudu enduku chesaadu,ఆడజన్మను దేవుడు ఎందుకు చేశాడు,Pastham Srinivas,Jagath Rakshakudu,Advent,,Telugu,2021-06-15,https://waytochurch.com/lyrics/song/22583,875,1050
22584,aakaashamandu neevundagaa,ఆకాశమందు నీవుండగా,,Conquerors In Jesus Christ,Gods Power,,TELUGU,2021-06-15,https://waytochurch.com/lyrics/song/22584,416,531
22589,Pilichenu prabhu yesu naadhudu,పిలిచెను ప్రభు యేసు నాథుడు,A J Emmanuel,,Gospel,,Telugu,2021-06-18,https://waytochurch.com/lyrics/song/22589,269,333
22590,Ne padipothini nee premaku ilalo,నే పడిపోతిని నీ ప్రేమకు ఇలలో,Prudhvi Raj,Sami Pachigalla,Praise Worship,,Telugu,2021-06-21,https://waytochurch.com/lyrics/song/22590,535,665
22592,gaayapadina nee cheyi chaapumu devaa,గాయపడిన నీ చేయి చాపుము దేవా,,,Good Friday,,TELUGU,2021-07-02,https://waytochurch.com/lyrics/song/22592,497,616
22597,Naa thodu neeve devaa,నా తోడు నీవే దేవా,Joshua Shaik,,Gods Love,,Telugu,2021-07-05,https://waytochurch.com/lyrics/song/22597,535,681
22598,Kondalavaipu kannuletthinaa,కొండలవైపు కన్నులెత్తినా,Pastor K Shekar,,Thanks Giving,,Telugu,2021-07-05,https://waytochurch.com/lyrics/song/22598,503,650
22600,nyaayaadhipathi aina devudu,న్యాయాధిపతి అయిన దేవుడు,,,Second Comming,,TELUGU,2021-07-13,https://waytochurch.com/lyrics/song/22600,396,476
22605,Parugetthi ninu cheri,పరుగెత్తి నిను చేరి,"Guru Krishna Kadoni, Vishal Dass , Annoz Kamalakar",,Advent,,Telugu,2021-07-22,https://waytochurch.com/lyrics/song/22605,700,845
22606,Prabhuva ma deva krupa choopumayyaa,ప్రభువా మా దేవా కృప చూపుమయ్యా,Harsha Singavarapu,,Advent,,Telugu,2021-07-22,https://waytochurch.com/lyrics/song/22606,483,594
22607,Kalla yerugani thella paavuramaa paipaikegiraavaa,కల్ల ఎరుగని తెల్ల పావురమా పైపైకెగిరావా,,yudha ministries,Gospel,,Telugu,2021-07-22,https://waytochurch.com/lyrics/song/22607,608,733
22626,sarva shareerula devudaa,సర్వ శరీరుల దేవుడా,Bro  Anil Kumar,"Bro. Anil Kumar, Awe Ministries",Praise Worship,,TELUGU,2021-08-18,https://waytochurch.com/lyrics/song/22626,2640,3189
22627,shramayainaa baadhainaa himsalenni edurainaa,శ్రమయైనా బాధైనా హింసలెన్ని ఎదురైనా,Bro  Raj Prakash Paul,,ConfessionGospel,,TELUGU,2021-08-18,https://waytochurch.com/lyrics/song/22627,984,1175
22628,shakthi chetha kaadu,శక్తి చేత కాదు,Dr Akumarthi Daniel,"విమోచకుడు , Vimochakudu",Gods Power,,TELUGU,2021-08-18,https://waytochurch.com/lyrics/song/22628,469,569
22629,shakthi chetha kaadanenu,శక్తి చేత కాదనెను,,Beloveds Church,Gods Power,,TELUGU,2021-08-18,https://waytochurch.com/lyrics/song/22629,299,361
22630,ninnu vembadincheda,నిన్ను వెంబడించెద,,New Covenant Tabernacle,Advent,,TELUGU,2021-08-18,https://waytochurch.com/lyrics/song/22630,584,672
22631,naa jeevitha bhaagaswaamivi neevu,నా జీవిత భాగస్వామివి నీవు,Bro  Yesanna,Hosanna Ministries,Praise Worship,,TELUGU,2021-08-18,https://waytochurch.com/lyrics/song/22631,587,731
22632,devaa paraloka doothaali ninu paadi keerthimpa,దేవా పరలోక దుతాలి నిను పాడి కీర్తింప,Dr Amshumathi Mary Darla,"Vocals: Jessie , Music : John Gideon",Praise Worship,,TELUGU,2021-08-18,https://waytochurch.com/lyrics/song/22632,520,644
22633,Yudha Saakshyamu galavaarendharo,యూదా సాక్ష్యము గల వారెందరో,A J Emmanuel,,Advent,,Telugu,2021-08-19,https://waytochurch.com/lyrics/song/22633,408,504
22634,yesu vale nannu maarchunatti prathi anubhavamukai sthothram,యేసువలె నన్ను మార్చునట్టి ప్రతి అనుభవముకై స్తోత్రం,Sis  Glory Rani  Original song (Malyalam) by Dr  Blesson Memana,Son Ministries,Praise Worship,,TELUGU,2021-08-19,https://waytochurch.com/lyrics/song/22634,822,1027
22635,Chejarithe thirigi raadhu ee samayam,చేజారితే తిరిగి రాదు ఈ సమయం,"L Aseervadam , Tune: Sis L Shanthi Aseervadam",,Gospel,,Telugu,2021-08-19,https://waytochurch.com/lyrics/song/22635,481,591
22636,nee premaku saati ledayaa,నీ ప్రేమకు సాటి లేదయా,Srinivas Bandaru | Tune : Symonpeter Chevuri,Amazing Grace Ministries,Gods Love,,TELUGU,2021-08-20,https://waytochurch.com/lyrics/song/22636,605,733
22638,Na aashrayam na aadharam na aanandham neevenaya,నా ఆశ్రయం నా ఆధారం నా ఆనందం నీవేనయా,"Moses Smiles, Anil Kumar Bussa",,Confession,,Telugu,2021-08-22,https://waytochurch.com/lyrics/song/22638,301,369
22639,Ye naamamulo srushti antha srujimpabadeno,ఏ నామములో సృష్టి అంత సృజింపబడెనో,Anu Samuel,,Praise Worship,,Telugu,2021-08-27,https://waytochurch.com/lyrics/song/22639,661,832
22643,Naalo naalo unnaadu lokanneley rakshakudu,నాలో నాలో ఉన్నాడు లోకాన్నేలే రక్షకుడు,Samuel Karmoji,Yesu Naa Oopiri,Praise Worship,,Telugu,2021-08-28,https://waytochurch.com/lyrics/song/22643,489,562
22644,Nenu odipoyinaa ninne sthuthinchedan,నేను ఓడిపోయినా నిన్నే స్తుతించెదన్,Merlyn Salvadi,The Worship Studio,Praise Worship,,Telugu,2021-08-28,https://waytochurch.com/lyrics/song/22644,466,538
22648,Viraboosina Pushpama jathakalise bandhamaa nedu santhasinchumaa,విరబూసిన పుష్పమా జతకలిసే బంధమా నేడు సంతసించుమా,Sharon Philip,Parishuddha Parinayam,Marriage,,Telugu,2021-08-31,https://waytochurch.com/lyrics/song/22648,415,537
22651,Aaraadinchedham aarbhaatinchedham,ఆరాదించెదం ఆర్భాటించెదం,Samy Pachigalla,,Praise Worship,,Telugu,2021-09-06,https://waytochurch.com/lyrics/song/22651,328,440
22654,yesayya nee prema naa sonthamu naalona palikina sthuthi geethamu,యేసయ్య నీ ప్రేమ నా సొంతము నాలోన పలికిన స్తుతిగీతము,Joshua Shaik,Music : Pranam Kamlakhar,Gods Love,,TELUGU,2021-09-24,https://waytochurch.com/lyrics/song/22654,791,983
22655,manaserigina yesayyaa,మనసెరిగిన యేసయ్యా,,Hosanna Ministries,Advent,,TELUGU,2021-09-24,https://waytochurch.com/lyrics/song/22655,599,716
22656,mighty jesus thodunte bhayame ledu,మైటీ జీసస్ తోడుంటే భయమే లేదు,,,Sunday School,,TELUGU,2021-09-24,https://waytochurch.com/lyrics/song/22656,515,618
22657,Naa premikudaa naa praana naadhudaa,నా ప్రేమికుడా నా ప్రాణ నాధుడా,Hannah Grace,,Praise Worship,,Telugu,2021-09-24,https://waytochurch.com/lyrics/song/22657,441,513
22658,Dhevuni Sevakulaara prabhu yesuni yaajakulaaraa,దేవుని సేవకులరా ప్రభుయేసుని యాజకులరా,A R Stevenson,Naa Kshemadhaarama,Advent,,Telugu,2021-09-24,https://waytochurch.com/lyrics/song/22658,766,959
22659,evaru choopinchaleni ilalo nanu veediponi,ఎవరు చూపించలేని ఇలలో నను వీడిపోని,Joshua Shaik,Music : Pranam Kamlakhar,Gods Love,,TELUGU,2021-09-24,https://waytochurch.com/lyrics/song/22659,782,964
22670,Samastha desamulaaraa yehovaaku utsaahadhwani cheyudi,సమస్త దేశములారా యెహోవాకు ఉత్సాహధ్వని చేయుడి,Dr Amit Kamle,Glorify Christ 6,Praise Worship,,Telugu,2021-10-08,https://waytochurch.com/lyrics/song/22670,378,483
22671,bhoomyaakaashamulanu srujiyinchina devaa,భూమ్యాకాశములను సృజియించిన దేవా,Kranthi Chepuri,"Music : Hadlee Xavier, singer : Enosh Kumar",Praise Worship,,TELUGU,2021-10-08,https://waytochurch.com/lyrics/song/22671,735,910
22672,Na Praanamaa dhigulendhuku nee rakshakuni smarinchuko,నా ప్రాణమా దిగులెందుకు నీ రక్షకుని స్మరియించుకో,Joel Kodali,,Faith,,Telugu,2021-10-08,https://waytochurch.com/lyrics/song/22672,1029,1150
22676,Yehovah Yireh samasthamu neeve,యెహోవా యీరే సమస్తము నీవే,Benny Joshua,,Faith,,Telugu,2021-10-09,https://waytochurch.com/lyrics/song/22676,429,544
22679,Juntte thenelakantte,జుంటెతేనెల కంటే,Paul Bhaskar,,Gospel,,Telugu,2021-10-14,https://waytochurch.com/lyrics/song/22679,627,784
22680,Ghaadaandha kaaramulo neeve naa gudaaramu neeve aasrayamu,గాఢాంధ కారములో నీవే నా గుడారము నీవే ఆశ్రయము,Asha Ashirwadh |  Original lyrics in Tamil : Pas John Jebaraj,Uyar Malaiyo Telugu Version,Thanks Giving,,Telugu,2021-10-14,https://waytochurch.com/lyrics/song/22680,425,526
22682,Nee challani chooputho karuninchinandhuna,నీ చల్లని చూపుతో కరుణించినందున,Prasad Nelapudi,,Praise Worship,,Telugu,2021-11-04,https://waytochurch.com/lyrics/song/22682,565,715
22683,kaanaraave alanaati kanneeti praardhanalu,కానరావే అలనాటి కన్నీటి ప్రార్ధనలు,,,Gospel,,TELUGU,2021-11-04,https://waytochurch.com/lyrics/song/22683,636,778
22684,kondala thattu naa kannulu etthuchunnaanu,కొండల తట్టు నా కన్నులు ఎత్తుచున్నాను,,Gullison Ministries,Faith,,TELUGU,2021-11-04,https://waytochurch.com/lyrics/song/22684,682,827
22685,etthuke ediginaa naamame pondinaa,ఎత్తుకే ఎదిగినా నామమే పొందినా,Pranith Paul,The Brides Maranatha Cry,Advent,,TELUGU,2021-11-04,https://waytochurch.com/lyrics/song/22685,1478,1755
22686,andaala baaludu udayinchinaadu,అందాల బాలుడు ఉదయించినాడు,Sayaram Gattu,Ambaranni Dhate Sambaralu 3,Christmas,,TELUGU,2021-11-04,https://waytochurch.com/lyrics/song/22686,591,691
22708,Stuthiyu Mahimayu neeke kshithikin divikin neeti,స్తుతియు మహిమయు నీకే క్షితికిన్‌ దివికిన్‌,Devadas Mungamuri,Srastha 3,Praise Worship,,Telugu,2021-11-05,https://waytochurch.com/lyrics/song/22708,1089,177
22709,praardhana kaligina jeevitham,ప్రార్ధన కలిగిన జీవితం,,,,,TELUGU,2021-11-05,https://waytochurch.com/lyrics/song/22709,495,606
22710,,నిన్నారాధించెదను నా పూర్ణ హృదయముతో,"Sharon Philip , Philip Gariki",Sreshtaarpana,,,Telugu,2021-11-05,https://waytochurch.com/lyrics/song/22710,406,0
22711,kannula ninduga christmas panduga,కన్నుల నిండుగ క్రిస్మస్ పండుగ,,,,,TELUGU,2021-11-06,https://waytochurch.com/lyrics/song/22711,1148,1413
22712,Avaniloe udbhavinchea aadismbhuutunichuudarea,అవనిలో ఉద్భవించే ఆదిసంభూతునిచూడరే,KR John,,Christmas,,Telugu,2021-11-08,https://waytochurch.com/lyrics/song/22712,1153,1461
22713,pasi baaludai premaa roopudai immaanuyelu daivamai,పసి బాలుడై ప్రేమా రూపుడై ఇమ్మానుయేలు దైవమై,,,,,TELUGU,2021-11-09,https://waytochurch.com/lyrics/song/22713,559,683
22721,Emi leni nannu korukunnaa,ఏమి లేని నన్ను కోరుకున్నా,A R Stevenson,,Christmas,,Telugu,2021-11-22,https://waytochurch.com/lyrics/song/22721,451,574
22723,Dhivine vidachi bhuvike vachina naa yesayya,ధివినే విడచి భువికే వచ్చిన నా యేసయ్య,Kiran D,,Christmas,,Telugu,2021-11-24,https://waytochurch.com/lyrics/song/22723,796,971
22724,Dhaveedhu vamsamlo bethlemu graamamlo,దావీదు వంశంలో బెత్లేము గ్రామములో,Pastor Philip Gariki,,Christmas,,Telugu,2021-11-24,https://waytochurch.com/lyrics/song/22724,803,949
22726,Mruthyunjayudaa naa vimochakaa,మృత్యుంజయుడా నా విమోచకా,Jessy Paul,,Praise Worship,,Telugu,2021-11-26,https://waytochurch.com/lyrics/song/22726,437,531
22727,Pasibaalude raajugaa janminchenu,పసిబాలుడే రాజుగా జన్మించెను,Samy Pachigalla,,Christmas,,Telugu,2021-11-26,https://waytochurch.com/lyrics/song/22727,491,626
22728,Niseedhi reyilo,నిశీధి రేయిలో,Andrew Son,,Christmas,,Telugu,2021-11-27,https://waytochurch.com/lyrics/song/22728,416,508
22729,Naalo unnavaadu naakai nilachuvaadu,నాలో ఉన్నవాడు నాకై నిలచువాడు,"Sumanth Gudivada, Kranthi Sandeep Vedala",,Christmas,,Telugu,2021-11-27,https://waytochurch.com/lyrics/song/22729,478,590
22730,Ningi nela murisipoye,ని౦గి నేల మురిసిపోయే,Sis  Madhurya Kiran,,Christmas,,Telugu,2021-11-27,https://waytochurch.com/lyrics/song/22730,614,633
22735,nazarethu patnaana nagumalle dharani lo,నజరేతు పట్నాన నగుమల్లె దరని లొ,,"Kenny Salvadi, Merlyn Salvadi",Christmas,,Telugu,2021-11-28,https://waytochurch.com/lyrics/song/22735,923,1115
22740,andamaina kshanamu aanandamayamu,అందమైన క్షణము ఆనందమయము,Josh Arasavelli,Music : Prashanth Penumaka,Christmas,,TELUGU,2021-12-08,https://waytochurch.com/lyrics/song/22740,701,897
22741,viluveleni naa jeevitham nee chethilo padagaane,విలువేలేని నా జీవితం నీ చేతిలో పడగానే,,Christ Alone Music,Praise Worship,,TELUGU,2021-12-16,https://waytochurch.com/lyrics/song/22741,745,900
22742,vachchindi vachchindi vachchindi christmas pandugaa,వచ్చింది వచ్చింది వచ్చింది క్రిస్మస్ పండుగా,,,Christmas,,TELUGU,2021-12-16,https://waytochurch.com/lyrics/song/22742,901,1061
22743,Mattilona Muthyamalle Puttaduro,మట్టిలోన ముత్యమల్లే పుట్టాడురో,Joshua Shaik,,Christmas,,Telugu,2021-12-16,https://waytochurch.com/lyrics/song/22743,584,720
22744,Hrudhayam loniki thongi choosi,హృదయం లోనికి తొంగి చూసి,Suresh Vanguri,,,,Telugu,2022-01-27,https://waytochurch.com/lyrics/song/22744,351,447
22745,daaveedu vamshamlo bethlemu graamamulo yesayyaa janminchenu,దావీదు వంశంలో బెత్లేము గ్రామములో యేసయ్యా జన్మించెను,,,Christmas,,TELUGU,2021-12-16,https://waytochurch.com/lyrics/song/22745,852,1044
22746,divi nundi bhuviki raaraajugaa,దివి నుండి భువికి రారాజుగా,"Rev M Yesu Pau, Tune: Ps M Jyothi Raju","Music: JK Christopher , Vocals: Sharon sisters",Christmas,,TELUGU,2021-12-16,https://waytochurch.com/lyrics/song/22746,655,840
22747,avanilo udbhavinche aadi sambhoothuni choodare,అవనిలో ఉద్భవించె ఆది సంభూతిని చూడరే,KR JOHN,Music : KY RATNAM,Christmas,,TELUGU,2021-12-16,https://waytochurch.com/lyrics/song/22747,800,991
22748,sudigaalainanu nischalamuga chesedavu,సుడిగాలైననూ నిశ్చలముగ చేసెదవు,"Original Song: Chattan #22760 Translated by: Hallows Echo, Modified by: Sam Alex Pasula , Chaitu Ricky",Praveen Ritmos,Faith,,TELUGU,2022-01-05,https://waytochurch.com/lyrics/song/22748,411,508
22749,Stuthi paadutake brathikinchina,స్తుతి పాడుటకే బ్రతికించిన,Pastor John Wesley,Hosanna Ministries- దేవుని సంకల్పం - Devuni Sankalpam,Praise Worship,,Telugu,2022-01-05,https://waytochurch.com/lyrics/song/22749,734,943
22750,vagdanmulanni neraverchuchunnadu,వాగ్దానములనన్ని నెరవేర్చుచున్నాడు,Pastor Vinod Kumar,,Faith,,Telugu,2022-01-05,https://waytochurch.com/lyrics/song/22750,444,540
22751,yesuku yese ila saati,యేసుకు యేసే ఇల సాటి,,,Praise Worship,,TELUGU,2022-01-05,https://waytochurch.com/lyrics/song/22751,417,509
22752,maayaa loka chaayallona mosam naashanam unnaadi,మాయాలోక ఛాయల్లోన మోసం నాశనం ఉన్నాది,G S Michael,palle koila Baby,Gospel,,TELUGU,2022-01-05,https://waytochurch.com/lyrics/song/22752,916,1059
22753,enni tharamulu sthuthiyinchinaa,ఎన్ని తరములు స్తుతియించినా,,Israel Chokka,Praise Worship,,TELUGU,2022-01-05,https://waytochurch.com/lyrics/song/22753,403,488
22754,aadiyanthamu leni vaadaa sampoornudagu maa devaa,ఆదియంతము లేనివాడా సంపూర్ణుడగు మా దేవా,,,Praise Worship,,TELUGU,2022-01-05,https://waytochurch.com/lyrics/song/22754,559,686
22756,sudhooramu ee payanamu mundu iruku maargamu,సుదూరము ఈ పయనము ముందు ఇరుకు మార్గము,Joel Kodali,"Hadlee Xavier, Surya Prakash Injarapu",Faith,,TELUGU,2022-01-11,https://waytochurch.com/lyrics/song/22756,664,815
22761,vaagdhaanmulanni neraverchuchunnaadu,వాగ్ధానములన్ని నెరవేర్చుచున్నాడు,,,,,TELUGU,2022-01-27,https://waytochurch.com/lyrics/song/22761,498,612
22762,Gurine nilupu gamyam koraku,గురినే నిలుపు గమ్యం కొరకు,Dr  Issac Raj Alanka,,,,Telugu,2022-01-27,https://waytochurch.com/lyrics/song/22762,865,957
22763,Evaru leru ilalo prabhuva,ఎవరూ లేరు ఇలలో ప్రభువా,Bishop Shulamite Finny Pachigalla,,,,Telugu,2022-01-27,https://waytochurch.com/lyrics/song/22763,480,579
24823,Ne nilachu bhoomi kampinchi kooli poyina Nammedhanu,నే నిలచు భూమి కంపించి కూలి పోయినా నమ్మెదను,"Pastor Reenukumar  Translated by Bro  Joseph D , John Erry",,Faith,,Telugu,2022-02-09,https://waytochurch.com/lyrics/song/24823,394,460
24824,Oohinchaledhayya dheevisthaavani,ఊహించలేదయ్య దీవిస్తావని,Raj Chikkala,SAMY PACHIGALLA,Thanks Giving,,Telugu,2022-02-15,https://waytochurch.com/lyrics/song/24824,428,555
24826,Karuna sampannuda dheeruda sukumaaruda,కరుణా సంపన్నుడా ధీరుడా సుకుమారుడా,Pastor John Wesley,Hosanna Ministries,Praise Worship,,Telugu,2022-02-21,https://waytochurch.com/lyrics/song/24826,804,0
24827,yehovaa naa kaapari yesayya naa oopiri,యెహోవా నా కాపరి యేసయ్య నా ఊపిరి,,The Life Church Hyd,Faith,,TELUGU,2022-03-04,https://waytochurch.com/lyrics/song/24827,490,589
24828,mokaalla anubhavamu neeku unnadaa,మోకాళ్ళ అనుభవము నీకు ఉన్నదా,,Elijahs Message,Alter Call,,TELUGU,2022-03-04,https://waytochurch.com/lyrics/song/24828,671,810
24829,prabhu mora vinavaa,ప్రభు మొర వినవా,,,Faith,,TELUGU,2022-03-04,https://waytochurch.com/lyrics/song/24829,380,455
24830,nammadagina devudavu yesayyaa,నమ్మదగిన దేవుడవు యేసయ్యా,,Amazing Grace Ministries,Thanks Giving,,TELUGU,2022-03-04,https://waytochurch.com/lyrics/song/24830,489,607
24831,Mahadhaanandhamaina needhu sannidhi,మహదానందమైన నీదు సన్నిధి,,"Srikaruda Naa Yesayya , Hosanna Ministries",Praise Worship,,Telugu,2022-03-17,https://waytochurch.com/lyrics/song/24831,797,1043
24832,Preme saaswathamaina parishuddhamaina podharillu,ప్రేమే శాశ్వతమైన పరిశుద్ధమైన పొదరిల్లు,Hosanna Ministries,Srikaruda Naa Yesayya,Gods Love,,Telugu,2022-03-17,https://waytochurch.com/lyrics/song/24832,814,1055
24833,Paadedha stuti gaanamu koniyaadedha nee naamamu,పాడెద స్తుతిగానము కొనియాడెద నీ నామము,Hosanna Ministries,Srikaruda Naa Yesayya,Praise Worship,,Telugu,2022-03-17,https://waytochurch.com/lyrics/song/24833,575,737
24834,Krupaa Krupaa sajeevulatho,కృపా కృపా సజీవులతో,Hosanna Ministries,Srikaruda Naa Yesayya,Gods Love,,Telugu,2022-03-17,https://waytochurch.com/lyrics/song/24834,689,895
24835,Athi sundharudavu yesayya manoharudavu neevayya,అతి సుందరుడవు యేసయ్యా మనోహరుడవు నీవయ్యా,Hosanna Ministries,Srikaruda Naa Yesayya,Praise Worship,,Telugu,2022-03-17,https://waytochurch.com/lyrics/song/24835,582,738
24837,Ne paadedha hallelujah naa sathruvula edhuta,నే పాడెద హల్లెలూయా నా శత్రువుల ఎదుట,,"Raise Hallelujah , Bethel Music",Praise Worship,,Telugu,2022-03-19,https://waytochurch.com/lyrics/song/24837,2197,1040
24843,Praardhanalu aalakinchu deva,ప్రార్ధనలు ఆలకించు దేవా,"Sammy Thangiah, Derick Samuel, Samuel Joseph, Christy Zebulon, Hema Prasanna",,Thanks Giving,,Telugu,2022-03-23,https://waytochurch.com/lyrics/song/24843,361,427
24849,Ninu chere prathi kshanam prabhaathame naalo,నిను చేరే ప్రతీ క్షణం ప్రభాతమే నాలో,Joshua Shaik,,Praise Worship,,Telugu,2022-04-25,https://waytochurch.com/lyrics/song/24849,608,752
24851,Srushtikarthavu rakshanakarthavu,సృష్టికర్తవు రక్షణకర్తవు,Pastor J Devanand Kumar,,Praise Worship,,Telugu,2022-04-30,https://waytochurch.com/lyrics/song/24851,517,617
24853,Bhayapadanu,భయపడను,Vijay Kondapuram,"Music : Moses Dany, Allen Ganta",Faith,,Telugu,2022-05-13,https://waytochurch.com/lyrics/song/24853,813,984
24856,Dhavalavarnuda ratnavarnuda,ధవళవర్ణుడా రత్నవర్ణుడా,"Pastor Praveen, Bellampalli",Dhavalavarnuda,Praise Worship,,Telugu,2022-05-15,https://waytochurch.com/lyrics/song/24856,506,591
24859,shaaronu polamulo poosina pushpamaa,షారోను పొలములో పూసిన పుష్పమా,,Church of Christ,Second Comming,,TELUGU,2022-07-08,https://waytochurch.com/lyrics/song/24859,346,444
24860,saati evvaru leru ilalo,సాటి ఎవ్వరూ లేరు ఇలలో,Joel N Bob,SAMARPAN D WORSHIP BAND,Thanks Giving,,TELUGU,2022-07-09,https://waytochurch.com/lyrics/song/24860,627,756
24861,Nee pilupe naa dhari chere neethoti naa snehamaa,నీ పిలుపే నా దరి చేరే నీతోటి నా స్నేహమా,"Joshua Shaik, Passion For Christ Ministries",,Thanks Giving,,Telugu,2022-07-09,https://waytochurch.com/lyrics/song/24861,771,959
24887,Na thodu neevu nilachithive,నాతోడు నీవు నిలచితివే,Pastor D  Chrisostam,Vocals - Dr.Shiny,Thanks Giving,,Telugu,2022-08-23,https://waytochurch.com/lyrics/song/24887,540,627
24888,Oohinchalenu prabhu nee mamathanu,ఊహించలేను ప్రభూ నీ మమతను,Joshua Shaik,Passion For Christ Ministries,Thanks Giving,,Telugu,2022-08-23,https://waytochurch.com/lyrics/song/24888,423,543
24889,Nee pilupu valana nenu nasinchipoledhu,నీ పిలుపు వలన నేను నశించి పోలేదు,Benny Joshua,,FaithThanks Giving,,Telugu,2022-08-08,https://waytochurch.com/lyrics/song/24889,796,980
24890,nee paadamul ne cheragaa gaayambulan ne gaanchithin,నీ పాదముల్ నే చేరగా గాయంబులున్ నే గాంచితిన్,Pastor Moses Undru,Music JK christopher,Good Friday,,TELUGU,2022-07-29,https://waytochurch.com/lyrics/song/24890,439,547
24891,Anjali ghatiyinchinaamu,అంజలి ఘటియించినాము,Late K Yohan Babu,A Carnatic Classical Fusion,Gospel,,Telugu,2022-08-23,https://waytochurch.com/lyrics/song/24891,845,703
24899,Yesu nee adbutha prema nenela marichedha devaa,యేసు నీ అద్భుత ప్రేమ నేనేల మరిచెద దేవా,Joel Kodali,,Gods LoveThanks Giving,,Telugu,2022-08-28,https://waytochurch.com/lyrics/song/24899,712,899
24900,Noothana hrudhayamu noothana swabhaavamu,నూతన హృదయము నూతన స్వభావము,Joel Kodali,Lechinaadu,Hope,,Telugu,2022-08-28,https://waytochurch.com/lyrics/song/24900,832,1042
24901,Neeve Yesu desamula yokka korika yokka korika,నీవే యేసు దేశముల యొక్క కోరిక యొక్క కోరిక,Julie Danelle,,Praise Worship,,Telugu,2022-08-28,https://waytochurch.com/lyrics/song/24901,714,832
24903,paravashincheda nee vaakyamulo,పరవశించెద నీ వాక్యములో,Mary Buelah,Paravasinchedha,Praise Worship,,TELUGU,2022-08-30,https://waytochurch.com/lyrics/song/24903,439,563
24904,Samarpinchedhanu samasthamu,సమర్పించెదను సమస్తము,Aneel Pagolu,,Faith,,Telugu,2022-09-15,https://waytochurch.com/lyrics/song/24904,366,458
24908,Nee melulu vivarimpa tharamaa,నీ మేలులు వివరింపతరమా,Suresh Nittala,"Sharon Sisters, Nittala Mary Susheela",Thanks Giving,,Telugu,2022-09-18,https://waytochurch.com/lyrics/song/24908,508,598
24909,EMMANUELAI Cheekati Gadiyalalo,చీకటి గడియలలో ఒంటరి సమయములో,ANU SAMUEL,Music : PRANITH PAUL,Christmas,,Telugu,2022-09-21,https://waytochurch.com/lyrics/song/24909,654,682
24911,yesu kosame jeeviddaam yesuthone payaniddaam,యేసు కోసమే జీవిద్దాం యేసుతోనే పయనిద్దాం,Joel Kodali,Yesu Kosame,Faith,,TELUGU,2022-09-24,https://waytochurch.com/lyrics/song/24911,740,906
24913,Viswaasa vanithalam yehova needana nivaasulam,విశ్వాస వనితలం యెహోవా నీడన నివాసులం,"Joshua Shaik, Passion For Christ Ministries",,Faith,,Telugu,2022-09-25,https://waytochurch.com/lyrics/song/24913,513,651
24914,Nee sannidhilo aanandhamey nee sevaloney santhoshamey,నీ సన్నిధిలో ఆనందమే నీ సేవలోనే సంతోషమే,Joshua Shaik,NEE SANNIDHILO,Praise Worship,,Telugu,2022-09-27,https://waytochurch.com/lyrics/song/24914,557,720
24915,Nee krupa nenemainaa,నీ కృప నేనేమైనా,Timothy Vemulapally,,Gods Love,,Telugu,2022-09-29,https://waytochurch.com/lyrics/song/24915,1049,839
24916,Ravikoti Thejudu naa devude naaku praana snehithudu,రవికొటి తేజుడు నా దేవుడే నాకు ప్రాణ స్నేహితుడు,Kranthi Chepuri,RAVIKOTI THEJUDU,Thanks Giving,,TELUGU,2022-10-01,https://waytochurch.com/lyrics/song/24916,785,957
24918,Ninnu nammi vacchi ne siggu chendhaledhu,నిన్ను నమ్మి వచ్చి నే సిగ్గుచెందలేదు,John Jebaraj,Levi ministries,Thanks Giving,,Telugu,2022-10-05,https://waytochurch.com/lyrics/song/24918,483,426
24919,Unnavaadavu anuvaadavu neevu,ఉన్నవాడవు అనువాడవు నీవు,Smt  Kiranmai Paul,"Ps.Jyothiraju , Ps.Yesupaul, Benny Joshua",Praise Worship,,Telugu,2022-10-05,https://waytochurch.com/lyrics/song/24919,625,767
24920,Abrahamu devudavu neeve yesayya,అబ్రహము దేవుడవు నీవే యేసయ్య,Sumanth Gudivada,Bhayamela [JOEL 2:21],Thanks Giving,,Telugu,2022-10-06,https://waytochurch.com/lyrics/song/24920,385,459
24921,Nee thodu unte chaalu maakentho melu,నీతోడు ఉంటే చాలు మాకెంతో మేలు,Pastor Prasad Nelapudi,,Hope,,Telugu,2022-10-31,https://waytochurch.com/lyrics/song/24921,753,986
24923,Sarwesvaruni dharshanamukai,సర్వేశ్వరుని దర్శనముకై,Pastor Nithin Parvathaneni,,Praise Worship,,Telugu,2022-11-11,https://waytochurch.com/lyrics/song/24923,465,598
24924,Vellipove gathamaa chellubaatu kaavu neevika,వెళ్లిపోవే గతమా చెల్లుబాటు కావు నీవిక,Sayaram Gattu,Vocals: Sis. Sreshta Karmoji,Gospel,,Telugu,2022-11-11,https://waytochurch.com/lyrics/song/24924,368,424
24925,Kanna kalale dhooramai nenippudu,కన్న కలలే దూరమై నేనిప్పుడు,Reshma Reigna,,Confession,,Telugu,2022-11-11,https://waytochurch.com/lyrics/song/24925,657,796
24926,Yelo yelo yelo antu vachharandi gollalu,ఏలో ఏలో ఏలో అంటూ వచ్చారండీ గొల్లలు,Joshua Shaik,,Christmas,,Telugu,2022-11-11,https://waytochurch.com/lyrics/song/24926,893,1062
24927,Ye Stithilonaina ninnu preminche vaaniga,ఏ స్థితిలోనైనా నిన్ను ప్రేమించేవానిగా,Pastor Vinod Kumar,,Faith,,Telugu,2022-11-11,https://waytochurch.com/lyrics/song/24927,730,789
24930,Sathakoti vandhanaalu na yesayya,శతకోటి వందనాలు నా యేసయ్యా,John Kennedy Bethapudi,,Christmas,,Telugu,2022-11-16,https://waytochurch.com/lyrics/song/24930,453,571
24931,Yesayya janminche nee korake,యేసయ్య జన్మించే నీ కొరకే,DBS Raju,,Christmas,,Telugu,2022-11-16,https://waytochurch.com/lyrics/song/24931,593,628
24932,nenu edchina chotane manasaaraa navvedaa,నేను ఏడ్చిన చోటనే మనసారా నవ్వెదా,,,Faith,,TELUGU,2022-11-16,https://waytochurch.com/lyrics/song/24932,777,965
24933,Nannedhiyu kadhapaledhayya,నన్నేదియు కదపలేదయ్యా,K Y Ratnam,,Faith,,Telugu,2022-11-16,https://waytochurch.com/lyrics/song/24933,578,715
24934,Eththana paer ennai thuraththinaalum,నీకు నీవుగా నన్ను చూడగా,A R Stevenson,,Christmas,,Telugu,2022-11-16,https://waytochurch.com/lyrics/song/24934,456,768
24935,Parisuthathil neer magathuvam ullavarae,నింగిలోన తారక,Sayaram Gattu,,Christmas,,Telugu,2022-11-16,https://waytochurch.com/lyrics/song/24935,520,654
24936,Ningi nela yekamayenu raaraajuni chooda,నింగి నేల ఏకమాయెను రారాజుని చూడ,KY Ratnam,,Christmas,,Telugu,2022-11-16,https://waytochurch.com/lyrics/song/24936,502,636
24937,Chettunaku manchu unnatlugaa,చెట్టునకు మంచు ఉన్నట్లుగా,A R Stevenson,,ChristmasPraise Worship,,Telugu,2022-11-16,https://waytochurch.com/lyrics/song/24937,319,392
24938,intha varaku kaapaadinaavu vandanaalayyaa,ఇంతవరకు కాపాడినావు వందనాలయ్యా,,Pastor Lakuma Ministries,Thanks Giving,,TELUGU,2022-11-16,https://waytochurch.com/lyrics/song/24938,746,941
24939,Ravi koti thejudu mahimalo nivasinchu sarvonnathudu,రవికోటి తేజుడు మహిమలో నివసించు సర్వోన్నతుడు,Prasad Nelapudi,RAVIKOTI THEJUDU,Christmas,,Telugu,2022-11-17,https://waytochurch.com/lyrics/song/24939,483,605
24940,Yesu puttenu rakshanochenu,యేసు పుట్టెను రక్షనొచ్చెను,Philip gariki,,Christmas,,Telugu,2022-11-17,https://waytochurch.com/lyrics/song/24940,434,501
24941,Mahimonnathudu sarvasakthimanthudu,మహిమోన్నతుడు సర్వశక్తిమంతుడు,Sukumar,,ChristmasPraise Worship,,Telugu,2022-11-17,https://waytochurch.com/lyrics/song/24941,513,615
24942,Naa yesu naadha neeve,నా యేసునాధ నీవే,Joshua Shaik,,Christmas,,Telugu,2022-11-17,https://waytochurch.com/lyrics/song/24942,866,1041
24943,Aadhilo emi lenappudu,ఆదిలో ఏమి లేనప్ప్పుడు,Yohan Kadiyala,,ChristmasPraise Worship,,Telugu,2022-11-17,https://waytochurch.com/lyrics/song/24943,623,726
24944,Chukkanu Chuchi Vachinamu,చుక్కను చూసి వచ్చినాము,,Rambabu RK,Christmas,,Telugu,2022-11-18,https://waytochurch.com/lyrics/song/24944,805,0
24945,Happy happy christmas antu aarbhatinchedham,హ్యాపీ హ్యాపీ క్రిస్మస్ అంటూ ఆర్భటించెదం,P Methushelah,,Christmas,,Telugu,2022-11-18,https://waytochurch.com/lyrics/song/24945,859,1068
24949,Nee aasheervaadham pondhina kutumbam,నీ ఆశీర్వాదం పొందిన కుటుంబం,Pastor David Paluri,,Benediction,,Telugu,2022-11-19,https://waytochurch.com/lyrics/song/24949,762,965
24950,Rakshakudu vachinadu vachinadammaa,రక్షకుడు వచ్చినాడు వచ్చినాడమ్మా,Davidson Gajulavarthi,,Christmas,,Telugu,2022-11-24,https://waytochurch.com/lyrics/song/24950,511,599
24951,Randi raarandooy yesayyanu chusoddaam,రండి రారండోయ్ యేసయ్యను చూసొద్దాం,David Marumulla,,Christmas,,Telugu,2022-11-24,https://waytochurch.com/lyrics/song/24951,673,754
24952,Yesuraju puttinadule halleluya paadeddhama,యేసురాజు పుట్టినాడులే హల్లెలూయా పాడేద్దామా,KY Ratnam,Voice : Apphia Katikala,Christmas,,Telugu,2022-11-24,https://waytochurch.com/lyrics/song/24952,637,778
24953,Mahonnathuda maaranivaada,మహోన్నతుడా మారనివాడా,Victor Rampogu,,ChristmasPraise Worship,,Telugu,2022-11-24,https://waytochurch.com/lyrics/song/24953,447,542
24954,Udayinchinaadu Chudu Nesthamaa,ఉదయించినాడు చూడు నేస్తమా,Glory City Prabhakar,,Christmas,,Telugu,2022-11-24,https://waytochurch.com/lyrics/song/24954,534,606
24955,Anukshnnam nii krupaloo pratidinam nii sannidiloo,అనుక్షణం నీ కృపలో ప్రతీదినం నీ సన్నిధిలో,Glory City Prabhakar,,ChristmasNew Year,,Telugu,2022-11-24,https://waytochurch.com/lyrics/song/24955,415,501
24959,Nee chethilo oka kalamuga chithrinche kunchega,నీచేతిలో ఒక కలముగా చిత్రించే కుంచెగ,Dr Noah R Ajay Kumar,,Thanks Giving,,Telugu,2022-11-25,https://waytochurch.com/lyrics/song/24959,378,470
24960,Telugu Christmas Mashup Nara Janmamethi,క్రిస్ట్మస్ మాషప్ నర జన్మమెతి,,"Kenny Salvadi , Vocals: Merlyn Salvadi, Blessy Simon, Hoglah Leena, Hemanth , Sundeep, Kenny Salvadi, Daniel Prem",Christmas,,Telugu,2022-11-26,https://waytochurch.com/lyrics/song/24960,1413,1824
24963,,వచ్చావయ్యా భువికేతెంచావయ్యా,Pastor A Yesu Babu,,Christmas,,Telugu,2022-11-27,https://waytochurch.com/lyrics/song/24963,826,0
24964,maa thoduga neevundutaku,మా తోడుగా నీవుండుటకు,Johnson Nakiekanti,,Christmas,,Telugu,2022-11-27,https://waytochurch.com/lyrics/song/24964,519,654
24965,Neevenayya neevenayya na sarwamu neevenayya,నీవేనయ్యా నీవేనయ్యా నా సర్వము నీవేనయ్యా,"David Parla , Prasanth Geddam","Ft. David Parla,Sammy Thangiah,Rev Paul Emmanuel",Praise Worship,,Telugu,2022-11-27,https://waytochurch.com/lyrics/song/24965,549,668
24966,Kreesthu nedu puttenu,క్రీస్తు నేడు పుట్టెను,Moses Undru,,Christmas,,Telugu,2022-11-27,https://waytochurch.com/lyrics/song/24966,691,891
24970,Srushtikartha devudu manakai ila srushtigaa maarenu,సృష్టికర్త దేవుడు మనకై ఇల సృష్టిగా మారెను,,"Dr John Wesly, Mrs Blessie Wesly",Christmas,,Telugu,2022-11-29,https://waytochurch.com/lyrics/song/24970,570,684
24971,sarvonnatha sthalamulalo samaadhaanamu,సర్వోన్నత స్థలములలో సమాధానము,Bishop Pammi Daniel,"Vocals: Ps Divya David, Sis Sreshta Karmoji, Sis Jessica Blessy (Elsy)",Christmas,,TELUGU,2022-11-29,https://waytochurch.com/lyrics/song/24971,480,590
24972,Sainyamulaku adhipathivi raajulake raajuvu,సైన్యములకు అధిపతివి రాజులకే రాజువు,Sam K Kiran,"Vocals - PHILIP GARIKI, Sharon Philip, Lillian Christopher & Hana Joyce",Christmas,,Telugu,2022-11-29,https://waytochurch.com/lyrics/song/24972,1111,1011
24974,Na Sarwamu Nevenaya,నా సర్వము నీవేనయ్యా,,"Ft. David Parla,Sammy Thangiah,Rev Paul Emmanuel,Joel Sastry",Praise Worship,,Telugu,2022-11-29,https://waytochurch.com/lyrics/song/24974,549,668
24976,yugapurushudu shakapurushudu,యుగపురుషుడు శకపురుషుడు,Moses David Kalyanapu,Chukka Puttindhi 2 - Emmanuel,Christmas,,TELUGU,2022-12-01,https://waytochurch.com/lyrics/song/24976,1458,1740
24977,Loka rakshakudu mana korakudhayinchenu,లోక రక్షకుడు మనకొరకుదయించెను,Samuel Karmoji,Yesu Nee Maata Chalu,Christmas,,Telugu,2022-12-02,https://waytochurch.com/lyrics/song/24977,588,702
24978,raajulake raaraaju puttaadoi,రాజులకే రారాజు పుట్టాడోయ్,Pastor Rajesh Joshua,SAMBARALU CHESEDHAMA,Christmas,,TELUGU,2022-12-02,https://waytochurch.com/lyrics/song/24978,682,820
24981,Sarvonnathamaina sthalamulalo devuniki mahimayu,సర్వోన్నతమైన స్థలములలో దేవునికి మహిమయు,"Pastor Freddy Paul, Hosanna Ministries",,Christmas,,Telugu,2022-12-13,https://waytochurch.com/lyrics/song/24981,575,750
24982,sthuthi paadutake brathikinchina jeevanadaathavu neevenayyaa,స్తుతి పాడుటకే బ్రతికించిన జీవనదాతవు నీవేనయ్యా,,,,,TELUGU,2022-12-13,https://waytochurch.com/lyrics/song/24982,830,1047
24983,Poorna hrudhayamutho poorna aathmatho,పూర్ణ హృదయముతో పూర్ణ ఆత్మతో,Joel Kodali,,Praise Worship,,Telugu,2023-01-27,https://waytochurch.com/lyrics/song/24983,678,825
24984,Janminchinaadu sri yesuraaju bethlehemandhuna,జన్మించినాడు శ్రీ యేసురాజు బెత్లెహేమందున,pastor Dr  Pammi Daniel,,Christmas,,Telugu,2022-12-13,https://waytochurch.com/lyrics/song/24984,502,628
24985,Gnaanulu choodavelliri bethlehemu puramunaku,జ్ఞానులు చూడవెళ్ళిరి బెత్లెహేము పురమునకు,Samy Pachigalla,,Christmas,,Telugu,2022-12-13,https://waytochurch.com/lyrics/song/24985,510,602
24986,Chukkallo chakkani chukka puttindi hey hey hey,చుక్కల్లో చక్కని చుక్క పుట్టిందిహే…హేహే…,Pastor Pandu Prem Kumar,,Christmas,,Telugu,2022-12-13,https://waytochurch.com/lyrics/song/24986,547,611
24987,Ooruko naa praanamaa kalatha chendhaku,ఊరుకో నా ప్రాణమా కలత చెందకు,Dr  Asher Andrew,,Christmas,,Telugu,2022-12-13,https://waytochurch.com/lyrics/song/24987,577,715
24988,udayinchinaadu naa jeevithaana,ఉదయించినాడు నా జీవితాన,Pastor V Joshua,Hanok Raj & Adbutha Shunemi Raj,Christmas,,TELUGU,2022-12-13,https://waytochurch.com/lyrics/song/24988,592,706
24990,Yeduru choosing koala pratyaksha parichenu divam,ఎదురుచూసిన కాలం ప్రత్యక్ష పరిచెను దైవం,Pappula Yesu Daasu,,Christmas,,Telugu,2022-12-17,https://waytochurch.com/lyrics/song/24990,897,1053
24991,Ooru vaada sambaramenanta,ఊరు వాడ సంబరమేనంట,Raju Richards,,Christmas,,Telugu,2022-12-17,https://waytochurch.com/lyrics/song/24991,425,548
24993,Sandhadi 5,ఓరన్నా నీకు తెలుసా ఎవరో ఈ ప్రభు యేసు,"Azuba Daniel kalyanapu, Dr Shalem Raj kalyanapu",,Christmas,,Telugu,2022-12-17,https://waytochurch.com/lyrics/song/24993,1063,1222
24994,Saricheyunu - Kanumarugu cheyudhunanevaaredhuta,సరిచేయును - కనుమరుగు చేయుదుననేవారెదుట,Pastor John Jebaraj (Tamil),"JESUS Calls Telugu : Paul Dhinakaran, Evangeline Paul Dhinakaran, Samuel Dhinakar",Faith,,Telugu,2022-12-18,https://waytochurch.com/lyrics/song/24994,518,666
24999,Athi Parishuddhudaa stuthi naivaidyamu neeke arpinchi keerthinthunu,అతి పరిశుద్ధుడా స్తుతి నైవేద్యము నీకే అర్పించి కీర్తింతును,"Hosanna Ministries featuring Pastor John Wesley, Pastor Abraham , Pastor Ramesh",,Praise Worship,,Telugu,2023-01-03,https://waytochurch.com/lyrics/song/24999,677,863
25000,Kanyaka garbhamu dharinchunanumaata pravachanamu,కన్యక గర్భము ధరించుననుమాట ప్రవచనము,Vijay Prasad Reddy,,Christmas,,Telugu,2023-01-04,https://waytochurch.com/lyrics/song/25000,1099,1353
25002,Puttinadammaa yesayya puttinadammaa,పుట్టినాడమ్మా యేసయ్య పుట్టినాడమ్మా,Dr  John Wesly,,Christmas,,Telugu,2023-01-05,https://waytochurch.com/lyrics/song/25002,685,780
25003,vaati vaati kaalamuna annitini,వాటి వాటి కాలమున అన్నిటిని,Father S J  Berchmans,"Jebathotta Jeyageethangal, Vol. 34",Faith,,TELUGU,2023-01-06,https://waytochurch.com/lyrics/song/25003,553,648
25004,yesayyaa naakantu evaru lerayyaa,యేసయ్యా నాకంటూ ఎవరు లేరయ్యా,Rev Fr Shiju,,Faith,,TELUGU,2023-01-06,https://waytochurch.com/lyrics/song/25004,421,491
25005,Alankarinchunu - naa manassaa aayana marachunaa,అలంకరించును - నా మనస్సా ఆయన మరచునా,Ps  John Jebaraj,"JESUS Calls Telugu : Dr. Paul Dhinakaran, Samuel Dhinakaran, Stella Ramola, Br.Allen Ganta, Pr. Enosh Kumar ,Br.Jonah Samuel, Br.John Erry, Sis.Merlyn Salvadi, Srestha Karmoji, Anu Samuel",Faith,,TELUGU,2023-01-06,https://waytochurch.com/lyrics/song/25005,702,729
25007,Jeevamaina Yesu naalo pravahinchaali,జీవమైన యేసు నాలో ప్రవహించాలి,N Ravi vincent,,GospelFaith,,Telugu,2023-01-27,https://waytochurch.com/lyrics/song/25007,509,0
25008,paralokamandunna maa thandree,పరలోకమందున్నమా తండ్రీ,Madhu,Aakasama Aalakinchuma,Holy Spirit,,TELUGU,2023-01-27,https://waytochurch.com/lyrics/song/25008,398,502
25009,ninna nedu nirantharam maarane maaravu,నిన్న నేడు నిరంతరం మారనే మారవు,,,Praise Worship,,TELUGU,2023-01-27,https://waytochurch.com/lyrics/song/25009,586,729
25010,naa maargamandu naa kante mundu,నా మార్గమందు నా కంటె ముందు,,,Thanks Giving,,TELUGU,2023-01-27,https://waytochurch.com/lyrics/song/25010,543,650
25011,naa praana naathaa naa yesu naathaa,నా ప్రాణ నాథా నా యేసు నాథా,Srinivas Bandaru,Music - N. Thomas,Praise Worship,,TELUGU,2023-01-27,https://waytochurch.com/lyrics/song/25011,614,645
25012,naa gudaaramu kshemamani naaku thelipithivi,నా గుడారము క్షేమమని నాకు తెలిపితివి,,Krupa Varshma,Faith,,TELUGU,2023-01-27,https://waytochurch.com/lyrics/song/25012,756,929
25013,aa srehstambau grandhamulo,ఆ శ్రేష్టంబౌ గ్రంథములో,,,Gospel,,TELUGU,2023-01-27,https://waytochurch.com/lyrics/song/25013,101,127
25042,Neethi Surya thejomayudaa,నీతి సూర్య తేజోమయుడా,Jeeva R Pakerla featuring Elfe Choir,Srastha 3,Praise Worship,,Telugu,2023-02-05,https://waytochurch.com/lyrics/song/25042,492,603
25043,Krupa kaligina devaa naa yehovaa,కృప కలిగిన దేవా నా యెహోవా,King Joshua,,Praise Worship,,Telugu,2023-02-07,https://waytochurch.com/lyrics/song/25043,349,439
25044,ee udayamuna neevu lechi emi thalachuchunnaavu,ఈ ఉదయమున నీవు లేచి ఏమి తలచుచున్నావు,,Veena Jessie,Hope,,TELUGU,2023-02-18,https://waytochurch.com/lyrics/song/25044,446,575
26846,Karuninchi kaapaade yesayya,కరుణించి కాపాడే యేసయ్య,A R Stevenson,,,,Telugu,2023-02-24,https://waytochurch.com/lyrics/song/26846,554,709
26848,Devaa neevu chesina melulenno,దేవా నీవు చేసిన మేళులెన్నో,"Raja Mandru , Bro  Bharath",,,,Telugu,2023-02-24,https://waytochurch.com/lyrics/song/26848,398,479
26849,Daya choopumayaa ee dhaatripaina,దయ చూపుమయా ఈ ధాత్రిపైన,M Paul Bhaskar,,,,Telugu,2023-02-24,https://waytochurch.com/lyrics/song/26849,565,707
26850,Yegedhanu ne cheredanu siyonunu ne choochedanu,ఏగెదను నే చేరెదను సీయోనును నే చూచెదను,Joshua Shaik,,,,Telugu,2023-02-24,https://waytochurch.com/lyrics/song/26850,435,515
26851,Devaa maa praarthana vinavaa,దేవా మా ప్రార్థన వినవా,Pastor John Wesley,,,,Telugu,2023-02-24,https://waytochurch.com/lyrics/song/26851,351,467
26856,bethlehemu puramulo oka naati raathiri,బేత్లెహేము పురములో ఒక నాటి రాతిరి,,,,,TELUGU,2023-02-24,https://waytochurch.com/lyrics/song/26856,875,1045
26863,Yevaru Choopinchaleni ilalo nanu veediponi,ఎవరు చూపించలేనీ ఇలలో నను వీడిపోనీ,Joshua Shaik,,,,Telugu,2023-02-24,https://waytochurch.com/lyrics/song/26863,741,930
26864,Bhoomyaakaasamulanu srujinchina devaa,భూమ్యాకాశములను సృజియించిన దేవా,Kranthi Chepuri,,,,Telugu,2023-02-24,https://waytochurch.com/lyrics/song/26864,693,852
26865,Viluveleni na jeevitham nee chethilo padagane,విలువేలేని నా జీవితం నీ చేతిలో పడగానే,Pastor Vinod Kumar,,,,Telugu,2023-02-24,https://waytochurch.com/lyrics/song/26865,727,840
26866,Sudhooramu ee payanamu mundu iruku maargamu,సుదూరము ఈ పయనము ముందు ఇరుకు మార్గము,Joel Kodali,,,,Telugu,2023-02-24,https://waytochurch.com/lyrics/song/26866,612,763
26905,Kondala thattu naa kannuletti,కొండలతట్టు నా కన్నులెత్తి,Vijay Kondapuram,,Hope,,Telugu,2023-02-24,https://waytochurch.com/lyrics/song/26905,818,1002
26906,Naaku aadharamaina yesayya,నాకు ఆధారామైన యేసయ్య,"Pastor K Solomon Raju , Christ Gospel Ministries, Guntur",Naa Jeevadaatha (2004),Thanks Giving,,Telugu,2023-02-24,https://waytochurch.com/lyrics/song/26906,458,594
26908,Yehova raapha soukhyamicchuvaadu,యెహోవా రాఫా సౌఖ్యమిచ్చువాడు,"David Parla , Pastor Benjamin",,Praise Worship,,Telugu,2023-04-11,https://waytochurch.com/lyrics/song/26908,591,700
26909,ANNI SAADHYAME YESULO nannu balaparachu yesu nande nenu,అన్ని సాధ్యమే యేసులో నన్ను బలపరచు యేసునందే నేను,Kranthi Chepuri,Music : Hadlee Xavier,Faith,,TELUGU,2023-02-24,https://waytochurch.com/lyrics/song/26909,646,772
26910,Emmanuelu deva naatho unnavaadaa,ఇమ్మానుయేలు దేవా నాతో ఉన్నవాడా,Deepak Dinakar,,Faith,,Telugu,2023-02-24,https://waytochurch.com/lyrics/song/26910,283,353
26913,ooruko naa praanamaa kalatha chendaku,ఊరుకో నా ప్రాణమా కలత చెందకు,Dr  Asher Andrew,Music: Pranam Kamalakar,Hope,,TELUGU,2023-02-24,https://waytochurch.com/lyrics/song/26913,642,777
26914,Udayinchinaadu naa jeevithaana,ఉదయించినాడు నా జీవితాన,Pastor V Joshua,,Christmas,,Telugu,2023-02-24,https://waytochurch.com/lyrics/song/26914,411,503
26916,maa hrudayamulalo devuni premanu kummarinchithivi,మా హృదయములలో దేవుని ప్రేమను కుమ్మరించితివి,Joel Kodal,Music: HADLEE XAVIER,Thanks Giving,,TELUGU,2023-03-17,https://waytochurch.com/lyrics/song/26916,809,1000
26917,bhayamu ledu digule ledu,భయము లేదు దిగులే లేదు,"FANNIE JOY MOSES , Sam Padinjarekara (Original Malayalam Song - Yaahe)",,Praise Worship,,TELUGU,2023-03-17,https://waytochurch.com/lyrics/song/26917,460,550
26918,Bahu soundharya seeyonulo sthuthi simhaasanaaseenudaa,బహు సౌందర్య సీయోనులో స్తుతి సింహాసనాసీనుడా,,Adviteeyuda,Praise Worship,,Telugu,2023-03-17,https://waytochurch.com/lyrics/song/26918,412,551
26919,neeve naa snehamu neeve naa sarvasvamu,నీవే నా స్నేహము నీవే నా సర్వస్వము,Sis  Sarah Kantimahanti,"Music : Immanuel Rajesh , Symon peter Chevuri",Thanks Giving,,TELUGU,2023-03-17,https://waytochurch.com/lyrics/song/26919,484,589
26920,neelaanti prema ee lokaana,నీలాంటి ప్రేమ ఈ లోకాన,,,Good Friday,,TELUGU,2023-03-17,https://waytochurch.com/lyrics/song/26920,594,675
26921,Naa korika nee pranaalika parimalinchaalani,నా కోరిక నీ ప్రణాళిక పరిమళించాలని,,Adviteeyuda,Faith,,Telugu,2023-03-17,https://waytochurch.com/lyrics/song/26921,786,1043
26922,nee aananda thailamutho nannu abhishekinchumayyaa,నీ ఆనంద తైలముతో నన్ను అభిషేకించుమయ్యా,,Bro. Adam Benny,Hope,,TELUGU,2023-03-17,https://waytochurch.com/lyrics/song/26922,508,626
26923,Jeevapradhaathavu nanu roopinchina silpivi neeve prabhu,జీవప్రదాతవు ననురూపించిన శిల్పివి నీవే ప్రభు,,Adviteeyuda,Praise Worship,,Telugu,2023-03-17,https://waytochurch.com/lyrics/song/26923,792,1010
26924,Gaganamu cheelchukoni ghanulanu theesukoni,గగనము చీల్చుకొని ఘనులను తీసుకొని,,Adviteeyuda,Thanks Giving,,Telugu,2023-03-17,https://waytochurch.com/lyrics/song/26924,553,688
26925,oka chethilo karra,ఒక చేతిలో కర్ర,,,Good Friday,,TELUGU,2023-03-17,https://waytochurch.com/lyrics/song/26925,362,421
26926,NEN EMATHRAMU inthavaraku neevu nannu nadipinchutaku,నేనేమాత్రము ఇంతవరకు నీవు నన్ను నడిపించుటకు,Ps  BENNY JOSHUA,Music: STANLEY STEPHEN,Thanks Giving,,TELUGU,2023-03-17,https://waytochurch.com/lyrics/song/26926,489,605
26927,aakaashamu nee simhaasanam,ఆకాశము నీ సింహాసనం,,,Praise Worship,,TELUGU,2023-03-17,https://waytochurch.com/lyrics/song/26927,447,569
26928,Adviteeyuda nannelu daivamaa,అద్వితీయుడా నన్నేలు దైవమా,Hosanna Ministries Guntur,Adviteeyuda,Praise Worship,,Telugu,2023-03-17,https://waytochurch.com/lyrics/song/26928,936,1161
26929,Pelli Kuthuru Andhamaina manasuku nenoka chakkani roopam,పెళ్లి కూతురు అందమయిన మనసుకు నేనొక చక్కని రూపం,Bro  Sayaram Gattu,Music : Prasanth Penumaka,Marriage,,Telugu,2023-03-17,https://waytochurch.com/lyrics/song/26929,731,745
26931,Maranamu jayinchenu,మరణము జయించెను,Dr  Jaya Paul Ravela,,Easter,,Telugu,2023-03-18,https://waytochurch.com/lyrics/song/26931,381,433
26932,NIJA SNEHITHUDA naa chelimi kori nee kalimi veedi,నిజ స్నేహితుడా నా చెలిమి కోరి నీ కలిమి వీడి,JOSHUA KATTA,Music: HADLEE XAVIER,Good Friday,,TELUGU,2023-03-19,https://waytochurch.com/lyrics/song/26932,629,784
26934,Siluvapaina prema chupa maranamaayenu,సిలువపైన ప్రేమ చూప మరణమాయెను,Jeeva R Pakerla,Srastha 3,Good Friday,,Telugu,2023-03-20,https://waytochurch.com/lyrics/song/26934,477,597
26937,raathi samaadhilo paathina mana yesu,రాతి సమాధిలో పాతిన మన యేసు,,Music : Steven Paul K,Easter,,TELUGU,2023-04-12,https://waytochurch.com/lyrics/song/26937,435,532
26938,naakentho aanandam nee sannidhi prabhuvaa,నాకెంతో ఆనందం నీ సన్నిధి ప్రభువా,,,Thanks Giving,,TELUGU,2023-04-12,https://waytochurch.com/lyrics/song/26938,498,614
26939,jeevinchuchunnavaadaa neeke aaradhana arpinthun,జీవించుచున్నవాడా నీకే ఆరాధన అర్పింతున్,,Sis Jessy Paul,Praise Worship,,TELUGU,2023-04-12,https://waytochurch.com/lyrics/song/26939,423,508
26940,Bhayamedhainaa ippudu neelo unnadhaa,భయమేదైనా ఇప్పుడు నీలో ఉన్నదా,Susanna Esther Geddam,Prerana,Gods Power,,Telugu,2023-04-26,https://waytochurch.com/lyrics/song/26940,371,465
26941,Nisi raathri sudigaalilo chikkithini,నిశిరాత్రి సుడిగాలిలో చిక్కితిని,Joel Kodali,,Faith,,Telugu,2023-04-26,https://waytochurch.com/lyrics/song/26941,709,894
26942,nenu naa illu naa inti vaarandaru,నేను నా ఇల్లు నా ఇంటి వారందరు,Rev  John Jebaraj | Translated by : SamSundar,Translated from Tamil song : Ebenesarae,Thanks Giving,,TELUGU,2023-04-26,https://waytochurch.com/lyrics/song/26942,661,790
26943,Endhukani nenante intha prema,ఎందుకనీ నేనంటే ఇంత ప్రేమ,Joshua Shaik,,Gods Love,,Telugu,2023-04-26,https://waytochurch.com/lyrics/song/26943,474,609
26944,Vechiyunnanu,వేచియున్నాను,Vijay Kondapuram,Music : Moses Dany,Hope,,Telugu,2023-04-30,https://waytochurch.com/lyrics/song/26944,793,988
26946,Sadha neevu na thoduga yesaiyah,సదా నీవు నా తోడుగా యేసయ్య,Joshua Shaik,,,,Telugu,2023-06-08,https://waytochurch.com/lyrics/song/26946,982,1128
26947,le nilabadu parugidu thandri pani kosame,లే నిలబడు పరుగిడు తండ్రి పనికోసమే,,,,,TELUGU,2023-06-08,https://waytochurch.com/lyrics/song/26947,1096,1331
26948,Naa Pourasthithi paramandhunnadhi,నా పౌర స్థితి పరమందున్నది,A R Stevenson,,,,Telugu,2023-06-08,https://waytochurch.com/lyrics/song/26948,321,398
26949,Kantiki reppalaa nanu kaachinaavayyaa,కంటికి రెప్పలా నను కాచినావయ్యా,Manoj David,,,,Telugu,2023-06-08,https://waytochurch.com/lyrics/song/26949,826,1061
26950,Ye bhayamu naku lene ledhu ga neevu thodundaga,ఏ భయము నాకు లేనేలేదుగా నీవు తోడుండగా,Pastor Vinod Kumar,,,,Telugu,2023-06-08,https://waytochurch.com/lyrics/song/26950,624,786
27516,maa madhyalo sancharinchuvaadaa,మా మధ్యలో సంచరించువాడా,,,,,TELUGU,2023-06-13,https://waytochurch.com/lyrics/song/27516,362,450
27518,melu cheyaka neevu undalevayyaa,మేలు చేయక నీవు ఉండలేవయ్యా,Nycil KK,,Thanks Giving,,TELUGU,2023-08-17,https://waytochurch.com/lyrics/song/27518,683,818
27519,nenu ninnu ennadu viduvanu,నేను నిన్ను ఎన్నడు విడువను,,Zion Youth Songs Telugu,Zion Songs,,Telugu,2023-07-02,https://waytochurch.com/lyrics/song/27519,494,0
27520,o priya sodharuda o priya sodhari etu,ఓ ప్రియ సోదరుడా ఓ ప్రియ సోదరి ఎటు,,Zion Youth Songs Telugu,Zion SongsGospelGospel,,Telugu,2023-07-02,https://waytochurch.com/lyrics/song/27520,587,0
27522,praardhana valane payanamu praardhane praakaaramu,ప్రార్థన వలనే పయనము ప్రార్థనే ప్రాకారము,Ps  FINNY ABRAHAM,"Music : Suresh, Vocals : Chinny Savarapu & Ps.Finny Abraham & Kishore Emmanuel",Faith,,TELUGU,2023-08-17,https://waytochurch.com/lyrics/song/27522,597,717
27523,prabhuni smarinchu prabhuni smarinchu,ప్రభుని స్మరించు ప్రభుని స్మరించు,,Music: Bro.Sharath Vattikuti,Faith,,TELUGU,2023-08-17,https://waytochurch.com/lyrics/song/27523,311,357
27524,nirathamu ninu sthuthiyinchinaa,నిరతము నిను స్తుతియించినా,Sayaram Gattu,"Music: Prasanth Penumaka, Vocals: Bro. Nissy John Burre & Bro. Surya Prakash Injarapu",Thanks Giving,,TELUGU,2023-08-17,https://waytochurch.com/lyrics/song/27524,561,712
27525,nyaayaadhipathiyaina devudu ninnu piliche velalona,న్యాయాధిపతియైన దేవుడు నిన్ను పిలిచే వేళలోన,Kranthi Chepuri,"Music: HADLEE XAVIER, Vocals: Pas. Enosh Kumar",Gospel,,TELUGU,2023-08-17,https://waytochurch.com/lyrics/song/27525,660,788
27526,gunde nindaa yesu unte kanneelle muthyaalu,గుండె నిండా యేసు ఉంటే కన్నీళ్లే ముత్యాలు,Dr  PHILIP P JACOB,,Faith,,TELUGU,2023-08-17,https://waytochurch.com/lyrics/song/27526,462,527
27527,antaraani vaadavantu nannu,అంటరాని వాడవంటు నన్ను,Joel Kodali,Music: HADLEE XAVIER,Gods Love,,TELUGU,2023-08-17,https://waytochurch.com/lyrics/song/27527,1118,1337
27528,Oneness 2,వన్నెస్ 2,,David Parla & Giftson Durai,Praise Worship,,Telugu,2023-08-24,https://waytochurch.com/lyrics/song/27528,3119,0
27529,Saripodhu Aradhana,సరిపొదు ఆరాదన,Syaram Gattu,"Music: Prasanth Penumaka, Vocals: Bro. Nissy John Burre & Bro. Surya Prakash Injarapu",Praise Worship,,Telugu,2023-08-25,https://waytochurch.com/lyrics/song/27529,577,732
27530,Inthavaraku neevu nannu nadipinchutaku,ఇంతవరకు నీవు నన్ను నడిపించుటకు,Benny joshua,,Thanks Giving,,Telugu,2023-08-26,https://waytochurch.com/lyrics/song/27530,426,524
27532,NI PADALU TADAPAKUNDA NA PAYANAM SAGADAYYA,నీ పాదాలు తడపకుండా నా పయనం సాగదయ్యా,Ps  FINNY ABRAHAM,"Music : Suresh, Vocals : Chinny Savarapu & Ps.Finny Abraham & Kishore Emmanuel",Faith,,Telugu,2023-09-15,https://waytochurch.com/lyrics/song/27532,584,704
27535,Ebenejaru Ebenesare Ebinejare Ebinesare - Nenu naa illu naa intivaarandharu,ఎబినేజరు నేను నా ఇల్లు నా ఇంటివారందరు,John Jebaraj,"Samuel Joseph, John Jebaraj",Praise Worship,,Telugu,2023-09-19,https://waytochurch.com/lyrics/song/27535,793,911
27551,cheekatilo nundi velugunaku,చీకటిలో నుండి వెలుగునకు,,,,,TELUGU,2023-10-17,https://waytochurch.com/lyrics/song/27551,579,707
27553,Ninu Poli Nenu,నిను పోలి నేను,Annie Margaret,Music: Bro Enosh Jagan,Gods Love,,Telugu,2023-10-18,https://waytochurch.com/lyrics/song/27553,570,684
27559,Aakaasha veedhullo aanandham aa ningi thaarallo ullaasam,ఆకాశ వీధుల్లో ఆనందం ఆ నింగి తారల్లో ఉల్లాసం,Joshua Shaik,,,,Telugu,2023-11-10,https://waytochurch.com/lyrics/song/27559,775,998
27566,Velasenule gaganaana thoorpu thaara nisidhi reyi jaamulo,వెలసెనులే గగనాన తూర్పుతార నిశీధిరేయి జాములో,Sunil Thurimella,,,,Telugu,2023-11-23,https://waytochurch.com/lyrics/song/27566,692,869
27570,Nii chitthamu sampuurthigaa naalo,నీ చిత్తము సంపూర్తిగా నాలో జరిగించుమా,,,,,Telugu,2023-11-23,https://waytochurch.com/lyrics/song/27570,577,648
27571,Akasa gaganana mersindhi taraka,ఆకాశగగనాన మెరిసింది తారక,Ch Usha,Vocals: John Hosanna,Christmas,,Telugu,2023-11-24,https://waytochurch.com/lyrics/song/27571,620,0
27572,Sakalaaseervaadhamula kaarannabhuutuhdaa,సకలాశీర్వాదముల కారణభూతుడా,A R Stevenson,,,,Telugu,2023-11-24,https://waytochurch.com/lyrics/song/27572,391,514
27573,Veladi duuthalathoo nithyamu ninu stuthinthunu,వేలాది దూతలతో నిత్యము నిను స్తుతియింతును,Ephraim Palutla,,,,Telugu,2023-11-24,https://waytochurch.com/lyrics/song/27573,463,573
27574,Mariyaa tanayudai manujaavathaarudai,మరియా తనయుడై మనుజావతారుడై,Suresh Nittala,,,,Telugu,2023-11-25,https://waytochurch.com/lyrics/song/27574,364,461
27575,Chakkani baaludamma chuudachakkangaa unnaadammaa,చక్కని బాలుడమ్మ చూడచక్కంగా ఉన్నాడమ్మా,Suneel,,,,Telugu,2023-11-25,https://waytochurch.com/lyrics/song/27575,430,541
27579,Paata paadaala vaadyamu mrogaala,పాట పాడాలా వాద్యములు మ్రాగాల,A R Stevenson,,,,Telugu,2023-11-27,https://waytochurch.com/lyrics/song/27579,464,587
27580,Chandamaama chandamaama,చందమామ చందమామ,Asha Ashirwadh Shaik,,,,Telugu,2023-11-27,https://waytochurch.com/lyrics/song/27580,706,919
27584,Aanandam aanandamea raaraaju putteanani,ఆనందం ఆనందమే రారాజు పుట్టేనని,Teja Emmanuel,,,,Telugu,2023-11-28,https://waytochurch.com/lyrics/song/27584,662,770
27586,raaju puttenu raaju puttenu,రాజు పుట్టెను రాజు పుట్టెను,,,,,TELUGU,2023-11-29,https://waytochurch.com/lyrics/song/27586,522,612
27587,kreesthu puttenu hallelooyaa,క్రీస్తు పుట్టెను హల్లెలూయా,,,,,TELUGU,2023-11-29,https://waytochurch.com/lyrics/song/27587,703,838
27588,Bethelehemulo panduga panduga,బేత్లహేములో పండుగ పండుగ,,,,,Telugu,2023-12-04,https://waytochurch.com/lyrics/song/27588,364,456
27589,BETHLAHAHeMULO VINTHA,బెత్లహేములో వింత రాజు పుట్టుక వార్త,,,Christmas,,Telugu,2023-12-16,https://waytochurch.com/lyrics/song/27589,588,0
27590,Samrakshakaa vimochakaa,సంరక్షకా విమోచకా,Pastor Dr  Pammi Daniel,,Christmas,,Telugu,2023-12-16,https://waytochurch.com/lyrics/song/27590,671,847
27594,Asalaina christmas mana jeevithamey,అసలైన క్రిస్మస్ మన జీవితమే,Jonah Samuel,,Christmas,,Telugu,2023-12-20,https://waytochurch.com/lyrics/song/27594,819,1044
27597,Ninu vidichi na hrudhayam parithapinche nee kosamu,నిను విడిచి నా హృదయం పరితపించే నీ కోసమే,,,,,Telugu,2023-12-21,https://waytochurch.com/lyrics/song/27597,644,761
27598,Oka aasa undayyaa naa koorika theerchayyaa,ఒక ఆశ ఉందయ్యా నా కోరిక తీర్చయ్యా,Pastor Anand Babu,,Christmas,,Telugu,2023-12-21,https://waytochurch.com/lyrics/song/27598,514,703
27599,Raaju puttenu raaju puttenuLyrics,రాజు పుట్టెను రాజు పుట్టెను లోకమంతా,Shyam Joseph,,Christmas,,Telugu,2023-12-21,https://waytochurch.com/lyrics/song/27599,466,552
27601,Aa raatrilo ningilo oka taara goppa tejamutho prabhavinchenu aa reyi,ఆ రాత్రిలో నింగిలో ఒక తార గొప్ప తేజముతో ప్రభవించెను ఆ రేయి,M Prasanna kumar,,Christmas,,Telugu,2023-12-24,https://waytochurch.com/lyrics/song/27601,802,915
27602,Aa Madhya Raathrilo bethlehemu puramulo,ఆ మధ్య రాత్రిలో బేత్లెహేము పురములో,Medidi Prasanna kumar,,Christmas,,Telugu,2023-12-24,https://waytochurch.com/lyrics/song/27602,658,810
27603,Mary thelusa ni kumaarudu,మేరీ తెలుసా నీ కుమారుడు,,,Christmas,,Telugu,2023-12-25,https://waytochurch.com/lyrics/song/27603,765,862
27606,Nuuthanaparachumu mamu nadipinchumu,నూతనపరచుము మము నడిపించుము,Prabhod Kumar Adusumilli,,Christmas,,Telugu,2023-12-28,https://waytochurch.com/lyrics/song/27606,555,753
27607,Janminchea yeasayya naa loonaa,జన్నించే యేసయ్య నా లోనా,Jyothi Manohar,,Christmas,,Telugu,2023-12-28,https://waytochurch.com/lyrics/song/27607,531,769
27612,Nannerigina Devudavu,నన్ను ఎరిగిన దేవుడవు,"Dr  Paul Dhinakaran, Evangeline Dhinakara , Daniel Davidson",,ChristmasGods Love,,Telugu,2023-12-28,https://waytochurch.com/lyrics/song/27612,351,564
27613,Sambaramaascharyaalatho bhoomi oopiri bigabatteney,సంబరమాశ్చర్యాలతో భూమి ఊపిరి బిగబట్టెనే,"Dr Shalem Raj, Azuba Daniel kalyanapu",Sandhadi 6,Christmas,,Telugu,2023-12-29,https://waytochurch.com/lyrics/song/27613,1014,1291
27614,Ninu sthuthiyinchi ganaparachi,నిన్ను స్తుతియించి ఘనపరచి,,,Thanks Giving,,Telugu,2023-12-29,https://waytochurch.com/lyrics/song/27614,1388,0
27615,Naa thodugaa neevu nee needalo nenu,నా తోడుగ నీవు నీ నీడలో నేను,"Pastor Anand Jaykumar from Hosanna Ministries, Nellore",,Christmas,,Telugu,2023-12-30,https://waytochurch.com/lyrics/song/27615,401,511
27619,Nanu yedabaayaka padipooneeyaka podiginchithivi naa jeevamu,నను ఎడబాయక పడిపోనీయక పొడిగించితివి నా జీవము,A R Stevenson,,Praise Worship,,Telugu,2024-01-01,https://waytochurch.com/lyrics/song/27619,577,766
27620,Naakai dheenunigaa bhuviki vachinaavayaa,నాకై ధీనునిగా భువికి వచ్చినావయా,Pastor Vinod Kumar,,Praise Worship,,Telugu,2024-01-01,https://waytochurch.com/lyrics/song/27620,1218,1508
27621,Dhevuni aanandam ninu kammunu,దేవుని ఆనందం నిను కమ్మును,Ps  John Jebaraj  | Concept: Dr  Paul Dhinakaran,"JESUS Calls Ministries , Music: Isaac D , Vocals - Dr. Paul Dhinakaran, Samuel Dhinakaran, Stella Ramola, Daniel Davidson, Sreshta karmoji, Pr Susanna Gedda, Br Samy Pachigala m,Akshaya, Br Hanok",New Year,,Telugu,2024-01-01,https://waytochurch.com/lyrics/song/27621,815,984
27622,Dinamulu gaduchuchundagaa nee melutho thrupthi parachithivi,దినములు గడుచుచుండగా నీ మేలుతో తృప్తిపరచితివి,Tony Bandela,Neevey Naa Jeevam,New Year,,Telugu,2024-01-01,https://waytochurch.com/lyrics/song/27622,578,663
27623,Inthakaalam nee krupaloo,ఇంతకాలం నీ కృపలో,Sampath Kareti,Singer -Lillian Christopher,New Year,,Telugu,2024-01-01,https://waytochurch.com/lyrics/song/27623,568,717
27628,Neeve neeve neeve maa praanam,నీవే నీవే నీవే మా ప్రాణం,Joshua Shaik,"Vocals : Haricharan, Sawai Bhatt",Praise Worship,,Telugu,2024-01-02,https://waytochurch.com/lyrics/song/27628,660,859
27629,Anni veallalandu mammu kaapaadu deavaa,అన్ని వేళలందు మమ్ము కాపాడు దేవా,Pastor John Wesley,Vocals: Dr John Wesly & Mrs Blessie Wesly,New Year,,Telugu,2024-01-02,https://waytochurch.com/lyrics/song/27629,510,650
27637,Sandhadi 6,సందడి 6,"Dr Shalem Raj, Azuba Daniel kalyanapu",Sandhadi 6,Christmas,,Telugu,2024-01-02,https://waytochurch.com/lyrics/song/27637,1020,1278
27638,Naa sannidhi neeku thoduga undunu chettuku manchu vale,నా సన్నిధి నీకు తోడుగ ఉండును చెట్టుకు మంచు వలె,sister Sharon Praveen,Calvary Pastor Praveen,Gods Love,,Telugu,2024-01-04,https://waytochurch.com/lyrics/song/27638,781,820
27639,Nee krupatho nimpina naa jeevitham,నీ కృపతో నింపిన నా జీవితం…,"Pr William Carey , Esther",Noah Ministries - Tenali,Gods Love,,Telugu,2024-01-04,https://waytochurch.com/lyrics/song/27639,607,742
27640,Nannu inthagaa preminchina naa yesu raajaa,నన్ను ఇంతగా ప్రేమించిన నా యేసు రాజా,Sister Krupa Jeba,Hosanna Pentecostal Faith Ministries,New Year,,Telugu,2024-01-05,https://waytochurch.com/lyrics/song/27640,792,987
27643,Oohakandhanantha Unnatham,ఊహకందనంత ఉన్నతం నాపట్ల,Dr A R Stevenson,Calvary Pastor Praveen,Gods Love,,Telugu,2024-01-06,https://waytochurch.com/lyrics/song/27643,527,0
27645,yuddha veerulam parishuddha pourulam,యుద్ధ వీరులం పరిశుద్ధ పౌరులం,,,,,TELUGU,2024-01-06,https://waytochurch.com/lyrics/song/27645,1067,1327
27646,Aagadhu naa payanam siyonu cherakundaa,ఆగదు నా పయనం సీయోను చేరకుండా,Pastor Jafanya Sastry,,,,Telugu,2024-01-06,https://waytochurch.com/lyrics/song/27646,647,784
27648,Mahoopakaaryamulu ennoo cheysina mahoonnthudaa naa yesayya,మహోపకార్యములు ఎన్నో చేసిన మహోన్నతుడా నాయేసయ్య,John Wesley Pakalapati,,,,Telugu,2024-01-11,https://waytochurch.com/lyrics/song/27648,547,660
27649,ayyaa vandanaalu ayyaa vandanaalu,అయ్యా వందనాలు అయ్యా వందనాలు,,,,,TELUGU,2024-01-11,https://waytochurch.com/lyrics/song/27649,429,529
27650,Phaliyinchuta nerpayya naa yesayyaa,పల్లవి ఫలియించుట నేర్పయ్య నా యేసయ్యా,Pas  Daniel Raj,,,,Telugu,2024-01-12,https://waytochurch.com/lyrics/song/27650,619,669
27653,Yehovaa naa devaa nee dhayalo kaayumaa,యెహోవా నా దేవా నీ దయలో కాయుమా,P James,,,,Telugu,2024-01-13,https://waytochurch.com/lyrics/song/27653,558,691
27654,Maruvalenayaa nee madhurapremanu mahoopakaari,మరువలేనయా నీ మధురప్రేమను మహోపకారి,Chandra Mohan,,,,Telugu,2024-01-13,https://waytochurch.com/lyrics/song/27654,500,588
27655,Pathi udhayamu nee krupapondhi,ప్రతి ఉదయము నీ కృపపొంది,Pastor Paul Praveen,,,,Telugu,2024-01-13,https://waytochurch.com/lyrics/song/27655,416,541
27660,Kunukavu Nidurapovu,కునుకవవూ నిధురపోవూ,Pastor Jyothi Raju,,Praise Worship,,Telugu,2024-01-16,https://waytochurch.com/lyrics/song/27660,806,604
27662,Neelone anandham naa deva,నీలోనే ఆనందం నా దేవా నీలోనే నాకు జీవం,Bharat Mandru,Velpula Evan Mark Ronald,Praise Worship,,Telugu,2024-01-23,https://waytochurch.com/lyrics/song/27662,456,877
27663,Ne namme nammakamu eppatiki neeve,నే నమ్మే నమ్మకము ఎప్పటికి నీవే,Benny Joshua,,,,Telugu,2024-01-23,https://waytochurch.com/lyrics/song/27663,442,549
27664,Kaapaadunu nannu kaapaadunu,కాపాడును నన్ను కాపాడును,Mohan C Lazarus,,,,Telugu,2024-01-23,https://waytochurch.com/lyrics/song/27664,488,599
27665,Andam soundaryam sirisampadhalu,అందం సౌందర్యం సిరిసంపదలు,Ch Shiva,,,,Telugu,2024-01-23,https://waytochurch.com/lyrics/song/27665,770,930
27667,Prathi dhinamu noothana vaathsalyam choope yesayya,ప్రతి దినము నూతన వాత్సల్యం చూపే యేసయ్య,P J Stephen Paul,,,,Telugu,2024-01-24,https://waytochurch.com/lyrics/song/27667,553,678
27668,aaraadhyudavu neeve prabhu,ఆరాధ్యుడవు నీవే ప్రభు,,,,,TELUGU,2024-01-29,https://waytochurch.com/lyrics/song/27668,596,745
27669,anni thelisina thalli mariyammaa,అన్ని తెలిసిన తల్లి మరియమ్మా,,,,,TELUGU,2024-01-29,https://waytochurch.com/lyrics/song/27669,1125,1364
27672,Veyyendloka yugamaina gadichindhi kshannamegaa,వేయ్యేండ్లొక యుగమైనా గడిచింది క్షణమేగా,Lazarus Prasanna Babu,2024 JAYASHALI SONGS,,,Telugu,2024-02-04,https://waytochurch.com/lyrics/song/27672,1010,1304
27673,Balulu arpinchutakante nee,బలులు అర్పించుటకంటే నీ,Amara Kumari,,,,Telugu,2024-02-05,https://waytochurch.com/lyrics/song/27673,541,623
27679,Vinare narularaa vinthaina dhevuni prema,వినరే నరులరా వింతైన దేవుని ప్రేమ…,Lazarus Prassana Babu,,,,Telugu,2024-02-06,https://waytochurch.com/lyrics/song/27679,941,1176
27680,Nanu kalugajesina vidhamu thalaposina,నను కలుగ జేసిన విధము తలపోసిన,A R Stevenson,,,,Telugu,2024-02-06,https://waytochurch.com/lyrics/song/27680,497,640
27683,Saathwikamunu kanaparachavalenu,సాత్వికమును కనపరచవలెను,A R Stevenson,,Gospel,,Telugu,2024-02-07,https://waytochurch.com/lyrics/song/27683,424,547
27687,inti peru Thallidhandrulevarainaa inti peredhi neekunnaa,తల్లితండ్రులెవరైనా ఇంటి పేరేది నీకున్నా,,,Gospel,,Telugu,2024-02-07,https://waytochurch.com/lyrics/song/27687,661,706
27691,Sarvonathuda vijayaveeruda,సర్వోన్నతుడ విజయవీరుడ,Pastor A Moses,,,,Telugu,2024-02-10,https://waytochurch.com/lyrics/song/27691,693,830
27692,Parishuddhudu athiparishuddhudu nannu nadupuchunna naa goppa dhevudu,పరిశుద్ధుడు అతిపరిశుద్ధుడు నన్ను నడుపుచున్న నా గొప్ప దేవుడు,Bishop Dr Daniel Paul,,,,Telugu,2024-02-10,https://waytochurch.com/lyrics/song/27692,449,551
27693,Chudaali ninne nenu yesayyaa,చూడాలి నిన్నే నేను యేసయ్యా,,,,,Telugu,2024-02-10,https://waytochurch.com/lyrics/song/27693,411,515
27694,Chaalayyaa chaalayyaa nee krupa chaalayyaa,చాలయ్యా చాలయ్యా నీ కృప చాలయ్యా,Amara Kumari,,,,Telugu,2024-02-10,https://waytochurch.com/lyrics/song/27694,516,663
27698,Kalyaana raagam saagindhi mangalavaadhyam mrogindhi,కళ్యాణరాగం సాగింది మంగళవాద్యం మ్రోగింది,A R Stevenson,,,,Telugu,2024-02-13,https://waytochurch.com/lyrics/song/27698,564,710
27704,Taragani nee prema virivigi naloo sirulukuripichene,తరగని నీ ప్రేమ విరివిగ నాలో సిరులుకురిపించెనే,Ps Subhakar Rao,,,,Telugu,2024-02-19,https://waytochurch.com/lyrics/song/27704,645,763
27707,Neelaa nenuntaanayyaa naalo nee vuntenayyaa,నీలా నేనుంటానయ్యా నాలో నీ వుంటేనయ్యా,Pastor J Kumar,,,,Telugu,2024-02-20,https://waytochurch.com/lyrics/song/27707,611,757
27708,deevinchaave samruddhigaa nee saakshigaa konasaagamani,దీవించావే సమృద్ధిగా నీ సాక్షిగా కొనసాగమని,,,,,TELUGU,2024-02-20,https://waytochurch.com/lyrics/song/27708,697,862
27709,Dheva dheva dheva dhivinunna dhevaa,దేవ దేవ దేవదివినున్న దేవా,Devadas Mungamuri,Srastha 3,,,Telugu,2024-02-20,https://waytochurch.com/lyrics/song/27709,417,530
27710,Ninnu nenu viduvannayya dhevaanannu dheevinchuvarakoo,నిన్ను నేను విడువనయ్య దేవా నన్ను దీవించువరకూ,Raja Mandru,,,,Telugu,2024-02-20,https://waytochurch.com/lyrics/song/27710,1118,1233
27712,Noothana Kriyalu cheyuchunnaavani neevu selaviyyagaa,నూతన క్రియలు చేయుచున్నావని నీవు సెలవియ్యగా,Pastor Praveen,,,,Telugu,2024-02-22,https://waytochurch.com/lyrics/song/27712,815,1020
27714,Yesaiah nee prema naaku Chaalaiah,యేసయ్యనీ ప్రేమ నాకు చాలయ్య,Bro D David,"Vocals: Vinay , Vikas",Gods Love,,Telugu,2024-02-24,https://waytochurch.com/lyrics/song/27714,708,0
27715,Preminchi nannu naa priya yesu,ప్రేమించి నన్ను నా ప్రియ యేసు,Joshua Shaik,,,,Telugu,2024-02-24,https://waytochurch.com/lyrics/song/27715,545,677
27716,Siluva veeruda suvartha yodhuda,సిలువ వీరుడా సువార్త యోధుడా,Dr  Issac Raj Alanka,,,,Telugu,2024-02-25,https://waytochurch.com/lyrics/song/27716,461,561
27717,Chethakaakapoyinaa phalithamemi thekunnaa,చేతకాక పోయినా ఫలితమేమి తేకున్నా,Pastor Jafanya Sastry,,,,Telugu,2024-02-25,https://waytochurch.com/lyrics/song/27717,462,573
27718,Ennenno melulatho nanu dheevinchaavu,ఎన్నెనో మేలులతో నను దీవించావు,Sayaram Gattu,,,,Telugu,2024-02-25,https://waytochurch.com/lyrics/song/27718,665,824
27720,Oh krottha paatapaadi naa yesayya edhuta,ఓ క్రొత్త పాటపాడి నా యేసయ్య ఎదుట,Daniel M,,,,Telugu,2024-03-02,https://waytochurch.com/lyrics/song/27720,555,692
27725,Amruthamu nee prema abhisakthudaa,అమృతము నీ ప్రేమ అభిశక్తుడా,"Keerthana , Samkeertha",,,,Telugu,2024-03-08,https://waytochurch.com/lyrics/song/27725,636,792
27728,Siluvalo vrelaade nee korake,సిలువలో వ్రేలాడే నీ కొరకే,Hosanna Ministries featuring Bro  Yesanna,,,,Telugu,2024-03-09,https://waytochurch.com/lyrics/song/27728,376,459
27729,Sthuthi sthrotham yesayya,స్తుతి స్తోత్రం యేసయ్య,Hosanna Ministries featuring Pastor Freddy Paul,,,,Telugu,2024-03-09,https://waytochurch.com/lyrics/song/27729,1174,1443
27730,Manchi snehithudu manchi snehithudu,మంచి స్నేహితుడు మంచి స్నేహితుడు,Suresh Vanguri,,,,Telugu,2024-03-09,https://waytochurch.com/lyrics/song/27730,374,478
27731,Parimala thailam neeve,పరిమళతైలం నీవే,Hosanna Ministries featuring Pastor John Wesley,,,,Telugu,2024-03-09,https://waytochurch.com/lyrics/song/27731,708,898
27732,Neeve sraavya sadhanamu,నీవే శ్రావ్యసదనము,Hosanna Ministries,,,,Telugu,2024-03-09,https://waytochurch.com/lyrics/song/27732,670,868
27733,Neeke naa sthuthi maalika,నీకేగా నా స్తుతిమాలిక,Hosanna Ministries featuring Pastor Ramesh,,,,Telugu,2024-03-09,https://waytochurch.com/lyrics/song/27733,708,950
27734,Karunaasaagara yesayya,కరుణాసాగర యేసయ్యా,Hosanna Ministries featuring Pastor Abraham,,,,Telugu,2024-03-09,https://waytochurch.com/lyrics/song/27734,363,459
27735,Ontari vela naaku thodai nilichaavu,ఒంటరి వేళ నాకు తోడై నిలిచావు,,,,,Telugu,2024-03-09,https://waytochurch.com/lyrics/song/27735,410,515
27738,Naa praaname neevaina vela nee thalapule madhilo medhilene,నా ప్రాణమే నీవైన వేళ నీ తలపులె మదిలో మెదిలెనే,Prabhavathi Ramesh,,,,Telugu,2024-03-19,https://waytochurch.com/lyrics/song/27738,486,596
27743,Neelone labhimchindi jeevam,నీలోనే లభించింది జీవం,A R Stevenson,,,,Telugu,2024-03-20,https://waytochurch.com/lyrics/song/27743,588,729
27744,Nee krupa naaku aadhaaramai,నీ కృప నాకు ఆధారమై,Edurumondi John Chakravarthi,,Gods Love,,Telugu,2024-03-20,https://waytochurch.com/lyrics/song/27744,515,684
27745,Ennallu Ennallu ee parugulu,ఎన్నాళ్ళు ఎన్నాళ్ళు ఈ పరుగులు,Joel Kodali,,,,Telugu,2024-03-20,https://waytochurch.com/lyrics/song/27745,588,721
27752,Kaluvari premanu kanugonavela,కలువరి ప్రేమను కనుగొనవేల,A R Stevenson,,,,Telugu,2024-03-27,https://waytochurch.com/lyrics/song/27752,247,323
27757,Bhayamelaa oh sodharaa dhigulela oh sodhari,భయమేలా ఓ సోదరా దిగులేల ఓ సోదరి,Pastor Ratna Babu,,,,Telugu,2024-04-12,https://waytochurch.com/lyrics/song/27757,475,604
27761,Neeve Deva,నీవే దేవా,John Vittney kalavala,,Thanks Giving,,Telugu,2024-04-13,https://waytochurch.com/lyrics/song/27761,975,1147
27762,Sthothra geethamulu yehovaaku paadedham,స్తోత్రగీతములు యెహోవాకు పాడెదం,Jeevan Wesley Olesu,,Praise Worship,,Telugu,2024-05-05,https://waytochurch.com/lyrics/song/27762,645,780
27766,Ninne ne nammukunnanu,నిన్నే నే నమ్ముకున్నాను,Paul Moses featuring Asha Ashirwadh,,,,Telugu,2024-06-16,https://waytochurch.com/lyrics/song/27766,369,420
27767,Nee swarame vinnaa nee mamathe kannaa,నీ స్వరమే విన్నా నీ మమతే కన్నా,Joshua Shaik,,Gods Love,,Telugu,2024-06-16,https://waytochurch.com/lyrics/song/27767,453,582
27769,Saranamu neeve yesayya naa aadhaaramainaavayyaa,శరణము నీవే యేసయ్య నా ఆధారమైనావయ్యా,John Reinhard Blessy,,,,Telugu,2024-07-28,https://waytochurch.com/lyrics/song/27769,582,732
27770,Kantipaapalaa kaachinaavayyaa,కంటిపాపలా కాచినావయ్యా,Kranthi Chepuri,,,,Telugu,2024-07-28,https://waytochurch.com/lyrics/song/27770,1099,1381
27773,Neevu naa thodu unnaavayyaa,నీవు నా తోడు ఉన్నావయ్యా,Father Deva,,,,Telugu,2024-08-09,https://waytochurch.com/lyrics/song/27773,477,586
27775,Neevanti vaaru naaku evaru lerayya,నీ వంటి వారు నాకు ఎవరు లేరయ్య,Mohan C Lazarus,,,,Telugu,2024-08-08,https://waytochurch.com/lyrics/song/27775,212,254
27778,Akshayamainadhi yesuni rakthamu,అక్షయ మైనది యేసుని రక్తము,Jasper Kunapo,,,,Telugu,2024-08-10,https://waytochurch.com/lyrics/song/27778,645,783
27779,Aadhainchumayyaa aadhukonevaadaa,ఆదరించుమయ్యా ఆదుకొనేవాడా,Dr P Satish Kumar,,,,Telugu,2024-08-22,https://waytochurch.com/lyrics/song/27779,441,531
27780,Raava yesu deva neeve naa varamuga,రావా యేసుదేవా నీవే నా వరముగ,Joshua Shaik,,,,Telugu,2024-08-22,https://waytochurch.com/lyrics/song/27780,629,779
27781,Madhuramu yesuni naamamu,మధురము యేసుని నామము,Jasper Kunapo,,,,Telugu,2024-07-31,https://waytochurch.com/lyrics/song/27781,442,533
27782,Ninne namminaa nee sannidhi cherinaa,నిన్నే నమ్మినా నీ సన్నిధి చేరినా,Dr P Satish Kumar,,,,Telugu,2024-07-31,https://waytochurch.com/lyrics/song/27782,362,417
27783,Nee vasamoudhunu swaadheenamoudhunu,నీ వశమౌదును స్వాధీనమౌదును,"Pastor T Jafanya Sastry, Visakhapatnam",,,,Telugu,2024-07-31,https://waytochurch.com/lyrics/song/27783,320,403
27784,Neelanti Dhaivam evaru viswamuna lene leru,నీలాంటి దైవం ఎవరు విశ్వమున లేనేలేరు,Pastor Raj Prakash Paul,,,,Telugu,2024-08-02,https://waytochurch.com/lyrics/song/27784,666,892
27790,Oohinchani kaaryamulu choochedhanu,ఊహించని కార్యములు చూచెదను,Pastor Vinod Kumar,,,,Telugu,2024-08-24,https://waytochurch.com/lyrics/song/27790,726,924
27791,Aaraadhanaku yogyudaa neeve maa sthuthula sthothraahudaa,ఆరాధనకు యోగ్యుడా నీవే మా స్తుతుల స్తోత్రార్హుడా,Prudhvi Raj,,,,Telugu,2024-08-24,https://waytochurch.com/lyrics/song/27791,559,704
27794,Nee dhayalo ne jeevinthunu,నీ దయలో నే జీవింతును,"Pastor Sammy Thangiah , Pastor Paul Thangiah featuring Benji PK, Sudheer Daniel , Jyotsna",,,,Telugu,2024-09-16,https://waytochurch.com/lyrics/song/27794,336,418
27797,Neeve aasa neeve swaasa neevegaa athisreshtudaa,నీవే ఆశ నీవే శ్వాస నీవేగా అతిశ్రేష్ఠుడా,Joshua Shaik,,,,Telugu,2024-09-19,https://waytochurch.com/lyrics/song/27797,554,699
27798,Nee sannidhi naatho ventarani,నీ సన్నిధి నాతో వెంటరాని నీ ఆత్మ నాలో,M S Suneeth Vardhan,,,,Telugu,2024-09-19,https://waytochurch.com/lyrics/song/27798,364,457
27799,Dhuramayyaanani dhaari thappanani padipoyaananee ‌,దూరమయ్యాననీ దారి తప్పాననిపడిపోయాననీ,Sis  Prasanna Bold,,,,Telugu,2024-09-19,https://waytochurch.com/lyrics/song/27799,468,592
27801,Nindalalo nispruhalo,నిందలలో నిస్పృహలో,Kiran Paul,,,,Telugu,2024-09-24,https://waytochurch.com/lyrics/song/27801,809,1050
27803,,లివింగ్ హోప్ తెలుగు,,,,,TELUGU,2024-09-27,https://waytochurch.com/lyrics/song/27803,959,1188
27804,,పాపిగ నను చూడలేక,,,,,TELUGU,2024-09-27,https://waytochurch.com/lyrics/song/27804,887,1089
27805,,ఈస్టర్ మెడ్లీ,,,,,TELUGU,2024-09-27,https://waytochurch.com/lyrics/song/27805,1661,2008
27960,Sundaruda Athishayudaa,సుందరుడా… అతిశయుడా,,,,,Telugu,2024-09-28,https://waytochurch.com/lyrics/song/27960,712,0
27961,Siluvalo naa kosamu baliyaina naa yesayya,సిలువలో నా కోసము బలియైన నా యేసయ్య,Raja Mandru,,,,Telugu,2024-09-28,https://waytochurch.com/lyrics/song/27961,353,404
27962,Sarva sakthimanthudu advithiyadhevudu,సర్వశక్తిమంతుడు అద్వితీయదేవుడు,Bro Philip Gariki,Ashatheera,,,Telugu,2024-09-28,https://waytochurch.com/lyrics/song/27962,342,425
27963,Siyonu kumari prakaarama nadi pravaahamu valenu,సీయోను కుమారి ప్రాకారమ నది ప్రవాహము వలెను,Anne Deborah K Mohanty,Prema Anudinamu,,,Telugu,2024-09-28,https://waytochurch.com/lyrics/song/27963,287,319
27964,Snehithudu Prana priyudu Ithade naa priya snehithudu,స్నేహితుడు ప్రాణ ప్రియుడు ఇతడే నా ప్రియ స్నేహితుడు,,Andhra Christava Vujeeva Keerthanalu (Vol. 1),,,Telugu,2024-09-28,https://waytochurch.com/lyrics/song/27964,407,472
27965,Sannidhi sanidhiye,సన్నిధి సన్నిధియే,"Pastor Sammy Thangiah, John Jebaraj , Derrick Samuel",,,,Telugu,2024-09-28,https://waytochurch.com/lyrics/song/27965,394,459
27966,Siddhapadudhaam Siddhapadudhaam,సిద్ధపడుదాం సిద్ధపడుదాం,"Sharon Sisters, Bro Philip Gariki",Nee Raajyam,,,Telugu,2024-09-28,https://waytochurch.com/lyrics/song/27966,426,532
27967,Sadaakaalamu Neetho Nenu,సదాకాలము నీతో నేను జీవించెదను యేసయ్య,Pastor Timothy,,,,Telugu,2024-09-28,https://waytochurch.com/lyrics/song/27967,289,351
27968,Sthothram stuthi sthothram mahima ghanatha neeke,స్తోత్రం స్తుతి స్తోత్రం మహిమ ఘనత నీకే,,,,,Telugu,2024-09-28,https://waytochurch.com/lyrics/song/27968,431,537
27969,Sajeevudaina vaarini meerela mruthulalo vedakuchunnaaru,సజీవుడైన వారిని మీరేల మృతులలో వెదకుచున్నారు,Anne Deborah K Mohanty,Prema Anudinamu,,,Telugu,2024-09-28,https://waytochurch.com/lyrics/song/27969,589,726
27970,Sagam lokam sagam sangham,సగం లోకం సగం సంఘం,K Y Ratnam,,,,Telugu,2024-09-28,https://waytochurch.com/lyrics/song/27970,610,769
27971,Sambaraalu santhoshaalu,సంబరాలు సంతోషాలు,Joshua Shaik,,,,Telugu,2024-09-28,https://waytochurch.com/lyrics/song/27971,706,829
27972,Santhosha sambaraaluro,సంతోష సంబరాలురో,Joshua Gariki,,,,Telugu,2024-09-28,https://waytochurch.com/lyrics/song/27972,445,526
27973,Shaalemu raajaa shaanthiki raajaa,షాలేము రాజా శాంతికి రాజా,Philip Gariki,Premaku Prathiroopam Yesayye,,,Telugu,2024-09-28,https://waytochurch.com/lyrics/song/27973,472,574
27974,Subhadinam ee dinam,శుభదినం ఈ దినం,Shoba Rani,,,,Telugu,2024-09-28,https://waytochurch.com/lyrics/song/27974,315,403
27975,Saswathamainadi ennadu maaranidhi,శాశ్వతమైనది ఎన్నడు మారనిది,"Bro P Sunith , Bro Bobby Jeevan",,,,Telugu,2024-09-28,https://waytochurch.com/lyrics/song/27975,545,668
27976,Sreemanthudaa sreekarunda sree yesu raajaa,శ్రీమంతుడా శ్రీకరుండ శ్రీ యేసు రాజా,Praveen VB,,,,Telugu,2024-09-28,https://waytochurch.com/lyrics/song/27976,778,1006
27977,Srama kaliginaa bhayapadaku,శ్రమ కలిగినా భయపడకు,A R Stevenson,Neevu Lekapothe,,,Telugu,2024-09-28,https://waytochurch.com/lyrics/song/27977,583,696
27978,Seethakaalamlo sri yesuni subhavaartha,శీతకాలంలో శ్రీ యేసుని శుభవార్త,JD Cyril Babu,,,,Telugu,2024-09-28,https://waytochurch.com/lyrics/song/27978,663,853
27979,Sathakoti vandhanaalu yesu swami neeku,శతకోటి వందనాలు యేసు స్వామి నీకు,Samuel Karmoji,,,,Telugu,2024-09-28,https://waytochurch.com/lyrics/song/27979,476,604
27980,Velpulalovna Nivanti Devudu,వేల్పులలోన నీవంటి దేవుడు,,,,,Telugu,2024-09-28,https://waytochurch.com/lyrics/song/27980,2010,0
27981,Vedhana tholaginchu vadu yese,వేదన తొలగించువాడు యేసే,Joel Kodali,Lerevaru,,,Telugu,2024-09-28,https://waytochurch.com/lyrics/song/27981,890,1098
27982,Vijaya Seeludaa Naa Yesayya,విజయశీలుడా నా యేసయ్యా,,,,,Telugu,2024-09-28,https://waytochurch.com/lyrics/song/27982,1876,0
27983,Vachaadu maharaju mari manakosame andagaa thodugaa,వచ్చాడు మహారాజు మరి మనకోసమే అండగా తోడుగా,Sangeetha Rao,,,,Telugu,2024-09-28,https://waytochurch.com/lyrics/song/27983,580,698
27984,Vaakyamey Shareeradhari ayye,వాక్యమే శరీరధారి అయ్యె,Elohim Music,,,,Telugu,2024-09-28,https://waytochurch.com/lyrics/song/27984,1131,1373
27985,Lokaaniki aanandame,లోకానికి ఆనందమే,Philip Gariki,,,,Telugu,2024-09-28,https://waytochurch.com/lyrics/song/27985,416,475
27986,Lokaanaa unnadi okade devudu,లోకానా ఉన్నది ఒకడే దేవుడు,Joel Kodali,Lerevaru,,,Telugu,2024-09-28,https://waytochurch.com/lyrics/song/27986,1102,1393
27987,Lekkimpa sakyamu kaavu devaa ne kaaryamulu,లెక్కింప శక్యము కావు దేవా నీ కార్యములు,Heaven Babu,,,,Telugu,2024-09-28,https://waytochurch.com/lyrics/song/27987,493,611
27988,Raaraju puttinaadu nedu ilalo,రారాజు పుట్టినడు నేడు ఇలలో,Bro  Sayaram Gattu,,,,Telugu,2024-09-28,https://waytochurch.com/lyrics/song/27988,635,792
27989,Raajula raaju puttaadandi,రాజుల రాజు పుట్టాడండి,Manoj David,,,,Telugu,2024-09-28,https://waytochurch.com/lyrics/song/27989,556,697
27990,Yehovaa raaphaa swasthaparachu devaa,యేహోవా రాఫా స్వస్థపరచు దేవా,Bro Jyothi Raju,,,,Telugu,2024-09-28,https://waytochurch.com/lyrics/song/27990,346,451
27991,Yehovah maa deva sarvaloka dhaivamaa,యెహోవా మా దేవ సర్వలోక దైవమా,Pastor Samuel Finny Pachigalla featuring Samy Pachigalla,,,,Telugu,2024-09-28,https://waytochurch.com/lyrics/song/27991,341,430
27992,Yeasu vaipu choochuchu,యేసు వైపు చూచుచు,Joel Kodali,Lerevaru,,,Telugu,2024-09-28,https://waytochurch.com/lyrics/song/27992,263,334
27993,Yesu leni jeevitham ela gadapanu,యేసు లేని జీవితం ఏల గడపను,Gabriel Shama,,,,Telugu,2024-09-28,https://waytochurch.com/lyrics/song/27993,494,578
27994,Yesu rakthamu shuddhi chesey rakthamu,యేసు రక్తము శుద్ధి చేసే రక్తము,Pastor Sunder,,,,Telugu,2024-09-28,https://waytochurch.com/lyrics/song/27994,251,302
27995,Yesayye premaku prathiroopamu,యేసయ్యే ప్రేమకు ప్రతిరూపం,Sharon Philip,,,,Telugu,2024-09-28,https://waytochurch.com/lyrics/song/27995,435,519
27996,Yesayya neeve aasrayapuramu,యేసయ్య నీవే ఆశ్రయపురము,Apostle Yanamala Isaac,,,,Telugu,2024-09-28,https://waytochurch.com/lyrics/song/27996,533,657
27997,Yesayya Ninne Sevinthunu,యేసయ్య నిన్నే సేవింతును,John Vittney Kalavala,,,,Telugu,2024-09-28,https://waytochurch.com/lyrics/song/27997,452,531
27998,Yesayyaa naakantu evarulerayyaa,యేసయ్యా నాకంటూ ఎవరులేరయ్యా,David Sindo,,,,Telugu,2024-09-28,https://waytochurch.com/lyrics/song/27998,351,412
27999,Yesey naaku samasthamu,యేసే నాకు సమస్తము,,,,,Telugu,2024-09-28,https://waytochurch.com/lyrics/song/27999,365,434
28000,Yaahweh Raaphah Elohim Sheddai Yire Adoonaai Kanabarachunu,యావెహ్ రాఫ ఎలోహిం షడ్డాయ్ యీరె అదోనాయ్ కనపరచును,,,,,Telugu,2024-09-28,https://waytochurch.com/lyrics/song/28000,591,0
28001,Ye roopamu leni nannu pindamunai ne unna,యే రూపము లేని నన్ను పిండమునై నే ఉన్నా,Uday Kanthi Shanmukha,,,,Telugu,2024-09-28,https://waytochurch.com/lyrics/song/28001,510,844
28002,Muttedan ninu muttedan,ముట్టెదన్ నిను ముట్టెదన్,Anne Deborah K Mohanty,Prema Anudinamu,,,Telugu,2024-09-28,https://waytochurch.com/lyrics/song/28002,889,1024
28003,Munduku saagedhanu,ముందుకు సాగెదను,Raja Mandru,,,,Telugu,2024-09-28,https://waytochurch.com/lyrics/song/28003,388,484
28004,Mahimaku paathrudavu ghanathaku arhudavu,మహిమకు పాత్రుడవు ఘనతకు అర్హుడవు,Charles Dany Premson,,,,Telugu,2024-09-28,https://waytochurch.com/lyrics/song/28004,581,712
28005,Manasunu munchetthe ee soundaryam,మనసును ముంచెత్తె ఈ సౌందర్యం,Rajesh Tatapudi,,,,Telugu,2024-09-28,https://waytochurch.com/lyrics/song/28005,564,667
28006,Manishini praanamgaa preminchina devudu,మనిషిని ప్రాణంగా ప్రేమించిన దేవుడు,Dr P Satish Kumar,,,,Telugu,2024-09-28,https://waytochurch.com/lyrics/song/28006,349,420
28007,Mandhira mandhuna cherinaanu,మందిరమందున చేరినాను,A J Emmanuel,Prasthuthi,,,Telugu,2024-09-28,https://waytochurch.com/lyrics/song/28007,426,533
28008,Maa ooru maa veedhi,మా ఊరు మా వీధి,Eileen Sharon,,,,Telugu,2024-09-28,https://waytochurch.com/lyrics/song/28008,287,366
28009,Praardhinchu neevu praardhinchu,ప్రార్ధించు నీవు ప్రార్ధించు,Joshua Jessi,,,,Telugu,2024-09-28,https://waytochurch.com/lyrics/song/28009,542,656
28010,Prema Mayuda Naa Yesayya,ప్రేమమయుడా నా యేసయ్యా,,,,,Telugu,2024-09-28,https://waytochurch.com/lyrics/song/28010,2296,0
28011,Prema gala thandri krupa gala prabhuva sthuti mahimalu neeke,ప్రేమగల తండ్రి క్రుపగల ప్రభువ స్తుతిమహిమలు నీకే,Anne Deborah K Mohanty,Prema Anudinamu,,,Telugu,2024-09-28,https://waytochurch.com/lyrics/song/28011,341,412
28012,Premantu edhaina unte yesele adhi yesele,ప్రేమంటూ ఏదైనా ఉంటే యేసేలే అది యేసేలే,Jonah Samuel,,,,Telugu,2024-09-28,https://waytochurch.com/lyrics/song/28012,769,907
28013,Prabhu aathma naalo nindiporlinappudu,ప్రభు ఆత్మ నాలో నిండిపొర్లినప్పుడు,,Pastor V Shanti Kiran,,,Telugu,2024-09-28,https://waytochurch.com/lyrics/song/28013,372,455
28014,Prakasinchenu Oh divya thaara,ప్రకాశించెను ఓ దివ్య తార,"Bro P Sunith , Bro Bobby Jeevan",,,,Telugu,2024-09-28,https://waytochurch.com/lyrics/song/28014,747,922
28015,Paapaanni Pogotti Syaapaani Naa Sarvam Yesayya,పాపాన్ని పోగొట్టి శాపాన్ని,,,,,Telugu,2024-09-28,https://waytochurch.com/lyrics/song/28015,1957,0
28016,Poddhuguke bethlemulo,పొద్దుగూకె బెత్లేములో,"Kiran Kumar , Priya Arif",,,,Telugu,2024-09-28,https://waytochurch.com/lyrics/song/28016,1026,1220
28017,Nuthanamaina krupa nava nuthanamaina krupa,నూతనమైన కృప నవ నూతనమైన కృప,Hosanna Ministries featuring Pastor John Wesley,,,,Telugu,2024-09-28,https://waytochurch.com/lyrics/song/28017,1001,1348
28018,Nuvivvakunte edhi ledayya,నువివ్వకుంటే ఏది లేదయ్యా,M V Ratnam,,,,Telugu,2024-09-28,https://waytochurch.com/lyrics/song/28018,438,538
28019,Neevuleni Kshanamaina,నీవులేని క్షణమైనా,,,,,Telugu,2024-09-28,https://waytochurch.com/lyrics/song/28019,1516,0
28020,,నీవు లేని బ్రతుకును ఊహించలేను,Fr Dr C Babu Raj (Germany),,,,Telugu,2024-09-28,https://waytochurch.com/lyrics/song/28020,385,0
28021,Neevantivaaru leru,నీవంటివారు లేరు,"Pastor Sanjeev Kumar featuring Vandana Kilimi, Rajesh Yelsatti, Jermiah John Sunith",,,,Telugu,2024-09-28,https://waytochurch.com/lyrics/song/28021,385,491
28022,Neepai velugu virajille samvatsaram,నీపై వెలుగు విరజిల్లే సంవత్సరం,sister Sharon Praveen,,,,Telugu,2024-09-28,https://waytochurch.com/lyrics/song/28022,802,994
28023,Ninupolina vaarevaru,నినుపోలిన వారెవరు,Benny Joshua,,,,Telugu,2024-09-28,https://waytochurch.com/lyrics/song/28023,471,567
28024,Nenu nadiche darulalo na thodu neevundaga,నేను నడిచే దారులలో నా తోడు నీవుండగా,Gyan Swaroop,,,,Telugu,2024-09-28,https://waytochurch.com/lyrics/song/28024,302,381
28025,Ninu asheervadhinthunu,నిను ఆశీర్వదింతును,"Daniel Davidson , Stella Ramola",,,,Telugu,2024-09-28,https://waytochurch.com/lyrics/song/28025,453,545
28026,Nenellappudu yehovanu sannuthinchedhanu,నేనెల్లప్పుడు యెహోవాను సన్నుతించెదను,Dr P Satish Kumar,,,,Telugu,2024-09-28,https://waytochurch.com/lyrics/song/28026,393,504
28027,Ninupolina Varevaru,నిన్ను పోలిన వారెవరు,,,,,Telugu,2024-09-28,https://waytochurch.com/lyrics/song/28027,909,0
28028,Ninnu kolicheda raavayya naa yesanna,నిన్ను కొలిచెద రావయ్యా నా యేసన్నా,Devadas Mungamuri,Srastha-2,,,Telugu,2024-09-28,https://waytochurch.com/lyrics/song/28028,345,417
28029,Nenentha dhanyudano priyudaa yesayya,నేనెంత ధన్యుడనో ప్రియుడా యేసయ్య,Pastor Akshay,,,,Telugu,2024-09-28,https://waytochurch.com/lyrics/song/28029,619,798
28030,Neethodu chaalayya naa balamu neevayyaa,నీతోడు చాలయ్య నా బలము నీవయ్యా,John Zechariah,,,,Telugu,2024-09-28,https://waytochurch.com/lyrics/song/28030,510,661
28031,Needanu polinaa dhinamulu tharuguchunnavi,నీడను పోలి నా దినములు తరుగుచున్నవి,Vijay Prasad Reddy,,,,Telugu,2024-09-28,https://waytochurch.com/lyrics/song/28031,1119,1378
28032,Nedaina nijamaina rakshakuni cherumaa,నేడైనా నిజమైన రక్షకుని చేరుమా,A R Stevenson,,,,Telugu,2024-09-28,https://waytochurch.com/lyrics/song/28032,403,514
28033,Nee snehamu nanu manishini chesindhi,నీ స్నేహము నను మనిషిని చేసింది,Jesus Chanan featuring Bro Prakash,,,,Telugu,2024-09-28,https://waytochurch.com/lyrics/song/28033,692,862
28034,Nee mandhiraanaa nenundiponaa,నీ మందిరానా నేనుండిపోనా,Dr  K Wilson,,,,Telugu,2024-09-28,https://waytochurch.com/lyrics/song/28034,170,220
28035,Nee premanu nee karunanu,నీ ప్రేమను నీ కరుణను,Joel Kodali,Lerevaru,,,Telugu,2024-09-28,https://waytochurch.com/lyrics/song/28035,461,566
28036,Naa nireekshana neelo undagaa,నా నిరీక్షణ నీలో ఉండగా,"B Ezra Sastri , Nirmala Sastri",,,,Telugu,2024-09-28,https://waytochurch.com/lyrics/song/28036,354,433
28037,Naa dhaaguchotu neeve yesayyaa,నా దాగుచోటు నీవే యేసయ్యా,Hosanna Ministries,Na Hrudaya Saaradhi (31st Album by Hosanna Ministries),,,Telugu,2024-09-28,https://waytochurch.com/lyrics/song/28037,497,639
28038,Na jeevithamu ne maata thone aarambhinchedan,నా జీవితము నీ మాటతోనే ఆరంభించెదన్,John Vittney Kalavala,,,,Telugu,2024-09-28,https://waytochurch.com/lyrics/song/28038,438,538
28039,,నా జీవితానికి యజమానుడా,"John J, Fire Gospel Ministries",,,,Telugu,2024-09-28,https://waytochurch.com/lyrics/song/28039,426,0
28040,Naa gaanam neevayya naa hrudayapu pilupu neeve deva,నా గానం నీవయ్య నా హృదయపు పిలుపు నీవె దేవ,Anne Deborah K Mohanty,Prema Anudinamu,,,Telugu,2024-09-28,https://waytochurch.com/lyrics/song/28040,482,612
28041,Nee kantipaapavale nannu kaachutaku,నీ కంటి పాపవలె నన్ను కాచుటకు,Joel Kodali,,,,Telugu,2024-09-28,https://waytochurch.com/lyrics/song/28041,707,792
28042,Naa adugulu sthiraparachi,నా అడుగులు స్థిరపరచి,Ch Suresh,,,,Telugu,2024-09-28,https://waytochurch.com/lyrics/song/28042,400,478
28043,Desama na desama desama bhaartha desama,దేశమా నా దేశమా దేశమా భారత దేశమా,Abhishek Devadas,,,,Telugu,2024-09-28,https://waytochurch.com/lyrics/song/28043,1112,1298
28044,Devaloka mahimanthaa bhuvi paiki thechaadu,దేవలోక మహిమనంతా భువిపైకి తెచ్చాడు,A R Stevenson,,,,Telugu,2024-09-28,https://waytochurch.com/lyrics/song/28044,631,769
28045,Daiva istame gaalike undi thelusunaa,దైవ ఇష్టమే గాలికే ఉంది తెలుసునా…,,,,,Telugu,2024-09-28,https://waytochurch.com/lyrics/song/28045,1297,1565
28046,Dheenudaa ajeyudaa aadharana kiranamaa,దీనుడా అజేయుడా ఆధరణ కిరణమా,Na Hrudaya Saaradhi - Hosanna Ministries Telugu Christian Album Lyrics,Na Hrudaya Saaradhi - Hosanna Ministries Telugu Christian Album Lyrics,,,Telugu,2024-09-28,https://waytochurch.com/lyrics/song/28046,852,1118
28047,Dhigivachenu maraninchutakai,దిగివచ్చెను మరణించుటకై,Joel Kodali,Lerevaru,,,Telugu,2024-09-28,https://waytochurch.com/lyrics/song/28047,517,635
28048,Tharinchiponi nee premalone,తరించిపోని నీ ప్రేమలోనే,Father Johnson Chettur,,,,Telugu,2024-09-28,https://waytochurch.com/lyrics/song/28048,415,531
28049,Thaara velisenu choodu aakasamlona,తార వెలిసెను చూడు ఆకాశంలోన,Asha Ashirwadh,,,,Telugu,2024-09-28,https://waytochurch.com/lyrics/song/28049,604,703
28050,Thandri thanayuni bhoomiki pampina ee vela shubavela,తండ్రి తనయుని భూమికి పంపిన ఈ వేళ శుభవేళ,Davidson Gajulavarthi,,,,Telugu,2024-09-28,https://waytochurch.com/lyrics/song/28050,651,820
28051,Jeevadaatha sthuthipaathrudaa,జీవదాత స్తుతిపాత్రుడా,Joshua Shaik,,,,Telugu,2024-09-28,https://waytochurch.com/lyrics/song/28051,847,994
28052,Jeevitha naava nadupumu deva,జీవిత నావ నడుపుము దేవ,A J Emmanuel,Prasthuthi,,,Telugu,2024-09-28,https://waytochurch.com/lyrics/song/28052,487,588
28053,Jola prabhu yesu odilona jola,జోలా ప్రభు యేసయ్య ఒడిలోన జోల,John Kunapo,,,,Telugu,2024-09-28,https://waytochurch.com/lyrics/song/28053,503,619
28054,Jayamu praardhana jayamu,జయము ప్రార్ధన జయము,Raja Mandru,,,,Telugu,2024-09-28,https://waytochurch.com/lyrics/song/28054,448,521
28055,Jyothirmayuni jananam sarvalokaaniki,జ్యోతిర్మయుని జననం సర్వలోకానికి,Param Jyothi Gummalla,Neethi Suryudu Na Yesaiah,,,Telugu,2024-09-28,https://waytochurch.com/lyrics/song/28055,527,666
28056,Gnaapakam cheasukoa yesayyaa,జ్ఞాపకం చేసుకో యేసయ్యా,Rev Pandu PremKumar,,,,Telugu,2024-09-28,https://waytochurch.com/lyrics/song/28056,390,464
28057,Chirakaala snehithuda na hrudhayaala sannihithuda,చిరకాల స్నేహితుడా నా హృదయాల సన్నిహితుడా,"Sharon Sisters, Bro Philip Gariki",Chirakaala Sneham,,,Telugu,2024-09-28,https://waytochurch.com/lyrics/song/28057,512,603
28058,Cheri Jeevinchudi,చేరి జీవించుడి,Devadas Mungamuri,Srastha 2,,,Telugu,2024-09-28,https://waytochurch.com/lyrics/song/28058,512,653
28059,Gathakaalam anthaa kaachaavu nee krupalo,గతకాలం అంతా కాచావు నీ కృపలో,Simha Kopparthi (Moses),,,,Telugu,2024-09-28,https://waytochurch.com/lyrics/song/28059,654,803
28060,Krupa Chuputalo Mahadaiswaryudaa,కృప చూపుటలో మహాదైశ్వర్యుడా,,,,,Telugu,2024-09-28,https://waytochurch.com/lyrics/song/28060,1856,0
28061,Kaliseti andhaala anubhandhame,కలిసేటి అందాల అనుబంధమే,Joshua Shaik,,,,Telugu,2024-09-28,https://waytochurch.com/lyrics/song/28061,595,742
28062,Kaligiyunna samasthamu needenayya,కలిగియున్న సమస్తము నీదేనయ్యా,Bro Sudheer Nelaturi,,,,Telugu,2024-09-28,https://waytochurch.com/lyrics/song/28062,439,579
28063,Kaachithivi gathakaalam,కాచితివి గతకాలం,Nazaresh,,,,Telugu,2024-09-28,https://waytochurch.com/lyrics/song/28063,428,523
28064,Kondalathattu kannuletthi choosaanu yesayya,కొండలతట్టు కన్నులెత్తి చూసాను యేసయ్యా,Dr  Victor Rampogu,,,,Telugu,2024-09-28,https://waytochurch.com/lyrics/song/28064,719,866
28065,Okamaata chaalu thandri,ఒకమాట చాలు తండ్రీ,Kollabathula Ruben,,,,Telugu,2024-09-28,https://waytochurch.com/lyrics/song/28065,352,443
28066,Okkate aasa jeevitha abhilaasha,ఒక్కటే ఆశ జీవిత అభిలాష,Samuel Karmoji,Yesu Na Oopiri,,,Telugu,2024-09-28,https://waytochurch.com/lyrics/song/28066,575,714
28067,Okka punya kaaryamuche maanavuniki krupaadaanamey,ఒక్క పుణ్య కార్యముచే మానవునికి క్రుపాదానమే,Anne Deborah K Mohanty,Prema Anudinamu,,,Telugu,2024-09-28,https://waytochurch.com/lyrics/song/28067,422,494
28068,Ontari payanamlo evaru lekunnaa,ఒంటరి పయనంలో ఎవరు లేకున్నా,Pastor Shadrak,,,,Telugu,2024-09-28,https://waytochurch.com/lyrics/song/28068,494,619
28069,Yepaati daananayaa nannintaga hechchinchutaku,ఏపాటిదాననయా నన్నింతగ హెచ్చించుటకు,Pastor D  Chrisostam,Sarvonnatha,,,Telugu,2024-09-28,https://waytochurch.com/lyrics/song/28069,582,717
28070,Edho aasha naalo neethone jeevinchani,ఏదో ఆశ నాలో నీతోనే జీవించనీ,Pastor Ramesh,,,,Telugu,2024-09-28,https://waytochurch.com/lyrics/song/28070,466,592
28071,Ey reethigaa ninnu sthuthinchagalanu,ఏ రీతిగా నిన్ను స్తుతించగలను,Pastor Ravindra Donepati,,,,Telugu,2024-09-28,https://waytochurch.com/lyrics/song/28071,1128,1364
28072,Ye reethiga kolichedha nee premalo nilichedha,ఏ రీతిగా కొలిచెద నీ ప్రేమలో నిలిచెద,Joshua Shaik,,,,Telugu,2024-09-28,https://waytochurch.com/lyrics/song/28072,665,852
28073,Yerugani reethigaa,ఎరుగని రీతిగా,Gottipaati Yesu Das,Prema Swaroopi,,,Telugu,2024-09-28,https://waytochurch.com/lyrics/song/28073,284,369
28074,Endhuko Nanninthaga Preminchinaavani,ఎందుకో నన్నింతగా ప్రేమించినావని,,,,,Telugu,2024-09-28,https://waytochurch.com/lyrics/song/28074,2140,0
28075,Entha kaalamo ee loka aasalapai dhyaasa,ఎంత కాలమో ఈ లోక ఆశలపై ధ్యాస,Pastor Ramesh,,,,Telugu,2024-09-28,https://waytochurch.com/lyrics/song/28075,518,677
28076,Oohinchalenu nee premanu naa ooha chaaladhaya,ఊహించలేను నీ ప్రేమను నా ఊహ చాలదయ,Sampath Kareti,,,,Telugu,2024-09-28,https://waytochurch.com/lyrics/song/28076,526,678
28077,Unnaanayaa nenunnaanayya,ఉన్నానయా నేనున్నానయ్యా,"Sister Nissy Paul, wife of Bro Paul Emmanuel",,,,Telugu,2024-09-28,https://waytochurch.com/lyrics/song/28077,468,589
28078,Unnathudaa athyunnathudaa,ఉన్నతుడా అత్యున్నతుడా,Bro Paul Emmanuel,,,,Telugu,2024-09-28,https://waytochurch.com/lyrics/song/28078,356,449
28079,Ee reyi challanidi,ఈ రేయి చల్లనిది,Dr  K  Wilson,,,,Telugu,2024-09-28,https://waytochurch.com/lyrics/song/28079,274,345
28080,Aanandhageethamu ne padedha christmas subhavelalo,ఆనందగీతం నే పాడెద క్రిస్మస్ శుభవేళలో,Suresh Nittala,,,,Telugu,2024-09-28,https://waytochurch.com/lyrics/song/28080,423,503
28081,Aanandamtho sandadi cheddam,ఆనందంతో సందడి చేద్దాం,Padaala Suresh Babu,,,,Telugu,2024-09-28,https://waytochurch.com/lyrics/song/28081,384,457
28082,Aanandam aarbhatame ilalo,ఆనందం ఆర్భాటమే ఇలలో,Hepsi Bhaskar,,,,Telugu,2024-09-28,https://waytochurch.com/lyrics/song/28082,432,509
28083,Aadiyu neeve anthamu neeve,ఆదియు నీవె అంతము నీవె,Joel Kodali,Rojantha,,,Telugu,2024-09-28,https://waytochurch.com/lyrics/song/28083,292,356
28084,Alasitivaa prabhuu mokarinchitivaa,అలసితివా ప్రభు మోకరించితివా,Josely Komanapalli,Samasthamu Saadhyame,,,Telugu,2024-09-28,https://waytochurch.com/lyrics/song/28084,346,411
28085,Ammanu minchina preme needhayya,అమ్మను మించిన ప్రేమే నీదయ్యా,Samuel Karmoji,,,,Telugu,2024-09-28,https://waytochurch.com/lyrics/song/28085,437,542
28086,Anudinamu noothanamuga vaatsalyatha neeku kalugunu,అనుదినము నూతనముగా వాత్సల్యత నీకు కలుగును,Anne Deborah K Mohanty,Prema Anudinamu,,,Telugu,2024-09-28,https://waytochurch.com/lyrics/song/28086,288,335
28087,Adbhutha vijayam manade manade yesuni naamamlo,అద్భుత విజయం మనదే మనదే యేసుని నామంలో,P J Stephen Paul,Ashatheera,,,Telugu,2024-09-28,https://waytochurch.com/lyrics/song/28087,432,545
28088,Athyunnatha Simhaasanamu pai Aasieenudavyana dhevaa,అత్యున్నత సింహాసనముపై ఆశీనుడవైన నా దేవా,Dr  Darla Amshumathi Mary,Athyunnatha Simhasanam,,,Telugu,2024-09-28,https://waytochurch.com/lyrics/song/28088,520,628
28089,Adavi pushpama santhoshinchuma kasturi pushpama ullasinchuma,అడవి పుష్పమా సంతోషించుమా కస్తురీ పుష్పమా ఉల్లసించుమా,Anne Deborah K Mohanty,Prema Anudinamu,,,Telugu,2024-09-28,https://waytochurch.com/lyrics/song/28089,383,444
28090,Andhaala chinni gootilona puttina pichukanu,అందాల చిన్ని గూటిలోన పుట్టిన పిచ్చుకను,Sreshta Karmoji,,,,Telugu,2024-09-28,https://waytochurch.com/lyrics/song/28090,541,625
28477,Hrudayamaa na hrudayamaa,హృదయమా న హృదయమా,Smt  Jayaleela Yesu Ratnam,,,,Telugu,2024-09-28,https://waytochurch.com/lyrics/song/28477,343,425
28478,Santhoshamey Na Yesunilo,సంతోషమే నా యేసునిలో,Davidson Gajulavarthi,,,,Telugu,2024-09-28,https://waytochurch.com/lyrics/song/28478,552,673
28502,Nanna Yesuve Nanna Yesuve,,,,,,Telugu,2024-09-28,https://waytochurch.com/lyrics/song/28502,663,0
28504,Yella Maghimegu Ganathegu,,,,,,Telugu,2024-09-28,https://waytochurch.com/lyrics/song/28504,868,0
28508,Na Yesayya Nee Krupaye,నాయేసయ్య నీ కృప యే చాలయ్య,,,,,Telugu,2024-09-28,https://waytochurch.com/lyrics/song/28508,1503,0
28513,Yessappa Neenandhre Nanna Ghishta,,,,,,Telugu,2024-09-28,https://waytochurch.com/lyrics/song/28513,575,0
28517,Sugali Madhyalo,,,,,,Telugu,2024-09-28,https://waytochurch.com/lyrics/song/28517,557,0
28532,manchivada manchivada,మంచివాడా మంచివాడా,,,Gods Love,,Telugu,2024-09-28,https://waytochurch.com/lyrics/song/28532,549,680
28546,Samudhrava Vibajisi Nadesuve Nee,,,,,,Telugu,2024-09-28,https://waytochurch.com/lyrics/song/28546,678,0
28561,OOhakandananta Vunnatam naa pat,ఊహకందనంత ఉన్నతం నాపట్ల,-,,,,Telugu,2024-09-28,https://waytochurch.com/lyrics/song/28561,544,686
28580,Yesayya janminchea ee nea,యేసయ్య జన్మించే ఈ నేలపై,-,,Christmas,,Telugu,2024-09-28,https://waytochurch.com/lyrics/song/28580,526,650
28623,Yesu ninnu ne sthuthiyinchuta,యేసు నిన్ను నే స్తుతియించుట,Joel Kodali,,Thanks Giving,,Telugu,2024-10-04,https://waytochurch.com/lyrics/song/28623,592,740
28624,Neeve naaku thandrivani neeve naa dhevudani,నీవే నాకు తండ్రివని నీవే నా దేవుడని,Aronkumar Nakrekanti,,Gods Love,,Telugu,2024-10-04,https://waytochurch.com/lyrics/song/28624,437,521
28627,Raajula raaju puttenu bethelehemulo,రాజుల రాజు పుట్టెను బేత్లహేములో,Shyam Joseph,,Christmas,,Telugu,2024-11-11,https://waytochurch.com/lyrics/song/28627,597,733
28628,Bangaaramu veedhulunna nagaramulona,బంగారము వీధులున్న నగరములోన,Sayaram Gattu,,Gospel,,Telugu,2024-11-11,https://waytochurch.com/lyrics/song/28628,553,697
28631,Christmas Subhavelalo mana andhari hrudhayaalalo,క్రిస్మస్ శుభవేళలో మన అందరి హృదయాలలో,Suresh Nittala,,Christmas,,Telugu,2024-11-16,https://waytochurch.com/lyrics/song/28631,663,845
28632,Idi Ascharyame,ఇది ఆశ్చర్యమే,Ps  Philip Gariki,"Sharon sisters, Music: Dr. JK Christopher",Christmas,,Telugu,2024-11-16,https://waytochurch.com/lyrics/song/28632,698,748
28634,Yadabayani nee krupa,ఎడబాయని నీ కృప,Pastor Mathews,"Krupa Ministries, Music: Dr. JK Christopher",Gods Love,,Telugu,2024-11-17,https://waytochurch.com/lyrics/song/28634,624,797
28636,Ebinesare Ebinejaru,ఎబినేజరే other version,John Jebaraj,,Praise Worship,,Telugu,2024-11-24,https://waytochurch.com/lyrics/song/28636,716,816
28641,Yela Ela,ఎలా ఇలా,Ashakiran pallikonda,Music : Anand Piano Lover,Christmas,,Telugu,2024-11-29,https://waytochurch.com/lyrics/song/28641,568,658
28643,Merise ningilo merise o thaara,మెరిసే నింగిలో మెరిసే ఓ తార,Dr. Visranth Christian,,Christmas,,Telugu,2024-11-29,https://waytochurch.com/lyrics/song/28643,520,649
28644,Devude maanavunigaa janminchenu,దేవుడే మానవునిగా జన్మించెను,"Late Dr. Joseph Moses K, Founder & Director, Gospel Torch Charitable Mission",,Christmas,,Telugu,2024-11-29,https://waytochurch.com/lyrics/song/28644,496,574
28645,Aakaasa veedhilo oka thaara velisindhi,ఆకాశవీధిలో ఒక తార వెలిసింది,Kishore Babu Thappeta,,Christmas,,Telugu,2024-11-29,https://waytochurch.com/lyrics/song/28645,572,741
28656,Emmanuel natho vunna Vaada,ఇమ్మానుఎల్ నాతొ వున్న వాడ,Rev Paul Thangaiah,"Vocals: Sammy Thangiah, David Parla",Christmas,,Telugu,2024-12-02,https://waytochurch.com/lyrics/song/28656,401,488
28659,maha devuda mahonnathuda,మహాదేవుడా మహోన్నతుడా మహాఘనుడా,Dr Negala Joshua,Muisc: Pranam Kamalakar,Praise Worship,,Telugu,2024-12-02,https://waytochurch.com/lyrics/song/28659,659,0
28661,Jagamantha Sambarame 2,జగమంతా సంబరమే 2,DAVIDSON GAJULAVARTHI,,Christmas,,Telugu,2024-12-06,https://waytochurch.com/lyrics/song/28661,521,0
28669,Naa Devudu Goppavadu,నా దేవుడు గొప్పవాడు ఏదైనా చెయ్యగలడు,M. Vinod Kumar,Jesus My Only Hope,Faith,,Telugu,2024-12-28,https://waytochurch.com/lyrics/song/28669,1457,0
28677,Kruthagnatha Yemi chesi ne Runamu Theerthumayya,కృతజ్ఞత ఏమి చేసి నీ రుణము తీర్తుమయ్య,Bro Subhash Raj T,Music : Sudhasreenivasp,Praise Worship,,Telugu,2025-01-03,https://waytochurch.com/lyrics/song/28677,1495,1741
28687,CHESEVANNI ADBHUTHALE,చేసేవన్నీ అద్భుతాలే మరువలేను నీదు మేలే,Samuel Karmoji,Music: Jonah Samuel,Praise Worship,,Telugu,2025-01-06,https://waytochurch.com/lyrics/song/28687,591,0
28738,Etthaina Konda Paina Ekaanthamuga Cheri,ఎత్తైన కొండపైన,,,,,TELUGU,2025-01-10,https://waytochurch.com/lyrics/song/28738,353,413
29499,Adigadigo Oka Yuddham,అదిగదిగో ఒక యుద్ధం,,,Sunday School,,TELUGU,2025-01-14,https://waytochurch.com/lyrics/song/29499,308,363
29501,Evariki evaru ee lokamulo,ఎవరికి ఎవరు ఈ లోకములో,Bharat Mandru,,,,Telugu,2025-01-30,https://waytochurch.com/lyrics/song/29501,434,539
29504,Parishudhuda paripoornuda,పరిశుద్ధుడా పరిపూర్ణుడా,Dr Jayapaul,,,,Telugu,2025-03-04,https://waytochurch.com/lyrics/song/29504,971,1188
29506,Sukumaruda jagamulanele paripalaka,సుకుమారుడా జగములనేలే పరిపాలక,Ps Abraham,Hosanna Ministries,Praise Worship,,Telugu,2025-03-06,https://waytochurch.com/lyrics/song/29506,636,0
29508,Ashrayuda Naa Yesayya,ఆశ్రయుడా నా యేసయ్య,Ps Ramesh,Hosanna Ministries,Praise Worship,,Telugu,2025-03-10,https://waytochurch.com/lyrics/song/29508,902,0
29530,Yesayya naa praanamaa ghanamaina stutigaanamaa,యేసయ్యా నా ప్రాణమా ఘనమైన స్తుతిగానమా,Hosanna Ministries featuring Pastor Ramesh,,,,Telugu,2025-03-14,https://waytochurch.com/lyrics/song/29530,943,1176
29531,Parishudhudaa paripoornudaa,పరిశుద్దుడా పరిపూర్ణుడా,Daniel Muchumarri,,,,Telugu,2025-03-14,https://waytochurch.com/lyrics/song/29531,545,730
29535,Jeevamu Ga,జీవము గల దేవుని సంఘ,,,,,TELUGU,2025-03-16,https://waytochurch.com/lyrics/song/29535,742,903
29536,Jeevaadhipathivi Neeve Naa,జీవాధిపతివి నీవే నా,,,,,TELUGU,2025-03-16,https://waytochurch.com/lyrics/song/29536,452,543
29537,Jeevithamante Maata,జీవితమంటే మాటలు,,,,,TELUGU,2025-03-16,https://waytochurch.com/lyrics/song/29537,695,819
29538,Jeevithaanthamu Varaku Neeke,జీవితాంతము వరకు నీకే,,,,,TELUGU,2025-03-16,https://waytochurch.com/lyrics/song/29538,723,898
29539,Jeevinthu Nenu Ika Meedata,జీవింతు నేను ఇకమీదట,,,,,TELUGU,2025-03-16,https://waytochurch.com/lyrics/song/29539,679,803
29540,Jaaligala Daivamaa Yesayyaa,జాలిగల దైవమా యేసయ్యా,,,,,TELUGU,2025-03-16,https://waytochurch.com/lyrics/song/29540,466,566
29541,Siluva baruvaayena rudhiram dhaaralaayenaa,సిలువ బరువయెనా రుధిరం ధారలయేనా,Pastor Edurumondi John Chakravarthy,,,,Telugu,2025-04-15,https://waytochurch.com/lyrics/song/29541,405,507
29542,Jayinchuvaarini Konipova,జయించువారిని కొనిపోవ,,,,,TELUGU,2025-03-16,https://waytochurch.com/lyrics/song/29542,391,455
29543,Sharonu rojave naa prana snehame,షారోను రోజావే నా ప్రాణ స్నేహమే,"ANU SAMUEL,  Pastor Nirmal Elroi (Tamil)",,Praise Worship,,Telugu,2025-04-15,https://waytochurch.com/lyrics/song/29543,468,532
29544,Minnayaina prema chupina yesayya,మిన్నయైన ప్రేమ చూపిన యేసయ్యా,Prabhod Kumar Adusumilli,,,,Telugu,2025-04-15,https://waytochurch.com/lyrics/song/29544,607,703
29545,Janminche Janminche yessaiah pasuvula pakalona,జన్మించె జన్మించె యేసయ్యా పశువుల పాకలోనా,,,Christmas,,TELUGU,2025-03-16,https://waytochurch.com/lyrics/song/29545,706,839
29546,Janminche Janambu,జన్మించె జనంబులకు ఇమ్మానుయేల,,,Christmas,,TELUGU,2025-03-16,https://waytochurch.com/lyrics/song/29546,404,486
29547,Padana sthothra keerthana,పాడనా స్తోత్ర కీర్తన పాడనా హృదయాలపన,WCM Kiran Paul,,,,Telugu,2025-04-15,https://waytochurch.com/lyrics/song/29547,550,667
29548,Jagamulanele Shree Yesaa,జగములనేలే శ్రీ యేసా,,,Praise Worship,,TELUGU,2025-03-16,https://waytochurch.com/lyrics/song/29548,588,714
29549,Jai Jai Yesu Raajaa,జై జై యేసు రాజా,,,Praise Worship,,TELUGU,2025-03-16,https://waytochurch.com/lyrics/song/29549,765,933
29550,Jai Jai Jai Yesayyaa,జై జై జై యేసయ్యా,,,Christmas,,TELUGU,2025-03-16,https://waytochurch.com/lyrics/song/29550,521,595
29551,Ihaloka Paapi Koraku,ఇహలోక పాపి కొరక,,,,,TELUGU,2025-03-16,https://waytochurch.com/lyrics/song/29551,214,252
29552,Ishraaye,ఇశ్రాయేలు సైన్యములకు ముంద,,,Gods Love,,TELUGU,2025-03-16,https://waytochurch.com/lyrics/song/29552,458,539
29553,Ishraayelu Raajuve,ఇశ్రాయేలు రాజువే,,,,,TELUGU,2025-03-16,https://waytochurch.com/lyrics/song/29553,336,397
29554,Ishraayelu Devaa Naa,ఇశ్రాయేలు దేవా నా,,,,,TELUGU,2025-03-16,https://waytochurch.com/lyrics/song/29554,690,900
29555,Immaanuye,ఇమ్మానుయేలు దేవుడా,,,,,TELUGU,2025-03-16,https://waytochurch.com/lyrics/song/29555,304,364
29556,Innaallu Thodugaa Maatho,ఇన్నాళ్లు తోడుగా మాతో,,,,,TELUGU,2025-03-16,https://waytochurch.com/lyrics/song/29556,408,503
29557,Neeku kaligina korikakai,నీవు కలిగిన కోరికకై,Praveen Paul,,,,Telugu,2025-04-15,https://waytochurch.com/lyrics/song/29557,783,966
29558,Iddarokkatiga Maareti,ఇద్దరొక్కటిగ మారేటి,,,,,TELUGU,2025-03-16,https://waytochurch.com/lyrics/song/29558,623,770
29559,Idigo Nenuoka Noothana,ఇదిగో నేనొక నూతన,,,,,TELUGU,2025-03-16,https://waytochurch.com/lyrics/song/29559,795,931
29560,Inna yellaaga maatho undi nadipinchavayya,ఇన్నేళ్ళుగా మాతో ఉండి నడిపించవయ్యా,Sister Nissy Paul,,,,Telugu,2025-04-15,https://waytochurch.com/lyrics/song/29560,641,788
29561,Idi Shubhodayam,ఇది శుభోదయం,,,,,TELUGU,2025-03-16,https://waytochurch.com/lyrics/song/29561,332,398
29562,Idhe Naa Hrudhaya Vaanchana,ఇదే నా హృదయ వాంఛన,,,,,TELUGU,2025-03-16,https://waytochurch.com/lyrics/song/29562,818,1014
29563,Idhi Devuni Nirnayamu,ఇది దేవుని నిర్ణయము,,,,,TELUGU,2025-03-16,https://waytochurch.com/lyrics/song/29563,338,418
29564,Inthavaraku Neevu,ఇంతవరకు నీవు,,,,,TELUGU,2025-03-16,https://waytochurch.com/lyrics/song/29564,489,605
29566,Inti Meeda Nunna Ontari,ఇంటి మీద నున్న ఒంటరి,,,,,TELUGU,2025-03-16,https://waytochurch.com/lyrics/song/29566,432,527
29576,Neetho Unte Jeevitham,నీతో ఉంటే జీవితం,Raj Prakash paul,Worship conference,Praise Worship,,Telugu,2025-04-22,https://waytochurch.com/lyrics/song/29576,875,976
29577,Pindamunai nenu naa thalli gharbamuna,పిండమునై నేను నా తల్లి గర్భమున,Surya Teja,,,,Telugu,2025-04-22,https://waytochurch.com/lyrics/song/29577,391,489
29578,Nee raktam challindi O Devaa,నీ రక్తం చల్లింది ఓ దేవా,Raj Prakash Paul,,,,Telugu,2025-04-24,https://waytochurch.com/lyrics/song/29578,863,1051
29579,Ey reethigaa ninu paadedhanu,ఏ రీతిగా నిను పాడెదను నా ఆశ్రయదుర్గమా,Paul Moses,,,,Telugu,2025-04-24,https://waytochurch.com/lyrics/song/29579,401,502
29581,Samardhuda Naa Yesaya,సమర్థుడా నా యేసయ్య,Akshay Ezra Sastry Sonti,Nissy John,Gods Power,,Telugu,2025-05-03,https://waytochurch.com/lyrics/song/29581,1267,0
29583,Neevu Thodaiyundagaa Yesu Bhayamu Ledu Ilalo,నీవు తోడైయుండగా,,,,,TELUGU,2025-05-20,https://waytochurch.com/lyrics/song/29583,613,754
29584,Nee thyaagam naa viluvanu penchindhi,నీ త్యాగం నా విలువను పెంచింది,Pastor John Wesly,,,,Telugu,2025-05-20,https://waytochurch.com/lyrics/song/29584,503,619
29590,El Roi vai Nanu chudaga,ఎల్ రోయి వై నను చూడగా,Ps Nehemiah David,"Nehemiah David, Kathryn",Thanks Giving,,Telugu,2025-07-12,https://waytochurch.com/lyrics/song/29590,456,0
29595,Visheshamaina Krupa Naa Yedala Choopuchunnavaa Prabhuvaa,విశేషమైన కృప,,,,,TELUGU,2025-07-24,https://waytochurch.com/lyrics/song/29595,649,852
29596,Balavanthudaa dhanavanthudaa,బలవంతుడా ధనవంతుడా,A.R.Stevenson,,,,Telugu,2025-07-24,https://waytochurch.com/lyrics/song/29596,458,578
29597,Prathi udhayam nee krupanu,ప్రతి ఉదయం నీ కృపను,Daniel Surya Avula,,,,Telugu,2025-07-24,https://waytochurch.com/lyrics/song/29597,737,877
29598,Walk justly fill your heart with love,న్యాయముగా నడుచుకొని ప్రేమతొ హృదయము నింపుకొని,K.SatyaVeda Sagar,,,,Telugu,2025-07-24,https://waytochurch.com/lyrics/song/29598,774,904
29599,Pallavi,నీ కృప లేనిదే నీ దయ లేనిదే,Pastor. Samuel Nethala,,,,Telugu,2025-07-24,https://waytochurch.com/lyrics/song/29599,370,460
29600,Nee udaya kaantilo ne nadachivellada,నీ ఉదయ కాంతిలో నే నడచివెళ్ళెద,Lillian Christopher,,,,Telugu,2025-07-24,https://waytochurch.com/lyrics/song/29600,495,621
29601,Oo Oo Oo Oo Oo,దేవుడు చూస్తున్నాడు,,,,,Telugu,2025-07-24,https://waytochurch.com/lyrics/song/29601,1070,1218
29602,Tappipoyina gorrenu nenu,తప్పిపోయిన గొర్రెను నేను,Shyam Joseph,,,,Telugu,2025-07-24,https://waytochurch.com/lyrics/song/29602,354,417
29603,Jaalari jaalari jaalari jaalari jaalarivaa,జాలరి జాలరి జాలరి జాలరి జాలరివా యేసు జారి పోయిన వారి కోసం వచ్చేవా,Pastor B.Issac,,,,Telugu,2025-07-24,https://waytochurch.com/lyrics/song/29603,356,429
29605,Krupa Kaligina Vaadaa Neelo Nilichedanu,కృప కలిగిన వాడా నీలో నిలిచెదను,Bro.T.Vijayanand,,,,Telugu,2025-07-24,https://waytochurch.com/lyrics/song/29605,649,807
29606,Evaremanakuntunna nin aaradhistunna,ఎవరేమనుకుంటున్నా నిన్ ఆరాధిస్తున్న,Saahus Prince,,,,Telugu,2025-07-24,https://waytochurch.com/lyrics/song/29606,688,773
29607,Ela paadanu emi cheppanu,ఎలాపాడనూ ఏమిచెప్పనూ,,,,,Telugu,2025-07-24,https://waytochurch.com/lyrics/song/29607,640,971
29608,Pallavi,ఇదే కదా జీవితం నీ దరే సదా సాంత్వనం,Joshua Shaik,,,,Telugu,2025-07-24,https://waytochurch.com/lyrics/song/29608,629,807
29609,Athi Parishuddhudaa Sthuthi Naivedyamu,అతిపరిశుద్ధుడా స్తుతి నైవేద్యము,,,,,Telugu,2025-07-24,https://waytochurch.com/lyrics/song/29609,799,997
29651,Naa Baagaswamini Yeshua Jerusha,నా భాగస్వామిని,Joshi Ennam James & Prathima Ennam,,Marriage,,Telugu,2025-07-24,https://waytochurch.com/lyrics/song/29651,1155,1369
29657,Susadhyamega,సుసాధ్యమేగా,,,,,Telugu,2025-08-01,https://waytochurch.com/lyrics/song/29657,636,774
29658,Nee Sannidhi Chalu,మేఘస్తంభమైన సన్నిధిని రూపు మార్చగల సన్నిధిని,Evangelist Sam Prasad,,Prayer,,Telugu,2025-08-01,https://waytochurch.com/lyrics/song/29658,841,0
29659,Dhavala simhaasanam,ధవళ సింహాసనం,Prem Kodali,,,,Telugu,2025-08-01,https://waytochurch.com/lyrics/song/29659,318,413
29660,Gauravaneeyudaa Galileyavaada Yesayya ninnu ghanaparachedhanayya,గౌరవనీయుడా గలలీయవాడ యేసయ్య నిన్ను ఘనపరచెదనయ్య,John Sandeep,,,,Telugu,2025-08-01,https://waytochurch.com/lyrics/song/29660,371,489
29662,Evarunna lekunna naakemunna lekunna,ఎవరున్న లేకున్నా నాకేమున్నా లేకున్నా,M. Manoj Kumar,,,,Telugu,2025-08-01,https://waytochurch.com/lyrics/song/29662,484,606
29685,Sari Cheyumo Devaa,సరిచేయుమో దేవా,Kranthi Chepuri,Music : Hadlee Xavier,Gods Guidance,,Telugu,2025-08-11,https://waytochurch.com/lyrics/song/29685,488,583
29688,Sthiraparachuvaadavu Emaina cheyagalavu,స్థిరపరచువాడవు బలపరచువాడవు,Daniel Praneeth,,Praise Worship,,Telugu,2025-08-20,https://waytochurch.com/lyrics/song/29688,522,642
29698,Kruthagnatha sthrotharpanalu neeke chelinthunu,కృతజ్ఞత స్తోత్రార్పణలు నీకే చెల్లింతును,Suneeth Bobby,,Offering,,Telugu,2025-10-14,https://waytochurch.com/lyrics/song/29698,665,744
29699,antha nee krupa,శూన్యమై ఉన్న నన్ను నూటికి నూరుపాలు చేసి,Prakash Halmidi,,,,Telugu,2025-10-14,https://waytochurch.com/lyrics/song/29699,639,873
29705,Asamanudu avamanaparachadu ninnu,అసామానుడైన వాడు అవమానపరచడు నిన్ను,Pastor David Varma,,Gods Power,,Telugu,2025-10-14,https://waytochurch.com/lyrics/song/29705,921,1395
29709,Sthiraparachuvaadavu Balaparachuvaadavu,ఏమైనా చేయగలవు,,,,,Telugu,2025-10-14,https://waytochurch.com/lyrics/song/29709,532,665
29710,Adonai Suryodayamu Modhalokuni,సూర్యోదయము మొదలుకొని,,,,,Telugu,2025-10-14,https://waytochurch.com/lyrics/song/29710,1409,221
29716,kaaparivai nanu kachave,కాపరివై నన్ను కాచవే,Ameeth Evans,,,,Telugu,2025-10-14,https://waytochurch.com/lyrics/song/29716,772,1041
29720,Yese nee adharamu digulu chendaku,యేసే నీ ఆధారము దిగులు చెందకు,Anu Roy Samuel featuring Rufus Ganta,,,,Telugu,2025-10-14,https://waytochurch.com/lyrics/song/29720,670,804
29722,Nee Sannidhi anandhamu aadyanthamu,ఆనందము ఆద్యంతము,Kishore Kathula,,Praise Worship,,Telugu,2025-10-14,https://waytochurch.com/lyrics/song/29722,576,837
29723,Na Kosam Pranam Pettina,నా కోసం ప్రాణం పెట్టిన నా స్నేహితుడా,Pastor Paul Raju,,Gods Love,,Telugu,2025-10-14,https://waytochurch.com/lyrics/song/29723,406,527
29727,Swasthaparachu Devudu Sarva Shakthimanthudu,స్వస్థపరచు దేవుడు,,,,,Telugu,2025-10-14,https://waytochurch.com/lyrics/song/29727,979,1189
29729,Swasthaparachu Devudu Sarva Shaktimanthudu,స్వస్థపరచు దేవుడు సర్వ శక్తిమంతుడు,Kranthi Chepuri,,,,Telugu,2025-10-14,https://waytochurch.com/lyrics/song/29729,934,1126
29730,Meriseti taaralaa nanu veliginchu,మెరిసేటి తారలా నను వెలిగించు,"Joshua Shaik, Deva Prasad",,,,Telugu,2025-10-14,https://waytochurch.com/lyrics/song/29730,511,633
29732,Naa balamuga Kreesthu naakundaga,నా బలముగా క్రీస్తు నాకుండగా,Gersson Edinbaro,,,,Telugu,2025-10-14,https://waytochurch.com/lyrics/song/29732,510,591
29737,naa kosam,నాకోసం నీ ప్రాణం,Nathanael,,Gods Love,,Telugu,2025-10-14,https://waytochurch.com/lyrics/song/29737,414,654
29740,lokamloni premalanni sasvatham kaavu,లోకములోని ప్రేమలన్ని శాశ్వతం కావు,,,Gods Love,,Telugu,2025-10-14,https://waytochurch.com/lyrics/song/29740,800,0
29747,Aapatkalamuna tana parnashalalo,ఆపత్కాలమున తన పర్ణశాలలో,,,,,Telugu,2025-10-14,https://waytochurch.com/lyrics/song/29747,535,0
29752,,కన్నీటితో నేను కడిగెదను,,,,,Telugu,2025-11-04,https://waytochurch.com/lyrics/song/29752,389,0
29753,Ashaga unnadi,ఆశగా ఉన్నది,,,,,Telugu,2025-11-04,https://waytochurch.com/lyrics/song/29753,478,0
29758,,జగములలో నీవే మా ప్రభు,,,,,Telugu,2025-11-04,https://waytochurch.com/lyrics/song/29758,1016,0
29760,Yesayya naa Nireekshana,యేసయ్యా నా నిరీక్షణ ఆధారమా,,,,,Telugu,2025-11-04,https://waytochurch.com/lyrics/song/29760,283,0
29761,Deyyamaa,దెయ్యమా దెయ్యమంటే నీకేంటి భయమా,,,,,Telugu,2025-11-04,https://waytochurch.com/lyrics/song/29761,0,0
29769,Neetho Naduthumu Ninne Koluthumu,నీతో నడుతుము,,,,,Telugu,2025-11-04,https://waytochurch.com/lyrics/song/29769,568,682
29773,E reethi sthuthinthunu,ఏ రీతి స్తుతింతును,,,Thanks Giving,,Telugu,2025-11-05,https://waytochurch.com/lyrics/song/29773,738,0
29776,Abba ninne premisthuna,అబ్బా నిన్నే ప్రేమిస్తున్నా,,,,,Telugu,2025-11-13,https://waytochurch.com/lyrics/song/29776,496,0
29777,ascharyakaruda naa yesaiah,ఆశ్చర్యకరుడా నా యేసయ్యా,,,,,Telugu,2025-11-13,https://waytochurch.com/lyrics/song/29777,438,0
29781,Oohakandadayya Nee Karyamu,ఊహ కందదయ్యా నీ కార్యము,,,,,Telugu,2025-11-13,https://waytochurch.com/lyrics/song/29781,593,0
29786,,నీ ప్రేమ నాకు కావాలయ్యా,,,,,Telugu,2025-11-14,https://waytochurch.com/lyrics/song/29786,1143,0
29793,Nee Krupaye Naa Jeevithamu,నీ కృపయే నా జీవితము,Sirisha Grace,,Thanks Giving,,Telugu,2025-11-16,https://waytochurch.com/lyrics/song/29793,1350,0
29794,,ముందుకే వెళ్లెదను,,,,,Telugu,2025-11-16,https://waytochurch.com/lyrics/song/29794,492,0
29800,,తల్లి వడిలో పవలించె బిడ్డవలే,,,,,Telugu,2025-11-17,https://waytochurch.com/lyrics/song/29800,1290,0
29801,Doothalu Digivache,దూతలు దిగివచ్చే,,,,,Telugu,2025-11-17,https://waytochurch.com/lyrics/song/29801,421,0
29805,Nenaithe Nee Krupayandhu,నేనైతే నీకృపయందు,,,,,Telugu,2025-11-20,https://waytochurch.com/lyrics/song/29805,622,0
29808,Naa hrudayam neetho nindene,నా హృదయం నీతో నిండనే,,,,,Telugu,2025-11-21,https://waytochurch.com/lyrics/song/29808,1145,0
29809,abraham gari viswasam,అబ్రాహాము గారి విశ్వాసం,,,,,Telugu,2025-11-21,https://waytochurch.com/lyrics/song/29809,1036,0
29816,jeevahaaramu kreesthe kreesthe jeevadhipathi,జీవాహారము క్రీస్తే జీవాధిపతి శ్రీ యేసే,,,,,Telugu,2025-11-22,https://waytochurch.com/lyrics/song/29816,660,0
29822,raraju puttenu nigilo thara velisenu,రారాజు పుట్టెను నింగిలో తార వెలిసేను,PREM EVAN D,,Christmas,,Telugu,2025-11-22,https://waytochurch.com/lyrics/song/29822,1184,0
29823,NEEVU LEKA KSHANAMAINA,నీవు లేక క్షణమైనా నిలువ లేను,PREM EVAN D,,Praise Worship,,Telugu,2025-11-22,https://waytochurch.com/lyrics/song/29823,595,0
29828,anandhinchudi,ఆనందించుడి,,,,,Telugu,2025-11-25,https://waytochurch.com/lyrics/song/29828,323,0
29831,Santhosha Sambarame,క్రీస్తుజన్మించె నేడు కాంతి ఉదయించెనే,,,Christmas,,Telugu,2025-11-26,https://waytochurch.com/lyrics/song/29831,516,0
29832,Dharanilo Velasindu La,ధరణిలో వెలసినాడు,,,Christmas,,Telugu,2025-11-26,https://waytochurch.com/lyrics/song/29832,1319,0
29833,Parisaraana Sasyamantha Hymnal,కోత విస్తారమేగాని పనివారు కొద్దిగా ఉన్నారు,Translated : Kollkapu gopal Rao | Original Lyrics: O J Thompson,far and near feilds are teaming,Harvest,,Telugu,2025-11-26,https://waytochurch.com/lyrics/song/29833,325,0
29842,preme naa maargam dheva,ప్రేమే నా మార్గం దేవా,,,,,Telugu,2025-11-28,https://waytochurch.com/lyrics/song/29842,403,0
29846,thalli marachina thandri vidachina,తల్లి మరచిన తండ్రి విడచిన,,,Gods Love,,Telugu,2025-11-29,https://waytochurch.com/lyrics/song/29846,890,0
29847,STOTRARHUDA NA YESAYYA,స్తోత్రార్హుడా నా యేసయ్యా,,,,,Telugu,2025-11-29,https://waytochurch.com/lyrics/song/29847,847,0
29852,Karunathmude kadilochchade,కరుణాత్ముడే కదిలొచ్చాడే,,,Christmas,,Telugu,2025-11-29,https://waytochurch.com/lyrics/song/29852,693,0
29856,sarvalokana santhosham,సర్వలోకాన సంతోషమే,,SHARJAH UAE JLFGM,CHRISTMAS,,telugu,2025-12-08,https://waytochurch.com/lyrics/song/29856,948,0
29857,endamavule jeevanadhulai,ఎండమావులే జీవనదులై,,Shalem Cinemas,Praise Worship,,telugu,2025-12-08,https://waytochurch.com/lyrics/song/29857,1173,0
29860,kanikara poornuda na yesaiah,కనికర పూర్ణుడా నా యెసయ్యా,,Holy tunes Telugu,Praise Worship,,telugu,2025-12-09,https://waytochurch.com/lyrics/song/29860,1114,0
29875,,లోకమునకు వెలుగుగా 0,,MARANATHA TEMPLE KUNCHANAPALLI,CHRISTMAS,,telugu,2025-12-11,https://waytochurch.com/lyrics/song/29875,569,0
29876,Janminchenu Emmanuelu,జన్మించేను ఇమ్మానుయేలు,Ps.Divya David,Divya David,CHRISTMAS,,telugu,2025-12-11,https://waytochurch.com/lyrics/song/29876,708,783
29877,,దేవా మా కుటుంబము నీ సేవకే అంకితము,,Holy Hymns,Praise Worship,,telugu,2025-12-11,https://waytochurch.com/lyrics/song/29877,1195,0
29878,,నీవు లేని క్షణము,,Bro. Paul Govada,,,telugu,2025-12-11,https://waytochurch.com/lyrics/song/29878,1640,0
29879,Andhala bala yesu,అందాల బాల యేసు అందరికి వెలుగునిచ్చె,Traditional Telugu Christmas Church Song (Public Domain – Lyricist Unknown),waytoparadise worship,"Praise Worship, Christmas",,telugu,2025-12-11,https://waytochurch.com/lyrics/song/29879,0,0
29893,,చక్కనివాడమ్మ,Karipothu Veerraju,KARIPOTHU VEERRAJU,CHRISTMAS,,telugu,2025-12-16,https://waytochurch.com/lyrics/song/29893,964,0
29894,,యూదుల రాజుగ,,SHARJAH UAE JLFGM,,,telugu,2025-12-16,https://waytochurch.com/lyrics/song/29894,949,0
29895,,యేసు యేసు గొప్ప రాజు,,Living Bread,CHRISTMAS,,telugu,2025-12-16,https://waytochurch.com/lyrics/song/29895,1531,0
29907,vandhanalayya vandanalaya,వందనాలయ్యా వందనాలయ్యా,,Living in Christ,"Christmas, Thanks Giving, Thanks Giving",,telugu,2025-12-19,https://waytochurch.com/lyrics/song/29907,2202,0
29908,Nuthana samvatsaramulo naidoinchu prabhuva,నూతన సంవత్సరములో నడిపించుము ప్రభువా,Sis. Swaroopa Pradeep,waytoparadise worship,New Year,,telugu,2025-12-19,https://waytochurch.com/lyrics/song/29908,1798,0
29911,pravachana saramu prabavinchenu ilalona,ప్రవచేన సారము ప్రభవించెను ఇలలోన,,Singer sruthi,CHRISTMAS,,telugu,2025-12-20,https://waytochurch.com/lyrics/song/29911,866,0
29917,JALARI PANDUGA,జాలరి పండుగ,DR. R. SANTHI JYOTHI KUMAR,Samuel Karmoji,,,telugu,2025-12-22,https://waytochurch.com/lyrics/song/29917,2370,0
29918,,చేప కడుపులో యోనా,,grace studio,Praise Worship,,telugu,2025-12-22,https://waytochurch.com/lyrics/song/29918,946,0
29925,Viswadhipathi vani pogadi,విశ్వాధిపతివని పొగిడి శోధను వివరించెదను,BRO.PRAKASH GARU,JESUS CHANAN,Christmas,,telugu,2025-12-23,https://waytochurch.com/lyrics/song/29925,2362,0
29926,gathinchina kaalamantha,గతించిన కాలమంతా,BRO.CH.SIVA,Son Of God Songs Telugu,New Year,,telugu,2025-12-23,https://waytochurch.com/lyrics/song/29926,1783,0
29929,Yesu raju janminchinadu nee kosam,యేసు రాజు జన్మించినాడు నీకోసం,,Singer prabhu,CHRISTMAS,,telugu,2025-12-24,https://waytochurch.com/lyrics/song/29929,1520,0
29932,bhayamesthunchi yessaya,భయమేస్తుంది యేసయ్య భయానికి జవాబు యేసు,,AI JESUS SONGS,"Gods Guidance, Prayer",,telugu,2025-12-25,https://waytochurch.com/lyrics/song/29932,1072,0
29933,lokanike shubavartha,లోకానికే శుభవార్త,,Angel Grace Kavala Ministries,,,telugu,2025-12-25,https://waytochurch.com/lyrics/song/29933,1620,0
29934,neelanti prema evvaru chupaleru,నీలాంటి ప్రేమ ఎవరు చూపలేరు ​ ​,,Heaven Tune Worship,"Praise Worship, Gods Love",,telugu,2025-12-25,https://waytochurch.com/lyrics/song/29934,942,0
29935,aaradhananku arhuda,ఆరాధనకు అర్హుడు,Sis. Priscilla Robert,UNITED CHURCH OFFICIAL,Christmas,,telugu,2025-12-25,https://waytochurch.com/lyrics/song/29935,2052,0
29938,andukonuma swagatham,అందుకొనుమా స్వాగతం,,Nycil KK,Christmas,,telugu,2025-12-26,https://waytochurch.com/lyrics/song/29938,362,0
29939,dhevude yesu dhevude nazareyudaina yesu,దేవుడే యేసు దేవుడే నజరేయుడైన యేసు,,Living in Christ,Gospel,,telugu,2025-12-26,https://waytochurch.com/lyrics/song/29939,1093,0
29940,yesu kristhu prabhuvu andhariki prabhuvu,యేసు క్రీస్తు ప్రభువు అందరికీ ప్రభువు,,EVANGELIST UDAY PAUL,New Year,,telugu,2025-12-26,https://waytochurch.com/lyrics/song/29940,2036,0
29966,inthakaalam mammunu,ఇంతకాలం మమ్మును,Pastor Daniel Raju P,Daniel Raju P,New Year,,telugu,2025-12-29,https://waytochurch.com/lyrics/song/29966,1663,0
29971,NAA VIJAYA SAARADHI NEEVE,నా విజయ సారథి నీవే,,Emmanuel Ministries Hyderabad,New Year,,telugu,2025-12-30,https://waytochurch.com/lyrics/song/29971,1799,0
29972,nutan vatsar subhavelalo,నూతన వత్సర శుభవేళలో,,Telugu Christian Songs,New Year,,telugu,2025-12-30,https://waytochurch.com/lyrics/song/29972,429,0
29973,,ప్రభువా దృష్టించుము నాకు ఇబ్బంది కలిగెను,-,Petra Christian Music,,,telugu,2025-12-30,https://waytochurch.com/lyrics/song/29973,1043,0
29977,,ప్రేమస్వరూపుడా,,Bro. Paul Govada,New Year,,telugu,2025-12-31,https://waytochurch.com/lyrics/song/29977,2116,0
29978,,సార్వభౌముడా నా యేసయ్యా,,HOLY RUNNING MINISTRIES,Praise Worship,,telugu,2025-12-31,https://waytochurch.com/lyrics/song/29978,652,0
29979,vachindhi kotha samvacharam,వచ్చిందీ కొత్త సంవత్సరం,,Everlight Music Telugu,New Year,,telugu,2025-12-31,https://waytochurch.com/lyrics/song/29979,1307,0
29987,kruthagnatha sthuthulu neekenayya,కృతజ్ఞతస్తుతులు నీకేనయ్య,Kondapally Anand kumar,Kondapally yadagiri,Thanks Giving,,telugu,2026-01-01,https://waytochurch.com/lyrics/song/29987,1842,0
29988,AADHARANAKARTHA,నీ కన్నులు నన్ను చూచినవి యేసయ్యా,,Aadharanakartha Ministries Official,New Year,,telugu,2026-01-01,https://waytochurch.com/lyrics/song/29988,1637,0
29989,na sthiraadharudaina yessaya,నా స్థిరాధారుడా యేసయ్య,PS. John Halleluia Garu,HALLELUIA MINISTRIES OFFICIAL Mancha Elia Markapur,,,telugu,2026-01-01,https://waytochurch.com/lyrics/song/29989,1905,0
29990,,మరణమా జీవమా ఏది కోరుకుంది,,Kreesthu Sotthu Ministries,,,telugu,2026-01-01,https://waytochurch.com/lyrics/song/29990,817,0
29991,,నా దేవా నే నీతో ఉంటా ప్రతిక్షణం,,Kreesthu Sotthu Ministries,,,telugu,2026-01-01,https://waytochurch.com/lyrics/song/29991,1287,0
29992,,న్యాయాధిపతి ॥,,HOSANNA MINISTRIES OFFICIAL,New Year,,telugu,2026-01-01,https://waytochurch.com/lyrics/song/29992,1958,0
30002,yesayya naa rajadhiraja,యేసయ్యా నా రాజాధిరాజా,Kurinela Pavan,Worship Songs by Pavan,Praise Worship,,telugu,2026-01-03,https://waytochurch.com/lyrics/song/30002,946,0
30008,na gaanam neevaiah,నా గానం నీవయ్యా,,Living in Christ,Praise Worship,,telugu,2026-01-04,https://waytochurch.com/lyrics/song/30008,1056,0
30009,nee krupa lenidhe ne brathukagalana,నీ కృప లేనిదే నే బ్రతుకగలనా,Naresh Rapaka,Naresh Rapaka Official,,,telugu,2026-01-04,https://waytochurch.com/lyrics/song/30009,1646,0
30010,,అనుభవించే ప్రతి యివి,,Cdm Eliah,New Year,,telugu,2026-01-04,https://waytochurch.com/lyrics/song/30010,1835,0
30011,,ఆదరించే వారు లేక,,Brother Manoj Official,New Year,,telugu,2026-01-04,https://waytochurch.com/lyrics/song/30011,1462,0
30019,Yesu na sonthamai,యేసు నా సొంతమై,,KVS SONGS,,,telugu,2026-01-05,https://waytochurch.com/lyrics/song/30019,453,0
30024,,నా పక్షమందు,Pas.Ch.Kishore Babu Garu,KISHORE BABU VANUKURU,,,telugu,2026-01-09,https://waytochurch.com/lyrics/song/30024,1658,0
30025,nivu chesina upakaramulakai,నీవు చేసిన ఉపకారములకై,**Bro. Krupa Rao Garu**,waytoparadise worship,Praise Worship,,telugu,2026-01-09,https://waytochurch.com/lyrics/song/30025,1196,0
30054,,ప్రేమే జగతికి మూలం – యేసు క్రీస్తు ప్రేమ,,God's Revival Telugu,,,telugu,2026-01-16,https://waytochurch.com/lyrics/song/30054,457,0
30058,vacchestunnadu yesu vacchestunnadu,వచ్చేస్తున్నాడు యేసు వచ్చేస్తున్నాడు,,JOY WITH JESUS,Second Comming,,telugu,2026-01-17,https://waytochurch.com/lyrics/song/30058,1309,0
30066,,యేసు చెప్పెను నేనే మార్గము సత్యము జీవము,,JRR TELUGU CHRISTIAN SONGS,,,telugu,2026-01-26,https://waytochurch.com/lyrics/song/30066,373,0
30067,I Naresh Rapaka,నీ మాటే నాకు ప్రాణం,,Naresh Rapaka Official,,,telugu,2026-01-26,https://waytochurch.com/lyrics/song/30067,1096,0
30083,,స్తుతి కీర్తనలకు పాత్రుడైన,,"Beloveds Church, Fremont CA",,,telugu,2026-01-27,https://waytochurch.com/lyrics/song/30083,1262,0
30084,,పిలచిన వాడవు,BROTHER JOHN BANIAN { 90106 17955 },John Banian,,,telugu,2026-01-27,https://waytochurch.com/lyrics/song/30084,1201,0
30089,,యేసయ్యా… నన్ను వదలవు నీవు,,Yesu Aaradhana Telugu,Praise Worship,,telugu,2026-01-28,https://waytochurch.com/lyrics/song/30089,1060,0
30095,,దేవుని ఇష్టం,Br. Pastham Srinivas garu,Spirits Protection,,,telugu,2026-01-31,https://waytochurch.com/lyrics/song/30095,1649,0
30096,,కృపయే కదా,,Pastor Sagar Madhira,New Year,,telugu,2026-01-31,https://waytochurch.com/lyrics/song/30096,2156,0
30120,,నాకష్ట కాలములో ట్రాక్,,SFC MINISTRIES,,,telugu,2026-02-03,https://waytochurch.com/lyrics/song/30120,694,0
30121,,బ్రతికించుకుంటాను,Sirivella Hanoch,SIRIVELLA HANOK OFFICIAL,,,telugu,2026-02-03,https://waytochurch.com/lyrics/song/30121,1517,0
30125,,విరిగిన నన్ను విలువగా మార్చిన యేసయ్యా,,Bells Of Joy,Praise Worship,,telugu,2026-02-04,https://waytochurch.com/lyrics/song/30125,289,0
30126,,యేసయ్యా… నువ్వే నా ఆశ,,Rt Worship Telugu,Hope,,telugu,2026-02-04,https://waytochurch.com/lyrics/song/30126,991,0
30129,,చింత దండగ,Dr. Victor Rampogu,Victor Rampogu Channel,,,telugu,2026-02-05,https://waytochurch.com/lyrics/song/30129,1266,0
30133,,దావీదు వలెనే నాట్యమాడి,- Jesus songs Telugu,Jesus Songs telugu,,,telugu,2026-02-06,https://waytochurch.com/lyrics/song/30133,1108,0
30134,,కృప కలుగును గాక,Jonah Samuel,Jonah Samuel Official,,,telugu,2026-02-06,https://waytochurch.com/lyrics/song/30134,2278,0
30135,paripoornuda na yessaiah,పరిపూర్ణుడా నాయేసయ్యా,Pastor.Vatam Samuel,Samuel Vatam Official,,,telugu,2026-02-06,https://waytochurch.com/lyrics/song/30135,586,0
30141,asayam neeve yessaiah adharam neve messaiah,ఆశ్రయం నీవే యేసయ్యా ఆధారం నీవే మెస్సయ్యా,Bro N Pradeep Reddy (WayToParadise),WayToParadise Worship,Praise Worship,,telugu,2026-02-10,https://waytochurch.com/lyrics/song/30141,651,0
30147,shalemu raja na yessaiah,షాలేము రాజా నా యేసయ్యా,Sister Angel,Sister Angel,Thanks Giving,,telugu,2026-02-10,https://waytochurch.com/lyrics/song/30147,374,0
30148,na hrudhayam nee padhala dhagare,నా హృదయం నీ పాదాల దగ్గరే,,Yesu Aaradhana Telugu,Praise Worship,,telugu,2026-02-10,https://waytochurch.com/lyrics/song/30148,1070,0
30153,entha kalamo e andhakaramu,ఎంత కాలమో ఈ అంధకారము,,Devotional Tunes,Confession,,telugu,2026-02-11,https://waytochurch.com/lyrics/song/30153,287,0
30154,kalataleni nidu prema,కలతలేని నీదు ప్రేమ,,WayToParadise Worship,"Praise Worship, Confession",,telugu,2026-02-11,https://waytochurch.com/lyrics/song/30154,660,0
30155,,సిలువ వరకు వచ్చిన ప్రేమ,,Glory Tone Telugu Songs,,,telugu,2026-02-11,https://waytochurch.com/lyrics/song/30155,1929,0
30164,,వ్యర్థము వ్యర్థం సర్వము,,"Beloveds Church, Fremont CA",,,telugu,2026-02-25,https://waytochurch.com/lyrics/song/30164,738,0
30165,,అంతము సమీపమైయున్నది,,KVS SONGS,,,telugu,2026-02-25,https://waytochurch.com/lyrics/song/30165,699,0
30166,,పరిశుద్ధాత్మునిచే రేపబడుదాం రారాజు సైన్యమా మేల్కొనుము,,Dr V N Satish Kumar Songs,,,telugu,2026-02-25,https://waytochurch.com/lyrics/song/30166,1359,0
30167,,మరణానికే,,K.Selvaraj,,,telugu,2026-02-25,https://waytochurch.com/lyrics/song/30167,475,0
30168,,ఎన్ని తలచినా ఏదిఅడిగినా కన్నీరు తెప్పించే ఆరాధన గీతం,,The Songs of God,Praise Worship,,telugu,2026-02-25,https://waytochurch.com/lyrics/song/30168,1240,0
30169,,నీవే నా దిక్కు,,Pastor Anil,,,telugu,2026-02-25,https://waytochurch.com/lyrics/song/30169,1513,0
30170,,నీ సిలువే నా ఆశ,,B Satish Babu,Praise Worship,,telugu,2026-02-25,https://waytochurch.com/lyrics/song/30170,417,0
30184,,ఎంత మంచి ప్రేమ నీది యేసయ్య,,Jesus songs,,,telugu,2026-02-25,https://waytochurch.com/lyrics/song/30184,1535,0
30185,,ఏముంది నాలో నీ పరిశుద్ధత లేదే –,,WayToParadise Worship,Praise Worship,,telugu,2026-02-25,https://waytochurch.com/lyrics/song/30185,1564,0
30186,,దేవుని కంఠస్వరము సంఘమా గుర్తుపట్టాలి,,Dr V N Satish Kumar Songs,Praise Worship,,telugu,2026-02-25,https://waytochurch.com/lyrics/song/30186,1345,0
30187,,। ద్రాక్ష తోట నీది ।,,Nithya Suvartha Official,,,telugu,2026-02-25,https://waytochurch.com/lyrics/song/30187,301,0
30188,,ప్రార్థన చేయాలని ఆశగా ఉందయ్యా,,Grace Melodies Telugu,,,telugu,2026-02-25,https://waytochurch.com/lyrics/song/30188,676,0
30196,,యోగ్యుడనా నేను అర్హుడనా☦,Bro. Solomanraju,SOLOMAN RAJU SONGS,,,telugu,2026-02-26,https://waytochurch.com/lyrics/song/30196,1456,0
30201,,కలువరి గిరిలోన,Nagaraju Bandela,BANDELA NAGARAJU,Good Friday,,telugu,2026-02-26,https://waytochurch.com/lyrics/song/30201,1522,0
30203,,దేవా నీకే నా స్తుతి పాడెదన్,,Messiah Ministries Guntur,,,telugu,2026-03-04,https://waytochurch.com/lyrics/song/30203,831,994
30204,,ధవళ వర్ణుడు,Bro.Murali,JS Melodies 🎶,,,telugu,2026-03-04,https://waytochurch.com/lyrics/song/30204,578,0
30223,,విరిగి నలిగిన హృదయము,M John Bhaskar,Jessi Songs Official,,,telugu,2026-03-05,https://waytochurch.com/lyrics/song/30223,2141,0
30230,,మానవ జాతికి మనసుననీతి,,Nycil KK,,,telugu,2026-03-06,https://waytochurch.com/lyrics/song/30230,825,0
30231,,పస్కాబలియాగం,Elder T.Solomon Raj garu,"A.O.Y Ministry, T. Solomon Raj",,,telugu,2026-03-06,https://waytochurch.com/lyrics/song/30231,1848,0
30232,,మా నిధులు నీ మహిమలో,,Pastor Krupakar m. sc,,,telugu,2026-03-06,https://waytochurch.com/lyrics/song/30232,1287,0
30233,,యేసయ్య ఓ నా యేసయ్య,,SCRIPTURE IN SONG,,,telugu,2026-03-06,https://waytochurch.com/lyrics/song/30233,1525,0
30236,,కనికర కాపరి క్రీస్తు కనికరము కొరకు కనిపెట్టుచు,,Dr V N Satish Kumar Songs,,,telugu,2026-03-07,https://waytochurch.com/lyrics/song/30236,1271,0
30237,Divya Sakhuda,సఖుడా దివ్య సఖుడా,,HOSANNA MINISTRIES OFFICIAL,,,telugu,2026-03-07,https://waytochurch.com/lyrics/song/30237,1451,0
30242,,అంతరంగ పురుషుడు సాధుగుణం,,Dr V N Satish Kumar Songs,Praise Worship,,telugu,2026-03-08,https://waytochurch.com/lyrics/song/30242,1294,0
30243,,పంపుము దేవా పనివారలను – పంటను కోయుటకు,Ps. D. John Augustine Garu 🙏,WayToParadise Worship,Praise Worship,,telugu,2026-03-08,https://waytochurch.com/lyrics/song/30243,1077,0
30244,,యేసయ్యా నీ ప్రేమ గొప్పది,,Bethel Prayer Ministries Intl,,,telugu,2026-03-08,https://waytochurch.com/lyrics/song/30244,1083,0
30251,Ninu matrame ne nammanaya,నిను మాత్రమే నే నమ్మానయా,John J,,Faith,,telugu,2026-03-09,https://waytochurch.com/lyrics/song/30251,578,701
30257,,గడచిన కాలం కృపలో మమ్ము,,Sion Pentecostal,,,telugu,2026-03-10,https://waytochurch.com/lyrics/song/30257,1136,0
30258,,ఏ క్షణమున ఏమౌనో,,K.Selvaraj,,,telugu,2026-03-10,https://waytochurch.com/lyrics/song/30258,1962,0
30263,,ఎలోహీం ఎల్షద్దాయి అదోనై,,Jesus Songs telugu,Praise Worship,,telugu,2026-03-11,https://waytochurch.com/lyrics/song/30263,385,0
30264,siluvalo sagindhi yatra,సిలువలో సాగింది యాత్ర,Traditional Telugu Christian Worship Song,WayToParadise Worship,"Praise Worship, Good Friday",,telugu,2026-03-11,https://waytochurch.com/lyrics/song/30264,584,0
30265,,భవిష్యద్ జ్ఞానము పై నుండి వచ్చు జ్ఞానము,,Dr V N Satish Kumar Songs,,,telugu,2026-03-11,https://waytochurch.com/lyrics/song/30265,741,0
30270,,ఆనంద గీతాలు నే పాడుతు,,Calvary Nestham,Praise Worship,,telugu,2026-03-13,https://waytochurch.com/lyrics/song/30270,1193,0
30271,,ఆ పసిపిల్లలు చేసిన తప్పేంటి,Vikas Ravuri,Zion rhythms Telugu,,,telugu,2026-03-13,https://waytochurch.com/lyrics/song/30271,1055,0
30275,,నీవే కావాలేసయ్యా,,HADASSA MINISTRIES,,,telugu,2026-03-14,https://waytochurch.com/lyrics/song/30275,1866,0
30276,,వర్ధిల్లేదన్,,JRR TELUGU CHRISTIAN SONGS,,,telugu,2026-03-14,https://waytochurch.com/lyrics/song/30276,430,0
30277,,యేసయ్య నన్ను కనికరించావా,-,Latest Christian Songs Telugu,,,telugu,2026-03-14,https://waytochurch.com/lyrics/song/30277,926,0
30278,,దావీదు కుమారుడా,,VALLEY OF BERACHAH MINISTRIES,,,telugu,2026-03-14,https://waytochurch.com/lyrics/song/30278,1152,0
30283,,జీవజలపు ఊటవు నీవే,,Jesus Melody Hub,Praise Worship,,telugu,2026-03-15,https://waytochurch.com/lyrics/song/30283,1120,0
30284,,దేవుని వారసులము క్రీస్తులో నిత్యజీవ రాజ్య వారసులము,,Dr V N Satish Kumar Songs,,,telugu,2026-03-15,https://waytochurch.com/lyrics/song/30284,1027,0
30290,,నీకిష్టమైది కావాలి దేవునికి,,Andrew telugu christian music lyrics ♪,,,telugu,2026-03-16,https://waytochurch.com/lyrics/song/30290,1072,0
30291,,లోకాన్ని మోసింది యేసయ్య సిలువ,Anand Kumar Kattula,HopeMinute,Hope,,telugu,2026-03-16,https://waytochurch.com/lyrics/song/30291,1275,0
30297,,యేసు రక్తము రక్తము రక్తము ✝,,WayToParadise Worship,Praise Worship,,telugu,2026-03-18,https://waytochurch.com/lyrics/song/30297,1047,0
30298,,నా భారాన్ని నీ పాదాల దగ్గర ఉంచాను యేసయ్య,,కృపా గాన ధార,,,telugu,2026-03-18,https://waytochurch.com/lyrics/song/30298,680,0
30303,,సృష్టికర్త దేవుడు కృపకలిగిన దేవుడు,,Murali Christian Songs,Praise Worship,,telugu,2026-03-19,https://waytochurch.com/lyrics/song/30303,796,0
30305,,క్షమించుమో ప్రభో,Sis. Prasanthi Mortha,Prasanthi Mortha Official,,,telugu,2026-03-20,https://waytochurch.com/lyrics/song/30305,1184,0
30306,,సిలువ పై నివేదన,,Ravi kalam,,,telugu,2026-03-20,https://waytochurch.com/lyrics/song/30306,1533,0
30307,,జ్ఞాపకార్థ గీతం ప్రథమ వర్ధంతి,,Joycee Worship Telugu,,,telugu,2026-03-20,https://waytochurch.com/lyrics/song/30307,385,0
30315,,శరణం ప్రభువా,Ps. Abhishek Devadas,FACE OF GOD - (Official) Abhishek Devadas,,,telugu,2026-03-21,https://waytochurch.com/lyrics/song/30315,1212,0
30316,,నాలోనే నీవు ఉన్నావు యేసయ్య,,Bro Ezekiel Official,,,telugu,2026-03-22,https://waytochurch.com/lyrics/song/30316,1024,0
30320,Stutiganamu Chesedan,స్తుతిగానము చేసెదన్,Dr.Satish Kumar Garu,Dr Satish Kumar,Praise Worship,,TELUGU,2026-03-22,https://waytochurch.com/lyrics/song/30320,558,0
30321,,పరవశమై సర్వశక్తుని దర్శన భాగ్యము పొందుము,,Dr V N Satish Kumar Songs,Praise Worship,,telugu,2026-03-23,https://waytochurch.com/lyrics/song/30321,1332,0
30322,,అద్భుత కృప నన్ను కాపాడెను,-,truth Way 1M,Praise Worship,,telugu,2026-03-23,https://waytochurch.com/lyrics/song/30322,784,0
30323,,సమస్త జనులరా యెహోవాకు ఉత్సాహధ్వని చేయుడి,,Murali Christian Songs,Praise Worship,,telugu,2026-03-23,https://waytochurch.com/lyrics/song/30323,1045,0
30326,,నా సహాయకుడు,PASTOR KORNELI,Bro Korneli,,,telugu,2026-03-24,https://waytochurch.com/lyrics/song/30326,1470,0
30329,kaluvarilo chindinpabadenu yesu raktamu,కలువరిలో చిందింపబడెను యేసు రక్తము,,WayToParadise Worship,"Praise Worship, Good Friday",,telugu,2026-03-25,https://waytochurch.com/lyrics/song/30329,825,0
30333,,కరములే కరములు యేసయ్యా,,Pastor Roshan Kumar Official,,,telugu,2026-04-01,https://waytochurch.com/lyrics/song/30333,936,0
30334,,సమాప్తము,,Dr. Asher Andrew,,,telugu,2026-04-01,https://waytochurch.com/lyrics/song/30334,1596,0
30335,,👉 దేవుని ఉగ్రత 🔥 నా మహిమను దోచుకున్నవాడా… మేలుకో,,Dr V N Satish Kumar Songs,,,telugu,2026-04-01,https://waytochurch.com/lyrics/song/30335,1447,0
30350,,జగములనేలె పరిపాలకతెలుగు క్రిస్టియన్ సాంగ్,,Rapha Church of Nations,,,telugu,2026-04-02,https://waytochurch.com/lyrics/song/30350,2026,0
30351,,కుమ్మరించుము నీ ఆత్మను నాపై,,Penuel Baptist Church Official,,,telugu,2026-04-02,https://waytochurch.com/lyrics/song/30351,925,0
30352,,సమానులెవరు ప్రభో ఆంధ్ర క్రైస్తవ కీర్తనలు,,Balavari Gospel Studio,,,telugu,2026-04-02,https://waytochurch.com/lyrics/song/30352,573,0
30353,,నోరు తెరువని ప్రేమ,,WayToParadise Worship,"Praise Worship, Good Friday",,telugu,2026-04-02,https://waytochurch.com/lyrics/song/30353,562,0
30357,Chupinava nidhu Prema,చూపినావా నీదు ప్రేమ,,Bro.Rambabu rayalam,Good Friday,,telugu,2026-04-03,https://waytochurch.com/lyrics/song/30357,588,0
30358,yesulone sampoornatha,యేసులోనే సంపూర్ణత,,Dr V N Satish Kumar Songs,Good Friday,,telugu,2026-04-03,https://waytochurch.com/lyrics/song/30358,828,0
30359,Annivelala Anandame,అన్నివేళలా ఆనందమే,Pastor P.V. Moses Rao,PV Moses Rao,Second Comming,,telugu,2026-04-03,https://waytochurch.com/lyrics/song/30359,403,0
30361,maranamu gelachina na dhivama,మరణము గెలిచిన నా దైవమా,Bro. Nissi Samuel Lingibheri,WayToParadise Worship,"Praise Worship, Easter",,telugu,2026-04-05,https://waytochurch.com/lyrics/song/30361,1580,0
30362,,మరణాన్ని గెలిచినోడు,MARANAANNI GELACHINODU,Joel N Bob - SAMARPAN D Worship Band,,,telugu,2026-04-05,https://waytochurch.com/lyrics/song/30362,1526,0
30371,,ఇశ్రాయేలు కాపరి,,Syam Ezekiel,,,telugu,2026-04-06,https://waytochurch.com/lyrics/song/30371,1962,0
30374,,ప్రేమకు ప్రతిఫలముప్రాణ త్యాగమా,,Dr Satish Kumar,,,telugu,2026-04-06,https://waytochurch.com/lyrics/song/30374,477,0
30384,,ఇమ్మానుయేలనువాడా ఉన్నావు నాతోడు,Dr. M.Moses,Sthuthi Ganam,,,telugu,2026-04-08,https://waytochurch.com/lyrics/song/30384,858,0
30388,,దివ్య తేజోమయ యేసయ్య,,Rapha Church of Nations,,,telugu,2026-04-09,https://waytochurch.com/lyrics/song/30388,1637,0
30396,Rajadhi Raju Mahimaanvithudu,రాజాధి రాజు మహిమాన్వితుడై,"Pr. P. P. Mathew, Paippad",Music: Grace Tracks,Second Comming,,Telugu,2026-05-14,https://waytochurch.com/lyrics/song/30396,649,760
30398,Aaradhana chethunu anni veylalaa,ఆరాధన చేతును అన్ని వేళలా,Bro Palaparthi Prabhudas,,Praise Worship,,Telugu,2026-07-17,https://waytochurch.com/lyrics/song/30398,548,688
