file,song_name,author,stanzas,main_te_lines,main_en_lines,translation,posted,warnings,url
00001-goppa-devudu-rajula-raaju.json,Goppa Devudu Rajula Raaju,Ramesh Kumar Parichha,3,4,4,yes,2026-07-24,,https://christianstack.com/lyrics/goppa-devudu-rajula-raaju-jessy-paul-telugu-christian-lyrics/
00002-kanneere-keerthanalaaye.json,Kanneere Keerthanalaaye,Dr.Asher Andrew,4,4,4,yes,2026-07-24,,https://christianstack.com/lyrics/kanneere-keerthanalaaye-dr-asher-andrew-telugu-christian-lyrics/
00003-mahopakaaruda.json,Mahopakaaruda,Joshua Shaik,2,4,4,yes,2026-07-24,,https://christianstack.com/lyrics/mahopakaaruda-joshua-shaik-telugu-christian-lyrics/
00004-nadipinchaya.json,Nadipinchaya,Yojana Reddy,6,2,3,yes,2026-07-24,stanza-count-mismatch te=5 en=6; renumbered-2,https://christianstack.com/lyrics/nadipinchaya-yojana-reddy-telugu-christian-lyrics/
00005-nee-aatmatho.json,Nee Aatmatho,Vijay Kondapuram,2,7,7,yes,2026-07-24,,https://christianstack.com/lyrics/nee-aatmatho-vijay-kondapuram-telugu-christian-lyrics/
00006-nee-vaakyame-nannu.json,Nee Vaakyame Nannu,,3,6,6,yes,2026-07-24,,https://christianstack.com/lyrics/nee-vaakyame-nannu-telugu-christian-lyrics/
00007-neekai-naa-thrushna.json,Neekai Naa Thrushna,Dr. Asher Andrew,4,2,2,yes,2026-07-24,,https://christianstack.com/lyrics/neekai-naa-thrushna-dr-asher-andrew-telugu-christian-lyrics/
00008-nischayamuga-ninnu.json,Nischayamuga Ninnu,Krupa Paul,3,5,5,yes,2026-07-24,,https://christianstack.com/lyrics/nischayamuga-ninnu-jessi-telugu-christian-lyrics/
00009-parisuddhudu-parisuddhudu.json,Parisuddhudu Parisuddhudu,Dr. Yehoshua Kamalakar,4,1,1,yes,2026-07-24,renumbered-2,https://christianstack.com/lyrics/parisuddhudu-parisuddhudu-dr-yehoshua-kamalakar-telugu-christian-lyrics/
00010-varninchalenu-vivarinchalenu.json,Varninchalenu..Vivarinchalenu,,3,2,2,yes,2026-07-24,,https://christianstack.com/lyrics/varninchalenu-vivarinchalenu-telugu-christian-lyrics/
00011-entho-sundarudamma-thanu.json,Entho Sundarudamma Thanu,M. Prasanth Raju,5,3,3,yes,2026-07-24,unlabelled-stanzas,https://christianstack.com/lyrics/entho-sundarudamma-thanu-m-prasanth-raju-telugu-christian-lyrics/
00012-kannitini-chusi-datiponi-deva.json,Kannitini Chusi Datiponi Deva,Paul Alexander,3,4,4,yes,2026-07-24,unlabelled-stanzas,https://christianstack.com/lyrics/kannitini-chusi-datiponi-deva-paul-alexander-telugu-christian-lyrics/
00013-keerthinthunu-ninne.json,Keerthinthunu Ninne,"Bobby, Sunith",1,7,6,yes,2026-07-24,,https://christianstack.com/lyrics/keerthinthunu-ninne-praveen-ritmos-telugu-christian-lyrics/
00014-nee-premaye-na-jeevithamunu.json,Nee Premaye Na Jeevithamunu,Dr. Victor Rampogu,2,4,4,yes,2026-07-24,unlabelled-stanzas,https://christianstack.com/lyrics/nee-premaye-na-jeevithamunu-dr-victor-rampogu-telugu-christian-lyrics/
00015-nee-vaakyame-nannu-brathikinchenu.json,Nee Vaakyame Nannu Brathikinchenu,,4,4,5,yes,2026-07-24,stanza-count-mismatch te=3 en=4; unlabelled-stanzas,https://christianstack.com/lyrics/nee-vaakyame-nannu-brathikinchenu-telugu-christian-lyrics/
00016-nenu-odiponayaa.json,Nenu Odiponayaa,Mark Peter,4,2,2,yes,2026-07-24,stanza-count-mismatch te=4 en=3; unlabelled-stanzas,https://christianstack.com/lyrics/nenu-odiponayaa-mark-peter-telugu-christian-lyrics/
00017-ninu-matrame-ne-nammanaya.json,Ninu Matrame Ne Nammanaya,John J,3,5,5,yes,2026-07-24,,https://christianstack.com/lyrics/ninu-matrame-ne-nammanaya-john-j-telugu-christian-lyrics-3/
00018-vinarayya.json,Vinarayya,M. Devadas Ayyagaru,3,3,3,yes,2026-07-24,unlabelled-stanzas,https://christianstack.com/lyrics/vinarayya-m-devadas-telugu-christian-lyrics/
00019-yatra.json,Yatra,Hadlee Xavier,2,8,8,yes,2026-07-24,unlabelled-stanzas,https://christianstack.com/lyrics/yatra-telugu-christian-song-lyrics/
00020-yevaru-leni-ontari.json,Yevaru Leni Ontari,Janna Shaik,4,4,4,yes,2026-07-24,renumbered-1,https://christianstack.com/lyrics/yevaru-leni-ontari-janna-shaik-jessy-d-telugu-christian-lyrics/
00021-amma-prema-kanna-nee-prema-goppadi.json,Amma Prema Kanna Nee Prema Goppadi,,2,4,4,yes,2026-07-24,,https://christianstack.com/lyrics/amma-prema-kanna-nee-prema-goppadi-telugu-christian-lyrics/
00022-devuni-samayamunu-dongilinchakura.json,Devuni Samayamunu Dongilinchakura,D.Isaac Gnana Raj,3,4,4,yes,2026-07-24,,https://christianstack.com/lyrics/devuni-samayamunu-dongilinchakura-d-isaac-gnana-raj-telugu-christian-lyrics/
00023-entho-sundharudamma-thaanu.json,Entho Sundharudamma Thaanu,M.Prashanth Raju,6,3,2,yes,2026-07-24,stanza-count-mismatch te=5 en=6; unlabelled-stanzas,https://christianstack.com/lyrics/entho-sundharudamma-thaanu-m-prashanth-raju-telugu-christian-lyrics/
00024-gaadandhakaramulo.json,Gaadandhakaramulo,Phebe Joseph,3,4,4,yes,2026-07-24,,https://christianstack.com/lyrics/gaadandhakaramulo-sharon-sisters-telugu-christian-song/
00025-kalavarapadi-ne-kondala-vaipu.json,Kalavarapadi Ne Kondala Vaipu,,3,3,3,yes,2026-07-24,renumbered-2,https://christianstack.com/lyrics/kalavarapadi-ne-kondala-vaipu-telugu-christian-lyrics/
00026-kannille-raluthunna.json,Kannille Raluthunna,Dr.P.Satish Kumar,8,2,4,yes,2026-07-24,stanza-count-mismatch te=8 en=6; renumbered-1,https://christianstack.com/lyrics/kannille-raluthunna-dr-p-satish-kumar-telugu-christian-lyrics/
00027-mahadevuda-mahonnathuda.json,Mahadevuda Mahonnathuda,,2,6,4,yes,2026-07-24,,https://christianstack.com/lyrics/mahadevuda-mahonnathuda-telugu-christian-lyrics/
00028-raakadane-railu-bandi.json,Raakadane Railu Bandi,,3,5,5,yes,2026-07-24,,https://christianstack.com/lyrics/raakadane-railu-bandi-telugu-christian-lyrics/
00029-sanghamunu-koolchake.json,Sanghamunu Koolchake,Music Pr D.Isaac Gnana Raj,3,2,2,yes,2026-07-24,unlabelled-stanzas,https://christianstack.com/lyrics/sanghamunu-koolchake-pr-d-isaac-gnana-raj-telugu-christian-lyrics/
00030-vyoohitha-sainya-samabheekara.json,Vyoohitha Sainya Samabheekara,T.Nathaniel,6,2,2,yes,2026-07-24,stanza-count-mismatch te=3 en=6; unlabelled-stanzas; renumbered-2,https://christianstack.com/lyrics/vyoohitha-sainya-samabheekara-t-nathaniel-telugu-christian-lyrics/
00031-adharam.json,Adharam,Dr.A.Usha Rani,7,2,2,yes,2026-07-24,unlabelled-stanzas,https://christianstack.com/lyrics/adharam-paul-moses-asha-ashirwadh-telugu-christian-lyrics/
00032-chinni-tammudu-chitti-chellelu.json,Chinni Tammudu Chitti Chellelu,Blessy Kingsley,2,3,5,yes,2026-07-24,,https://christianstack.com/lyrics/telugu-lyrics/chinni-tammudu-chitti-chellelu-blessy-kingsley-telugu-christian-lyrics/
00033-daya-poornuda.json,Daya Poornuda,Ambati Cherubim,5,4,2,yes,2026-07-24,stanza-count-mismatch te=5 en=3; unlabelled-stanzas,https://christianstack.com/lyrics/daya-poornuda-nissi-john-telugu-christian-lyrics/
00034-evaru-cheyagalarayya.json,Evaru Cheyagalarayya,,3,5,5,yes,2026-07-24,,https://christianstack.com/lyrics/evaru-cheyagalarayya-kenny-chaitanya-telugu-christian-lyrics/
00035-hosanna-hosanna-rakshakudu.json,Hosanna Hosanna Rakshakudu,Dr. Noah R Ajay Kumar,3,2,2,yes,2026-07-24,unlabelled-stanzas,https://christianstack.com/lyrics/hosanna-hosanna-rakshakudu-dr-noah-r-ajay-kumar-telugu-christian-lyrics/
00036-me-me-meka-laga.json,Me Me Meka Laga,VBS Ministries Bangalore,3,4,4,yes,2026-07-24,unlabelled-stanzas,https://christianstack.com/lyrics/telugu-lyrics/me-me-meka-laga-dhanya-nithya-prasastha-telugu-christian-lyrics/
00037-na-pakshamuna.json,Na Pakshamuna,A R Stevenson,4,2,3,yes,2026-07-24,stanza-count-mismatch te=4 en=3; renumbered-3,https://christianstack.com/lyrics/na-pakshamuna-a-r-stevenson-telugu-christian-lyrics/
00038-naa-hrudayamaa.json,Naa Hrudayamaa,,4,4,4,,2026-07-24,renumbered-1,https://christianstack.com/lyrics/naa-hrudayamaa-hosanna-ministries-telugu-christian-lyrics/
00039-nuvvivakuntey-na-yesayya.json,Nuvvivakuntey Na Yesayya,Ratnam Manelli,2,4,0,yes,2026-07-24,no-english-lyrics; unlabelled-stanzas,https://christianstack.com/lyrics/nuvvivakuntey-na-yesayya-ratnam-manelli-telugu-christian-lyrics/
00040-siluvalo-nee-prema.json,Siluvalo Nee Prema,Stanley Telagathoti,3,3,3,yes,2026-07-24,renumbered-2,https://christianstack.com/lyrics/siluvalo-nee-prema-stanley-telagathoti-telugu-christian-lyrics/
00041-hatikva.json,Hatikva,Balavari Samson,4,4,2,yes,2026-07-24,stanza-count-mismatch te=4 en=1; unlabelled-stanzas,https://christianstack.com/lyrics/hatikva-israel-national-anthem-telugu-christian-lyrics/
00042-kanipinche-bandalanni.json,Kanipinche Bandalanni,King Srinu,2,5,5,yes,2026-07-24,,https://christianstack.com/lyrics/kanipinche-bandalanni-darma-shali-k-telugu-christian-lyrics/
00043-maranapu-mullu.json,Maranapu Mullu,A R Stevenson,3,6,6,yes,2026-07-24,,https://christianstack.com/lyrics/maranapu-mullu-a-r-stevenson-telugu-christian-lyrics/
00044-neeve-na-dhaivam-yesayya.json,Neeve Na Dhaivam Yesayya,Benaiah Jameson & Rachel Benaiah,4,4,4,yes,2026-07-24,renumbered-3,https://christianstack.com/lyrics/neeve-na-dhaivam-yesayya-benaiah-jameson-telugu-christian-lyrics/
00045-nenu-ani-palikaavaa.json,Nenu Ani Palikaavaa,Ashakiran Pallikonda,4,3,3,yes,2026-07-24,renumbered-2,https://christianstack.com/lyrics/nenu-ani-palikaavaa-ashakiran-pallikonda-telugu-christian-lyrics/
00046-oke-okka-korika.json,Oke Okka Korika,Shadrak,2,6,6,yes,2026-07-24,,https://christianstack.com/lyrics/oke-okka-korika-kenny-chaitanya-telugu-christian-lyrics/
00047-paralokame-naa-swasthyamu.json,Paralokame Naa Swasthyamu,Kurian G S,5,2,2,yes,2026-07-24,,https://christianstack.com/lyrics/paralokame-naa-swasthyamu-hadlee-xavier-telugu-christian-lyrics/
00048-parishudhaparachumu-deva.json,Parishudhaparachumu Deva,Saladi Sam Nehemiah,2,5,5,,2026-07-24,,https://christianstack.com/lyrics/parishudhaparachumu-deva-sam-nehemiah-telugu-christian-lyrics/
00049-siluva.json,Siluva,Pastor Vinod Kumar,1,8,5,yes,2026-07-24,unlabelled-stanzas,https://christianstack.com/lyrics/siluva-vinod-kumar-telugu-christian-lyrics/
00050-yesu-swamy-vanti.json,Yesu Swamy Vanti,,4,3,3,yes,2026-07-24,,https://christianstack.com/lyrics/yesu-swamy-vanti-d-isaac-gnana-raj-telugu-christian-lyrics/
00051-aalasyamu-cheyanu.json,Aalasyamu Cheyanu,Venkat Reddy P,3,2,2,yes,2026-07-24,,https://christianstack.com/lyrics/aalasyamu-cheyanu-nissi-john-telugu-christian-lyrics/
00052-adigadigo-alladigo.json,Adigadigo Alladigo,,8,3,3,yes,2026-07-24,unlabelled-stanzas,https://christianstack.com/lyrics/adigadigo-alladigo-telugu-christian-lyrics/
00053-dikkulanni-nanu-vekkairinchina.json,Dikkulanni Nanu Vekkairinchina,Paul Jacob,3,4,4,yes,2026-07-24,unlabelled-stanzas,https://christianstack.com/lyrics/dikkulanni-nanu-vekkairinchina-paul-jacob-telugu-christian-lyrics/
00054-emundi-naalo-yesayya.json,Emundi Naalo Yesayya,Ebinazar Sastry,5,4,4,yes,2026-07-24,stanza-count-mismatch te=3 en=5; renumbered-3,https://christianstack.com/lyrics/emundi-naalo-yesayya-ebinazar-sastry-telugu-christian-lyrics/
00055-kanneelle-khayamani.json,Kanneelle Khayamani,Tinnu Thereesh,1,6,6,yes,2026-07-24,unlabelled-stanzas,https://christianstack.com/lyrics/kanneelle-khayamani-tinnu-thereesh-telugu-christian-lyrics/
00056-margamu-nene-annadu-yesu.json,Margamu Nene Annadu Yesu,Paul Jayakumar Chinnababu Garu,5,4,4,yes,2026-07-24,renumbered-3,https://christianstack.com/lyrics/margamu-nene-annadu-yesu-philip-p-jacob-telugu-christian-lyrics/
00057-needu-premaku.json,Needu Premaku,Jyothi Raju,2,4,4,yes,2026-07-24,,https://christianstack.com/lyrics/needu-premaku-jyothi-raju-philip-telugu-christian-lyrics/
00058-ninu-matrame-ne-nammanaya.json,Ninu Matrame Ne Nammanaya,Bro John J,3,5,5,yes,2026-07-24,unlabelled-stanzas,https://christianstack.com/lyrics/ninu-matrame-ne-nammanaya-john-j-telugu-christian-lyrics-2/
00059-paralokame-na-swasthyamu.json,Paralokame Na Swasthyamu,,4,4,4,yes,2026-07-24,unlabelled-stanzas,https://christianstack.com/lyrics/paralokame-na-swasthyamu-david-parla-telugu-christian-lyrics/
00060-siluva-prayanam.json,Siluva Prayanam,John Sandeep,2,4,3,yes,2026-07-24,,https://christianstack.com/lyrics/siluva-prayanam-jessi-telugu-christian-lyrics/
00061-divyasakhudaa.json,DivyaSakhudaa,Pastor Ramesh,6,5,5,,2026-07-24,unlabelled-stanzas,https://christianstack.com/lyrics/divyasakhudaa-hosanna-ministries-telugu-christian-lyrics/
00062-enni-kastalaina.json,Enni Kastalaina,Pastor Ebenezer Paul,2,3,3,yes,2026-07-24,unlabelled-stanzas,https://christianstack.com/lyrics/enni-kastalaina-ebenezer-paul-telugu-christian-lyrics-2/
00063-israyelu-raja.json,Israyelu Raja,,3,4,4,yes,2026-07-24,,https://christianstack.com/lyrics/israyelu-raja-freddy-paul-telugu-christian-lyrics/
00064-nannenthagano.json,Nannenthagano,Joshua Shaik,2,5,5,yes,2026-07-24,,https://christianstack.com/lyrics/nannenthagano-joshua-shaik-telugu-christian-lyrics/
00065-nanu-kanna-naanna.json,Nanu Kanna Naanna,Blessy Kingsley,2,5,5,yes,2026-07-24,,https://christianstack.com/lyrics/nanu-kanna-naanna-blessy-kingsley-telugu-christian-lyrics/
00066-ninne-preminthunu.json,Ninne Preminthunu,Pastor Reenukumar,1,3,3,yes,2026-07-24,unlabelled-stanzas,https://christianstack.com/lyrics/ninne-preminthunu-reenukumar-sam-alex-telugu-christian-lyrics/
00067-sthuthi-keerthaneeyudaa.json,Sthuthi Keerthaneeyudaa,Pastor Abraham,3,4,4,,2026-07-24,unlabelled-stanzas,https://christianstack.com/lyrics/sthuthi-keerthaneeyudaa-pastor-abraham-hosanna-ministries-telugu-lyrics/
00068-thana-sareeramandhu.json,Thana Sareeramandhu,Dr. A.R.Stevenson,3,3,3,yes,2026-07-24,unlabelled-stanzas,https://christianstack.com/lyrics/thana-sareeramandhu-ar-stevenson-telugu-christian-lyrics/
00069-varamu-2.json,Varamu 2,Shadrach,5,2,2,yes,2026-07-24,stanza-count-mismatch te=4 en=5; renumbered-2,https://christianstack.com/lyrics/varamu-2-enoch-abraham-telugu-christian-lyrics/
00070-yudhula-raja.json,Yudhula Raja,Benny Joshua,1,4,4,yes,2026-07-24,,https://christianstack.com/lyrics/yudhula-raja-benny-joshua-telugu-christian-lyrics/
00071-enni-kastalaina.json,Enni Kastalaina,Ebenezer Paul,1,3,3,yes,2026-07-24,,https://christianstack.com/lyrics/enni-kastalaina-ebenezer-paul-telugu-christian-lyrics/
00072-idigo-naa-jeevitham.json,Idigo Naa Jeevitham,Pastor John Wesley featuring Pastor Ramesh & Pastor Abraham,3,8,8,,2026-07-24,unlabelled-stanzas,https://christianstack.com/lyrics/idigo-naa-jeevitham-hosanna-ministries-telugu-christian-lyrics/
00073-intha-prema.json,Intha Prema,Ephraim Saatvik,2,2,2,,2026-07-24,,https://christianstack.com/lyrics/intha-prema-ephraim-saatvik-telugu-christian-lyrics/
00074-israel-kaapari.json,Israel Kaapari,Pastor Ramesh,4,4,4,,2026-07-24,unlabelled-stanzas,https://christianstack.com/lyrics/israel-kaapari-pastor-ramesh-hosanna-ministries-telugu-lyrics/
00075-karuna-katakshamu.json,Karuna Katakshamu,,3,6,6,,2026-07-24,unlabelled-stanzas,https://christianstack.com/lyrics/karuna-katakshamu-freddy-paul-telugu-christian-lyrics/
00076-mahaganudaa-yehova.json,Mahaganudaa Yehova,Pastor John Wesley,3,10,10,,2026-07-24,unlabelled-stanzas,https://christianstack.com/lyrics/mahaganudaa-yehova-hosanna-ministries-telugu-christian-lyrics/
00077-naa-hrudayana.json,Naa Hrudayana,Bro Yesanna garu,3,4,4,,2026-07-24,unlabelled-stanzas,https://christianstack.com/lyrics/naa-hrudayana-yesanna-hosanna-ministries-telugu-christian-lyrics/
00078-nenemaiunnano-nee-krupa.json,Nenemaiunnano Nee Krupa,Pastor M. Jyothi Raju,1,2,2,,2026-07-24,,https://christianstack.com/lyrics/nenemaiunnano-nee-krupa-pastor-jyothi-raju-telugu-christian-lyrics/
00079-sowndaryapurnudaa.json,Sowndaryapurnudaa,Pastor Ramesh,4,5,6,,2026-07-24,unlabelled-stanzas,https://christianstack.com/lyrics/sowndaryapurnudaa-hosanna-ministries-telugu-christian-lyrics/
00080-viswasam.json,Viswasam,Stella Ramola & Daniel Davidson,2,2,2,,2026-07-24,,https://christianstack.com/lyrics/viswasam-stella-ramola-daniel-davidson-telugu-christian-lyrics/
00081-adhikamugaa-cheyagaladu.json,Adhikamugaa Cheyagaladu,,2,4,4,,2026-07-24,,https://christianstack.com/lyrics/adhikamugaa-cheyagaladu-shalem-raju-telugu-christian-lyrics/
00082-cherithi-ninne.json,Cherithi Ninne,Joshua Shaik,2,5,5,,2026-07-24,,https://christianstack.com/lyrics/cherithi-ninne-akshaya-praveen-telugu-christian-lyrics/
00083-inthakaalam-mammunu.json,Inthakaalam Mammunu,Pastor Daniel Raju P,3,2,2,,2026-07-24,unlabelled-stanzas,https://christianstack.com/lyrics/inthakaalam-mammunu-daniel-raju-p-moses-dany-telugu-christian-lyrics/
00084-jeevapu-oota.json,Jeevapu Oota,Ambati Cherubim,1,4,4,,2026-07-24,,https://christianstack.com/lyrics/telugu-lyrics/jeevapu-oota-ambati-cherubim-telugu-christian-song-lyrics/
00085-krupa-kalugunu-gaaka.json,Krupa Kalugunu Gaaka,Jonah Samuel,2,4,4,,2026-07-24,,https://christianstack.com/lyrics/krupa-kalugunu-gaaka-jonah-samuel-telugu-christian-song-lyrics/
00086-nee-chethi-kaaryamu.json,Nee Chethi Kaaryamu,Joshua Shaik & Deva Prasad,1,4,4,,2026-07-24,unlabelled-stanzas,https://christianstack.com/lyrics/nee-chethi-kaaryamu-joshua-shaik-pranam-kamlakhar-telugu-christian-lyrics/
00087-nee-prematho.json,Nee Prematho,,1,4,4,,2026-07-24,,https://christianstack.com/lyrics/nee-prematho-manoj-david-telugu-christian-lyrics/
00088-nee-premey.json,Nee Premey,Revanth Reynold & Reshma Reigna,2,3,3,,2026-07-24,unlabelled-stanzas,https://christianstack.com/lyrics/nee-premey-revanth-reynold-reshma-reigna-telugu-christian-lyrics/
00089-nyayaadipathi.json,Nyayaadipathi,"Hosanna Ministries featuring Pastor John Wesley, Pastor Ramesh & Pastor Abraham",7,4,4,,2026-07-24,stanza-count-mismatch te=4 en=7; unlabelled-stanzas,https://christianstack.com/lyrics/nyayaadipathi-hosanna-ministries-telugu-christian-lyrics/
00090-ontarini-kaanu.json,Ontarini Kaanu,Blessie Wesly,2,4,4,,2026-07-24,unlabelled-stanzas,https://christianstack.com/lyrics/ontarini-kaanu-blessie-wesly-telugu-christian-lyrics/
00091-gaganana-ontari-o-tara.json,Gaganana Ontari O’ Tara,Jayadev Nada,11,2,2,,2026-07-24,stanza-count-mismatch te=6 en=11; renumbered-3,https://christianstack.com/lyrics/gaganana-ontari-o-tara-rev-dr-ezra-sastry-telugu-christian-lyrics/
00092-geethamul-paadudi.json,Geethamul Paadudi,Murari Daveedu,2,3,5,,2026-07-24,,https://christianstack.com/lyrics/geethamul-paadudi-jeeva-r-pakerla-telugu-christian-lyrics/
00093-gowravimpajeyunu.json,Gowravimpajeyunu,,1,4,4,,2026-07-24,,https://christianstack.com/lyrics/gowravimpajeyunu-paul-dhinakaran-telugu-christian-song-lyrics/
00094-hallelujah.json,Hallelujah,Rev.John Jebaraj,5,4,4,,2026-07-24,unlabelled-stanzas,https://christianstack.com/lyrics/hallelujah-john-jebaraj-telugu-christian-lyrics/
00095-jalari-panduga.json,Jalari Panduga,Dr. R. Santhi Jyothi Kumar,8,3,3,,2026-07-24,stanza-count-mismatch te=8 en=5; renumbered-4,https://christianstack.com/lyrics/jalari-panduga-samuel-karmoji-telugu-christian-lyrics/
00096-laali-laali-lo.json,Laali Laali Lo,Emmanuel Pandula,1,4,4,,2026-07-24,,https://christianstack.com/lyrics/laali-laali-lo-emmanuel-pandula-telugu-christian-song-lyrics/
00097-puttaadu-raajulaku-raaraaju.json,Puttaadu Raajulaku Raaraaju,,4,4,4,,2026-07-24,stanza-count-mismatch te=1 en=4; unlabelled-stanzas; renumbered-3,https://christianstack.com/lyrics/puttaadu-raajulaku-raaraaju-freddy-paul-telugu-christian-lyrics/
00098-thalli-garbhamulo.json,Thalli Garbhamulo,Phillip Prakash,1,4,4,,2026-07-24,,https://christianstack.com/lyrics/thalli-garbhamulo-philliph-prakash-telugu-christian-song-lyrics/
00099-velasenu.json,Velasenu,Daniel,4,5,5,,2026-07-24,unlabelled-stanzas,https://christianstack.com/lyrics/velasenu-daniel-middhe-telugu-christian-lyrics/
00100-velugu-vachey-lokamantha.json,Velugu Vachey Lokamantha,Pastor G Samuel Peter,8,4,4,,2026-07-24,stanza-count-mismatch te=6 en=8; renumbered-3,https://christianstack.com/lyrics/velugu-vachey-lokamantha-joshua-gariki-telugu-christian-lyrics/
00101-bethlehemulo-puttadu.json,Bethlehemulo Puttadu,Ch. Grace Mani,2,4,4,,2026-07-24,,https://christianstack.com/lyrics/bethlehemulo-puttadu-dhanya-tryphosa-telugu-christian-lyrics/
00102-janminchenu-emmanuelu.json,Janminchenu Emmanuelu,Ps.Divya David,4,4,4,,2026-07-24,renumbered-2,https://christianstack.com/lyrics/janminchenu-emmanuelu-enosh-kumar-telugu-christian-lyrics/
00103-nee-krupaye-naa-jeevithamu.json,Nee Krupaye Naa Jeevithamu,Sirisha Grace,10,6,2,,2026-07-24,stanza-count-mismatch te=7 en=10; renumbered-5,https://christianstack.com/lyrics/nee-krupaye-naa-jeevithamu-sirisha-grace-telugu-christian-lyrics/
00104-sandhadi-7-joyful-noise.json,Sandhadi 7 (Joyful Noise),"Dr Shalem Raj, Azuba Daniel kalyanapu & Moses David",21,5,5,,2026-07-24,stanza-count-mismatch te=20 en=21; renumbered-2,https://christianstack.com/lyrics/sandhadi-7-joyful-noise-shalem-raj-telugu-song-lyrics/
00105-swasthyamu.json,Swasthyamu,Shadrach,10,2,3,,2026-07-24,renumbered-2,https://christianstack.com/lyrics/swasthyamu-joseph-abraham-telugu-christian-lyrics/
00106-vaakyame-sareera-dhaariyai.json,Vaakyame Sareera Dhaariyai,Dollie Rose,7,2,2,,2026-07-24,stanza-count-mismatch te=4 en=7; renumbered-3,https://christianstack.com/lyrics/vaakyame-sareera-dhaariyai-akshaya-praveen-telugu-christian-lyrics/
00107-varamu.json,Varamu,Shadrach,8,4,5,,2026-07-24,stanza-count-mismatch te=7 en=8; renumbered-3,https://christianstack.com/lyrics/varamu-enoch-abraham-jcnm-telugu-christmas-song-lyrics/
00108-vedanalo-vunnanayya.json,Vedanalo Vunnanayya,Pas. J. Anilkumar,7,8,4,,2026-07-24,stanza-count-mismatch te=3 en=7; renumbered-2,https://christianstack.com/lyrics/vedanalo-vunnanayya-anil-kumar-telugu-christian-lyrics/
00109-yesayya-nee-jananame.json,Yesayya Nee Jananame,Micheal Evangelist,11,6,3,,2026-07-24,stanza-count-mismatch te=11 en=8; unlabelled-stanzas,https://christianstack.com/lyrics/yesayya-nee-jananame-prabhu-pammi-telugu-christian-lyrics/
00110-yesu-janminchenu.json,Yesu Janminchenu,Pr D.Isaac Gnana Raj,2,2,2,,2026-07-24,unlabelled-stanzas,https://christianstack.com/lyrics/yesu-janminchenu-isaac-gnana-raj-telugu-christian-lyrics/
00111-aha-entho-anandame.json,Aha Entho Anandame,P Sunith & Bobby Jeevan,1,2,2,,2026-07-24,,https://christianstack.com/lyrics/aha-entho-anandame-sudhakar-rella-telugu-christian-song-lyrics/
00112-gaganame-ganthulese.json,Gaganame Ganthulese,Surya Teja,1,4,4,,2026-07-24,,https://christianstack.com/lyrics/gaganame-ganthulese-surya-teja-pooja-beulah-telugu-song-lyrics/
00113-jagaalanealea-maharaajaa.json,Jagaalanealea Maharaajaa,Ps. Israel,3,7,16,,2026-07-24,unlabelled-stanzas,https://christianstack.com/lyrics/jagaalanealea-maharaajaa-israel-telugu-christian-lyrics/
00114-krupa-sampannudu.json,Krupa Sampannudu,Y.Sunilkumar,3,9,9,,2026-07-24,,https://christianstack.com/lyrics/krupa-sampannudu-sujatha-telugu-christian-lyrics/
00115-messaiyya-puttaadu.json,Messaiyya Puttaadu,B. Gandhi,4,5,5,,2026-07-24,unlabelled-stanzas,https://christianstack.com/lyrics/messaiyya-puttaadu-gandhi-telugu-christian-lyrics/
00116-mundhuke-velledhanu.json,Mundhuke Velledhanu,Shanti Abdias,3,4,4,,2026-07-24,,https://christianstack.com/lyrics/mundhuke-velledhanu-kiran-abdias-telugu-christian-lyrics/
00117-naa-snehabandhama.json,Naa Snehabandhama,Pastor Sunil,2,4,6,,2026-07-24,,https://christianstack.com/lyrics/naa-snehabandhama-sumalatha-telugu-christian-lyrics/
00118-nee-rekkala-needalo.json,Nee Rekkala Needalo,Manirajesh Jonnala,1,4,4,,2026-07-24,,https://christianstack.com/lyrics/nee-rekkala-needalo-manirajesh-jonnala-telugu-christian-song-lyrics/
00119-vagdanamu.json,Vagdanamu,Samasthamu Melukai by Olivia Jentzen & Swathi Abburi,5,2,2,,2026-07-24,unlabelled-stanzas,https://christianstack.com/lyrics/vagdanamu-john-erry-telugu-christian-lyrics/
00120-yesu-raaju-vacchenu.json,Yesu Raaju Vacchenu,Yes Lord Music Team,8,4,4,,2026-07-24,renumbered-2,https://christianstack.com/lyrics/yesu-raaju-vacchenu-yes-lord-music-telugu-christian-lyrics/
00121-agocharudu.json,Agocharudu,"Hosanna Ministries featuring Pastor John Wesley, Pastor Ramesh, Pastor Abraham & Pastor Freddy Paul",2,6,6,,2026-07-24,unlabelled-stanzas,https://christianstack.com/lyrics/agocharudu-hosanna-ministries-telugu-christian-song-lyrics/
00122-ascharya-karuda.json,Ascharya Karuda,Jasper Kunapo,1,4,4,,2026-07-24,unlabelled-stanzas,https://christianstack.com/lyrics/ascharya-karuda-jasper-kunapo-telugu-christian-song-lyrics/
00123-dhigivacchina-daivama.json,Dhigivacchina Daivama,Pastor Israel Raju Sirra,5,2,4,,2026-07-24,stanza-count-mismatch te=3 en=5; renumbered-3,https://christianstack.com/lyrics/dhigivacchina-daivama-israel-raju-sirra-telugu-christian-lyrics/
00124-nede-christmas.json,Nede Christmas,Yesu Babu Ayyanki,8,5,7,,2026-07-24,unlabelled-stanzas,https://christianstack.com/lyrics/nede-christmas-yesu-babu-ayyanki-telugu-christian-lyrics/
00125-nija-christmas-aaradhana.json,Nija Christmas Aaradhana,John Gideon,1,5,5,,2026-07-24,,https://christianstack.com/lyrics/nija-christmas-aaradhana-john-gideon-samy-pachigalla-lyrics/
00126-panduga-panduga.json,Panduga Panduga,Davidson Gajulavarthi,4,2,4,,2026-07-24,renumbered-2,https://christianstack.com/lyrics/panduga-panduga-davidson-gajulavarthi-telugu-christian-lyrics/
00127-sambaralu-sambaralu-2.json,Sambaralu Sambaralu 2,Ps. Rajkumar Jeremy,8,6,4,,2026-07-24,stanza-count-mismatch te=3 en=8; unlabelled-stanzas,https://christianstack.com/lyrics/sambaralu-sambaralu-2-rajkumar-jeremy-telugu-christian-lyrics/
00128-shariradhari.json,Shariradhari,Saladi Sam Nehemiah,6,2,2,,2026-07-24,renumbered-1,https://christianstack.com/lyrics/shariradhari-saladi-sam-nehemiah-telugu-christian-lyrics/
00129-stuthi-paadutake.json,Stuthi Paadutake,Pastor Samuel Pammi,3,2,2,,2026-07-24,unlabelled-stanzas,https://christianstack.com/lyrics/stuthi-paadutake-samuel-pammi-telugu-christian-song-lyrics/
00130-yesaiyye-manchivaduga.json,Yesaiyye Manchivaduga,Pastor Vinod Kumar,2,4,4,,2026-07-24,,https://christianstack.com/lyrics/yesaiyye-manchivaduga-vinod-kumar-telugu-christian-song-lyrics/
00131-christmas-aaradhana.json,Christmas Aaradhana,Blessy Kingsley,4,2,3,,2026-07-24,renumbered-2,https://christianstack.com/lyrics/christmas-aaradhana-sudhakar-rella-telugu-christian-lyrics/
00132-daivakumarudu-lokanki-vachadu.json,Daivakumarudu Lokanki Vachadu,James Narukurthi,3,6,6,,2026-07-24,,https://christianstack.com/lyrics/daivakumarudu-lokanki-vachadu-joshua-gariki-telugu-christian-lyrics/
00133-deva-raava.json,Deva Raava,Tony Bandela,1,4,4,,2026-07-24,unlabelled-stanzas,https://christianstack.com/lyrics/deva-raava-jonah-samuel-telugu-christian-song-lyrics/
00134-doothalu-digivache.json,Doothalu Digivache,Pastor Sundar Paul,2,3,3,,2026-07-24,unlabelled-stanzas,https://christianstack.com/lyrics/doothalu-digivache-surya-prakash-telugu-christmas-song-lyrics/
00135-raaraju-janminchenu.json,Raaraju Janminchenu,Syam Sundar,7,4,4,,2026-07-24,stanza-count-mismatch te=5 en=7; renumbered-3,https://christianstack.com/lyrics/raaraju-janminchenu-2-syam-sundar-telugu-christian-lyrics/
00136-samarpana-kaligina-hrudhayamutho.json,Samarpana Kaligina Hrudhayamutho,Ps. Yohan,7,4,4,,2026-07-24,renumbered-2,https://christianstack.com/lyrics/samarpana-kaligina-hrudhayamutho-swaragh-keerthan-telugu-christmas-lyrics/
00137-santhosha-sambarame.json,Santhosha Sambarame,Dr. Akumarthi Daniel,3,4,4,,2026-07-24,renumbered-2,https://christianstack.com/lyrics/santhosha-sambarame-sharon-sisters-telugu-christian-lyrics/
00138-velasinadu-raju.json,Velasinadu Raju,Frany Francis,4,2,2,,2026-07-24,unlabelled-stanzas,https://christianstack.com/lyrics/velasinadu-raju-frany-francis-telugu-christmas-song-lyrics/
00139-yessaiah-puttadu-manakosam.json,Yessaiah Puttadu Manakosam,Bro. Rajesh,5,4,4,,2026-07-24,renumbered-2,https://christianstack.com/lyrics/yessaiah-puttadu-manakosam-joshua-gariki-telugu-christian-lyrics/
00140-yugayugamulalo.json,Yugayugamulalo,Bishop John Markandeya,8,3,3,,2026-07-24,unlabelled-stanzas,https://christianstack.com/lyrics/yugayugamulalo-anwesshaa-telugu-christian-lyrics/
00141-ananthamainadi-nee-prema.json,Ananthamainadi Nee Prema,KR John,1,6,6,,2026-07-24,unlabelled-stanzas,https://christianstack.com/lyrics/telugu-lyrics/ananthamainadi-nee-prema-k-r-john-telugu-christian-song-lyrics/
00142-jaya-dhvanulu.json,Jaya Dhvanulu,Samy Pachigalla,4,4,4,,2026-07-24,renumbered-2,https://christianstack.com/lyrics/jaya-dhvanulu-samy-pachigalla-telugu-christian-lyrics/
00143-kristhu-puttuka.json,Kristhu Puttuka,Bro. Yosepu,2,6,6,,2026-07-24,,https://christianstack.com/lyrics/kristhu-puttuka-sai-vagdevi-jessica-telugu-christian-lyrics/
00144-nee-chithame.json,Nee Chithame,Pastor Ravinder Vottepu,1,2,2,,2026-07-24,,https://christianstack.com/lyrics/nee-chithame-ravinder-vottepu-telugu-christian-song-lyrics/
00145-nee-sannidhilo.json,Nee Sannidhilo,A R Stevenson,3,5,5,,2026-07-24,,https://christianstack.com/lyrics/nee-sannidhilo-a-r-stevenson-telugu-christian-lyrics/
00146-parishudhatma.json,Parishudhatma,Jessica Rayudu,2,2,2,,2026-07-24,,https://christianstack.com/lyrics/parishudhatma-jessica-rayudu-telugu-christian-lyrics/
00147-puttinadu-rajularaju.json,Puttinadu Rajularaju,Bro.Kishore Babu Tappeta,8,4,4,,2026-07-24,renumbered-3,https://christianstack.com/lyrics/puttinadu-rajularaju-sudhakar-rella-telugu-christian-lyrics/
00148-raajula-raju.json,Raajula Raju,Shyam Joseph,6,4,6,,2026-07-24,stanza-count-mismatch te=6 en=5; unlabelled-stanzas,https://christianstack.com/lyrics/raajula-raju-paul-emmanuel-telugu-christian-lyrics/
00149-sambarame-ika-madilo.json,Sambarame Ika Madilo,Prudhvi Raj,3,8,8,,2026-07-24,renumbered-2,https://christianstack.com/lyrics/sambarame-ika-madilo-prudhvi-raj-telugu-christian-lyrics/
00150-sarvalokaana.json,Sarvalokaana,,1,2,2,,2026-07-24,unlabelled-stanzas,https://christianstack.com/lyrics/sarvalokaana-shor-duniya-mein-manoj-david-telugu-christian-lyrics/
00151-anukonuta-nerpayya.json,Anukonuta Nerpayya,Sunder Paidipamula,4,2,2,,2026-07-24,renumbered-3,https://christianstack.com/lyrics/anukonuta-nerpayya-sunder-paidipamula-telugu-christian-lyrics/
00152-chedariponi-nee-prema.json,Chedariponi Nee Prema,Dr John Wesly,3,4,4,,2026-07-24,unlabelled-stanzas,https://christianstack.com/lyrics/chedariponi-nee-prema-john-wesly-telugu-christian-lyrics/
00153-christmas-subhavelalo-3.json,Christmas Subhavelalo-3,Suresh Nittala,4,2,2,,2026-07-24,unlabelled-stanzas,https://christianstack.com/lyrics/christmas-subhavelalo-3-sharon-sisters-telugu-christian-lyrics/
00154-dhoothalatho-kalisi.json,Dhoothalatho Kalisi,Seenanna,3,4,4,,2026-07-24,,https://christianstack.com/lyrics/dhoothalatho-kalisi-seenanna-telugu-christian-lyrics/
00155-okka-kshanamaina.json,Okka Kshanamaina,Dr P Satish Kumar,3,4,4,,2026-07-24,renumbered-2,https://christianstack.com/lyrics/okka-kshanamaina-suhaas-prince-telugu-christian-lyrics/
00156-pashuvula-paakalo.json,Pashuvula Paakalo,Daniel Muchumarri,16,1,1,,2026-07-24,renumbered-3,https://christianstack.com/lyrics/pashuvula-paakalo-sudhakar-rella-telugu-christian-lyrics/
00157-rajadhi-raju-sambaralu-8.json,Rajadhi Raju ( Sambaralu 8 ),Joshua Shaik,9,2,2,,2026-07-24,stanza-count-mismatch te=8 en=9; renumbered-4,https://christianstack.com/lyrics/rajadhi-raju-sambaralu-8-joshua-shaik-telugu-christian-lyrics/
00158-stuthi-aradhana.json,Stuthi Aradhana,Evan Mark Ronald,7,3,3,,2026-07-24,,https://christianstack.com/lyrics/stuthi-aradhana-evan-mark-ronald-telugu-christian-song-lyrics/
00159-thallilaa-aadhaarna.json,Thallilaa Aadhaarna,Ravi Bharath,6,3,3,,2026-07-24,renumbered-4,https://christianstack.com/lyrics/thallilaa-aadhaarna-asher-andrew-telugu-christian-lyrics/
00160-yudhula-raju-2.json,Yudhula Raju 2,Sunil Yeleti,2,4,4,,2026-07-24,,https://christianstack.com/lyrics/yudhula-raju-2-sunil-yeleti-moses-dany-telugu-christmas-song-lyrics/
00161-bhayamu-chendhaku-bhakthudaa.json,Bhayamu Chendhaku Bhakthudaa,,4,6,6,,2026-07-24,stanza-count-mismatch te=4 en=3,https://christianstack.com/lyrics/bhayamu-chendhaku-bhakthudaa-pradeep-reddy-telugu-christian-lyrics/
00162-bratikedanu-prabhu-ni-kosame.json,Bratikedanu Prabhu Ni Kosame,Pastor William Carey Paul,3,3,3,,2026-07-24,unlabelled-stanzas,https://christianstack.com/lyrics/bratikedanu-prabhu-ni-kosame-william-carey-paul-telugu-christian-lyrics/
00163-edaina-saadhyame.json,Edaina Saadhyame,Prabhod Kumar Adusumilli,1,2,2,,2026-07-24,,https://christianstack.com/lyrics/edaina-saadhyame-prabhod-kumar-telugu-christian-song-lyrics/
00164-idigo.json,Idigo,Apostle P.S. Rambabu,5,3,3,,2026-07-24,stanza-count-mismatch te=4 en=5; unlabelled-stanzas,https://christianstack.com/lyrics/idigo-ruben-sandesh-p-s-rambabu-telugu-christian-lyrics/
00165-kadhey.json,Kadhey,Reshma Reigna,11,4,4,,2026-07-24,renumbered-1,https://christianstack.com/lyrics/kadhey-revanth-reynold-reshma-reigna-telugu-christian-lyrics/
00166-mahonnathuda.json,Mahonnathuda,A R Stevenson,5,4,4,,2026-07-24,stanza-count-mismatch te=4 en=5; renumbered-3,https://christianstack.com/lyrics/mahonnathuda-a-r-stevenson-telugu-christian-lyrics/
00167-nishabdhamlo.json,Nishabdhamlo,Reshma Reigna,5,6,7,,2026-07-24,unlabelled-stanzas,https://christianstack.com/lyrics/nishabdhamlo-revanth-reynold-reshma-reigna-telugu-christian-lyrics/
00168-stuthiyu-mahimayu.json,Stuthiyu Mahimayu,Sam Benny Paul,3,2,2,,2026-07-24,unlabelled-stanzas,https://christianstack.com/lyrics/stuthiyu-mahimayu-sam-benny-paul-telugu-christian-lyrics/
00169-thappipoyina-gorrenu-nenu.json,Thappipoyina Gorrenu Nenu,Shyam Joseph,2,4,4,,2026-07-24,unlabelled-stanzas,https://christianstack.com/lyrics/thappipoyina-gorrenu-nenu-paul-emmanuel-telugu-christian-lyrics-2/
00170-virigina-manasa.json,Virigina Manasa,Paul Moses,6,2,2,,2026-07-24,stanza-count-mismatch te=6 en=5; renumbered-2,https://christianstack.com/lyrics/virigina-manasa-paul-moses-telugu-christian-lyrics/
00171-bhajana-cheyuchu.json,Bhajana Cheyuchu,Rev. Arogyam Dorasami,4,2,2,,2026-07-24,unlabelled-stanzas,https://christianstack.com/lyrics/bhajana-cheyuchu-andhra-kraisthava-keerthanalu-telugu-christian-lyrics/
00172-kantipaapalaa-kaachinaavayyaa.json,Kantipaapalaa Kaachinaavayyaa,Kranthi Chepuri,2,6,6,,2026-07-24,unlabelled-stanzas,https://christianstack.com/lyrics/kantipaapalaa-kaachinaavayyaa-kranthi-chepuri-telugu-christian-lyrics/
00173-mahima-neeke.json,Mahima Neeke,Usha Rani & Queeny Victoria,7,2,2,,2026-07-24,renumbered-3,https://christianstack.com/lyrics/mahima-neeke-queeny-victoria-telugu-christian-lyrics/
00174-ninu-matrame-ne-nammanaya.json,Ninu Matrame Ne Nammanaya,John J,1,5,5,,2026-07-24,,https://christianstack.com/lyrics/ninu-matrame-ne-nammanaya-john-j-telugu-christian-lyrics/
00175-prathi-dinamu-ne-anugrahame.json,Prathi Dinamu Ne Anugrahame,Pastor Moses Dayakar,7,2,3,,2026-07-24,renumbered-3,https://christianstack.com/lyrics/prathi-dinamu-ne-anugrahame-sameera-bharadwaj-telugu-christian-lyrics/
00176-sthothram-cheya.json,Sthothram Cheya,Pr D.Isaac Gnana Raj,3,5,5,,2026-07-24,unlabelled-stanzas,https://christianstack.com/lyrics/sthothram-cheya-isaac-gnana-raj-telugu-christian-lyrics/
00177-sthuthi-chellinchedamu.json,Sthuthi Chellinchedamu,Tuluri Sinai Sunath,8,4,4,,2026-07-24,stanza-count-mismatch te=7 en=8; unlabelled-stanzas,https://christianstack.com/lyrics/sthuthi-chellinchedamu-sinai-sunath-telugu-christian-lyrics/
00178-sthuthiyumahima.json,Sthuthiyumahima,Kanna Reyon,4,4,4,,2026-07-24,unlabelled-stanzas,https://christianstack.com/lyrics/sthuthiyumahima-kanna-reyon-telugu-christian-lyrics/
00179-ye-stithilo-unnanu.json,Ye Stithilo Unnanu,S.Ratna Babu,4,2,2,,2026-07-24,renumbered-3,https://christianstack.com/lyrics/ye-stithilo-unnanu-vagdevi-telugu-christian-lyrics/
00180-yesu-pilustunnadu.json,Yesu Pilustunnadu,Bro. Rakesh Paul,12,2,2,,2026-07-24,renumbered-2,https://christianstack.com/lyrics/yesu-pilustunnadu-mohammad-irfan-telugu-christian-lyrics/
00181-aashalanni.json,Aashalanni,Giftson Durai,5,8,5,,2026-07-24,stanza-count-mismatch te=4 en=5; renumbered-3,https://christianstack.com/lyrics/aashalanni-giftson-durai-telugu-christian-lyrics/
00182-gambheera-shabdhamutho.json,Gambheera Shabdhamutho,Martin Luther King MV,2,4,4,,2026-07-24,,https://christianstack.com/lyrics/gambheera-shabdhamutho-john-vittney-telugu-christian-lyrics/
00183-meriseti-taarala.json,Meriseti Taarala,Joshua Shaik & Deva Prasad,2,5,5,,2026-07-24,,https://christianstack.com/lyrics/meriseti-taarala-joshua-shaik-telugu-christian-lyrics/
00184-naa-prardhana.json,Naa Prardhana,Joshi Prashanth,5,5,5,,2026-07-24,unlabelled-stanzas,https://christianstack.com/lyrics/naa-prardhana-joshi-prashanth-telugu-christian-lyrics/
00185-naalo-unna-yesayya.json,Naalo Unna Yesayya,Lawrence,3,3,3,,2026-07-24,unlabelled-stanzas,https://christianstack.com/lyrics/naalo-unna-yesayya-lawrence-telugu-christian-lyrics/
00186-neeve-kavaalesayya.json,Neeve Kavaalesayya,Blessy Kingsley,3,2,2,,2026-07-24,renumbered-2,https://christianstack.com/lyrics/neeve-kavaalesayya-sudhakar-rella-telugu-christian-lyrics/
00187-nilicheadha-neesaakhigaa.json,Nilicheadha Neesaakhigaa,Swarna,3,2,4,,2026-07-24,renumbered-2,https://christianstack.com/lyrics/nilicheadha-neesaakhigaa-elijah-evangeline-telugu-christian-lyrics/
00188-parishudhathmuda.json,Parishudhathmuda,,4,4,4,,2026-07-24,stanza-count-mismatch te=4 en=3,https://christianstack.com/lyrics/parishudhathmuda-kranthi-aravelli-telugu-christian-lyrics/
00189-pilichinavadavu.json,Pilichinavadavu,Eli Moses,4,6,6,,2026-07-24,renumbered-2,https://christianstack.com/lyrics/pilichinavadavu-eli-moses-telugu-christian-lyrics/
00190-sarvamu-sadhyamu.json,Sarvamu Sadhyamu,Duba Willi & D Paripurna,4,5,5,,2026-07-24,unlabelled-stanzas,https://christianstack.com/lyrics/sarvamu-sadhyamu-duba-willi-telugu-christian-lyrics/
00191-meriseti-taarala.json,Meriseti Taarala,"Joshua Shaik, Deva Prasad",2,5,5,,2026-07-24,stanza-count-mismatch te=2 en=1,https://christianstack.com/lyrics/meriseti-taarala-joshua-shaik-pranam-kamlakhar-telugu-song-lyrics/
00192-na-kosam-pranam-pettina.json,Na Kosam Pranam Pettina,Pastor Paul Raju,3,4,4,,2026-07-24,unlabelled-stanzas,https://christianstack.com/lyrics/na-kosam-pranam-pettina-dhanya-tryphosa-telugu-christian-lyrics/
00193-naa-kosam.json,Naa Kosam,Nathanael,2,6,6,,2026-07-24,unlabelled-stanzas,https://christianstack.com/lyrics/naa-kosam-samuel-paul-rowthu-telugu-christian-lyrics/
00194-nadhila.json,Nadhila,Srimanth katamala,1,1,1,,2026-07-24,,https://christianstack.com/lyrics/nadhila-srimanth-katamala-telugu-christian-song-lyrics/
00195-nee-sannidhi.json,Nee Sannidhi,Kishore Kathula,2,8,8,,2026-07-24,unlabelled-stanzas,https://christianstack.com/lyrics/nee-sannidhi-jeeva-r-pakerla-telugu-christian-lyrics/
00196-nireekshana.json,Nireekshana,Anu Roy Samuel featuring Rufus Ganta,5,1,2,,2026-07-24,,https://christianstack.com/lyrics/nireekshana-anu-samuel-rufus-ganta-telugu-christian-song-lyrics/
00197-saricheyumo-devaa.json,Saricheyumo Devaa,Kranthi Chepuri,2,4,4,,2026-07-24,unlabelled-stanzas,https://christianstack.com/lyrics/saricheyumo-devaa-hadlee-xavier-telugu-christian-lyrics/
00198-swasthaparachu-devudu.json,Swasthaparachu Devudu,Kranthi Chepuri,1,8,8,,2026-07-24,unlabelled-stanzas,https://christianstack.com/lyrics/swasthaparachu-devudu-kranthi-chepuri-erusha-telugu-christian-song-lyrics/
00199-swasthatha.json,Swasthatha,"Merlyn Salvadi, Kenny Salvadi",6,8,8,,2026-07-24,unlabelled-stanzas,https://christianstack.com/lyrics/swasthatha-merlyn-salvadi-kenny-salvadi-telugu-christian-song-lyrics/
00200-elshaddai.json,ఎల్ షద్దాయ్ (Elshaddai),Gersson Edinbaro,4,4,4,,2026-07-24,unlabelled-stanzas,https://christianstack.com/lyrics/%e0%b0%8e%e0%b0%b2%e0%b1%8d-%e0%b0%b7%e0%b0%a6%e0%b1%8d%e0%b0%a6%e0%b0%be%e0%b0%af%e0%b1%8d-elshaddai-gersson-edinbaro-telugu-christian-song-lyrics/
00201-adonai-suryodayamu-modhalokuni.json,Adonai (Suryodayamu Modhalokuni),,17,4,4,,2026-07-24,stanza-count-mismatch te=17 en=15; unlabelled-stanzas,https://christianstack.com/lyrics/adonai-suryodayamu-modhalokuni-raj-prakash-paul-telugu-christian-lyrics/
00202-antha-nee-krupa.json,Antha Nee Krupa,Prakash Halmidi,10,3,4,,2026-07-24,stanza-count-mismatch te=8 en=10; unlabelled-stanzas,https://christianstack.com/lyrics/antha-nee-krupa-sudheer-daniel-telugu-christian-lyrics/
00203-arhuda.json,Arhuda,Vijay Kondapuram,11,2,2,,2026-07-24,renumbered-2,https://christianstack.com/lyrics/arhuda-vijay-kondapuram-allen-ganta-telugu-christian-lyrics/
00204-asamanudainavadu.json,Asamanudainavadu,Pastor David Varma,4,8,8,,2026-07-24,stanza-count-mismatch te=3 en=4; renumbered-1,https://christianstack.com/lyrics/asamanudainavadu-david-varma-telugu-christian-lyrics/
00205-bangaru-vendikanna-yesayya.json,Bangaru Vendikanna Yesayya,Pastor Freddy Paul,4,5,3,,2026-07-24,,https://christianstack.com/lyrics/bangaru-vendikanna-yesayya-freddy-paul-telugu-christian-lyrics/
00206-digulu-padaku-nesthama.json,Digulu Padaku Nesthama,Sister Lakshmi Kumari,3,4,4,,2026-07-24,,https://christianstack.com/lyrics/digulu-padaku-nesthama-jessica-blessy-telugu-christian-lyrics/
00207-kaaparivai.json,Kaaparivai,Ameeth Evans,13,2,2,,2026-07-24,unlabelled-stanzas; renumbered-1,https://christianstack.com/lyrics/kaaparivai-ameeth-evans-telugu-christian-lyrics/
00208-kruthagnatha.json,Kruthagnatha,Suneeth Bobby,3,5,5,,2026-07-24,,https://christianstack.com/lyrics/kruthagnatha-hanok-raj-adbutha-sunemi-telugu-christian-lyrics/
00209-naa-chethulethi.json,Naa Chethulethi,"Sam Alex, Cameron Mendes & Samarth Shukla",6,2,2,,2026-07-24,,https://christianstack.com/lyrics/naa-chethulethi-b-david-benjamin-telugu-christian-lyrics/
00210-nee-krupatho-santhrupthi.json,Nee Krupatho Santhrupthi,Bandela Naga Raju,3,4,4,,2026-07-24,renumbered-2,https://christianstack.com/lyrics/nee-krupatho-santhrupthi-nissi-john-telugu-christian-lyrics/
00211-anduko-naa-upavasa.json,Anduko Naa Upavasa,,4,4,4,,2026-07-24,unlabelled-stanzas,https://christianstack.com/lyrics/anduko-naa-upavasa-b-jeremiah-telugu-christian-lyrics/
00212-kananu-yatralo.json,Kananu Yatralo,Pastor David Paul,2,4,4,,2026-07-24,,https://christianstack.com/lyrics/kananu-yatralo-david-paul-telugu-christian-lyrics/
00213-leru-evaru-neela.json,Leru Evaru Neela,Raja Mandru & Bro. Bharath Mandru,2,9,9,,2026-07-24,,https://christianstack.com/lyrics/leru-evaru-neela-joshua-joshi-mandru-telugu-christian-lyrics/
00214-na-pranam-neevenayya.json,Na Pranam Neevenayya,Bro.Philliph Prakash,2,3,3,,2026-07-24,,https://christianstack.com/lyrics/na-pranam-neevenayya-philliph-prakash-telugu-christian-lyrics/
00215-naa-jeevithakaalamantha.json,Naa Jeevithakaalamantha,Pastor Daniel,6,3,3,,2026-07-24,renumbered-2,https://christianstack.com/lyrics/naa-jeevithakaalamantha-sandhya-daniel-telugu-christian-lyrics/
00216-naa-kedama.json,Naa Kedama,Ps. Vijay Kumar,3,3,3,,2026-07-24,,https://christianstack.com/lyrics/naa-kedama-sharon-philip-telugu-christian-lyrics/
00217-nee-premanu-minchina.json,Nee Premanu Minchina,James Lazarus Narukurthi,2,6,6,,2026-07-24,unlabelled-stanzas,https://christianstack.com/lyrics/nee-premanu-minchina-james-lazarus-telugu-christian-lyrics/
00218-sthiraparachuvaadavu.json,Sthiraparachuvaadavu,Daniel Praneeth,1,3,3,,2026-07-24,,https://christianstack.com/lyrics/sthiraparachuvaadavu-daniel-praneeth-giftson-durai-telugu-christian-lyrics/
00219-yehova-dayaludu.json,Yehova Dayaludu,Y P Prasad,7,3,4,,2026-07-24,stanza-count-mismatch te=6 en=7; renumbered-2,https://christianstack.com/lyrics/yehova-dayaludu-s-p-sailaja-telugu-christian-lyrics/
00220-yesuku-ammiveyabaddadhaananu.json,Yesuku Ammiveyabaddadhaananu,Ps. Manasa,7,5,5,,2026-07-24,renumbered-2,https://christianstack.com/lyrics/yesuku-ammiveyabaddadhaananu-manasa-telugu-christian-lyrics/
00221-dhavala-simhaasanam.json,Dhavala Simhaasanam,Prem Kodali,5,4,4,,2026-07-24,unlabelled-stanzas,https://christianstack.com/lyrics/dhavala-simhaasanam-nissy-john-telugu-christian-lyrics/
00222-gauravaneeyuda-galaliyavada.json,Gauravaneeyuda Galaliyavada,John Sandeep,2,3,3,,2026-07-24,,https://christianstack.com/lyrics/gauravaneeyuda-galaliyavada-sireesha-telugu-christian-lyrics/
00223-goppavada.json,Goppavada,Sridhar Eethakota,5,2,2,,2026-07-24,renumbered-2,https://christianstack.com/lyrics/goppavada-sridhar-eethakota-telugu-christian-lyrics/
00224-jayamiche-na-deva.json,Jayamiche Na Deva,Pastor Ronald Ross featuring Giftson Durai,7,3,2,,2026-07-24,stanza-count-mismatch te=5 en=7; unlabelled-stanzas,https://christianstack.com/lyrics/jayamiche-na-deva-ronald-ross-giftson-durai-telugu-christian-lyrics/
00225-nee-krupalenide.json,Nee Krupalenide,John Wesly Pakalapati,9,4,4,,2026-07-24,stanza-count-mismatch te=8 en=9; renumbered-6,https://christianstack.com/lyrics/nee-krupalenide-john-wesly-bhanu-pala-telugu-christian-lyrics/
00226-neeve-naaku-aadharam.json,Neeve Naaku Aadharam,Pas. Vinay Kumar,2,5,5,,2026-07-24,unlabelled-stanzas,https://christianstack.com/lyrics/neeve-naaku-aadharam-nissy-john-english-christian-lyrics/
00227-neevu-thodai-undagaa.json,Neevu Thodai Undagaa,Joshua Katta,8,3,2,,2026-07-24,stanza-count-mismatch te=5 en=8; renumbered-2,https://christianstack.com/lyrics/neevu-thodai-undagaa-enosh-kumar-telugu-christian-lyrics/
00228-neevunte-chalayya.json,Neevunte Chalayya,M. Manoj Kumar,3,3,4,,2026-07-24,renumbered-2,https://christianstack.com/lyrics/neevunte-chalayya-m-manoj-kumar-telugu-christian-lyrics/
00229-oka-kshanamaina.json,Oka Kshanamaina,Raja & Smiley Raja,13,4,4,,2026-07-24,stanza-count-mismatch te=13 en=10; renumbered-3,https://christianstack.com/lyrics/oka-kshanamaina-prasanth-penumaka-telugu-christian-lyrics/
00230-sameepimparaani.json,Sameepimparaani,Anil Vemula,4,4,6,,2026-07-24,renumbered-3,https://christianstack.com/lyrics/sameepimparaani-ky-ratnam-telugu-christian-lyrics/
00231-devaa-nee-sannidhilone.json,Devaa Nee Sannidhilone,Symonpeter Chevuri,2,4,4,,2026-07-24,,https://christianstack.com/lyrics/devaa-nee-sannidhilone-preethi-david-telugu-christian-lyrics/
00232-idhe-kadha-jeevitham.json,Idhe Kadha Jeevitham,Joshua Shaik,2,5,5,,2026-07-24,,https://christianstack.com/lyrics/idhe-kadha-jeevitham-anwesshaa-dutt-telugu-christian-lyrics/
00233-krupa-vembadi-krupalo.json,Krupa Vembadi Krupalo,,3,4,4,,2026-07-24,renumbered-2,https://christianstack.com/lyrics/krupa-vembadi-krupalo-paul-emmanuel-telugu-christian-lyrics/
00234-na-chinni-prardhana.json,Na Chinni Prardhana,Samy Pachigalla,1,3,3,,2026-07-24,,https://christianstack.com/lyrics/na-chinni-prardhana-samy-pachigalla-telugu-christian-lyrics/
00235-nee-krupa-baahulyamutho.json,Nee Krupa Baahulyamutho,P J Stephen Paul,1,4,4,,2026-07-24,unlabelled-stanzas,https://christianstack.com/lyrics/nee-krupa-baahulyamutho-p-j-stephen-paul-telugu-christian-lyrics/
00236-nee-sannidhi-chalu.json,Nee Sannidhi Chalu,Evangelist Sam Prasad,12,2,8,,2026-07-24,stanza-count-mismatch te=10 en=12; renumbered-3,https://christianstack.com/lyrics/nee-sannidhi-chalu-abhi-joy-telugu-christian-lyrics/
00237-nee-udayakanthilo.json,Nee Udayakanthilo,Lillian Christopher,1,4,4,,2026-07-24,unlabelled-stanzas,https://christianstack.com/lyrics/nee-udayakanthilo-lillian-christopher-telugu-christian-lyrics/
00238-nyaayamuga.json,Nyaayamuga,K.SatyaVeda Sagar,1,5,5,,2026-07-24,unlabelled-stanzas,https://christianstack.com/lyrics/nyaayamuga-nadha-priya-telugu-christian-lyrics/
00239-sameepimparaani.json,Sameepimparaani,Anil Vemula,1,4,4,,2026-07-24,unlabelled-stanzas,https://christianstack.com/lyrics/sameepimparaani-anil-vemula-ky-ratnam-telugu-christian-lyrics/
00240-ye-reethiga.json,Ye Reethiga,Bishop Dr. Pandiri Moses,6,2,2,,2026-07-24,renumbered-2,https://christianstack.com/lyrics/ye-reethiga-dr-pandiri-moses-telugu-christian-lyrics/
00241-balavanthuda.json,Balavanthuda,A.R.Stevenson,4,5,5,,2026-07-24,unlabelled-stanzas; renumbered-3,https://christianstack.com/lyrics/balavanthuda-a-r-stevenson-telugu-christian-lyrics/
00242-evaremanukuntunna.json,Evaremanukuntunna,Saahus Prince,1,4,4,,2026-07-24,unlabelled-stanzas,https://christianstack.com/lyrics/evaremanukuntunna-suhaas-prince-telugu-christian-lyrics/
00243-jaalari-jaalari-jaalarivo.json,Jaalari Jaalari Jaalarivo,Pastor B.Issac,1,1,2,,2026-07-24,unlabelled-stanzas,https://christianstack.com/lyrics/jaalari-jaalari-jaalarivo-vagdevi-telugu-christian-lyrics/
00244-krupa-kaligina-vaada.json,Krupa Kaligina Vaada,Bro.T.Vijayanand,1,2,2,,2026-07-24,unlabelled-stanzas,https://christianstack.com/lyrics/krupa-kaligina-vaada-vagdevi-telugu-christian-lyrics/
00245-memu-paadedham.json,Memu Paadedham,Daniel Surya Avula,1,4,4,,2026-07-24,unlabelled-stanzas,https://christianstack.com/lyrics/memu-paadedham-daniel-surya-avula-telugu-christian-lyrics/
00246-naa-baagaswamini.json,Naa Baagaswamini,Joshi Ennam James & Prathima Ennam,5,4,4,,2026-07-24,unlabelled-stanzas,https://christianstack.com/lyrics/naa-baagaswamini-enosh-kumar-telugu-christian-lyrics/
00247-nee-krupa-lenidhe-nee-daya.json,Nee Krupa Lenidhe Nee Daya,Pastor. Samuel Nethala,1,5,5,,2026-07-24,unlabelled-stanzas,https://christianstack.com/lyrics/nee-krupa-lenidhe-nee-daya-raji-lekhana-telugu-christian-lyrics/
00248-neeve-chalunu-yesu.json,Neeve Chalunu Yesu,Percy Bhanu,2,4,4,,2026-07-24,unlabelled-stanzas,https://christianstack.com/lyrics/neeve-chalunu-yesu-anwesshaa-dutt-telugu-christian-lyrics/
00249-yela-padanu.json,Yela Padanu,Pastor. Prabhu Bhushan Prathipati,7,7,4,,2026-07-24,stanza-count-mismatch te=2 en=7; renumbered-1,https://christianstack.com/lyrics/yela-padanu-raji-lekhana-telugu-christian-lyrics/
00250-yesayya-yesayya.json,Yesayya Yesayya,P J Stephen Paul,2,8,8,,2026-07-24,stanza-count-mismatch te=2 en=1,https://christianstack.com/lyrics/yesayya-yesayya-p-j-stephen-paul-telugu-christian-lyrics/
00251-datipobokaya.json,Datipobokaya,Pastor B Shalem Raju,1,5,5,,2026-07-24,unlabelled-stanzas,https://christianstack.com/lyrics/datipobokaya-shalem-raju-telugu-christian-lyrics/
00252-el-shama.json,El Shama,Jessy Paul,4,4,4,,2026-07-24,unlabelled-stanzas,https://christianstack.com/lyrics/el-shama-jessy-paul-raj-prakash-paul-telugu-christian-lyrics/
00253-kalamulatho-rayagalama.json,Kalamulatho Rayagalama,Daniel J. Kiran,4,8,8,,2026-07-24,unlabelled-stanzas,https://christianstack.com/lyrics/kalamulatho-rayagalama-jyothi-raju-telugu-christian-lyrics/
00254-ley-nilabadu.json,Ley Nilabadu,P James,3,6,5,,2026-07-24,,https://christianstack.com/lyrics/ley-nilabadu-p-james-telugu-christian-lyrics/
00255-naalo-neevu-neelo-nenu.json,Naalo Neevu Neelo Nenu,Pastor B Shalem Raju,3,4,4,,2026-07-24,,https://christianstack.com/lyrics/naalo-neevu-neelo-nenu-shalem-raju-telugu-christian-lyrics/
00256-nadipisthaadu.json,Nadipisthaadu,A.R.Stevenson,1,3,3,,2026-07-24,unlabelled-stanzas,https://christianstack.com/lyrics/nadipisthaadu-a-r-stevenson-telugu-christian-lyrics/
00257-nannu-choochuvaada.json,Nannu Choochuvaada,Father S J Berchmans,8,2,2,,2026-07-24,renumbered-3,https://christianstack.com/lyrics/nannu-choochuvaada-s-j-berchmans-telugu-christian-lyrics/
00258-nannu-viduvaka.json,Nannu Viduvaka,Dr P Satish Kumar,3,2,2,,2026-07-24,renumbered-2,https://christianstack.com/lyrics/nannu-viduvaka-suhaas-prince-telugu-christian-lyrics/
00259-neetho-unte-jeevitham.json,Neetho Unte Jeevitham,Robert Stoll,2,6,6,,2026-07-24,,https://christianstack.com/lyrics/neetho-unte-jeevitham-raj-prakash-paul-jessy-paul-telugu-christian-lyrics/
00260-thappipoyina-gorrenu-nenu.json,Thappipoyina Gorrenu Nenu,Shyam Joseph,2,4,4,,2026-07-24,,https://christianstack.com/lyrics/thappipoyina-gorrenu-nenu-paul-emmanuel-telugu-christian-lyrics/
00261-maruvanu-deva.json,Maruvanu Deva,Paul Moses,2,2,4,,2026-07-24,unlabelled-stanzas,https://christianstack.com/lyrics/maruvanu-deva-paul-moses-evan-mark-ronald-telugu-christian-lyrics/
00262-naa-paapa-bhaaram.json,Naa Paapa Bhaaram,,4,5,5,,2026-07-24,unlabelled-stanzas,https://christianstack.com/lyrics/naa-paapa-bhaaram-keerthi-mehra-telugu-christian-lyrics/
00263-naa-yesayya.json,Naa Yesayya,Dr P Satish Kumar,2,11,4,,2026-07-24,stanza-count-mismatch te=1 en=2; unlabelled-stanzas,https://christianstack.com/lyrics/naa-yesayya-suhaas-prince-satish-kumar-telugu-christian-lyrics/
00264-nee-krupatishayamu.json,Nee Krupatishayamu,Asher Andrew,1,3,3,,2026-07-24,unlabelled-stanzas,https://christianstack.com/lyrics/nee-krupatishayamu-asher-andrew-telugu-christian-lyrics/
00265-nee-raktam.json,Nee Raktam,Raj Prakash Paul,9,3,4,,2026-07-24,stanza-count-mismatch te=8 en=9,https://christianstack.com/lyrics/nee-raktam-raj-prakash-paul-jayapaul-telugu-christian-lyrics/
00266-nee-thyagam.json,Nee Thyagam,Pastor John Wesly,3,4,4,,2026-07-24,renumbered-2,https://christianstack.com/lyrics/nee-thyagam-john-wesly-telugu-christian-lyrics/
00267-pindamunai-nenu.json,Pindamunai Nenu,Surya Teja,2,4,4,,2026-07-24,unlabelled-stanzas,https://christianstack.com/lyrics/pindamunai-nenu-surya-teja-pooja-beulah-telugu-christian-lyrics/
00268-rare-chuthamu.json,Rare Chuthamu,Sri. Chettu Bhanumurthy,1,4,4,,2026-07-24,unlabelled-stanzas,https://christianstack.com/lyrics/rare-chuthamu-chettu-bhanumurthy-telugu-christian-lyrics/
00269-sharonu-rojave.json,Sharonu Rojave,Pastor Nirmal Elroi,2,2,2,,2026-07-24,,https://christianstack.com/lyrics/sharonu-rojave-anu-samuel-john-rohith-telugu-christian-lyrics/
00270-stuthulivigo-na-prabhuva.json,Stuthulivigo Na Prabhuva,Raj Prakash Paul,1,9,4,,2026-07-24,unlabelled-stanzas,https://christianstack.com/lyrics/stuthulivigo-na-prabhuva-raj-prakash-paul-telugu-christian-lyrics/
00271-baliinava.json,Baliinava,Praveen Paul,2,8,8,,2026-07-24,,https://christianstack.com/lyrics/baliinava-kjw-prem-telugu-christian-lyrics/
00272-inneluga-matho.json,Inneluga Matho,Sister Nissy Paul,5,4,4,,2026-07-24,unlabelled-stanzas; renumbered-2,https://christianstack.com/lyrics/inneluga-matho-nissy-paul-telugu-christian-lyrics/
00273-kanuma-siluvapai.json,Kanuma Siluvapai,Pastor John Wesley,6,4,2,,2026-07-24,stanza-count-mismatch te=5 en=6; renumbered-3,https://christianstack.com/lyrics/kanuma-siluvapai-john-wesly-telugu-christian-lyrics/
00274-minnayaina-prema.json,Minnayaina Prema,Prabhod Kumar Adusumilli,3,5,5,,2026-07-24,unlabelled-stanzas,https://christianstack.com/lyrics/minnayaina-prema-sireesha-telugu-christian-lyrics/
00275-neevu-unnavadavu.json,Neevu Unnavadavu,Benny Joshua,4,2,2,,2026-07-24,,https://christianstack.com/lyrics/neevu-unnavadavu-benny-joshua-telugu-christian-lyrics/
00276-paadana-kaneeti-swaram.json,Paadana Kaneeti Swaram,WCM Kiran Paul,2,6,8,,2026-07-24,unlabelled-stanzas,https://christianstack.com/lyrics/paadana-kaneeti-swaram-nissy-john-telugu-christian-lyrics/
00277-rudhiram.json,Rudhiram,Pastor Edurumondi John Chakravarthy,2,3,2,,2026-07-24,,https://christianstack.com/lyrics/rudhiram-john-chakravarthy-eli-moses-telugu-christian-lyrics/
00278-siddhapadudham.json,Siddhapadudham,Philip gariki,3,4,4,,2026-07-24,,https://christianstack.com/lyrics/siddhapadudham-sharon-sisters-telugu-christian-lyrics/
00279-tolakarivaana.json,Tolakarivaana,Hosanna Ministries featuring Pastor Freddy Paul,4,4,4,,2026-07-24,unlabelled-stanzas,https://christianstack.com/lyrics/tolakarivaana-hosanna-ministries-telugu-christian-lyrics/
00280-uhakandani-prema.json,Uhakandani Prema,Hosanna Ministries featuring Pastor John Wesley,3,6,6,,2026-07-24,unlabelled-stanzas,https://christianstack.com/lyrics/uhakandani-prema-hosanna-ministries-telugu-christian-lyrics/
00281-akshayuda.json,Akshayuda,"Pastor Ramesh, Hosanna Ministries",3,6,6,,2026-07-24,unlabelled-stanzas,https://christianstack.com/lyrics/akshayuda-hosanna-ministries-telugu-christian-lyrics/
00282-ashrayuda-naa.json,Ashrayuda Naa,Hosanna Ministries featuring Pastor Ramesh,4,6,7,,2026-07-24,stanza-count-mismatch te=4 en=3; unlabelled-stanzas,https://christianstack.com/lyrics/ashrayuda-naa-hosanna-ministries-telugu-christian-lyrics/
00283-jagamerigina-raaju.json,Jagamerigina Raaju,Hosanna Ministries featuring Bro. Yesanna,3,4,4,,2026-07-24,unlabelled-stanzas,https://christianstack.com/lyrics/jagamerigina-raaju-yesanna-telugu-christian-lyrics/
00284-jaya-sankethamaa.json,Jaya Sankethamaa,,3,4,4,,2026-07-24,,https://christianstack.com/lyrics/jaya-sankethamaa-pastor-john-wesley-telugu-christian-lyrics/
00285-parishudhuda-vandanamu.json,Parishudhuda Vandanamu,Daniel Muchumarri,1,3,3,,2026-07-24,unlabelled-stanzas,https://christianstack.com/lyrics/parishudhuda-vandanamu-jessica-blessy-sudhakar-rella-telugu-christian-lyrics/
00286-parishudhuda.json,Parishudhuda,Dr Jayapaul,1,5,5,,2026-07-24,unlabelled-stanzas,https://christianstack.com/lyrics/parishudhuda-jayapaul-telugu-christian-lyrics/
00287-sukumaaruda.json,Sukumaaruda,Hosanna Ministries featuring Pastor Abraham,3,6,6,,2026-07-24,unlabelled-stanzas,https://christianstack.com/lyrics/sukumaaruda-hosanna-ministries-telugu-christian-lyrics/
00288-trushna.json,Trushna,"Meghana Medapati, Good Shepherd Ministries, Vizag",1,4,4,,2026-07-24,,https://christianstack.com/lyrics/trushna-meghana-medapati-telugu-christian-lyrics/
00289-yesayye-naa-praanam.json,Yesayye Naa Praanam,Hosanna Ministries featuring Pastor Ramesh,4,5,5,,2026-07-24,unlabelled-stanzas,https://christianstack.com/lyrics/yesayye-naa-praanam-hosanna-ministries-telugu-christian-lyrics/
00290-yevarikki-yevaru.json,Yevarikki Yevaru,Bharat Mandru,1,4,4,,2026-07-24,unlabelled-stanzas,https://christianstack.com/lyrics/yevarikki-yevaru-evan-mark-ronald-telugu-christian-lyrics/
00291-andhala-tara-merisenu.json,Andhala Tara Merisenu,Rakesh Menda,1,6,6,,2026-07-24,,https://christianstack.com/lyrics/andhala-tara-merisenu-rakesh-menda-telugu-christmas-song-lyrics/
00292-bangaramu-veedhulunna.json,Bangaramu Veedhulunna,Sayaram Gattu,1,8,8,,2026-07-24,unlabelled-stanzas,https://christianstack.com/lyrics/bangaramu-veedhulunna-sayaram-gattu-hanok-raj-telugu-christian-lyrics/
00293-christmas-subhavelalo-2.json,Christmas Subhavelalo 2,Suresh Nittala,1,2,3,,2026-07-24,unlabelled-stanzas,https://christianstack.com/lyrics/christmas-subhavelalo-2-sharon-sisters-telugu-christian-lyrics/
00294-devude-maanavunigaa.json,Devude Maanavunigaa,"Late Dr. Joseph Moses K, Founder & Director, Gospel Torch Charitable Mission",1,3,3,,2026-07-24,unlabelled-stanzas,https://christianstack.com/lyrics/devude-maanavunigaa-joseph-moses-enoch-jagan-telugu-christmas-lyrics/
00295-jagamantha-panduga.json,Jagamantha Panduga,Kishore Babu Thappeta,1,5,5,,2026-07-24,unlabelled-stanzas,https://christianstack.com/lyrics/jagamantha-panduga-kishore-babu-anwesshaa-dutt-telugu-christian-lyrics/
00296-madhilona-ninnu.json,Madhilona Ninnu,Dr. Killari David Raju,1,4,4,,2026-07-24,,https://christianstack.com/lyrics/madhilona-ninnu-sreshta-karmoji-david-raju-telugu-christian-lyrics/
00297-merise-ningilo.json,Merise Ningilo,Dr. Visranth Christian,1,4,4,,2026-07-24,,https://christianstack.com/lyrics/merise-ningilo-visranth-christian-telugu-christmas-song-lyrics/
00298-raajula-raaju-puttenu.json,Raajula Raaju Puttenu,Shyam Joseph,3,0,0,,2026-07-24,no-main-stanza,https://christianstack.com/lyrics/raajula-raaju-puttenu-shyam-joseph-telugu-christian-lyrics/
00299-thirigi-vachina.json,Thirigi Vachina,Prudhvi Raj,1,3,3,,2026-07-24,,https://christianstack.com/lyrics/thirigi-vachina-prudhvi-raj-praveen-ritmos-telugu-christian-lyrics/
00300-yesuni-jananam.json,Yesuni Jananam,"Jeevan Louis, Silas featuring Divya Daniel",5,4,4,,2026-07-24,,https://christianstack.com/lyrics/yesuni-jananam-jeevan-louis-silas-telugu-christian-lyrics/
00301-bhayamu-ledu.json,Bhayamu Ledu,Raja Mandru,1,4,4,,2026-07-24,,https://christianstack.com/lyrics/bhayamu-ledu-raja-mandru-telugu-christian-lyrics/
00302-dunnani-beedu-bhoomulalo.json,Dunnani Beedu Bhoomulalo,Sunny Raj Kodavati,1,4,4,,2026-07-24,,https://christianstack.com/lyrics/dunnani-beedu-bhoomulalo-sunny-raj-enosh-kumar-telugu-christian-lyrics/
00303-ebenezere.json,Ebenezere,M.S.Suneeth Vardhan,1,4,4,,2026-07-24,unlabelled-stanzas,https://christianstack.com/lyrics/ebenezere-suneeth-vardhan-telugu-christian-lyrics/
00304-maananu-maananu.json,Maananu Maananu,Joel Kodali,1,4,4,,2026-07-24,unlabelled-stanzas,https://christianstack.com/lyrics/maananu-maananu-joel-kodali-daniel-j-kiran-telugu-christian-lyrics/
00305-naa-pakshamai-saakshyam.json,Naa Pakshamai Saakshyam,Kiran Paul,5,4,4,,2026-07-24,renumbered-2,https://christianstack.com/lyrics/naa-pakshamai-saakshyam-kiran-paul-telugu-christian-lyrics/
00306-naa-praanahithudaa.json,Naa Praanahithudaa,Barzillai Lanka Samuel,1,5,5,,2026-07-24,,https://christianstack.com/lyrics/naa-praanahithudaa-lb-samuel-surya-prakash-telugu-christian-lyrics/
00307-nee-krupatho.json,Nee Krupatho,Mrs. Grace Solomon,1,6,6,,2026-07-24,,https://christianstack.com/lyrics/nee-krupatho-john-pradeep-deva-priya-telugu-christian-lyrics/
00308-neeve-naku-thandrivani.json,Neeve Naku Thandrivani,Aronkumar Nakrekanti,1,4,4,,2026-07-24,unlabelled-stanzas,https://christianstack.com/lyrics/neeve-naku-thandrivani-aronkumar-telugu-christian-lyrics/
00309-stuthiyincheda-sarvonnatha.json,Stuthiyincheda Sarvonnatha,Joshua Shaik,2,2,2,,2026-07-24,unlabelled-stanzas,https://christianstack.com/lyrics/stuthiyincheda-sarvonnatha-pranam-kamlakhar-christian-lyrics/
00310-vinthaga.json,Vinthaga,Sis. Prasanna Bold,1,3,3,,2026-07-24,unlabelled-stanzas,https://christianstack.com/lyrics/vinthaga-prasanna-bold-telugu-christian-lyrics/
00311-aakasham-vypu.json,Aakasham Vypu,"Pastor Freddy Paul, Hosanna Ministries",5,5,5,,2026-07-24,stanza-count-mismatch te=5 en=1,https://christianstack.com/lyrics/aakasham-vypu-freddy-paul-telugu-christian-song-lyrics/
00312-adharinchumayya.json,Adharinchumayya,Dr P Satish Kumar,1,3,3,,2026-07-24,unlabelled-stanzas,https://christianstack.com/lyrics/adharinchumayya-suhaas-prince-satish-kumar-telugu-christian-lyrics/
00313-athi-srestaneeyuda.json,Athi Srestaneeyuda,Prudhvi Raj,1,4,4,,2026-07-24,unlabelled-stanzas,https://christianstack.com/lyrics/athi-srestaneeyuda-praveen-ritmos-prudhvi-raj-telugu-christian-lyrics/
00314-jeeva-naava.json,Jeeva Naava,Joshua Shaik,4,6,6,,2026-07-24,renumbered-1,https://christianstack.com/lyrics/jeeva-naava-pranam-kamlakhar-telugu-christian-song-lyrics/
00315-kanipettaanu.json,Kanipettaanu,John Erry & Noah Gibson,2,6,6,,2026-07-24,unlabelled-stanzas,https://christianstack.com/lyrics/kanipettaanu-john-erry-telugu-christian-song-lyrics/
00316-mahaa-devudu.json,Mahaa Devudu,Dr. Negala Joshua,2,4,4,,2026-07-24,,https://christianstack.com/lyrics/mahaa-devudu-negala-joshua-telugu-christian-song-lyrics/
00317-naa-ashalanni.json,Naa Ashalanni,John J,1,5,5,,2026-07-24,,https://christianstack.com/lyrics/naa-ashalanni-john-j-telugu-christian-song-lyrics/
00318-ne-paadu-paataku-kaaranama.json,Ne Paadu Paataku Kaaranama,Pastor John Jebaraj,4,4,4,,2026-07-24,,https://christianstack.com/lyrics/ne-paadu-paataku-kaaranama-samy-pachigalla-telugu-christian-lyrics/
00319-nee-dayalo.json,Nee Dayalo,"Pastor Sammy Thangiah & Pastor Paul Thangiah featuring Benji PK, Sudheer Daniel & Jyotsna",1,4,4,,2026-07-24,unlabelled-stanzas,https://christianstack.com/lyrics/nee-dayalo-sammy-thangiah-telugu-christian-lyrics/
00320-oohinchani-karyamulu-chuchedanu.json,Oohinchani Karyamulu Chuchedanu,Pastor Vinod Kumar,3,6,6,,2026-07-24,unlabelled-stanzas,https://christianstack.com/lyrics/oohinchani-karyamulu-chuchedanu-vinod-kumar-telugu-christian-lyrics/
00321-akshayamainadi.json,Akshayamainadi,Jasper Kunapo,1,4,4,,2026-07-24,unlabelled-stanzas,https://christianstack.com/lyrics/akshayamainadi-jasper-kunapo-hadlee-xavier-telugu-christian-lyrics/
00322-cheppanasakyamu.json,Cheppanasakyamu,Jasper Kunapo,1,3,3,,2026-07-24,unlabelled-stanzas,https://christianstack.com/lyrics/cheppanasakyamu-jasper-kunapo-shalom-raj-telugu-christian-lyrics/
00323-nee-divya-krupamrutham.json,Nee Divya Krupamrutham,Symonpeter Chevuri,1,5,5,,2026-07-24,,https://christianstack.com/lyrics/nee-divya-krupamrutham-sreshta-karmoji-telugu-christian-lyrics/
00324-nee-vasamaodhunu.json,Nee Vasamaodhunu,"Pastor T Jafanya Sastry, Visakhapatnam",1,2,2,,2026-07-24,unlabelled-stanzas,https://christianstack.com/lyrics/nee-vasamaodhunu-jafanya-sastry-telugu-christian-song-lyrics/
00325-neelanti-dhaivam.json,Neelanti Dhaivam,Pastor Raj Prakash Paul,1,9,9,,2026-07-24,unlabelled-stanzas,https://christianstack.com/lyrics/neelanti-dhaivam-raj-prakash-paul-telugu-christian-song-lyrics/
00326-neevanti-vaaru-naaku-evaru.json,Neevanti Vaaru Naaku Evaru,Mohan C Lazarus,1,2,2,,2026-07-24,unlabelled-stanzas,https://christianstack.com/lyrics/neevanti-vaaru-naaku-evaru-jesus-redeems-telugu-christian-lyrics/
00327-neevu-naa-thodu-unnavayya.json,Neevu Naa Thodu Unnavayya,Father Deva,1,6,6,,2026-07-24,unlabelled-stanzas,https://christianstack.com/lyrics/neevu-naa-thodu-unnavayya-jessica-blessy-telugu-christian-lyrics/
00328-ninne-nammina.json,Ninne Nammina,Dr P Satish Kumar,1,4,4,,2026-07-24,unlabelled-stanzas,https://christianstack.com/lyrics/ninne-nammina-satish-kumar-jk-christopher-telugu-christian-lyrics/
00329-saranamu-neeve-yesayya.json,Saranamu Neeve Yesayya,John Reinhard Blessy,1,8,8,,2026-07-24,unlabelled-stanzas,https://christianstack.com/lyrics/saranamu-neeve-yesayya-john-reinhard-blessy-telugu-christian-lyrics/
00330-unnathuda-athyunnathudaa.json,Unnathuda Athyunnathudaa,Bro Paul Emmanuel,1,4,4,,2026-07-24,unlabelled-stanzas,https://christianstack.com/lyrics/unnathuda-athyunnathudaa-paul-emmanuel-telugu-christian-lyrics/
00331-adbutham-cheyumaya.json,Adbutham Cheyumaya,Paul Moses featuring Asha Ashirwadh,1,4,4,,2026-07-24,unlabelled-stanzas,https://christianstack.com/lyrics/adbutham-cheyumaya-paul-moses-telugu-christian-lyrics/
00332-bhayamela-o-sodara.json,Bhayamela O Sodara,Pastor Ratna Babu,1,4,4,,2026-07-24,unlabelled-stanzas,https://christianstack.com/lyrics/bhayamela-o-sodara-ratna-babu-sandeep-telugu-christian-lyrics/
00333-hallelujah-hosanna.json,Hallelujah Hosanna,Bishop Rachel jyothi Komanapalli,1,2,2,,2026-07-24,unlabelled-stanzas,https://christianstack.com/lyrics/hallelujah-hosanna-yesu-paul-telugu-christian-lyrics/
00334-kantipaapala-kaachinaavayyaa.json,Kantipaapala Kaachinaavayyaa,Kranthi Chepuri,2,4,4,,2026-07-24,unlabelled-stanzas,https://christianstack.com/lyrics/kantipaapala-kaachinaavayyaa-kranthi-chepuri-hadlee-xavier-telugu-lyrics/
00335-ne-gelichedanu.json,Ne Gelichedanu,"Esther Evelyne, Narsinga Bobbili & Prabhu Pammi",6,5,5,,2026-07-24,unlabelled-stanzas,https://christianstack.com/lyrics/ne-gelichedanu-prabhu-pammi-esther-evelyne-telugu-christian-lyrics/
00336-nee-swarame-vinna.json,Nee Swarame Vinna,Joshua Shaik,1,4,4,,2026-07-24,unlabelled-stanzas,https://christianstack.com/lyrics/nee-swarame-vinna-joshua-shaik-telugu-christian-lyrics/
00337-neeve-deva.json,Neeve Deva,John Vittney kalavala,10,2,2,,2026-07-24,renumbered-4,https://christianstack.com/lyrics/neeve-deva-john-vittney-allen-ganta-telugu-christian-lyrics/
00338-punarudhanuda.json,Punarudhanuda,Raja Mandru,3,3,3,,2026-07-24,,https://christianstack.com/lyrics/punarudhanuda-raja-mandru-telugu-christian-lyrics/
00339-sthothra-geethamulu.json,Sthothra Geethamulu,Jeevan Wesley Olesu,1,5,5,,2026-07-24,unlabelled-stanzas,https://christianstack.com/lyrics/sthothra-geethamulu-jeevan-wesley-olesu-telugu-christian-lyrics/
00340-adhaarama-naa-yesayya.json,Adhaarama Naa Yesayya,Joshua Shaik,1,4,3,,2026-07-24,unlabelled-stanzas,https://christianstack.com/lyrics/adhaarama-naa-yesayya-joshua-shaik-telugu-christian-lyrics/
00341-ennaallu-ennaallu.json,Ennaallu Ennaallu,Joel Kodali,4,5,5,,2026-07-24,renumbered-1,https://christianstack.com/lyrics/ennaallu-ennaallu-joel-kodali-hadlee-xavier-telugu-christian-lyrics/
00342-kaluvari-premanu.json,Kaluvari Premanu,A.R.Stevenson,1,2,2,,2026-07-24,unlabelled-stanzas,https://christianstack.com/lyrics/kaluvari-premanu-a-r-stevenson-telugu-christian-lyrics/
00343-kannula-jaarina-kannillu.json,Kannula Jaarina Kannillu,Pastor B Shalem Raju,1,4,4,,2026-07-24,,https://christianstack.com/lyrics/kannula-jaarina-kannillu-shalem-raju-telugu-christian-lyrics/
00344-na-praname-neevaina-vela.json,Na Praname Neevaina Vela,Prabhavathi Ramesh,1,3,3,,2026-07-24,unlabelled-stanzas,https://christianstack.com/lyrics/na-praname-neevaina-vela-jk-christopher-telugu-christian-lyrics/
00345-nee-krupa-naku-aadaramai.json,Nee Krupa Naku Aadaramai,Edurumondi John Chakravarthi,1,6,6,,2026-07-24,unlabelled-stanzas,https://christianstack.com/lyrics/nee-krupa-naku-aadaramai-elimoses-telugu-christian-lyrics/
00346-nee-snehamu.json,Nee Snehamu,Jesus Chanan featuring Bro Prakash,1,6,6,,2026-07-24,unlabelled-stanzas,https://christianstack.com/lyrics/nee-snehamu-jesus-chanan-prakash-telugu-christian-lyrics/
00347-neelone-labhinchindhi.json,Neelone Labhinchindhi,A R Stevenson,1,7,7,,2026-07-24,unlabelled-stanzas,https://christianstack.com/lyrics/neelone-labhinchindhi-abhishek-praveen-telugu-christian-lyrics/
00348-prabhu-nee-manchithanamu.json,Prabhu Nee Manchithanamu,,3,4,4,,2026-07-24,,https://christianstack.com/lyrics/prabhu-nee-manchithanamu-sam-stan-telugu-christian-lyrics/
00349-varninchaleni-tyaagam.json,Varninchaleni Tyaagam,Dr Y Vijay Kumar,1,7,7,,2026-07-24,unlabelled-stanzas,https://christianstack.com/lyrics/varninchaleni-tyaagam-nissi-john-telugu-christian-lyrics/
00350-anuraagaa-poornuda.json,Anuraagaa Poornuda,Hosanna Ministries featuring Pastor Ramesh,1,6,6,,2026-07-24,unlabelled-stanzas,https://christianstack.com/lyrics/anuraagaa-poornuda-hosanna-ministries-telugu-christian-lyrics/
00351-jeevana-makarandham.json,Jeevana Makarandham,Hosanna Ministries featuring Pastor John Wesley,1,4,4,,2026-07-24,unlabelled-stanzas,https://christianstack.com/lyrics/jeevana-makarandham-hosanna-ministries-telugu-christian-lyrics/
00352-kannuletthuchunnanu.json,Kannuletthuchunnanu,Hosanna Ministries featuring Pastor Freddy Paul,2,3,3,,2026-07-24,unlabelled-stanzas,https://christianstack.com/lyrics/kannuletthuchunnanu-hosanna-ministries-telugu-christian-lyrics/
00353-karunaasaagara.json,Karunaasaagara,Hosanna Ministries featuring Pastor Abraham,1,5,5,,2026-07-24,unlabelled-stanzas,https://christianstack.com/lyrics/karunaasaagara-hosanna-ministries-telugu-christian-lyrics/
00354-manchi-snehithudu.json,Manchi Snehithudu,Suresh Vanguri,1,3,3,,2026-07-24,unlabelled-stanzas,https://christianstack.com/lyrics/manchi-snehithudu-suresh-vanguri-jk-christopher-telugu-christian-lyrics/
00355-naa-praanamaina-yesu.json,Naa Praanamaina Yesu,Jayaseelan,1,5,5,,2026-07-24,unlabelled-stanzas,https://christianstack.com/lyrics/naa-praanamaina-yesu-philip-p-jacob-telugu-christian-lyrics/
00356-nuthanamaina-krupa.json,Nuthanamaina Krupa,Hosanna Ministries featuring Pastor John Wesley,1,6,6,,2026-07-24,unlabelled-stanzas,https://christianstack.com/lyrics/nuthanamaina-krupa-hosanna-ministries-telugu-christian-lyrics/
00357-ontari-vela.json,Ontari Vela,,1,4,4,,2026-07-24,unlabelled-stanzas,https://christianstack.com/lyrics/ontari-vela-ribka-kalapala-telugu-christian-lyrics/
00358-siluvalo-vrelaade.json,Siluvalo Vrelaade,Hosanna Ministries featuring Bro. Yesanna,1,5,5,,2026-07-24,unlabelled-stanzas,https://christianstack.com/lyrics/siluvalo-vrelaade-hosanna-ministries-telugu-christian-lyrics/
00359-sraavya-sadhanamu.json,Sraavya Sadhanamu,Hosanna Ministries,1,6,6,,2026-07-24,unlabelled-stanzas,https://christianstack.com/lyrics/sraavya-sadhanamu-hosanna-ministries-telugu-christian-lyrics/
00360-aaraadhinchu-naa-snehithudaa.json,Aaraadhinchu Naa Snehithudaa,Apostle Yanamala Isaac,1,3,4,,2026-07-24,unlabelled-stanzas,https://christianstack.com/lyrics/aaraadhinchu-naa-snehithudaa-isaac-telugu-christian-lyrics/
00361-amrutham-ni.json,Amrutham Ni,Keerthana & Samkeertha,1,4,4,,2026-07-24,unlabelled-stanzas,https://christianstack.com/lyrics/amrutham-ni-keerthana-samkeertha-telugu-christian-lyrics/
00362-annitikanna-minchina.json,Annitikanna Minchina,Pastor Solomon Raj,1,7,7,,2026-07-24,,https://christianstack.com/lyrics/annitikanna-minchina-solomon-raju-telugu-christian-lyrics/
00363-chethakakapoyina.json,Chethakakapoyina,Pastor Jafanya Sastry,1,2,2,,2026-07-24,unlabelled-stanzas,https://christianstack.com/lyrics/chethakakapoyina-jafanya-sastry-nissy-john-telugu-christian-lyrics/
00364-hai-hai-ga.json,Hai Hai Ga,Daniel M,1,4,4,,2026-07-24,unlabelled-stanzas,https://christianstack.com/lyrics/hai-hai-ga-daniel-m-john-pradeep-telugu-christian-lyrics/
00365-nanu-deevinchavu.json,Nanu Deevinchavu,Sayaram Gattu,1,4,4,,2026-07-24,unlabelled-stanzas,https://christianstack.com/lyrics/nanu-deevinchavu-sreshta-karmoji-suhas-karmoji-telugu-christian-lyrics/
00366-oohinchalenu.json,Oohinchalenu,Sampath Kareti,1,2,2,,2026-07-24,unlabelled-stanzas,https://christianstack.com/lyrics/oohinchalenu-sharon-philip-telugu-christian-lyrics/
00367-sannidhiye.json,Sannidhiye,"Pastor Sammy Thangiah, John Jebaraj & Derrick Samuel",1,4,4,,2026-07-24,unlabelled-stanzas,https://christianstack.com/lyrics/sannidhiye-sammy-thangiah-telugu-christian-lyrics/
00368-silipi.json,Silipi,Uday Kanthi Shanmukha,10,4,2,,2026-07-24,stanza-count-mismatch te=4 en=10; unlabelled-stanzas,https://christianstack.com/lyrics/silipi-uday-kanthi-shanmukh-telugu-christian-lyrics/
00369-siluva-veeruda.json,Siluva Veeruda,Dr. Issac Raj Alanka,1,2,2,,2026-07-24,unlabelled-stanzas,https://christianstack.com/lyrics/siluva-veeruda-raj-alanka-ashirvad-luke-telugu-christian-lyrics/
00370-athi-parisudhudu.json,Athi Parisudhudu,Bishop Dr Daniel Paul,1,2,2,,2026-07-24,unlabelled-stanzas,https://christianstack.com/lyrics/athi-parisudhudu-daniel-paul-telugu-christian-lyrics/
00371-deva-deva.json,Deva Deva,Devadas Mungamuri,5,3,3,,2026-07-24,unlabelled-stanzas,https://christianstack.com/lyrics/deva-deva-srastha-3-jeeva-r-pakerla-telugu-christian-lyrics/
00372-kadavari-varshamu.json,Kadavari Varshamu,Ashirwad Kodavalli & Selvin Gana,3,4,4,,2026-07-24,,https://christianstack.com/lyrics/kadavari-varshamu-celebration-music-allen-ganta-telugu-christian-lyrics/
00373-kalyaana-raagam.json,Kalyaana Raagam,A.R.Stevenson,1,2,2,,2026-07-24,unlabelled-stanzas,https://christianstack.com/lyrics/kalyaana-raagam-a-r-stevenson-telugu-christian-lyrics/
00374-neela-nenuntanayya.json,Neela Nenuntanayya,Pastor J Kumar,1,4,4,,2026-07-24,unlabelled-stanzas,https://christianstack.com/lyrics/neela-nenuntanayya-nissi-john-telugu-christian-lyrics/
00375-ninnu-nenu-viduvanayya.json,Ninnu Nenu Viduvanayya,Raja Mandru,1,4,4,,2026-07-24,unlabelled-stanzas,https://christianstack.com/lyrics/ninnu-nenu-viduvanayya-bharat-mandru-telugu-christian-lyrics/
00376-ninu-vidachi-undalenayya.json,Ninu Vidachi Undalenayya,Bandela Naga Raju,1,2,2,,2026-07-24,unlabelled-stanzas,https://christianstack.com/lyrics/ninu-vidachi-undalenayya-lillian-christopher-nagaraju-telugu-christian-lyrics/
00377-nuthana-kriyalu.json,Nuthana Kriyalu,Pastor Praveen,1,4,4,,2026-07-24,unlabelled-stanzas,https://christianstack.com/lyrics/nuthana-kriyalu-akshaya-praveen-telugu-christian-song-lyrics/
00378-preminchi-nannu.json,Preminchi Nannu,Joshua Shaik,1,6,6,,2026-07-24,unlabelled-stanzas,https://christianstack.com/lyrics/preminchi-nannu-joshua-shaik-kamlakhar-telugu-christian-lyrics/
00379-taragani-nee-prema.json,Taragani Nee Prema,Ps Subhakar Rao,1,2,2,,2026-07-24,unlabelled-stanzas,https://christianstack.com/lyrics/taragani-nee-prema-lillian-christopher-telugu-christian-lyrics/
00380-chudaali-ninne-yesayya.json,Chudaali Ninne Yesayya,,1,4,4,,2026-07-24,unlabelled-stanzas,https://christianstack.com/lyrics/chudaali-ninne-yesayya-telugu-christian-lyrics/
00381-daiva-istame-gaalike.json,Daiva Istame Gaalike,,1,6,6,,2026-07-24,unlabelled-stanzas,https://christianstack.com/lyrics/daiva-istame-gaalike-jayashali-songs-telugu-christian-lyrics/
00382-inti-peru.json,Inti Peru,,1,3,3,,2026-07-24,unlabelled-stanzas,https://christianstack.com/lyrics/inti-peru-jayashali-songs-telugu-christian-lyrics/
00383-nanu-kalugajesina.json,Nanu Kalugajesina,A.R.Stevenson,1,2,2,,2026-07-24,unlabelled-stanzas,https://christianstack.com/lyrics/nanu-kalugajesina-a-r-stevenson-telugu-christian-lyrics/
00384-nee-krupaye.json,Nee Krupaye,Amara Kumari,1,4,4,,2026-07-24,unlabelled-stanzas,https://christianstack.com/lyrics/nee-krupaye-lillian-christopher-telugu-christian-lyrics/
00385-prathi-roju-chudalani.json,Prathi Roju Chudalani,Prabhakar Khande,1,5,5,,2026-07-24,unlabelled-stanzas,https://christianstack.com/lyrics/prathi-roju-chudalani-philip-p-jacob-telugu-christian-lyrics/
00386-saathwikamunu.json,Saathwikamunu,A.R.Stevenson,1,4,4,,2026-07-24,unlabelled-stanzas,https://christianstack.com/lyrics/saathwikamunu-a-r-stevenson-telugu-christian-lyrics/
00387-sarvonathuda.json,Sarvonathuda,Pastor A Moses,1,4,4,,2026-07-24,unlabelled-stanzas,https://christianstack.com/lyrics/sarvonathuda-nissi-john-telugu-christian-lyrics/
00388-thalithandrini-devudu.json,Thalithandrini Devudu,King Johnson Victor,1,5,5,,2026-07-24,unlabelled-stanzas,https://christianstack.com/lyrics/thalithandrini-devudu-king-johnson-victor-telugu-christian-lyrics/
00389-ye-reethiga.json,Ye Reethiga,Joshua Shaik,5,4,4,,2026-07-24,renumbered-2,https://christianstack.com/lyrics/ye-reethiga-kamlakhar-anwesshaa-telugu-christian-lyrics/
00390-andam-soundaryam.json,Andam Soundaryam,Ch.Shiva,3,4,4,,2026-07-24,unlabelled-stanzas,https://christianstack.com/lyrics/andam-soundaryam-prasanth-penumaka-telugu-christian-lyrics/
00391-aradhya-daivama.json,Aradhya Daivama,Pastor D Joseph,1,2,2,,2026-07-24,,https://christianstack.com/lyrics/aradhya-daivama-nissy-john-telugu-christian-lyrics/
00392-athisrestuda-na-yesayya.json,Athisrestuda Na Yesayya,"K Y Ratnam, Snigdha Ratnam",1,4,4,,2026-07-24,,https://christianstack.com/lyrics/athisrestuda-na-yesayya-ky-ratnam-telugu-christian-lyrics/
00393-ni-padalu-tadapakunda.json,Ni Padalu Tadapakunda,Pastor Finny Abraham T,1,4,4,,2026-07-24,unlabelled-stanzas,https://christianstack.com/lyrics/ni-padalu-tadapakunda-finny-abraham-telugu-christian-lyrics/
00394-peturu-vale-nenu.json,Peturu Vale Nenu,Jasper Kunapo,1,4,4,,2026-07-24,,https://christianstack.com/lyrics/peturu-vale-nenu-jasper-kunapo-hadlee-telugu-christian-lyrics/
00395-prathi-dinamu-noothana.json,Prathi Dinamu Noothana,P J Stephen Paul,1,8,8,,2026-07-24,unlabelled-stanzas,https://christianstack.com/lyrics/prathi-dinamu-noothana-stephen-paul-telugu-christian-lyrics/
00396-sreshtamu.json,Sreshtamu శ్రేష్ఠము,Amara Kumari,6,4,4,,2026-07-24,renumbered-2,https://christianstack.com/lyrics/sreshtamu-%e0%b0%b6%e0%b1%8d%e0%b0%b0%e0%b1%87%e0%b0%b7%e0%b1%8d%e0%b0%a0%e0%b0%ae%e0%b1%81-sudheer-sunny-telugu-christian-lyrics/
00397-sthothram-stuthi-sthothram.json,Sthothram Stuthi Sthothram,,1,4,4,,2026-07-24,unlabelled-stanzas,https://christianstack.com/lyrics/sthothram-stuthi-sthothram-jessica-blessy-telugu-christian-lyrics/
00398-veyyendloka-yugamaina.json,Veyyendloka Yugamaina,Lazarus Prasanna Babu,1,5,5,,2026-07-24,unlabelled-stanzas,https://christianstack.com/lyrics/veyyendloka-yugamaina-lazarus-prasanna-babu-telugu-christian-lyrics/
00399-vinare-narulara.json,Vinare Narulara,Lazarus Prassana Babu,1,5,6,,2026-07-24,unlabelled-stanzas,https://christianstack.com/lyrics/vinare-narulara-lazarus-prassana-babu-telugu-christian-lyrics/
00400-aasirvadham.json,Aasirvadham,Daniel Davidson & Stella Ramola,1,4,4,,2026-07-24,unlabelled-stanzas,https://christianstack.com/lyrics/aasirvadham-stella-ramola-daniel-telugu-christian-lyrics/
00401-anandakaramainadhi.json,Anandakaramainadhi,Saint Devadas,1,6,5,,2026-07-24,unlabelled-stanzas,https://christianstack.com/lyrics/anandakaramainadhi-john-glorious-telugu-christian-lyrics/
00402-kaapaadunu.json,Kaapaadunu,Mohan C Lazarus,1,4,4,,2026-07-24,unlabelled-stanzas,https://christianstack.com/lyrics/kaapaadunu-jesus-redeems-ministries-telugu-christian-lyrics/
00403-kachithivi-gathakalam.json,Kachithivi Gathakalam,Nazaresh,4,4,4,,2026-07-24,renumbered-1,https://christianstack.com/lyrics/kachithivi-gathakalam-pastor-raja-hebel-telugu-christian-lyrics/
00404-na-nammakam.json,Na Nammakam,Benny Joshua,2,3,3,,2026-07-24,unlabelled-stanzas,https://christianstack.com/lyrics/na-nammakam-benny-joshua-telugu-christian-lyrics/
00405-neelone-anandham.json,Neelone Anandham,Bharat Mandru,5,4,9,,2026-07-24,stanza-count-mismatch te=1 en=5; unlabelled-stanzas,https://christianstack.com/lyrics/neelone-anandham-evan-mark-ronald-telugu-christian-lyrics/
00406-one-in-christ.json,One In Christ,Praveen VB,4,6,6,,2026-07-24,unlabelled-stanzas,https://christianstack.com/lyrics/one-in-christ-praveen-vb-telugu-christian-lyrics/
00407-randi-raarandi.json,Randi Raarandi,Bro.T.Vijayanand,1,4,4,,2026-07-24,unlabelled-stanzas,https://christianstack.com/lyrics/randi-raarandi-faith-home-ministries-telugu-christian-lyrics/
00408-ye-reethiga.json,Ye Reethiga,Pastor Ravindra Donepati,9,7,7,,2026-07-24,unlabelled-stanzas,https://christianstack.com/lyrics/ye-reethiga-ravindra-donepati-telugu-christian-lyrics/
00409-yuddha-veerulam.json,Yuddha Veerulam,Kranthi Chepuri,1,8,8,,2026-07-24,unlabelled-stanzas,https://christianstack.com/lyrics/yuddha-veerulam-kranthi-chepuri-hadlee-xavier-telugu-christian-lyrics/
00410-hosanna.json,Hosanna,Joel Kodali,1,8,8,,2026-07-24,unlabelled-stanzas,https://christianstack.com/lyrics/hosanna-joel-kodali-hadlee-xavier-telugu-christian-lyrics/
00411-jeevadaatha.json,Jeevadaatha,Joshua Shaik,7,4,4,,2026-07-24,renumbered-2,https://christianstack.com/lyrics/jeevadaatha-joshua-shaik-kamlakhar-telugu-christian-lyrics/
00412-kunukavu-nidurapovu.json,Kunukavu Nidurapovu,Pastor Jyothi Raju,2,8,8,,2026-07-24,unlabelled-stanzas,https://christianstack.com/lyrics/kunukavu-nidurapovu-jyothi-raju-telugu-christian-lyrics/
00413-maruvalenaya.json,Maruvalenaya,Chandra Mohan,1,4,4,,2026-07-24,unlabelled-stanzas,https://christianstack.com/lyrics/maruvalenaya-chandra-mohan-telugu-christian-lyrics/
00414-needanu-poli-naa.json,Needanu Poli Naa,Vijay Prasad Reddy,2,6,6,,2026-07-24,stanza-count-mismatch te=1 en=2; unlabelled-stanzas,https://christianstack.com/lyrics/needanu-poli-naa-vijay-prasad-reddy-telugu-christian-lyrics/
00415-nenentha-dhanyudano.json,Nenentha Dhanyudano,,1,6,6,,2026-07-24,unlabelled-stanzas,https://christianstack.com/lyrics/nenentha-dhanyudano-pastor-akshay-telugu-christian-lyrics/
00416-ontari-payanamlo.json,Ontari Payanamlo,Pastor Shadrak,1,5,5,,2026-07-24,unlabelled-stanzas,https://christianstack.com/lyrics/ontari-payanamlo-a-r-stevenson-telugu-christian-lyrics/
00417-prathi-udayamu-nee.json,Prathi Udayamu Nee,Pastor Paul Praveen,1,4,4,,2026-07-24,unlabelled-stanzas,https://christianstack.com/lyrics/prathi-udayamu-nee-paul-praveen-telugu-christian-lyrics/
00418-yehova-naa-deva.json,Yehova Naa Deva,P James,1,3,3,,2026-07-24,unlabelled-stanzas,https://christianstack.com/lyrics/yehova-naa-deva-p-james-moses-dany-telugu-christian-lyrics/
00419-yehovah-ma-deva.json,Yehovah Ma Deva,,1,3,3,,2026-07-24,unlabelled-stanzas,https://christianstack.com/lyrics/yehovah-ma-deva-samuel-finny-pachigalla-telugu-christian-lyrics/
00420-aagadhu-naa-payanam.json,Aagadhu Naa Payanam,Pastor Jafanya Sastry,2,3,3,,2026-07-24,unlabelled-stanzas,https://christianstack.com/lyrics/aagadhu-naa-payanam-jafanya-sastry-telugu-christian-lyrics/
00421-anni-velalandu.json,Anni Velalandu,Pastor John Wesley,3,8,6,,2026-07-24,stanza-count-mismatch te=2 en=3; renumbered-1,https://christianstack.com/uncategorized/anni-velalandu-john-wesly-telugu-christian-lyrics/
00422-endukintha-prema-naapai.json,Endukintha Prema Naapai,Asher Andrew,1,2,2,,2026-07-24,,https://christianstack.com/lyrics/endukintha-prema-naapai-asher-andrew-telugu-christian-lyrics/
00423-hrudhayaveydhana-tholaginchinaavu.json,Hrudhayaveydhana Tholaginchinaavu,Pastor Korneli,1,4,4,,2026-07-24,unlabelled-stanzas,https://christianstack.com/lyrics/hrudhayaveydhana-tholaginchinaavu-sireesha-telugu-christian-lyrics/
00424-naa-sannidhi-neeku.json,Naa Sannidhi Neeku,sister Sharon Praveen,1,4,4,,2026-07-24,unlabelled-stanzas,https://christianstack.com/lyrics/naa-sannidhi-neeku-akshaya-praveen-telugu-christian-lyrics/
00425-neeve-neeve.json,Neeve Neeve,Joshua Shaik,6,4,4,,2026-07-24,renumbered-1,https://christianstack.com/lyrics/neeve-neeve-joshua-shaik-telugu-christian-lyrics/
00426-oohinchaleni-melulenno.json,Oohinchaleni Melulenno,John Wesley Pakalapati,1,5,5,,2026-07-24,unlabelled-stanzas,https://christianstack.com/lyrics/oohinchaleni-melulenno-john-wesley-telugu-christian-lyrics/
00427-phaliyinchuta-nerpayya.json,Phaliyinchuta Nerpayya,Pas. Daniel Raj,3,5,4,,2026-07-24,stanza-count-mismatch te=3 en=2; renumbered-1,https://christianstack.com/lyrics/phaliyinchuta-nerpayya-daniel-raj-telugu-christian-lyrics/
00428-prananaadha.json,Prananaadha,Sister Krupa Jeba,1,4,4,,2026-07-24,unlabelled-stanzas,https://christianstack.com/lyrics/prananaadha-jk-christopher-telugu-christian-lyrics/
00429-sarihaddhulu-leni-prema.json,Sarihaddhulu Leni Prema,Pr.William Carey & Esther,2,4,4,,2026-07-24,stanza-count-mismatch te=1 en=2; unlabelled-stanzas,https://christianstack.com/lyrics/sarihaddhulu-leni-prema-jk-christopher-telugu-christian-lyrics/
00430-aaradhana-neekai-aalapana.json,Aaradhana Neekai Aalapana,Tony Bandela,1,4,4,,2026-07-24,unlabelled-stanzas,https://christianstack.com/lyrics/aaradhana-neekai-aalapana-jonah-samuel-telugu-christian-lyrics/
00431-akasamlo-veluthuru.json,Akasamlo Veluthuru,,2,2,2,,2026-07-24,unlabelled-stanzas,https://christianstack.com/lyrics/akasamlo-veluthuru-selvika-paul-telugu-christian-lyrics/
00432-dheenudu.json,Dheenudu,Pastor Vinod Kumar,6,10,10,,2026-07-24,unlabelled-stanzas,https://christianstack.com/lyrics/dheenudu-vinod-kumar-benjamin-johnson-telugu-christian-lyrics/
00433-inthakalam-nee-krupalo.json,Inthakalam Nee Krupalo,Sampath Kareti,3,4,4,,2026-07-24,renumbered-2,https://christianstack.com/lyrics/inthakalam-nee-krupalo-lillian-christopher-telugu-christian-lyrics/
00434-kaalamantha.json,Kaalamantha,Ps. T Job Das,3,6,6,,2026-07-24,,https://christianstack.com/lyrics/kaalamantha-jobdas-telugu-christian-lyrics/
00435-manne-kadhayya.json,Manne Kadhayya,,4,3,3,,2026-07-24,unlabelled-stanzas,https://christianstack.com/lyrics/manne-kadhayya-triunegod-telugu-christian-lyrics/
00436-nanu-yedabaayak.json,Nanu Yedabaayak,A.R.Stevenson,3,5,9,,2026-07-24,stanza-count-mismatch te=3 en=2,https://christianstack.com/lyrics/nanu-yedabaayak-a-r-stevenson-telugu-christian-lyrics/
00437-paiki-egiredhavu.json,Paiki Egiredhavu,,6,2,2,,2026-07-24,renumbered-2,https://christianstack.com/lyrics/paiki-egiredhavu-paul-dhinakaran-telugu-christian-lyrics/
00438-premapoornuda-snehaseeluda.json,Premapoornuda Snehaseeluda,,3,8,10,,2026-07-24,unlabelled-stanzas,https://christianstack.com/lyrics/premapoornuda-snehaseeluda-pastor-john-wesley-telugu-christian-lyrics/
00439-sadhayudaa-naa-yeasayyaa.json,Sadhayudaa Naa Yeasayyaa,Pastor B Shalem Raju,5,3,3,,2026-07-24,renumbered-2,https://christianstack.com/lyrics/sadhayudaa-naa-yeasayyaa-shalem-raju-telugu-christian-lyrics/
00440-bhayapadaku.json,Bhayapadaku,Pastor John Wesley,5,8,8,,2026-07-24,renumbered-2,https://christianstack.com/lyrics/bhayapadaku-john-wesly-blessie-wesly-telugu-christian-lyrics/
00441-janminche-yesayya.json,Janminche Yesayya,Jyothi Manohar,7,2,2,,2026-07-24,stanza-count-mismatch te=6 en=7; renumbered-3,https://christianstack.com/lyrics/janminche-yesayya-jyothi-manohar-telugu-christian-lyrics/
00442-kori-vachenu.json,Kori Vachenu,Davidson Gajulavarthi,1,6,6,,2026-07-24,unlabelled-stanzas,https://christianstack.com/lyrics/kori-vachenu-davidson-gajulavarthi-telugu-christian-lyrics/
00443-mary-thelusa.json,Mary Thelusa,,5,8,8,,2026-07-24,unlabelled-stanzas,https://christianstack.com/lyrics/mary-thelusa-asha-ashirwadh-telugu-christian-lyrics/
00444-naa-thodugaa-neevu.json,Naa Thodugaa Neevu,"Pastor Anand Jaykumar from Hosanna Ministries, Nellore.",1,3,3,,2026-07-24,unlabelled-stanzas,https://christianstack.com/lyrics/naa-thodugaa-neevu-hosanna-ministries-telugu-christian-lyrics/
00445-nannerigina-devudavu.json,Nannerigina Devudavu,"Dr. Paul Dhinakaran, Evangeline Dhinakara & Daniel Davidson",3,3,3,,2026-07-24,,https://christianstack.com/lyrics/nannerigina-devudavu-paul-dhinakaran-telugu-christian-lyrics/
00446-nee-krupayega-maa-deva.json,Nee Krupayega Maa Deva,Prabhod Kumar Adusumilli,3,6,6,,2026-07-24,unlabelled-stanzas,https://christianstack.com/lyrics/nee-krupayega-maa-deva-philip-sharon-telugu-christian-lyrics/
00447-nuthana-vatsaramu.json,Nuthana Vatsaramu,Bishop Pammi Daniel,3,2,2,,2026-07-24,renumbered-2,https://christianstack.com/lyrics/nuthana-vatsaramu-david-raju-telugu-christian-lyrics/
00448-sandhadi-6-joyful-noise.json,Sandhadi 6 (Joyful Noise),"Dr Shalem Raj, Azuba Daniel kalyanapu",2,4,4,,2026-07-24,,https://christianstack.com/lyrics/sandhadi-6-joyful-noise-shalem-raj-john-gideon-telugu-christian-lyrics/
00449-vachesindi-krottha.json,Vachesindi Krottha,Pastor Pandu Prem Kumar,1,4,4,,2026-07-24,unlabelled-stanzas,https://christianstack.com/lyrics/vachesindi-krottha-sharon-sisters-telugu-christian-lyrics/
00450-aa-raatrilo-ningilo-oka.json,Aa Raatrilo Ningilo Oka,M.Prasanna kumar,3,2,2,,2026-07-24,,https://christianstack.com/lyrics/aa-raatrilo-ningilo-oka-lillyan-christopher-telugu-christian-lyrics/
00451-asalaina-christmas.json,Asalaina Christmas,Jonah Samuel,2,2,2,,2026-07-24,unlabelled-stanzas,https://christianstack.com/lyrics/asalaina-christmas-jonah-samuel-telugu-christian-lyrics/
00452-chitramaina-puttuka-needhi.json,Chitramaina Puttuka Needhi,Sunith & Bobby jeevan,2,4,4,,2026-07-24,,https://christianstack.com/lyrics/chitramaina-puttuka-needhi-hanok-raj-telugu-christian-lyrics/
00453-nanna.json,Nanna,,5,2,2,,2026-07-24,,https://christianstack.com/lyrics/nanna-enosh-kumar-jerusha-joseph-telugu-christian-lyrics/
00454-oka-aasa-undayyaa.json,Oka Aasa Undayyaa,Pastor Anand Babu,3,4,5,,2026-07-24,,https://christianstack.com/lyrics/oka-aasa-undayyaa/
00455-prabhu-yesu-janmamu.json,Prabhu Yesu Janmamu,Medidi Prasanna kumar,1,1,1,,2026-07-24,unlabelled-stanzas,https://christianstack.com/lyrics/prabhu-yesu-janmamu-jk-christopher-telugu-christian-lyrics/
00456-raaju-putten.json,Raaju Putten,Shyam Joseph,2,7,6,,2026-07-24,unlabelled-stanzas,https://christianstack.com/lyrics/raaju-putten-paul-emmanuel-telugu-christian-lyrics/
00457-telugu-christmas-mashup-4.json,Telugu Christmas Mashup 4,Various Artists,5,6,6,,2026-07-24,unlabelled-stanzas,https://christianstack.com/lyrics/telugu-christmas-mashup-4-kenny-salvadi-merlyn-salvadi-christian-lyrics/
00458-vithanam-virugakapothe.json,Vithanam Virugakapothe,Asher Andrew,1,2,2,,2026-07-24,,https://christianstack.com/lyrics/vithanam-virugakapothe-asher-andrew-telugu-christian-lyrics/
00459-yella-vaelala.json,Yella Vaelala,Shyam Joseph,2,10,9,,2026-07-24,unlabelled-stanzas,https://christianstack.com/lyrics/yella-vaelala-paul-emmanuel-telugu-christian-lyrics/
00460-bethlahemu-puramulo.json,Bethlahemu Puramulo,Samy Pachigalla & Rahul,1,3,3,,2026-07-24,unlabelled-stanzas,https://christianstack.com/lyrics/bethlahemu-puramulo-samy-pachigalla-telugu-christian-lyrics/
00461-bethlahemulo-panduga.json,Bethlahemulo Panduga,,1,2,2,,2026-07-24,unlabelled-stanzas,https://christianstack.com/lyrics/bethlahemulo-panduga-anjali-evangelist-telugu-christian-lyrics/
00462-gollalu-vacchiri.json,Gollalu Vacchiri,Teja Emmanuel,5,4,4,,2026-07-24,unlabelled-stanzas; renumbered-2,https://christianstack.com/lyrics/gollalu-vacchiri-teja-emmanuel-telugu-christian-lyrics/
00463-janiyinchinadu.json,Janiyinchinadu,PSH Worship Team,2,4,4,,2026-07-24,,https://christianstack.com/lyrics/janiyinchinadu-psh-worship-team-telugu-christian-lyrics/
00464-janminchinadu.json,Janminchinadu,Esther Evelyne,6,6,6,,2026-07-24,renumbered-1,https://christianstack.com/lyrics/janminchinadu-esther-evelyne-telugu-christian-lyrics/
00465-nee-raktham.json,Nee Raktham,Pastor Sammy Thangiah & Pastor Paul Thangiah,1,2,3,,2026-07-24,unlabelled-stanzas,https://christianstack.com/lyrics/nee-raktham-sammy-thangiah-paul-thangiah-telugu-christian-lyrics/
00466-paata-paadaala.json,Paata Paadaala,A.R.Stevenson,3,5,5,,2026-07-24,,https://christianstack.com/lyrics/paata-paadaala-a-r-stevenson-telugu-christian-lyrics/
00467-puttinadu-raraju.json,Puttinadu Raraju,James Lazarus Narukurthi,3,4,4,,2026-07-24,,https://christianstack.com/lyrics/puttinadu-raraju-joshua-gariki-telugu-christian-lyrics/
00468-samrakshaka.json,Samrakshaka,Pastor Dr. Pammi Daniel,3,4,4,,2026-07-24,,https://christianstack.com/lyrics/samrakshaka-prabhu-pammi-telugu-christian-lyrics/
00469-yugalalo.json,Yugalalo,Isaac,1,5,5,,2026-07-24,,https://christianstack.com/lyrics/yugalalo-isaac-telugu-christian-lyrics/
00470-chakkani-baaludamma.json,Chakkani Baaludamma,Suneel,2,3,3,,2026-07-24,unlabelled-stanzas,https://christianstack.com/lyrics/chakkani-baaludamma-satish-kumar-telugu-christian-lyrics/
00471-chandhamama.json,Chandhamama,Asha Ashirwadh Shaik,2,11,11,,2026-07-24,,https://christianstack.com/lyrics/chandhamama/
00472-idhi-chitram.json,Idhi Chitram,Raju Richards,3,1,1,,2026-07-24,renumbered-2,https://christianstack.com/lyrics/idhi-chitram-raju-richards-telugu-christian-lyrics/
00473-lokamantha-veligindhani.json,Lokamantha Veligindhani,"K Y Ratnam, Snigdha Ratnam</strong",4,2,2,,2026-07-24,stanza-count-mismatch te=4 en=2; renumbered-1,https://christianstack.com/lyrics/lokamantha-veligindhani/
00474-mariya-thanayudai.json,Mariya Thanayudai,Suresh Nittala,4,2,2,,2026-07-24,renumbered-3,https://christianstack.com/lyrics/mariya-thanayudai-sharon-sisters-telugu-christian-lyrics/
00475-nee-chitthamu.json,Nee Chitthamu,Jeevan Wesley Olesu,2,9,6,,2026-07-24,,https://christianstack.com/lyrics/nee-chitthamu-lillian-christopher-telugu-christian-lyrics/
00476-sakalaaseervaadhamula.json,Sakalaaseervaadhamula,A.R.Stevenson,4,4,4,,2026-07-24,renumbered-3,https://christianstack.com/lyrics/sakalaaseervaadhamula-a-r-stevenson-telugu-christian-lyrics/
00477-veladi-duthalatho.json,Veladi Duthalatho,Ephraim Palutla,3,4,4,,2026-07-24,unlabelled-stanzas,https://christianstack.com/lyrics/veladi-duthalatho-ephraim-palutla-telugu-christian-lyrics/
00478-velasenule.json,Velasenule,Sunil Thurimella,1,4,4,,2026-07-24,unlabelled-stanzas,https://christianstack.com/lyrics/velasenule-sharon-sisters-telugu-christian-lyrics/
00479-yudha-bethlahema.json,Yudha Bethlahema,Surya Teja,4,3,4,,2026-07-24,stanza-count-mismatch te=4 en=3; unlabelled-stanzas,https://christianstack.com/lyrics/yudha-bethlahema-surya-teja-telugu-christian-lyrics/
00480-aakasha-veedhilo-andala.json,Aakasha Veedhilo Andala,Suresh babu panthagani,1,4,4,,2026-07-24,,https://christianstack.com/lyrics/aakasha-veedhilo-andala-suresh-babu-telugu-christian-lyrics/
00481-akaasa-veedhullo.json,Akaasa Veedhullo,Joshua Shaik,4,3,3,,2026-07-24,renumbered-2,https://christianstack.com/lyrics/akaasa-veedhullo-joshua-shaik-kamlakhar-telugu-christian-lyrics/
00482-kalalonaina.json,Kalalonaina,David Varma,2,6,0,,2026-07-24,no-english-lyrics; unlabelled-stanzas,https://christianstack.com/lyrics/kalalonaina-david-varma-telugu-christian-lyrics/
00483-mahimaku-pathrudavu.json,Mahimaku Pathrudavu,Charles Dany Premson,6,3,3,,2026-07-24,unlabelled-stanzas,https://christianstack.com/lyrics/mahimaku-pathrudavu-samy-pachigalla-telugu-christian-lyrics/
00484-naannaa.json,Naannaa,KanthiKala,1,10,10,,2026-07-24,unlabelled-stanzas,https://christianstack.com/lyrics/naannaa/
00485-ne-maripoyina.json,Ne Maripoyina,Sharon Praveen,5,2,0,,2026-07-24,no-english-lyrics; renumbered-3,https://christianstack.com/lyrics/ne-maripoyina-akshaya-praveen-telugu-christian-lyrics/
00486-ninu-poli-nenu.json,Ninu Poli Nenu,Annie Margaret,8,4,4,,2026-07-24,renumbered-1,https://christianstack.com/lyrics/ninu-poli-nenu-enosh-kumar-telugu-christian-lyrics/
00487-oohakandhanantha.json,Oohakandhanantha,A.R.Stevenson,4,5,4,,2026-07-24,renumbered-3,https://christianstack.com/lyrics/oohakandhanantha-a-r-stevenson-telugu-christian-lyrics/
00488-prema-o-prema.json,Prema O Prema,Chandra Mohan,3,3,3,,2026-07-24,unlabelled-stanzas,https://christianstack.com/lyrics/prema-o-prema-sireesha-bhagavathula-telugu-christian-lyrics/
00489-yesayya-janminche.json,Yesayya Janminche,Padala Suresh Babu,2,7,6,,2026-07-24,unlabelled-stanzas,https://christianstack.com/lyrics/yesayya-janminche-yangala-ravi-telugu-christian-lyrics/
00490-ebenejaru.json,Ebenejaru,John Jebaraj,3,4,4,,2026-07-24,unlabelled-stanzas,https://christianstack.com/lyrics/ebenejaru-john-jebaraj-samuel-joseph-telugu-christian-lyrics/
00491-krupayu-samadhanamu.json,Krupayu Samadhanamu,Jasper Kunapo,1,5,5,,2026-07-24,,https://christianstack.com/uncategorized/krupayu-samadhanamu-jasper-kunapo-telugu-christian-lyrics/
00492-naa-kaapari.json,Naa Kaapari,Manoj David,4,8,8,,2026-07-24,unlabelled-stanzas,https://christianstack.com/lyrics/naa-kaapari-manoj-david-telugu-christian-lyrics/
00493-naa-pourasthithi.json,Naa Pourasthithi,A R Stevenson,1,4,4,,2026-07-24,unlabelled-stanzas,https://christianstack.com/lyrics/naa-pourasthithi-a-r-stevenson-telugu-christian-lyrics/
00494-needhu-prasannatha.json,Needhu Prasannatha,Prathap Darshi,6,2,2,,2026-07-24,unlabelled-stanzas,https://christianstack.com/lyrics/needhu-prasannatha-prathap-darshi-allen-ganta-telugu-christian-lyrics/
00495-nija-snehithuda.json,Nija Snehithuda,Joshua Katta,5,4,4,,2026-07-24,renumbered-1,https://christianstack.com/lyrics/nija-snehithuda-hadlee-xavier-telugu-christian-lyrics/
00496-parishududavu.json,Parishududavu,Esther Evelyne,4,2,2,,2026-07-24,renumbered-1,https://christianstack.com/lyrics/parishududavu-esther-evelyne-telugu-christian-lyrics/
00497-sadha-neevu-naa-thoduga.json,Sadha Neevu Naa Thoduga,Joshua Shaik,4,4,4,,2026-07-24,renumbered-2,https://christianstack.com/lyrics/sadha-neevu-naa-thoduga-pranam-kamlakar-telugu-christian-lyrics/
00498-srikarunda-sri-yesunadha.json,Srikarunda Sri Yesunadha,Pastor Jyothi Raju,1,3,3,,2026-07-24,,https://christianstack.com/lyrics/srikarunda-sri-yesunadha-jyothi-raju-telugu-christian-lyrics/
00499-ye-bhayamu.json,Ye Bhayamu,Pastor Vinod Kumar,2,4,2,,2026-07-24,unlabelled-stanzas,https://christianstack.com/lyrics/ye-bhayamu-vinod-kumar-benjamin-johnson-telugu-christian-lyrics/
00500-daiva-pranalika.json,Daiva Pranalika,Hosanna Ministries featuring Pastor John Wesley,1,4,4,,2026-07-24,unlabelled-stanzas,https://christianstack.com/lyrics/daiva-pranalika-hosanna-ministries-telugu-christian-lyrics/
00501-endhukani.json,Endhukani,Joshua Shaik,1,6,6,,2026-07-24,unlabelled-stanzas,https://christianstack.com/lyrics/endhukani-joshua-shaik-kamlakhar-telugu-christian-lyrics/
00502-jayinchenu.json,Jayinchenu,Dr. Jaya Paul Ravela,1,4,4,,2026-07-24,unlabelled-stanzas,https://christianstack.com/lyrics/jayinchenu-samy-pachigalla-enoch-jagan-telugu-christian-lyrics/
00503-naa-deva-neeve-sadhaa.json,Naa Deva Neeve Sadhaa,Joshua Shaik,4,3,4,,2026-07-24,renumbered-1,https://christianstack.com/lyrics/naa-deva-neeve-sadhaa-pranam-kamlakar-telugu-christian-lyrics/
00504-nisi-raathri.json,Nisi Raathri,Joel Kodali,1,7,7,,2026-07-24,unlabelled-stanzas,https://christianstack.com/lyrics/nisi-raathri-joel-kodali-nissy-john-telugu-christian-lyrics/
00505-siluvapaina.json,Siluvapaina,Jeeva R Pakerla,1,1,1,,2026-07-24,unlabelled-stanzas,https://christianstack.com/lyrics/siluvapaina-srastha-3-jeeva-r-pakerla-telugu-christian-lyrics/
00506-suddichese-raktham.json,Suddichese Raktham,Hosanna Ministries featuring Pastor Freddy Paul,1,4,4,,2026-07-24,unlabelled-stanzas,https://christianstack.com/lyrics/suddichese-raktham-hosanna-ministries-telugu-christian-lyrics/
00507-uthsaha-gaanam.json,Uthsaha Gaanam,"Merlyn Salvadi, Kenny Salvadi & Blessy Simon",3,4,4,,2026-07-24,,https://christianstack.com/lyrics/uthsaha-gaanam-merlyn-salvadi-telugu-christian-lyrics/
00508-vijayame.json,Vijayame,Susanna Esther Geddam,2,2,2,,2026-07-24,unlabelled-stanzas,https://christianstack.com/lyrics/vijayame-samy-pachigalla-jonah-samuel-telugu-christian-lyrics/
00509-yehova-ruah.json,Yehova Ruah,David Parla & Pastor Benjamin,6,4,4,,2026-07-24,renumbered-1,https://christianstack.com/lyrics/yehova-ruah-david-parla-telugu-christian-lyrics/
00510-adviteeyuda.json,Adviteeyuda,Hosanna Ministries featuring Pastor John Wesley,1,2,2,,2026-07-24,unlabelled-stanzas,https://christianstack.com/lyrics/adviteeyuda-hosanna-ministries-telugu-christian-lyrics/
00511-andhaala-chinni-gootilona.json,Andhaala Chinni Gootilona,Sreshta Karmoji,1,4,4,,2026-07-24,unlabelled-stanzas,https://christianstack.com/lyrics/andhaala-chinni-gootilona-sreshta-karmoji-telugu-christian-lyrics/
00512-dayaa-samkalpam.json,Dayaa Samkalpam,Hosanna Ministries featuring Pastor Freddy Paul,1,4,4,,2026-07-24,unlabelled-stanzas,https://christianstack.com/lyrics/dayaa-samkalpam-hosanna-ministries-telugu-christian-lyrics/
00513-edho-aasha-naalo.json,Edho Aasha Naalo,Pastor Ramesh,1,5,5,,2026-07-24,unlabelled-stanzas,https://christianstack.com/lyrics/edho-aasha-naalo-pranam-kamlakhar-telugu-christian-lyrics/
00514-jeevapradatha.json,Jeevapradatha,Hosanna Ministries featuring Pastor Ramesh,1,5,5,,2026-07-24,unlabelled-stanzas,https://christianstack.com/lyrics/jeevapradatha-hosanna-ministries-telugu-christian-lyrics/
00515-krupa-kaligina-deva.json,Krupa Kaligina Deva,King Joshua,1,4,4,,2026-07-24,unlabelled-stanzas,https://christianstack.com/lyrics/krupa-kaligina-deva-king-joshua-telugu-christian-lyrics/
00516-nen-emathramu.json,Nen Emathramu,Benny Joshua,1,4,4,,2026-07-24,unlabelled-stanzas,https://christianstack.com/lyrics/nen-emathramu-benny-joshua-telugu-christian-lyrics/
00517-pelli-kuthuru.json,Pelli Kuthuru,Bro. Sayaram Gattu,1,4,4,,2026-07-24,unlabelled-stanzas,https://christianstack.com/lyrics/pelli-kuthuru-sayaram-gattu-sreshta-karmoji-telugu-christian-lyrics/
00518-premantu-edhaina-unte.json,Premantu Edhaina Unte,Jonah Samuel,1,4,4,,2026-07-24,unlabelled-stanzas,https://christianstack.com/lyrics/premantu-edhaina-unte-jonah-samuel-telugu-christian-lyrics/
00519-soundarya-seeyonulo.json,Soundarya Seeyonulo,Hosanna Ministries featuring Pastor Abraham,1,5,5,,2026-07-24,unlabelled-stanzas,https://christianstack.com/lyrics/soundarya-seeyonulo-hosanna-ministries-telugu-christian-lyrics/
00520-alankarinchunu.json,Alankarinchunu,John Jebaraj,8,2,2,,2026-07-24,stanza-count-mismatch te=8 en=7; renumbered-4,https://christianstack.com/lyrics/alankarinchunu-john-jebaraj-paul-dhinakaran-telugu-christian-lyrics/
00521-athi-parishudduda.json,Athi Parishudduda,"Hosanna Ministries featuring Pastor John Wesley, Pastor Abraham & Pastor Ramesh",1,3,3,,2026-07-24,unlabelled-stanzas,https://christianstack.com/lyrics/athi-parishudduda-hosanna-ministries-telugu-christian-lyrics/
00522-kanyaka-garbhamu.json,Kanyaka Garbhamu,Vijay Prasad Reddy,5,8,8,,2026-07-24,renumbered-2,https://christianstack.com/lyrics/kanyaka-garbhamu-vijay-prasad-reddy-telugu-christian-lyrics/
00523-manasu-marchu.json,Manasu Marchu,Jeeva R Pakerla featuring Elfe Choir,1,5,5,,2026-07-24,,https://christianstack.com/lyrics/manasu-marchu-srastha-3-jeeva-r-pakerla-telugu-christian-lyrics/
00524-merry-christmas.json,Merry Christmas,Pappula Yesu Daasu,13,2,2,,2026-07-24,stanza-count-mismatch te=9 en=13; renumbered-7,https://christianstack.com/lyrics/merry-christmas-ramya-behara-telugu-christian-lyrics/
00525-poorna-hrudhayamutho.json,Poorna Hrudhayamutho,Joel Kodali,1,4,4,,2026-07-24,unlabelled-stanzas,https://christianstack.com/lyrics/poorna-hrudhayamutho-joel-kodali-nissy-john-telugu-christian-lyrics/
00526-puttinadamma-yesayya.json,Puttinadamma Yesayya,Dr. John Wesly,1,6,6,,2026-07-24,unlabelled-stanzas,https://christianstack.com/lyrics/puttinadamma-yesayya-john-wesly-blessie-wesly-telugu-christian-lyrics/
00527-sambaramenanta-2.json,Sambaramenanta 2,Raju Richards,1,4,4,,2026-07-24,unlabelled-stanzas,https://christianstack.com/lyrics/sambaramenanta-2-raju-richards-telugu-christian-lyrics/
00528-saricheyunu.json,Saricheyunu,Pastor John Jebaraj,1,6,6,,2026-07-24,unlabelled-stanzas,https://christianstack.com/lyrics/saricheyunu-paul-dhinakaran-telugu-christian-lyrics/
00529-sramalalo-krungavaladhu.json,Sramalalo Krungavaladhu,Dr. John Wesly,1,3,3,,2026-07-24,unlabelled-stanzas,https://christianstack.com/lyrics/sramalalo-krungavaladhu-john-wesly-telugu-christian-lyrics/
00530-adi-devudu-avatharinchenu.json,Adi Devudu Avatharinchenu,"Pastor Freddy Paul, Hosanna Ministries",2,3,3,,2026-07-24,unlabelled-stanzas,https://christianstack.com/lyrics/adi-devudu-avatharinchenu-freddy-paul-telugu-christian-lyrics/
00531-chinni-yesu-raju.json,Chinni Yesu Raju,Samy Pachigalla,5,3,3,,2026-07-24,renumbered-2,https://christianstack.com/lyrics/chinni-yesu-raju-samy-pachigalla-telugu-christian-lyrics/
00532-chukkallo.json,Chukkallo,Pastor Pandu Prem Kumar,1,5,5,,2026-07-24,unlabelled-stanzas,https://christianstack.com/lyrics/chukkallo-sharon-sisters-telugu-christian-lyrics/
00533-ooruko-naa-praanama.json,Ooruko Naa Praanama,Dr. Asher Andrew,1,2,2,,2026-07-24,unlabelled-stanzas,https://christianstack.com/lyrics/ooruko-naa-praanama-pranam-kamalakar-telugu-christian-lyrics/
00534-praanamgaa-preminchina.json,Praanamgaa Preminchina,Dr P Satish Kumar,1,2,2,,2026-07-24,unlabelled-stanzas,https://christianstack.com/lyrics/praanamgaa-preminchina-satish-kumar-telugu-christian-lyrics/
00535-redu-nedu-janiyinchinadu.json,Redu Nedu Janiyinchinadu,pastor Dr. Pammi Daniel,1,4,4,,2026-07-24,unlabelled-stanzas,https://christianstack.com/lyrics/redu-nedu-janiyinchinadu-prabhu-pammi-telugu-christian-lyrics/
00536-sambaralu-chesedhama.json,Sambaralu Chesedhama,Pastor Rajesh Joshua,7,4,4,,2026-07-24,renumbered-2,https://christianstack.com/lyrics/sambaralu-chesedhama-hanok-raj-telugu-christian-lyrics/
00537-sandhadi-5.json,Sandhadi 5,"Azuba Daniel kalyanapu, Dr Shalem Raj kalyanapu",6,11,1,,2026-07-24,renumbered-3,https://christianstack.com/lyrics/sandhadi-5-telugu-christmas-bhangra-folk-song-lyrics/
00538-sarvonatha.json,Sarvonatha,Bishop Pammi Daniel,2,2,2,,2026-07-24,unlabelled-stanzas,https://christianstack.com/lyrics/sarvonatha-divya-david-sreshta-karmoji-telugu-christian-lyrics/
00539-udhayinchinaadu.json,Udhayinchinaadu,Pastor V Joshua,3,4,4,,2026-07-24,unlabelled-stanzas,https://christianstack.com/lyrics/udhayinchinaadu-hanok-raj-telugu-christian-lyrics/
00540-anandam-arbhatame.json,Anandam Arbhatame,Hepsi Bhaskar,4,2,2,,2026-07-24,renumbered-3,https://christianstack.com/lyrics/anandam-arbhatame-immi-johnson-telugu-christian-lyrics/
00541-devaloka-mahimanantha.json,Devaloka Mahimanantha,A R Stevenson,1,4,4,,2026-07-24,unlabelled-stanzas,https://christianstack.com/lyrics/devaloka-mahimanantha-a-r-stevenson-telugu-christian-lyrics/
00542-dhoothalu-paadiri.json,Dhoothalu Paadiri,Sam K Kiran,11,4,4,,2026-07-24,stanza-count-mismatch te=11 en=7; renumbered-3,https://christianstack.com/lyrics/dhoothalu-paadiri-sharon-sisters-telugu-christian-lyrics/
00543-intinta-christmas.json,Intinta Christmas,Joshua Gariki,3,4,4,,2026-07-24,renumbered-2,https://christianstack.com/lyrics/intinta-christmas-joshua-gariki-telugu-christian-lyrics/
00544-kreesthu-nedu-puttenu.json,Kreesthu Nedu Puttenu,Moses Undru,1,6,8,,2026-07-24,unlabelled-stanzas,https://christianstack.com/lyrics/kreesthu-nedu-puttenu-j-k-christopher-telugu-christian-lyrics/
00545-loka-rakshakudu.json,Loka Rakshakudu,Samuel Karmoji,5,4,4,,2026-07-24,unlabelled-stanzas,https://christianstack.com/lyrics/loka-rakshakudu-samuel-karmoji-sreshta-karmoji-telugu-lyrics/
00546-na-sarwamu-neevenayya.json,Na Sarwamu Neevenayya,David Parla & Prasanth Geddam,2,4,4,,2026-07-24,unlabelled-stanzas,https://christianstack.com/lyrics/na-sarwamu-neevenayya-david-parla-telugu-christian-lyrics/
00547-sarvonnatha-sthalamulalo.json,Sarvonnatha Sthalamulalo,Methushelah P,1,4,4,,2026-07-24,,https://christianstack.com/lyrics/sarvonnatha-sthalamulalo-methushelah-telugu-christian-lyrics/
00548-srustikartha-devudu.json,Srustikartha Devudu,,1,4,4,,2026-07-24,unlabelled-stanzas,https://christianstack.com/lyrics/srustikartha-devudu-blessie-wesly-telugu-christian-lyrics/
00549-telugu-christmas-mashup-3.json,Telugu Christmas Mashup 3,Various Artists,2,10,10,,2026-07-24,unlabelled-stanzas,https://christianstack.com/lyrics/telugu-christmas-mashup-3-kenny-salvadi-merlyn-salvadi-christian-lyrics/
00550-anukshanam-nee-krupalo.json,Anukshanam Nee Krupalo,,2,4,4,,2026-07-24,unlabelled-stanzas,https://christianstack.com/lyrics/anukshanam-nee-krupalo-telugu-christian-lyrics/
00551-bhuvilo-velisina-dhaivama.json,Bhuvilo Velisina Dhaivama,Johnson Nakiekanti,1,4,3,,2026-07-24,unlabelled-stanzas,https://christianstack.com/lyrics/bhuvilo-velisina-dhaivama-sudhakar-rella-telugu-christian-lyrics/
00552-nee-chethilo.json,Nee Chethilo,Dr Noah R Ajay Kumar,1,5,5,,2026-07-24,unlabelled-stanzas,https://christianstack.com/lyrics/nee-chethilo-noah-ministries-telugu-christian-lyrics/
00553-nee-raakathone-bhuviki.json,Nee Raakathone Bhuviki,Prince Lanka,1,6,6,,2026-07-24,unlabelled-stanzas,https://christianstack.com/lyrics/nee-raakathone-bhuviki-kjw-prem-telugu-christian-lyrics/
00554-rakshakudu-vachinaadu.json,Rakshakudu Vachinaadu,Davidson Gajulavarthi,1,4,4,,2026-07-24,unlabelled-stanzas,https://christianstack.com/lyrics/rakshakudu-vachinaadu-davidson-gajulavarthi-telugu-christian-lyrics/
00555-randi-rarandoy.json,Randi Rarandoy,David Marumulla,1,5,4,,2026-07-24,unlabelled-stanzas,https://christianstack.com/lyrics/randi-rarandoy-joshua-gariki-telugu-christian-lyrics/
00556-udayinchinaadu-chudu-nesthamaa.json,Udayinchinaadu Chudu Nesthamaa,,3,2,2,,2026-07-24,unlabelled-stanzas,https://christianstack.com/lyrics/udayinchinaadu-chudu-nesthamaa-telugu-christian-lyrics/
00557-urantha-chateddhamaa.json,Urantha Chateddhamaa,KY Ratnam,1,5,5,,2026-07-24,unlabelled-stanzas,https://christianstack.com/lyrics/urantha-chateddhamaa-ky-ratnam-telugu-christian-lyrics/
00558-vachaavayyaa-velugulu.json,Vachaavayyaa Velugulu,Pastor A Yesu Babu,4,6,0,,2026-07-24,no-english-lyrics; renumbered-1,https://christianstack.com/lyrics/vachaavayyaa-velugulu-j-k-christopher-telugu-christian-lyrics/
00559-vinthaina-taraka.json,Vinthaina Taraka,Pastor Mani Prakash Deverapalli,1,5,6,,2026-07-24,unlabelled-stanzas,https://christianstack.com/lyrics/vinthaina-taraka-sharon-sisters-telugu-christian-lyrics/
00560-christmas-subhavelalo.json,Christmas Subhavelalo,Suresh Nittala,1,4,4,,2026-07-24,unlabelled-stanzas,https://christianstack.com/lyrics/christmas-subhavelalo-sharon-sisters-telugu-christian-lyrics/
00561-deevinchumu-deva.json,Deevinchumu Deva,Pastor David Paluri,2,4,4,,2026-07-24,unlabelled-stanzas,https://christianstack.com/lyrics/deevinchumu-deva-enosh-kumar-telugu-christian-lyrics/
00562-happy-happy-christmas-antu.json,Happy Happy Christmas Antu,P Methushelah,3,5,5,,2026-07-24,,https://christianstack.com/lyrics/happy-happy-christmas-antu-ky-ratnam-telugu-christian-lyrics/
00563-maaranivaada.json,Maaranivaada,Victor Rampogu,2,6,6,,2026-07-24,unlabelled-stanzas,https://christianstack.com/lyrics/maaranivaada-nick-victor-rampogu-telugu-christian-lyrics/
00564-mahimonnathudu.json,Mahimonnathudu,Sukumar,1,10,10,,2026-07-24,unlabelled-stanzas,https://christianstack.com/lyrics/mahimonnathudu-sukumar-telugu-christian-lyrics/
00565-na-naavalo.json,Na Naavalo,Pastor P Caleb,1,6,6,,2026-07-24,unlabelled-stanzas,https://christianstack.com/lyrics/na-naavalo-dhanya-tryphosa-telugu-christian-lyrics/
00566-naa-yesu-naadha.json,Naa Yesu Naadha,Joshua Shaik,1,12,11,,2026-07-24,unlabelled-stanzas,https://christianstack.com/lyrics/naa-yesu-naadha-joshua-shaik-kamlakhar-telugu-christian-lyrics/
00567-nenellappudu.json,Nenellappudu,Dr P Satish Kumar,1,5,4,,2026-07-24,unlabelled-stanzas,https://christianstack.com/lyrics/nenellappudu-sathish-kumar-telugu-christian-lyrics/
00568-udhayakalamulo.json,Udhayakalamulo,M Prakash,1,4,4,,2026-07-24,,https://christianstack.com/lyrics/udhayakalamulo-m-prakash-k-y-ratnam-telugu-christian-lyrics/
00569-yesu-puttenu.json,Yesu Puttenu,Philip gariki,1,4,4,,2026-07-24,unlabelled-stanzas,https://christianstack.com/lyrics/yesu-puttenu-philip-gariki-sharon-sisters-telugu-christian-lyrics/
00570-aadilo-emi-lenappudu.json,Aadilo Emi Lenappudu,Yohan Kadiyala,1,4,4,,2026-07-24,unlabelled-stanzas,https://christianstack.com/lyrics/aadilo-emi-lenappudu-das-kadiyala-telugu-christian-lyrics/
00571-chettunaku-manchu-unnatluga.json,Chettunaku Manchu Unnatluga,A R Stevenson,1,4,4,,2026-07-24,unlabelled-stanzas,https://christianstack.com/lyrics/chettunaku-manchu-unnatluga-a-r-stevenson-telugu-christian-lyrics/
00572-daivame-deepamai.json,Daivame Deepamai,Prasad Nelapudi,1,3,3,,2026-07-24,unlabelled-stanzas,https://christianstack.com/lyrics/daivame-deepamai-prasad-nelapudi-telugu-christian-lyrics/
00573-kadhalira-suvartha-chaataga.json,Kadhalira Suvartha Chaataga,Sayaram Gattu,2,7,7,,2026-07-24,unlabelled-stanzas,https://christianstack.com/lyrics/kadhalira-suvartha-chaataga-sayaram-gattu-telugu-christian-lyrics/
00574-neeku-neevuga.json,Neeku Neevuga,A R Stevenson,1,4,4,,2026-07-24,unlabelled-stanzas,https://christianstack.com/lyrics/neeku-neevuga-a-r-stevenson-telugu-christian-lyrics/
00575-neeve-naa-pranamu.json,Neeve Naa Pranamu,Shyam Joseph,1,6,6,,2026-07-24,unlabelled-stanzas,https://christianstack.com/lyrics/neeve-naa-pranamu-shyam-joseph-telugu-christian-lyrics/
00576-raajulaku-raaju.json,Raajulaku Raaju,John Kennedy Bethapudi,1,4,4,,2026-07-24,unlabelled-stanzas,https://christianstack.com/lyrics/raajulaku-raaju-ky-ratnam-telugu-christian-lyrics/
00577-sathakoti-vandhanaalu.json,Sathakoti Vandhanaalu,John Kennedy Bethapudi,1,2,2,,2026-07-24,unlabelled-stanzas,https://christianstack.com/lyrics/sathakoti-vandhanaalu-kjw-prem-telugu-christian-lyrics/
00578-yeasayya-janminche.json,Yeasayya Janminche,DBS Raju,1,4,4,,2026-07-24,unlabelled-stanzas,https://christianstack.com/lyrics/yeasayya-janminche-dbs-raju-telugu-christian-lyrics/
00579-yesu-raakada.json,Yesu Raakada,A J Emmanuel,1,5,4,,2026-07-24,unlabelled-stanzas,https://christianstack.com/lyrics/yesu-raakada-lillian-christopher-telugu-christian-lyrics/
00580-kanna-kalale.json,Kanna Kalale,Reshma Reigna,7,4,4,,2026-07-24,unlabelled-stanzas,https://christianstack.com/lyrics/kanna-kalale-revanth-reynold-reshma-telugu-christian-lyrics/
00581-nee-thodu-unte-chalu.json,Nee Thodu Unte Chalu,Pastor Prasad Nelapudi,1,4,4,,2026-07-24,unlabelled-stanzas,https://christianstack.com/lyrics/nee-thodu-unte-chalu-prasad-nelapudi-telugu-christian-lyrics/
00582-nenennadu-odiponiah.json,Nenennadu Odiponiah,K Y Ratnam,1,3,3,,2026-07-24,unlabelled-stanzas,https://christianstack.com/lyrics/nenennadu-odiponiah-ky-ratnam-telugu-christian-lyrics/
00583-ningi-nela-yekamayenu.json,Ningi Nela Yekamayenu,KY Ratnam,4,4,4,,2026-07-24,unlabelled-stanzas,https://christianstack.com/lyrics/ningi-nela-yekamayenu-sarah-kantimahanti-telugu-christian-lyrics/
00584-prema-alalu.json,Prema Alalu,Raj,2,2,0,,2026-07-24,no-english-lyrics,https://christianstack.com/lyrics/prema-alalu-the-waves-of-love-raj-telugu-christian-lyrics/
00585-ravikoti-thejudu.json,Ravikoti Thejudu,Kranthi Chepuri,1,6,6,,2026-07-24,unlabelled-stanzas,https://christianstack.com/lyrics/ravikoti-thejudu-nissy-john-hadlee-xavier-telugu-christian-lyrics/
00586-sarwesvaruni-darshanamukai.json,Sarwesvaruni Darshanamukai,Pastor Nithin Parvathaneni,1,6,6,,2026-07-24,unlabelled-stanzas,https://christianstack.com/lyrics/sarwesvaruni-darshanamukai-nithin-parvathaneni-telugu-christian-lyrics/
00587-vellipove-gathama.json,Vellipove Gathama,Sayaram Gattu,1,2,2,,2026-07-24,unlabelled-stanzas,https://christianstack.com/lyrics/vellipove-gathama-sreshta-karmoji-hadlee-xavier-telugu-christian-lyrics/
00588-ye-stithilonaina.json,Ye Stithilonaina,Pastor Vinod Kumar,7,3,3,,2026-07-24,renumbered-2,https://christianstack.com/lyrics/ye-stithilonaina-vinod-kumar-benjamin-johnson-telugu-christian-lyrics/
00589-yelo-yelo-sambaralu-5.json,Yelo Yelo Sambaralu 5,Joshua Shaik,1,8,8,,2026-07-24,unlabelled-stanzas,https://christianstack.com/lyrics/yelo-yelo-sambaralu-5-joshua-shaik-kamlakhar-telugu-christian-lyrics/
00590-bhayamela.json,Bhayamela,Sumanth Gudivada,1,2,2,,2026-07-24,,https://christianstack.com/lyrics/bhayamela-sumanth-gudivada-nissy-john-telugu-christian-lyrics/
00591-el-elohe.json,El Elohe,John Jebaraj,3,4,4,,2026-07-24,unlabelled-stanzas,https://christianstack.com/lyrics/el-elohe-john-jebaraj-telugu-christian-lyrics/
00592-krupayu-kshemamu.json,Krupayu Kshemamu,Psalms 23 from Holy Bible,4,4,3,,2026-07-24,renumbered-2,https://christianstack.com/lyrics/krupayu-kshemamu-deepika-kotecha-telugu-christian-lyrics/
00593-na-praanama-naalo-neevu.json,Na Praanama Naalo Neevu,pastor Dr M S Shantha Vardhan,1,4,4,,2026-07-24,,https://christianstack.com/lyrics/na-praanama-naalo-neevu-john-wesly-telugu-christian-lyrics/
00594-na-priya-yesu-raa.json,Na Priya Yesu Raa,Pranith Paul,6,6,5,,2026-07-24,unlabelled-stanzas,https://christianstack.com/lyrics/na-priya-yesu-raa-pranith-paul-telugu-christian-lyrics/
00595-nee-krupa-nenemaina.json,Nee Krupa Nenemaina,Timothy Vemulapally,1,6,6,,2026-07-24,unlabelled-stanzas,https://christianstack.com/lyrics/nee-krupa-nenemaina-timothy-vemulapally-telugu-christian-lyrics/
00596-neevanti-vaaru-leru.json,Neevanti Vaaru Leru,"Pastor Sanjeev Kumar featuring Vandana Kilimi, Rajesh Yelsatti, Jermiah John Sunith",2,4,4,,2026-07-24,unlabelled-stanzas,https://christianstack.com/lyrics/neevanti-vaaru-leru-sanjeev-kumar-telugu-christian-lyrics/
00597-ninnu-nenu-keerthinthunu.json,Ninnu Nenu Keerthinthunu,"Methushelah P, Viswasa Prardhana Mandiram, Gandigunta Post, Vuyyuru mandalam, Krishna district",1,4,4,,2026-07-24,,https://christianstack.com/lyrics/ninnu-nenu-keerthinthunu-ky-ratnam-telugu-christian-lyrics/
00598-raja-nee-sannidhilone.json,Raja Nee Sannidhilone,"Bro. John J, Fire Gospel Ministries",1,2,2,,2026-07-24,unlabelled-stanzas,https://christianstack.com/lyrics/raja-nee-sannidhilone-john-j-telugu-christian-lyrics/
00599-unnavaadavu-anuvaadavu.json,Unnavaadavu Anuvaadavu,Smt. Kiranmai Paul,1,6,6,,2026-07-24,unlabelled-stanzas,https://christianstack.com/lyrics/unnavaadavu-anuvaadavu-jyothiraju-telugu-christian-lyrics/
00600-aasraya-dhurgama-naa-yesayya.json,Aasraya Dhurgama Naa Yesayya,Bro. Yesanna,1,4,4,,2026-07-24,unlabelled-stanzas,https://christianstack.com/lyrics/aasraya-dhurgama-naa-yesayya-hosanna-ministries-telugu-lyrics/
00601-desamula-korika.json,Desamula Korika,Julie Danelle,4,1,1,,2026-07-24,unlabelled-stanzas,https://christianstack.com/lyrics/desamula-korika-anu-samuel-prabhu-pammi-telugu-christian-lyrics/
00602-na-snehithuda.json,Na Snehithuda,"Pammi Daniel, Divya David & Prabhu Pammi",1,3,3,,2026-07-24,,https://christianstack.com/lyrics/na-snehithuda-nissy-john-prabhu-pammi-telugu-christian-lyrics/
00603-naa-yesayya-naa-sthuthi.json,Naa Yesayya Naa Sthuthi,Bro. Yesanna,1,4,4,,2026-07-24,unlabelled-stanzas,https://christianstack.com/lyrics/naa-yesayya-naa-sthuthi-hosanna-ministries-telugu-lyrics/
00604-nee-melulu.json,Nee Melulu,Suresh Nittala,1,5,5,,2026-07-24,unlabelled-stanzas,https://christianstack.com/lyrics/nee-melulu-sharon-sisters-suresh-nittala-telugu-christian-lyrics/
00605-nee-sannidhilo.json,Nee Sannidhilo,Joshua Shaik,7,1,1,,2026-07-24,renumbered-2,https://christianstack.com/lyrics/nee-sannidhilo-joshua-shaik-pranam-kamlakhar-telugu-christian-lyrics/
00606-samarpinchedanu.json,Samarpinchedanu,Aneel Pagolu,1,2,2,,2026-07-24,unlabelled-stanzas,https://christianstack.com/lyrics/samarpinchedanu-kamlakhar-anwesshaa-telugu-christian-lyrics/
00607-sthuthi-geethamu.json,Sthuthi Geethamu,Joel Kodali,3,6,5,,2026-07-24,,https://christianstack.com/lyrics/sthuthi-geethamu-joel-kodali-stephenson-undunty-telugu-lyrics/
00608-viswaasa-vanithalam.json,Viswaasa Vanithalam,"Joshua Shaik, Passion For Christ Ministries",4,4,4,,2026-07-24,renumbered-1,https://christianstack.com/lyrics/viswaasa-vanithalam-joshua-shaik-telugu-christian-lyrics/
00609-yesu-kosame.json,Yesu Kosame,Joel Kodali,1,8,8,,2026-07-24,unlabelled-stanzas,https://christianstack.com/lyrics/yesu-kosame-joel-kodali-enosh-kumar-telugu-christian-lyrics/
00610-anjali-ghatiyinchinaamu.json,Anjali Ghatiyinchinaamu,Late K Yohan Babu,7,4,4,,2026-07-24,stanza-count-mismatch te=7 en=6; unlabelled-stanzas,https://christianstack.com/lyrics/anjali-ghatiyinchinaamu-yohan-babu-kamlakhar-telugu-lyrics/
00611-dhavalavarnuda-ratnavarnuda.json,Dhavalavarnuda Ratnavarnuda,"Pastor Praveen, Bellampalli",1,3,3,,2026-07-24,unlabelled-stanzas,https://christianstack.com/lyrics/dhavalavarnuda-ratnavarnuda-pastor-praveen-telugu-christian-lyrics/
00612-emmanuelu-deva.json,Emmanuelu Deva,Deepak Dinakar,2,2,2,,2026-07-24,unlabelled-stanzas,https://christianstack.com/lyrics/emmanuelu-deva-christopher-chalurkar-telugu-christian-lyrics/
00613-na-thodu-neevu-nilachithive.json,Na Thodu Neevu Nilachithive,Pastor D. Chrisostam,1,4,4,,2026-07-24,unlabelled-stanzas,https://christianstack.com/lyrics/na-thodu-neevu-nilachithive-chrisostam-telugu-christian-lyrics/
00614-naaku-adharamaina-yesayya.json,Naaku Adharamaina Yesayya,"Pastor K Solomon Raju , Christ Gospel Ministries, Guntur",1,4,4,,2026-07-24,unlabelled-stanzas,https://christianstack.com/lyrics/naaku-adharamaina-yesayya-sharon-sisters-telugu-christian-lyrics/
00615-nee-pilupe.json,Nee Pilupe,"Joshua Shaik, Passion For Christ Ministries",4,4,4,,2026-07-24,renumbered-1,https://christianstack.com/lyrics/nee-pilupe-joshua-shaik-pranam-kamlakhar-telugu-christian-lyrics/
00616-nee-pilupu.json,Nee Pilupu,Benny Joshua,9,2,2,,2026-07-24,renumbered-3,https://christianstack.com/lyrics/nee-pilupu-benny-joshua-telugu-christian-lyrics/
00617-noothana-hrudhayamu.json,Noothana Hrudhayamu,Joel Kodali,5,4,4,,2026-07-24,renumbered-2,https://christianstack.com/lyrics/noothana-hrudhayamu-joel-kodali-hadlee-xavier-telugu-christian-lyrics/
00618-oohinchalenu-prabhu.json,Oohinchalenu Prabhu,"Joshua Shaik, Passion For Christ Ministries",6,4,4,,2026-07-24,renumbered-1,https://christianstack.com/lyrics/oohinchalenu-prabhu-joshua-shaik-kamlakhar-telugu-christian-lyrics/
00619-vechiyunnanu.json,Vechiyunnanu,Vijay Kondapuram,9,5,5,,2026-07-24,unlabelled-stanzas,https://christianstack.com/lyrics/vechiyunnanu-vijay-kondapuram-allen-ganta-telugu-christian-lyrics/
00620-anukshanamu-ninne-koluthu.json,Anukshanamu Ninne Koluthu,Pastor K Rajababu,1,2,2,,2026-07-24,,https://christianstack.com/lyrics/anukshanamu-ninne-koluthu-jyothi-raju-telugu-christian-lyrics/
00621-gorrepilla-rakthamulo.json,Gorrepilla Rakthamulo,Pastor Nani,1,5,5,,2026-07-24,unlabelled-stanzas,https://christianstack.com/lyrics/gorrepilla-rakthamulo-samuel-pammi-telugu-christian-lyrics/
00622-gunde-nindaa-kanneere.json,Gunde Nindaa Kanneere,Pastor B Shadrak,1,6,0,,2026-07-24,no-english-lyrics,https://christianstack.com/lyrics/gunde-nindaa-kanneere-krupasana-ministries-telugu-christian-lyrics/
00623-ilalona-edhainaa.json,Ilalona Edhainaa,Pastor Ravinder Vottepu,2,2,2,,2026-07-24,,https://christianstack.com/lyrics/ilalona-edhainaa-ravinder-vottepu-kjw-prem-telugu-christian-lyrics/
00624-naa-deva.json,Naa Deva,"Sammy Thangiah, Derick Samuel, Samuel Joseph, Christy Zebulon, Hema Prasanna",3,5,5,,2026-07-24,unlabelled-stanzas,https://christianstack.com/lyrics/naa-deva-sammy-thangiah-sam-alex-telugu-christian-lyrics/
00625-neelanti-goppa-prema.json,Neelanti Goppa Prema,Pastor Jyothi Raju,1,5,5,,2026-07-24,,https://christianstack.com/lyrics/neelanti-goppa-prema-pastor-jyothi-raju-telugu-christian-lyrics/
00626-ninu-chere.json,Ninu Chere,Joshua Shaik,1,2,2,,2026-07-24,unlabelled-stanzas,https://christianstack.com/lyrics/ninu-chere-joshua-shaik-pranam-kamlakhar-telugu-christian-lyrics/
00627-oddu-cheri-nee-yedhuta.json,Oddu Cheri Nee Yedhuta,Charles Carroll Luther,5,4,4,,2026-07-24,,https://christianstack.com/lyrics/oddu-cheri-nee-yedhuta-andhra-kraistava-keerthanalu-lyrics/
00628-prema-prema.json,Prema Prema,Joshua Shaik,1,6,6,,2026-07-24,unlabelled-stanzas,https://christianstack.com/lyrics/prema-prema-joshua-shaik-pranam-kamlakhar-telugu-christian-lyrics/
00629-srushtikarthavu.json,Srushtikarthavu,Pastor J Devanand Kumar,1,2,2,,2026-07-24,unlabelled-stanzas,https://christianstack.com/lyrics/srushtikarthavu-devanand-kumar-vincent-joel-telugu-christian-lyrics/
00630-amaramaina-prema.json,Amaramaina Prema,Hosanna Ministries,1,4,4,,2026-07-24,unlabelled-stanzas,https://christianstack.com/lyrics/amaramaina-prema-hosanna-ministries-telugu-christian-lyrics/
00631-athi-sundharudavu-yesayya.json,Athi Sundharudavu Yesayya,Hosanna Ministries,1,3,3,,2026-07-24,unlabelled-stanzas,https://christianstack.com/lyrics/athi-sundharudavu-yesayya-hosanna-ministries-telugu-christian-lyrics/
00632-karuna-sampannuda.json,Karuna Sampannuda,Pastor John Wesley,1,5,5,,2026-07-24,unlabelled-stanzas,https://christianstack.com/lyrics/karuna-sampannuda-hosanna-ministries-telugu-christian-lyrics/
00633-mahadhaanandhamaina.json,Mahadhaanandhamaina,,1,8,8,,2026-07-24,unlabelled-stanzas,https://christianstack.com/lyrics/mahadhaanandhamaina-hosanna-ministries-telugu-christian-lyrics/
00634-nenu-velle-maargamu.json,Nenu Velle Maargamu,Bro. Yesanna,1,2,2,,2026-07-24,unlabelled-stanzas,https://christianstack.com/lyrics/nenu-velle-maargamu-hosanna-ministries-telugu-christian-lyrics/
00635-oohinchaledhayya.json,Oohinchaledhayya,Raj Chikkala,1,4,4,,2026-07-24,unlabelled-stanzas,https://christianstack.com/lyrics/oohinchaledhayya-samy-pachigalla-enoch-jagan-telugu-christian-lyrics/
00636-paadedha-stuthi-gaanamu.json,Paadedha Stuthi Gaanamu,Hosanna Ministries,1,3,3,,2026-07-24,unlabelled-stanzas,https://christianstack.com/lyrics/paadedha-stuthi-gaanamu-hosanna-ministries-telugu-christian-lyrics/
00637-srikaruda-yesayya.json,Srikaruda Yesayya,Hosanna Ministries,1,5,5,,2026-07-24,unlabelled-stanzas,https://christianstack.com/lyrics/srikaruda-yesayya-hosanna-ministries-telugu-christian-lyrics/
00638-sthuthiye-na-aayudham.json,Sthuthiye Na Aayudham,"Raise A Hallelujah by Bethel Music featuring Jonathan and Melissa Helser on January 03, 2019",13,4,4,,2026-07-24,stanza-count-mismatch te=13 en=7; unlabelled-stanzas,https://christianstack.com/lyrics/sthuthiye-na-aayudham-hannah-vimal-telugu-christian-lyrics/
00639-aradhana-aaradhana.json,Aradhana Aaradhana,Raja Mandru,1,1,1,,2026-07-24,unlabelled-stanzas,https://christianstack.com/lyrics/aradhana-aaradhana-raja-mandru-telugu-christian-lyrics/
00640-aradhinthu-ninnu-deva.json,Aradhinthu Ninnu Deva,pastor K Ratnam,1,4,4,,2026-07-24,unlabelled-stanzas,https://christianstack.com/lyrics/aradhinthu-ninnu-deva-jyothi-raju-telugu-christian-lyrics/
00641-evaru-leru-prabhuva.json,Evaru Leru Prabhuva,Bishop Shulamite Finny Pachigalla,1,2,2,,2026-07-24,unlabelled-stanzas,https://christianstack.com/lyrics/evaru-leru-prabhuva-samy-pachigalla-telugu-christian-lyrics/
00642-gurine-nilupu.json,Gurine Nilupu,Dr. Issac Raj Alanka,1,4,4,,2026-07-24,unlabelled-stanzas,https://christianstack.com/lyrics/gurine-nilupu-ashirvad-luke-raj-alanka-telugu-christian-lyrics/
00643-hrudayam-loniki.json,Hrudayam Loniki,Suresh Vanguri,1,5,5,,2026-07-24,unlabelled-stanzas,https://christianstack.com/lyrics/hrudayam-loniki-suresh-vanguri-jk-christopher-telugu-christian-lyrics/
00644-naa-jeevithana.json,Naa Jeevithana,Bro P.Sunith & Bro Bobby Jeevan,1,9,9,,2026-07-24,unlabelled-stanzas,https://christianstack.com/lyrics/naa-jeevithana-praveen-ritmos-sareen-imman-telugu-christian-lyrics/
00645-nammedhanu.json,Nammedhanu,Pastor Reenukumar,5,2,2,,2026-07-24,,https://christianstack.com/lyrics/nammedhanu-reenukumar-benny-joshua-john-erry-telugu-christian-lyrics/
00646-nannu-diddumu.json,Nannu Diddumu,Devadas Mungamuri,1,2,2,,2026-07-24,unlabelled-stanzas,https://christianstack.com/lyrics/nannu-diddumu-srastha-3-devadas-mungamuri-telugu-christian-lyrics/
00647-neetho-gadipe-prathi-kshanam.json,Neetho Gadipe Prathi Kshanam,Pastor Jyothi Raju,1,5,5,,2026-07-24,unlabelled-stanzas,https://christianstack.com/lyrics/neetho-gadipe-prathi-kshanam-jyothi-raju-telugu-christian-lyrics/
00648-prabhuva-nee-karyamulu.json,Prabhuva Nee Karyamulu,Lillian Christopher,1,4,4,,2026-07-24,unlabelled-stanzas,https://christianstack.com/lyrics/prabhuva-nee-karyamulu-j-k-christopher-telugu-christian-lyrics/
00649-mattilona-muthyamalle.json,Mattilona Muthyamalle,Joshua Shaik,4,4,4,,2026-07-24,renumbered-1,https://christianstack.com/lyrics/mattilona-muthyamalle-pranam-kamlakhar-telugu-christian-lyrics/
00650-nee-dhukka-dhinamulu.json,Nee Dhukka Dhinamulu,Pastor B Shalem Raju,1,2,2,,2026-07-24,,https://christianstack.com/lyrics/nee-dhukka-dhinamulu-pastor-shalem-raju-telugu-christian-lyrics/
00651-ningi-nela-murisipoye.json,Ningi Nela Murisipoye,Sis. Madhurya Kiran,1,7,7,,2026-07-24,unlabelled-stanzas,https://christianstack.com/lyrics/ningi-nela-murisipoye-shiran7-studios-telugu-christian-lyrics/
00652-nisheedhi-reyilo.json,Nisheedhi Reyilo,Andrew Son,2,4,4,,2026-07-24,unlabelled-stanzas,https://christianstack.com/lyrics/nisheedhi-reyilo-andrew-son-rajanand-telugu-christian-lyrics/
00653-prakashinchenu.json,Prakashinchenu,Bro P.Sunith & Bro Bobby Jeevan,1,7,7,,2026-07-24,unlabelled-stanzas,https://christianstack.com/lyrics/prakashinchenu-praveen-ritmos-telugu-christian-lyrics/
00654-shaka-purushuni-jananam.json,Shaka Purushuni Jananam,Sangeetha Rao,1,3,7,,2026-07-24,unlabelled-stanzas,https://christianstack.com/lyrics/shaka-purushuni-jananam-pastor-john-wesley-telugu-christian-lyrics/
00655-sthuthi-paadutake.json,Sthuthi Paadutake,Pastor John Wesley,1,7,7,,2026-07-24,unlabelled-stanzas,https://christianstack.com/lyrics/sthuthi-paadutake-hosanna-ministries-telugu-christian-lyrics/
00656-sudhooramu.json,Sudhooramu,Joel Kodali,1,4,4,,2026-07-24,unlabelled-stanzas,https://christianstack.com/lyrics/sudhooramu-joel-kodali-hadlee-xavier-telugu-christian-lyrics/
00657-vagdanamulu.json,Vagdanamulu,Pastor Vinod Kumar,4,2,2,,2026-07-24,renumbered-2,https://christianstack.com/lyrics/vagdanamulu-vinod-kumar-benjamin-johnson-telugu-christian-lyrics/
00658-villuveleni-na-jeevitham.json,Villuveleni Na Jeevitham,Pastor Vinod Kumar,2,3,3,,2026-07-24,,https://christianstack.com/lyrics/villuveleni-na-jeevitham-vinod-kumar-benjamin-telugu-christian-lyrics/
00659-banthi-anaga-aadare.json,Banthi Anaga Aadare,,2,2,2,,2026-07-24,unlabelled-stanzas,https://christianstack.com/lyrics/banthi-anaga-aadare-telugu-christian-christmas-song-lyrics/
00660-chalayya-yesayya.json,Chalayya Yesayya,Jessy Paul,3,2,2,,2026-07-24,stanza-count-mismatch te=3 en=2; unlabelled-stanzas,https://christianstack.com/lyrics/chalayya-yesayya-raj-prakash-paul-jessy-paul-telugu-christian-lyrics/
00661-dhivine-vidachina-raaraju.json,Dhivine Vidachina Raaraju,Kiran D,2,2,2,,2026-07-24,unlabelled-stanzas,https://christianstack.com/lyrics/dhivine-vidachina-raaraju-lillyan-christopher-telugu-christian-lyrics/
00662-goppa-karyamu.json,Goppa Karyamu,,4,1,4,,2026-07-24,renumbered-1,https://christianstack.com/lyrics/goppa-karyamu-allen-ganta-telugu-christian-lyrics/
00663-idi-christmas-veduka.json,Idi Christmas Veduka,Suresh Nittala,2,2,2,,2026-07-24,,https://christianstack.com/lyrics/idi-christmas-veduka-suresh-nittala-esther-telugu-christian-lyrics/
00664-naalo-unnavadu.json,Naalo Unnavadu,"Sumanth Gudivada, Kranthi Sandeep Vedala",1,4,4,,2026-07-24,unlabelled-stanzas,https://christianstack.com/lyrics/naalo-unnavadu-sumanth-gudivada-enoch-jagan-telugu-christian-lyrics/
00665-neelo-samasthamu-saadyame.json,Neelo Samasthamu Saadyame,Davidson Gajulavarthi,1,4,4,,2026-07-24,unlabelled-stanzas,https://christianstack.com/lyrics/neelo-samasthamu-saadyame-hephzibah-renjith-telugu-christian-lyrics/
00666-telugu-christmas-mashup-2.json,Telugu Christmas Mashup 2,Various Artists,11,5,5,,2026-07-24,stanza-count-mismatch te=11 en=10; unlabelled-stanzas,https://christianstack.com/lyrics/telugu-christmas-mashup-2-kenny-salvadi-merlyn-salvadi-christian-lyrics/
00667-uthsavam.json,Uthsavam,Samy Pachigalla,2,5,5,,2026-07-24,unlabelled-stanzas,https://christianstack.com/lyrics/uthsavam-samy-pachigalla-samuel-mories-telugu-christian-lyrics/
00668-yesayya-katha.json,Yesayya Katha,Pastor Philip Gariki,1,8,8,,2026-07-24,unlabelled-stanzas,https://christianstack.com/lyrics/yesayya-katha-jk-christopher-philip-gariki-telugu-christian-lyrics/
00669-aakasame-pattanodu.json,Aakasame Pattanodu,K R John,5,3,3,,2026-07-24,renumbered-2,https://christianstack.com/lyrics/aakasame-pattanodu-ky-ratnam-telugu-christian-lyrics/
00670-kaalam-karigina.json,Kaalam Karigina,Giftson Durai,5,4,4,,2026-07-24,unlabelled-stanzas,https://christianstack.com/lyrics/kaalam-karigina-charan-wesly-cherry-telugu-christian-lyrics/
00671-kondalalo-uyar-malaiyo-telugu.json,Kondalalo (Uyar Malaiyo Telugu),John Jebaraj,1,4,4,,2026-07-24,unlabelled-stanzas,https://christianstack.com/lyrics/kondalalo-uyar-malaiyo-telugu-asha-ashirwadh-telugu-christian-lyrics/
00672-naa-snehithuda.json,Naa Snehithuda,"Divya David, Dr. Pammi Daniel, Prabhu Pammi",2,1,1,,2026-07-24,,https://christianstack.com/lyrics/naa-snehithuda-prabhu-pammi-jessy-paul-telugu-christian-lyrics/
00673-nakshatrama-2.json,Nakshatrama 2,A R Stevenson,1,6,6,,2026-07-24,unlabelled-stanzas,https://christianstack.com/lyrics/nakshatrama-2-g-rithwick-a-r-stevenson-telugu-christian-lyrics/
00674-nannu-nilipavu.json,Nannu Nilipavu,Dr. John Wesly,1,4,4,,2026-07-24,,https://christianstack.com/lyrics/nannu-nilipavu-john-wesly-telugu-christian-lyrics/
00675-ne-challani-chuputho.json,Ne Challani Chuputho,Prasad Nelapudi,1,4,4,,2026-07-24,unlabelled-stanzas,https://christianstack.com/lyrics/ne-challani-chuputho-ky-ratnam-swetha-mohan-telugu-christian-lyrics/
00676-ninnaradhunchedhanu.json,Ninnaradhunchedhanu,Sharon Philip & Philip Gariki,1,4,0,,2026-07-24,no-english-lyrics; unlabelled-stanzas,https://christianstack.com/lyrics/ninnaradhunchedhanu-sharon-philip-philip-gariki-telugu-christian-lyrics/
00677-sajeeva-saakshulugaa.json,Sajeeva Saakshulugaa,Dr. John Wesly,1,6,6,,2026-07-24,,https://christianstack.com/lyrics/sajeeva-saakshulugaa-john-wesly-blessie-wesly-telugu-christian-lyrics/
00678-stuthiyu.json,Stuthiyu,Devadas Mungamuri,1,1,4,,2026-07-24,unlabelled-stanzas,https://christianstack.com/lyrics/stuthiyu-srastha-3-devadas-mungamuri-telugu-christian-lyrics/
00679-dhevuni-sevakulaara.json,Dhevuni Sevakulaara,A R Stevenson,1,6,6,,2026-07-24,unlabelled-stanzas,https://christianstack.com/lyrics/dhevuni-sevakulaara-a-r-stevenson-telugu-christian-lyrics/
00680-naa-praanamaa.json,Naa Praanamaa,Joel Kodali,1,2,2,,2026-07-24,unlabelled-stanzas,https://christianstack.com/lyrics/naa-praanamaa-joel-kodali-hadlee-xavier-telugu-christian-lyrics/
00681-neevey-choochu-vaadavu.json,Neevey Choochu Vaadavu,Benny Joshua,4,4,4,,2026-07-24,renumbered-2,https://christianstack.com/lyrics/neevey-choochu-vaadavu-benny-joshua-telugu-christian-lyrics/
00682-samarpana.json,Samarpana,Pastor Ravinder Vottepu,1,2,2,,2026-07-24,,https://christianstack.com/lyrics/samarpana-ravinder-vottepu-telugu-christian-lyrics/
00683-seethaakalamlo.json,Seethaakalamlo,JD Cyril Babu,1,8,8,,2026-07-24,unlabelled-stanzas,https://christianstack.com/lyrics/seethaakalamlo-michael-kalyanapu-sharon-philip-telugu-christian-lyrics/
00684-toorpu-nundi-padamaraku.json,Toorpu Nundi Padamaraku,Dr. John Wesly,1,4,4,,2026-07-24,,https://christianstack.com/lyrics/toorpu-nundi-padamaraku-john-wesly-telugu-christian-lyrics/
00685-uthsaaha-dwani-jaijaikar.json,Uthsaaha Dwani (Jaijaikar),Dr Amit Kamle,1,4,4,,2026-07-24,unlabelled-stanzas,https://christianstack.com/lyrics/uthsaaha-dwani-jaijaikar-amit-kamle-telugu-christian-lyrics/
00686-varama.json,Varama,Arun Nethala,1,5,5,,2026-07-24,,https://christianstack.com/lyrics/varama-jeeva-r-pakerla-febin-chacko-telugu-christian-lyrics/
00687-yesayya-nee.json,Yesayya Nee,Joshua Shaik,6,4,4,,2026-07-24,renumbered-1,https://christianstack.com/lyrics/yesayya-nee-joshua-shaik-pranam-kamlakhar-telugu-christian-lyrics/
00688-yesayya-neeke-vandanam.json,Yesayya Neeke Vandanam,Kranthi Chepuri,1,4,4,,2026-07-24,unlabelled-stanzas,https://christianstack.com/lyrics/yesayya-neeke-vandanam-enosh-kumar-telugu-christian-lyrics/
00689-aaradhinchedham.json,Aaradhinchedham,Samy Pachigalla,1,3,3,,2026-07-24,unlabelled-stanzas,https://christianstack.com/lyrics/aaradhinchedham-samy-pachigalla-telugu-christian-lyrics/
00690-kummarinchu-nee-atma.json,Kummarinchu Nee Atma,Pastor Ravinder Vottepu,9,3,3,,2026-07-24,renumbered-2,https://christianstack.com/lyrics/kummarinchu-nee-atma-ravinder-vottepu-telugu-christian-lyrics/
00691-na-aashrayam-na-aadharam.json,Na Aashrayam Na Aadharam,"Moses Smiles, Anil Kumar Bussa",1,2,2,,2026-07-24,unlabelled-stanzas,https://christianstack.com/lyrics/na-aashrayam-na-aadharam-moses-smiles-telugu-christian-lyrics/
00692-naamamu.json,Naamamu,Anu Samuel,5,4,4,,2026-07-24,,https://christianstack.com/lyrics/naamamu-anu-samuel-daniel-prem-kumar-telugu-christian-lyrics/
00693-nalo-nalo.json,Nalo Nalo,Samuel Karmoji,1,3,3,,2026-07-24,unlabelled-stanzas,https://christianstack.com/lyrics/nalo-nalo-suhas-karmoji-samuel-karmoji-telugu-christian-lyrics/
00694-nannu-abhishekinchithivi.json,Nannu Abhishekinchithivi,N Prajna Samuel,1,3,3,,2026-07-24,,https://christianstack.com/lyrics/nannu-abhishekinchithivi-jk-christopher-prajna-telugu-christian-lyrics/
00695-ninne-sthuthinchedan.json,Ninne Sthuthinchedan,Merlyn Salvadi,3,4,4,,2026-07-24,unlabelled-stanzas,https://christianstack.com/lyrics/ninne-sthuthinchedan-merlyn-salvadi-blessy-telugu-christian-lyrics/
00696-premikudaa.json,Premikudaa,Hannah Grace,2,4,4,,2026-07-24,unlabelled-stanzas,https://christianstack.com/lyrics/premikudaa-sound-of-shofar-ft-hannah-grace-telugu-christian-lyrics/
00697-viraboosina-pushpama.json,Viraboosina Pushpama,Sharon Philip,1,5,5,,2026-07-24,unlabelled-stanzas,https://christianstack.com/lyrics/viraboosina-pushpama-sharon-philip-telugu-christian-lyrics/
00698-yevaru-choopinchaleni.json,Yevaru Choopinchaleni,Joshua Shaik,7,3,3,,2026-07-24,renumbered-2,https://christianstack.com/lyrics/yevaru-choopinchaleni-pranam-kamlakar-joshua-shaik-telugu-christian-lyrics/
00699-chejarithe.json,Chejarithe,L Aseervadam,1,4,4,,2026-07-24,unlabelled-stanzas,https://christianstack.com/lyrics/chejarithe-jk-christopher-nissi-john-telugu-christian-lyrics/
00700-kalla-yerugani-tella-pavurama.json,Kalla Yerugani Tella Pavurama,Pastor B Shalem Raju,1,4,4,,2026-07-24,unlabelled-stanzas,https://christianstack.com/lyrics/kalla-yerugani-tella-pavurama-shalem-raju-telugu-christian-lyrics/
00701-na-upakaarivi-neevu-yesayya.json,Na Upakaarivi Neevu Yesayya,Dr. Victor Rampogu,1,3,3,,2026-07-24,unlabelled-stanzas,https://christianstack.com/lyrics/na-upakaarivi-neevu-yesayya-k-y-ratnam-telugu-christian-lyrics/
00702-oohinchalenu-prabhu.json,Oohinchalenu Prabhu,Joshua Shaik,1,4,4,,2026-07-24,,https://christianstack.com/lyrics/oohinchalenu-prabhu-pranam-kamlakhar-telugu-christian-lyrics/
00703-padhe-paadana.json,Padhe Paadana,Joshua Shaik,1,3,3,,2026-07-24,,https://christianstack.com/lyrics/padhe-paadana-pranam-kamlakhar-telugu-christian-lyrics/
00704-parugethi-ninnu-cheri.json,Parugethi Ninnu Cheri,"Guru Krishna Kadoni, Vishal Dass & Annoz Kamalakar",2,8,8,,2026-07-24,unlabelled-stanzas,https://christianstack.com/lyrics/parugethi-ninnu-cheri-annoz-kamalakar-telugu-christian-lyrics/
00705-prabhu-paadha-sannidhi.json,Prabhu Paadha Sannidhi,Voola Daniel Ravi Kumar,1,2,2,,2026-07-24,,https://christianstack.com/lyrics/prabhu-paadha-sannidhi-nissi-john-telugu-christian-lyrics/
00706-prabhuva-ma-deva.json,Prabhuva Ma Deva,Harsha Singavarapu,1,5,5,,2026-07-24,unlabelled-stanzas,https://christianstack.com/lyrics/prabhuva-ma-deva-philip-gariki-harsha-telugu-christian-lyrics/
00707-yedabayani-nee-krupa.json,Yedabayani Nee Krupa,Pastor Mathews,1,4,4,,2026-07-24,,https://christianstack.com/lyrics/yedabayani-nee-krupa-jk-christopher-telugu-christian-lyrics/
00708-yudha-saakshyamu.json,Yudha Saakshyamu,A J Emmanuel,1,2,2,,2026-07-24,unlabelled-stanzas,https://christianstack.com/lyrics/yudha-saakshyamu-pranam-kamlakhar-anwesshaa-telugu-lyrics/
00709-aada-janmanu-devudenduku.json,Aada Janmanu Devudenduku,Pastham Srinivas,1,7,8,,2026-07-24,unlabelled-stanzas,https://christianstack.com/lyrics/aada-janmanu-devudenduku-pastham-srinivas-telugu-christian-lyrics/
00710-choochuchunna-devudavu.json,Choochuchunna Devudavu,Pastor M Jesu Moses Raja,2,2,2,,2026-07-24,unlabelled-stanzas,https://christianstack.com/lyrics/choochuchunna-devudavu-lillyan-christopher-telugu-christian-lyrics/
00711-entha-kalamo.json,Entha Kalamo,Pastor Ramesh,1,4,4,,2026-07-24,unlabelled-stanzas,https://christianstack.com/lyrics/entha-kalamo-jk-christopher-rupa-samuel-telugu-christian-lyrics/
00712-kaliseti-andhaala.json,Kaliseti Andhaala,Joshua Shaik,6,5,5,,2026-07-24,renumbered-1,https://christianstack.com/lyrics/kaliseti-andhaala-pranam-kamlakhar-telugu-christian-lyrics/
00713-kanche-vesavu.json,Kanche Vesavu,Pastor Prasad Nelapudi,1,4,4,,2026-07-24,unlabelled-stanzas,https://christianstack.com/lyrics/kanche-vesavu-tinnu-thereesh-prasad-nelapudi-telugu-christian-lyrics/
00714-kondala-vaipu.json,Kondala Vaipu,Pastor K Shekar,2,4,4,,2026-07-24,unlabelled-stanzas,https://christianstack.com/lyrics/kondala-vaipu-k-shekar-jk-christopher-telugu-christian-lyrics/
00715-naa-thodu-neeve-deva.json,Naa Thodu Neeve Deva,Joshua Shaik,6,6,6,,2026-07-24,renumbered-1,https://christianstack.com/lyrics/naa-thodu-neeve-deva-joshua-shaik-kamlakhar-telugu-christian-lyrics/
00716-ne-padipothini.json,Ne Padipothini,Prudhvi Raj,1,4,4,,2026-07-24,unlabelled-stanzas,https://christianstack.com/lyrics/ne-padipothini-samy-pachigalla-rahul-telugu-christian-lyrics/
00717-pilichenu-prabhu-yesu.json,Pilichenu Prabhu Yesu,A J Emmanuel,1,4,4,,2026-07-24,unlabelled-stanzas,https://christianstack.com/lyrics/pilichenu-prabhu-yesu-pranam-kamlakhar-telugu-christian-lyrics/
00718-vadhimpabadina.json,Vadhimpabadina,Anand Tirugulla,1,4,4,,2026-07-24,unlabelled-stanzas,https://christianstack.com/lyrics/vadhimpabadina-pranam-kamlakhar-anwesshaa-telugu-christian-lyrics/
00719-chalaiya-nee-prema.json,Chalaiya Nee Prema,Pastor Vinod Kumar,4,3,3,,2026-07-24,unlabelled-stanzas,https://christianstack.com/lyrics/chalaiya-nee-prema-vinod-kumar-benjamin-johnson-telugu-christian-lyrics/
00720-koteswarulaina-kadupedalaina.json,Koteswarulaina Kadupedalaina,Dr. P Lazarus,2,8,8,,2026-07-24,,https://christianstack.com/lyrics/koteswarulaina-kadupedalaina-p-lazarus-nissy-telugu-christian-lyrics/
00721-mahashowryudu.json,Mahashowryudu,Stephen Bob,1,5,5,,2026-07-24,,https://christianstack.com/lyrics/mahashowryudu-davidson-gajulavarthi-telugu-christian-lyrics/
00722-manchi-hrudayam.json,Manchi Hrudayam,Samuel Pammi,1,2,2,,2026-07-24,unlabelled-stanzas,https://christianstack.com/lyrics/manchi-hrudayam-samuel-pammi-telugu-christian-lyrics/
00723-na-viswaasa-oda-yaatra.json,Na Viswaasa Oda Yaatra,Pastor Suresh,1,4,4,,2026-07-24,,https://christianstack.com/lyrics/na-viswaasa-oda-yaatra-pastor-suresh-telugu-christian-lyrics/
00724-naa-vaidhyudavu.json,Naa Vaidhyudavu,Pastor Raj Prakash Paul,1,4,4,,2026-07-24,unlabelled-stanzas,https://christianstack.com/lyrics/naa-vaidhyudavu-raj-prakash-paul-telugu-christian-lyrics/
00725-naatho-unnadu.json,Naatho Unnadu,Merlyn Salvadi,1,4,4,,2026-07-24,unlabelled-stanzas,https://christianstack.com/lyrics/naatho-unnadu-merlyn-salvadi-telugu-christian-lyrics/
00726-sandram-lo-padava-prayanam.json,Sandram Lo Padava Prayanam,P Srinivas,1,4,4,,2026-07-24,,https://christianstack.com/lyrics/sandram-lo-padava-prayanam-prashanth-penumaka-telugu-christian-lyrics/
00727-tirigiraa-nesthama.json,Tirigiraa Nesthama,Dr. John Wesly,1,4,4,,2026-07-24,,https://christianstack.com/lyrics/tirigiraa-nesthama-john-wesly-telugu-christian-lyrics/
00728-vinthaina-prema.json,Vinthaina Prema,Joshua Shaik,6,4,4,,2026-07-24,stanza-count-mismatch te=5 en=6; renumbered-2,https://christianstack.com/lyrics/vinthaina-prema-pranam-kamlakar-joshua-shaik-telugu-christian-lyrics/
00729-chuchithi-ni-momupai.json,Chuchithi Ni Momupai,Pastor Jyothi Raju,1,4,6,,2026-07-24,unlabelled-stanzas,https://christianstack.com/lyrics/chuchithi-ni-momupai-jyothi-raju-kamlakar-telugu-christian-lyrics/
00730-mana-maargamu.json,Mana Maargamu,Pastor G Andrews,3,4,4,,2026-07-24,,https://christianstack.com/lyrics/mana-maargamu-jayasudha-gifton-elias-telugu-christian-lyrics/
00731-na-priyuniki.json,Na Priyuniki,Pastor John David Raju Nethala,1,3,3,,2026-07-24,unlabelled-stanzas,https://christianstack.com/lyrics/na-priyuniki-jk-christopher-lillyan-christopher-telugu-christian-lyrics/
00732-na-yesuni-prema.json,Na Yesuni Prema,Srimanth katamala,4,3,3,,2026-07-24,renumbered-2,https://christianstack.com/lyrics/na-yesuni-prema-srimanth-prabhu-pammi-telugu-christian-lyrics/
00733-naa-jeevam.json,Naa Jeevam,Bro Kripal Mohan,3,3,3,,2026-07-24,,https://christianstack.com/lyrics/naa-jeevam-allen-ganta-ft-shelley-reddy-telugu-christian-lyrics/
00734-naadhu-rakshaka.json,Naadhu Rakshaka,Sam Joel G,1,3,3,,2026-07-24,unlabelled-stanzas,https://christianstack.com/lyrics/naadhu-rakshaka-ashirvad-luke-samy-pachigalla-telugu-christian-lyrics/
00735-nee-krupaye.json,Nee Krupaye,Benny Joshua,2,3,3,,2026-07-24,unlabelled-stanzas,https://christianstack.com/lyrics/nee-krupaye-benny-joshua-telugu-christian-lyrics/
00736-okapari-thalachina-joshua-shaik-kamlakhar.json,Okapari Thalachina -Joshua Shaik Kamlakhar,"Joshua Shaik, Passion For Christ Ministries",1,5,5,,2026-07-24,unlabelled-stanzas,https://christianstack.com/lyrics/okapari-thalachina-joshua-shaik-kamlakhar-telugu-christian-lyrics/
00737-prema-kaligi.json,Prema Kaligi,Pastor N J Simon,1,4,4,,2026-07-24,unlabelled-stanzas,https://christianstack.com/lyrics/prema-kaligi-sharon-sisters-philip-gariki-telugu-christian-lyrics/
00738-vivaham-ghanamainadi.json,Vivaham Ghanamainadi,P Srinivas,1,10,10,,2026-07-24,unlabelled-stanzas,https://christianstack.com/lyrics/vivaham-ghanamainadi-emmanuel-prem-telugu-christian-lyrics/
00739-aradhana-adhika-sthothramu.json,Aradhana Adhika Sthothramu,Akumarthi Daniel,1,3,3,,2026-07-24,unlabelled-stanzas,https://christianstack.com/lyrics/aradhana-adhika-sthothramu-jyothi-raju-telugu-christian-lyrics/
00740-jeevitha-naava.json,Jeevitha Naava,A J Emmanuel,1,3,3,,2026-07-24,unlabelled-stanzas,https://christianstack.com/lyrics/jeevitha-naava-pjd-kumar-telugu-christian-lyrics/
00741-mandhiramandhuna.json,Mandhiramandhuna,A J Emmanuel,1,3,3,,2026-07-24,unlabelled-stanzas,https://christianstack.com/lyrics/mandhiramandhuna-pjd-kumar-nissy-john-telugu-christian-lyrics/
00742-maranapu-mullu.json,Maranapu Mullu,Pastor Kamala Timothy Mallipudi,1,2,2,,2026-07-24,unlabelled-stanzas,https://christianstack.com/lyrics/maranapu-mullu-samy-pachigalla-telugu-christian-lyrics/
00743-neethodu-chaalayya.json,Neethodu Chaalayya,John Zechariah,3,2,2,,2026-07-24,unlabelled-stanzas,https://christianstack.com/lyrics/neethodu-chaalayya-hana-joyce-telugu-christian-lyrics/
00744-o-prema-moorthy.json,O Prema Moorthy,Pastor J Devanand Kumar,1,2,2,,2026-07-24,unlabelled-stanzas,https://christianstack.com/lyrics/o-prema-moorthy-jk-christopher-nissi-john-telugu-christian-lyrics/
00745-oka-mata-chaalu.json,Oka Mata Chaalu,Kollabathula Ruben,1,4,4,,2026-07-24,unlabelled-stanzas,https://christianstack.com/lyrics/oka-mata-chaalu-jonah-samuel-kalpana-telugu-christian-lyrics/
00746-samruddhi-krupa.json,Samruddhi Krupa,Pastor Yesaiah Bonam,3,2,2,,2026-07-24,unlabelled-stanzas,https://christianstack.com/lyrics/samruddhi-krupa-lillian-christopher-telugu-christian-lyrics/
00747-siluvalo-naa-kosamu.json,Siluvalo Naa Kosamu,Raja Mandru,2,3,3,,2026-07-24,unlabelled-stanzas,https://christianstack.com/lyrics/siluvalo-naa-kosamu-raja-mandru-telugu-christian-lyrics/
00748-yesu-leni-jeevitham-ela.json,Yesu Leni Jeevitham Ela,Gabriel Shama,1,3,3,,2026-07-24,unlabelled-stanzas,https://christianstack.com/lyrics/yesu-leni-jeevitham-ela-lillyan-christopher-telugu-christian-lyrics/
00749-amarudaa.json,Amarudaa,Hosanna Ministries,1,4,4,,2026-07-24,unlabelled-stanzas,https://christianstack.com/lyrics/amarudaa-hosanna-ministries-telugu-christian-lyrics/
00750-dheenudaa-ajeyudaa.json,Dheenudaa Ajeyudaa,Pastor John Wesley,1,2,2,,2026-07-24,unlabelled-stanzas,https://christianstack.com/lyrics/dheenudaa-ajeyudaa-hosanna-ministries-telugu-christian-lyrics/
00751-evaro-nannila.json,Evaro Nannila,Hosanna Ministries,1,5,5,,2026-07-24,unlabelled-stanzas,https://christianstack.com/lyrics/evaro-nannila-hosanna-ministries-telugu-christian-lyrics/
00752-krupagala-deva.json,Krupagala Deva,Pastor Abraham,1,8,8,,2026-07-24,unlabelled-stanzas,https://christianstack.com/lyrics/krupagala-deva-hosanna-ministries-telugu-christian-lyrics/
00753-madhuramainadi-na-yesu-prema.json,Madhuramainadi Na Yesu Prema,Pastor G Devadas,1,4,4,,2026-07-24,unlabelled-stanzas,https://christianstack.com/lyrics/madhuramainadi-na-yesu-prema-sharon-sisters-telugu-christian-lyrics/
00754-na-daguchotu-neeve.json,Na Daguchotu Neeve,Hosanna Ministries,1,3,3,,2026-07-24,unlabelled-stanzas,https://christianstack.com/lyrics/na-daguchotu-neeve-hosanna-ministries-telugu-christian-lyrics/
00755-na-yedhuta-neevu.json,Na Yedhuta Neevu,Pastor John Wesley,1,3,3,,2026-07-24,unlabelled-stanzas,https://christianstack.com/lyrics/na-yedhuta-neevu-hosanna-ministries-telugu-christian-lyrics/
00756-neeve-hrudaya-saaradhi.json,Neeve Hrudaya Saaradhi,Pastor John Wesley,1,3,3,,2026-07-24,unlabelled-stanzas,https://christianstack.com/lyrics/neeve-hrudaya-saaradhi-hosanna-ministries-telugu-christian-lyrics/
00757-yesuni-roopamloniki-maaraali.json,Yesuni Roopamloniki Maaraali,Pastor N J Simon,1,2,2,,2026-07-24,unlabelled-stanzas,https://christianstack.com/lyrics/yesuni-roopamloniki-maaraali-sharon-sisters-telugu-christian-lyrics/
00758-aradhincheda.json,Aradhincheda,Bro Anil Vemula,1,4,4,,2026-07-24,unlabelled-stanzas,https://christianstack.com/lyrics/aradhincheda-ky-ratnam-nissi-john-telugu-christian-lyrics/
00759-bhayapadanu.json,Bhayapadanu,Vijay Kondapuram,12,3,3,,2026-07-24,unlabelled-stanzas,https://christianstack.com/lyrics/bhayapadanu-vijay-kondapuram-allen-ganta-telugu-christian-lyrics/
00760-egasipade-thufanullo.json,Egasipade Thufanullo,"Samarth Shukla, Deepika Kotecha, Philemon Anand, Benhur Binny, Vishal Das, Jesh Abraham, Sheldon Bangera, Sam Alex Pasula, Anand Paul & Rachel Francis.",4,4,4,,2026-07-24,renumbered-1,https://christianstack.com/lyrics/egasipade-thufanullo-chattan-telugu-cover-jessy-paul-telugu-lyrics/
00761-krupa-kshemamu.json,Krupa Kshemamu,Bro. Yesanna,1,5,5,,2026-07-24,unlabelled-stanzas,https://christianstack.com/lyrics/krupa-kshemamu-hosanna-ministries-telugu-christian-lyrics/
00762-mem-kraisthavulam.json,Mem Kraisthavulam,Swapna Edwards,2,3,3,,2026-07-24,unlabelled-stanzas,https://christianstack.com/lyrics/mem-kraisthavulam-starry-angelina-edwards-telugu-christian-lyrics/
00763-naa-jeevithaana-maro-noothana.json,Naa Jeevithaana Maro Noothana,Bro Paul Emmanuel,2,5,5,,2026-07-24,unlabelled-stanzas,https://christianstack.com/lyrics/naa-jeevithaana-maro-noothana-nissy-paul-telugu-christian-lyrics/
00764-nammutha-yesunu.json,Nammutha Yesunu,Sis. Prasanna Bold,1,2,2,,2026-07-24,unlabelled-stanzas,https://christianstack.com/lyrics/nammutha-yesunu-prasanna-bold-telugu-christian-lyrics/
00765-nee-krupayu-kanikaramu.json,Nee Krupayu Kanikaramu,Dr P Satish Kumar,1,5,5,,2026-07-24,unlabelled-stanzas,https://christianstack.com/lyrics/nee-krupayu-kanikaramu-sathish-kumar-telugu-christian-lyrics/
00766-oohakandani.json,Oohakandani,Joshua Shaik,1,2,2,,2026-07-24,unlabelled-stanzas,https://christianstack.com/lyrics/oohakandani-joshua-shaik-jk-christopher-telugu-christian-lyrics/
00767-yahova-maaku-thodugaa.json,Yahova Maaku Thodugaa,Dr P Satish Kumar,1,2,2,,2026-07-24,unlabelled-stanzas,https://christianstack.com/lyrics/yahova-maaku-thodugaa-sathish-kumar-telugu-christian-lyrics/
00768-aadharinchaga-raava.json,Aadharinchaga Raava,"Joshua Shaik, Passion For Christ Ministries",1,4,4,,2026-07-24,unlabelled-stanzas,https://christianstack.com/lyrics/aadharinchaga-raava-joshua-shaik-pranam-kamlakhar-telugu-lyrics/
00769-desham-mana-desham.json,Desham Mana Desham,Merlyn Salvadi,5,1,1,,2026-07-24,unlabelled-stanzas,https://christianstack.com/lyrics/desham-mana-desham-merlyn-salvadi-telugu-christian-lyrics/
00770-ee-jaathilo.json,Ee Jaathilo,Pastor Sandeep Dasari,2,4,4,,2026-07-24,unlabelled-stanzas,https://christianstack.com/lyrics/ee-jaathilo-jk-christopher-sandeep-dasari-telugu-christian-lyrics/
00771-koti-koti-sthothram-daddy.json,Koti Koti Sthothram Daddy,S J Berchmans,1,3,3,,2026-07-24,unlabelled-stanzas,https://christianstack.com/lyrics/koti-koti-sthothram-daddy-jyothi-raju-telugu-christian-song-lyrics/
00772-na-hrudayaana-koluvaina.json,Na Hrudayaana Koluvaina,Bro. Yesanna,1,4,5,,2026-07-24,unlabelled-stanzas,https://christianstack.com/lyrics/na-hrudayaana-koluvaina-hosanna-ministries-telugu-christian-lyrics/
00773-naa-dhehamunu.json,Naa Dhehamunu,Joel Kodali,1,4,4,,2026-07-24,unlabelled-stanzas,https://christianstack.com/lyrics/naa-dhehamunu-joel-kodali-ft-nissy-john-telugu-christian-lyrics/
00774-nadavaleni-velalo.json,Nadavaleni Velalo,Dr. John Wesly,1,4,4,,2026-07-24,unlabelled-stanzas,https://christianstack.com/lyrics/nadavaleni-velalo-john-wesly-telugu-christian-lyrics/
00775-neela-preminchevaarevaru.json,Neela Preminchevaarevaru,Samuel Pammi,2,4,7,,2026-07-24,unlabelled-stanzas,https://christianstack.com/lyrics/neela-preminchevaarevaru-samuel-pammi-telugu-christian-lyrics/
00776-neeve-naku-chalunu-yesu.json,Neeve Naku Chalunu Yesu,Apostle R Sudhakar Garu,1,2,2,,2026-07-24,unlabelled-stanzas,https://christianstack.com/lyrics/neeve-naku-chalunu-yesu-jyothi-raju-telugu-christian-lyrics/
00777-prabhuva-hithavathsaram.json,Prabhuva Hithavathsaram,Pastor B Shalem Raju,1,4,4,,2026-07-24,unlabelled-stanzas,https://christianstack.com/lyrics/prabhuva-hithavathsaram-pastor-shalem-raju-telugu-christian-lyrics/
00778-ammanu-minchina-preme.json,Ammanu Minchina Preme,Samuel Karmoji,1,4,4,,2026-07-24,unlabelled-stanzas,https://christianstack.com/lyrics/ammanu-minchina-preme-samuel-karmoji-telugu-christian-lyrics/
00779-bahu-balavanthuda.json,Bahu Balavanthuda,David Edison Thella,2,4,4,,2026-07-24,unlabelled-stanzas,https://christianstack.com/lyrics/bahu-balavanthuda-augustine-dandingi-telugu-christian-lyrics/
00780-dhinamulu-jaruguchundaga.json,Dhinamulu Jaruguchundaga,Glory Rani,2,8,8,,2026-07-24,unlabelled-stanzas,https://christianstack.com/lyrics/dhinamulu-jaruguchundaga-jonah-samuel-telugu-christian-lyrics/
00781-lekkimpa-sakyamu-kaavu.json,Lekkimpa Sakyamu Kaavu,Heaven Babu,1,4,4,,2026-07-24,unlabelled-stanzas,https://christianstack.com/lyrics/lekkimpa-sakyamu-kaavu-lillyan-christopher-telugu-christian-lyrics/
00782-naa-geetharadhanalo.json,Naa Geetharadhanalo,Bro. Yesanna,1,2,2,,2026-07-24,unlabelled-stanzas,https://christianstack.com/lyrics/naa-geetharadhanalo-hosanna-ministries-telugu-christian-lyrics/
00783-neepai-velugu-virajille.json,Neepai Velugu Virajille,sister Sharon Praveen,1,4,4,,2026-07-24,unlabelled-stanzas,https://christianstack.com/lyrics/neepai-velugu-virajille-sharon-praveen-akshaya-telugu-christian-lyrics/
00784-neethone-nadichedanayya.json,Neethone Nadichedanayya,Raja Mandru,1,6,6,,2026-07-24,unlabelled-stanzas,https://christianstack.com/lyrics/neethone-nadichedanayya-raja-mandru-telugu-christian-lyrics/
00785-sarirarevvaru.json,Sarirarevvaru,Bro. Yesanna,1,4,4,,2026-07-24,unlabelled-stanzas,https://christianstack.com/lyrics/sarirarevvaru-hosanna-ministries-telugu-christian-lyrics/
00786-snehamai-praanamai.json,Snehamai Praanamai,"Joshua Shaik, Passion For Christ Ministries",1,4,4,,2026-07-24,unlabelled-stanzas,https://christianstack.com/lyrics/snehamai-praanamai-pranam-kamlakhar-telugu-christian-lyrics/
00787-christmas-vela.json,Christmas Vela,Kiran Kumar & Priya Arif,2,6,6,,2026-07-24,unlabelled-stanzas,https://christianstack.com/lyrics/christmas-vela-lillyan-christopher-arif-dani-telugu-christian-lyrics/
00788-gathakaalam-antha.json,Gathakaalam Antha,Simha Kopparthi,1,6,6,,2026-07-24,unlabelled-stanzas,https://christianstack.com/lyrics/gathakaalam-antha-lillian-christopher-telugu-christian-lyrics/
00789-ghanamainavi-nee-kaaryamulu.json,Ghanamainavi Nee Kaaryamulu,Hosanna Ministries,1,6,6,,2026-07-24,unlabelled-stanzas,https://christianstack.com/lyrics/ghanamainavi-nee-kaaryamulu-hosanna-ministries-telugu-christian-lyrics/
00790-gnanulu-aaradhinchiraya.json,Gnanulu Aaradhinchiraya,Raja Babu garu,1,3,3,,2026-07-24,unlabelled-stanzas,https://christianstack.com/lyrics/gnanulu-aaradhinchiraya-raj-prakash-paul-jessy-telugu-christian-lyrics/
00791-kreesthu-nedu-puttene.json,Kreesthu Nedu Puttene,Samuel Karmoji,2,2,2,,2026-07-24,unlabelled-stanzas,https://christianstack.com/lyrics/kreesthu-nedu-puttene-samuel-karmoji-telugu-christian-lyrics/
00792-nee-kanikaramulu.json,Nee Kanikaramulu,Joshua Shaik,1,4,4,,2026-07-24,,https://christianstack.com/lyrics/nee-kanikaramulu-joshua-shaik-hadlee-xavier-telugu-christian-lyrics/
00793-nee-kantipaapavale.json,Nee Kantipaapavale,Joel Kodali,1,4,4,,2026-07-24,unlabelled-stanzas,https://christianstack.com/lyrics/nee-kantipaapavale-raj-prakash-paul-joel-kodali-telugu-christian-lyrics/
00794-neeve-na-thodu.json,Neeve Na Thodu,Dr. Issac Raj Alanka,1,4,4,,2026-07-24,unlabelled-stanzas,https://christianstack.com/lyrics/neeve-na-thodu-ashirvad-luke-telugu-christian-lyrics/
00795-rando-rarando.json,Rando Rarando,Dr. John Wesly & Mrs. Blessie Wesly,4,6,6,,2026-07-24,renumbered-1,https://christianstack.com/lyrics/rando-rarando-john-wesly-blessie-wesly-telugu-christian-lyrics/
00796-thandri-deva.json,Thandri Deva,Tenny Jinans John,1,3,3,,2026-07-24,unlabelled-stanzas,https://christianstack.com/lyrics/thandri-deva-christopher-chalurkar-ekklesia-telugu-christian-lyrics/
00797-aa-ha-hallelujah.json,Aa Ha Hallelujah,Anil Kumar Vemula,2,4,4,,2026-07-24,unlabelled-stanzas,https://christianstack.com/lyrics/aa-ha-hallelujah-127-singers-k-y-ratnam-telugu-christian-lyrics/
00798-aascharyakarudu.json,Aascharyakarudu,Anand Barnabas D,2,3,3,,2026-07-24,unlabelled-stanzas,https://christianstack.com/lyrics/aascharyakarudu-k-y-ratnam-telugu-christian-song-lyrics/
00799-aha-anandame.json,Aha Anandame,Mary Vijay Nanneti,1,2,2,,2026-07-24,unlabelled-stanzas,https://christianstack.com/lyrics/aha-anandame-jk-christopher-lillian-christopher-telugu-christian-lyrics/
00800-bethlehemu-puramulo.json,Bethlehemu Puramulo,Joel Kodali,3,8,8,,2026-07-24,unlabelled-stanzas,https://christianstack.com/lyrics/bethlehemu-puramulo-joel-kodali-enosh-kumar-telugu-christian-lyrics/
00801-nakshatrama.json,Nakshatrama,Pandit KVK Churchil,1,5,5,,2026-07-24,unlabelled-stanzas,https://christianstack.com/lyrics/nakshatrama-g-rithwick-kalpana-telugu-christian-lyrics/
00802-nijamaina-christmas.json,Nijamaina Christmas,Joshua Shaik,3,4,4,,2026-07-24,unlabelled-stanzas,https://christianstack.com/lyrics/nijamaina-christmas-joshua-shaik-philip-sharon-telugu-christian-lyrics/
00803-pasuvula-pakalo.json,Pasuvula Pakalo,pastor Dr. Pammi Daniel,1,6,6,,2026-07-24,unlabelled-stanzas,https://christianstack.com/lyrics/pasuvula-pakalo-prabhu-pammi-telugu-christian-song-lyrics/
00804-rajaadhi-raju.json,Rajaadhi Raju,Sharon philip,1,4,4,,2026-07-24,unlabelled-stanzas,https://christianstack.com/lyrics/rajaadhi-raju-philip-sharon-telugu-christian-song-lyrics/
00805-rakshakudu-puttadani.json,Rakshakudu Puttadani,Bro P.Sunith & Bro Bobby Jeevan,1,6,6,,2026-07-24,unlabelled-stanzas,https://christianstack.com/lyrics/rakshakudu-puttadani-praveen-ritmos-telugu-christian-lyrics/
00806-ullasame-uthsahame.json,Ullasame Uthsahame,JC Kuchipudi,1,6,6,,2026-07-24,unlabelled-stanzas,https://christianstack.com/lyrics/ullasame-uthsahame-jk-christopher-telugu-christian-lyrics/
00807-janminche.json,Janminche,Bishop Samuel Finny Pachigalla,5,6,6,,2026-07-24,renumbered-1,https://christianstack.com/lyrics/janminche-samy-pachigalla-telugu-christian-song-lyrics/
00808-kaligiyunna-samasthamu.json,Kaligiyunna Samasthamu,Bro Sudheer Nelaturi,1,3,3,,2026-07-24,unlabelled-stanzas,https://christianstack.com/lyrics/kaligiyunna-samasthamu-k-y-ratnam-telugu-christian-lyrics/
00809-prabhu-athma.json,Prabhu Athma,,2,5,5,,2026-07-24,unlabelled-stanzas,https://christianstack.com/lyrics/prabhu-athma-sharon-sisters-telugu-christian-song-lyrics/
00810-raaraju-puttinadu.json,Raaraju Puttinadu,Bro. Sayaram Gattu,1,6,6,,2026-07-24,unlabelled-stanzas,https://christianstack.com/lyrics/raaraju-puttinadu-sayaram-gattu-senthil-das-telugu-christian-lyrics/
00811-thirigi-raa-sinnoda.json,Thirigi Raa Sinnoda,C Y Joshua,2,7,7,,2026-07-24,unlabelled-stanzas,https://christianstack.com/lyrics/thirigi-raa-sinnoda-nissy-john-kingston-telugu-christian-lyrics/
00812-unnaanaya-nenunnaanaya.json,Unnaanaya Nenunnaanaya,"Sister Nissy Paul, wife of Bro Paul Emmanuel",1,4,4,,2026-07-24,unlabelled-stanzas,https://christianstack.com/lyrics/unnaanaya-nenunnaanaya-nissy-paul-telugu-christian-lyrics/
00813-vachindi-vachindi-christmas.json,Vachindi Vachindi Christmas,"P Methuselah, GRACE TIME CHURCH, khammam",1,4,4,,2026-07-24,unlabelled-stanzas,https://christianstack.com/lyrics/vachindi-vachindi-christmas-ky-ratnam-telugu-christian-lyrics/
00814-yerugani-reethiga.json,Yerugani Reethiga,Gottipaati Yesu Das,1,6,6,,2026-07-24,unlabelled-stanzas,https://christianstack.com/lyrics/yerugani-reethiga-k-y-ratnam-telugu-christian-lyrics/
00815-yesey-naaku-samasthamu.json,Yesey Naaku Samasthamu,,3,4,4,,2026-07-24,unlabelled-stanzas,https://christianstack.com/lyrics/yesey-naaku-samasthamu-kripal-mohan-telugu-christian-lyrics/
00816-andhaala-thaara.json,Andhaala Thaara,Michael Kalyanapu,2,2,2,,2026-07-24,unlabelled-stanzas,https://christianstack.com/lyrics/andhaala-thaara-michael-kalyanapu-telugu-christmas-song-lyrics/
00817-ben-and-holly-istamaa.json,Ben And Holly Istamaa,Dhanya Tryphosa,4,2,2,,2026-07-24,,https://christianstack.com/lyrics/ben-and-holly-istamaa-dhanya-tryphosa-telugu-christian-lyrics/
00818-idi-kamaneeya.json,Idi Kamaneeya,Pandit KVK Churchil,1,4,4,,2026-07-24,unlabelled-stanzas,https://christianstack.com/lyrics/idi-kamaneeya-j-k-christopher-telugu-christian-wedding-song-lyrics/
00819-kaluvari-naadha.json,Kaluvari Naadha,Pastor Hannah Vimal,1,4,4,,2026-07-24,unlabelled-stanzas,https://christianstack.com/lyrics/kaluvari-naadha-hannah-vimal-telugu-christian-song-lyrics/
00820-kotha-vistharatha.json,Kotha Vistharatha,Jasper Kunapo,1,4,4,,2026-07-24,unlabelled-stanzas,https://christianstack.com/lyrics/kotha-vistharatha-jasper-kunapo-telugu-christian-song-lyrics/
00821-lali-jo-lali-jo.json,Lali Jo Lali Jo,Michael Kalyanapu,1,9,9,,2026-07-24,unlabelled-stanzas,https://christianstack.com/lyrics/lali-jo-lali-jo-michael-kalyanapu-telugu-christmas-lyrics/
00822-na-yesu-raja-sthothramu.json,Na Yesu Raja Sthothramu,S J Berchmans,1,3,3,,2026-07-24,unlabelled-stanzas,https://christianstack.com/lyrics/na-yesu-raja-sthothramu-jyothi-raju-telugu-christian-song-lyrics/
00823-okasari-nee-swaramu.json,Okasari Nee Swaramu,Dr. John Wesly,1,4,4,,2026-07-24,unlabelled-stanzas,https://christianstack.com/lyrics/okasari-nee-swaramu-john-wesly-telugu-christian-song-lyrics/
00824-raraju-puttadoi.json,Raraju Puttadoi,Joshua Shaik,1,2,4,,2026-07-24,unlabelled-stanzas,https://christianstack.com/lyrics/raraju-puttadoi-sambaralu-3-pranam-kamlakar-telugu-christian-lyrics/
00825-brathukantha.json,Brathukantha,Nick Zohan,2,6,6,,2026-07-24,unlabelled-stanzas,https://christianstack.com/lyrics/brathukantha-nick-shalom-akhil-telugu-christian-lyrics/
00826-cheri-jeevinchudi.json,Cheri Jeevinchudi,Devadas Mungamuri,1,5,5,,2026-07-24,unlabelled-stanzas,https://christianstack.com/lyrics/cheri-jeevinchudi-srastha-2-telugu-christian-lyrics/
00827-entha-madhuram.json,Entha Madhuram,KR John,1,3,3,,2026-07-24,unlabelled-stanzas,https://christianstack.com/lyrics/entha-madhuram-kr-john-ky-ratnam-telugu-christian-lyrics/
00828-jyothirmayuni-jananam.json,Jyothirmayuni Jananam,Param Jyothi Gummalla,1,3,3,,2026-07-24,unlabelled-stanzas,https://christianstack.com/lyrics/jyothirmayuni-jananam-lillian-christopher-telugu-christian-lyrics/
00829-naakunnadu-snehithudu.json,Naakunnadu Snehithudu,Pastor J Arun Kumar,1,6,6,,2026-07-24,unlabelled-stanzas,https://christianstack.com/lyrics/naakunnadu-snehithudu-sharon-philip-telugu-christian-song-lyrics/
00830-nee-mandhiraana.json,Nee Mandhiraana,Dr. K Wilson,1,2,2,,2026-07-24,unlabelled-stanzas,https://christianstack.com/lyrics/nee-mandhiraana-k-wilson-telugu-christian-lyrics/
00831-okka-kshanamaina.json,Okka Kshanamaina,Sis. Prasanna Bold,9,5,5,,2026-07-24,renumbered-3,https://christianstack.com/lyrics/okka-kshanamaina-prasanna-bold-telugu-christian-lyrics/
00832-ontarini.json,Ontarini,John Libni Bathuka,1,5,5,,2026-07-24,unlabelled-stanzas,https://christianstack.com/lyrics/ontarini-john-libni-bathuka-telugu-christian-lyrics/
00833-taramulu-maruchunnavi.json,Taramulu Maruchunnavi,Bro P Srinivas,1,7,7,,2026-07-24,unlabelled-stanzas,https://christianstack.com/lyrics/taramulu-maruchunnavi-abhijith-kollam-telugu-christian-lyrics/
00834-thandri-na-deva.json,Thandri Na Deva,Pastor J Arun Kumar,1,4,4,,2026-07-24,unlabelled-stanzas,https://christianstack.com/lyrics/thandri-na-deva-michael-kalyanapu-telugu-christian-lyrics/
00835-aagipodhu-naa-paata.json,Aagipodhu Naa Paata,A.R.Stevenson,1,4,4,,2026-07-24,unlabelled-stanzas,https://christianstack.com/lyrics/aagipodhu-naa-paata-a-r-stevenson-telugu-christian-lyrics/
00836-boora-dwanikai-yesuni-raakakai.json,Boora Dwanikai Yesuni Raakakai,Rayipati Srilekha Srikanth,1,2,2,,2026-07-24,unlabelled-stanzas,https://christianstack.com/lyrics/boora-dwanikai-yesuni-raakakai-sharon-sisters-telugu-christian-lyrics/
00837-deva-ninu-aaradhincheydhamu.json,Deva Ninu Aaradhincheydhamu,Stanley Jones YJ,1,4,4,,2026-07-24,unlabelled-stanzas,https://christianstack.com/lyrics/deva-ninu-aaradhincheydhamu-stanley-jones-telugu-christian-lyrics/
00838-israyelu-devuda.json,Israyelu Devuda,K Y Ratnam,1,2,2,,2026-07-24,unlabelled-stanzas,https://christianstack.com/lyrics/israyelu-devuda-k-y-ratnam-telugu-christian-lyrics/
00839-jayamu-prardhana-jayamu.json,Jayamu Prardhana Jayamu,Raja Mandru,1,4,4,,2026-07-24,unlabelled-stanzas,https://christianstack.com/lyrics/jayamu-prardhana-jayamu-raja-mandru-telugu-christian-lyrics/
00840-margamai-unna-yesu.json,Margamai Unna Yesu,Jonah Samuel,1,6,6,,2026-07-24,unlabelled-stanzas,https://christianstack.com/lyrics/margamai-unna-yesu-samy-pachigalla-telugu-christian-lyrics/
00841-modhati-prema.json,Modhati Prema,Dr. Victor Rampogu,1,8,8,,2026-07-24,unlabelled-stanzas,https://christianstack.com/lyrics/modhati-prema-victor-rampogu-telugu-christian-lyrics/
00842-naa-balamantha.json,Naa Balamantha,Sammy Thangiah,1,2,2,,2026-07-24,,https://christianstack.com/lyrics/naa-balamantha-christopher-chalurkar-telugu-christian-lyrics/
00843-naa-nireekshana-neelo-undaga.json,Naa Nireekshana Neelo Undaga,B Ezra Sastri & Nirmala Sastri,1,5,5,,2026-07-24,unlabelled-stanzas,https://christianstack.com/lyrics/naa-nireekshana-neelo-undaga-k-y-ratnam-telugu-christian-lyrics/
00844-parishuddhathmuda-na-manchi.json,Parishuddhathmuda Na Manchi,John Kennedy Bethapudi,1,3,3,,2026-07-24,unlabelled-stanzas,https://christianstack.com/lyrics/parishuddhathmuda-na-manchi-jk-christopher-telugu-christian-lyrics/
00845-aayaney.json,Aayaney,Benny Joshua,2,4,4,,2026-07-24,unlabelled-stanzas,https://christianstack.com/lyrics/aayaney-benny-joshua-telugu-christian-lyrics/
00846-devudu-ledani.json,Devudu Ledani,Jasper Kunapo,1,4,4,,2026-07-24,unlabelled-stanzas,https://christianstack.com/lyrics/devudu-ledani-jasper-kunapo-telugu-christian-lyrics/
00847-kamaneeyamaina.json,Kamaneeyamaina,"Joshua Shaik, Passion For Christ Ministries",1,6,6,,2026-07-24,unlabelled-stanzas,https://christianstack.com/lyrics/kamaneeyamaina-pranam-kamlakhar-telugu-christian-lyrics/
00848-keerthaneeyamainadhi.json,Keerthaneeyamainadhi,Veturi Sundara Rammoorthy,1,6,6,,2026-07-24,unlabelled-stanzas,https://christianstack.com/lyrics/keerthaneeyamainadhi-s-p-balu-telugu-christian-lyrics/
00849-manninchina.json,Manninchina,Yalagapaati Sunil Kumar,1,6,6,,2026-07-24,unlabelled-stanzas,https://christianstack.com/lyrics/manninchina-pranam-kamlakhar-telugu-christian-lyrics/
00850-nee-rajyame.json,Nee Rajyame,,6,4,4,,2026-07-24,unlabelled-stanzas,https://christianstack.com/lyrics/nee-rajyame-john-david-inja-allen-ganta-telugu-christian-lyrics/
00851-paadedha.json,Paadedha,Dr. Victor Rampogu,1,5,5,,2026-07-24,unlabelled-stanzas,https://christianstack.com/lyrics/paadedha-victor-rampogu-telugu-christian-lyrics/
00852-payanam.json,Payanam,Bro Santi Babu,1,2,2,,2026-07-24,unlabelled-stanzas,https://christianstack.com/lyrics/payanam-santi-babu-telugu-christian-lyrics/
00853-swaramethi-paadedha.json,Swaramethi Paadedha,Raja Mandru,1,5,5,,2026-07-24,unlabelled-stanzas,https://christianstack.com/lyrics/swaramethi-paadedha-raja-mandru-telugu-christian-lyrics/
00854-yese-goppa-devudu.json,Yese Goppa Devudu,Bro Philip Gariki,1,4,4,,2026-07-24,unlabelled-stanzas,https://christianstack.com/lyrics/yese-goppa-devudu-philip-gariki-telugu-christian-lyrics/
00855-dina-dinamu-vijayamu.json,Dina Dinamu Vijayamu,Kripal Mohan,1,8,8,,2026-07-24,unlabelled-stanzas,https://christianstack.com/lyrics/dina-dinamu-vijayamu-kripal-mohan-telugu-christian-lyrics/
00856-naa-jeevithamulo-velugai.json,Naa Jeevithamulo Velugai,Kripal Mohan,1,3,3,,2026-07-24,unlabelled-stanzas,https://christianstack.com/lyrics/naa-jeevithamulo-velugai-kripal-mohan-telugu-christian-lyrics/
00857-nee-aatmatho-nannu.json,Nee Aatmatho Nannu,Vijay Kondapuram,1,8,8,,2026-07-24,unlabelled-stanzas,https://christianstack.com/lyrics/nee-aatmatho-nannu-ravinder-vottepu-telugu-christian-lyrics/
00858-neelone-rakshana.json,Neelone Rakshana,Kripal Mohan,1,7,7,,2026-07-24,unlabelled-stanzas,https://christianstack.com/lyrics/neelone-rakshana-kripal-mohan-telugu-christian-lyrics/
00859-ninne-ninne-sthuthiyincheda.json,Ninne Ninne Sthuthiyincheda,Bro Denny Israel,1,2,2,,2026-07-24,unlabelled-stanzas,https://christianstack.com/lyrics/ninne-ninne-sthuthiyincheda-k-y-ratnam-telugu-christian-lyrics/
00860-oh-prardhana-su-prardhana.json,Oh Prardhana Su Prardhana,William W. Walford,0,16,16,,2026-07-24,unlabelled-stanzas,https://christianstack.com/lyrics/oh-prardhana-su-prardhana-andhra-kraistava-keerthanalu-lyrics/
00861-paralokam-naa-desam.json,Paralokam Naa Desam,Kripal Mohan,2,4,4,,2026-07-24,unlabelled-stanzas,https://christianstack.com/lyrics/paralokam-naa-desam-kripal-mohan-telugu-christian-lyrics/
00862-thandri-nee-prema.json,Thandri Nee Prema,Kripal Mohan,2,5,5,,2026-07-24,unlabelled-stanzas,https://christianstack.com/lyrics/thandri-nee-prema-kripal-mohan-telugu-christian-lyrics/
00863-yesu-nee-premakai-vandanam.json,Yesu Nee Premakai Vandanam,Kripal Mohan,2,1,1,,2026-07-24,unlabelled-stanzas,https://christianstack.com/lyrics/yesu-nee-premakai-vandanam-kripal-mohan-telugu-christian-lyrics/
00864-deva-nee-naamam.json,Deva Nee Naamam,,1,6,6,,2026-07-24,unlabelled-stanzas,https://christianstack.com/lyrics/deva-nee-naamam-kripal-mohan-telugu-christian-lyrics/
00865-devude-na-aasrayam.json,Devude Na Aasrayam,Kripal Mohan,1,4,4,,2026-07-24,unlabelled-stanzas,https://christianstack.com/lyrics/devude-na-aasrayam-kripal-mohan-telugu-christian-lyrics/
00866-na-praanam-na-sarvam.json,Na Praanam Na Sarvam,,1,3,3,,2026-07-24,unlabelled-stanzas,https://christianstack.com/lyrics/na-praanam-na-sarvam-kripal-mohan-telugu-christian-lyrics/
00867-naa-yesayya-naa-rakshaka.json,Naa Yesayya Naa Rakshaka,,1,2,2,,2026-07-24,unlabelled-stanzas,https://christianstack.com/lyrics/naa-yesayya-naa-rakshaka-kripal-mohan-telugu-christian-lyrics/
00868-okasari-chudalani.json,Okasari Chudalani,Bro Augustine Dandingi,1,3,3,,2026-07-24,unlabelled-stanzas,https://christianstack.com/lyrics/okasari-chudalani-augustine-dandingi-telugu-christian-lyrics/
00869-parishuddhathmuda.json,Parishuddhathmuda,Bro Philip Gariki,1,4,4,,2026-07-24,unlabelled-stanzas,https://christianstack.com/lyrics/parishuddhathmuda-sharon-sisters-philip-telugu-christian-lyrics/
00870-sthuthi-aaradhana-parishuddunake.json,Sthuthi Aaradhana Parishuddunake,,1,4,4,,2026-07-24,unlabelled-stanzas,https://christianstack.com/lyrics/sthuthi-aaradhana-parishuddunake-kripal-mohan-telugu-christian-lyrics/
00871-thandri-kumaara-shuddathmuda.json,Thandri Kumaara Shuddathmuda,,2,4,4,,2026-07-24,unlabelled-stanzas,https://christianstack.com/lyrics/thandri-kumaara-shuddathmuda-kripal-mohan-telugu-christian-lyrics/
00872-yesayya-na-aadharamu.json,Yesayya Na Aadharamu,Suresh Garugula,1,2,2,,2026-07-24,unlabelled-stanzas,https://christianstack.com/lyrics/yesayya-na-aadharamu-suresh-garugula-telugu-christian-lyrics/
00873-ananda-dwani-chesedham.json,Ananda Dwani Chesedham,Lillian Christopher,2,1,1,,2026-07-24,unlabelled-stanzas,https://christianstack.com/lyrics/ananda-dwani-chesedham-lillian-christopher-telugu-christian-lyrics/
00874-dorakunu-samasthamu.json,Dorakunu Samasthamu,Ch Solmon Raju,1,4,4,,2026-07-24,unlabelled-stanzas,https://christianstack.com/lyrics/dorakunu-samasthamu-lillian-christopher-telugu-christian-lyrics/
00875-kalvari-prema.json,Kalvari Prema,Pastor Praveen,1,4,4,,2026-07-24,unlabelled-stanzas,https://christianstack.com/lyrics/kalvari-prema-pastor-praveen-telugu-christian-lyrics/
00876-maruvalenayya.json,Maruvalenayya,Israel Dorababu,7,4,4,,2026-07-24,unlabelled-stanzas,https://christianstack.com/lyrics/maruvalenayya-isarel-dorababu-telugu-christian-lyrics/
00877-naakantu-ee-jagaana.json,Naakantu Ee Jagaana,Joshua Shaik,1,4,4,,2026-07-24,unlabelled-stanzas,https://christianstack.com/lyrics/naakantu-ee-jagaana-joshua-shaik-telugu-christian-lyrics/
00878-noothana-geethamu.json,Noothana Geethamu,Hosanna Ministries,1,3,3,,2026-07-24,unlabelled-stanzas,https://christianstack.com/lyrics/noothana-geethamu-hosanna-ministries-telugu-christian-lyrics/
00879-prardhane.json,Prardhane,Aruna Jalli,2,2,2,,2026-07-24,unlabelled-stanzas,https://christianstack.com/lyrics/prardhane-jacin-john-wesley-telugu-christian-lyrics/
00880-ratnavarnuda.json,Ratnavarnuda,Pastor Praveen,1,6,6,,2026-07-24,unlabelled-stanzas,https://christianstack.com/lyrics/ratnavarnuda-pastor-praveen-telugu-christian-lyrics/
00881-vandanam-vandanam.json,Vandanam Vandanam,Pastor Raj Prakash Paul,4,4,4,,2026-07-24,unlabelled-stanzas,https://christianstack.com/lyrics/vandanam-vandanam-raj-prakash-paul-telugu-christian-lyrics/
00882-yesulo-aanandam.json,Yesulo Aanandam,Arun Alwyn,1,8,8,,2026-07-24,unlabelled-stanzas,https://christianstack.com/lyrics/yesulo-aanandam-anil-ravada-telugu-christian-lyrics/
00883-gnapakam-chesuko.json,Gnapakam Chesuko,Rev.Pandu PremKumar,1,4,4,,2026-07-24,unlabelled-stanzas,https://christianstack.com/lyrics/gnapakam-chesuko-philip-gariki-telugu-christian-lyrics/
00884-munduku-sagedanu.json,Munduku Sagedanu,Raja Mandru,1,6,6,,2026-07-24,unlabelled-stanzas,https://christianstack.com/lyrics/munduku-sagedanu-raja-mandru-telugu-christian-lyrics/
00885-na-adugulu-sthiraparachi.json,Na Adugulu Sthiraparachi,Ch Suresh,1,4,4,,2026-07-24,unlabelled-stanzas,https://christianstack.com/lyrics/na-adugulu-sthiraparachi-praveen-ritmos-telugu-christian-lyrics/
00886-neeve-maa-dhikku.json,Neeve Maa Dhikku,Bro Jyothi Raju,1,5,5,,2026-07-24,unlabelled-stanzas,https://christianstack.com/lyrics/neeve-maa-dhikku-jyothi-raju-telugu-christian-lyrics/
00887-noothanamainadi.json,Noothanamainadi,Dasari Sundeep,1,7,7,,2026-07-24,unlabelled-stanzas,https://christianstack.com/lyrics/noothanamainadi-lillian-christopher-telugu-christian-lyrics/
00888-shalemu-raja.json,Shalemu Raja,Philip Gariki,1,4,4,,2026-07-24,unlabelled-stanzas,https://christianstack.com/lyrics/shalemu-raja-philip-gariki-telugu-christian-lyrics/
00889-unnadu-devudu.json,Unnadu Devudu,Bro Balraj,1,4,4,,2026-07-24,unlabelled-stanzas,https://christianstack.com/lyrics/unnadu-devudu-balasubrahmanyam-telugu-christian-lyrics/
00890-vedakudi.json,Vedakudi,Jasper Kunapo,1,6,6,,2026-07-24,unlabelled-stanzas,https://christianstack.com/lyrics/vedakudi-jonah-samuel-telugu-christian-lyrics/
00891-yesayya-naakantu-evaru-lerayya.json,Yesayya Naakantu Evaru Lerayya,David Sindo,1,3,3,,2026-07-24,unlabelled-stanzas,https://christianstack.com/lyrics/yesayya-naakantu-evaru-lerayya-david-sindo-telugu-christian-lyrics/
00892-yesayye-premaku-prathiroopam.json,Yesayye Premaku Prathiroopam,Sharon Philip,2,2,2,,2026-07-24,unlabelled-stanzas,https://christianstack.com/lyrics/yesayye-premaku-prathiroopam-sharon-philip-telugu-christian-lyrics/
00893-deshama-na-deshama.json,Deshama Na Deshama,Abhishek Devadas,5,1,1,,2026-07-24,renumbered-2,https://christianstack.com/lyrics/deshama-na-deshama-abhishek-devadas-telugu-christian-lyrics/
00894-jayamichenu.json,Jayamichenu,,3,4,4,,2026-07-24,unlabelled-stanzas,https://christianstack.com/lyrics/jayamichenu-john-david-inja-telugu-christian-lyrics/
00895-maargam-neeve.json,Maargam Neeve,Anil Ravada,6,2,2,,2026-07-24,unlabelled-stanzas,https://christianstack.com/lyrics/maargam-neeve-samy-pachigalla-telugu-christian-lyrics/
00896-nasiyinchedi-lokamlo.json,Nasiyinchedi Lokamlo,Dr. John Wesly,1,4,4,,2026-07-24,unlabelled-stanzas,https://christianstack.com/lyrics/nasiyinchedi-lokamlo-john-wesly-telugu-christian-lyrics/
00897-nedaina-nijamaina.json,Nedaina Nijamaina,A.R.Stevenson,1,6,6,,2026-07-24,unlabelled-stanzas,https://christianstack.com/lyrics/nedaina-nijamaina-a-r-stevenson-telugu-christian-lyrics/
00898-o-deva.json,O Deva,Pastor Raj Prakash Paul,0,13,13,,2026-07-24,unlabelled-stanzas,https://christianstack.com/lyrics/o-deva-raj-prakash-paul-telugu-christian-lyrics/
00899-prardinchu.json,Prardinchu,Joshua Jessi,1,6,6,,2026-07-24,unlabelled-stanzas,https://christianstack.com/lyrics/prardinchu-joshua-jessi-telugu-christian-lyrics/
00900-srama-kaligina.json,Srama Kaligina,A.R.Stevenson,1,5,5,,2026-07-24,unlabelled-stanzas,https://christianstack.com/lyrics/srama-kaligina-a-r-stevenson-telugu-christian-lyrics/
00901-suvartha-mosina-padamulu.json,Suvartha Mosina Padamulu,Bro. Sayaram Gattu,1,4,4,,2026-07-24,unlabelled-stanzas,https://christianstack.com/lyrics/suvartha-mosina-padamulu-sayaram-gattu-telugu-christian-lyrics/
00902-vignapana.json,Vignapana,Eileen Sharon,3,2,2,,2026-07-24,unlabelled-stanzas,https://christianstack.com/lyrics/vignapana-eileen-sharon-telugu-christian-lyrics/
00903-adbhutha-vijayam-manadhe.json,Adbhutha Vijayam Manadhe,P J Stephen Paul,1,2,2,,2026-07-24,unlabelled-stanzas,https://christianstack.com/lyrics/adbhutha-vijayam-manadhe-sheena-paul-telugu-christian-lyrics/
00904-ashirwadam.json,Ashirwadam,Dr Prasanna Kumar Kaki,4,2,2,,2026-07-24,,https://christianstack.com/lyrics/ashirwadam-the-blessing-telugu-christian-lyrics/
00905-deevinchutalo.json,Deevinchutalo,Joffy Nayanapogula,3,1,1,,2026-07-24,unlabelled-stanzas,https://christianstack.com/lyrics/deevinchutalo-joffy-nayanapogula-telugu-christian-lyrics/
00906-kondalathattu.json,Kondalathattu,Dr. Victor Rampogu,1,5,5,,2026-07-24,unlabelled-stanzas,https://christianstack.com/lyrics/kondalathattu-hana-joyce-telugu-christian-lyrics/
00907-mahaganudavu-mahonnathudavu.json,Mahaganudavu Mahonnathudavu,Bro. Yesanna,2,5,5,,2026-07-24,unlabelled-stanzas,https://christianstack.com/lyrics/mahaganudavu-mahonnathudavu-hosanna-ministries-telugu-christian-lyrics/
00908-naa-jeevitham.json,Naa Jeevitham,Saginela Kavitha Kumari,1,3,3,,2026-07-24,unlabelled-stanzas,https://christianstack.com/lyrics/naa-jeevitham-ky-ratnam-telugu-christian-lyrics/
00909-naa-praanama.json,Naa Praanama,,1,3,3,,2026-07-24,unlabelled-stanzas,https://christianstack.com/lyrics/naa-praanama-telugu-christian-lyrics/
00910-prematho-nanu-pilachina.json,Prematho Nanu Pilachina,Bro Praveen D,1,6,6,,2026-07-24,unlabelled-stanzas,https://christianstack.com/lyrics/prematho-nanu-pilachina-k-y-ratnam-telugu-christian-lyrics/
00911-sagam-lokam.json,Sagam Lokam,K Y Ratnam,1,4,4,,2026-07-24,unlabelled-stanzas,https://christianstack.com/lyrics/sagam-lokam-k-y-ratnam-telugu-christian-lyrics/
00912-sarva-shakthimanthudu.json,Sarva Shakthimanthudu,Bro Philip Gariki,1,3,3,,2026-07-24,unlabelled-stanzas,https://christianstack.com/lyrics/sarva-shakthimanthudu-sharon-sisters-telugu-christian-lyrics/
00913-aradhinchedhanu-athmatho.json,Aradhinchedhanu Athmatho,Pastor Raj Prakash Paul,1,4,4,,2026-07-24,unlabelled-stanzas,https://christianstack.com/lyrics/aradhinchedhanu-athmatho-raj-prakash-paul-telugu-christian-lyrics/
00914-brathiki-vunnanante.json,Brathiki Vunnanante,Pastor Sven Edwards,1,1,1,,2026-07-24,unlabelled-stanzas,https://christianstack.com/lyrics/brathiki-vunnanante-sven-edwards-telugu-christian-lyrics/
00915-chirakaala-snehithuda.json,Chirakaala Snehithuda,"Sharon Sisters, Bro Philip Gariki",1,4,4,,2026-07-24,unlabelled-stanzas,https://christianstack.com/lyrics/chirakaala-snehithuda-sharon-sisters-telugu-christian-lyrics/
00916-nannelu-nazareyuda.json,Nannelu Nazareyuda,Joshua Shaik,1,2,2,,2026-07-24,unlabelled-stanzas,https://christianstack.com/lyrics/nannelu-nazareyuda-joshua-shaik-telugu-christian-lyrics/
00917-ninne-ninne-premisthunna.json,Ninne Ninne Premisthunna,Raja Mandru,1,2,2,,2026-07-24,unlabelled-stanzas,https://christianstack.com/lyrics/ninne-ninne-premisthunna-raja-mandru-telugu-christian-lyrics/
00918-nuvivvakuntey.json,Nuvivvakuntey,M V Ratnam,1,6,6,,2026-07-24,unlabelled-stanzas,https://christianstack.com/lyrics/nuvivvakuntey-sudheer-sunny-telugu-christian-lyrics/
00919-o-yesu-nee-naama.json,O Yesu Nee Naama,Dr.Vijaya Kumar Gudipati,1,5,5,,2026-07-24,unlabelled-stanzas,https://christianstack.com/lyrics/o-yesu-nee-naama-vijaya-kumar-gudipati-telugu-christian-lyrics/
00920-saadhyam.json,Saadhyam,John Erry & Swathi John,5,2,2,,2026-07-24,renumbered-1,https://christianstack.com/lyrics/saadhyam-john-erry-ft-nehemiah-k-bridge-music-telugu-lyrics/
00921-sokam-nindina-lokamlo.json,Sokam Nindina Lokamlo,Franklin Sukumar,1,8,8,,2026-07-24,unlabelled-stanzas,https://christianstack.com/lyrics/sokam-nindina-lokamlo-franklin-sukumar-telugu-christian-lyrics/
00922-tharinchiponi.json,Tharinchiponi,Father Johnson Chettur,1,6,6,,2026-07-24,unlabelled-stanzas,https://christianstack.com/lyrics/tharinchiponi-pranam-kamlakhar-telugu-christian-lyrics/
00923-hosanna.json,Hosanna,Pastor Vinod Kumar,1,4,5,,2026-07-24,unlabelled-stanzas,https://christianstack.com/lyrics/hosanna-vinod-kumar-benjamin-johnson-telugu-christian-lyrics/
00924-jolaa.json,Jolaa,John Kunapo,1,4,4,,2026-07-24,unlabelled-stanzas,https://christianstack.com/lyrics/jolaa-pranam-kamlakhar-telugu-christian-lyrics/
00925-kanipettuchuntini.json,Kanipettuchuntini,"Bro. Augustine, M Ashok",1,6,6,,2026-07-24,unlabelled-stanzas,https://christianstack.com/lyrics/kanipettuchuntini-lillyan-christopher-telugu-christian-lyrics/
00926-maruvani-needu-prematho.json,Maruvani Needu Prematho,Sayaram Gattu,0,12,12,,2026-07-24,unlabelled-stanzas,https://christianstack.com/lyrics/maruvani-needu-prematho-sayaram-gattu-telugu-christian-lyrics/
00927-nee-karyamulu.json,Nee Karyamulu,,1,5,5,,2026-07-24,unlabelled-stanzas,https://christianstack.com/lyrics/nee-karyamulu-vinod-kumar-benjamin-johnson-telugu-christian-lyrics/
00928-nee-prema-naalo.json,Nee Prema Naalo,Pastor John Wesley,1,6,6,,2026-07-24,unlabelled-stanzas,https://christianstack.com/lyrics/nee-prema-naalo-manoharuda-hosanna-ministries-telugu-christian-lyrics/
00929-neevu-leni-brathukunu.json,Neevu Leni Brathukunu,Fr Dr C Babu Raj,1,4,4,,2026-07-24,unlabelled-stanzas,https://christianstack.com/lyrics/neevu-leni-brathukunu/
00930-santhoshame-na-yesunilo.json,Santhoshame Na Yesunilo,Davidson Gajulavarthi,1,5,5,,2026-07-24,unlabelled-stanzas,https://christianstack.com/lyrics/santhoshame-na-yesunilo/
00931-yesayya-nee-prema.json,Yesayya Nee Prema,Rajesh Tatapudi,4,6,6,,2026-07-24,unlabelled-stanzas,https://christianstack.com/lyrics/yesayya-nee-prema-team-adore-telugu-christian-lyrics/
00932-yesu-rakthamu.json,Yesu Rakthamu,David Stone,1,3,3,,2026-07-24,unlabelled-stanzas,https://christianstack.com/lyrics/yesu-rakthamu-shalom-benhur-manda-telugu-christian-lyrics/
00933-aaradhinchedam.json,Aaradhinchedam,Davidson Gajulavarthi,4,4,4,,2026-07-24,unlabelled-stanzas,https://christianstack.com/lyrics/aaradhinchedam-davidson-ft-hephzibah-susan-renjith-telugu-christian-lyrics/
00934-andhakaara-cherasalalo.json,Andhakaara Cherasalalo,Joel Kodali,1,8,8,,2026-07-24,unlabelled-stanzas,https://christianstack.com/lyrics/andhakaara-cherasalalo-joel-kodali-telugu-christian-lyrics/
00935-anni-velala-vinuvadu.json,Anni Velala Vinuvadu,G Phinehas,1,8,8,,2026-07-24,unlabelled-stanzas,https://christianstack.com/lyrics/anni-velala-vinuvadu-lillyan-christopher-telugu-christian-lyrics/
00936-daya-choopumaya.json,Daya Choopumaya,M Paul Bhaskar,1,6,6,,2026-07-24,unlabelled-stanzas,https://christianstack.com/lyrics/daya-choopumaya-lillian-christopher-telugu-christian-lyrics/
00937-deva-ma-prarthana.json,Deva Ma Prarthana,Pastor John Wesley,1,6,6,,2026-07-24,unlabelled-stanzas,https://christianstack.com/lyrics/deva-ma-prarthana-john-wesley-hosanna-ministries-telugu-christian-lyrics/
00938-deva-neevu-chesina.json,Deva Neevu Chesina,Raja Mandru & Bro. Bharath,1,7,8,,2026-07-24,unlabelled-stanzas,https://christianstack.com/lyrics/deva-neevu-chesina-raja-mandru-telugu-christian-lyrics/
00939-na-kanneeru-thudichina.json,Na Kanneeru Thudichina,K Y Ratnam,1,2,2,,2026-07-24,unlabelled-stanzas,https://christianstack.com/lyrics/na-kanneeru-thudichina-k-y-ratnam-telugu-christian-lyrics/
00940-neeve.json,Neeve,Vijay Kondapuram,6,4,4,,2026-07-24,unlabelled-stanzas,https://christianstack.com/lyrics/neeve-vijay-kondapuram-ft-allen-ganta-enoch-jagan-telugu-christian-lyrics/
00941-suvartha-andani-ooru.json,Suvartha Andani Ooru,Dr. K John Mangacharyulu,1,4,4,,2026-07-24,unlabelled-stanzas,https://christianstack.com/lyrics/suvartha-andani-ooru-john-mangacharyulu-telugu-christian-lyrics/
00942-yegedhanu.json,Yegedhanu,Joshua Shaik,1,5,5,,2026-07-24,unlabelled-stanzas,https://christianstack.com/lyrics/yegedhanu-joshua-shaik-feat-sharon-sisters-telugu-christian-lyrics/
00943-cheekati-kaalamu-vachuchunde.json,Cheekati Kaalamu Vachuchunde,,1,2,2,,2026-07-24,,https://christianstack.com/lyrics/cheekati-kaalamu-vachuchunde-siyonu-geethaalu-songs-of-zion-telugu-christian-lyrics/
00944-ee-loka-yathralo.json,Ee Loka Yathralo,,1,3,3,,2026-07-24,unlabelled-stanzas,https://christianstack.com/lyrics/ee-loka-yathralo-hebron-songs-telugu-christian-lyrics/
00945-kanipettu-chuntini.json,Kanipettu Chuntini,Bro Augustine,1,5,5,,2026-07-24,unlabelled-stanzas,https://christianstack.com/lyrics/kanipettu-chuntini-augustine-telugu-christian-lyrics/
00946-nibandhana-janulam.json,Nibandhana Janulam,Pastor K Rajababu,1,4,4,,2026-07-24,unlabelled-stanzas,https://christianstack.com/lyrics/nibandhana-janulam-nibhandhana-dwani-1-k-raja-babu-telugu-christian-lyrics/
00947-ninnu-kaapaduvaadu.json,Ninnu Kaapaduvaadu,Shulamite Pachigalla,1,3,3,,2026-07-24,unlabelled-stanzas,https://christianstack.com/lyrics/ninnu-kaapaduvaadu-samy-pachigalla-telugu-christian-lyrics/
00948-saageda-nenu-yesunilo.json,Saageda Nenu Yesunilo,Dr. John Wesley,1,4,4,,2026-07-24,unlabelled-stanzas,https://christianstack.com/lyrics/saageda-nenu-yesunilo-john-wesley-feat-blessie-wesly-telugu-christian-lyrics/
00949-shathakoti-vandanalu.json,Shathakoti Vandanalu,Samuel Karmoji,1,4,4,,2026-07-24,unlabelled-stanzas,https://christianstack.com/lyrics/shathakoti-vandanalu-samuel-karmoji-telugu-christian-lyrics/
00950-yesaiah-entho-manchivadu.json,Yesaiah Entho Manchivadu,Rev. Daniel Pothuraj,1,2,2,,2026-07-24,unlabelled-stanzas,https://christianstack.com/lyrics/yesaiah-entho-manchivadu-pranaamam-telugu-christian-lyrics/
00951-yesayya-na-praana-naadha.json,Yesayya Na Praana Naadha,Kranthi Chepuri,1,4,4,,2026-07-24,unlabelled-stanzas,https://christianstack.com/lyrics/yesayya-na-praana-naadha-kranthi-chepuri-telugu-christian-lyrics/
00952-yesuni-neevu-nammuko.json,Yesuni Neevu Nammuko,Pastor Kasi Lazarus,1,2,2,,2026-07-24,unlabelled-stanzas,https://christianstack.com/lyrics/yesuni-neevu-nammuko-kasi-lazarus-telugu-christian-lyrics/
00953-alalu-neevu-nakundaga.json,Alalu (Neevu Nakundaga),Prasanna Kumar Kaki,3,4,4,,2026-07-24,unlabelled-stanzas,https://christianstack.com/lyrics/alalu-neevu-nakundaga-ankitha-kaki-ft-jonathan-wesley-telugu-christian-lyrics/
00954-bayamelara.json,Bayamelara,,1,4,4,,2026-07-24,unlabelled-stanzas,https://christianstack.com/lyrics/bayamelara-pastor-vinod-kumar-telugu-christian-lyrics/
00955-deva-nannela-vidichinavaya.json,Deva Nannela Vidichinavaya,Dr. Issac Raj Alanka,2,6,6,,2026-07-24,unlabelled-stanzas,https://christianstack.com/lyrics/deva-nannela-vidichinavaya-neeve-na-paravasam-ashirvad-luke-telugu-christian-lyrics/
00956-mulla-kireetamu.json,Mulla Kireetamu,,2,4,7,,2026-07-24,stanza-count-mismatch te=1 en=2; unlabelled-stanzas,https://christianstack.com/lyrics/mulla-kireetamu-joel-kodali-ft-allen-ganta-telugu-christian-lyrics/
00957-nee-thyagame-ne-dhyaaninchuchu.json,Nee Thyagame Ne Dhyaaninchuchu,Pastor Suresh,1,3,3,,2026-07-24,unlabelled-stanzas,https://christianstack.com/lyrics/nee-thyagame-ne-dhyaaninchuchu-pastor-suresh-telugu-christian-lyrics/
00958-nenu-chesina-papamu.json,Nenu Chesina Papamu,Gideon,1,5,6,,2026-07-24,unlabelled-stanzas,https://christianstack.com/lyrics/nenu-chesina-papamu-nissy-john-telugu-christian-lyrics/
00959-parishuddhame-yesuni-raktham.json,Parishuddhame Yesuni Raktham,"Late Bishop shantha vardhan garu, Guntur",1,2,2,,2026-07-24,unlabelled-stanzas,https://christianstack.com/lyrics/parishuddhame-yesuni-raktham-jk-christopher-telugu-christian-lyrics/
00960-prabhuva-ninne-nenu.json,Prabhuva Ninne Nenu,Lois Raj,1,4,4,,2026-07-24,unlabelled-stanzas,https://christianstack.com/lyrics/prabhuva-ninne-nenu-jonah-samuel-telugu-christian-lyrics/
00961-samaanulevaru-prabho.json,Samaanulevaru Prabho,Chetty Bhanumurthy,1,2,2,,2026-07-24,unlabelled-stanzas,https://christianstack.com/lyrics/samaanulevaru-prabho-andhra-kraistava-keerthanalu-lyrics/
00962-sundaruda-athiysheyuda.json,Sundaruda Athiysheyuda,Prathap Darshi,3,2,2,,2026-07-24,renumbered-1,https://christianstack.com/lyrics/sundaruda-athiysheyuda-ekklesia-telugu-christian-lyrics/
00963-athynnatha-simhasanamupai.json,Athynnatha Simhasanamupai,,1,3,3,,2026-07-24,unlabelled-stanzas,https://christianstack.com/lyrics/athynnatha-simhasanamupai-telugu-christian-song-lyrics/
00964-hallelujah.json,Hallelujah,Pastor K Rajababu,1,4,4,,2026-07-24,unlabelled-stanzas,https://christianstack.com/lyrics/hallelujah-k-rajababu-cover-by-enosh-kumar-telugu-christian-lyrics/
00965-kaalamokati-raabothundi.json,Kaalamokati Raabothundi,Godi Samuel,1,2,2,,2026-07-24,unlabelled-stanzas,https://christianstack.com/lyrics/kaalamokati-raabothundi-lillian-christopher-telugu-christian-lyrics/
00966-naa-brathuku-dhinamulu.json,Naa Brathuku Dhinamulu,Joel Kodali,1,4,4,,2026-07-24,unlabelled-stanzas,https://christianstack.com/lyrics/naa-brathuku-dhinamulu-joel-kodali-ft-nissy-john-telugu-christian-lyrics/
00967-naa-hrudayamantha.json,Naa Hrudayamantha,"Dr. Pammi Daniel, Prabhu Pammi, Sharon Paul Perli",7,4,4,,2026-07-24,unlabelled-stanzas,https://christianstack.com/lyrics/naa-hrudayamantha-prabhu-pammi-ft-sharon-perli-telugu-christian-lyrics/
00968-nee-kantipaapanu.json,Nee Kantipaapanu,Joshua Shaik,1,2,2,,2026-07-24,unlabelled-stanzas,https://christianstack.com/lyrics/nee-kantipaapanu-joshua-shaik-ft-sharon-sisters-j-k-christopher-telugu-christian-lyrics/
00969-neevu-leni-chotedi-yesayya.json,Neevu Leni Chotedi Yesayya,Dr. Victor Rampogu,1,4,4,,2026-07-24,unlabelled-stanzas,https://christianstack.com/lyrics/neevu-leni-chotedi-yesayya-k-y-ratnam-telugu-christian-lyrics/
00970-samaadhini-gelchenu.json,Samaadhini Gelchenu,Bro Suresh Nittala,1,2,2,,2026-07-24,,https://christianstack.com/lyrics/samaadhini-gelchenu-immanuelaina-devudu-suresh-nittala-telugu-christian-lyrics/
00971-stuthiencheda.json,Stuthiencheda,Bro. Sam Prabhu Sandesh,4,2,2,,2026-07-24,unlabelled-stanzas,https://christianstack.com/lyrics/stuthiencheda-sam-prabhu-sandesh-telugu-christian-lyrics/
00972-theeyani-swaraalatho.json,Theeyani Swaraalatho,A.R.Stevenson,1,6,6,,2026-07-24,unlabelled-stanzas,https://christianstack.com/lyrics/theeyani-swaraalatho-a-r-stevenson-pranam-kamlakhar-telugu-christian-lyrics/
00973-alochinchava.json,Alochinchava,Joshua dean,1,10,9,,2026-07-24,unlabelled-stanzas,https://christianstack.com/lyrics/alochinchava-enosh-kumar-ft-issac-sastry-jerusha-telugu-christian-lyrics/
00974-emivvagalanu-nee-premaku.json,Emivvagalanu Nee Premaku,Bro. Vasanth Bandela,1,4,4,,2026-07-24,unlabelled-stanzas,https://christianstack.com/lyrics/emivvagalanu-nee-premaku-jonah-samuel-telugu-christian-lyrics/
00975-na-chenthanundumu.json,Na Chenthanundumu,,1,2,2,,2026-07-24,unlabelled-stanzas,https://christianstack.com/lyrics/na-chenthanundumu-yesaiah-neekosam-jeevista-telugu-christian-lyrics/
00976-naa-hrudhayam.json,Naa Hrudhayam,Samy Pachigalla,4,3,3,,2026-07-24,renumbered-1,https://christianstack.com/lyrics/naa-hrudhayam-samy-pachigalla-telugu-christian-lyrics/
00977-nee-namame-madhuram.json,Nee Namame Madhuram,Bro Suresh Nittala,1,2,2,,2026-07-24,,https://christianstack.com/lyrics/nee-namame-madhuram-immanuelaina-devudu-suresh-nittala-telugu-christian-lyrics/
00978-neevu-lekunda.json,Neevu Lekunda,Pastor G. Vijay kumar,1,4,4,,2026-07-24,unlabelled-stanzas,https://christianstack.com/lyrics/neevu-lekunda-naa-jeevitham-prabhu-yesuke-ankitham-sharon-philip-telugu-christian-lyrics/
00979-priyathama-bandhama.json,Priyathama Bandhama,Pastor Raj Prakash Paul,1,3,3,,2026-07-24,unlabelled-stanzas,https://christianstack.com/lyrics/priyathama-bandhama-raj-prakash-paul-telugu-christian-lyrics/
00980-vendi-bangaaru-kante.json,Vendi Bangaaru Kante,,1,4,4,,2026-07-24,unlabelled-stanzas,https://christianstack.com/lyrics/vendi-bangaaru-kante-philip-gariki-telugu-christian-lyrics/
00981-yeruganaya-ninneppudu.json,Yeruganaya Ninneppudu,Pastor K Rajababu,1,2,2,,2026-07-24,unlabelled-stanzas,https://christianstack.com/lyrics/yeruganaya-ninneppudu-nibhandhana-dwani-1-k-raja-babu-telugu-christian-lyrics/
00982-yesayya-nee-krupalo.json,Yesayya Nee Krupalo,Lois Raj,5,3,3,,2026-07-24,renumbered-1,https://christianstack.com/lyrics/yesayya-nee-krupalo-jonah-samuel-telugu-christian-lyrics/
00983-dhustula-aalochanalo.json,Dhustula Aalochanalo,Dr. Issac Raj Alanka,1,4,4,,2026-07-24,unlabelled-stanzas,https://christianstack.com/lyrics/dhustula-aalochanalo-neeve-na-paravasam-ashirvad-luke-telugu-christian-lyrics/
00984-ghanamaina-veduka.json,Ghanamaina Veduka,A.R.Stevenson,1,4,4,,2026-07-24,,https://christianstack.com/lyrics/ghanamaina-veduka-pranam-kamlakhar-ft-shankar-mahadevan-telugu-lyrics/
00985-kruthagnathatho-samarpanatho.json,Kruthagnathatho Samarpanatho,Pastor K Christopher,1,6,6,,2026-07-24,unlabelled-stanzas,https://christianstack.com/lyrics/kruthagnathatho-samarpanatho-jk-christopher-telugu-christian-lyrics/
00986-ninna-nedu-maarani-prema.json,Ninna Nedu Maarani Prema,Pastor Ravinder Vottepu,1,3,3,,2026-07-24,unlabelled-stanzas,https://christianstack.com/lyrics/ninna-nedu-maarani-prema-ravinder-vottepu-telugu-christian-lyrics/
00987-ninne-ne-aaradinthunu.json,Ninne Ne Aaradinthunu,"Pastor Ravinder Vottepu, Adimalla Sudheer Kumar, Suresh Garugula",1,3,3,,2026-07-24,unlabelled-stanzas,https://christianstack.com/lyrics/ninne-ne-aaradinthunu-ravinder-vottepu-telugu-christian-lyrics/
00988-ninnu-vidachi.json,Ninnu Vidachi,Dr. Issac Raj Alanka,1,8,8,,2026-07-24,unlabelled-stanzas,https://christianstack.com/lyrics/ninnu-vidachi-neeve-na-paravasam-ashirvad-luke-telugu-christian-lyrics/
00989-sanghama-saaguma.json,Sanghama Saaguma,Bro Vasanth Bandela,1,4,4,,2026-07-24,unlabelled-stanzas,https://christianstack.com/lyrics/sanghama-saaguma-m-m-sreelekha-telugu-christian-lyrics/
00990-vachadayya-yesu.json,Vachadayya Yesu,Balaji Mangu,2,4,4,,2026-07-24,,https://christianstack.com/lyrics/vachadayya-yesu-linus-madiri-khailash-kher-telugu-christian-lyrics/
00991-yesaiah-puttinaade.json,Yesaiah Puttinaade,"Rev. Sam Paul Pilli, Roselyn Pilli",1,4,4,,2026-07-24,,https://christianstack.com/lyrics/yesaiah-puttinaade-enosh-kumar-telugu-christian-lyrics/
00992-yesayya-naa-yesayya.json,Yesayya Naa Yesayya,Bro Ravi Gosala,1,6,6,,2026-07-24,unlabelled-stanzas,https://christianstack.com/lyrics/yesayya-naa-yesayya-bro-ravi-telugu-christian-lyrics/
00993-bethlehemanu-oka-chinna.json,Bethlehemanu Oka Chinna,Sudharshan,1,11,11,,2026-07-24,unlabelled-stanzas,https://christianstack.com/lyrics/bethlehemanu-oka-chinna-manizenna-telugu-christian-lyrics/
00994-christmas-kaanthulatho.json,Christmas Kaanthulatho,Sis. Hepsiba David,1,5,5,,2026-07-24,unlabelled-stanzas,https://christianstack.com/lyrics/christmas-kaanthulatho-m-m-sreelekha-telugu-christian-lyrics/
00995-ela-ela-vivarinthunu.json,Ela Ela Vivarinthunu,Sheela Paul & Micheal Paul,1,4,4,,2026-07-24,unlabelled-stanzas,https://christianstack.com/lyrics/ela-ela-vivarinthunu-k-y-ratnam-telugu-christian-lyrics/
00996-gaganame-murisenu.json,Gaganame Murisenu,Samuel Karmoji,3,4,4,,2026-07-24,unlabelled-stanzas,https://christianstack.com/lyrics/gaganame-murisenu-samuel-karmoji-telugu-christian-lyrics/
00997-jagamantha-divyakanthi.json,Jagamantha Divyakanthi,Ps. R. Lazarus,1,8,8,,2026-07-24,unlabelled-stanzas,https://christianstack.com/lyrics/jagamantha-divyakanthi-jonah-samuel-telugu-christian-lyrics/
00998-jeevamai-yethenchina.json,Jeevamai Yethenchina,A.R.Stevenson,1,3,3,,2026-07-24,unlabelled-stanzas,https://christianstack.com/lyrics/jeevamai-yethenchina-pranam-kamalakar-telugu-christian-lyrics/
00999-paralokamnundi.json,Paralokamnundi,Bro M Moses,1,4,4,,2026-07-24,unlabelled-stanzas,https://christianstack.com/lyrics/paralokamnundi-bro-m-moses-telugu-christian-lyrics/
01000-rajulaku-rajaina.json,Rajulaku Rajaina,Bro. Emmanuel,2,2,2,,2026-07-24,unlabelled-stanzas,https://christianstack.com/lyrics/rajulaku-rajaina-christmas-santhosham-bro-emmanuel-telugu-christian-lyrics/
01001-seethakalamlo.json,Seethakalamlo,Rev. John Sandeep,1,6,6,,2026-07-24,unlabelled-stanzas,https://christianstack.com/lyrics/seethakalamlo-j-k-christopher-telugu-christian-lyrics/
01002-velisindhi-gaganaana.json,Velisindhi Gaganaana,Bishop Daniel Kalyanapu,1,4,4,,2026-07-24,unlabelled-stanzas,https://christianstack.com/lyrics/velisindhi-gaganaana-shalem-raj-telugu-christian-lyrics/
01003-bethlehemu-puramunanduna.json,Bethlehemu Puramunanduna,Renikuntla Vidya Sagar,1,6,6,,2026-07-24,unlabelled-stanzas,https://christianstack.com/lyrics/bethlehemu-puramunanduna-vidya-sagar-telugu-christian-lyrics/
01004-emauthano-ani.json,Emauthano Ani,Samuel Karmoji,2,7,7,,2026-07-24,unlabelled-stanzas,https://christianstack.com/lyrics/emauthano-ani-yesutho-prathikshanam-samuel-karmoji-telugu-christian-lyrics/
01005-kannitini-thudiche-daivama.json,Kannitini Thudiche Daivama,Pastor Vinod Kumar,3,4,4,,2026-07-24,unlabelled-stanzas,https://christianstack.com/lyrics/kannitini-thudiche-daivama-vinod-kumar-telugu-christian-lyrics/
01006-koti-kaanthula-velugulatho.json,Koti Kaanthula Velugulatho,Bapu Kondeti,1,8,8,,2026-07-24,unlabelled-stanzas,https://christianstack.com/lyrics/koti-kaanthula-velugulatho-anjana-sowmya-telugu-christian-lyrics/
01007-mahima-neekey.json,Mahima Neekey,Ravinder Vottepu,1,7,7,,2026-07-24,unlabelled-stanzas,https://christianstack.com/lyrics/mahima-neekey-na-thandri-neevey-ravinder-vottepu-telugu-christian-lyrics/
01008-naa-thandri-neevey.json,Naa Thandri Neevey,Ravinder Vottepu,1,2,2,,2026-07-24,unlabelled-stanzas,https://christianstack.com/lyrics/naa-thandri-neevey-ravinder-vottepu-telugu-christian-lyrics/
01009-raajuga.json,Raajuga,Bro D Paul Jaya Kumar,3,4,4,,2026-07-24,unlabelled-stanzas,https://christianstack.com/lyrics/raajuga-sinnodu-j-k-christopher-telugu-christian-lyrics/
01010-subha-dinam.json,Subha Dinam,Shoba Rani,1,5,5,,2026-07-24,unlabelled-stanzas,https://christianstack.com/lyrics/subha-dinam-franklin-sukumar-telugu-christian-lyrics/
01011-thaara-velisenu-choodu.json,Thaara Velisenu Choodu,Asha Ashirwadh,2,4,4,,2026-07-24,unlabelled-stanzas,https://christianstack.com/lyrics/thaara-velisenu-choodu-asha-ashirwadh-telugu-christian-lyrics/
01012-vachindu-vachindu.json,Vachindu Vachindu,Padaala Suresh Babu,1,2,2,,2026-07-24,unlabelled-stanzas,https://christianstack.com/lyrics/vachindu-vachindu-rajanand-telugu-christian-lyrics/
01013-baaludu-kaadammo-balavanthudu.json,Baaludu Kaadammo Balavanthudu,Bishop Daniel Kalyanapu,1,4,4,,2026-07-24,unlabelled-stanzas,https://christianstack.com/lyrics/baaludu-kaadammo-balavanthudu-christmas-folk-song-lyrics/
01014-chukka-puttindi.json,Chukka Puttindi,Elohim Music,6,7,8,,2026-07-24,stanza-count-mismatch te=6 en=5; unlabelled-stanzas,https://christianstack.com/lyrics/chukka-puttindi-christmas-folk-song-lyrics/
01015-ee-reyi-challanidhi.json,Ee Reyi Challanidhi,Dr. K. Wilson,1,4,4,,2026-07-24,unlabelled-stanzas,https://christianstack.com/lyrics/ee-reyi-challanidhi-michael-kalyanapu-telugu-christian-lyrics/
01016-happy-christmas.json,Happy Christmas,Rev. J K Prasanna Kumar,1,3,3,,2026-07-24,unlabelled-stanzas,https://christianstack.com/lyrics/happy-christmas-sharon-sisters-telugu-christian-lyrics/
01017-hrudayama.json,Hrudayama,Smt. Jayaleela Yesu Ratnam,1,4,4,,2026-07-24,unlabelled-stanzas,https://christianstack.com/lyrics/hrudayama-lillian-christopher-telugu-christian-lyrics/
01018-lokaniki-aanandame.json,Lokaniki Aanandame,Philip Gariki,1,6,6,,2026-07-24,,https://christianstack.com/lyrics/lokaniki-aanandame-philip-gariki-telugu-christian-lyrics/
01019-ninupolina-varevaru.json,Ninupolina Varevaru,Benny Joshua,4,3,3,,2026-07-24,unlabelled-stanzas,https://christianstack.com/lyrics/ninupolina-varevaru-benny-joshua-telugu-christian-lyrics/
01020-rajula-raju.json,Rajula Raju,Manoj David,1,6,6,,2026-07-24,unlabelled-stanzas,https://christianstack.com/lyrics/rajula-raju-manoj-david-telugu-christian-lyrics/
01021-sambaraalu-santhoshaalu.json,Sambaraalu Santhoshaalu,Joshua Shaik,2,2,2,,2026-07-24,unlabelled-stanzas,https://christianstack.com/lyrics/sambaraalu-santhoshaalu-joshua-shaik-telugu-christian-lyrics/
01022-sandhade-sandhadi.json,Sandhade Sandhadi,Bishop Daniel Kalyanapu,1,11,11,,2026-07-24,unlabelled-stanzas,https://christianstack.com/lyrics/sandhade-sandhadi-sandhadi-3-christmas-folk-song-lyrics/
01023-digivachenu.json,Digivachenu,Joel Kodali,1,7,7,,2026-07-24,unlabelled-stanzas,https://christianstack.com/lyrics/digivachenu-lerevaru-telugu-christian-lyrics/
01024-junti-thene-kanna.json,Junti Thene Kanna,Joel Kodali,2,8,8,,2026-07-24,unlabelled-stanzas,https://christianstack.com/lyrics/junti-thene-kanna-lerevaru-telugu-christian-lyrics/
01025-kanti-paapavale.json,Kanti Paapavale,Joel Kodali,2,7,7,,2026-07-24,unlabelled-stanzas,https://christianstack.com/lyrics/kanti-paapavale-lerevaru-telugu-christian-lyrics/
01026-lerevaru.json,Lerevaru,Joel Kodali,6,8,8,,2026-07-24,unlabelled-stanzas,https://christianstack.com/lyrics/lerevaru-lerevaru-telugu-christian-lyrics/
01027-na-jeevitha-kaalamantha.json,Na Jeevitha Kaalamantha,Joel Kodali,1,8,8,,2026-07-24,unlabelled-stanzas,https://christianstack.com/lyrics/na-jeevitha-kaalamantha-lerevaru-telugu-christian-lyrics/
01028-nee-premanu.json,Nee Premanu,Joel Kodali,2,11,11,,2026-07-24,unlabelled-stanzas,https://christianstack.com/lyrics/nee-premanu-lerevaru-telugu-christian-lyrics/
01029-okkate-aasa.json,Okkate Aasa,Samuel Karmoji,1,4,4,,2026-07-24,unlabelled-stanzas,https://christianstack.com/lyrics/okkate-aasa-yesu-na-oopiri-samuel-karmoji-telugu-christian-lyrics/
01030-vidudhala.json,Vidudhala,Joel Kodali,1,7,7,,2026-07-24,unlabelled-stanzas,https://christianstack.com/lyrics/vidudhala-lerevaru-telugu-christian-lyrics/
01031-yesu-vaipu.json,Yesu Vaipu,Joel Kodali,0,14,14,,2026-07-24,unlabelled-stanzas,https://christianstack.com/lyrics/yesu-vaipu-lerevaru-telugu-christian-lyrics/
01032-aascharyakarudu-alochanakartha.json,Aascharyakarudu Alochanakartha,Joel Kodali,2,8,8,,2026-07-24,,https://christianstack.com/lyrics/aascharyakarudu-alochanakartha-rojantha-telugu-christian-lyrics/
01033-adiyu-neeve.json,Adiyu Neeve,Joel Kodali,1,4,4,,2026-07-24,unlabelled-stanzas,https://christianstack.com/lyrics/adiyu-neeve-rojantha-telugu-christian-lyrics/
01034-nindu-manasutho.json,Nindu Manasutho,Joel Kodali,1,6,6,,2026-07-24,unlabelled-stanzas,https://christianstack.com/lyrics/nindu-manasutho-rojantha-telugu-christian-lyrics/
01035-ninnu-kolicheda.json,Ninnu Kolicheda,Devadas Mungamuri,1,4,4,,2026-07-24,unlabelled-stanzas,https://christianstack.com/lyrics/ninnu-kolicheda-srastha-2-telugu-christian-lyrics/
01036-prema-prema.json,Prema Prema,Joel Kodali,1,6,6,,2026-07-24,,https://christianstack.com/lyrics/prema-prema-rojantha-telugu-christian-lyrics/
01037-rojantha.json,Rojantha,Joel Kodali,2,4,4,,2026-07-24,stanza-count-mismatch te=2 en=1; unlabelled-stanzas,https://christianstack.com/lyrics/rojantha-rojantha-telugu-christian-lyrics/
01038-sajeevudu.json,Sajeevudu,Joel Kodali,2,4,4,,2026-07-24,,https://christianstack.com/lyrics/sajeevudu-lerevaru-telugu-christian-lyrics/
01039-sannuthinthu-yesu-swami.json,Sannuthinthu Yesu Swami,Joel Kodali,1,4,8,,2026-07-24,unlabelled-stanzas,https://christianstack.com/lyrics/sannuthinthu-yesu-swami-rojantha-telugu-christian-lyrics/
01040-viluvainadi-ee-jeevitham.json,Viluvainadi Ee Jeevitham,Joel Kodali,1,7,7,,2026-07-24,unlabelled-stanzas,https://christianstack.com/lyrics/viluvainadi-ee-jeevitham-rojantha-telugu-christian-lyrics/
01041-andaala-thaara.json,Andaala Thaara,Rev. Acharya Dr. A B Masilamani,1,4,4,,2026-07-24,unlabelled-stanzas,https://christianstack.com/lyrics/andaala-thaara-a-b-masilamani-telugu-christian-lyrics/
01042-bandhinaipoya.json,Bandhinaipoya,John Vittney Kalavala,3,3,3,,2026-07-24,,https://christianstack.com/lyrics/bandhinaipoya-john-vittney-ft-allen-ganta-telugu-christian-lyrics/
01043-deva-vembadinchithi.json,Deva Vembadinchithi,Rev. Acharya Dr. A B Masilamani,1,3,3,,2026-07-24,unlabelled-stanzas,https://christianstack.com/lyrics/deva-vembadinchithi-a-b-masilamani-telugu-christian-lyrics/
01044-manchivada.json,Manchivada,John Vittney Kalavala,5,2,2,,2026-07-24,renumbered-2,https://christianstack.com/lyrics/manchivada-john-vittney-telugu-christian-lyrics/
01045-na-jeevithamu.json,Na Jeevithamu,John Vittney Kalavala,7,5,5,,2026-07-24,renumbered-1,https://christianstack.com/lyrics/na-jeevithamu-john-vittney-telugu-christian-lyrics/
01046-parimala-sumamulu.json,Parimala Sumamulu,Rev. Acharya Dr. A B Masilamani,1,2,2,,2026-07-24,unlabelled-stanzas,https://christianstack.com/lyrics/parimala-sumamulu-a-b-masilamani-telugu-christian-lyrics/
01047-prabhu-yesuni-vadhanamulo.json,Prabhu Yesuni Vadhanamulo,Rev. Acharya Dr. A B Masilamani,1,4,4,,2026-07-24,unlabelled-stanzas,https://christianstack.com/lyrics/prabhu-yesuni-vadhanamulo-a-b-masilamani-telugu-christian-lyrics/
01048-vaarthalalo-yesu-suvaartha.json,Vaarthalalo Yesu Suvaartha,Rev. Acharya Dr. A B Masilamani,1,5,5,,2026-07-24,unlabelled-stanzas,https://christianstack.com/lyrics/vaarthalalo-yesu-suvaartha-a-b-masilamani-telugu-christian-lyrics/
01049-yesu-unte-chaalu.json,Yesu Unte Chaalu,Rajesh Tatapudi,2,5,4,,2026-07-24,stanza-count-mismatch te=1 en=2,https://christianstack.com/lyrics/yesu-unte-chaalu-sheba-kingston-telugu-christian-lyrics/
01050-devuni-vaarasulam.json,Devuni Vaarasulam,Rev. Acharya Dr. A B Masilamani,1,4,4,,2026-07-24,unlabelled-stanzas,https://christianstack.com/lyrics/devuni-vaarasulam-a-b-masilamani-telugu-christian-lyrics/
01051-jayahe-jayahe.json,Jayahe Jayahe,Rev. Acharya Dr. A B Masilamani,1,2,2,,2026-07-24,unlabelled-stanzas,https://christianstack.com/lyrics/jayahe-jayahe-a-b-masilamani-telugu-christian-lyrics/
01052-karuna-rasa-bharita.json,Karuna Rasa Bharita,Rev. Acharya Dr. A B Masilamani,1,4,4,,2026-07-24,unlabelled-stanzas,https://christianstack.com/lyrics/karuna-rasa-bharita-a-b-masilamani-telugu-christian-lyrics/
01053-naa-gaanam.json,Naa Gaanam,Anne Deborah K Mohanty,2,5,5,,2026-07-24,,https://christianstack.com/lyrics/naa-gaanam-prema-anudinamu-telugu-christian-lyrics/
01054-premagala-thandri.json,Premagala Thandri,Anne Deborah K Mohanty,4,2,2,,2026-07-24,renumbered-2,https://christianstack.com/lyrics/premagala-thandri-prema-anudinamu-telugu-christian-lyrics/
01055-thenekanna-theeyanainadi.json,Thenekanna Theeyanainadi,,2,4,4,,2026-07-24,unlabelled-stanzas,https://christianstack.com/lyrics/thenekanna-theeyanainadi-balaparachumu-telugu-christian-lyrics/
01056-vandanam.json,Vandanam,,6,2,2,,2026-07-24,renumbered-1,https://christianstack.com/lyrics/vandanam-bridge-music-ft-sam-alex-allen-ganta-john-erry-telugu-lyrics/
01057-varudu.json,Varudu,,3,2,2,,2026-07-24,,https://christianstack.com/lyrics/varudu-john-david-inja-ft-rohit-ganta-telugu-christian-lyrics/
01058-vesaarina.json,Vesaarina,A.R.Stevenson,2,6,6,,2026-07-24,unlabelled-stanzas,https://christianstack.com/lyrics/vesaarina-manase-a-r-stevenson-telugu-christian-lyrics/
01059-yepati-dhananaya.json,Yepati Dhananaya,Pastor D. Chrisostam,3,4,4,,2026-07-24,unlabelled-stanzas,https://christianstack.com/lyrics/yepati-dhananaya-sarvonnatha-telugu-lyrics/
01060-aayana-ikkada-ledu.json,Aayana Ikkada Ledu,Anne Deborah K Mohanty,3,2,2,,2026-07-24,renumbered-1,https://christianstack.com/lyrics/aayana-ikkada-ledu-prema-anudinamu-telugu-christian-lyrics/
01061-adavi-pushapama.json,Adavi Pushapama,Anne Deborah K Mohanty,2,2,2,,2026-07-24,,https://christianstack.com/lyrics/adavi-pushapama-prema-anudinamu-telugu-christian-lyrics/
01062-anudinamu.json,Anudinamu,Anne Deborah K Mohanty,2,2,2,,2026-07-24,,https://christianstack.com/lyrics/anudinamu-prema-anudinamu-telugu-lyrics/
01063-hosanna-ministries.json,Hosanna Ministries,Bro. Freddy Paul,4,2,2,,2026-07-24,unlabelled-stanzas,https://christianstack.com/lyrics/hosanna-ministries-agni-mandinchu/
01064-muttedan.json,Muttedan,Anne Deborah K Mohanty,3,18,8,,2026-07-24,stanza-count-mismatch te=1 en=3; unlabelled-stanzas,https://christianstack.com/lyrics/muttedan-prema-anudinamu-lyrics/
01065-najareyudaa-naa-yesayya.json,Najareyudaa Naa Yesayya,,6,4,4,,2026-07-24,stanza-count-mismatch te=3 en=6; unlabelled-stanzas; renumbered-2,https://christianstack.com/lyrics/najareyudaa-naa-yesayya-2/
01066-nithya-prematho.json,Nithya Prematho,Jeeva R Pakerla & Samuel Wilson,0,19,19,,2026-07-24,unlabelled-stanzas,https://christianstack.com/lyrics/nithya-prematho-srastha-telugu-christian-lyrics/
01067-okka-punya-kaaryamuche.json,Okka Punya Kaaryamuche,Anne Deborah K Mohanty,2,4,4,,2026-07-24,,https://christianstack.com/lyrics/okka-punya-kaaryamuche-prema-anudinamu-telugu-christian-lyrics/
01068-pradhaana-yaajakaa.json,Pradhaana Yaajakaa,Anne Deborah K Mohanty,5,1,1,,2026-07-24,renumbered-3,https://christianstack.com/lyrics/pradhaana-yaajakaa-prema-anudinamu-telugu-christian-lyrics/
01069-siyonu-kumari.json,Siyonu Kumari,Anne Deborah K Mohanty,2,2,2,,2026-07-24,,https://christianstack.com/lyrics/siyonu-kumari-prema-anudinamu-telugu-christian-lyrics/
01070-alasithiva-prabhu.json,Alasithiva Prabhu,Josely Komanapalli,1,4,4,,2026-07-24,,https://christianstack.com/lyrics/alasithiva-prabhu-sthuthula-savvadi-christian-song-lyrics/
01071-cheekati-loyalo-nenu-padiyundagaa.json,Cheekati Loyalo Nenu Padiyundagaa,Joel Kodali,1,5,5,,2026-07-24,unlabelled-stanzas,https://christianstack.com/lyrics/cheekati-loyalo-nenu-padiyundagaa-rojantha-telugu-christian-lyrics/
01072-enduko-nanninthagaa.json,Enduko Nanninthagaa,,1,2,4,,2026-07-24,unlabelled-stanzas,https://christianstack.com/lyrics/enduko-nanninthagaa-andhra-kraisthava-keerthanalu-telugu-lyrics/
01073-idigo-deva-naa-jeevitham.json,Idigo Deva Naa Jeevitham,,1,3,3,,2026-07-24,unlabelled-stanzas,https://christianstack.com/lyrics/idigo-deva-naa-jeevitham-andhra-kraisthava-keerthanalu-telugu-lyrics/
01074-kummari-o-kummari.json,Kummari O Kummari,,1,3,4,,2026-07-24,unlabelled-stanzas,https://christianstack.com/lyrics/kummari-o-kummari-ashirvad-luke-telugu-christian-song-lyrics/
01075-naa-praana-priyuda-yesu.json,Naa Praana Priyuda Yesu,,1,4,4,,2026-07-24,unlabelled-stanzas,https://christianstack.com/lyrics/naa-praana-priyuda-yesu-andhra-kraisthava-keerthanalu-telugu-lyrics/
01076-snehithudu-prana-priyudu.json,Snehithudu Prana Priyudu,,2,3,3,,2026-07-24,,https://christianstack.com/lyrics/snehithudu-prana-priyudu-lyrics-andhra-christava-vujeeva-keerthanalu/
01077-yehova-naa-mora-laalinchenu.json,Yehova Naa Mora Laalinchenu,Purushottam Choudary,1,4,4,,2026-07-24,unlabelled-stanzas,https://christianstack.com/lyrics/yehova-naa-mora-laalinchenu-andhra-kraisthava-keerthanalu-lyrics/
01078-yehovaa-naa-balamaa.json,Yehovaa Naa Balamaa,,1,3,3,,2026-07-24,unlabelled-stanzas,https://christianstack.com/lyrics/yehovaa-naa-balamaa-andhra-kraisthava-keerthanalu-telugu-lyrics/
01079-yehovaa-nee-naamamu.json,Yehovaa Nee Naamamu,,1,4,4,,2026-07-24,unlabelled-stanzas,https://christianstack.com/lyrics/yehovaa-nee-naamamu-andhra-kraisthava-keerthanalu-telugu-lyrics/
01080-athyunnatha-simhasanamupai.json,Athyunnatha Simhasanamupai,Dr. Darla Amshumathi Mary,1,2,2,,2026-07-24,unlabelled-stanzas,https://christianstack.com/lyrics/athyunnatha-simhasanamupai-darla-amshumathi-mary-telugu-christian-lyrics/
01081-mahima-ghanathaku-arhudavu.json,Mahima Ghanathaku Arhudavu,,1,7,7,,2026-07-24,unlabelled-stanzas,https://christianstack.com/lyrics/mahima-ghanathaku-arhudavu-telugu-christian-lyrics/
01082-naa-jeevam-naa-sarvam.json,Naa Jeevam Naa Sarvam,,2,3,3,,2026-07-24,unlabelled-stanzas,https://christianstack.com/lyrics/naa-jeevam-naa-sarvam-kripal-mohan-telugu-christian-lyrics/
01083-nee-chethitho-nannu-pattuko.json,Nee Chethitho Nannu Pattuko,,1,4,4,,2026-07-24,unlabelled-stanzas,https://christianstack.com/lyrics/nee-chethitho-nannu-pattuko-telugu-christian-lyrics/
01084-ninne-preminthunu.json,Ninne Preminthunu,,5,2,3,,2026-07-24,stanza-count-mismatch te=3 en=5; unlabelled-stanzas,https://christianstack.com/lyrics/ninne-preminthunu-telugu-christian-lyrics/
01085-sadaakaalamu-neetho-nenu.json,Sadaakaalamu Neetho Nenu,Pastor Timothy,1,2,3,,2026-07-24,unlabelled-stanzas,https://christianstack.com/lyrics/sadaakaalamu-neetho-nenu-pastor-timothy-telugu-christian-lyrics/
01086-shudda-hrudayam.json,Shudda Hrudayam,Bro Augustine Dandingi,1,2,2,,2026-07-24,unlabelled-stanzas,https://christianstack.com/lyrics/shudda-hrudayam-anil-kumar-telugu-christian-lyrics/
01087-siddhapadudaam-siddhapadudaam.json,Siddhapadudaam Siddhapadudaam,"Sharon Sisters, Bro Philip Gariki",1,4,4,,2026-07-24,unlabelled-stanzas,https://christianstack.com/lyrics/siddhapadudaam-siddhapadudaam-sharon-sisters-telugu-christian-lyrics/
01088-silvalo-naakai-kaarchenu.json,Silvalo Naakai Kaarchenu,,4,4,4,,2026-07-24,unlabelled-stanzas,https://christianstack.com/lyrics/silvalo-naakai-kaarchenu-telugu-christian-lyrics/
01089-sugunaala-sampannudaa.json,Sugunaala Sampannudaa,Bro. Yesanna,1,3,4,,2026-07-24,unlabelled-stanzas,https://christianstack.com/lyrics/sugunaala-sampannudaa-yesanna-telugu-christian-lyrics/
01090-aaraadhinchedanu-ninnu.json,Aaraadhinchedanu Ninnu,,1,3,4,,2026-07-24,unlabelled-stanzas,https://christianstack.com/lyrics/aaraadhinchedanu-ninnu-allen-ganta-telugu-christian-lyrics/
01091-jayamunichu-devuniki.json,Jayamunichu Devuniki,,1,5,5,,2026-07-24,unlabelled-stanzas,https://christianstack.com/lyrics/jayamunichu-devuniki-telugu-christian-song-lyrics/
01092-jeevanadini-naa-hrudayamulo.json,Jeevanadini Naa Hrudayamulo,,1,1,2,,2026-07-24,,https://christianstack.com/lyrics/jeevanadini-naa-hrudayamulo-telugu-christian-lyrics/
01093-najareyudaa-naa-yesayya.json,Najareyudaa Naa Yesayya,Bro. Yesanna,1,4,4,,2026-07-24,unlabelled-stanzas,https://christianstack.com/lyrics/najareyudaa-naa-yesayya/
01094-neeve-naa-devudavu.json,Neeve Naa Devudavu,Kripal Mohan,2,2,2,,2026-07-24,unlabelled-stanzas,https://christianstack.com/lyrics/neeve-naa-devudavu-kripal-mohan-telugu-christian-lyrics/
01095-neeve-naa-praanamu.json,Neeve Naa Praanamu,Daniel J Kiran,1,2,2,,2026-07-24,unlabelled-stanzas,https://christianstack.com/lyrics/neeve-naa-praanamu-daniel-j-kiran-telugu-christian-lyrics/
01096-preminchedan-adhikamugaa.json,Preminchedan Adhikamugaa,Father S J Berchmans,2,2,2,,2026-07-24,stanza-count-mismatch te=2 en=1; unlabelled-stanzas,https://christianstack.com/lyrics/preminchedan-adhikamugaa-s-j-berchmans-telugu-christian-lyrics/
