file,wtc_id,song_name,author,stanzas,main_te_lines,main_en_lines,english,album,category,warnings,url
00006-aadedhan-paadehan.json,6,Aadedhan Paadehan,,2,1,1,partial,,,unbroken-lines; stanza-count-mismatch te=2 en=0,https://waytochurch.com/lyrics/song/6
00023-aaha-mahaanandame.json,23,Aaha Mahaanandame,,3,1,0,none,,,no-english-lyrics; unbroken-lines; stanza-count-mismatch te=3 en=0,https://waytochurch.com/lyrics/song/23
00025-udhayakanthi-rekalo.json,25,Udhayakanthi Rekalo,,2,1,0,none,,,no-english-lyrics; unbroken-lines; stanza-count-mismatch te=2 en=0,https://waytochurch.com/lyrics/song/25
00026-unnanthamyna-prema-dm.json,26,Unnanthamyna Prema Dm,,2,1,0,none,,,no-english-lyrics; unbroken-lines; stanza-count-mismatch te=2 en=0,https://waytochurch.com/lyrics/song/26
00027-unnathamyna-sthalamulalo-cm.json,27,Unnathamyna Sthalamulalo Cm,,3,1,0,none,,,no-english-lyrics; unbroken-lines; stanza-count-mismatch te=3 en=0,https://waytochurch.com/lyrics/song/27
00028-oohala-kandhani-lokamulo.json,28,Oohala Kandhani Lokamulo,,2,1,0,none,,,no-english-lyrics; unbroken-lines; stanza-count-mismatch te=2 en=0,https://waytochurch.com/lyrics/song/28
00031-oka-saari-aalochinchava.json,31,Oka Saari Aalochinchava,,3,2,0,none,,,no-english-lyrics; unbroken-lines; stanza-count-mismatch te=3 en=0,https://waytochurch.com/lyrics/song/31
00032-o-neethi-suryuda.json,32,O Neethi Suryuda,,2,1,0,none,,,no-english-lyrics; unbroken-lines; stanza-count-mismatch te=2 en=0,https://waytochurch.com/lyrics/song/32
00033-o-yesu-divya-prema.json,33,O Yesu Divya Prema,,2,1,0,none,,,no-english-lyrics; stanza-count-mismatch te=2 en=0,https://waytochurch.com/lyrics/song/33
00035-kanumaa-siluva-pai.json,35,Kanumaa Siluva Pai,,2,1,0,none,,Good Friday,no-english-lyrics; unbroken-lines; stanza-count-mismatch te=2 en=0,https://waytochurch.com/lyrics/song/35
00038-halleluaya-ani-paduuchu.json,38,Halleluaya Ani Paduuchu,,2,1,0,none,,,no-english-lyrics; unbroken-lines; stanza-count-mismatch te=2 en=0,https://waytochurch.com/lyrics/song/38
00039-kristhu-nedu-lechenu.json,39,Kristhu Nedu Lechenu,,4,0,0,none,,Easter,no-english-lyrics; unbroken-lines; stanza-count-mismatch te=4 en=0,https://waytochurch.com/lyrics/song/39
00040-prema-kaligi-sathyamu-palukuchu.json,40,Prema Kaligi Sathyamu Palukuchu,Pastor N J Simon,0,1,1,full,Asha Theera,Alter Call,unbroken-lines,https://waytochurch.com/lyrics/song/40
00042-gesthemane-thota.json,42,Gesthemane Thota,,2,3,0,none,,,no-english-lyrics; stanza-count-mismatch te=2 en=0,https://waytochurch.com/lyrics/song/42
00044-jayamu-kristhu-jaya-jaya-livigo.json,44,Jayamu Kristhu Jaya Jaya Livigo,,2,1,0,none,,,no-english-lyrics; unbroken-lines; stanza-count-mismatch te=2 en=0,https://waytochurch.com/lyrics/song/44
00045-jayahe-jayahe.json,45,Jayahe Jayahe,,3,1,0,none,,,no-english-lyrics; unbroken-lines; stanza-count-mismatch te=3 en=0,https://waytochurch.com/lyrics/song/45
00048-divam-prema-swaroopam.json,48,Divam Prema Swaroopam,,2,1,0,none,,,no-english-lyrics; unbroken-lines; stanza-count-mismatch te=2 en=0,https://waytochurch.com/lyrics/song/48
00051-naa-yesu-raju.json,51,Naa Yesu Raju,,3,1,0,none,,,no-english-lyrics; unbroken-lines; stanza-count-mismatch te=3 en=0,https://waytochurch.com/lyrics/song/51
00053-nithyudyna-dhevuni-thodu-o.json,53,Nithyudyna Dhevuni Thodu O,,3,1,0,none,,,no-english-lyrics; stanza-count-mismatch te=3 en=0,https://waytochurch.com/lyrics/song/53
00054-neeti-yuta-yodha.json,54,Neeti Yuta Yodha,,3,1,0,none,,,no-english-lyrics; stanza-count-mismatch te=3 en=0,https://waytochurch.com/lyrics/song/54
00056-neevu-nirminchina-dhevalayamulo.json,56,Neevu Nirminchina Dhevalayamulo,,3,1,0,none,,,no-english-lyrics; unbroken-lines; stanza-count-mismatch te=3 en=0,https://waytochurch.com/lyrics/song/56
00058-neelakasamlona-nigikegasina-thaara.json,58,Neelakasamlona Nigikegasina Thaara,,2,1,0,none,,,no-english-lyrics; unbroken-lines; stanza-count-mismatch te=2 en=0,https://waytochurch.com/lyrics/song/58
00059-nee-siluvalone-naa-mukthi.json,59,Nee Siluvalone Naa Mukthi,,2,1,0,none,,,no-english-lyrics; unbroken-lines; stanza-count-mismatch te=2 en=0,https://waytochurch.com/lyrics/song/59
00061-nenu-papino-prabhuva.json,61,Nenu Papino Prabhuva,,2,1,0,none,,,no-english-lyrics; unbroken-lines; stanza-count-mismatch te=2 en=0,https://waytochurch.com/lyrics/song/61
00063-parama-pavanuda-mariya.json,63,Parama Pavanuda Mariya,,2,1,0,none,,,no-english-lyrics; unbroken-lines; stanza-count-mismatch te=2 en=0,https://waytochurch.com/lyrics/song/63
00065-padedhamu-vededhamu-cm.json,65,Padedhamu Vededhamu Cm,,3,1,0,none,,,no-english-lyrics; stanza-count-mismatch te=3 en=0,https://waytochurch.com/lyrics/song/65
00066-pradhana-vinedi-pavanuda.json,66,Pradhana Vinedi Pavanuda,,4,1,0,none,,,no-english-lyrics; stanza-count-mismatch te=4 en=0,https://waytochurch.com/lyrics/song/66
00068-mahodayam-subhodayam.json,68,Mahodayam Subhodayam,,2,1,0,none,,Christmas,no-english-lyrics; unbroken-lines; stanza-count-mismatch te=2 en=0,https://waytochurch.com/lyrics/song/68
00070-mandhalo-cherani-gorrelenno.json,70,Mandhalo Cherani Gorrelenno,,3,1,0,none,,,no-english-lyrics; unbroken-lines; stanza-count-mismatch te=3 en=0,https://waytochurch.com/lyrics/song/70
00071-yehova-na-kapari.json,71,Yehova Na Kapari,,3,2,0,none,,,no-english-lyrics; stanza-count-mismatch te=3 en=0,https://waytochurch.com/lyrics/song/71
00073-yesu-rakthamu-rakthamu.json,73,Yesu Rakthamu Rakthamu,,3,1,0,none,,,no-english-lyrics; unbroken-lines; stanza-count-mismatch te=3 en=0,https://waytochurch.com/lyrics/song/73
00075-yesu-ni-krupalo.json,75,Yesu Ni Krupalo,,2,2,0,none,,,no-english-lyrics; unbroken-lines; stanza-count-mismatch te=2 en=0,https://waytochurch.com/lyrics/song/75
00076-randeho-vinarandeho.json,76,Randeho Vinarandeho,,3,1,0,none,,,no-english-lyrics; unbroken-lines; stanza-count-mismatch te=3 en=0,https://waytochurch.com/lyrics/song/76
00078-rakada-samayamulo.json,78,Rakada Samayamulo,,2,1,0,none,,,no-english-lyrics; stanza-count-mismatch te=2 en=0,https://waytochurch.com/lyrics/song/78
00080-lekhaleni-chukalenno.json,80,Lekhaleni Chukalenno,,3,1,0,none,,,no-english-lyrics; unbroken-lines; stanza-count-mismatch te=3 en=0,https://waytochurch.com/lyrics/song/80
00081-lekhimpaleni-sthotramul.json,81,Lekhimpaleni Sthotramul,,3,1,0,none,,,no-english-lyrics; stanza-count-mismatch te=3 en=0,https://waytochurch.com/lyrics/song/81
00082-vijaya-gosha-vinipinchenu.json,82,Vijaya Gosha Vinipinchenu,,2,1,0,none,,Easter,no-english-lyrics; unbroken-lines; stanza-count-mismatch te=2 en=0,https://waytochurch.com/lyrics/song/82
00083-vimochakudu-mana-prabhu.json,83,Vimochakudu Mana Prabhu,,2,1,0,none,,,no-english-lyrics; unbroken-lines; stanza-count-mismatch te=2 en=0,https://waytochurch.com/lyrics/song/83
00089-siluva-yende-needhu-prema.json,89,Siluva Yende Needhu Prema,,2,1,0,none,,,no-english-lyrics; stanza-count-mismatch te=2 en=0,https://waytochurch.com/lyrics/song/89
00090-srusti-kartha-yesuni-sthutinchedamu.json,90,Srusti Kartha Yesuni Sthutinchedamu,,3,4,0,none,,,no-english-lyrics; stanza-count-mismatch te=3 en=0,https://waytochurch.com/lyrics/song/90
00091-srustipitha-sarvonatha.json,91,Srustipitha Sarvonatha,,4,1,0,none,,,no-english-lyrics; stanza-count-mismatch te=4 en=0,https://waytochurch.com/lyrics/song/91
00093-sri-yesu-geethi-paadana.json,93,Sri Yesu Geethi Paadana,,2,1,0,none,,,no-english-lyrics; unbroken-lines; stanza-count-mismatch te=2 en=0,https://waytochurch.com/lyrics/song/93
00108-abrahamu-devuda.json,108,Abrahamu Devuda,,3,1,0,none,,,no-english-lyrics; unbroken-lines; stanza-count-mismatch te=3 en=0,https://waytochurch.com/lyrics/song/108
00112-chudumu-gesthemane.json,112,Chudumu Gesthemane,,6,1,0,none,,,no-english-lyrics; stanza-count-mismatch te=6 en=0,https://waytochurch.com/lyrics/song/112
00114-deva-nee-yavaranam.json,114,Deva Nee Yavaranam,,3,1,0,none,,,no-english-lyrics; unbroken-lines; stanza-count-mismatch te=3 en=0,https://waytochurch.com/lyrics/song/114
00117-dhevuni-sthuthiyinchudi-ellapudu.json,117,Dhevuni Sthuthiyinchudi Ellapudu,,9,1,0,none,andhra Kristava Keerthanalu,,no-english-lyrics; stanza-count-mismatch te=9 en=0,https://waytochurch.com/lyrics/song/117
00118-dhevuni-upakarambulalona.json,118,Dhevuni Upakarambulalona,,3,1,0,none,andhra Kristava Keerthanalu,,no-english-lyrics; stanza-count-mismatch te=3 en=0,https://waytochurch.com/lyrics/song/118
00126-varninchaleni-thyaagam-oodaarpu-nondhani-vainam.json,126,Varninchaleni Thyaagam Oodaarpu Nondhani Vainam,Dr Y Vijay Kumar,0,1,1,full,,Good Friday,unbroken-lines,https://waytochurch.com/lyrics/song/126
00133-kummari-o-kummari.json,133,Kummari O Kummari,,3,1,0,none,,,no-english-lyrics; stanza-count-mismatch te=3 en=0,https://waytochurch.com/lyrics/song/133
00134-kuthuhala-marbhatame.json,134,Kuthuhala Marbhatame,,4,2,0,none,,,no-english-lyrics; stanza-count-mismatch te=4 en=0,https://waytochurch.com/lyrics/song/134
00136-mahima-neeke-prabhu.json,136,Mahima Neeke Prabhu,,4,1,0,none,,,no-english-lyrics; unbroken-lines; stanza-count-mismatch te=4 en=0,https://waytochurch.com/lyrics/song/136
00139-manulu-manikyamulunna.json,139,Manulu Manikyamulunna,,3,1,0,none,,,no-english-lyrics; stanza-count-mismatch te=3 en=0,https://waytochurch.com/lyrics/song/139
00151-nuthana-geethamu-paadedhanu.json,151,Nuthana Geethamu Paadedhanu,,3,1,0,none,,New Year,no-english-lyrics; unbroken-lines; stanza-count-mismatch te=3 en=0,https://waytochurch.com/lyrics/song/151
00152-o-prabhuva-neeve.json,152,O Prabhuva Neeve,,2,1,0,none,,,no-english-lyrics; stanza-count-mismatch te=2 en=0,https://waytochurch.com/lyrics/song/152
00154-prabhuva-neelo-jeevinchuta-ab.json,154,Prabhuva Neelo Jeevinchuta Ab,Bro  Yesanna,4,1,1,partial,hosanna,,,https://waytochurch.com/lyrics/song/154
00157-rakshakundudhayinchi-nadata.json,157,Rakshakundudhayinchi Nadata,,5,1,0,none,andhra Kristava Keerthanalu,,no-english-lyrics; unbroken-lines; stanza-count-mismatch te=5 en=0,https://waytochurch.com/lyrics/song/157
00158-randi-yuchahinchi-paadudhamu.json,158,Randi Yuchahinchi Paadudhamu,,5,1,0,none,"andhra Kristava Keerthanalu , trahimam",,no-english-lyrics; stanza-count-mismatch te=5 en=0,https://waytochurch.com/lyrics/song/158
00161-stothra-rupamagu-krotha.json,161,Stothra Rupamagu Krotha,,4,4,0,none,,New Year,no-english-lyrics; stanza-count-mismatch te=4 en=0,https://waytochurch.com/lyrics/song/161
00162-sthuthi-yagamu-na-yesuke.json,162,Sthuthi Yagamu Na Yesuke,,5,1,0,none,,,no-english-lyrics; stanza-count-mismatch te=5 en=0,https://waytochurch.com/lyrics/song/162
00166-viswasa-vanithalamu.json,166,Viswasa Vanithalamu,,2,1,0,none,,,no-english-lyrics; unbroken-lines; stanza-count-mismatch te=2 en=0,https://waytochurch.com/lyrics/song/166
00171-yesutho-teeviganu-podama.json,171,Yesutho Teeviganu Podama,,4,2,0,none,andhra Kristava Keerthanalu,,no-english-lyrics; unbroken-lines; stanza-count-mismatch te=4 en=0,https://waytochurch.com/lyrics/song/171
00172-yogyudavo-yogyudavo.json,172,Yogyudavo Yogyudavo,"Bro  Raj , micheal paul",3,1,0,none,Bro. N. Jayapal,,no-english-lyrics; stanza-count-mismatch te=3 en=0,https://waytochurch.com/lyrics/song/172
00174-shudhdhaa-hrudhaayam-kalugajeyumu.json,174,Shudhdhaa Hrudhaayam Kalugajeyumu,,2,1,1,full,,,unbroken-lines,https://waytochurch.com/lyrics/song/174
00175-nee-premaye-naku-chalu.json,175,Nee Premaye Naku Chalu,,0,2,2,full,,,unbroken-lines,https://waytochurch.com/lyrics/song/175
00180-vetakaani-urilo-nundi.json,180,Vetakaani Urilo Nundi,,0,1,1,full,,,unbroken-lines,https://waytochurch.com/lyrics/song/180
00188-aakaashamandunna-aaseenudaa.json,188,Aakaashamandunna Aaseenudaa,,0,1,1,full,,,unbroken-lines,https://waytochurch.com/lyrics/song/188
00190-aananda-yaathra.json,190,Aananda Yaathra,bro yesanna,0,1,1,full,,,unbroken-lines,https://waytochurch.com/lyrics/song/190
00213-kalyaanam-kamaneeyam.json,213,Kalyaanam Kamaneeyam,,0,1,1,full,,,unbroken-lines,https://waytochurch.com/lyrics/song/213
00240-naa-praanamaa-yehovaanu-neevu-sannuthinchumu.json,240,Naa Praanamaa Yehovaanu Neevu Sannuthinchumu,,0,1,1,full,,,unbroken-lines,https://waytochurch.com/lyrics/song/240
00261-neeku-ishtudigaa-ilalo-ne-undaalani.json,261,Neeku Ishtudigaa Ilalo Ne Undaalani,,0,2,1,full,,,unbroken-lines,https://waytochurch.com/lyrics/song/261
00312-dheva-ni-namam-entho-balamynadhi.json,312,Dheva Ni Namam Entho Balamynadhi,,0,1,0,none,,,no-english-lyrics; unbroken-lines,https://waytochurch.com/lyrics/song/312
00315-naa-jeevitha-kalamantha.json,315,Naa Jeevitha Kalamantha,,0,1,0,none,,,no-english-lyrics; unbroken-lines,https://waytochurch.com/lyrics/song/315
00317-neeve-naa-oopiri.json,317,Neeve Naa Oopiri,,0,4,0,none,,,no-english-lyrics,https://waytochurch.com/lyrics/song/317
00318-jagatiki-punaadi-vaeyaka-mundae-janiyinchina-pra.json,318,Jagatiki Punaadi Vaeyaka Mundae Janiyinchina Praema,Dr  Amsumathi mary,0,1,1,full,mounamelanoye,,unbroken-lines,https://waytochurch.com/lyrics/song/318
00320-ae-vyaktinainaa-ae-sthitiyandainaa-entagaanoe-pr.json,320,Ae Vyaktinainaa Ae Sthitiyandainaa Entagaanoe Praeminchu Praema,Dr  Amsumathi mary,0,1,1,full,unnavu dheva,,unbroken-lines,https://waytochurch.com/lyrics/song/320
00323-oohaku-andani-praema-naa-yaesu-praema.json,323,Oohaku Andani Praema Naa Yaesu Praema,rev  aakumarthi daniel,0,1,1,full,,,unbroken-lines,https://waytochurch.com/lyrics/song/323
00325-velpulalo-bahu-ghanudu.json,325,Velpulalo Bahu Ghanudu,Bro  Yesanna,3,1,0,none,mahimanvithudu,,no-english-lyrics; unbroken-lines; stanza-count-mismatch te=3 en=0,https://waytochurch.com/lyrics/song/325
00328-dheva-ni-krupa-nirantharam.json,328,Dheva Ni Krupa Nirantharam,,3,2,0,none,,,no-english-lyrics; unbroken-lines; stanza-count-mismatch te=3 en=0,https://waytochurch.com/lyrics/song/328
00330-naa-prana-priyudavu-neeve.json,330,Naa Prana Priyudavu Neeve,Bro  Yesanna,1,1,0,none,joyful songs,,no-english-lyrics; unbroken-lines; stanza-count-mismatch te=1 en=0,https://waytochurch.com/lyrics/song/330
00334-nee-preme-nannu-aadharinchenu.json,334,Nee Preme Nannu Aadharinchenu,Bro  Yesanna,2,1,0,none,mahaneeyuda,,no-english-lyrics; unbroken-lines; stanza-count-mismatch te=2 en=0,https://waytochurch.com/lyrics/song/334
00336-sannuthichedanu-dhayaludavu.json,336,Sannuthichedanu Dhayaludavu,Bro  Yesanna,2,1,0,none,mahaneeyuda,,no-english-lyrics; unbroken-lines; stanza-count-mismatch te=2 en=0,https://waytochurch.com/lyrics/song/336
00338-yesu-anu-namame-naa-madhura.json,338,Yesu Anu Namame Naa Madhura,Bro  Yesanna,3,1,0,none,mahima swaroopuda,,no-english-lyrics; unbroken-lines; stanza-count-mismatch te=3 en=0,https://waytochurch.com/lyrics/song/338
00339-halleluya-yesaiah.json,339,Halleluya Yesaiah,Bro  Yesanna,3,1,0,none,mahima swaroopuda,,no-english-lyrics; unbroken-lines; stanza-count-mismatch te=3 en=0,https://waytochurch.com/lyrics/song/339
00340-dheva-naa-dhevudavu-neeve.json,340,Dheva Naa Dhevudavu Neeve,Bro  Yesanna,1,1,0,none,mahima swaroopuda,,no-english-lyrics; unbroken-lines; stanza-count-mismatch te=1 en=0,https://waytochurch.com/lyrics/song/340
00341-aanandame-prabhu-yesuni.json,341,Aanandame Prabhu Yesuni,Bro  Yesanna,3,2,0,none,mahima swaroopuda,,no-english-lyrics; stanza-count-mismatch te=3 en=0,https://waytochurch.com/lyrics/song/341
00342-premamaya-yesu-prabhuvaa.json,342,Premamaya Yesu Prabhuvaa,Bro  Yesanna,3,1,0,none,mahima swaroopuda,,no-english-lyrics; unbroken-lines; stanza-count-mismatch te=3 en=0,https://waytochurch.com/lyrics/song/342
00343-aanandam-yesutho.json,343,Aanandam Yesutho,Bro  Yesanna,2,1,0,none,mahima swaroopuda,,no-english-lyrics; unbroken-lines; stanza-count-mismatch te=2 en=0,https://waytochurch.com/lyrics/song/343
00344-naa-vedhanalo-vedhikithini.json,344,Naa Vedhanalo Vedhikithini,Bro  Yesanna,2,1,0,none,mahima swaroopuda,,no-english-lyrics; unbroken-lines; stanza-count-mismatch te=2 en=0,https://waytochurch.com/lyrics/song/344
00348-yemani-varninthu.json,348,Yemani Varninthu,Bro  Yesanna,3,2,0,none,sarvonathuda,,no-english-lyrics; stanza-count-mismatch te=3 en=0,https://waytochurch.com/lyrics/song/348
00349-nithyudaa-nee-sanidhi.json,349,Nithyudaa Nee Sanidhi,Bro  Yesanna,3,1,0,none,sarvonathuda,,no-english-lyrics; stanza-count-mismatch te=3 en=0,https://waytochurch.com/lyrics/song/349
00350-tejovaasula-swasthyamandhu.json,350,Tejovaasula Swasthyamandhu,Bro  Yesanna,4,2,0,none,sarvonathuda,,no-english-lyrics; stanza-count-mismatch te=4 en=0,https://waytochurch.com/lyrics/song/350
00351-sthuthi-simhasanaseenudavu.json,351,Sthuthi Simhasanaseenudavu,Bro  Yesanna,2,1,0,none,naa stuthi paathruda,,no-english-lyrics; unbroken-lines; stanza-count-mismatch te=2 en=0,https://waytochurch.com/lyrics/song/351
00352-anadhilo-niyaminchabadina.json,352,Anadhilo Niyaminchabadina,Bro  Yesanna,2,1,0,none,naa stuthi paathruda,Good Friday,no-english-lyrics; unbroken-lines; stanza-count-mismatch te=2 en=0,https://waytochurch.com/lyrics/song/352
00353-prabhuvaa-nee-samukhamandhu.json,353,Prabhuvaa Nee Samukhamandhu,Bro  Yesanna,3,1,0,none,naa stuthi paathruda,Confession,no-english-lyrics; unbroken-lines; stanza-count-mismatch te=3 en=0,https://waytochurch.com/lyrics/song/353
00354-nithyudagu-naa-thandri.json,354,Nithyudagu Naa Thandri,Bro  Yesanna,3,1,0,none,naa stuthi paathruda,,no-english-lyrics; unbroken-lines; stanza-count-mismatch te=3 en=0,https://waytochurch.com/lyrics/song/354
00355-nee-krupa-bahulyame.json,355,Nee Krupa Bahulyame,Bro  Yesanna,2,1,0,none,naa stuthi paathruda,,no-english-lyrics; stanza-count-mismatch te=2 en=0,https://waytochurch.com/lyrics/song/355
00356-aascharyakarudaa-needhu-krupa.json,356,Aascharyakarudaa Needhu Krupa,Bro  Yesanna,3,1,0,none,naa stuthi paathruda,,no-english-lyrics; stanza-count-mismatch te=3 en=0,https://waytochurch.com/lyrics/song/356
00357-evarunnaru-ee-lokamulo.json,357,Evarunnaru Ee Lokamulo,Bro  Yesanna,2,1,0,none,naa nirikshana,,no-english-lyrics; stanza-count-mismatch te=2 en=0,https://waytochurch.com/lyrics/song/357
00358-yuddha-veerulam-manam.json,358,Yuddha Veerulam Manam,Bro  Yesanna,2,1,0,none,naa nirikshana,,no-english-lyrics; unbroken-lines; stanza-count-mismatch te=2 en=0,https://waytochurch.com/lyrics/song/358
00359-seeyonulo-naa-yesutho.json,359,Seeyonulo Naa Yesutho,Bro  Yesanna,2,1,0,none,naa nirikshana,,no-english-lyrics; stanza-count-mismatch te=2 en=0,https://waytochurch.com/lyrics/song/359
00360-naa-jeevitham-neekankitham.json,360,Naa Jeevitham Neekankitham,Bro  Yesanna,2,1,0,none,naa nirikshana,,no-english-lyrics; stanza-count-mismatch te=2 en=0,https://waytochurch.com/lyrics/song/360
00361-sooryuni-dharinchi.json,361,Sooryuni Dharinchi,Bro  Yesanna,3,1,0,none,naa nirikshana,,no-english-lyrics; stanza-count-mismatch te=3 en=0,https://waytochurch.com/lyrics/song/361
00364-noothana-yerushalem.json,364,Noothana Yerushalem,Bro  Yesanna,3,1,0,none,naa yesu raaja,,no-english-lyrics; unbroken-lines; stanza-count-mismatch te=3 en=0,https://waytochurch.com/lyrics/song/364
00365-nanu-viduvaka-dhachithivi.json,365,Nanu Viduvaka Dhachithivi,Bro  Yesanna,1,1,0,none,yesuraaja,,no-english-lyrics; unbroken-lines; stanza-count-mismatch te=1 en=0,https://waytochurch.com/lyrics/song/365
00366-kalavaripadi-ne-kondalavypu.json,366,Kalavaripadi Ne Kondalavypu,Bro  Yesanna,1,1,0,none,yesuraaja,,no-english-lyrics; unbroken-lines; stanza-count-mismatch te=1 en=0,https://waytochurch.com/lyrics/song/366
00367-naa-prana-priyuda-yesaiah.json,367,Naa Prana Priyuda Yesaiah,Bro  Yesanna,2,2,0,none,yesuraaja,,no-english-lyrics; unbroken-lines; stanza-count-mismatch te=2 en=0,https://waytochurch.com/lyrics/song/367
00368-naa-pranathma-sareeram.json,368,Naa Pranathma Sareeram,Bro  Yesanna,1,1,0,none,yesuraaja,,no-english-lyrics; unbroken-lines; stanza-count-mismatch te=1 en=0,https://waytochurch.com/lyrics/song/368
00370-yesaiah-naa-priya.json,370,Yesaiah Naa Priya,Bro  Yesanna,1,1,0,none,krupamayuda,,no-english-lyrics; unbroken-lines; stanza-count-mismatch te=1 en=0,https://waytochurch.com/lyrics/song/370
00372-yeguruthunnandhi-vijaya.json,372,Yeguruthunnandhi Vijaya,Bro  Yesanna,1,1,0,none,,,no-english-lyrics; unbroken-lines; stanza-count-mismatch te=1 en=0,https://waytochurch.com/lyrics/song/372
00373-anthyadhinamula-yendu-memundaga.json,373,Anthyadhinamula Yendu Memundaga,Bro  Anil Kumar,1,1,0,none,yese raaraju,,no-english-lyrics; unbroken-lines; stanza-count-mismatch te=1 en=0,https://waytochurch.com/lyrics/song/373
00374-dhevudu-maapakshamuna-vundaga.json,374,Dhevudu Maapakshamuna Vundaga,Bro  Anil Kumar,1,1,0,none,,,no-english-lyrics; unbroken-lines; stanza-count-mismatch te=1 en=0,https://waytochurch.com/lyrics/song/374
00375-idhigo-vinuma-lokama.json,375,Idhigo Vinuma Lokama,Bro  Anil Kumar,1,1,0,none,yese raaraju,,no-english-lyrics; unbroken-lines; stanza-count-mismatch te=1 en=0,https://waytochurch.com/lyrics/song/375
00376-israelunu-kaapaadu-devudu.json,376,Israelunu Kaapaadu Devudu,Bro  Anil Kumar,0,1,0,none,yese raaraju,,no-english-lyrics; unbroken-lines,https://waytochurch.com/lyrics/song/376
00377-jaya-pataakam-yegaraali.json,377,Jaya Pataakam Yegaraali,Bro  Anil Kumar,1,2,0,none,yesuraaja,,no-english-lyrics; unbroken-lines; stanza-count-mismatch te=1 en=0,https://waytochurch.com/lyrics/song/377
00378-jayahe-jayahe-kristhesu.json,378,Jayahe Jayahe Kristhesu,Bro  Anil Kumar,0,5,0,none,yese raaraju,,no-english-lyrics; unbroken-lines,https://waytochurch.com/lyrics/song/378
00380-cheddaamaa-poraatam.json,380,Cheddaamaa Poraatam,Bro  Anil Kumar,0,2,0,none,jesus my life,,no-english-lyrics; unbroken-lines,https://waytochurch.com/lyrics/song/380
00382-lokamunu-jayinchina.json,382,Lokamunu Jayinchina,Bro  Anil Kumar,0,5,0,none,jesus my life,,no-english-lyrics; unbroken-lines,https://waytochurch.com/lyrics/song/382
00383-nee-rakthame-paapa-parihaaram.json,383,Nee Rakthame Paapa Parihaaram,Bro  Anil Kumar,0,8,0,none,jesus my life,,no-english-lyrics; unbroken-lines,https://waytochurch.com/lyrics/song/383
00384-veerudu-lechenu.json,384,Veerudu Lechenu,Bro  Anil Kumar,3,1,0,none,jesus my life,Easter,no-english-lyrics; unbroken-lines; stanza-count-mismatch te=3 en=0,https://waytochurch.com/lyrics/song/384
00385-visvasa-veerulam.json,385,Visvasa Veerulam,Bro  Anil Kumar,2,2,0,none,jesus my life,,no-english-lyrics; unbroken-lines; stanza-count-mismatch te=2 en=0,https://waytochurch.com/lyrics/song/385
00386-yesayya-lone-unnadhi-manaku-rakshana.json,386,Yesayya Lone Unnadhi Manaku Rakshana,Bro  Anil Kumar,1,1,0,none,jesus my life,,no-english-lyrics; unbroken-lines; stanza-count-mismatch te=1 en=0,https://waytochurch.com/lyrics/song/386
00387-maargam-satyam-jeevam.json,387,Maargam Satyam Jeevam,Bro  Anil Kumar,1,1,0,none,Jesus is my hero,,no-english-lyrics; unbroken-lines; stanza-count-mismatch te=1 en=0,https://waytochurch.com/lyrics/song/387
00389-yesu-dhevuni-aaradhikulam.json,389,Yesu Dhevuni Aaradhikulam,Bro  Anil Kumar,0,1,0,none,Jesus is my hero,,no-english-lyrics; unbroken-lines,https://waytochurch.com/lyrics/song/389
00391-song.json,391,జీసస్ జీసస్,Bro  Anil Kumar,0,2,0,none,Jesus is my hero,,no-english-lyrics; unbroken-lines; title-telugu-only,https://waytochurch.com/lyrics/song/391
00393-prabhu-naamam.json,393,Prabhu Naamam,Bro  Anil Kumar,0,1,0,none,Jesus is my hero,,no-english-lyrics; unbroken-lines,https://waytochurch.com/lyrics/song/393
00395-kondharemo-gurralantu.json,395,Kondharemo Gurralantu,Bro  Anil Kumar,0,1,0,none,Jesus my victory,,no-english-lyrics; unbroken-lines,https://waytochurch.com/lyrics/song/395
00396-jayaminkaa-manaderaa.json,396,Jayaminkaa Manaderaa,Bro  Anil Kumar,1,1,0,none,Jesus my victory,,no-english-lyrics; unbroken-lines; stanza-count-mismatch te=1 en=0,https://waytochurch.com/lyrics/song/396
00397-yesuni-yandali-aanandame.json,397,Yesuni Yandali Aanandame,Bro  Anil Kumar,0,1,0,none,Jesus my victory,,no-english-lyrics; unbroken-lines,https://waytochurch.com/lyrics/song/397
00398-yehovaa-maa-balamaa-neeve-kadha-naa-dheema.json,398,Yehovaa Maa Balamaa Neeve Kadha Naa Dheema,Bro  Anil Kumar,0,1,0,none,Jesus my victory,,no-english-lyrics; unbroken-lines,https://waytochurch.com/lyrics/song/398
00399-paraakramamu-gala-baladyuda.json,399,Paraakramamu Gala Baladyuda,Bro  Anil Kumar,0,22,0,none,Jesus my victory,,no-english-lyrics; unbroken-lines,https://waytochurch.com/lyrics/song/399
00400-idiye-samayam.json,400,Idiye Samayam,Bro  Anil Kumar,0,1,0,none,Jesus my victory,,no-english-lyrics; unbroken-lines,https://waytochurch.com/lyrics/song/400
00402-entho-vintha-entho-chintha.json,402,Entho Vintha Entho Chintha,,0,1,0,none,,,no-english-lyrics; unbroken-lines,https://waytochurch.com/lyrics/song/402
00404-yevaru-chesiri-puvuu-lanuu.json,404,Yevaru Chesiri Puvuu Lanuu,,3,0,0,full,,,unbroken-lines,https://waytochurch.com/lyrics/song/404
00453-e-samayamandhaina.json,453,E Samayamandhaina,,0,1,0,none,,,no-english-lyrics; unbroken-lines,https://waytochurch.com/lyrics/song/453
00496-aanandham-aanandham.json,496,Aanandham Aanandham,,3,1,0,none,,,no-english-lyrics; unbroken-lines; stanza-count-mismatch te=3 en=0,https://waytochurch.com/lyrics/song/496
00497-aanandha-maanandha-maayenu.json,497,Aanandha Maanandha Maayenu,,6,1,0,none,,,no-english-lyrics; unbroken-lines; stanza-count-mismatch te=6 en=0,https://waytochurch.com/lyrics/song/497
00498-niitigala-yohoavaa-sthuthi-mii.json,498,Niitigala Yohoavaa Sthuthi Mii,,6,1,0,none,,,no-english-lyrics; stanza-count-mismatch te=6 en=0,https://waytochurch.com/lyrics/song/498
00499-dhaeva-dhivyanantha-prabhaava.json,499,Dhaeva Dhivyanantha Prabhaava,,5,1,0,none,,,no-english-lyrics; unbroken-lines; stanza-count-mismatch te=5 en=0,https://waytochurch.com/lyrics/song/499
00500-gaanamu-chaeyudu-sukiirthananu-y.json,500,Gaanamu Chaeyudu Sukiirthananu Y,,4,1,0,none,,,no-english-lyrics; unbroken-lines; stanza-count-mismatch te=4 en=0,https://waytochurch.com/lyrics/song/500
00501-anni-kalambula-nunna-yehova.json,501,Anni Kalambula Nunna Yehova,,0,1,0,none,,,no-english-lyrics; unbroken-lines,https://waytochurch.com/lyrics/song/501
00502-halleluya-sthotram.json,502,Halleluya Sthotram,,2,1,0,none,,,no-english-lyrics; unbroken-lines; stanza-count-mismatch te=2 en=0,https://waytochurch.com/lyrics/song/502
00503-yesu-ni-krupalo.json,503,Yesu Ni Krupalo,,2,2,0,none,,,no-english-lyrics; unbroken-lines; stanza-count-mismatch te=2 en=0,https://waytochurch.com/lyrics/song/503
00504-manchi-sakshiga-marchumu.json,504,Manchi Sakshiga Marchumu,,2,1,0,none,,,no-english-lyrics; unbroken-lines; stanza-count-mismatch te=2 en=0,https://waytochurch.com/lyrics/song/504
00505-devaa-neeku-sthotramu.json,505,Devaa Neeku Sthotramu,,0,2,0,none,,,no-english-lyrics; unbroken-lines,https://waytochurch.com/lyrics/song/505
00506-priyathama-bandhama-naa-hrudayapu.json,506,Priyathama Bandhama Naa Hrudayapu,,2,1,1,full,,,unbroken-lines; stanza-count-mismatch te=0 en=2,https://waytochurch.com/lyrics/song/506
00514-suryuni-dharinchi.json,514,Suryuni Dharinchi,,3,1,0,none,,,no-english-lyrics; stanza-count-mismatch te=3 en=0,https://waytochurch.com/lyrics/song/514
00515-sthuthiki-paathruda.json,515,Sthuthiki Paathruda,,2,1,0,none,,,no-english-lyrics; unbroken-lines; stanza-count-mismatch te=2 en=0,https://waytochurch.com/lyrics/song/515
00517-palle-pallello-pattanala-moolallo.json,517,Palle Pallello Pattanala Moolallo,,0,1,0,none,,,no-english-lyrics; unbroken-lines,https://waytochurch.com/lyrics/song/517
00518-musalamma-muchatlu.json,518,Musalamma Muchatlu,,0,1,0,none,,,no-english-lyrics; unbroken-lines,https://waytochurch.com/lyrics/song/518
00520-mahimaswarupuda.json,520,Mahimaswarupuda,,0,1,0,none,,,no-english-lyrics; unbroken-lines,https://waytochurch.com/lyrics/song/520
00521-dayagala-hrudayudavu.json,521,Dayagala Hrudayudavu,,2,1,0,none,hosanna-2015,,no-english-lyrics; unbroken-lines; stanza-count-mismatch te=2 en=0,https://waytochurch.com/lyrics/song/521
00522-nee-sallani-soope.json,522,Nee Sallani Soope,,3,1,0,none,,,no-english-lyrics; stanza-count-mismatch te=3 en=0,https://waytochurch.com/lyrics/song/522
00523-yedabaayani-deva.json,523,Yedabaayani Deva,,2,1,0,none,,,no-english-lyrics; unbroken-lines; stanza-count-mismatch te=2 en=0,https://waytochurch.com/lyrics/song/523
00524-gadachina-kaalamantha.json,524,Gadachina Kaalamantha,,1,1,0,none,,,no-english-lyrics; unbroken-lines; stanza-count-mismatch te=1 en=0,https://waytochurch.com/lyrics/song/524
00525-ambhara-veedhilo-tharaka.json,525,Ambhara Veedhilo Tharaka,,2,1,0,none,,Christmas,no-english-lyrics; stanza-count-mismatch te=2 en=0,https://waytochurch.com/lyrics/song/525
00526-krupayu-satyamu-kalisi.json,526,Krupayu Satyamu Kalisi,,2,1,0,none,,,no-english-lyrics; stanza-count-mismatch te=2 en=0,https://waytochurch.com/lyrics/song/526
00527-aakashamlo-kotha-chukka-puttindi.json,527,Aakashamlo Kotha Chukka Puttindi,,2,1,0,none,,Christmas,no-english-lyrics; stanza-count-mismatch te=2 en=0,https://waytochurch.com/lyrics/song/527
00528-andhari-chevulu-gingurumanela.json,528,Andhari Chevulu Gingurumanela,,1,1,0,none,,,no-english-lyrics; unbroken-lines; stanza-count-mismatch te=1 en=0,https://waytochurch.com/lyrics/song/528
00529-ooruko-hrudayama-neelo.json,529,Ooruko Hrudayama Neelo,,1,1,0,none,,,no-english-lyrics; unbroken-lines; stanza-count-mismatch te=1 en=0,https://waytochurch.com/lyrics/song/529
00530-unnathamaina-rajyapu-vasi.json,530,Unnathamaina Rajyapu Vasi,,2,1,0,none,,,no-english-lyrics; unbroken-lines; stanza-count-mismatch te=2 en=0,https://waytochurch.com/lyrics/song/530
00531-sahasa-kaaryalu-cheya-galige.json,531,Sahasa Kaaryalu Cheya Galige,,2,1,0,none,,,no-english-lyrics; unbroken-lines; stanza-count-mismatch te=2 en=0,https://waytochurch.com/lyrics/song/531
00532-o-manavuda-melukonumu.json,532,O Manavuda Melukonumu,,2,1,0,none,,,no-english-lyrics; unbroken-lines; stanza-count-mismatch te=2 en=0,https://waytochurch.com/lyrics/song/532
00533-aagipodhu-na-pata.json,533,Aagipodhu Na Pata,,0,1,0,none,,,no-english-lyrics; unbroken-lines,https://waytochurch.com/lyrics/song/533
00534-ananthamunundi-ananthamu-varaku.json,534,Ananthamunundi Ananthamu Varaku,,0,1,1,full,,,unbroken-lines,https://waytochurch.com/lyrics/song/534
00538-halleluya-sthotram.json,538,Halleluya Sthotram,,0,1,0,none,,,no-english-lyrics; unbroken-lines,https://waytochurch.com/lyrics/song/538
00539-gurileni-payanam-dari-cherakunte.json,539,Gurileni Payanam Dari Cherakunte,,0,1,0,none,,,no-english-lyrics; unbroken-lines,https://waytochurch.com/lyrics/song/539
00540-naa-thandri-ninu-nenu.json,540,Naa Thandri Ninu Nenu,,0,1,0,none,,,no-english-lyrics; unbroken-lines,https://waytochurch.com/lyrics/song/540
00541-chitikina-naa-jeevitham.json,541,Chitikina Naa Jeevitham,,0,1,0,none,,,no-english-lyrics; unbroken-lines,https://waytochurch.com/lyrics/song/541
00542-phalamulu-kaligina-shishyuniga-nannu.json,542,Phalamulu Kaligina Shishyuniga Nannu,,0,1,0,none,,,no-english-lyrics; unbroken-lines,https://waytochurch.com/lyrics/song/542
00543-modhata-nee-sthithi-konchame-ainanu.json,543,Modhata Nee Sthithi Konchame Ainanu,,0,1,0,none,,,no-english-lyrics; unbroken-lines,https://waytochurch.com/lyrics/song/543
00544-nannu-evvaru-kadilinchaleru.json,544,Nannu Evvaru Kadilinchaleru,,0,1,0,none,,,no-english-lyrics; unbroken-lines,https://waytochurch.com/lyrics/song/544
00545-aashalanni-nee-meedhane.json,545,Aashalanni Nee Meedhane,,0,1,0,none,,,no-english-lyrics; unbroken-lines,https://waytochurch.com/lyrics/song/545
00546-naa-balamu-nannu.json,546,Naa Balamu Nannu,,1,1,0,none,,,no-english-lyrics; unbroken-lines; stanza-count-mismatch te=1 en=0,https://waytochurch.com/lyrics/song/546
00548-krutagnatato-samarpanato.json,548,Krutagnatato Samarpanato,,0,5,0,none,,,no-english-lyrics,https://waytochurch.com/lyrics/song/548
00549-pashushalalo-neevu.json,549,Pashushalalo Neevu,,0,1,0,none,,,no-english-lyrics; unbroken-lines,https://waytochurch.com/lyrics/song/549
00550-satvikuda-deenulanu-karuninche.json,550,Satvikuda Deenulanu Karuninche,,0,1,0,none,,,no-english-lyrics; unbroken-lines,https://waytochurch.com/lyrics/song/550
00551-nee-bahu-balamu-ennadaina.json,551,Nee Bahu Balamu Ennadaina,,0,1,0,none,,,no-english-lyrics; unbroken-lines,https://waytochurch.com/lyrics/song/551
00552-arbhatamutho-pradhana-dootha.json,552,Arbhatamutho Pradhana Dootha,Bro  Yesanna,0,1,0,none,hosanna-2014,,no-english-lyrics; unbroken-lines,https://waytochurch.com/lyrics/song/552
00553-chatali-jagatilo-devuni-keerthi.json,553,Chatali Jagatilo Devuni Keerthi,Bro  Yesanna,0,1,0,none,hosanna-2014,,no-english-lyrics; unbroken-lines,https://waytochurch.com/lyrics/song/553
00556-yennaluga.json,556,Yennaluga,,0,1,0,none,,,no-english-lyrics; unbroken-lines,https://waytochurch.com/lyrics/song/556
00558-anuragalu-kuripinche.json,558,Anuragalu Kuripinche,Bro  Yesanna,0,1,0,none,hosanna-2014,,no-english-lyrics; unbroken-lines,https://waytochurch.com/lyrics/song/558
00560-nindu-manasutho-ninne-aaradhinchuta.json,560,Nindu Manasutho Ninne Aaradhinchuta,Bro  Yesanna,0,1,0,none,hosanna-2014,,no-english-lyrics; unbroken-lines,https://waytochurch.com/lyrics/song/560
00561-laali-laali-laalamma-laali.json,561,Laali Laali Laalamma Laali,,0,1,0,none,andhra Kristava Keerthanalu,,no-english-lyrics; unbroken-lines,https://waytochurch.com/lyrics/song/561
00562-santhosham-naku-santhosham.json,562,Santhosham Naku Santhosham,,1,1,0,none,,,no-english-lyrics; unbroken-lines; stanza-count-mismatch te=1 en=0,https://waytochurch.com/lyrics/song/562
00567-athi-thvaralo.json,567,Athi Thvaralo,Bro Raj prakash paul,3,1,1,full,veekshana,,,https://waytochurch.com/lyrics/song/567
00569-aa-jali-premanu.json,569,Aa Jali Premanu,Bro Raj prakash paul,2,1,1,full,ankitham,,unbroken-lines,https://waytochurch.com/lyrics/song/569
00571-atmaparisuddatmuda.json,571,Atmaparisuddatmuda,,3,1,1,full,worship,,unbroken-lines,https://waytochurch.com/lyrics/song/571
00573-anamdame-prabu.json,573,Anamdame Prabu,Bro  Satish Kumar,3,1,1,full,Nee adharane chalunaya,,,https://waytochurch.com/lyrics/song/573
00576-ikyaparachumayya-ee-vadhuvarulanu.json,576,Ikyaparachumayya Ee Vadhuvarulanu,Bro  AR Stevenson,3,1,1,full,Kalyana Veduka,Marriage,,https://waytochurch.com/lyrics/song/576
00582-bangaram-tandri.json,582,Bangaram Tandri,,3,1,1,full,praise,,,https://waytochurch.com/lyrics/song/582
00583-brathikeda-ni-kosame.json,583,Brathikeda Ni Kosame,Bro Raj prakash paul,2,1,1,full,"Prakshalana, worship",,unbroken-lines,https://waytochurch.com/lyrics/song/583
00587-bale-bale-mata.json,587,Bale Bale Mata,,2,1,1,full,sunday school,,,https://waytochurch.com/lyrics/song/587
00588-baibilu-gramdham.json,588,Baibilu Gramdham,Bro  AR Stevenson,3,1,1,full,Nadipistadu,,,https://waytochurch.com/lyrics/song/588
00589-brathiki-chastava.json,589,Brathiki Chastava,Bro  PD Sundar Rao,2,1,1,full,Collection of BOUI,,unbroken-lines,https://waytochurch.com/lyrics/song/589
00591-bayapadaku.json,591,Bayapadaku,Bro  Akumarthi Daniel,2,1,1,full,"Manchi Devudu, worship",,unbroken-lines,https://waytochurch.com/lyrics/song/591
00593-chalu-chalu.json,593,Chalu Chalu,,2,1,1,full,grace,,,https://waytochurch.com/lyrics/song/593
00595-chirudipamalle-veligimdi-lokam-aa-velugu-korake-.json,595,Chirudipamalle Veligimdi Lokam Aa Velugu Korake Vechimdi,,2,1,1,full,christmas,Christmas,,https://waytochurch.com/lyrics/song/595
00596-chalina-devudavu-yesu-chalina-devuda-nivu.json,596,Chalina Devudavu Yesu Chalina Devuda Nivu,Bro  Akumarthi Daniel,3,1,1,full,"Manchi Devudu, worship",,,https://waytochurch.com/lyrics/song/596
00597-chirunagavu-momu.json,597,Chirunagavu Momu,Ashirvad Luke,2,1,1,full,"velugu, praise worship",,unbroken-lines,https://waytochurch.com/lyrics/song/597
00599-chudalani-undi-yesuni-cheralani.json,599,Chudalani Undi Yesuni Cheralani,,2,1,1,full,,,unbroken-lines,https://waytochurch.com/lyrics/song/599
00601-dahamu-gonnavaralara.json,601,Dahamu Gonnavaralara,,3,1,1,full,,,,https://waytochurch.com/lyrics/song/601
00602-deyyama-daivama-deyyama-daivama-telusuko-nestama.json,602,Deyyama Daivama Deyyama Daivama Telusuko Nestama,Bro  PD Sundar Rao,2,1,1,full,Collection of BOUI,,unbroken-lines,https://waytochurch.com/lyrics/song/602
00603-deva-nikemittunu-e-dinuralanu-asahayuralanu.json,603,Deva Nikemittunu E Dinuralanu Asahayuralanu,Bro  John Wesley,2,1,1,full,"Tejo Sampannudaa, worship",,,https://waytochurch.com/lyrics/song/603
00604-devudamte-nikishtama.json,604,Devudamte Nikishtama,,2,1,1,full,,,unbroken-lines,https://waytochurch.com/lyrics/song/604
00608-song.json,608,తేజో మహా ప్రకాశ ప్రధాత శతకోట,,3,0,0,full,,,title-telugu-only,https://waytochurch.com/lyrics/song/608
00609-emta-mamchi-devudavayya-2-chimta.json,609,Emta Mamchi Devudavayya (2) Chimta,,3,1,1,full,,,,https://waytochurch.com/lyrics/song/609
00611-gurileni-bratukidi-daricherchava-na-prabu.json,611,Gurileni Bratukidi Daricherchava Na Prabu,,3,1,1,full,,,,https://waytochurch.com/lyrics/song/611
00616-chalina-devudavu-yesu-chalina-devuda.json,616,Chalina Devudavu Yesu Chalina Devuda,,3,1,1,full,,,,https://waytochurch.com/lyrics/song/616
00617-chalu-naku-yesu-chalu-2.json,617,Chalu Naku Yesu Chalu (2),,2,1,1,full,,,,https://waytochurch.com/lyrics/song/617
00618-chalunayya-ni-krupa-naku-chalunayya.json,618,Chalunayya Ni Krupa Naku Chalunayya,,2,2,2,full,,,unbroken-lines,https://waytochurch.com/lyrics/song/618
00621-chirakala-snehituda-na-hrudayana-sannihituda.json,621,Chirakala Snehituda Na Hrudayana Sannihituda,,3,1,1,full,,,unbroken-lines,https://waytochurch.com/lyrics/song/621
00622-chirudipamalle-veligimdi-lokam-aa-velugu.json,622,Chirudipamalle Veligimdi Lokam Aa Velugu,,2,1,1,full,,,,https://waytochurch.com/lyrics/song/622
00623-chirunagavu-momu-toda-bava-divya.json,623,Chirunagavu Momu Toda Bava Divya,,2,1,1,full,,,unbroken-lines,https://waytochurch.com/lyrics/song/623
00624-chudalani-undi-yesuni-cheralani-umdi.json,624,Chudalani Undi Yesuni Cheralani Umdi,,2,1,1,full,,,unbroken-lines,https://waytochurch.com/lyrics/song/624
00625-dahamu-gonnavaralara-dahamu-tirchukonamdi-devude.json,625,Dahamu Gonnavaralara Dahamu Tirchukonamdi Devudese,,3,1,1,full,,,,https://waytochurch.com/lyrics/song/625
00626-daivanirnayam-e-parinayam-ramaniyam-atimadhuram.json,626,Daivanirnayam E Parinayam Ramaniyam Atimadhuram,Dr A R Stevenson,2,1,1,full,Kalyaname Vaibhogam,Marriage,,https://waytochurch.com/lyrics/song/626
00628-deva-nikemittunu-e-dinuralanu-asahayuralanu.json,628,Deva Nikemittunu E Dinuralanu Asahayuralanu,,2,1,1,full,,,,https://waytochurch.com/lyrics/song/628
00630-devudamte-nikishtama-e-kashtanikaina-siddhama.json,630,Devudamte Nikishtama E Kashtanikaina Siddhama,,2,1,1,full,,,unbroken-lines,https://waytochurch.com/lyrics/song/630
00631-devude-kanipimchi-nikemi-kavalani-adigite.json,631,Devude Kanipimchi Nikemi Kavalani Adigite,,2,1,1,full,,,unbroken-lines,https://waytochurch.com/lyrics/song/631
00632-devudevaru-devudevarani-samdeham-valadu-i.json,632,Devudevaru? Devudevarani Samdeham Valadu I,,2,1,1,full,,,unbroken-lines,https://waytochurch.com/lyrics/song/632
00634-devudu-mapakshamuna-umdaga-maku-virodi.json,634,Devudu Mapakshamuna Umdaga Maku Virodi,,2,1,1,full,,,unbroken-lines,https://waytochurch.com/lyrics/song/634
00635-devuni-premalo-konasaguma-o-sodara.json,635,Devuni Premalo Konasaguma O Sodara!,,2,1,1,full,,,unbroken-lines,https://waytochurch.com/lyrics/song/635
00637-devuni-sannidhilo-sampurna-samtosham-a.json,637,Devuni Sannidhilo Sampurna Samtosham A,,2,1,1,full,,,unbroken-lines,https://waytochurch.com/lyrics/song/637
00641-deyyama-daivama-telusuko-nestama-dehamlo.json,641,Deyyama? Daivama? Telusuko Nestama Dehamlo,,2,1,1,full,,,unbroken-lines,https://waytochurch.com/lyrics/song/641
00643-dhyanimchumu-divaratramu-devuni-dharma-sastramu.json,643,Dhyanimchumu Divaratramu Devuni Dharma Sastramu,,2,1,1,full,,,unbroken-lines,https://waytochurch.com/lyrics/song/643
00645-e-parinaya-subavela-svagatam-nava.json,645,E Parinaya Subavela Svagatam Nava,Dr A R Stevenson,2,1,1,full,"Parinaya Swaraalu, Singers: Dr. A. R. Stevenson & Surekha",Marriage,unbroken-lines,https://waytochurch.com/lyrics/song/645
00646-e-sati-leni-yesuni-prema.json,646,E Sati Leni Yesuni Prema,,3,1,1,full,,,unbroken-lines,https://waytochurch.com/lyrics/song/646
00652-ennelo-ennela-kannullo-ennela-yesayyanu.json,652,Ennelo Ennela Kannullo Ennela Yesayyanu,,4,1,1,full,,,,https://waytochurch.com/lyrics/song/652
00653-ennirojulaguno-yesuni-suvarta-anni-desamulaku.json,653,Ennirojulaguno Yesuni Suvarta Anni Desamulaku,,0,1,1,full,,,unbroken-lines,https://waytochurch.com/lyrics/song/653
00654-enta-ascharyakarudo-yanna-emchalemu-ma.json,654,Enta Ascharyakarudo Yanna Emchalemu Ma,,4,1,1,full,,,unbroken-lines,https://waytochurch.com/lyrics/song/654
00660-garbapalamu-devudichchu-bahumanam-kumarulu-yohov.json,660,Garbapalamu Devudichchu Bahumanam Kumarulu Yohova,,2,1,1,full,,,unbroken-lines,https://waytochurch.com/lyrics/song/660
00661-giladulo-guggilamu-leda-ekkada-e.json,661,Giladulo Guggilamu Leda Ekkada E,,2,1,1,full,,,,https://waytochurch.com/lyrics/song/661
00663-guriyoddake-parugiduchumtini-kristuni-piluputo-b.json,663,Guriyoddake Parugiduchumtini Kristuni Piluputo Bahumanamu,,3,1,1,full,,,unbroken-lines,https://waytochurch.com/lyrics/song/663
00669-jagela-yuvaka-ravela-tvaraga-niraka.json,669,Jagela Yuvaka Ravela Tvaraga Niraka,,2,1,1,full,,,unbroken-lines,https://waytochurch.com/lyrics/song/669
00670-janimche-nedu-divya-baludu-nijambu.json,670,Janimche Nedu Divya Baludu Nijambu,,3,1,1,full,,,,https://waytochurch.com/lyrics/song/670
00672-jaya-raju-yesu-jamda-krimda.json,672,Jaya Raju Yesu Jamda Krimda,,3,1,1,full,,,,https://waytochurch.com/lyrics/song/672
00673-jayahe.json,673,Jayahe,,5,3,3,full,,Easter,unbroken-lines,https://waytochurch.com/lyrics/song/673
00674-jayahe-kristesu-prabuvuke-jayahe-raraju.json,674,Jayahe Kristesu Prabuvuke Jayahe Raraju,,4,1,1,full,,Easter,unbroken-lines,https://waytochurch.com/lyrics/song/674
00676-jayasiluda-ma-yesayya-jivimchu-vada.json,676,Jayasiluda Ma Yesayya Jivimchu Vada,,3,1,1,full,,Easter,unbroken-lines,https://waytochurch.com/lyrics/song/676
00678-jivita-yatralo-nadu-guri-nivega.json,678,Jivita Yatralo Nadu Guri Nivega,,2,1,1,full,,,unbroken-lines,https://waytochurch.com/lyrics/song/678
00681-jo-lali-2-bala-yesu.json,681,Jo Lali (2) Bala Yesu,,2,2,2,full,,,unbroken-lines,https://waytochurch.com/lyrics/song/681
00682-jo-lali-jo-mariyatanayuda-jo.json,682,Jo Lali Jo Mariyatanayuda Jo,,2,1,1,full,,,unbroken-lines,https://waytochurch.com/lyrics/song/682
00685-kadavari-dinamulalo-ravali-ujjivam-yesuni.json,685,Kadavari Dinamulalo Ravali Ujjivam Yesuni,,2,1,1,full,,,unbroken-lines,https://waytochurch.com/lyrics/song/685
00686-kalalo-aa-ratri-madilo-uhalalo.json,686,Kalalo Aa Ratri Madilo Uhalalo,,2,1,1,full,,,unbroken-lines,https://waytochurch.com/lyrics/song/686
00688-kalvari-svaramu-ni-korake-sumadhura.json,688,Kalvari Svaramu Ni Korake Sumadhura,,3,1,1,full,,Good Friday,unbroken-lines,https://waytochurch.com/lyrics/song/688
00689-kalvarigiripai-siluva-baramu-barimchitiva-o.json,689,Kalvarigiripai Siluva Baramu Barimchitiva O,,3,1,1,full,,Good Friday,unbroken-lines,https://waytochurch.com/lyrics/song/689
00691-kalyaname-vaibogam-kamaniya-kamtula-dipam.json,691,Kalyaname Vaibogam Kamaniya Kamtula Dipam,,3,1,1,full,,Marriage,,https://waytochurch.com/lyrics/song/691
00693-kanipimchadaye-kanuchupulona-oka-asa-na.json,693,Kanipimchadaye Kanuchupulona Oka Asa Na,,2,1,1,full,,,,https://waytochurch.com/lyrics/song/693
00694-kannititho-padaalane-kadigina-naa-hrudhayamunu.json,694,Kannititho Padaalane Kadigina Naa Hrudhayamunu,,2,1,1,full,,,unbroken-lines,https://waytochurch.com/lyrics/song/694
00696-kanumuyaka-mumde-telusuko-o-nijanni.json,696,Kanumuyaka Mumde Telusuko O Nijanni,,2,1,1,full,,,unbroken-lines,https://waytochurch.com/lyrics/song/696
00698-kirtaniyuda-na-shalemu-raja-vadhimpabadina.json,698,Kirtaniyuda Na Shalemu Raja Vadhimpabadina,,2,1,1,full,,,unbroken-lines,https://waytochurch.com/lyrics/song/698
00699-koti-kiranamula-kamtini-mimchina-samtivi.json,699,Koti Kiranamula Kamtini Mimchina Samtivi,,2,1,1,full,,,unbroken-lines,https://waytochurch.com/lyrics/song/699
00700-kristu-mahimake-ma-pranam-ma.json,700,Kristu Mahimake Ma Pranam Ma,,2,1,1,full,,,unbroken-lines,https://waytochurch.com/lyrics/song/700
00701-kristu-nedu-puttene-rakshana-dorikene.json,701,Kristu Nedu Puttene Rakshana Dorikene,,2,1,1,full,,Christmas,unbroken-lines,https://waytochurch.com/lyrics/song/701
00702-kristu-virodhulapai-simhagarjana-krestavude-chey.json,702,Kristu Virodhulapai Simhagarjana Krestavude Cheyyali,,2,1,1,full,,,unbroken-lines,https://waytochurch.com/lyrics/song/702
00704-madhuram-amaram-ni-prema-yesu.json,704,Madhuram Amaram Ni Prema Yesu,,2,1,1,full,,,unbroken-lines,https://waytochurch.com/lyrics/song/704
00709-mahimonnatudu-mahimanvitudu-maranam-gelchina-mru.json,709,Mahimonnatudu Mahimanvitudu Maranam Gelchina Mrutyumjayudu,,2,1,1,full,,,unbroken-lines,https://waytochurch.com/lyrics/song/709
00710-manasunna-mamchideva-ni-manasunu-nakichchava.json,710,Manasunna Mamchideva Ni Manasunu Nakichchava,,3,1,1,full,,,unbroken-lines,https://waytochurch.com/lyrics/song/710
00711-manavuda-karanajanmuda-ni-janmaku-karanamumdi.json,711,Manavuda Karanajanmuda? Ni Janmaku Karanamumdi,,2,1,1,full,,,unbroken-lines,https://waytochurch.com/lyrics/song/711
00712-manishi-o-manishi-o-manishi.json,712,Manishi O Manishi O Manishi,,3,1,1,full,,,unbroken-lines,https://waytochurch.com/lyrics/song/712
00714-margam-satyam-jivam-kristesani-chateddam.json,714,Margam Satyam Jivam Kristesani Chateddam,,0,1,1,full,,,unbroken-lines,https://waytochurch.com/lyrics/song/714
00716-matadu-na-prabuva-nato-matadu.json,716,Matadu Na Prabuva Nato Matadu,,2,1,1,full,,,,https://waytochurch.com/lyrics/song/716
00717-mattivira-vattivira-mannuvura-mannavura-kayamu.json,717,Mattivira Vattivira Mannuvura Mannavura Kayamu,,6,1,1,full,,,,https://waytochurch.com/lyrics/song/717
00718-mayalokam-telusuko-idi-mayalokam-premalokam.json,718,Mayalokam Telusuko Idi Mayalokam Premalokam,,2,1,1,full,,,unbroken-lines,https://waytochurch.com/lyrics/song/718
00720-mene-tekel-uparsin-mene-tekel.json,720,Mene Tekel Uparsin Mene Tekel,,2,1,1,full,,,,https://waytochurch.com/lyrics/song/720
00721-na-asha-nito-umdalani-na.json,721,Na Asha Nito Umdalani Na,,2,1,1,full,,,unbroken-lines,https://waytochurch.com/lyrics/song/721
00723-na-hrudayamu-vimtaga-marenu-3.json,723,Na Hrudayamu Vimtaga Marenu (3),,4,1,1,full,,,,https://waytochurch.com/lyrics/song/723
00730-na-padamulaku-dipam-na-trovalaku.json,730,Na Padamulaku Dipam Na Trovalaku,,2,1,1,full,,,unbroken-lines,https://waytochurch.com/lyrics/song/730
00732-na-prana-priyuda-na-yesu.json,732,Na Prana Priyuda Na Yesu,,2,1,1,full,,,,https://waytochurch.com/lyrics/song/732
00733-na-pranam-na-sarvam-amtaramgamuna.json,733,Na Pranam Na Sarvam Amtaramgamuna,,2,1,1,full,,,,https://waytochurch.com/lyrics/song/733
00734-na-prananiki-pranam-nive-yesayya.json,734,Na Prananiki Pranam Nive Yesayya.,,2,1,1,full,,,unbroken-lines,https://waytochurch.com/lyrics/song/734
00735-na-priya-yesu-raja-aduko.json,735,Na Priya Yesu Raja Aduko,,3,1,1,full,,,,https://waytochurch.com/lyrics/song/735
00736-na-priyudu-na-snehitudu-ati.json,736,Na Priyudu Na Snehitudu Ati,,3,1,1,full,,,,https://waytochurch.com/lyrics/song/736
00737-na-raja-na-deva-stotra.json,737,Na Raja Na Deva Stotra,,2,1,1,full,,,unbroken-lines; stanza-count-mismatch te=0 en=2,https://waytochurch.com/lyrics/song/737
00738-na-vedanalo-vedakitini-sriyesuni-padalanu.json,738,Na Vedanalo Vedakitini Sriyesuni Padalanu,,2,1,1,full,,,,https://waytochurch.com/lyrics/song/738
00741-na-yesuni-sannidhilone-na-jivitam.json,741,Na Yesuni Sannidhilone Na Jivitam,,2,1,1,full,,,unbroken-lines,https://waytochurch.com/lyrics/song/741
00742-nadi-amtu-vadulata-nikemduku-edinidi.json,742,Nadi Amtu Vadulata Nikemduku Edinidi,,3,1,1,full,,,unbroken-lines,https://waytochurch.com/lyrics/song/742
00747-naku-jivamainayunna-na-jivama-naku.json,747,Naku Jivamainayunna Na Jivama Naku,,2,1,1,full,,,unbroken-lines,https://waytochurch.com/lyrics/song/747
00748-nalo-ninnu-chudani-nito-bratuku.json,748,Nalo Ninnu Chudani Nito Bratuku,,2,1,1,full,,,,https://waytochurch.com/lyrics/song/748
00749-nalona-anuvanuvuna-nivani-nilona-nannu.json,749,Nalona Anuvanuvuna Nivani Nilona Nannu,,3,1,1,full,,,unbroken-lines,https://waytochurch.com/lyrics/song/749
00750-naloni-asha-jyoti-nive-na.json,750,Naloni Asha Jyoti Nive Na,,2,1,1,full,,,,https://waytochurch.com/lyrics/song/750
00751-nammavaddu-e-mayalokam-nammavaddu-idi.json,751,Nammavaddu E Mayalokam Nammavaddu Idi,,6,1,1,full,,,,https://waytochurch.com/lyrics/song/751
00752-nammi-manushyulanu-nivu-nammi-palumarlu.json,752,Nammi Manushyulanu Nivu Nammi Palumarlu,,3,1,1,full,,,unbroken-lines,https://waytochurch.com/lyrics/song/752
00755-nannu-vidipimchina-nannu-rakshimchina-nannu.json,755,Nannu Vidipimchina Nannu Rakshimchina Nannu,,2,1,1,full,,,unbroken-lines,https://waytochurch.com/lyrics/song/755
00756-nanu-premimchina-yesayya-ninnu-nenu.json,756,Nanu Premimchina Yesayya Ninnu Nenu,,3,1,1,full,,,,https://waytochurch.com/lyrics/song/756
00760-navanni-amgikarimchumi-deva-nannepudu-nivu.json,760,Navanni Amgikarimchumi Deva Nannepudu Nivu,,8,1,1,full,,,,https://waytochurch.com/lyrics/song/760
00761-nedo-repo-yesu-rakada-kalam.json,761,Nedo Repo Yesu Rakada Kalam,,2,1,1,full,,,unbroken-lines,https://waytochurch.com/lyrics/song/761
00762-neela-lerevvaru-neeku-satevvaru-maha.json,762,Neela Lerevvaru Neeku Satevvaru Maha,,2,1,1,full,,,unbroken-lines,https://waytochurch.com/lyrics/song/762
00763-neeve-na-akarshana-neeve-na.json,763,Neeve Na Akarshana Neeve Na,,2,1,1,full,,,unbroken-lines,https://waytochurch.com/lyrics/song/763
00765-nenemdukani-ni-sottuga-maritini-yesayya.json,765,Nenemdukani Ni Sottuga Maritini Yesayya,,3,1,1,full,,,unbroken-lines,https://waytochurch.com/lyrics/song/765
00767-neraverugurutu-lavi-yanniyu-paripurnamaye-kalamb.json,767,Neraverugurutu Lavi Yanniyu Paripurnamaye Kalambunu,,4,1,1,full,,,,https://waytochurch.com/lyrics/song/767
00769-ni-madhilo-nanu-talachu.json,769,Ni. . .madhilo Nanu Talachu,,3,1,1,full,,,,https://waytochurch.com/lyrics/song/769
00770-ni-aradhana-hrudaya-alapana-atmato.json,770,Ni Aradhana Hrudaya Alapana Atmato,,2,1,1,full,,,,https://waytochurch.com/lyrics/song/770
00772-ni-devudedamchu-nannaduguchunnaru-ekkadunnavani-.json,772,Ni Devudedamchu Nannaduguchunnaru Ekkadunnavani Cheppanu,,4,1,1,full,,,unbroken-lines,https://waytochurch.com/lyrics/song/772
00774-ni-kashtalanni-badhalanni-sramalanni-tirche.json,774,Ni Kashtalanni Badhalanni Sramalanni Tirche,,2,1,1,full,,,unbroken-lines,https://waytochurch.com/lyrics/song/774
00776-ni-matalato-na-bratuku-bratikistavani.json,776,Ni Matalato Na Bratuku Bratikistavani,,0,1,1,full,,,unbroken-lines,https://waytochurch.com/lyrics/song/776
00777-ni-mukamu-manoharamu-ni-svaramu.json,777,Ni Mukamu Manoharamu Ni Svaramu,,3,1,1,full,,,,https://waytochurch.com/lyrics/song/777
00778-ni-namamu-parisuddhabadilo-diddi-nerchuta.json,778,Ni Namamu Parisuddhabadilo Diddi Nerchuta,,2,1,1,full,,,,https://waytochurch.com/lyrics/song/778
00779-ni-namamune-koniyadedanu-ni-sannidhilo.json,779,Ni Namamune Koniyadedanu Ni Sannidhilo,,2,1,1,full,,,unbroken-lines,https://waytochurch.com/lyrics/song/779
00780-ni-prema-ni-karuna.json,780,Ni Prema. . Ni Karuna.,,3,1,1,full,,,unbroken-lines,https://waytochurch.com/lyrics/song/780
00781-ni-premaye-naku-chalu-nitodu.json,781,Ni Premaye Naku Chalu Nitodu,,2,1,1,full,,,unbroken-lines,https://waytochurch.com/lyrics/song/781
00782-ni-rajyam-sasvata-rajyam-ni.json,782,Ni Rajyam Sasvata Rajyam Ni,,2,1,1,full,,,unbroken-lines,https://waytochurch.com/lyrics/song/782
00784-ni-vanti-varu-evaru-e.json,784,Ni Vanti Varu Evaru E,,3,1,1,full,,,unbroken-lines,https://waytochurch.com/lyrics/song/784
00785-ni-vunte-chalu-ni-vumte.json,785,Ni Vunte Chalu Ni Vumte,,5,1,1,full,,,unbroken-lines,https://waytochurch.com/lyrics/song/785
00787-nijamaina-devudu-ennadu-viduvadu-cheyi.json,787,Nijamaina Devudu Ennadu Viduvadu Cheyi,,3,1,1,full,,,,https://waytochurch.com/lyrics/song/787
00788-nikanna-lokana-na-kevarunnarayya-nakunna.json,788,Nikanna Lokana Na Kevarunnarayya Nakunna,,4,1,1,full,,,,https://waytochurch.com/lyrics/song/788
00789-nikkamura-lokamu-cheddadira-takshaname-meluko.json,789,Nikkamura Lokamu Cheddadira Takshaname Meluko,,2,1,1,full,,,unbroken-lines,https://waytochurch.com/lyrics/song/789
00790-nikunna-baramamta-prabupai-numchu-kalavara.json,790,Nikunna Baramamta Prabupai Numchu Kalavara,,6,1,1,full,,,,https://waytochurch.com/lyrics/song/790
00791-nimdu-manasuto-ninnu-premimtunu-na.json,791,Nimdu Manasuto Ninnu Premimtunu Na,,2,1,1,full,,,unbroken-lines,https://waytochurch.com/lyrics/song/791
00792-nimgiloni-chamduruda-mamdagache-imduruda-nimdale.json,792,Nimgiloni Chamduruda Mamdagache Imduruda Nimdaleni,,3,2,1,full,,,unbroken-lines,https://waytochurch.com/lyrics/song/792
00794-ninne-premimtunu-ne-venutiruga-ni.json,794,Ninne Premimtunu Ne Venutiruga Ni,,8,1,1,full,,Faith,stanza-count-mismatch te=4 en=8,https://waytochurch.com/lyrics/song/794
00795-ninne-vedakeda-nikai-bradikeda-yesuto.json,795,Ninne Vedakeda Nikai Bradikeda Yesuto,,2,1,1,full,,,unbroken-lines,https://waytochurch.com/lyrics/song/795
00796-ninnu-chudali-neeto-nadavali-mataladali.json,796,Ninnu Chudali Neeto Nadavali Mataladali,,2,1,1,full,,,unbroken-lines,https://waytochurch.com/lyrics/song/796
00799-niti-nyayamulu-premimchuvadu-na-yesu.json,799,Niti Nyayamulu Premimchuvadu Na Yesu,,3,1,1,full,,,,https://waytochurch.com/lyrics/song/799
00801-nitiyuta-yodda-natabaditimi-verutanni-edigi.json,801,Nitiyuta Yodda Natabaditimi Verutanni Edigi,,3,1,1,full,,,,https://waytochurch.com/lyrics/song/801
00802-nitone-anamdam-nilone-atisayam-2.json,802,Nitone Anamdam Nilone Atisayam (2),,2,1,1,full,,,unbroken-lines,https://waytochurch.com/lyrics/song/802
00803-nive-chalayya-yesu-nive-chalayya.json,803,Nive Chalayya Yesu Nive Chalayya,,2,1,1,full,,Thanks Giving,unbroken-lines,https://waytochurch.com/lyrics/song/803
00807-o-ho-o-o-hailessa.json,807,O. .Ho. .O. .O Hailessa.,,2,1,1,full,,,unbroken-lines,https://waytochurch.com/lyrics/song/807
00808-o-nestama-e-subavarta-teliyuna.json,808,O Nestama E Subavarta Teliyuna,,2,1,1,full,,,unbroken-lines,https://waytochurch.com/lyrics/song/808
00809-o-oho-kraistavuda-ohoho-visvasi.json,809,O Oho Kraistavuda Ohoho Visvasi,,2,1,1,full,,,unbroken-lines,https://waytochurch.com/lyrics/song/809
00810-o-pemdli-varuda-o-pemdli.json,810,O Pemdli Varuda O Pemdli,,2,1,1,full,,,unbroken-lines,https://waytochurch.com/lyrics/song/810
00812-o-priya-navika-na-jivitam.json,812,O Priya Navika Na Jivitam,,2,1,1,full,,,,https://waytochurch.com/lyrics/song/812
00813-o-priya-yuvaka-nammaku-ni.json,813,O Priya Yuvaka Nammaku Ni,,3,1,1,full,,,unbroken-lines,https://waytochurch.com/lyrics/song/813
00815-padamule-chalunu-papalokamulo-nakemi-valadu.json,815,Padamule Chalunu Papalokamulo Nakemi Valadu,,3,1,1,full,,,,https://waytochurch.com/lyrics/song/815
00816-padeda-nenoka-nutana-gitam-padeda.json,816,Padeda Nenoka Nutana Gitam Padeda,,2,1,1,full,,,,https://waytochurch.com/lyrics/song/816
00817-pai-numdi-digivachche-yerushalema-ni.json,817,Pai Numdi Digivachche Yerushalema Ni,,2,1,1,full,,,unbroken-lines,https://waytochurch.com/lyrics/song/817
00820-paramagitam-padana-prabuni-premanu-pogadana.json,820,Paramagitam Padana Prabuni Premanu Pogadana,,2,1,1,full,,,unbroken-lines,https://waytochurch.com/lyrics/song/820
00822-podamu-payanamodamu-suvarta-cheppa-podamu.json,822,Podamu Payanamodamu Suvarta Cheppa Podamu,,3,1,1,full,,,,https://waytochurch.com/lyrics/song/822
00823-prabu-namam-na-asrayame-ayananu.json,823,Prabu Namam Na Asrayame Ayananu,,4,1,1,full,,,,https://waytochurch.com/lyrics/song/823
00825-prabuni-stutimpa-parugidi-rava-pranutimpaganu.json,825,Prabuni Stutimpa Parugidi Rava Pranutimpaganu,,2,1,1,full,,,,https://waytochurch.com/lyrics/song/825
00829-prardhana-vinedi-pavanuda-prardhana-maku.json,829,Prardhana Vinedi Pavanuda Prardhana Maku,,4,1,1,full,,,,https://waytochurch.com/lyrics/song/829
00831-prema-na-yesuni-prema-na.json,831,Prema Na Yesuni Prema Na,,0,1,1,full,,,unbroken-lines,https://waytochurch.com/lyrics/song/831
00833-premaleni-lokama-prema-erugani-janama.json,833,Premaleni Lokama Prema Erugani Janama,,2,1,1,full,,,unbroken-lines,https://waytochurch.com/lyrics/song/833
00834-premapanche-gunamenidani-prana-mich.json,834,Premapanche Gunamenidani Prana Mich,"Philip , Sharon, Music: Bro  J K Christopher",2,1,1,full,Tholakari Vaana,Gods Power,unbroken-lines,https://waytochurch.com/lyrics/song/834
00835-premimchavu-nannu-poshimchavu-nakai-siluvapai.json,835,Premimchavu Nannu Poshimchavu Nakai Siluvapai,,2,1,1,full,,,unbroken-lines,https://waytochurch.com/lyrics/song/835
00842-randi-yesu-pilichenu-atmarakshan-pomdaganu.json,842,Randi Yesu Pilichenu Atmarakshan Pomdaganu,,3,1,1,full,,,,https://waytochurch.com/lyrics/song/842
00844-randi-yutsahimchi-padudumu-rakshana-durgamu.json,844,Randi Yutsahimchi Padudumu Rakshana Durgamu,,5,1,1,full,,,,https://waytochurch.com/lyrics/song/844
00845-ravayya-yesunadha-ma-rakshana-margamu.json,845,Ravayya Yesunadha Ma Rakshana Margamu,,4,1,1,full,,,,https://waytochurch.com/lyrics/song/845
00850-sageti-e-jiva-yatraloregeti-penu.json,850,Sageti E Jiva Yatraloregeti Penu,,2,1,1,full,,,unbroken-lines,https://waytochurch.com/lyrics/song/850
00853-sakala-sastralanu-adhigamimchina-ni-vakyame.json,853,Sakala Sastralanu Adhigamimchina Ni Vakyame,,3,1,1,full,,,,https://waytochurch.com/lyrics/song/853
00856-sampurnamaina-ni-krupa-sasvatamainadi-ni.json,856,Sampurnamaina Ni Krupa Sasvatamainadi Ni,,2,1,1,full,,,unbroken-lines,https://waytochurch.com/lyrics/song/856
00859-sarva-krupanidhiyagu-prabuva-sakala-charachara.json,859,Sarva Krupanidhiyagu Prabuva Sakala Charachara,,3,1,1,full,,,unbroken-lines,https://waytochurch.com/lyrics/song/859
00863-sasvatamaina-premaku-patruni-chesi-nityudavagu.json,863,Sasvatamaina Premaku Patruni Chesi Nityudavagu,,2,1,1,full,,,unbroken-lines,https://waytochurch.com/lyrics/song/863
00864-satyamunaku-mem-sakshulamu-kristuku-memu.json,864,Satyamunaku Mem Sakshulamu Kristuku Memu,,2,1,1,full,,,unbroken-lines,https://waytochurch.com/lyrics/song/864
00865-sharonu-vanamulo-pusina-pushpamai-loyalalo.json,865,Sharonu Vanamulo Pusina Pushpamai Loyalalo,,3,1,1,full,,,unbroken-lines,https://waytochurch.com/lyrics/song/865
00866-siluva-yodhulam-siluva-yodhulam-kristu.json,866,Siluva Yodhulam Siluva Yodhulam Kristu,,2,1,1,full,,,unbroken-lines,https://waytochurch.com/lyrics/song/866
00872-simhasanasinuda-yuda-gotrapu-simhama-davidu.json,872,Simhasanasinuda Yuda Gotrapu Simhama Davidu,,3,1,1,full,,,unbroken-lines; stanza-count-mismatch te=2 en=3,https://waytochurch.com/lyrics/song/872
00873-sri-yesu-nidu-namamamdu-arpimchina.json,873,Sri Yesu Nidu Namamamdu Arpimchina,,3,1,1,full,,,unbroken-lines,https://waytochurch.com/lyrics/song/873
00878-stuti-aradhana-parisuddunake-jivadhipatiyaina-ye.json,878,Stuti Aradhana Parisuddunake Jivadhipatiyaina Yesunake,,0,1,1,full,,,unbroken-lines,https://waytochurch.com/lyrics/song/878
00879-stuti-naivedyam-amduko-yesayya-stuti.json,879,Stuti Naivedyam Amduko Yesayya Stuti,,2,1,1,full,,,unbroken-lines,https://waytochurch.com/lyrics/song/879
00882-stutiki-patruda-stotrarhuda-ganata-nikenaya.json,882,Stutiki Patruda Stotrarhuda Ganata Nikenaya,,2,1,1,full,,,unbroken-lines,https://waytochurch.com/lyrics/song/882
00883-stutiyu-ganatayu-mahima-niratamu-yesuke.json,883,Stutiyu Ganatayu Mahima Niratamu Yesuke,,2,1,1,full,,,unbroken-lines,https://waytochurch.com/lyrics/song/883
00888-talli-marachina-maruvani-deva-tamdri.json,888,Talli Marachina Maruvani Deva Tamdri,,2,1,1,full,,,unbroken-lines,https://waytochurch.com/lyrics/song/888
00890-tambura-nada-svaramulatoda-taguvidini-nenu.json,890,Tambura Nada Svaramulatoda Taguvidini Nenu,,3,1,1,full,,,,https://waytochurch.com/lyrics/song/890
00891-tamdri-kumara-suddhatmuda-triyeka-devuda.json,891,Tamdri Kumara Suddhatmuda Triyeka Devuda,,0,1,1,full,,,unbroken-lines,https://waytochurch.com/lyrics/song/891
00892-tamdri-parama-tamdri-nive-ma.json,892,Tamdri Parama Tamdri Nive Ma,,2,1,1,full,,,unbroken-lines,https://waytochurch.com/lyrics/song/892
00894-tejassambamdhulara-kristuni-dharimchukonudi-vija.json,894,Tejassambamdhulara Kristuni Dharimchukonudi Vijayuluga Yilalo,,3,1,1,full,,,unbroken-lines,https://waytochurch.com/lyrics/song/894
00896-teniyakamtenu-yesuni-namam-divyamadhuramaunu-niv.json,896,Teniyakamtenu Yesuni Namam Divyamadhuramaunu Nivu,,5,1,1,full,,,,https://waytochurch.com/lyrics/song/896
00898-tupanu-vichina-vela-alajadi-regina.json,898,Tupanu Vichina Vela Alajadi Regina,,2,1,1,full,,,unbroken-lines,https://waytochurch.com/lyrics/song/898
00899-udayimchinamdu-kristumdu-nemdu-udayimchinamdu-vi.json,899,Udayimchinamdu Kristumdu Nemdu Udayimchinamdu Viditayu,,2,1,1,full,,,unbroken-lines,https://waytochurch.com/lyrics/song/899
00900-uhaku-amdani-prema-na-yesu.json,900,Uhaku Amdani Prema Na Yesu,,2,1,1,full,,,unbroken-lines,https://waytochurch.com/lyrics/song/900
00901-uttamudani-devuni-ruchi-chuchi-yesuni.json,901,Uttamudani Devuni Ruchi Chuchi Yesuni,,3,1,1,full,,,unbroken-lines,https://waytochurch.com/lyrics/song/901
00905-viduvani-devuda-nive-ma-mamchi.json,905,Viduvani Devuda Nive Ma Mamchi,,2,1,1,full,,,unbroken-lines; stanza-count-mismatch te=0 en=2,https://waytochurch.com/lyrics/song/905
00907-viluvainadi-e-jivitam-anni-velala.json,907,Viluvainadi E Jivitam Anni Velala,,0,1,1,full,,,unbroken-lines,https://waytochurch.com/lyrics/song/907
00908-vinayavidheyata-bakti-striki-alamkaram-yogyata.json,908,Vinayavidheyata Bakti Striki Alamkaram Yogyata,,2,1,1,full,,,unbroken-lines,https://waytochurch.com/lyrics/song/908
00910-yavvana-kraistava-janama-kristuni-premanu.json,910,Yavvana Kraistava Janama Kristuni Premanu,,3,1,1,full,,,,https://waytochurch.com/lyrics/song/910
00912-yehova-na-mora-lalichenu-dana.json,912,Yehova Na Mora Lalichenu Dana,,5,1,1,full,,,,https://waytochurch.com/lyrics/song/912
00916-yesayya-nanu-korukunna-nijasnehituda-ni.json,916,Yesayya! Nanu Korukunna Nijasnehituda Ni,,3,1,1,full,,,unbroken-lines,https://waytochurch.com/lyrics/song/916
00917-yese-satyam-yese-nityam-yese.json,917,Yese Satyam Yese Nityam Yese,,2,1,1,full,,Praise Worship,,https://waytochurch.com/lyrics/song/917
00918-yesu-devuni-aradhikulam-venuka-chudani.json,918,Yesu Devuni Aradhikulam Venuka Chudani,,3,1,1,full,,,unbroken-lines,https://waytochurch.com/lyrics/song/918
00920-yesu-na-somtam-netiki-enatiki.json,920,Yesu Na Somtam Netiki Enatiki,,0,1,1,full,,,unbroken-lines,https://waytochurch.com/lyrics/song/920
00921-yesu-ni-krupalo-nanu-rakshimchitiva.json,921,Yesu Ni Krupalo Nanu Rakshimchitiva,,2,1,1,full,,,,https://waytochurch.com/lyrics/song/921
00923-yesu-sami-niku-nenu-na.json,923,Yesu Sami Niku Nenu Na,,4,1,1,full,,,unbroken-lines; stanza-count-mismatch te=3 en=4,https://waytochurch.com/lyrics/song/923
00924-yesu-varta-chatudam-rammu-o.json,924,Yesu Varta Chatudam Rammu O,,2,1,1,full,,,unbroken-lines,https://waytochurch.com/lyrics/song/924
00926-yesunadha-deva-vamdanalu-raja-vamdanalu.json,926,Yesunadha Deva Vamdanalu Raja Vamdanalu,,3,1,1,full,,,,https://waytochurch.com/lyrics/song/926
00927-yesunandhe-rakshana-manaku.json,927,Yesunandhe Rakshana Manaku,,8,1,1,full,,,stanza-count-mismatch te=8 en=6,https://waytochurch.com/lyrics/song/927
00930-yesuni-matalu-vimduva-ni-illu.json,930,Yesuni Matalu Vimduva Ni Illu,,2,1,1,full,,,unbroken-lines,https://waytochurch.com/lyrics/song/930
00931-yogyudavo-yesu-prabo-nive-yogyudavo.json,931,Yogyudavo Yesu Prabo Nive Yogyudavo,,3,1,1,full,,,,https://waytochurch.com/lyrics/song/931
00933-yuddhamu-yehovade-4.json,933,Yuddhamu Yehovade (4),,3,1,1,full,,,,https://waytochurch.com/lyrics/song/933
00934-yugamula-parvamtamu-stotramulakarhudu-jagamulane.json,934,Yugamula Parvamtamu Stotramulakarhudu Jagamulaneluchunna Janataika,,3,1,1,full,,,,https://waytochurch.com/lyrics/song/934
01791-aaraadhanalanduko.json,1791,Aaraadhanalanduko,,3,1,0,none,సీయోను గీతాలు,,no-english-lyrics; unbroken-lines; stanza-count-mismatch te=3 en=0,https://waytochurch.com/lyrics/song/1791
02370-mukti-dilaye-eeshu-naam.json,2370,Mukti Dilaye Eeshu Naam,,0,1,0,none,Telugu Best Collections,,no-english-lyrics; unbroken-lines,https://waytochurch.com/lyrics/song/2370
02387-nammi-nammi.json,2387,Nammi Nammi,,0,5,0,none,Telugu Best Collections,,no-english-lyrics; unbroken-lines,https://waytochurch.com/lyrics/song/2387
02389-naa-jayamu-koorina-dheva.json,2389,Naa Jayamu Koorina Dheva,,0,3,0,none,Telugu Best Collections,,no-english-lyrics; unbroken-lines,https://waytochurch.com/lyrics/song/2389
02391-thallikunnadhaa-thandrikunnadhaa.json,2391,Thallikunnadhaa Thandrikunnadhaa,,0,4,0,none,Telugu Best Collections,,no-english-lyrics; unbroken-lines,https://waytochurch.com/lyrics/song/2391
02403-aaraadhanalandhuko.json,2403,Aaraadhanalandhuko,,0,1,0,none,Telugu Best Collections,,no-english-lyrics; unbroken-lines,https://waytochurch.com/lyrics/song/2403
02410-rammu-rammu.json,2410,Rammu Rammu,,0,1,0,none,Telugu Best Collections,,no-english-lyrics; unbroken-lines,https://waytochurch.com/lyrics/song/2410
02422-edhenu-thotalo.json,2422,Edhenu Thotalo,,0,6,0,none,Telugu Best Collections,,no-english-lyrics; unbroken-lines,https://waytochurch.com/lyrics/song/2422
02427-endhukayya-yesaiah-nannu.json,2427,Endhukayya Yesaiah Nannu,,2,1,0,none,Telugu Best Collections,,no-english-lyrics; unbroken-lines; stanza-count-mismatch te=2 en=0,https://waytochurch.com/lyrics/song/2427
02431-o-kristhavuda-sinikuda.json,2431,O Kristhavuda Sinikuda,,8,1,0,none,Telugu Best Collections,,no-english-lyrics; unbroken-lines; stanza-count-mismatch te=8 en=0,https://waytochurch.com/lyrics/song/2431
02433-krupa-chetha-pilachinappude.json,2433,Krupa Chetha Pilachinappude,,3,2,0,none,Telugu Best Collections,,no-english-lyrics; stanza-count-mismatch te=3 en=0,https://waytochurch.com/lyrics/song/2433
02437-nee-naamame-naa-gaanamu.json,2437,Nee Naamame Naa Gaanamu,,4,1,0,none,Telugu Best Collections,,no-english-lyrics; unbroken-lines; stanza-count-mismatch te=4 en=0,https://waytochurch.com/lyrics/song/2437
02439-perupetti-pilachinaadu.json,2439,Perupetti Pilachinaadu,,4,1,0,none,Telugu Best Collections,,no-english-lyrics; unbroken-lines; stanza-count-mismatch te=4 en=0,https://waytochurch.com/lyrics/song/2439
02440-paadedham-halleluah.json,2440,Paadedham Halleluah,,3,1,0,none,Telugu Best Collections,,no-english-lyrics; unbroken-lines; stanza-count-mismatch te=3 en=0,https://waytochurch.com/lyrics/song/2440
02441-mahima-mahima-mana.json,2441,Mahima Mahima Mana,,4,1,0,none,Telugu Best Collections,,no-english-lyrics; stanza-count-mismatch te=4 en=0,https://waytochurch.com/lyrics/song/2441
02449-parishudha-janamutho.json,2449,Parishudha Janamutho,,2,1,0,none,Telugu Best Collections,,no-english-lyrics; unbroken-lines; stanza-count-mismatch te=2 en=0,https://waytochurch.com/lyrics/song/2449
02454-dhanaraasulunna-bhavanaalu.json,2454,Dhanaraasulunna Bhavanaalu,,2,1,0,none,Telugu Best Collections,,no-english-lyrics; unbroken-lines; stanza-count-mismatch te=2 en=0,https://waytochurch.com/lyrics/song/2454
02459-sathuva-bhoomilo.json,2459,Sathuva Bhoomilo,,2,1,0,none,Telugu Best Collections,,no-english-lyrics; unbroken-lines; stanza-count-mismatch te=2 en=0,https://waytochurch.com/lyrics/song/2459
02460-sthuthi-cheyute-kaadhu.json,2460,Sthuthi Cheyute Kaadhu,,2,1,0,none,Telugu Best Collections,,no-english-lyrics; unbroken-lines; stanza-count-mismatch te=2 en=0,https://waytochurch.com/lyrics/song/2460
02463-o-dheva-naa-yaatharalona.json,2463,O Dheva Naa Yaatharalona,,2,1,0,none,Telugu Best Collections,,no-english-lyrics; unbroken-lines; stanza-count-mismatch te=2 en=0,https://waytochurch.com/lyrics/song/2463
02470-nee-maat-naa-paata.json,2470,Nee Maat Naa Paata,,3,2,0,none,Telugu Best Collections,,no-english-lyrics; unbroken-lines; stanza-count-mismatch te=3 en=0,https://waytochurch.com/lyrics/song/2470
02474-emtha-praema-yemtha-praema-yem.json,2474,Emtha Praema Yemtha Praema Yem,,4,1,1,full,Andhra Kristava Keerthanalu,దేవుని ప్రేమ,,https://waytochurch.com/lyrics/song/2474
02477-naa-kaalagathu-levvi-naa-chaet.json,2477,Naa Kaalagathu Levvi Naa Chaet,పులిపాక జగన్నాధము,4,1,1,full,Andhra Kristava Keerthanalu,నీవే నా సహాయుడవు,,https://waytochurch.com/lyrics/song/2477
02478-naakaemi-kodhuva-naadhuaodumda.json,2478,Naakaemi Kodhuva Naadhuaodumda,ముంగమూరి దేవదాసు,11,1,1,full,Andhra Kristava Keerthanalu,యెహోవా నా కాపరి,,https://waytochurch.com/lyrics/song/2478
02479-yehoavaa-naa-kaapari-lae-maemi.json,2479,Yehoavaa Naa Kaapari Lae Maemi,సరెళ్ల సమూయేలు సుబ్బయ్య,7,1,1,full,Andhra Kristava Keerthanalu,యెహోవా నా కాపరి,,https://waytochurch.com/lyrics/song/2479
02481-yehoavaa-bhajana-chaeymdi-paap.json,2481,Yehoavaa Bhajana Chaeymdi Paap,యేసుదాసు నర్సయ్య,5,1,1,full,Andhra Kristava Keerthanalu,దైవారాధన,unbroken-lines,https://waytochurch.com/lyrics/song/2481
02482-koodikoni-yunnaamu-smgha-prabh.json,2482,Koodikoni Yunnaamu Smgha Prabh,పులిపాక జగన్నాధము,5,1,1,full,Andhra Kristava Keerthanalu,క్రైస్తవారాధన,unbroken-lines,https://waytochurch.com/lyrics/song/2482
02483-chooda-goaredha-dhaeva-mmdhira.json,2483,Chooda Goaredha Dhaeva Mmdhira,ఎం  జే రామాంజులు,7,1,1,full,Andhra Kristava Keerthanalu,దేవుని మందిరావరణములు,,https://waytochurch.com/lyrics/song/2483
02484-gaanamuao-jaeyuaodu-sukeerthan.json,2484,Gaanamuao Jaeyuaodu Sukeerthan,విలియం డాసన్,6,1,1,full,Andhra Kristava Keerthanalu,దేవుడు సర్వస్తోత్ర పాత్రుడు,unbroken-lines,https://waytochurch.com/lyrics/song/2484
02486-thrithvamai-nithyathvamuna-nae.json,2486,Thrithvamai Nithyathvamuna Nae,,4,1,1,full,Andhra Kristava Keerthanalu,త్రిత్వమునకు స్తుతి,,https://waytochurch.com/lyrics/song/2486
02487-vyoama-simhaasanasthuaoda-yurv.json,2487,Vyoama Simhaasanasthuaoda Yurv,మిక్కిలి సమూయేలు,5,1,1,full,Andhra Kristava Keerthanalu,దేవుని ప్రభావ వర్ణన,,https://waytochurch.com/lyrics/song/2487
02488-etula-neeku-sthuthu-lonarthumu.json,2488,Etula Neeku Sthuthu Lonarthumu,మాముడూరి సైమన్,5,1,1,full,Andhra Kristava Keerthanalu,దేవుని స్తుతి,unbroken-lines,https://waytochurch.com/lyrics/song/2488
02489-bhoommdalamu-dhaani-smpoornath.json,2489,Bhoommdalamu Dhaani Smpoornath,మల్లెల దావీదు,7,1,1,full,Andhra Kristava Keerthanalu,సర్వము దేవుని సొత్తు,,https://waytochurch.com/lyrics/song/2489
02490-paraloakamuna-numdu-dhaeva-nee.json,2490,Paraloakamuna Numdu Dhaeva Nee,పురుషోత్తము చౌధరి,2,1,1,full,Andhra Kristava Keerthanalu,రక్షణకొరకు కృతజ్ఞత,unbroken-lines,https://waytochurch.com/lyrics/song/2490
02491-rmdi-yuthsahimchi-paadudhamu-r.json,2491,Rmdi Yuthsahimchi Paadudhamu R,సమూయేలు పాక్యవాధము,5,1,1,full,Andhra Kristava Keerthanalu,95-వ దావీదు కీర్తన,,https://waytochurch.com/lyrics/song/2491
02493-mahima-sarvoannathamaina-dhaiv.json,2493,Mahima Sarvoannathamaina Dhaiv,బేతాళ జాన్,8,1,1,full,Andhra Kristava Keerthanalu,దేవుని మహిమ,,https://waytochurch.com/lyrics/song/2493
02494-paahiloaka-prabhoa-paahi-loaka.json,2494,Paahiloaka Prabhoa Paahi Loaka,బన్యన్ జోసఫ్,11,1,1,full,Andhra Kristava Keerthanalu,"ఓ దేవా, నిన్ను స్తుతించుచున్నాము",,https://waytochurch.com/lyrics/song/2494
02495-yaesu-naayakuaoda-yella-vaelal.json,2495,Yaesu Naayakuaoda Yella Vaelal,గొల్లపల్లి సతానియేలు,5,1,1,full,Andhra Kristava Keerthanalu,యేసు సహాయమునకై ప్రార్ధన,,https://waytochurch.com/lyrics/song/2495
02496-maa-yaesu-kreesthu-neevae-mahi.json,2496,Maa Yaesu Kreesthu Neevae Mahi,సమూయేలు పాక్యనాధము,11,1,1,full,Andhra Kristava Keerthanalu,"ఓ దేవా, నిన్ను స్తుతించుచున్నాము",,https://waytochurch.com/lyrics/song/2496
02497-oa-prabhumdaa-nin-nutheemchuchunnaamu-vinayamuth.json,2497,Oa Prabhumdaa Nin Nutheemchuchunnaamu Vinayamuthoada,మల్లెల దావీదు,11,0,0,full,Andhra Kristava Keerthanalu,"ఓ దేవా, నిన్ను స్తుతించుచున్నాము",unbroken-lines,https://waytochurch.com/lyrics/song/2497
02498-dhahana-bali-neeku-nanishtamu.json,2498,Dhahana Bali Neeku Nanishtamu,మల్లెల దావీదు,2,1,1,full,Andhra Kristava Keerthanalu,అర్పణ కీర్తన,,https://waytochurch.com/lyrics/song/2498
02499-yehoava-gadhdhe-mumdhata.json,2499,Yehoava Gadhdhe Mumdhata,ఐజక్ వాట్స్,4,0,0,full,Andhra Kristava Keerthanalu,Before Jehovah's throne,,https://waytochurch.com/lyrics/song/2499
02500-sarvaeshaa-rammu-nee-sannidhi-kaamthi-nosmgu-maa.json,2500,Sarvaeshaa Rammu Nee Sannidhi Kaamthi Nosmgu Maaku,చార్లెస్ వెస్లీ,4,0,0,full,Andhra Kristava Keerthanalu,"Come, Thou Almighty King",,https://waytochurch.com/lyrics/song/2500
02501-innaallu-maaku-saayamai-yee-mumdhukunu.json,2501,Innaallu Maaku Saayamai Yee Mumdhukunu,ఐజక్ వాట్స్,5,0,0,full,Andhra Kristava Keerthanalu,O God our help in ages past,,https://waytochurch.com/lyrics/song/2501
02502-sarvaadhbhuthmbulan-sarvathrao-jaeyukarthan.json,2502,Sarvaadhbhuthmbulan Sarvathrao Jaeyukarthan,మార్టిన్ రిన్ కార్ట్,3,0,0,full,Andhra Kristava Keerthanalu,Now thank we all our God,unbroken-lines,https://waytochurch.com/lyrics/song/2502
02503-maakartha-gatti-dhurgamu-nae-nammu-aayudhmbu.json,2503,Maakartha Gatti Dhurgamu Nae Nammu Aayudhmbu,మార్టిన్ లూథర్,4,0,0,full,Andhra Kristava Keerthanalu,A mighty fortress is our God,unbroken-lines,https://waytochurch.com/lyrics/song/2503
02504-krupagala-dhaevuni-sarvadhaa-nuthimchuaodi.json,2504,Krupagala Dhaevuni Sarvadhaa Nuthimchuaodi,జాన్ మిల్టన్,6,0,0,full,Andhra Kristava Keerthanalu,"Let us, with a gladsome mind",,https://waytochurch.com/lyrics/song/2504
02505-nrupaa-vimoachakaa-prabhoo-vaelaadhi-noalla-nee.json,2505,Nrupaa Vimoachakaa Prabhoo Vaelaadhi Noalla Nee,చార్ల్స్ వెస్లీ,7,0,0,full,Andhra Kristava Keerthanalu,O for a thousand tongues to sing,,https://waytochurch.com/lyrics/song/2505
02506-dhaevaa-dhivyaanmtha-prabhaava.json,2506,Dhaevaa Dhivyaanmtha Prabhaava,పురుషోత్తము చౌదరి,5,1,1,full,Andhra Kristava Keerthanalu,దేవుని యనూనత్వములు,unbroken-lines,https://waytochurch.com/lyrics/song/2506
02507-shudhdhi-shudhdhi-shudhdhi-sarvashaktha-prabhu.json,2507,Shudhdhi Shudhdhi Shudhdhi Sarvashaktha Prabhu,రెజినాల్డ్ హెబర్,4,0,0,full,Andhra Kristava Keerthanalu,"Holy, Holy, Holy, Lord God Almighty",unbroken-lines,https://waytochurch.com/lyrics/song/2507
02508-maelukonarae-mee-manmbula-mael.json,2508,Maelukonarae Mee Manmbula Mael,మిక్కిలి సమూయేలు,5,1,1,full,Andhra Kristava Keerthanalu,ఉదయారాధన,,https://waytochurch.com/lyrics/song/2508
02509-thellavaarina-vaelao-dheli-vom.json,2509,Thellavaarina Vaelao Dheli Vom,పురుషోత్తము చౌధరి,4,1,1,full,Andhra Kristava Keerthanalu,ప్రాతస్తవము,unbroken-lines,https://waytochurch.com/lyrics/song/2509
02510-shree-yaesu-karthanu-saevao-ja.json,2510,Shree Yaesu Karthanu Saevao Ja,బేతాళ జాన్,7,1,1,full,Andhra Kristava Keerthanalu,ప్రాతఃకాల స్తుతి,unbroken-lines,https://waytochurch.com/lyrics/song/2510
02511-sakala-jagajjaala-karthaa-bhak.json,2511,Sakala Jagajjaala Karthaa Bhak,విలియం డాసన్,4,1,1,full,Andhra Kristava Keerthanalu,ఉదయారాధన,unbroken-lines,https://waytochurch.com/lyrics/song/2511
02512-vaeaodedha-naadhagu-vinathini.json,2512,Vaeaodedha Naadhagu Vinathini,విలియం డాసన్,5,1,1,full,Andhra Kristava Keerthanalu,ప్రాతఃకాల ప్రస్తుతి,,https://waytochurch.com/lyrics/song/2512
02513-prabhuvaa-ninnaaraadhimpanu-ja.json,2513,Prabhuvaa Ninnaaraadhimpanu Ja,మొలతాటి విద్యానందము,3,1,1,full,Andhra Kristava Keerthanalu,ఉదయారాధన,unbroken-lines,https://waytochurch.com/lyrics/song/2513
02514-laechi-sthuthimpao-boonuaodi-l.json,2514,Laechi Sthuthimpao Boonuaodi L,,4,1,1,full,Andhra Kristava Keerthanalu,ప్రాతస్తవము,unbroken-lines,https://waytochurch.com/lyrics/song/2514
02515-sthoathramu-sthoathramu-oa-dha.json,2515,Sthoathramu Sthoathramu Oa Dha,బన్యన్ జోసఫ్,3,1,1,full,Andhra Kristava Keerthanalu,ఉదయగీతి,unbroken-lines,https://waytochurch.com/lyrics/song/2515
02516-vinavae-naa-vinathi-nivaedhana.json,2516,Vinavae Naa Vinathi Nivaedhana,మిక్కిలి సమూయేలు,5,1,1,full,Andhra Kristava Keerthanalu,సాయంతనారాధన,,https://waytochurch.com/lyrics/song/2516
02517-neethigala-yehoavaa-sthuthi-me.json,2517,Neethigala Yehoavaa Sthuthi Me,పసుపులేటి దావీదు,6,1,1,full,Andhra Kristava Keerthanalu,దైవ స్తుతి,,https://waytochurch.com/lyrics/song/2517
02518-dhaeva-neeku-sthoathramu-ee-ra.json,2518,Dhaeva Neeku Sthoathramu Ee Ra,మత్తయి సమూయేలు,3,1,1,full,Andhra Kristava Keerthanalu,సాయం ప్రార్థన,,https://waytochurch.com/lyrics/song/2518
02519-dhinamu-gathiyimchenu-dhinanaa.json,2519,Dhinamu Gathiyimchenu Dhinanaa,దాసరి మోజెస్,8,1,1,full,Andhra Kristava Keerthanalu,సాయంతన స్తవము,,https://waytochurch.com/lyrics/song/2519
02520-aakaashmbu-bhoomiyu-amthata-cheekati-yaa.json,2520,Aakaashmbu Bhoomiyu Amthata Cheekati Yaa,ఏ చార్లెస్ కిన్సింగర్,8,0,0,full,Andhra Kristava Keerthanalu,సాయంతన ప్రార్థన,,https://waytochurch.com/lyrics/song/2520
02522-naa-yaesoo-aathma-sooryuaodaa-neev.json,2522,Naa Yaesoo Aathma Sooryuaodaa Neev,జాన్ కెబిల్,5,0,0,full,Andhra Kristava Keerthanalu,"Sun of my soul, Thou Saviour dear",,https://waytochurch.com/lyrics/song/2522
02523-prodhdhu-grumkuchunnadhi-sadhdh.json,2523,Prodhdhu Grumkuchunnadhi Sadhdh,మేరీ లాల్ బరీ,3,0,0,full,Andhra Kristava Keerthanalu,Day is dying in the west,unbroken-lines,https://waytochurch.com/lyrics/song/2523
02524-raathriyayyena-nnedaobaayaku-dhaa.json,2524,Raathriyayyena Nnedaobaayaku Dhaa,హెన్రీ ప్రాన్సిస్ లైట్,5,0,0,full,Andhra Kristava Keerthanalu,"Abide with me, fast falls the eventide",,https://waytochurch.com/lyrics/song/2524
02525-oa-rakshkaa-nee-dhivya-naamamu-aik.json,2525,Oa Rakshkaa Nee Dhivya Naamamu Aik,జాన్ ఎల్లెర్ టన్,3,0,0,full,Andhra Kristava Keerthanalu,"Saviour, again to Thy dear Name we raise",,https://waytochurch.com/lyrics/song/2525
02529-prabalamuganae-prasthuthimched.json,2529,Prabalamuganae Prasthuthimched,చెట్టి భానుమూర్తి,5,1,1,full,Andhra Kristava Keerthanalu,స్తుతి గీతము,,https://waytochurch.com/lyrics/song/2529
02530-maranamun-jayimchi-laechenu-ma.json,2530,Maranamun Jayimchi Laechenu Ma,మురారి దావీదు,7,1,1,full,Andhra Kristava Keerthanalu,క్రీస్తు పునరుత్థాన చరిత్రముEaster,unbroken-lines,https://waytochurch.com/lyrics/song/2530
02531-song.json,2531,క్రీస్తు నేడు లేచెను ఆ ఆ ఆ హల,చార్లెస్ వెస్లీ,6,0,0,full,Andhra Kristava Keerthanalu,Christ the Lord is Risen Today,unbroken-lines; title-telugu-only,https://waytochurch.com/lyrics/song/2531
02532-kreesthu-prabhuni-prathyakshth.json,2532,Kreesthu Prabhuni Prathyakshth,మల్లెల దావీదు,6,1,1,full,Andhra Kristava Keerthanalu,ప్రభుని ప్రత్యక్షతలు,unbroken-lines,https://waytochurch.com/lyrics/song/2532
02533-idhigoa-naa-shishyulaaraa-yeru.json,2533,Idhigoa Naa Shishyulaaraa Yeru,పురుషోత్తము చౌధరి,6,1,1,full,Andhra Kristava Keerthanalu,క్రీస్తు కడపటి హెచ్చరిక,,https://waytochurch.com/lyrics/song/2533
02534-rmdu-vishvaasulaaraa-rmdu-vija.json,2534,Rmdu Vishvaasulaaraa Rmdu Vija,ముంగమూరి దేవదాసు,4,1,1,full,Andhra Kristava Keerthanalu,పునరుత్థాన విజయముEaster,unbroken-lines,https://waytochurch.com/lyrics/song/2534
02535-sudhathulaara-mee-richchoata-n.json,2535,Sudhathulaara Mee Richchoata N,పురుషోత్తము చౌధరి,3,1,1,full,Andhra Kristava Keerthanalu,క్రీస్తు పునరుత్థానముEaster,unbroken-lines,https://waytochurch.com/lyrics/song/2535
02536-vijaymbu-vijaymbu-vijaymbu-maa.json,2536,Vijaymbu Vijaymbu Vijaymbu Maa,జాన్ ఫ్రాన్సిస్ స్పెన్సర్,4,1,1,full,Andhra Kristava Keerthanalu,ప్రభు పునరుత్థానముEaster,unbroken-lines,https://waytochurch.com/lyrics/song/2536
02537-halelooya-yani-paaduaodee-sama.json,2537,Halelooya Yani Paaduaodee Sama,కడియం గాబ్రియేలు,9,1,1,full,Andhra Kristava Keerthanalu,ఆయన యుగయుగములు జీవించుచున్నాఁడు,unbroken-lines,https://waytochurch.com/lyrics/song/2537
02538-yaesu-laechenu-aadhivaaramuna.json,2538,Yaesu Laechenu Aadhivaaramuna,బస్యన్ జోసఫ్,6,1,1,full,Andhra Kristava Keerthanalu,క్రీస్తు పునరుత్థానముEaster,,https://waytochurch.com/lyrics/song/2538
02540-yaesu-punaruththaanamaayenu-ch.json,2540,Yaesu Punaruththaanamaayenu Ch,మిక్కిలి నమూయేలు,3,1,1,full,Andhra Kristava Keerthanalu,క్రీస్తు పునరుత్థానముEaster,unbroken-lines,https://waytochurch.com/lyrics/song/2540
02541-song.json,2541,యేసు సమాధిలో పరుండియుండి వాస,రాబర్ట్ లౌరీ,3,0,0,full,Andhra Kristava Keerthanalu,Low in the Grave He Lay,unbroken-lines; title-telugu-only,https://waytochurch.com/lyrics/song/2541
02542-parama-prabhoa-yaesurakshkaa-d.json,2542,Parama Prabhoa Yaesurakshkaa D,బన్యన్ జోసఫ్,5,1,1,full,Andhra Kristava Keerthanalu,ఆరోహణ దినము,unbroken-lines,https://waytochurch.com/lyrics/song/2542
02543-maeghmbupai-nekki-maeluga-prab.json,2543,Maeghmbupai Nekki Maeluga Prab,తూలూరి ప్రకాశము,3,1,1,full,Andhra Kristava Keerthanalu,క్రీస్తు ఆరోహణము,unbroken-lines,https://waytochurch.com/lyrics/song/2543
02544-koalaahalamugao-goorimithoaao.json,2544,Koalaahalamugao Goorimithoaao,మిక్కిలి నమూయేలు,7,1,1,full,Andhra Kristava Keerthanalu,క్రీస్తు రెండవ రాకడ,unbroken-lines,https://waytochurch.com/lyrics/song/2544
02546-naadu-vachchinatlu-gaadhu-nae.json,2546,Naadu Vachchinatlu Gaadhu Nae,పురుషోత్తము చౌధరి,6,1,1,full,Andhra Kristava Keerthanalu,క్రీస్తు యొక్క రెండవ రాకడ అవిశ్వాసుల భయము,,https://waytochurch.com/lyrics/song/2546
02547-mahimathoa-mana-yaesu-ihamunak.json,2547,Mahimathoa Mana Yaesu Ihamunak,గొల్లపల్లి నతానియేలు,4,1,1,full,Andhra Kristava Keerthanalu,క్రీస్తు మహిమతో వచ్చుట,,https://waytochurch.com/lyrics/song/2547
02548-ayyoa-yidhi-dhuhkhamu-prabhu-t.json,2548,Ayyoa Yidhi Dhuhkhamu Prabhu T,పురుషోత్తమ చౌధరి,7,1,1,full,Andhra Kristava Keerthanalu,అంత్య దినము,unbroken-lines,https://waytochurch.com/lyrics/song/2548
02549-oahoahoa-maa-yannalaaraa-yudhy.json,2549,Oahoahoa Maa Yannalaaraa Yudhy,పురుషోత్తము చౌధరి,10,1,1,full,Andhra Kristava Keerthanalu,Good Friday క్రీస్తు శరణు గోరుట,,https://waytochurch.com/lyrics/song/2549
02550-koapa-dhinamu-vachchunu-paapul.json,2550,Koapa Dhinamu Vachchunu Paapul,,5,1,1,full,Andhra Kristava Keerthanalu,పాపాత్ముల యొక్క శిక్ష,unbroken-lines,https://waytochurch.com/lyrics/song/2550
02551-vachchunu-kreesthu-vachchunu-b.json,2551,Vachchunu Kreesthu Vachchunu B,రావూరి లక్ష్మయ్య,5,1,1,full,Andhra Kristava Keerthanalu,క్రీస్తుని రెండవ రాకడ,unbroken-lines,https://waytochurch.com/lyrics/song/2551
02552-yaesu-vachchedi-vaelaaye-soadh.json,2552,Yaesu Vachchedi Vaelaaye Soadh,చెదలవాడ తామస్,5,1,1,full,Andhra Kristava Keerthanalu,ఆయన వచ్చు వేళాయెను,unbroken-lines,https://waytochurch.com/lyrics/song/2552
02553-prabhu-punaraagamareethi-vinu.json,2553,Prabhu Punaraagamareethi Vinu,,3,1,1,full,Andhra Kristava Keerthanalu,ప్రభు పునరాగమన గీతిక,unbroken-lines,https://waytochurch.com/lyrics/song/2553
02554-parishudhdhaathma-nithyaathma.json,2554,Parishudhdhaathma Nithyaathma,బేతాళ జాన్,5,1,1,full,Andhra Kristava Keerthanalu,పరిశుద్ధాత్మ స్తుతి,,https://waytochurch.com/lyrics/song/2554
02555-parishudhdhaathmuaoda-prabhuva.json,2555,Parishudhdhaathmuaoda Prabhuva,దాసరి మోజెస్,6,1,1,full,Andhra Kristava Keerthanalu,పరిశుద్ధాత్మకొఱకైన ప్రార్థన,unbroken-lines,https://waytochurch.com/lyrics/song/2555
02556-parishudhdhaathma-prabhuni-var.json,2556,Parishudhdhaathma Prabhuni Var,నురగాల తిమోతీ జ్ఞానానందము,3,1,1,full,Andhra Kristava Keerthanalu,పరిశుద్ధాత్ముని ప్రాపు,unbroken-lines,https://waytochurch.com/lyrics/song/2556
02557-parishudhdhaathmaa-paavuramaa.json,2557,Parishudhdhaathmaa Paavuramaa,వి డి  జాన్ సుందరరావు,5,1,1,full,Andhra Kristava Keerthanalu,పరిశుద్ధాత్ముడా దిగిరమ్ము,unbroken-lines,https://waytochurch.com/lyrics/song/2557
02558-rammu-parishudhdhaathma-dhaevu.json,2558,Rammu Parishudhdhaathma Dhaevu,దాసరి మోజెస్,7,1,1,full,Andhra Kristava Keerthanalu,మార్గదర్శియగు పరిశుద్ధాత్ముఁడు,unbroken-lines,https://waytochurch.com/lyrics/song/2558
02559-parishudhdhaathmuniao-bomdhumu.json,2559,Parishudhdhaathmuniao Bomdhumu,మండపాక కేశవరాయశర్మ,5,1,1,full,Andhra Kristava Keerthanalu,పరిశుద్ధాత్మునిఁ బొందుడి,unbroken-lines,https://waytochurch.com/lyrics/song/2559
02560-vinarae-yapoasthalula-kaaryamu.json,2560,Vinarae Yapoasthalula Kaaryamu,పురుషోత్తము చౌదరి,5,1,1,full,Andhra Kristava Keerthanalu,పరిశుద్ధాత్మ కుమ్మరింపు,unbroken-lines,https://waytochurch.com/lyrics/song/2560
02561-dhaivaathmaa-dhigumu-dhaasula.json,2561,Dhaivaathmaa Dhigumu Dhaasula,మామిళ్ల యెషయా,3,1,1,full,Andhra Kristava Keerthanalu,పరిశుద్ధాత్మకొరకు వేఁడుట,unbroken-lines,https://waytochurch.com/lyrics/song/2561
02562-aathmaa-nadupu-sa-thyamu-loani.json,2562,Aathmaa Nadupu Sa Thyamu Loani,తూలూరి కొర్నేలియస్,5,1,1,full,Andhra Kristava Keerthanalu,పరిశుద్ధాత్మకొరకుఁ బ్రార్థించుట,,https://waytochurch.com/lyrics/song/2562
02563-song.json,2563,శ్రీ యేసు స్వామి తిరిగి మోక్ష,హేరియట్ ఆబర్,4,0,0,full,Andhra Kristava Keerthanalu,"Our Blest Redeemer, ere He Breathed",title-telugu-only,https://waytochurch.com/lyrics/song/2563
02564-song.json,2564,దివ్య పావనాత్మ నీ యీవు లన్ని,క్రిస్టఫర్ వర్డ్స్ వర్త్,6,0,0,full,Andhra Kristava Keerthanalu,"Gracious Spirit, Holy Ghost",title-telugu-only,https://waytochurch.com/lyrics/song/2564
02565-song.json,2565,దైవాత్మ పరిశుద్ధుడా ధారాళ ప్ర,ఐజక్ వాట్స్,4,0,0,full,Andhra Kristava Keerthanalu,Come Holy Spirit Heavenly Dove,title-telugu-only,https://waytochurch.com/lyrics/song/2565
02566-parishudhdhaathmanu-goarumu-je.json,2566,Parishudhdhaathmanu Goarumu Je,బేతాళ జాన్,5,1,1,full,Andhra Kristava Keerthanalu,పరిశుద్ధాత్మకొరకైన మన యక్కర,unbroken-lines,https://waytochurch.com/lyrics/song/2566
02567-parishudhdhaathmuaoda-dhaeva.json,2567,Parishudhdhaathmuaoda Dhaeva,కడియం గాబ్రియేలు,5,1,1,full,Andhra Kristava Keerthanalu,"పరిశుద్ధాత్మా, రమ్ము",unbroken-lines,https://waytochurch.com/lyrics/song/2567
02568-rammu-rammu-parishudhdhaathmaa.json,2568,Rammu Rammu Parishudhdhaathmaa,మేడికాయల సాధువు,8,1,1,full,Andhra Kristava Keerthanalu,"పరిశుద్ధాత్మా, రమ్ము",,https://waytochurch.com/lyrics/song/2568
02569-dhaevuao-dichchina-dhivyavaaky.json,2569,Dhaevuao Dichchina Dhivyavaaky,పురుషోత్తము చౌదరి,8,1,1,full,Andhra Kristava Keerthanalu,దేవుని వాక్యము,unbroken-lines,https://waytochurch.com/lyrics/song/2569
02570-dhaevuni-grmdhamu-dhinadhinamu.json,2570,Dhaevuni Grmdhamu Dhinadhinamu,,6,1,1,full,Andhra Kristava Keerthanalu,పరిశుద్ధగ్రంథము,,https://waytochurch.com/lyrics/song/2570
02571-prabhuvaa-pmpumaa-nee-shubhava.json,2571,Prabhuvaa Pmpumaa Nee Shubhava,ఆల్ఫ్రెడ్ త్యాగరాజు పామర్,3,1,1,full,Andhra Kristava Keerthanalu,ప్రభుని వాక్యామృతము,,https://waytochurch.com/lyrics/song/2571
02572-sukha-michchegadha-maaku-prabh.json,2572,Sukha Michchegadha Maaku Prabh,పురుషోత్తము చౌదరి,2,1,1,full,Andhra Kristava Keerthanalu,దేవుని వాక్యానందము,unbroken-lines,https://waytochurch.com/lyrics/song/2572
02573-mammuao-praemao-joochi-dhaevua.json,2573,Mammuao Praemao Joochi Dhaevua,జేకబ్ చేంబర్లేన్,4,1,1,full,Andhra Kristava Keerthanalu,దైవ వాక్యము,,https://waytochurch.com/lyrics/song/2573
02574-shree-vinoadha-dhaayakmbu-dhae.json,2574,Shree Vinoadha Dhaayakmbu Dhae,గున్నాబత్తుల సమూయేలు,7,1,1,full,Andhra Kristava Keerthanalu,దేవుని వాక్యము,,https://waytochurch.com/lyrics/song/2574
02575-yehoava-puri-punaadhi-yila-mah.json,2575,Yehoava Puri Punaadhi Yila Mah,నరెళ్ల నమూయేలు సుబ్బయ్య,5,1,1,full,Andhra Kristava Keerthanalu,సంఘము,,https://waytochurch.com/lyrics/song/2575
02576-yaesu-dhaehamu-smghamu-prabhu.json,2576,Yaesu Dhaehamu Smghamu Prabhu,పట్టాభి ప్రసంగి,4,1,1,full,Andhra Kristava Keerthanalu,సంఘము క్రీస్తుని దేహము,unbroken-lines,https://waytochurch.com/lyrics/song/2576
02577-ella-soadharu-laikyatha-vasiyi.json,2577,Ella Soadharu Laikyatha Vasiyi,మల్లెల దావీదు,4,1,1,full,Andhra Kristava Keerthanalu,సంఘీభావము బలము,,https://waytochurch.com/lyrics/song/2577
02578-samakoorchumu-thmdri-kraisthav.json,2578,Samakoorchumu Thmdri Kraisthav,సరెళ్ల సమూయేలు సుబ్బయ్య,2,1,1,full,Andhra Kristava Keerthanalu,ఐక్యత,,https://waytochurch.com/lyrics/song/2578
02579-prabhukreesthu-yaesu-praemimch.json,2579,Prabhukreesthu Yaesu Praemimch,ఎం ఎల్  మోజెస్,6,1,1,full,Andhra Kristava Keerthanalu,క్రైస్తవ సంఘ బాధ్యతలు,,https://waytochurch.com/lyrics/song/2579
02580-smgha-shirasai-velayu-prabhuva.json,2580,Smgha Shirasai Velayu Prabhuva,చెట్టి భానుమూర్తి,5,1,1,full,Andhra Kristava Keerthanalu,క్రీస్తు సంఘమునకు శిరస్సు,,https://waytochurch.com/lyrics/song/2580
02581-song.json,2581,ఈ సంఘం పునాది క్రీస్తే సాధీశు,సామ్యూల్ జాన్ స్థాన్,4,0,0,full,Andhra Kristava Keerthanalu,The Church's one foundation,unbroken-lines; title-telugu-only,https://waytochurch.com/lyrics/song/2581
02582-song.json,2582,దేవుని సీయోన్ పురమా శ్రేష్టమ,జాన్ న్యూటన్,3,0,0,full,Andhra Kristava Keerthanalu,Glorious Things of Thee are spoken,unbroken-lines; title-telugu-only,https://waytochurch.com/lyrics/song/2582
02583-ghana-yehoavaa-nee-gudaarm-bun.json,2583,Ghana Yehoavaa Nee Gudaarm Bun,మల్లెల దావీదు,5,1,1,full,Andhra Kristava Keerthanalu,నిజసేవకుని లక్షణములు,,https://waytochurch.com/lyrics/song/2583
02584-emthoa-sumdharamainavi-dhara-g.json,2584,Emthoa Sumdharamainavi Dhara G,మేడికాయల సాధువు,3,1,1,full,Andhra Kristava Keerthanalu,సువార్తికుల ఘనత,unbroken-lines,https://waytochurch.com/lyrics/song/2584
02585-parishudhdhaathmuaoda-lemmu-n.json,2585,Parishudhdhaathmuaoda Lemmu N,కడియం గాబ్రియేలు,7,1,1,full,Andhra Kristava Keerthanalu,సభకాపరుల కొరకు ప్రార్థించుట,unbroken-lines,https://waytochurch.com/lyrics/song/2585
02586-aduguchunnaa-moa-dhaeva-kadu-d.json,2586,Aduguchunnaa Moa Dhaeva Kadu D,విలియం బెర్రి,8,1,1,full,Andhra Kristava Keerthanalu,బోధకులకొరకైన ప్రార్థన,unbroken-lines,https://waytochurch.com/lyrics/song/2586
02587-dheevenala-nidu-dhaevaa-needhu.json,2587,Dheevenala Nidu Dhaevaa Needhu,పంతగాని పరదేశి,4,1,1,full,Andhra Kristava Keerthanalu,సేవకులకొరకైన దీవెన,unbroken-lines,https://waytochurch.com/lyrics/song/2587
02588-vinarae-narulaaraa-manamula-va.json,2588,Vinarae Narulaaraa Manamula Va,పురుషోత్తము చౌదరి,7,1,1,full,Andhra Kristava Keerthanalu,ప్రభుని బాప్తిస్మము,,https://waytochurch.com/lyrics/song/2588
02589-dhaevaa-shishuvula-dhechchith.json,2589,Dhaevaa Shishuvula Dhechchith,పులిపాక జగన్నాదము,4,1,1,full,Andhra Kristava Keerthanalu,శిశు బాప్తిస్మము,unbroken-lines,https://waytochurch.com/lyrics/song/2589
02590-yae-sosmge-goppa-yaajnynu-than.json,2590,Yae Sosmge Goppa Yaajnynu Than,పులిపాక జగన్నాధము,3,1,1,full,Andhra Kristava Keerthanalu,పిన్న పెద్దల బాప్తిస్మము,unbroken-lines,https://waytochurch.com/lyrics/song/2590
02591-aacharimchuchununnaamu-aa-chmd.json,2591,Aacharimchuchununnaamu Aa Chmd,విలియం డాకన్,4,1,1,full,Andhra Kristava Keerthanalu,పెద్దల బాప్తిస్మము,unbroken-lines,https://waytochurch.com/lyrics/song/2591
02592-rmdi-rmdi-suvaarthaboadha-vina.json,2592,Rmdi Rmdi Suvaarthaboadha Vina,,5,1,1,full,Andhra Kristava Keerthanalu,క్రీస్తును నమ్మి బాప్తిస్మము పొంద రండి,unbroken-lines,https://waytochurch.com/lyrics/song/2592
02593-manasa-yaathma-thaejarilluma.json,2593,Manasa Yaathma Thaejarilluma,రావూరి దావీదు,4,1,1,full,Andhra Kristava Keerthanalu,ప్రభురాత్రి భోజనము కొరకు సిద్ధపడుట,unbroken-lines,https://waytochurch.com/lyrics/song/2593
02594-song.json,2594,శ్రీ రాజిల్లుచు యేసు క్రీస్తు,జాన్ చౌదరి,5,0,0,full,Andhra Kristava Keerthanalu,క్రైస్తవ ప్రేషితోద్యమము,unbroken-lines; title-telugu-only,https://waytochurch.com/lyrics/song/2594
02595-song.json,2595,గ్రీన్లాండ్ దేశస్థులును ఇండియ,రెజినాల్డ్ హెబర్,4,0,0,full,Andhra Kristava Keerthanalu,From Greenland's Icy Mountains,unbroken-lines; title-telugu-only,https://waytochurch.com/lyrics/song/2595
02596-song.json,2596,శ్రీయేసు రాజ్య ముండును సూర్యు,ఐజక్ వాట్స్,6,0,0,full,Andhra Kristava Keerthanalu,Jesus shall reign where'er the sun,title-telugu-only,https://waytochurch.com/lyrics/song/2596
02597-song.json,2597,శుభవార్త వింటిమి యేసు రక్షించ,ప్రిసిల్లా జేన్ ఓవెన్స్,3,0,0,full,Andhra Kristava Keerthanalu,We have heard the joyful sound,unbroken-lines; title-telugu-only,https://waytochurch.com/lyrics/song/2597
02598-oa-dhayaanilayaa-prabhuvaa-m.json,2598,Oa Dhayaanilayaa Prabhuvaa M,మొలతాటి విద్యానందము,4,1,1,full,Andhra Kristava Keerthanalu,ప్రభువు బల్లను సమీపించు యోగ్యతకు ప్రార్థన,,https://waytochurch.com/lyrics/song/2598
02599-jeevaahaaramu-rammu-chirajeeva.json,2599,Jeevaahaaramu Rammu Chirajeeva,ఏ  బి  మాసిలామణి,4,1,1,full,Andhra Kristava Keerthanalu,జీవాహారము,unbroken-lines,https://waytochurch.com/lyrics/song/2599
02600-dhaevaa-dheevimchu-mippudu-dhe.json,2600,Dhaevaa Dheevimchu Mippudu Dhe,మురారి దావీదు,5,1,1,full,Andhra Kristava Keerthanalu,ప్రభు రాత్రి భోజన మాచరించునపుడు దీవెన గోరుట,unbroken-lines,https://waytochurch.com/lyrics/song/2600
02601-chaeri-bhujiyimpudeevimdhu-yae.json,2601,Chaeri Bhujiyimpudeevimdhu Yae,వి  డి  జాన్ సుందరరావు,5,1,1,full,Andhra Kristava Keerthanalu,ప్రభురాత్రి సంస్కారవిందు,unbroken-lines,https://waytochurch.com/lyrics/song/2601
02603-mana-yaesu-maranasmaa-ranavimd.json,2603,Mana Yaesu Maranasmaa Ranavimd,దాసరి మోజెస్,6,1,1,full,Andhra Kristava Keerthanalu,ప్రభుభోజనమున కాహ్వానము,unbroken-lines,https://waytochurch.com/lyrics/song/2603
02604-sthoathraarpana-narpimthamu-ja.json,2604,Sthoathraarpana Narpimthamu Ja,సమూయేలు పాక్యనాథము,5,1,1,full,Andhra Kristava Keerthanalu,పరిశుద్ధ సమభాక్త్వము,,https://waytochurch.com/lyrics/song/2604
02605-song.json,2605,యేసూ నిన్ జూతు నిందుఁ దేటగా,హోరేషియన్ బోనర్,5,0,0,full,Andhra Kristava Keerthanalu,"Here, O my Lord, I see Thee face to face",title-telugu-only,https://waytochurch.com/lyrics/song/2605
02606-iaoka-naemi-gathi-yunnadhi-maa.json,2606,Iaoka Naemi Gathi Yunnadhi Maa,పురుషోత్తము చౌదరి,2,1,1,full,Andhra Kristava Keerthanalu,క్రీస్తే పాపుల గతి,unbroken-lines,https://waytochurch.com/lyrics/song/2606
02607-rmdi-yaesuni-yodhdhakuao-priyu.json,2607,Rmdi Yaesuni Yodhdhakuao Priyu,పులిపాక జగన్నాధము,3,1,1,full,Andhra Kristava Keerthanalu,యేసునొద్దకు రండి,unbroken-lines,https://waytochurch.com/lyrics/song/2607
02608-yaesu-naatha-kathaa-sudhaa-ras.json,2608,Yaesu Naatha Kathaa Sudhaa Ras,పురుషోత్తము చౌదరి,7,1,1,full,Andhra Kristava Keerthanalu,యేసునాధ కథా మాధుర్యము,,https://waytochurch.com/lyrics/song/2608
02609-raare-yaesuni-joothamu-koarika.json,2609,Raare Yaesuni Joothamu Koarika,బేతాళ జాన్,4,1,1,full,Andhra Kristava Keerthanalu,వచ్చి క్రీస్తును చూడుఁడి,unbroken-lines,https://waytochurch.com/lyrics/song/2609
02610-raaroa-janulaaraa-vaegamuao-go.json,2610,Raaroa Janulaaraa Vaegamuao Go,పురుషోత్తము చౌదరి,5,1,1,full,Andhra Kristava Keerthanalu,రక్షణాహ్వానము,unbroken-lines,https://waytochurch.com/lyrics/song/2610
02611-yaesuni-sucharitha-memtha-pona.json,2611,Yaesuni Sucharitha Memtha Pona,,5,1,1,full,Andhra Kristava Keerthanalu,శుభవర్తమాన ప్రకటన,,https://waytochurch.com/lyrics/song/2611
02612-poayeaoga-poayeaoga-kaalamu-ve.json,2612,Poayeaoga Poayeaoga Kaalamu Ve,పురుషోత్తము చౌదరి,6,1,1,full,Andhra Kristava Keerthanalu,కాలము గతించిపోవుచున్నది,,https://waytochurch.com/lyrics/song/2612
02613-vinarae-yaesukreesthu-boadha-m.json,2613,Vinarae Yaesukreesthu Boadha M,పులిపాక జగన్నాధము,5,1,1,full,Andhra Kristava Keerthanalu,రక్షణ మార్గము,unbroken-lines,https://waytochurch.com/lyrics/song/2613
02614-rmdi-maanavulaaraa-rakshkunina.json,2614,Rmdi Maanavulaaraa Rakshkunina,జి జాన్ తాతయ్య,4,1,1,full,Andhra Kristava Keerthanalu,రక్షకుని యొద్దకు రండి,unbroken-lines,https://waytochurch.com/lyrics/song/2614
02615-paapininaenani-prabhupadhamula.json,2615,Paapininaenani Prabhupadhamula,ఎస్ జె మోజెస్,5,1,1,full,Andhra Kristava Keerthanalu,సువార్త,,https://waytochurch.com/lyrics/song/2615
02617-emdhuku-marachithivi-yaesuni-p.json,2617,Emdhuku Marachithivi Yaesuni P,దావీదు చౌదరి,3,1,1,full,Andhra Kristava Keerthanalu,తప్పిపోయిన వారిని మేలుకొల్పుట,unbroken-lines,https://waytochurch.com/lyrics/song/2617
02618-paapakoopamunmdhu-padi-munigiy.json,2618,Paapakoopamunmdhu Padi Munigiy,పంతగాని పరదేశి,6,1,1,full,Andhra Kristava Keerthanalu,పాపము,unbroken-lines,https://waytochurch.com/lyrics/song/2618
02619-dhaaruna-magu-marana-vaaridhi.json,2619,Dhaaruna Magu Marana Vaaridhi,రావూరి దావీదు,7,1,1,full,Andhra Kristava Keerthanalu,క్రీస్తు సువార్త,unbroken-lines,https://waytochurch.com/lyrics/song/2619
02621-song.json,2621,జను లందఱు వినండి దివ్య సంగతి,,6,0,0,full,Andhra Kristava Keerthanalu,"Come, ye people, hear the message",unbroken-lines; title-telugu-only,https://waytochurch.com/lyrics/song/2621
02622-song.json,2622,మహా వైద్యుండు వచ్చెను ప్రజాళి,విలియం హంటర్,7,0,0,full,Andhra Kristava Keerthanalu,The Great Physician,unbroken-lines; title-telugu-only,https://waytochurch.com/lyrics/song/2622
02623-dharaniloani-dhanamu-lella-dha.json,2623,Dharaniloani Dhanamu Lella Dha,పులిపాక జగన్నాధము,5,1,1,full,Andhra Kristava Keerthanalu,శాశ్వత ధనము,,https://waytochurch.com/lyrics/song/2623
02624-nijamugaaao-parishudhdhu-dokao.json,2624,Nijamugaaao Parishudhdhu Dokao,పురుషోత్తము చౌధరి,3,1,1,full,Andhra Kristava Keerthanalu,పాపము సార్వత్రికము,unbroken-lines,https://waytochurch.com/lyrics/song/2624
02625-paapulaku-sakhumdu-mana-praapu.json,2625,Paapulaku Sakhumdu Mana Praapu,,5,1,1,full,Andhra Kristava Keerthanalu,పాపుల స్నేహితుడు,,https://waytochurch.com/lyrics/song/2625
02626-yaesunae-saevimparmdi-moasapoa.json,2626,Yaesunae Saevimparmdi Moasapoa,ఎన్ డి ఏబెల్,3,1,1,full,Andhra Kristava Keerthanalu,క్రీస్తుని గొప్పతనము,,https://waytochurch.com/lyrics/song/2626
02627-mana-modhati-thallidhmdrulal-m.json,2627,Mana Modhati Thallidhmdrulal M,పురుషోత్తము చౌదరి,3,1,1,full,Andhra Kristava Keerthanalu,మానవ పతనము,,https://waytochurch.com/lyrics/song/2627
02628-nammare-narulaara-yaesuni-samm.json,2628,Nammare Narulaara Yaesuni Samm,గెల్లా రామయ్య,6,1,1,full,Andhra Kristava Keerthanalu,నమ్మినవారికి రక్షణ,,https://waytochurch.com/lyrics/song/2628
02629-yaesu-kreesthuni-golva-ranna-y.json,2629,Yaesu Kreesthuni Golva Ranna Y,గొల్లపల్లి నతానియేలు,9,1,1,full,Andhra Kristava Keerthanalu,యేసు క్రీస్తును కొలుచుట,unbroken-lines,https://waytochurch.com/lyrics/song/2629
02630-idhi-yehoavaa-kaligimchina-dhi.json,2630,Idhi Yehoavaa Kaligimchina Dhi,పురుషోత్తమ చౌధరి,5,1,1,full,Andhra Kristava Keerthanalu,ప్రభు దినము,,https://waytochurch.com/lyrics/song/2630
02631-sukshaema-shubhakaala-vishraamthi-dhin.json,2631,Sukshaema Shubhakaala Vishraamthi Dhin,క్రిస్టఫర్ వర్డ్స్ వర్త్,3,0,0,full,Andhra Kristava Keerthanalu,O day of rest and gladness,unbroken-lines,https://waytochurch.com/lyrics/song/2631
02632-thraahi-maam-kreesthu-naadha-d.json,2632,Thraahi Maam Kreesthu Naadha D,పురుషోత్తము ఛౌదరి,4,1,1,full,Andhra Kristava Keerthanalu,పశ్చాత్తాప ప్రార్థన,unbroken-lines,https://waytochurch.com/lyrics/song/2632
02633-sharanu-naa-yaesu-prabhuvaa-ne.json,2633,Sharanu Naa Yaesu Prabhuvaa Ne,మిక్కిలి సమూయేలు,3,1,1,full,Andhra Kristava Keerthanalu,క్రీస్తు మోక్ష మార్గము,,https://waytochurch.com/lyrics/song/2633
02634-raavayya-yaesunaadhaa-maa-raks.json,2634,Raavayya Yaesunaadhaa Maa Raks,,5,1,1,full,Andhra Kristava Keerthanalu,క్రైస్తవ పశ్చాత్తాపము,,https://waytochurch.com/lyrics/song/2634
02635-ae-mukhaambuthoada-vaththu-yae.json,2635,Ae Mukhaambuthoada Vaththu Yae,జొన్నకూటి దేవదానం,2,1,1,full,Andhra Kristava Keerthanalu,పాప పశ్చాత్తాపము,unbroken-lines,https://waytochurch.com/lyrics/song/2635
02637-nammithi-nayyaa-yaesayyaa-nee.json,2637,Nammithi Nayyaa Yaesayyaa Nee,బుఱ్ఱారెడ్డి,4,1,1,full,Andhra Kristava Keerthanalu,క్రీస్తును నమ్ముట,unbroken-lines,https://waytochurch.com/lyrics/song/2637
02638-dhaeva-neevu-nannu-ao-barishoa.json,2638,Dhaeva Neevu Nannu Ao Barishoa,మల్లెల దావీదు,8,1,1,full,Andhra Kristava Keerthanalu,పశ్చాత్తాప గీతి,,https://waytochurch.com/lyrics/song/2638
02639-paapa-pashchaaththaapa-momdhan.json,2639,Paapa Pashchaaththaapa Momdhan,వి వెంకటస్వామి,4,1,1,full,Andhra Kristava Keerthanalu,పశ్చాత్తాపము లేనిదే పరమ భాగ్యము లేదు,unbroken-lines,https://waytochurch.com/lyrics/song/2639
02640-paapini-krupa-joopavayyaa-dhaa.json,2640,Paapini Krupa Joopavayyaa Dhaa,సిరిపురపు కృపానందము,8,1,1,full,Andhra Kristava Keerthanalu,క్షమాపణ వేడుట,,https://waytochurch.com/lyrics/song/2640
02641-khmdimpavalenu-dhurgunamulu-kh.json,2641,Khmdimpavalenu Dhurgunamulu Kh,,5,1,1,full,Andhra Kristava Keerthanalu,పాపమును విసర్జించుట,,https://waytochurch.com/lyrics/song/2641
02642-manasaa-vinavaemae-kreesthunia.json,2642,Manasaa Vinavaemae Kreesthunia,బి కోటయ్య,5,1,1,full,Andhra Kristava Keerthanalu,మారుమనసుఁ బొందుట,,https://waytochurch.com/lyrics/song/2642
02643-dhaeva-dheenapaapini-oa-paava.json,2643,Dhaeva Dheenapaapini Oa Paava,,12,1,1,full,Andhra Kristava Keerthanalu,దావీదు కీర్తన 51,,https://waytochurch.com/lyrics/song/2643
02645-pashchaaththaapamu-bomdhumu-je.json,2645,Pashchaaththaapamu Bomdhumu Je,మోర్త ప్రకాశము,6,1,1,full,Andhra Kristava Keerthanalu,పశ్చాత్తాపపడుటకుఁ బ్రేరేపణ,unbroken-lines,https://waytochurch.com/lyrics/song/2645
02646-song.json,2646,ఉన్నట్టు నేను వచ్చెదన్ పాపిష్,చార్లెట్ ఇలియట్,6,0,0,full,Andhra Kristava Keerthanalu,"Just as I am, without one plea",title-telugu-only,https://waytochurch.com/lyrics/song/2646
02647-song.json,2647,ఓ యేసు రక్షకా నీ పిల్పు వింద,లూయిన్ హార్టాస్,3,0,0,full,Andhra Kristava Keerthanalu,I hear Thy welcome voice,unbroken-lines; title-telugu-only,https://waytochurch.com/lyrics/song/2647
02648-song.json,2648,యేసు నీదు జాలివల్ల లెక్క లేన,ఆర్థర్ క్లీన్లాండ్ కోన్స్,3,0,0,full,Andhra Kristava Keerthanalu,Saviour sprinkle many nations,unbroken-lines; title-telugu-only,https://waytochurch.com/lyrics/song/2648
02650-dhikkulaeni-vaaaodanoa-prabhoa.json,2650,Dhikkulaeni Vaaaodanoa Prabhoa,చిక్కాల పాలస్,4,1,1,full,Andhra Kristava Keerthanalu,పాపపు టొప్పుకోలు,unbroken-lines,https://waytochurch.com/lyrics/song/2650
02651-paapamu-dhalaochu-sumee-pashch.json,2651,Paapamu Dhalaochu Sumee Pashch,యెషయా వీరమార్టిన్,5,1,1,full,Andhra Kristava Keerthanalu,పశ్చాత్తాప ప్రేరేపణ,,https://waytochurch.com/lyrics/song/2651
02652-paapinayyaa-naeao-baapi-nayyaa.json,2652,Paapinayyaa Naeao Baapi Nayyaa,బేతాళ జాన్,5,1,1,full,Andhra Kristava Keerthanalu,పాపపు టొప్పుకోలు,,https://waytochurch.com/lyrics/song/2652
02653-erimgi-yeriaogi-chedipoathivi.json,2653,Erimgi Yeriaogi Chedipoathivi,పురుషోత్తము చౌదరి,6,1,1,full,Andhra Kristava Keerthanalu,ఆత్మ వంచన,unbroken-lines,https://waytochurch.com/lyrics/song/2653
02654-yaesu-vibhuniao-dhalaochi-madh.json,2654,Yaesu Vibhuniao Dhalaochi Madh,డేవిడ్ లైటన్,7,1,1,full,Andhra Kristava Keerthanalu,పశ్చాత్తాప ప్రేరేపణ,,https://waytochurch.com/lyrics/song/2654
02655-aadharimpumu-yaesuvaa-ni-nnaas.json,2655,Aadharimpumu Yaesuvaa Ni Nnaas,వి జి జాన్ సుందరరావు,5,1,1,full,Andhra Kristava Keerthanalu,పాపి విలాపము,,https://waytochurch.com/lyrics/song/2655
02656-thana-yakramamulaku-kshmaa-pan.json,2656,Thana Yakramamulaku Kshmaa Pan,మల్లెల దావీదు,11,1,1,full,Andhra Kristava Keerthanalu,పాపక్షమ,,https://waytochurch.com/lyrics/song/2656
02657-yaesuaodu-raaaogan-jaesina-dho.json,2657,Yaesuaodu Raaaogan Jaesina Dho,మిక్కిలి ఫ్రెడరిక్,7,1,1,full,Andhra Kristava Keerthanalu,పాపము మీఁది క్రీస్తుని విజయము,,https://waytochurch.com/lyrics/song/2657
02659-song.json,2659,సిల్వ చెంత నేసువా చేర్చి నన్న,ఫ్రాన్సెస్ జేన్వేన్ ఆల్స్టీన్,4,0,0,full,Andhra Kristava Keerthanalu,"Jesus, keep me near the Cross",unbroken-lines; title-telugu-only,https://waytochurch.com/lyrics/song/2659
02660-song.json,2660,డాగు నేది మాపును వేగ యేసు రక్,జేకబ్ చేంబర్లేస్,4,0,0,full,Andhra Kristava Keerthanalu,What can wash away my stain ?,unbroken-lines; title-telugu-only,https://waytochurch.com/lyrics/song/2660
02663-parama-raajyamunaku-narulu-thi.json,2663,Parama Raajyamunaku Narulu Thi,తూపిలి రంగయ్య,8,1,1,full,Andhra Kristava Keerthanalu,నూతన జన్మముBaptism,,https://waytochurch.com/lyrics/song/2663
02664-song.json,2664,హా యానంద సుదినము నా యేసున్ న,ఫిలిప్ డాడ్రిడ్జి,5,0,0,full,Andhra Kristava Keerthanalu,Oh happy day that fixed my choice,unbroken-lines; title-telugu-only,https://waytochurch.com/lyrics/song/2664
02665-song.json,2665,యేసు నావాడని నమ్ముదున్ భాసిల్,ప్రాన్సెస్ జేన్వేన్ ఆల్స్టీన్,3,0,0,full,Andhra Kristava Keerthanalu,Blessed assurance - Jesus is Mine,unbroken-lines; title-telugu-only,https://waytochurch.com/lyrics/song/2665
02666-aanmdha-magu-mukthi-yae-naa-mm.json,2666,Aanmdha Magu Mukthi Yae Naa Mm,పురుషోత్తము చౌదరి,3,1,1,full,Andhra Kristava Keerthanalu,నిత్యజీవానందము,unbroken-lines,https://waytochurch.com/lyrics/song/2666
02667-naa-kimtha-proathsaahaa-nmdhmb.json,2667,Naa Kimtha Proathsaahaa Nmdhmb,ముంగమూరి దేవదాసు,5,1,1,full,Andhra Kristava Keerthanalu,క్రీస్తునందలి నా యానందము,unbroken-lines,https://waytochurch.com/lyrics/song/2667
02668-itharula-saakshyamu-lemthoa-ga.json,2668,Itharula Saakshyamu Lemthoa Ga,పురుషోత్తము చౌదరి,3,1,1,full,Andhra Kristava Keerthanalu,మనోసాక్ష్యానందము,unbroken-lines,https://waytochurch.com/lyrics/song/2668
02669-siluva-sainikulaaraa-niluvmdi.json,2669,Siluva Sainikulaaraa Niluvmdi,జి మునిస్వామి,6,1,1,full,Andhra Kristava Keerthanalu,క్రైస్తవమను యుద్ధము,,https://waytochurch.com/lyrics/song/2669
02670-veerula-mayyaa-jaya-veerula-ma.json,2670,Veerula Mayyaa Jaya Veerula Ma,ఎ  జెఖర్యా,4,1,1,full,Andhra Kristava Keerthanalu,క్రైస్తవ వీరులు,,https://waytochurch.com/lyrics/song/2670
02671-yaesu-kreesthu-mathasthuao-dan.json,2671,Yaesu Kreesthu Mathasthuao Dan,మేడికాయల సాధువు,5,1,1,full,Andhra Kristava Keerthanalu,క్రైస్తవ లక్షణము,,https://waytochurch.com/lyrics/song/2671
02672-yaesuprabhukai-saakshulevareva.json,2672,Yaesuprabhukai Saakshulevareva,చెట్టి భానుమూర్తి,4,1,1,full,Andhra Kristava Keerthanalu,యేసునకు సాక్షులు,unbroken-lines,https://waytochurch.com/lyrics/song/2672
02673-song.json,2673,క్రీస్తు యోధులారా యుద్ధ మాడుఁ,నబీన్ చారింగ్ కూల్డ్,3,0,0,full,Andhra Kristava Keerthanalu,Onward Christian Soldiers,unbroken-lines; title-telugu-only,https://waytochurch.com/lyrics/song/2673
02674-song.json,2674,ఓ యేసు భక్తులారా మీ రాజు ధ్వ,జార్జి డఫీల్డ్,3,0,0,full,Andhra Kristava Keerthanalu,"Stand up, Stand up for Jesus",unbroken-lines; title-telugu-only,https://waytochurch.com/lyrics/song/2674
02675-smthoashimpare-priyulaaraa-yae.json,2675,Smthoashimpare Priyulaaraa Yae,ఏ బి  మాసిలామణి,4,1,1,full,Andhra Kristava Keerthanalu,రక్షణానందము,unbroken-lines,https://waytochurch.com/lyrics/song/2675
02676-naa-yaesu-naa-yaathma-balamaa.json,2676,Naa Yaesu Naa Yaathma Balamaa,,5,1,1,full,Andhra Kristava Keerthanalu,రక్షణ పొందిన పాపి,unbroken-lines,https://waytochurch.com/lyrics/song/2676
02677-nee-kanna-niaoka-vaerae-vaelpulu.json,2677,Nee Kanna NiAOka Vaerae Vaelpulu,రావూరి లక్ష్మీనరసయ్య,3,1,1,full,Andhra Kristava Keerthanalu,యేసే రక్షకుఁడు,unbroken-lines,https://waytochurch.com/lyrics/song/2677
02678-velugunu-rakshna-karthayunagun.json,2678,Velugunu Rakshna Karthayunagun,రావి జాన్ సుందరరావు,5,1,1,full,Andhra Kristava Keerthanalu,యేసు నా రక్షకుడు,unbroken-lines,https://waytochurch.com/lyrics/song/2678
02679-naenu-kreesthu-prabhuni-jaeri.json,2679,Naenu Kreesthu Prabhuni Jaeri,సి  రవివర్మ,4,1,1,full,Andhra Kristava Keerthanalu,క్రీస్తుని బోలియుందును,unbroken-lines,https://waytochurch.com/lyrics/song/2679
02680-song.json,2680,దాపుఁజేరుచుఁ బాడుము జీవపు మాట,ఫిలిఫ్ బ్లిస్,3,0,0,full,Andhra Kristava Keerthanalu,Sing them over again to me,unbroken-lines; title-telugu-only,https://waytochurch.com/lyrics/song/2680
02681-song.json,2681,యేసుని జేరఁ వేగము రా మార్గముఁ,జి ఎఫ్ రూట్,3,0,0,full,Andhra Kristava Keerthanalu,Come to the Saviour,unbroken-lines; title-telugu-only,https://waytochurch.com/lyrics/song/2681
02682-saakshya-michchedha-svaami-yae.json,2682,Saakshya Michchedha Svaami Yae,మల్లెల దావీదు,7,1,1,full,Andhra Kristava Keerthanalu,క్రైస్తవ సాక్ష్యము,unbroken-lines,https://waytochurch.com/lyrics/song/2682
02683-naa-yaathma-lemmu-sidhdhamu.json,2683,Naa Yaathma Lemmu Sidhdhamu,పంతగాని పరదేశి,3,1,1,full,Andhra Kristava Keerthanalu,"నా ఆత్మా, మేలుకొమ్ము",unbroken-lines,https://waytochurch.com/lyrics/song/2683
02684-laelemmu-kraisthavuaodaa-neelo.json,2684,Laelemmu Kraisthavuaodaa Neelo,పురుషోత్తము చౌదరి,6,1,1,full,Andhra Kristava Keerthanalu,క్రైస్తవ యుద్ధప్రేరణము,,https://waytochurch.com/lyrics/song/2684
02685-aela-chimtha-yaela-vmtha-yicha.json,2685,Aela Chimtha Yaela Vmtha Yicha,మేడికాయల సాధువు,6,1,1,full,Andhra Kristava Keerthanalu,క్రీస్తు మనల నెన్నఁడు విడువఁడు,,https://waytochurch.com/lyrics/song/2685
02686-dhaevaa-vembadimchithi-nee-na.json,2686,Dhaevaa Vembadimchithi Nee Na,ఎ బి మాసిలామణి,5,1,1,full,Andhra Kristava Keerthanalu,క్రీస్తును వెంబడించుట,,https://waytochurch.com/lyrics/song/2686
02687-bhayamaela-kraisthavumdaa-neev.json,2687,Bhayamaela Kraisthavumdaa Neev,జి జాన్ తాతయ్య,5,1,1,full,Andhra Kristava Keerthanalu,క్రైస్తవుని విజయము,,https://waytochurch.com/lyrics/song/2687
02688-song.json,2688,శోధనకు మీరు చోటియకుఁడి ధైర్య,హోరేషియో రిక్మండ్ పామర్,3,0,0,full,Andhra Kristava Keerthanalu,Yield not to temptation,unbroken-lines; title-telugu-only,https://waytochurch.com/lyrics/song/2688
02689-painamai-yunnaa-nayyaa-nee-paa.json,2689,Painamai Yunnaa Nayyaa Nee Paa,పురుషోత్తము చౌదరి,6,1,1,full,Andhra Kristava Keerthanalu,భక్తుని జీవితప్రయాణము,unbroken-lines,https://waytochurch.com/lyrics/song/2689
02690-song.json,2690,పరదేశి పుణ్యక్షేత్ర యాత్రఁ బ,,4,0,0,full,Andhra Kristava Keerthanalu,"Whither pilgrims, are you going?",unbroken-lines; title-telugu-only,https://waytochurch.com/lyrics/song/2690
02691-vadhdhu-manasa-budhdhi-kurucha.json,2691,Vadhdhu Manasa Budhdhi Kurucha,పురుషోత్తము చౌదరి,6,1,1,full,Andhra Kristava Keerthanalu,సుబోధ,,https://waytochurch.com/lyrics/song/2691
02692-yaesuni-korakai-yila-jeevimche.json,2692,Yaesuni Korakai Yila Jeevimche,రావి జాన్ సుందరావు,8,1,1,full,Andhra Kristava Keerthanalu,యేసుకొరకే జీవింతును,,https://waytochurch.com/lyrics/song/2692
02693-vaare-mmchi-kraisthavulu-gadhaa-yee-l.json,2693,Vaare Mmchi Kraisthavulu Gadhaa Yee L,,3,0,0,full,Andhra Kristava Keerthanalu,మంచి క్రైస్తవుల గుణములు,unbroken-lines,https://waytochurch.com/lyrics/song/2693
02694-yaesuni-saevimpa-dhayachaesith.json,2694,Yaesuni Saevimpa Dhayachaesith,పులిపాక జగన్నాధము,7,1,1,full,Andhra Kristava Keerthanalu,యేసు భాద్యత,,https://waytochurch.com/lyrics/song/2694
02695-aedhi-naa-vishraamthi-yee-loak.json,2695,Aedhi Naa Vishraamthi Yee Loak,పురుషోత్తము చౌదరి,5,1,1,full,Andhra Kristava Keerthanalu,ఇహలోకము విశ్రాంతి లేనిది,unbroken-lines,https://waytochurch.com/lyrics/song/2695
02696-visukadhae-praanmbu-vijnyaani-kilanu-posagu.json,2696,Visukadhae PraaNMbu VijnYaani Kilanu Posagu,పురుషోత్తము చౌదరి,5,1,1,full,Andhra Kristava Keerthanalu,విజ్ఞాని విసుగు,unbroken-lines,https://waytochurch.com/lyrics/song/2696
02697-imdhulaedhu-niluchu-pattanm-kr.json,2697,Imdhulaedhu Niluchu Pattanm Kr,జె ఈ షార్మీ,5,1,1,full,Andhra Kristava Keerthanalu,క్రైస్తవ యాత్రికుఁడు,,https://waytochurch.com/lyrics/song/2697
02698-loakamu-vaarella-loakuvao-jooc.json,2698,Loakamu Vaarella Loakuvao Jooc,పురుషోత్తము చౌదరి,3,1,1,full,Andhra Kristava Keerthanalu,లోకము క్రీస్తుకు సాటిరాదు,unbroken-lines,https://waytochurch.com/lyrics/song/2698
02699-ghanamaina-kreesthu-krupao-gan.json,2699,Ghanamaina Kreesthu Krupao Gan,యేసుదాసు నర్సయ్య,5,1,1,full,Andhra Kristava Keerthanalu,క్రీస్తునందు ఆనందించుట,unbroken-lines,https://waytochurch.com/lyrics/song/2699
02700-manasaanmdhamuao-bomdhuta-kann.json,2700,Manasaanmdhamuao Bomdhuta Kann,పురుషోత్తము చౌదరి,5,1,1,full,Andhra Kristava Keerthanalu,మనశ్శాంతియే మహా భాగ్యము,unbroken-lines,https://waytochurch.com/lyrics/song/2700
02702-song.json,2702,జీవితంబు ఘోర కష్టనష్టంబుల్ ఆవ,,4,0,0,full,Andhra Kristava Keerthanalu,When upon life's billows,unbroken-lines; title-telugu-only,https://waytochurch.com/lyrics/song/2702
02703-oa-maa-thmdri-needhu-naamamu-n.json,2703,Oa Maa Thmdri Needhu Naamamu N,విలియం డానన్,3,1,1,full,Andhra Kristava Keerthanalu,ప్రభు ప్రార్థన,unbroken-lines,https://waytochurch.com/lyrics/song/2703
02704-ninnu-naenu-viduvanu-dhaeva-ne.json,2704,Ninnu Naenu Viduvanu Dhaeva Ne,పులిపాక జగన్నాధము,7,1,1,full,Andhra Kristava Keerthanalu,'నీవు నన్ను ఆశీర్వదింపని యెడల నిన్ను వెళ్లనియ్యను',,https://waytochurch.com/lyrics/song/2704
02705-vina-rammu-yaesu-naadhuaoda-na.json,2705,Vina Rammu Yaesu Naadhuaoda Na,జోనయా బర్డర్,7,1,1,full,Andhra Kristava Keerthanalu,ప్రార్థన,,https://waytochurch.com/lyrics/song/2705
02707-song.json,2707,ఓ ప్రార్థనా సుప్రార్థనా నీ ప్,విలియం వాల్ఫోర్డ్,4,0,0,full,Andhra Kristava Keerthanalu,Sweet Hour of Prayer,unbroken-lines; title-telugu-only,https://waytochurch.com/lyrics/song/2707
02708-song.json,2708,యేసు నీ సదాత్మ వృష్టి భక్తు,ఎలిజబెత్ కాడ్నర్,6,0,0,full,Andhra Kristava Keerthanalu,"Lord, I hear of showes of blessing",unbroken-lines; title-telugu-only,https://waytochurch.com/lyrics/song/2708
02709-song.json,2709,ఆశీరవంబు ల్మామీఁద వర్షింపజేయు,,4,0,0,full,Andhra Kristava Keerthanalu,There shall be showers of Blessing,unbroken-lines; title-telugu-only,https://waytochurch.com/lyrics/song/2709
02710-song.json,2710,రక్షకా నన్ మర్వఁబోకు మొఱ్ఱ న,ఫ్రాన్సెస్ జేన్వేన్ ఆల్ష్టీన్,4,0,0,full,Andhra Kristava Keerthanalu,"Pass me not, O Gentle Savior",unbroken-lines; title-telugu-only,https://waytochurch.com/lyrics/song/2710
02711-dhaasula-praarthana-dhappaka-y.json,2711,Dhaasula Praarthana Dhappaka Y,పురుషోత్తము చౌదరి,3,1,1,full,Andhra Kristava Keerthanalu,"అడుగుడి, మీ కీయబడును",unbroken-lines,https://waytochurch.com/lyrics/song/2711
02712-parama-nmdhumdedu-maa-parama-j.json,2712,Parama Nmdhumdedu Maa Parama J,మల్లెల దావీదు,1,1,1,full,Andhra Kristava Keerthanalu,ప్రభు ప్రార్థన,unbroken-lines,https://waytochurch.com/lyrics/song/2712
02713-aalimchu-dhaevaa-naa-manavula.json,2713,Aalimchu Dhaevaa Naa Manavula,పులిపాక జగన్నాధము,5,1,1,full,Andhra Kristava Keerthanalu,కృప కొరకు ప్రార్థన,,https://waytochurch.com/lyrics/song/2713
02714-dhaevaa-sahaayamu-nimmaa-jeevm.json,2714,Dhaevaa Sahaayamu Nimmaa Jeevm,మిక్కిలి దేవసహాయము,5,1,1,full,Andhra Kristava Keerthanalu,దైవసహాయము కొరకు ప్రార్థన,unbroken-lines,https://waytochurch.com/lyrics/song/2714
02716-karunaapeetamu-jaerarae-dhaevu.json,2716,Karunaapeetamu Jaerarae Dhaevu,ఏ బి మాసిలామణి,6,1,1,full,Andhra Kristava Keerthanalu,ఆదర్శ ప్రార్థనలు,unbroken-lines,https://waytochurch.com/lyrics/song/2716
02717-yaesu-paraloaka-naayaka-suvi-s.json,2717,Yaesu Paraloaka Naayaka Suvi S,రావూరి లక్ష్మయ్య,5,1,1,full,Andhra Kristava Keerthanalu,భక్తుని ఆసక్తి,,https://waytochurch.com/lyrics/song/2717
02718-naa-yaesu-naadhaa-nanuao-jooda.json,2718,Naa Yaesu Naadhaa Nanuao Jooda,పులిపాక జగన్నాధము,6,1,1,full,Andhra Kristava Keerthanalu,సహాయము కొరకు ప్రార్థన,,https://waytochurch.com/lyrics/song/2718
02719-vishvaasamuthoa-vaeaodedi-vaar.json,2719,Vishvaasamuthoa Vaeaodedi Vaar,ఎ జకర్యా,5,1,1,full,Andhra Kristava Keerthanalu,విశ్వాస ప్రార్థన,unbroken-lines,https://waytochurch.com/lyrics/song/2719
02720-vishvaasa-phlithamulu-vishadha.json,2720,Vishvaasa Phlithamulu Vishadha,మురారి దావీదు,7,1,1,full,Andhra Kristava Keerthanalu,విశ్వాస ఫలితములు,unbroken-lines,https://waytochurch.com/lyrics/song/2720
02721-smdhiyamu-veedavae-naa-manasaa.json,2721,Smdhiyamu Veedavae Naa Manasaa,పురుషోత్తము చౌదరి,5,1,1,full,Andhra Kristava Keerthanalu,విశ్వాసమువలని విశ్రాంతి,unbroken-lines,https://waytochurch.com/lyrics/song/2721
02722-vishvaasamae-vijayamu-vinu-pri.json,2722,Vishvaasamae Vijayamu Vinu Pri,మురారి దావీదు,5,1,1,full,Andhra Kristava Keerthanalu,విశ్వాస విజయము,unbroken-lines,https://waytochurch.com/lyrics/song/2722
02723-song.json,2723,ఓ దేవ రక్షకా నే విశ్వాసంబుతో,రే పామర్,4,0,0,full,Andhra Kristava Keerthanalu,My faith look up to Thee,title-telugu-only,https://waytochurch.com/lyrics/song/2723
02724-nee-charanamulae-nammithi-nee.json,2724,Nee Charanamulae Nammithi Nee,,8,1,1,full,Andhra Kristava Keerthanalu,క్రీస్తును ఆశ్రయించుట,,https://waytochurch.com/lyrics/song/2724
02725-dhinadhinamuku-dhikku-neevae-m.json,2725,Dhinadhinamuku Dhikku Neevae M,గొల్లపల్లి నతానియేలు,7,1,1,full,Andhra Kristava Keerthanalu,దేవుఁడే మన దిక్కు,,https://waytochurch.com/lyrics/song/2725
02726-paadudhunu-kreesthu-paera-padh.json,2726,Paadudhunu Kreesthu Paera Padh,అల్లారి పెదవీరాస్వామి,5,1,1,full,Andhra Kristava Keerthanalu,క్రీస్తు పేరటఁ బాడుట,unbroken-lines,https://waytochurch.com/lyrics/song/2726
02727-jadiyakumu-nae-nae-yunnaanani.json,2727,Jadiyakumu Nae Nae Yunnaanani,బేతాళ జాన్,5,1,1,full,Andhra Kristava Keerthanalu,కష్టకాలమందు నోదార్పు,unbroken-lines,https://waytochurch.com/lyrics/song/2727
02729-manasu-nichchi-vinumaa-madhi-n.json,2729,Manasu Nichchi Vinumaa Madhi N,చెట్టి భానుమూర్తి,6,1,1,full,Andhra Kristava Keerthanalu,క్రీస్తుని వెంబడించుట,,https://waytochurch.com/lyrics/song/2729
02731-song.json,2731,యేసూ యాత్మ ప్రియుఁడా నిన్ను,చార్లెస్ వెస్లీ,4,0,0,full,Andhra Kristava Keerthanalu,"Jesus, Lover of my soul",unbroken-lines; title-telugu-only,https://waytochurch.com/lyrics/song/2731
02732-song.json,2732,మా శ్రమ లన్ని తీర్చితివి మాకు,బర్నార్డ్ మాన్సెల,4,0,0,full,Andhra Kristava Keerthanalu,Rest of the weary,title-telugu-only,https://waytochurch.com/lyrics/song/2732
02733-song.json,2733,అలసటపడ్డ నీవు దేవోక్తి విను,జాన్ మేసన్ నీ,6,0,0,full,Andhra Kristava Keerthanalu,"Art thou weary, art thou languid?",title-telugu-only,https://waytochurch.com/lyrics/song/2733
02734-emdhu-kae-chimthimchedhavu-naa.json,2734,Emdhu Kae Chimthimchedhavu Naa,పురుషోత్తము చౌదరి,4,1,1,full,Andhra Kristava Keerthanalu,క్రీస్తు ఎన్నటికి విడనాడు వాఁడు కాఁడు,unbroken-lines,https://waytochurch.com/lyrics/song/2734
02735-manamee-manumee-manasa-nee-van.json,2735,Manamee Manumee Manasa Nee Van,సి జేమ్సు,8,1,1,full,Andhra Kristava Keerthanalu,ప్రభుని హత్తుకొనుట,,https://waytochurch.com/lyrics/song/2735
02737-ennadu-nedaobaaya-nae-koladhi.json,2737,Ennadu Nedaobaaya Nae Koladhi,పులిపాక జగన్నాధము,3,1,1,full,Andhra Kristava Keerthanalu,దేవుఁడు తన పరిశుద్ధులను ఎన్నడు నెడబాయఁడు,,https://waytochurch.com/lyrics/song/2737
02738-jeevamaa-chimthimchakumdu-ninn.json,2738,Jeevamaa Chimthimchakumdu Ninn,మిక్కిలి సమూయేలు,3,1,1,full,Andhra Kristava Keerthanalu,రేపటిని గూర్చి చింతింపకుము,unbroken-lines,https://waytochurch.com/lyrics/song/2738
02739-bhayamu-nomdhakumu-kraisthava.json,2739,Bhayamu Nomdhakumu Kraisthava,విలియం డానన్,6,1,1,full,Andhra Kristava Keerthanalu,క్రైస్తవాదరణ,unbroken-lines,https://waytochurch.com/lyrics/song/2739
02740-yaesunaadhuni-saeva-yipudu-maa.json,2740,Yaesunaadhuni Saeva Yipudu Maa,,5,1,1,full,Andhra Kristava Keerthanalu,క్రైస్తవుల నిర్భయము,,https://waytochurch.com/lyrics/song/2740
02741-veruvanaela-manasaa-kreesthuni.json,2741,Veruvanaela Manasaa Kreesthuni,,6,1,1,full,Andhra Kristava Keerthanalu,క్రైస్తవ నిర్భయము,,https://waytochurch.com/lyrics/song/2741
02742-oa-dhaeva-naenu-nee-dhaapuna-n.json,2742,Oa Dhaeva Naenu Nee Dhaapuna N,మత్తయి సమూయేలు,4,1,1,full,Andhra Kristava Keerthanalu,దైవసన్నిధి,unbroken-lines,https://waytochurch.com/lyrics/song/2742
02743-yaesu-karuna-yidhiyae-maa-shar.json,2743,Yaesu Karuna Yidhiyae Maa Shar,మిక్కిలి సమూయేలు,4,1,1,full,Andhra Kristava Keerthanalu,క్రీస్తు కరుణయం దాశ్రయించుట,,https://waytochurch.com/lyrics/song/2743
02744-sharanuao-jochchithi-yaesunaad.json,2744,Sharanuao Jochchithi Yaesunaad,మిక్కిలి సమూయేలు,4,1,1,full,Andhra Kristava Keerthanalu,యేసు శరణుజొచ్చుట,,https://waytochurch.com/lyrics/song/2744
02745-yehoava-naa-kaapari-yiaokao-go.json,2745,Yehoava Naa Kaapari Yiaokao Go,మల్లెల సొలొమోను జార్జి,7,1,1,full,Andhra Kristava Keerthanalu,మంచికాపరి,,https://waytochurch.com/lyrics/song/2745
02746-sarvashakthuaoda-nirmalaathmua.json,2746,Sarvashakthuaoda Nirmalaathmua,చదలవాడ జోనా,7,1,1,full,Andhra Kristava Keerthanalu,యేసు సర్వశక్తుడు,,https://waytochurch.com/lyrics/song/2746
02747-sharanu-sharanu-yaesu-dhaevaa.json,2747,Sharanu Sharanu Yaesu Dhaevaa,మిక్కిలి సమూయేలు,6,1,1,full,Andhra Kristava Keerthanalu,యేసు మన యాశ్రయము,unbroken-lines,https://waytochurch.com/lyrics/song/2747
02748-song.json,2748,నాధా సముయేలు రీతి నీ యామోద శ,ఫ్రాన్సెస్ రిడ్లీ హవర్గల్,4,0,0,full,Andhra Kristava Keerthanalu,"Master, speak, Thy servant hearth",title-telugu-only,https://waytochurch.com/lyrics/song/2748
02749-naa-rakshkuni-vembadimthu-nannitan.json,2749,Naa Rakshkuni Vembadimthu Nannitan,విలియం ఆర్కట్ కషింగ్,3,0,0,full,Andhra Kristava Keerthanalu,Down in the valley,unbroken-lines,https://waytochurch.com/lyrics/song/2749
02750-song.json,2750,యేసూ నా ప్రభువా నీ ప్రేమ లే,ఏనీ షెర్పుడ్ హాక్స్,5,0,0,full,Andhra Kristava Keerthanalu,I need Thee every hour,unbroken-lines; title-telugu-only,https://waytochurch.com/lyrics/song/2750
02751-song.json,2751,ఓ దివ్యకాంతి మబ్బు కమ్మఁగా న,జాన్ హెన్రీ న్యూమేన్,3,0,0,full,Andhra Kristava Keerthanalu,"Lead, Kindly Light",unbroken-lines; title-telugu-only,https://waytochurch.com/lyrics/song/2751
02752-song.json,2752,నడ్పుమీ మహా యెహోవా లోక యాత్ర,విలియం విలియమ్స్,3,0,0,full,Andhra Kristava Keerthanalu,"Guide me, O Thou Great Jehovah",unbroken-lines; title-telugu-only,https://waytochurch.com/lyrics/song/2752
02753-komdala-thattu-naeao-goarketho.json,2753,Komdala Thattu Naeao Goarketho,మల్లెల దావీదు,7,1,1,full,Andhra Kristava Keerthanalu,దైవసహాయము,unbroken-lines,https://waytochurch.com/lyrics/song/2753
02754-song.json,2754,జీవమార్గమున్ యేసూ చూపవే నీవ,నికొలాస్ జింజెండార్ఫ్,4,0,0,full,Andhra Kristava Keerthanalu,"Jesus, still lead on",title-telugu-only,https://waytochurch.com/lyrics/song/2754
02755-song.json,2755,ఆహా నాకేమానందము శ్రీ యేసు నాచ,జె ఎచ్ గిల్మోర్,4,0,0,full,Andhra Kristava Keerthanalu,"He leadeth me, O blessed thought",unbroken-lines; title-telugu-only,https://waytochurch.com/lyrics/song/2755
02756-song.json,2756,యేసు మమ్ము నడిపించు నీదు కాప,ఓకబ్ చేంబర్లేన్,4,0,0,full,Andhra Kristava Keerthanalu,"Saviour, like a Shepherd lead us",unbroken-lines; title-telugu-only,https://waytochurch.com/lyrics/song/2756
02757-neevu-thoadai-yunnaojaalu-yaes.json,2757,Neevu Thoadai Yunnaojaalu Yaes,పులిపాక జగన్నాధము,4,1,1,full,Andhra Kristava Keerthanalu,యేసు తోడైయున్నఁ జాలును,unbroken-lines,https://waytochurch.com/lyrics/song/2757
02758-neevae-naa-priyuaodavu-yaesu-p.json,2758,Neevae Naa Priyuaodavu Yaesu P,పులిపాక జగన్నాధము,6,1,1,full,Andhra Kristava Keerthanalu,యేసుని ప్రేమ,,https://waytochurch.com/lyrics/song/2758
02759-oa-dhaevaa-nannuao-broava-need.json,2759,Oa Dhaevaa Nannuao Broava Need,ఎస్ ఎస్ షేతు,4,1,1,full,Andhra Kristava Keerthanalu,దేవుని నాశ్రయించుట,,https://waytochurch.com/lyrics/song/2759
02760-naadha-yaesu-naadha-kreesthu-n.json,2760,Naadha Yaesu Naadha Kreesthu N,పసుపులేటి దావీదు,6,1,1,full,Andhra Kristava Keerthanalu,క్రీస్తు విశ్వాసుల కాశ్రయము,,https://waytochurch.com/lyrics/song/2760
02761-naakai-cheelina-yuga-yugamula.json,2761,Naakai Cheelina Yuga Yugamula,తటవర్తి నారాయణస్వామి,5,1,1,full,Andhra Kristava Keerthanalu,యేసు మన ఆశ్రయ రక్షకుఁడు,unbroken-lines,https://waytochurch.com/lyrics/song/2761
02762-mukthiao-ganarae-mee-manmbula.json,2762,Mukthiao Ganarae Mee Manmbula,,6,1,1,full,Andhra Kristava Keerthanalu,ముక్తిఁ గనుట,,https://waytochurch.com/lyrics/song/2762
02763-yaesoo-naa-yaathma-rakshkumda.json,2763,Yaesoo Naa Yaathma Rakshkumda,మత్తయి సమూయేలు,7,1,1,full,Andhra Kristava Keerthanalu,యేసు నా ఆత్మ ప్రియుఁడు,unbroken-lines,https://waytochurch.com/lyrics/song/2763
02764-yaesu-naamm-beththi-paadudhama.json,2764,Yaesu Naamm Beththi Paadudhama,పురుషోత్తము చౌదరి,10,1,1,full,Andhra Kristava Keerthanalu,క్రైస్తవానుభవము,,https://waytochurch.com/lyrics/song/2764
02765-yaesu-bhakthavarulathoa-ni-vaa.json,2765,Yaesu Bhakthavarulathoa Ni Vaa,డేవిడ్ లైటన్,6,1,1,full,Andhra Kristava Keerthanalu,క్రీస్తు దాసుల సహవాసము,,https://waytochurch.com/lyrics/song/2765
02766-maa-yaesu-kreesthuni-maruaogu.json,2766,Maa Yaesu Kreesthuni Maruaogu,పురుషోత్తము చౌదరి,6,1,1,full,Andhra Kristava Keerthanalu,క్రీస్తునందు ఆనందించుట,unbroken-lines,https://waytochurch.com/lyrics/song/2766
02767-yaesunu-choochuta-yennatikoa-p.json,2767,Yaesunu Choochuta Yennatikoa P,,6,1,1,full,Andhra Kristava Keerthanalu,పరభాగ్యము కొరకు ఎదురుచూచుట,,https://waytochurch.com/lyrics/song/2767
02768-vaechiyumtini-nee-thattu-yaesu.json,2768,Vaechiyumtini Nee Thattu Yaesu,బూల జాన్,5,1,1,full,Andhra Kristava Keerthanalu,పరలోక నిరీక్షణ,unbroken-lines,https://waytochurch.com/lyrics/song/2768
02769-jeevamu-poavagan-dhaevuni-sann.json,2769,Jeevamu Poavagan Dhaevuni Sann,బర్నార్డ్ లూకాస్,5,1,1,full,Andhra Kristava Keerthanalu,క్రైస్తవునిమరణము,,https://waytochurch.com/lyrics/song/2769
02770-nidhurao-boayinatti-nee-paadha.json,2770,Nidhurao Boayinatti Nee Paadha,పులిపాక జగన్నాధము,5,1,1,full,Andhra Kristava Keerthanalu,భూస్థాపనము,unbroken-lines,https://waytochurch.com/lyrics/song/2770
02771-maranamunaku-vijaya-maedhi-mar.json,2771,Maranamunaku Vijaya Maedhi Mar,తూలూరి కొర్నేలియస్,7,1,1,full,Andhra Kristava Keerthanalu,విశ్వాసి పునరుత్ధానముEaster,,https://waytochurch.com/lyrics/song/2771
02772-laechu-dhinamu-vachchunu-mruth.json,2772,Laechu Dhinamu Vachchunu Mruth,మేడికాయల సాధువు,8,1,1,full,Andhra Kristava Keerthanalu,పునరుత్థాన దినముEaster,unbroken-lines,https://waytochurch.com/lyrics/song/2772
02773-song.json,2773,అంత్య దినమందు దూత బూర నూదు చు,,3,0,0,full,Andhra Kristava Keerthanalu,When the trumpet of the Lord shall sound,unbroken-lines; title-telugu-only,https://waytochurch.com/lyrics/song/2773
02774-song.json,2774,యేసుని చేతులందు యేసుని రొమ్ము,ఫ్రాన్సెస్ జీన్వేన్ ఆల్స్టీన్,3,0,0,full,Andhra Kristava Keerthanalu,Safe in the arms of Jesus,unbroken-lines; title-telugu-only,https://waytochurch.com/lyrics/song/2774
02775-song.json,2775,రవికాంతిని మించినదౌ ఒక దేశము,,3,0,0,full,Andhra Kristava Keerthanalu,There's a land that is fairer than day,unbroken-lines; title-telugu-only,https://waytochurch.com/lyrics/song/2775
02776-song.json,2776,సద్భక్తితోడ సాక్షులై నిత్య వి,విలియం వాల్షాం హో,5,0,0,full,Andhra Kristava Keerthanalu,For all the saints,title-telugu-only,https://waytochurch.com/lyrics/song/2776
02777-shrumgaara-dhvaarmbu-maa-yaesu.json,2777,Shrumgaara Dhvaarmbu Maa Yaesu,తూపిలి యోహాను,4,1,1,full,Andhra Kristava Keerthanalu,క్రీస్తు మోక్ష ద్వారము,,https://waytochurch.com/lyrics/song/2777
02778-dhaevadhaevuni-goppa-puramu-pa.json,2778,Dhaevadhaevuni Goppa Puramu Pa,తూపిలి దానియేలు,12,1,1,full,Andhra Kristava Keerthanalu,మోక్ష వర్ణన,,https://waytochurch.com/lyrics/song/2778
02779-yehoavaa-maa-thmdri-gaaaoda-ya.json,2779,Yehoavaa Maa Thmdri Gaaaoda Ya,పురుషోత్తము చౌదరి,6,1,1,full,Andhra Kristava Keerthanalu,మన బంధువులు,,https://waytochurch.com/lyrics/song/2779
02780-song.json,2780,నీదు సన్ని ధానమందు ఓ నా యేసుర,హెలెస్ లక్ష్మి గోరె,3,0,0,full,Andhra Kristava Keerthanalu,In the secret of His Presence,unbroken-lines; title-telugu-only,https://waytochurch.com/lyrics/song/2780
02781-goppa-dhaeva-naaku-thmdrivi-ya.json,2781,Goppa Dhaeva Naaku Thmdrivi Ya,పులిపాక జగన్నాథము,4,1,1,full,Andhra Kristava Keerthanalu,నీవు నా తండ్రివి,unbroken-lines,https://waytochurch.com/lyrics/song/2781
02782-ghanuaodaina-yehoavaa-gadhdhe.json,2782,Ghanuaodaina Yehoavaa Gadhdhe,విలియం డాసన్,3,1,1,full,Andhra Kristava Keerthanalu,సృష్టికర్త స్తుతి,unbroken-lines,https://waytochurch.com/lyrics/song/2782
02783-song.json,2783,గతకాలములయందు ఘనసహాయుడ దేవా హ,జాన్ చౌధరి,5,0,0,full,Andhra Kristava Keerthanalu,అనంత సహాయుడగు దేవుడు,unbroken-lines; title-telugu-only,https://waytochurch.com/lyrics/song/2783
02784-parimapuri-kalpabhooja-niratha.json,2784,Parimapuri Kalpabhooja Niratha,పాలపర్తి యాకోబు,5,1,1,full,Andhra Kristava Keerthanalu,త్ర్యేక దేవునికి స్తుతి,,https://waytochurch.com/lyrics/song/2784
02785-emtha-praemimchenoa-dhaevuaodu.json,2785,Emtha Praemimchenoa Dhaevuaodu,చదలవాడ జకర్యా,5,1,1,full,Andhra Kristava Keerthanalu,దేవుని ప్రేమ,unbroken-lines,https://waytochurch.com/lyrics/song/2785
02786-dhaevuni-goppa-praemanu-kalmbu.json,2786,Dhaevuni Goppa Praemanu Kalmbu,అనుః ఏ బి  మాసిలామణి,3,0,0,full,Andhra Kristava Keerthanalu,The Love of God,unbroken-lines,https://waytochurch.com/lyrics/song/2786
02787-song.json,2787,దైవ ప్రేమ పృథ్విలోని యన్నిట,చార్లెస్ వెస్లీ,3,0,0,full,Andhra Kristava Keerthanalu,"Love Divine, all love excelling",unbroken-lines; title-telugu-only,https://waytochurch.com/lyrics/song/2787
02788-song.json,2788,శాశ్వతుడా విస్మయమొంది నేను,కార్ల్ బోబెర్గ్,4,0,0,full,Andhra Kristava Keerthanalu,How Great Thou Art,unbroken-lines; title-telugu-only,https://waytochurch.com/lyrics/song/2788
02789-rammu-shree-yaesoo-sammathi-na.json,2789,Rammu Shree Yaesoo Sammathi Na,యేసుదాసు జీవరత్నము,4,1,1,full,Andhra Kristava Keerthanalu,పరిశుద్ధత కొరకు ప్రార్థించుట,unbroken-lines,https://waytochurch.com/lyrics/song/2789
02790-vimala-hrudhaya-mimmu-vidhithm.json,2790,Vimala Hrudhaya Mimmu Vidhithm,ఆల్ఫ్రెడ్ త్యాగరాజు పామర్,6,1,1,full,Andhra Kristava Keerthanalu,పవిత్ర హృదయము కొరకు ప్రార్థన,,https://waytochurch.com/lyrics/song/2790
02791-smpoorna-parishudhdhi-nimmu-sa.json,2791,Smpoorna Parishudhdhi Nimmu Sa,ఎస్ బి సైమస్,6,1,1,full,Andhra Kristava Keerthanalu,పరిశుద్ధత కొరకు ప్రార్థన,unbroken-lines,https://waytochurch.com/lyrics/song/2791
02793-song.json,2793,నీ చిత్తం బేను నీ చిత్తంబే నే,ఎ ఎ పొల్లార్,5,0,0,full,Andhra Kristava Keerthanalu,Have Thine own Way Lord,title-telugu-only,https://waytochurch.com/lyrics/song/2793
02794-song.json,2794,నాదు ప్రాణ మోప్రభో నేను నీకర,ఫ్రాన్సెస్ రిడ్లీ హవగ్గల్,3,0,0,full,Andhra Kristava Keerthanalu,"Take my life, and let it be",unbroken-lines; title-telugu-only,https://waytochurch.com/lyrics/song/2794
02796-song.json,2796,సమృద్ధి జీవము సంపత్తి నాకుఁగా,ఫ్రాన్సెస్ రిడ్లీ హవర్గల్,5,0,0,full,Andhra Kristava Keerthanalu,Thy life was given for me,title-telugu-only,https://waytochurch.com/lyrics/song/2796
02797-song.json,2797,సంపూర్ణ జీవము సంపత్తి నాకు గా,ఫ్రాన్సెస్ రిడ్లీ హవర్గల్,5,0,0,full,Andhra Kristava Keerthanalu,I gave my Life for Thee,title-telugu-only,https://waytochurch.com/lyrics/song/2797
02798-song.json,2798,నే నీవాఁడనై యుండఁ గోరెదన్ యేస,ఫ్రాన్సెస్ జేన్వేన్ ఆల్స్టీన్,4,0,0,full,Andhra Kristava Keerthanalu,"I am Thine, O Lord, I have heard Thy voice",unbroken-lines; title-telugu-only,https://waytochurch.com/lyrics/song/2798
02799-song.json,2799,యేసుసామి నీకు నేను నా సమస్త మ,,5,0,0,full,Andhra Kristava Keerthanalu,All of Jesus I surrender,unbroken-lines; title-telugu-only,https://waytochurch.com/lyrics/song/2799
02802-shree-yehoavaa-nee-kosmgedha-s.json,2802,Shree Yehoavaa Nee Kosmgedha S,వేశపోగు గుల్బానమ్మ,4,1,1,full,Andhra Kristava Keerthanalu,సంపూర్ణ సమర్పణము,,https://waytochurch.com/lyrics/song/2802
02803-jyoathiga-mamu-jaeyumoa-dhaeva.json,2803,Jyoathiga Mamu Jaeyumoa Dhaeva,పి డి శుభామణి,4,1,1,full,Andhra Kristava Keerthanalu,జ్యోతిగ మము జేయుము,unbroken-lines,https://waytochurch.com/lyrics/song/2803
02804-naenu-nee-vaaaodanu-dhaevaa-ni.json,2804,Naenu Nee Vaaaodanu Dhaevaa Ni,పులిపాక జగన్నాధము,5,1,1,full,Andhra Kristava Keerthanalu,నేను నీ సేవకుఁడను,unbroken-lines,https://waytochurch.com/lyrics/song/2804
02805-yaesu-naa-siluva-neththi-yipp.json,2805,Yaesu Naa Siluva Neththi Yipp,వంతగాని పరదేశి,4,1,1,full,Andhra Kristava Keerthanalu,Good Friday నా సిలువ,unbroken-lines,https://waytochurch.com/lyrics/song/2805
02806-srushtipithaa-sarvoannathaa-sa.json,2806,Srushtipithaa Sarvoannathaa Sa,డి వి డానియల్,7,1,1,full,Andhra Kristava Keerthanalu,సమర్పణ,,https://waytochurch.com/lyrics/song/2806
02807-konumu-maa-hrudhaymbu-lanu-nee.json,2807,Konumu Maa Hrudhaymbu Lanu Nee,మాధవభక్తుల దావీదు,8,1,1,full,Andhra Kristava Keerthanalu,సమర్పణ ప్రార్థన,unbroken-lines,https://waytochurch.com/lyrics/song/2807
02808-smthasmbuna-vaththu-sarvaeshva.json,2808,Smthasmbuna Vaththu Sarvaeshva,మొలతాటి విద్యానందము,4,1,1,full,Andhra Kristava Keerthanalu,క్రైస్తవ సేవ,unbroken-lines,https://waytochurch.com/lyrics/song/2808
02810-karunaayuthm-baukaaryamulu-kan.json,2810,Karunaayuthm Baukaaryamulu Kan,జొన్నకూటి దానియేలు,5,1,1,full,Andhra Kristava Keerthanalu,కఱుణాయుత కార్యములు,unbroken-lines,https://waytochurch.com/lyrics/song/2810
02811-song.json,2811,రేపు మాపు గూడరమ్య మైన గింజల్,కె షా,3,0,0,full,Andhra Kristava Keerthanalu,Sowing in the morning,unbroken-lines; title-telugu-only,https://waytochurch.com/lyrics/song/2811
02812-song.json,2812,పాపము వలనఁ చెడినవానిఁ ప్రేమతో,ఫ్రాన్సెస్ జేన్వేన్ ఆల్స్టీన్,4,0,0,full,Andhra Kristava Keerthanalu,"Rescue the perishing, care for the dying",unbroken-lines; title-telugu-only,https://waytochurch.com/lyrics/song/2812
02813-song.json,2813,జాగ్రత జాగ్రత యేసుఁ డిట్లు పి,,4,0,0,full,Andhra Kristava Keerthanalu,To the work! To the work!!,unbroken-lines; title-telugu-only,https://waytochurch.com/lyrics/song/2813
02815-song.json,2815,ఓడ్డుచేరి నీ యెదుట నిల్పునపుడ,,5,0,0,full,Andhra Kristava Keerthanalu,Must I go and empty handed,unbroken-lines; title-telugu-only,https://waytochurch.com/lyrics/song/2815
02816-shree-yaesuni-vaeaodu-manasaa.json,2816,Shree Yaesuni Vaeaodu Manasaa,బునమల్ల బెంజమిన్,4,1,1,full,Andhra Kristava Keerthanalu,క్రీస్తు కొరకు సేవ,,https://waytochurch.com/lyrics/song/2816
02817-prabhu-saeva-kidhiyae-samaymbu.json,2817,Prabhu Saeva Kidhiyae Samaymbu,,6,1,1,full,Andhra Kristava Keerthanalu,సేవ కిదే యుక్త సమయము,unbroken-lines,https://waytochurch.com/lyrics/song/2817
02818-evaru-kreesthu-vaipu-nunnaaru.json,2818,Evaru Kreesthu Vaipu Nunnaaru,టి గురవయ్య,3,1,1,full,Andhra Kristava Keerthanalu,ఎవరు ప్రభుని పక్షమున నున్నారు?,,https://waytochurch.com/lyrics/song/2818
02819-chaatuaodi-shubhavaarthanu-boa.json,2819,Chaatuaodi Shubhavaarthanu Boa,పులిపాక జగన్నాధము,6,1,1,full,Andhra Kristava Keerthanalu,సువార్త ప్రకటన,unbroken-lines,https://waytochurch.com/lyrics/song/2819
02820-aathmalanu-smpaadhimpao-nagu-a.json,2820,Aathmalanu Smpaadhimpao Nagu A,మల్లెల దావీదు,6,1,1,full,Andhra Kristava Keerthanalu,ఆత్మల సంపాదనము,unbroken-lines,https://waytochurch.com/lyrics/song/2820
02821-jayaprabhu-yaesune-vembadimchu.json,2821,Jayaprabhu Yaesune Vembadimchu,ఎ  చార్లెస్ కిన్సింగర్,5,1,1,full,Andhra Kristava Keerthanalu,యేసును వెంబడించుము,unbroken-lines,https://waytochurch.com/lyrics/song/2821
02822-bhaaramainadhi-saeva-maranamu.json,2822,Bhaaramainadhi Saeva Maranamu,కేసానపల్లి అబ్రహాము,3,1,1,full,Andhra Kristava Keerthanalu,సువార్త సేవాభారము,unbroken-lines,https://waytochurch.com/lyrics/song/2822
02823-yehoavayae-naa-mahaadhaevuaoda.json,2823,Yehoavayae Naa Mahaadhaevuaoda,జుటికె దావీదు,7,1,1,full,Andhra Kristava Keerthanalu,"దేవుని పనియు, మనుష్యుని పనియు",unbroken-lines,https://waytochurch.com/lyrics/song/2823
02824-vaaru-bhaagyavmthu-laudhuru-bh.json,2824,Vaaru Bhaagyavmthu Laudhuru Bh,విలియం డాసన్,4,1,1,full,Andhra Kristava Keerthanalu,ధన్యతలు,unbroken-lines,https://waytochurch.com/lyrics/song/2824
02825-chaalunu-loaka-bhoagamulu-chaa.json,2825,Chaalunu Loaka Bhoagamulu Chaa,బేతాళ జాన్,9,1,1,full,Andhra Kristava Keerthanalu,లోక సౌఖ్యత్యజనము,,https://waytochurch.com/lyrics/song/2825
02826-padharae-soadharulaara-pammapu.json,2826,Padharae Soadharulaara Pammapu,విలియం డానన్,7,1,1,full,Andhra Kristava Keerthanalu,క్రైస్తవ యాత్ర,unbroken-lines,https://waytochurch.com/lyrics/song/2826
02828-poapoavae-yoa-loakamaa-chaaliaokaojaalu-nee.json,2828,Poapoavae Yoa Loakamaa ChaaliAOkAOjaalu Nee,పురుషోత్తము ఛౌదరి,4,1,1,full,Andhra Kristava Keerthanalu,లోక విసర్జనము,unbroken-lines,https://waytochurch.com/lyrics/song/2828
02829-sakalaemdhriyamulaaraa-chaala.json,2829,Sakalaemdhriyamulaaraa Chaala,పురుషోత్తము చౌదరి,9,1,1,full,Andhra Kristava Keerthanalu,భక్తుని వృద్ధాప్యము,unbroken-lines,https://waytochurch.com/lyrics/song/2829
02830-aedhiyadhi-yaedhiyadhi-yaedhir.json,2830,Aedhiyadhi Yaedhiyadhi Yaedhir,మిక్కిలి సమూయేలు,7,1,1,full,Andhra Kristava Keerthanalu,మోక్షాపేక్ష,,https://waytochurch.com/lyrics/song/2830
02831-svmthathra-raajym-prabhuraajym.json,2831,Svmthathra Raajym Prabhuraajym,ఈ డి నిత్యానందము,5,1,1,full,Andhra Kristava Keerthanalu,మోక్ష రాజ్యము,unbroken-lines,https://waytochurch.com/lyrics/song/2831
02832-song.json,2832,శృంగార దేశము చేరఁగానే నా దుఃఖ,చార్లెస్ హోమర్ గాబ్రియేల్,4,0,0,full,Andhra Kristava Keerthanalu,When all my labours,unbroken-lines; title-telugu-only,https://waytochurch.com/lyrics/song/2832
02833-emthoa-shrumgaara-mainadhi-yae.json,2833,Emthoa Shrumgaara Mainadhi Yae,పురుషోత్తము చౌదరి,4,1,1,full,Andhra Kristava Keerthanalu,"గుమ్మములారా, మీ తలలు పైకెత్తుకొనుడి",unbroken-lines,https://waytochurch.com/lyrics/song/2833
02834-paramuloana-baramuloanao-paapa.json,2834,Paramuloana Baramuloanao Paapa,గొల్లపల్లి నతానియేలు,5,1,1,full,Andhra Kristava Keerthanalu,పరలోక భాగ్యము,,https://waytochurch.com/lyrics/song/2834
02837-mahima-mahima-mahima-yanuchu-s.json,2837,Mahima Mahima Mahima Yanuchu S,విలియం బెర్రి,3,1,1,full,Andhra Kristava Keerthanalu,పిల్లల మోక్షగానము,unbroken-lines,https://waytochurch.com/lyrics/song/2837
02838-paramaedhaesha-midhigoa-nootha.json,2838,Paramaedhaesha Midhigoa Nootha,మేడికాయల సాధువు,9,1,1,full,Andhra Kristava Keerthanalu,పరమ యెరుషలేము,,https://waytochurch.com/lyrics/song/2838
02839-vimdhu-parammdhuaobemdli-vimdh.json,2839,Vimdhu Parammdhuaobemdli Vimdh,బేతాళ జాన్,6,1,1,full,Andhra Kristava Keerthanalu,పరలోకపు విందు,,https://waytochurch.com/lyrics/song/2839
02840-chakkani-paraloaka-smbmdhulath.json,2840,Chakkani Paraloaka Smbmdhulath,చదలవాడ జకర్యా,6,1,1,full,Andhra Kristava Keerthanalu,పరలోక వర్ణన,,https://waytochurch.com/lyrics/song/2840
02841-dhaevara-broavumaa-dheena-kutu.json,2841,Dhaevara Broavumaa Dheena Kutu,చెట్టి భానుముర్తి,7,1,1,full,Andhra Kristava Keerthanalu,కుటుంబారాధన,,https://waytochurch.com/lyrics/song/2841
02842-prabhuvugan-prathishtimparae-g.json,2842,Prabhuvugan Prathishtimparae G,సి విజయ చార్లెస్,3,1,1,full,Andhra Kristava Keerthanalu,క్రీస్తును గృహమున ప్రతిష్టించుట,unbroken-lines,https://waytochurch.com/lyrics/song/2842
02843-yaesukreesthuni-dhaasulaaraa-m.json,2843,Yaesukreesthuni Dhaasulaaraa M,సి విజయ చార్లెస్,5,1,1,full,Andhra Kristava Keerthanalu,క్రైస్తవ గృహము,,https://waytochurch.com/lyrics/song/2843
02844-yehoava-ymdhu-bhakthi-bahuga-g.json,2844,Yehoava Ymdhu Bhakthi Bahuga G,వేశపోగు గుల్బానమ్మ,3,1,1,full,Andhra Kristava Keerthanalu,మాదిరి కుటుంబము,,https://waytochurch.com/lyrics/song/2844
02845-naenunu-naa-yimtivaarunu-neeth.json,2845,Naenunu Naa Yimtivaarunu Neeth,ఏ చార్లెస్ కిన్సింగర్,9,1,1,full,Andhra Kristava Keerthanalu,క్రైస్తవుని ప్రతిజ్ఞ,,https://waytochurch.com/lyrics/song/2845
02846-rammu-rammu-maa-yimtiki-thmdre.json,2846,Rammu Rammu Maa Yimtiki Thmdre,ఇ జి ఆనందము,4,1,1,full,Andhra Kristava Keerthanalu,క్రైస్తవ గృహము,,https://waytochurch.com/lyrics/song/2846
02847-emthoa-ramymbainadhi-bhoothala.json,2847,Emthoa Ramymbainadhi Bhoothala,ఎం ఆనందము,5,1,1,full,Andhra Kristava Keerthanalu,క్రైస్తవ గృహము,unbroken-lines,https://waytochurch.com/lyrics/song/2847
02849-song.json,2849,ఓ క్రీస్తు భక్తులారా నీతి నిమ,,3,0,0,full,Andhra Kristava Keerthanalu,O Chirstians leagued together,unbroken-lines; title-telugu-only,https://waytochurch.com/lyrics/song/2849
02850-song.json,2850,రేగత్వరపడకు ఓర్చుకో కోపి గోడ,,3,0,0,full,Andhra Kristava Keerthanalu,Be not swift to take offence,title-telugu-only,https://waytochurch.com/lyrics/song/2850
02851-maelukoni-yika-laechi-yaesuni.json,2851,Maelukoni Yika Laechi Yaesuni,చెట్టి భానుమూర్తి,5,1,1,full,Andhra Kristava Keerthanalu,మేలుకొలుపు,,https://waytochurch.com/lyrics/song/2851
02852-dhaevaadhi-dhaevaathmajaa-mamm.json,2852,Dhaevaadhi Dhaevaathmajaa Mamm,పురుషోత్తము చౌదరి,7,1,1,full,Andhra Kristava Keerthanalu,యువజనుల క్రీస్తునందు సంతోషించుట,,https://waytochurch.com/lyrics/song/2852
02853-bhaartha-kraisthava-yuvajanula.json,2853,Bhaartha Kraisthava Yuvajanula,చెట్టి భానుమూర్తి,4,1,1,full,Andhra Kristava Keerthanalu,క్రైస్తవ యువజనులారా క్రీస్తు కొరకు నిలువండి,,https://waytochurch.com/lyrics/song/2853
02854-dhaaniyaelvale-saahasimchudi-y.json,2854,Dhaaniyaelvale Saahasimchudi Y,బూదాల లైమన్,3,1,1,full,Andhra Kristava Keerthanalu,ధైర్యమునకుఁ బ్రేరేపణ,unbroken-lines,https://waytochurch.com/lyrics/song/2854
02855-yaesuvale-ila-naenumdedhanu-ya.json,2855,Yaesuvale Ila Naenumdedhanu Ya,పి విజయ చార్లెస్,7,1,1,full,Andhra Kristava Keerthanalu,యేసువలె జీవించుట,,https://waytochurch.com/lyrics/song/2855
02857-baalakaa-nee-varthanamu-gaa-pa.json,2857,Baalakaa Nee Varthanamu Gaa Pa,దాసరి మోజెస్,9,1,1,full,Andhra Kristava Keerthanalu,బాలల ప్రవర్తన,,https://waytochurch.com/lyrics/song/2857
02858-song.json,2858,శ్రీ యేసురీతిగాను ప్రేమింపఁ గ,,3,0,0,full,Andhra Kristava Keerthanalu,I want to be like Jesus,unbroken-lines; title-telugu-only,https://waytochurch.com/lyrics/song/2858
02859-chaethuleththi-vmdhanamulu-cha.json,2859,Chaethuleththi Vmdhanamulu Cha,నరెళ్ల సమూయేలు సుబ్బయ్య,4,1,1,full,Andhra Kristava Keerthanalu,యేసునకు స్తుతి,,https://waytochurch.com/lyrics/song/2859
02860-okka-manuju-derushlaemunumdi-y.json,2860,Okka Manuju Derushlaemunumdi Y,జి జాన్ తాతయ్య,6,1,1,full,Andhra Kristava Keerthanalu,మంచి సమరయ్యుడు,,https://waytochurch.com/lyrics/song/2860
02861-vaaru-dhanyu-laina-pillalu-bho.json,2861,Vaaru Dhanyu Laina Pillalu Bho,జాన్ హే,4,1,1,full,Andhra Kristava Keerthanalu,ధన్యులయిన పిల్లలు,unbroken-lines,https://waytochurch.com/lyrics/song/2861
02862-anukarimchedha-nae-nanudhinamu.json,2862,Anukarimchedha Nae Nanudhinamu,మల్లెల దావీదు,9,1,1,full,Andhra Kristava Keerthanalu,ఆదర్శుల ననుకరించుట,unbroken-lines,https://waytochurch.com/lyrics/song/2862
02863-song.json,2863,తండ్రి వంటివాఁడు మనకు ధరణిని బోషించువాఁడు దండ్రి ప్రియుఁ,దేవుఁడు బలే మంచివాఁడు ధరణిని బాలించువాఁడు ఈవుల నిచ్చువా,3,0,0,full,Andhra Kristava Keerthanalu,దేవుఁడు మంచివాఁడు,title-telugu-only,https://waytochurch.com/lyrics/song/2863
02864-hallelooya-nee-kallelooya-chal.json,2864,Hallelooya Nee Kallelooya Chal,,4,1,1,full,Andhra Kristava Keerthanalu,క్రైస్తవానందము,,https://waytochurch.com/lyrics/song/2864
02865-aa-chinna-vaariloa-naenumdi-yu.json,2865,Aa Chinna Vaariloa Naenumdi Yu,తూపిలి యోహాను,4,1,1,full,Andhra Kristava Keerthanalu,చిన్న పిల్లలను నిషేదింపవద్దు,unbroken-lines,https://waytochurch.com/lyrics/song/2865
02866-yaesuboali-mmchibudhdhi-yemthoa-prae.json,2866,Yaesuboali Mmchibudhdhi Yemthoa Prae,పి విజయ చార్లెస్,3,0,0,full,Andhra Kristava Keerthanalu,యేసును అనుకరించుట,unbroken-lines,https://waytochurch.com/lyrics/song/2866
02867-song.json,2867,దేవపుత్రులందఱు ఎంతో భాగ్యవంతు,,5,0,0,full,Andhra Kristava Keerthanalu,Blessed are the Sons of God,title-telugu-only,https://waytochurch.com/lyrics/song/2867
02868-ae-dhaeshasthulamaina-ae-jaath.json,2868,Ae Dhaeshasthulamaina Ae Jaath,సి విజయ చార్లెస్,2,1,1,full,Andhra Kristava Keerthanalu,క్రీస్తునందు బాలలు ఒక్కటే,unbroken-lines,https://waytochurch.com/lyrics/song/2868
02869-kalvariyunnmtha-dhoorm-vellenu.json,2869,Kalvariyunnmtha Dhoorm Vellenu,ఎవిలిన్ ప్రీస్ట్,7,1,1,full,Andhra Kristava Keerthanalu,Good Friday యేసు నా కొరకు ప్రాణమిచ్చెను,,https://waytochurch.com/lyrics/song/2869
02870-chinnabiddala-vinnapamula-nenn.json,2870,Chinnabiddala Vinnapamula Nenn,,4,1,1,full,Andhra Kristava Keerthanalu,స్తుతి గానము,,https://waytochurch.com/lyrics/song/2870
02871-kanyaa-garbhamuna-butti-karuna.json,2871,Kanyaa Garbhamuna Butti Karuna,మిక్కిలి దేవసహాయము,4,1,1,full,Andhra Kristava Keerthanalu,ఏలపాట,,https://waytochurch.com/lyrics/song/2871
02872-baala-yaesuni-joodarae-karu-na.json,2872,Baala Yaesuni Joodarae Karu Na,చెట్టి భానుమూర్తి,5,1,1,full,Andhra Kristava Keerthanalu,అభినయ క్రిస్మస్ గీతము,,https://waytochurch.com/lyrics/song/2872
02873-chinna-paraloakamanna-mana-hrudhaym-anna.json,2873,Chinna Paraloakamanna Mana Hrudhaym Anna,ఓగిరాల గాబ్రియేలు,4,0,0,full,Andhra Kristava Keerthanalu,చిన్న పరలోకము,,https://waytochurch.com/lyrics/song/2873
02874-song.json,2874,చిన్నవారి ప్రియ యేసు రక్షకా మ,,4,0,0,full,Andhra Kristava Keerthanalu,Jesus Gentle Saviour,title-telugu-only,https://waytochurch.com/lyrics/song/2874
02875-aasheervaadhamu-neeyuma-maa-pa.json,2875,Aasheervaadhamu Neeyuma Maa Pa,తూలూరి ప్రకాశము,5,1,1,full,Andhra Kristava Keerthanalu,బాలల జన్మ దినోత్సవము,unbroken-lines,https://waytochurch.com/lyrics/song/2875
02876-song.json,2876,నే బీద చిన్న పిల్లను నా బుద్ధ,సెసిల్ ఫ్రాన్సెస్ అలెగ్జాండర్,5,0,0,full,Andhra Kristava Keerthanalu,We are but little Children,title-telugu-only,https://waytochurch.com/lyrics/song/2876
02877-song.json,2877,ప్రకాశించుడి యను నాజ్ఞను ప్,ఎమిలి హంటింగ్టవ్ మిల్లర్,3,0,0,full,Andhra Kristava Keerthanalu,Jesus bids us shine,title-telugu-only,https://waytochurch.com/lyrics/song/2877
02878-song.json,2878,యేసు నన్నుఁ బ్రేమించి దాసు నన,అన్న చార్ట్లెట్ హర్నర్,3,0,0,full,Andhra Kristava Keerthanalu,"Jesus loves me, this I know",unbroken-lines; title-telugu-only,https://waytochurch.com/lyrics/song/2878
02879-jaym-jaym-hallelooya-jaym-jaya.json,2879,Jaym Jaym Hallelooya Jaym Jaya,ఎబిలిన్ ప్రీష్టి,3,1,1,full,Andhra Kristava Keerthanalu,యేసు నామమునకు జయము,,https://waytochurch.com/lyrics/song/2879
02880-baalakula-vinnapamu-laalimchu.json,2880,Baalakula Vinnapamu Laalimchu,,5,1,1,full,Andhra Kristava Keerthanalu,బాలల విన్నపము,,https://waytochurch.com/lyrics/song/2880
02881-raajaa-naa-dhaevaa-nannu-gaava.json,2881,Raajaa Naa Dhaevaa Nannu Gaava,జి పెద సమూయేలు,4,1,1,full,Andhra Kristava Keerthanalu,బాల ప్రార్థన,,https://waytochurch.com/lyrics/song/2881
02882-yaesunaadhaa-raaraaraa-maa-jee.json,2882,Yaesunaadhaa Raaraaraa Maa Jee,ఫిలిప్ బెంజమిన్,6,1,1,full,Andhra Kristava Keerthanalu,"యేసునాధా, రమ్ము",,https://waytochurch.com/lyrics/song/2882
02883-pilla-naina-nannuao-joodumee-p.json,2883,Pilla Naina Nannuao Joodumee P,పులిపాక జగన్నాధము,4,1,1,full,Andhra Kristava Keerthanalu,బాల ప్రార్థన,unbroken-lines,https://waytochurch.com/lyrics/song/2883
02884-dhaeva-kaavavae-naedu-mammulan.json,2884,Dhaeva Kaavavae Naedu Mammulan,,3,1,1,full,Andhra Kristava Keerthanalu,ఉదయ ప్రార్థన,,https://waytochurch.com/lyrics/song/2884
02885-dhaevakaavavae-raathri-mammula.json,2885,Dhaevakaavavae Raathri Mammula,,3,1,1,full,Andhra Kristava Keerthanalu,సాయంకాల ప్రార్థన,,https://waytochurch.com/lyrics/song/2885
02886-ghana-bhava-dhupakruthu-lanu-m.json,2886,Ghana Bhava Dhupakruthu Lanu M,మిక్కిలి నమూయేలు,3,1,1,full,Andhra Kristava Keerthanalu,ప్రభువైన యేసునకు స్తుతి,,https://waytochurch.com/lyrics/song/2886
02887-vijayageethamul-paadarae-krees.json,2887,Vijayageethamul Paadarae Krees,అల్లారి పెదవీరాస్వామి,3,1,1,full,Andhra Kristava Keerthanalu,రక్షకునియందలి విజయము,unbroken-lines,https://waytochurch.com/lyrics/song/2887
02888-yaesu-bhajanayae-manalanu-aa-s.json,2888,Yaesu Bhajanayae Manalanu Aa S,విలియం డాసన్,5,1,1,full,Andhra Kristava Keerthanalu,క్రీస్తు సేవా సాఫల్యత,,https://waytochurch.com/lyrics/song/2888
02889-choodumu-gethsemanae-thoataloa.json,2889,Choodumu Gethsemanae Thoataloa,,6,1,1,full,Andhra Kristava Keerthanalu,,unbroken-lines,https://waytochurch.com/lyrics/song/2889
02891-jaya-vijayamani-paadudhamaa-ja.json,2891,Jaya Vijayamani Paadudhamaa Ja,,2,1,1,full,Andhra Kristava Keerthanalu,,,https://waytochurch.com/lyrics/song/2891
02894-dhayachaeyumu-paapakshmaa-dhay.json,2894,Dhayachaeyumu Paapakshmaa Dhay,,4,1,1,full,Andhra Kristava Keerthanalu,,,https://waytochurch.com/lyrics/song/2894
02900-dhorakuthaavuraa-sahoadharaa.json,2900,Dhorakuthaavuraa Sahoadharaa,,10,1,1,full,Andhra Kristava Keerthanalu,,,https://waytochurch.com/lyrics/song/2900
02902-nammavadhdhu-nammavadhdhu-ee-m.json,2902,Nammavadhdhu Nammavadhdhu Ee M,,6,1,1,full,Andhra Kristava Keerthanalu,,,https://waytochurch.com/lyrics/song/2902
02903-song.json,2903,నరకమనునది నిరంతముండునయో ఆ ఘోర,,3,0,0,full,Andhra Kristava Keerthanalu,,unbroken-lines; title-telugu-only,https://waytochurch.com/lyrics/song/2903
02905-naa-nimiththamaayana-mahini-sh.json,2905,Naa Nimiththamaayana Mahini Sh,,8,1,1,full,Andhra Kristava Keerthanalu,,,https://waytochurch.com/lyrics/song/2905
02906-aanmdhm-dhinadhinm-aanmdhm-yaesuraaju-naa.json,2906,AanMdhM DhinadhinM AanMdhM Yaesuraaju Naa,,3,1,1,full,Andhra Kristava Keerthanalu,,unbroken-lines,https://waytochurch.com/lyrics/song/2906
02908-naa-priya-yaesunipai-aanukoni.json,2908,Naa Priya Yaesunipai Aanukoni,,6,1,1,full,Andhra Kristava Keerthanalu,,,https://waytochurch.com/lyrics/song/2908
02909-naa-smkatmbulanniyu-theeripoaye-smhaararadhootha.json,2909,Naa SMkatMbulanniyu Theeripoaye SMhaararadhootha Nannu,,7,1,1,full,Andhra Kristava Keerthanalu,Easter,,https://waytochurch.com/lyrics/song/2909
02914-prajalamae-vaegame-raare-nijad.json,2914,Prajalamae Vaegame Raare Nijad,,5,1,1,full,Andhra Kristava Keerthanalu,,,https://waytochurch.com/lyrics/song/2914
02915-prabhu-praema-tholikaeka-hrudh.json,2915,Prabhu Praema Tholikaeka Hrudh,,5,1,1,full,Andhra Kristava Keerthanalu,,unbroken-lines,https://waytochurch.com/lyrics/song/2915
02916-prabhu-yaesuni-vadhanamuloa-na.json,2916,Prabhu Yaesuni Vadhanamuloa Na,,3,1,1,full,Andhra Kristava Keerthanalu,,unbroken-lines,https://waytochurch.com/lyrics/song/2916
02917-idhigoa-nee-raaju-vachchuchumd.json,2917,Idhigoa Nee Raaju Vachchuchumd,,7,1,1,full,Andhra Kristava Keerthanalu,,,https://waytochurch.com/lyrics/song/2917
02919-praemaamruththadhaaralu-chimdh.json,2919,Praemaamruththadhaaralu Chimdh,,3,1,1,full,Andhra Kristava Keerthanalu,,unbroken-lines,https://waytochurch.com/lyrics/song/2919
02921-manulu-maanikyamulunnaa-maedam.json,2921,Manulu Maanikyamulunnaa Maedam,,4,1,1,full,Andhra Kristava Keerthanalu,,,https://waytochurch.com/lyrics/song/2921
02922-madhurm-madhurm-madhurm-yaesun.json,2922,Madhurm Madhurm Madhurm Yaesun,,6,1,1,full,Andhra Kristava Keerthanalu,,,https://waytochurch.com/lyrics/song/2922
02925-rammanuchunnaa-daesuraaju-rmdi.json,2925,Rammanuchunnaa Daesuraaju Rmdi,,4,1,1,full,Andhra Kristava Keerthanalu,,,https://waytochurch.com/lyrics/song/2925
02926-rammu-nee-tharunamidhae-pilac.json,2926,Rammu Nee Tharunamidhae Pilac,,6,1,1,full,Andhra Kristava Keerthanalu,,,https://waytochurch.com/lyrics/song/2926
02929-raeyimpagalu-nee-padhasaevae-y.json,2929,Raeyimpagalu Nee Padhasaevae Y,,7,1,1,full,Andhra Kristava Keerthanalu,,,https://waytochurch.com/lyrics/song/2929
02930-ee-jeevitha-eetha-eedhalaekunnaanu-naa.json,2930,Ee Jeevitha Eetha Eedhalaekunnaanu Naa,,7,1,1,full,Andhra Kristava Keerthanalu,,unbroken-lines,https://waytochurch.com/lyrics/song/2930
02931-ella-vaelalmdhu-kashtalammdhu-vallabhumdaa-yaesu.json,2931,Ella VaeLalMdhu KaShtalamMdhu VallabhuMdaa Yaesun,,7,1,1,full,Andhra Kristava Keerthanalu,,,https://waytochurch.com/lyrics/song/2931
02932-evani-athikramamulu-mannimpaba.json,2932,Evani Athikramamulu Mannimpaba,,9,1,1,full,Andhra Kristava Keerthanalu,,,https://waytochurch.com/lyrics/song/2932
02936-kreesthaesu-shakthinaamamellaru-keer.json,2936,Kreesthaesu Shakthinaamamellaru Keer,ఎ  చార్లెస్ కిన్సింగర్,7,0,0,full,Andhra Kristava Keerthanalu,క్రీస్తే రారాజు,,https://waytochurch.com/lyrics/song/2936
02937-song.json,2937,నాయేసు నామ శబ్దము ఎంతో యింపైన,జాన్ స్యూటన్,6,0,0,full,Andhra Kristava Keerthanalu,How Sweet the Name of Jesus Sounds,title-telugu-only,https://waytochurch.com/lyrics/song/2937
02938-song.json,2938,యేసు నామము స్మరించు బాధ నీకుఁ,ఎల్ చాక్ట్సర్,4,0,0,full,Andhra Kristava Keerthanalu,Take the Name of Jesus with you,unbroken-lines; title-telugu-only,https://waytochurch.com/lyrics/song/2938
02939-yaesu-naamaamruthamu-kannanu-v.json,2939,Yaesu Naamaamruthamu Kannanu V,గొల్లవల్లి నతానియేలు,4,1,1,full,Andhra Kristava Keerthanalu,వేరొక నామమున రక్షణ లేదు,,https://waytochurch.com/lyrics/song/2939
02940-yaesu-naama-memthoa-madhurm-ya.json,2940,Yaesu Naama Memthoa Madhurm Ya,పురుషోత్తము చౌధరి,5,1,1,full,Andhra Kristava Keerthanalu,యేసు నామము మధురము,,https://waytochurch.com/lyrics/song/2940
02941-yaesu-naamamae-paavanamu-maaku.json,2941,Yaesu Naamamae Paavanamu Maaku,పురుషోత్తమ చౌధరి,4,1,1,full,Andhra Kristava Keerthanalu,యేసు నామము పావనము,,https://waytochurch.com/lyrics/song/2941
02942-yaesae-bhagavannaamm-bhajimpa.json,2942,Yaesae Bhagavannaamm Bhajimpa,పి  రవివర్మ,5,1,1,full,Andhra Kristava Keerthanalu,యేసు నామస్మరణ,,https://waytochurch.com/lyrics/song/2942
02944-varanaamamae-sharanamu-sharana.json,2944,Varanaamamae Sharanamu Sharana,విలియం డాసన్,6,1,1,full,Andhra Kristava Keerthanalu,క్రీస్తు నామమే మన శరణము,,https://waytochurch.com/lyrics/song/2944
02945-shree-yaesu-dhivya-naamasmaran.json,2945,Shree Yaesu Dhivya Naamasmaran,వంతగాని పరదేశి,12,1,1,full,Andhra Kristava Keerthanalu,యేసు నామస్మరణ,,https://waytochurch.com/lyrics/song/2945
02946-raaraajagu-yaesuninaamm-ramymb.json,2946,Raaraajagu Yaesuninaamm Ramymb,పి  రవివర్మ,5,1,1,full,Andhra Kristava Keerthanalu,రారాజగు యేసు,unbroken-lines,https://waytochurch.com/lyrics/song/2946
02947-dhaevuni-praema-yidhigoa-janul.json,2947,Dhaevuni Praema Yidhigoa Janul,గొల్లపల్లి నతానియేలు,15,1,1,full,Andhra Kristava Keerthanalu,క్రీస్తునందు ప్రత్యక్షమైన దేవుని ప్రేమ,,https://waytochurch.com/lyrics/song/2947
02948-seeyoanukanyaa-smbhramapaduchu.json,2948,Seeyoanukanyaa Smbhramapaduchu,,4,1,1,full,Andhra Kristava Keerthanalu,ఇదిగో నీ రాజు నీ యొద్దకు వచ్చుచున్నాడు,,https://waytochurch.com/lyrics/song/2948
02949-dhraakshaavallini-naenu-dhraak.json,2949,Dhraakshaavallini Naenu Dhraak,ఎం జే  రామాంజులు,6,1,1,full,Andhra Kristava Keerthanalu,"ద్రాక్షావల్లి, తీగెలు",,https://waytochurch.com/lyrics/song/2949
02950-idhigoa-shubhadha-rakshnamu-dh.json,2950,Idhigoa Shubhadha Rakshnamu Dh,పురుషోత్తమ చౌధరి,4,1,1,full,Andhra Kristava Keerthanalu,క్రీస్తుని గూర్చి ప్రవచనములు,unbroken-lines,https://waytochurch.com/lyrics/song/2950
02951-vinare-manujulaara-kreesthuao.json,2951,Vinare Manujulaara Kreesthuao,పురుషోత్తముచౌధరి,16,1,1,full,Andhra Kristava Keerthanalu,లాజరును తిరిగి బ్రతికించుట,,https://waytochurch.com/lyrics/song/2951
02952-amdhamaina-kreesthu-katha-mee.json,2952,Amdhamaina Kreesthu Katha Mee,పురుషోత్తము చౌధరి,4,1,1,full,Andhra Kristava Keerthanalu,పుట్టుగ్రుడ్డికిఁ జూపునిచ్చుట,unbroken-lines,https://waytochurch.com/lyrics/song/2952
02953-kanare-yaesuni-prathyakshmbu-a.json,2953,Kanare Yaesuni Prathyakshmbu A,తూలూరి ప్రకాశము,7,1,1,full,Andhra Kristava Keerthanalu,యేసుక్రీస్తు ప్రత్యక్షత,unbroken-lines,https://waytochurch.com/lyrics/song/2953
02954-naerchukonarae-yaesuvaaduka-la.json,2954,Naerchukonarae Yaesuvaaduka La,ఈతకోట ప్రకాశము,7,1,1,full,Andhra Kristava Keerthanalu,యేసును అనుకరించుట,,https://waytochurch.com/lyrics/song/2954
02955-evaru-bhaagyavmthu-laudhu-rava.json,2955,Evaru Bhaagyavmthu Laudhu Rava,పురుషోత్తము చౌధరి,6,1,1,full,Andhra Kristava Keerthanalu,ధన్యతలు,,https://waytochurch.com/lyrics/song/2955
02956-vinarayya-narulaaraa-vishvaasa.json,2956,Vinarayya Narulaaraa Vishvaasa,పురుషోత్తము చౌధరి,5,1,1,full,Andhra Kristava Keerthanalu,క్రీస్తు వాక్యము పతితపావనము,unbroken-lines,https://waytochurch.com/lyrics/song/2956
02957-aelaativaaaodoa-kaani-yee-yaes.json,2957,Aelaativaaaodoa Kaani Yee Yaes,తూసిలి బెంజిమిన్,5,1,1,full,Andhra Kristava Keerthanalu,క్రీస్తు తుఫానును నిమ్మళపర్చుట,,https://waytochurch.com/lyrics/song/2957
02958-yaesu-vasthrapu-chemgunu-maath.json,2958,Yaesu Vasthrapu Chemgunu Maath,తూపిలి బెంజిమిన్,5,1,1,full,Andhra Kristava Keerthanalu,వ్యాధి బాధితురాలిని స్వస్థపర్చుట,,https://waytochurch.com/lyrics/song/2958
02959-vimthagala-maa-yaesu-praemanu.json,2959,Vimthagala Maa Yaesu Praemanu,తూపిలి బెంజిమిన్,3,1,1,full,Andhra Kristava Keerthanalu,యేసు ప్రేమను స్తుతించుట,unbroken-lines,https://waytochurch.com/lyrics/song/2959
02960-yaesukreesthu-prabhuvaa-maemu.json,2960,Yaesukreesthu Prabhuvaa Maemu,గొల్లవల్లి నతానియేలు,6,1,1,full,Andhra Kristava Keerthanalu,క్రీస్తుని దయ,,https://waytochurch.com/lyrics/song/2960
02962-yaesukreesthu-dhorike-naeni-ya.json,2962,Yaesukreesthu Dhorike Naeni Ya,గొల్లపల్లి నతానియేలు,7,1,1,full,Andhra Kristava Keerthanalu,యేసే మన సమస్తము,,https://waytochurch.com/lyrics/song/2962
02963-yaesuni-praemanu-naemaarakanu.json,2963,Yaesuni Praemanu Naemaarakanu,దొరసామి ఆరోగ్యము,5,1,1,full,Andhra Kristava Keerthanalu,యేసుని ప్రేమ స్మరణ,unbroken-lines,https://waytochurch.com/lyrics/song/2963
02964-yaesuvmti-priya-bmdhuaodu-naak.json,2964,Yaesuvmti Priya Bmdhuaodu Naak,పురుషోత్తమ చౌధరి,7,1,1,full,Andhra Kristava Keerthanalu,యేసు మన ప్రియబంధువు,,https://waytochurch.com/lyrics/song/2964
02965-aemi-laedhu-sumee-jagamuloa-ya.json,2965,Aemi Laedhu Sumee Jagamuloa Ya,విలియం డాసన్,3,1,1,full,Andhra Kristava Keerthanalu,క్రీస్తు ప్రేమ సాటిలేనిది,unbroken-lines,https://waytochurch.com/lyrics/song/2965
02966-song.json,2966,శ్రేష్ఠుఁడెల్లవారిలోను మా యేస,జాన్ న్యూటన్,4,0,0,full,Andhra Kristava Keerthanalu,One There is above all others,unbroken-lines; title-telugu-only,https://waytochurch.com/lyrics/song/2966
02967-annaa-mana-yaesu-prabhuni-kann.json,2967,Annaa Mana Yaesu Prabhuni Kann,రావూరి లక్ష్మయ్య,5,1,1,full,Andhra Kristava Keerthanalu,యేసే రక్షకుఁడు,,https://waytochurch.com/lyrics/song/2967
02968-idugoa-gorrelakaapari-soadharu.json,2968,Idugoa Gorrelakaapari Soadharu,పురుషోత్తము చౌధరి,9,1,1,full,Andhra Kristava Keerthanalu,యేసు గొఱ్ఱెల మంచి కాపరి,unbroken-lines,https://waytochurch.com/lyrics/song/2968
02969-eeyanaa-yaesu-rakshkudu-thana.json,2969,Eeyanaa Yaesu Rakshkudu Thana,మిక్కిలి నమూయేలు,5,1,1,full,Andhra Kristava Keerthanalu,ఆశ్చర్యకరమగు క్రీస్తు ప్రేమ,unbroken-lines,https://waytochurch.com/lyrics/song/2969
02971-yaesuraaju-needhu-praema-nemch.json,2971,Yaesuraaju Needhu Praema Nemch,చదలవాడ తామస్,7,1,1,full,Andhra Kristava Keerthanalu,పాపియెడల యేసు ప్రేమ,,https://waytochurch.com/lyrics/song/2971
02972-oa-vimtha-naa-rakshkuaodaa-na.json,2972,Oa Vimtha Naa Rakshkuaodaa Na,తామస్ హీలిన్,3,1,1,full,Andhra Kristava Keerthanalu,క్రీస్తుని అద్భుత ప్రేమ,unbroken-lines,https://waytochurch.com/lyrics/song/2972
02973-parama-rakshka-yaesu-prabhuvaa.json,2973,Parama Rakshka Yaesu Prabhuvaa,రావూరి రంగయ్య,5,1,1,full,Andhra Kristava Keerthanalu,క్రీస్తు పాపికి ఆశ్రయము,unbroken-lines,https://waytochurch.com/lyrics/song/2973
02974-paapi-kaashrayuaodavu-neevae-y.json,2974,Paapi Kaashrayuaodavu Neevae Y,మిక్కిలి నమూయేలు,7,1,1,full,Andhra Kristava Keerthanalu,యేసు పాపికి ఆశ్రయుఁడు,,https://waytochurch.com/lyrics/song/2974
02975-yaesu-shishyulaku-neruka-jaesi.json,2975,Yaesu Shishyulaku Neruka Jaesi,పురుషోత్తమ చౌధరి,3,1,1,full,Andhra Kristava Keerthanalu,క్రీస్తు తన శ్రమలను గూర్చి ప్రవచించుట,,https://waytochurch.com/lyrics/song/2975
02977-paapulayeda-kree-sthuni-priya.json,2977,Paapulayeda Kree Sthuni Priya,పురుషోత్తము చౌధరి,4,1,1,full,Andhra Kristava Keerthanalu,క్రీస్తుని యద్భుత ప్రేమ,unbroken-lines,https://waytochurch.com/lyrics/song/2977
02978-choodarae-kreesthuni-joodarae.json,2978,Choodarae Kreesthuni Joodarae,పురుషోత్తమ చౌధరి,3,1,1,full,Andhra Kristava Keerthanalu,Good Friday సిలువ ధ్యానము,unbroken-lines,https://waytochurch.com/lyrics/song/2978
02979-vmdhanm-neekae-vmdhanm-parishu.json,2979,Vmdhanm Neekae Vmdhanm Parishu,రావూరి దావీదు,6,1,1,full,Andhra Kristava Keerthanalu,గాయపర్చఁబడిన పరిశుద్ధ శిరస్సు,unbroken-lines,https://waytochurch.com/lyrics/song/2979
02980-aahaa-yemthati-shramalao-bomdh.json,2980,Aahaa Yemthati Shramalao Bomdh,కొత్తపల్లి జాన్,4,1,1,full,Andhra Kristava Keerthanalu,క్రీస్తు మరణము,,https://waytochurch.com/lyrics/song/2980
02982-aidhu-gaayamu-lomdhinaavaa-naa.json,2982,Aidhu Gaayamu Lomdhinaavaa Naa,బేతాళ్ జాన్,7,1,1,full,Andhra Kristava Keerthanalu,క్రీస్తు మరణ శ్రమల ధ్యానము,unbroken-lines,https://waytochurch.com/lyrics/song/2982
02984-yaesunaadhuni-siluvapaini-vaes.json,2984,Yaesunaadhuni Siluvapaini Vaes,జుటిక దావీదు,7,1,1,full,Andhra Kristava Keerthanalu,Good Friday యేసు పై మనదోషము మోపబడెను,,https://waytochurch.com/lyrics/song/2984
02985-ennaodu-gaamchedhamoa-yaesuni.json,2985,Ennaodu Gaamchedhamoa Yaesuni,గొల్లపల్లి నతానియేలు,5,1,1,full,Andhra Kristava Keerthanalu,క్రీస్తు శ్రమల ధ్యానము,,https://waytochurch.com/lyrics/song/2985
02986-aa-ymdhakaarmpu-raeyiloa-krees.json,2986,Aa Ymdhakaarmpu Raeyiloa Krees,పురుషోత్తమ చౌధరి,5,1,1,full,Andhra Kristava Keerthanalu,ఆయన అప్పగింపఁబడిన రాత్రి,unbroken-lines,https://waytochurch.com/lyrics/song/2986
02988-ayyoa-naadhagu-ghoarapaapamu-g.json,2988,Ayyoa Naadhagu Ghoarapaapamu G,యెద్దు దానియేలు,6,1,1,full,Andhra Kristava Keerthanalu,Good Friday సిలువ ధ్యానము,unbroken-lines,https://waytochurch.com/lyrics/song/2988
02990-sirulella-vrudha-kaaaogao-pari.json,2990,Sirulella Vrudha Kaaaogao Pari,విలియం డాసన్,3,1,1,full,Andhra Kristava Keerthanalu,Good Friday క్రీస్తు సిలువయే మన మహిమ,unbroken-lines,https://waytochurch.com/lyrics/song/2990
02991-chaediyalu-gumpugoodiri-kreest.json,2991,Chaediyalu Gumpugoodiri Kreest,,2,1,1,full,Andhra Kristava Keerthanalu,Good Friday స్త్రీలు సిలువచెంత ధ్యానించుట,unbroken-lines,https://waytochurch.com/lyrics/song/2991
02992-kalavari-mettapai-kalavara-mettidho-siluvetuloar.json,2992,Kalavari Mettapai Kalavara Mettidho Siluvetuloarchithivoa,చెట్టి భానుమూర్తి,5,1,1,full,Andhra Kristava Keerthanalu,Good Friday యేసు శాంతికరుడు,,https://waytochurch.com/lyrics/song/2992
02993-kalvari-girijaeru-manasaa-silv.json,2993,Kalvari Girijaeru Manasaa Silv,పంతగాని పరదేశి,9,1,1,full,Andhra Kristava Keerthanalu,Good Friday సిలువ ధ్యానము,,https://waytochurch.com/lyrics/song/2993
02994-emdhuaoboayedhavoa-haa-prabhur.json,2994,Emdhuaoboayedhavoa Haa Prabhur,రావూరి రంగయ్య,6,1,1,full,Andhra Kristava Keerthanalu,Good Friday సిలువమోయు యేసు,,https://waytochurch.com/lyrics/song/2994
02995-siluvaloa-vraelaadu-prabhuvae.json,2995,Siluvaloa Vraelaadu Prabhuvae,రావూరి రంగయ్య,8,1,1,full,Andhra Kristava Keerthanalu,Good Friday సిలువను జూడుఁడి,unbroken-lines,https://waytochurch.com/lyrics/song/2995
02996-aemi-naermbulaeka-yaa-maranast.json,2996,Aemi Naermbulaeka Yaa Maranast,బేతాళ జాన్,14,1,1,full,Andhra Kristava Keerthanalu,Good Friday సిలువ ధ్యానము,unbroken-lines,https://waytochurch.com/lyrics/song/2996
02997-naa-yanna-raaaogadhae-oa-yaesu.json,2997,Naa Yanna Raaaogadhae Oa Yaesu,పురుషోత్తము చౌధరి,4,1,1,full,Andhra Kristava Keerthanalu,Good Friday సిలువ యెదుట హృదయవేదన,unbroken-lines,https://waytochurch.com/lyrics/song/2997
02998-karunasaagara-veevaekaavaa-maranamomdha-sil.json,2998,Karunasaagara Veevaekaavaa Maranamomdha Sil,గొల్లపల్లి నతానియేలు,5,0,0,full,Andhra Kristava Keerthanalu,Good Friday సిలువ శ్రమలు,unbroken-lines,https://waytochurch.com/lyrics/song/2998
02999-emtha-goppa-bobba-puttenu-dhaa.json,2999,Emtha Goppa Bobba Puttenu Dhaa,ముంగమూరి దేవదాసు,4,1,1,full,Andhra Kristava Keerthanalu,Good Friday సిలువ మరణము,unbroken-lines,https://waytochurch.com/lyrics/song/2999
03000-harshmae-yemthoa-harshmae-kree.json,3000,Harshmae Yemthoa Harshmae Kree,మిక్కిలి సమూయేలు,7,1,1,full,Andhra Kristava Keerthanalu,క్రీస్తుని యాశ్చర్యమైన మరణము,unbroken-lines,https://waytochurch.com/lyrics/song/3000
03001-naa-korakuao-chanipoayi-naaaod.json,3001,Naa Korakuao Chanipoayi Naaaod,మిక్కిలి సమూయేలు,6,1,1,full,Andhra Kristava Keerthanalu,యేసుక్రీస్తు మరణావస్థ ధ్యానము,unbroken-lines,https://waytochurch.com/lyrics/song/3001
03002-song.json,3002,గాయంబుతో నిండారు ఓ శుద్ధ శిరస,బెర్నార్డ్ క్లైర్ వాక్స్,5,0,0,full,Andhra Kristava Keerthanalu,O Sacred Head once wounded,unbroken-lines; title-telugu-only,https://waytochurch.com/lyrics/song/3002
03003-song.json,3003,సిల్వయొద్దఁ జేరుదున్ బీద హీనయ,డబల్యు మెక్డోనాల్డ్,5,0,0,full,Andhra Kristava Keerthanalu,I am coming to the Cross,unbroken-lines; title-telugu-only,https://waytochurch.com/lyrics/song/3003
03006-raajulaku-raajaina-yee-mana-vi.json,3006,Raajulaku Raajaina Yee Mana Vi,ఎస్  జేమ్సు,7,1,1,full,Andhra Kristava Keerthanalu,క్రీస్తుని శ్రమల ధ్యానము,,https://waytochurch.com/lyrics/song/3006
03007-emthoa-dhuhkhamuao-bomdhithiva.json,3007,Emthoa Dhuhkhamuao Bomdhithiva,బూదాల లైమన్,6,1,1,full,Andhra Kristava Keerthanalu,Good Friday సిలువలోని దైవ ప్రేమ,unbroken-lines,https://waytochurch.com/lyrics/song/3007
03008-siluvanu-moasithivaa-naa-korak.json,3008,Siluvanu Moasithivaa Naa Korak,,4,1,1,full,Andhra Kristava Keerthanalu,Good Friday క్రీస్తుని సిలువ,unbroken-lines,https://waytochurch.com/lyrics/song/3008
03009-aemaashcharyamu-priyulaaraa-kr.json,3009,Aemaashcharyamu Priyulaaraa Kr,పురుషోత్తము చౌధరి,3,1,1,full,Andhra Kristava Keerthanalu,Good Friday ఆశ్చర్యకరమైన సిలువ,unbroken-lines,https://waytochurch.com/lyrics/song/3009
03010-apu-darchakaadhu-luppomgiri-pr.json,3010,Apu Darchakaadhu Luppomgiri Pr,పురుషోత్తము చౌధరి,3,1,1,full,Andhra Kristava Keerthanalu,Good Friday సిలువ,unbroken-lines,https://waytochurch.com/lyrics/song/3010
03011-shree-yaesunae-bhajimchu-naa-m.json,3011,Shree Yaesunae Bhajimchu Naa M,యెషయా వీరమార్టిన్,5,1,1,full,Andhra Kristava Keerthanalu,యేసు భజన,,https://waytochurch.com/lyrics/song/3011
03012-yaesuni-bhajiyimpavae-manasaa.json,3012,Yaesuni Bhajiyimpavae Manasaa,రావూరి లక్ష్మయ్య,5,1,1,full,Andhra Kristava Keerthanalu,క్రైస్తవ విశ్వాసమునకు( బ్రేరేపణ,unbroken-lines,https://waytochurch.com/lyrics/song/3012
03014-yaesubhajanasaeyavae-dhoasapum.json,3014,Yaesubhajanasaeyavae Dhoasapum,ఓగిరాల గాబ్రియేలు,4,1,1,full,Andhra Kristava Keerthanalu,యేసు నామ భజన,,https://waytochurch.com/lyrics/song/3014
03016-idhigoa-neethibhaaskarumdu-udh.json,3016,Idhigoa Neethibhaaskarumdu Udh,చెట్టి భానుమూర్తి,5,1,1,full,Andhra Kristava Keerthanalu,నీతి సూర్యుఁడు,,https://waytochurch.com/lyrics/song/3016
03017-chaerikolvuaodi-kreesthuni-paa.json,3017,Chaerikolvuaodi Kreesthuni Paa,కాజా అనంతము,8,1,1,full,Andhra Kristava Keerthanalu,క్రీస్తును కొలుచుట,,https://waytochurch.com/lyrics/song/3017
03018-aemi-naenu-samarpimthu-yaesoo.json,3018,Aemi Naenu Samarpimthu Yaesoo,పులిపాక జగన్నాధము,5,1,1,full,Andhra Kristava Keerthanalu,యేసున కేమి సమర్పించుదును?,unbroken-lines,https://waytochurch.com/lyrics/song/3018
03019-sarvadhaeshamulaaraa-shree-yae.json,3019,Sarvadhaeshamulaaraa Shree Yae,నరెళ్ల నమూయేలు సుబ్బయ్య,5,1,1,full,Andhra Kristava Keerthanalu,దైవ స్తుతి,,https://waytochurch.com/lyrics/song/3019
03020-sarva-loaka-sm-poojyaa-namoanamoa-sarv.json,3020,Sarva Loaka Sm Poojyaa Namoanamoa Sarv,చెట్టి భానుమూర్తి,5,0,0,full,Andhra Kristava Keerthanalu,క్రీస్తుకు నమోనమః,,https://waytochurch.com/lyrics/song/3020
03021-namoa-yaesunaadhaa-naadhaa-nam.json,3021,Namoa Yaesunaadhaa Naadhaa Nam,ఇ జి  ఆనందము,3,1,1,full,Andhra Kristava Keerthanalu,యేసును స్తుతించుట,,https://waytochurch.com/lyrics/song/3021
03022-vmdhanamayyaa-yaesu-neeku-vmdh.json,3022,Vmdhanamayyaa Yaesu Neeku Vmdh,పురుషోత్తమ చౌధరి,3,1,1,full,Andhra Kristava Keerthanalu,యేసునకు వందనము,unbroken-lines,https://waytochurch.com/lyrics/song/3022
03023-kreesthunaayaka-nee-dhayaalini.json,3023,Kreesthunaayaka Nee Dhayaalini,మిక్కిలి నమూయేలు,8,1,1,full,Andhra Kristava Keerthanalu,యేసుక్రీస్తుకు స్తుతి,,https://waytochurch.com/lyrics/song/3023
03024-naa-rakshkaa-yaesunaadha-immaa.json,3024,Naa Rakshkaa Yaesunaadha Immaa,తిరుకోవళ్లూరి స్టీవెన్,8,1,1,full,Andhra Kristava Keerthanalu,క్రీస్తునకు స్తుతి,,https://waytochurch.com/lyrics/song/3024
03025-yaesu-padhaambuja-sharanm-nara.json,3025,Yaesu Padhaambuja Sharanm Nara,చెట్టి భానుమూర్తి,5,1,1,full,Andhra Kristava Keerthanalu,యేసు శరణు,,https://waytochurch.com/lyrics/song/3025
03026-dhaevaathma-jayoa-dheenadhayaa.json,3026,Dhaevaathma Jayoa Dheenadhayaa,చెట్టి భానుమూర్తి,4,1,1,full,Andhra Kristava Keerthanalu,యేసు దీనదయాళుడు,,https://waytochurch.com/lyrics/song/3026
03028-yaesu-kreesthuaodu-nithya-dhae.json,3028,Yaesu Kreesthuaodu Nithya Dhae,గొల్లపల్లి నతానియేలు,8,1,1,full,Andhra Kristava Keerthanalu,క్రీస్తు దైవత్వము,,https://waytochurch.com/lyrics/song/3028
03029-song.json,3029,దేవుని నీతి ప్రతాపం భువి యేసు,ఏ బి మాసిలామణి,4,0,0,full,Andhra Kristava Keerthanalu,యేసుక్రీస్తు దేవుడు,unbroken-lines; title-telugu-only,https://waytochurch.com/lyrics/song/3029
03030-dhaeva-kumaaraa-dheenoapakaara.json,3030,Dhaeva Kumaaraa Dheenoapakaara,మిక్కిలి నమూయేలు,6,1,1,full,Andhra Kristava Keerthanalu,దేవకుమారునికి స్తోత్రము,,https://waytochurch.com/lyrics/song/3030
03031-song.json,3031,శ్రీ రక్షకుని నామము కీర్తించి,ఎడ్వర్డ్ సెర్రొనెట్,5,0,0,full,Andhra Kristava Keerthanalu,All hail the power of Jesus Name,title-telugu-only,https://waytochurch.com/lyrics/song/3031
03032-song.json,3032,సుందర రక్షకా సృష్టియొక్క నాధ,ఎం గెసాంగ్‌బుచ్,4,0,0,full,Andhra Kristava Keerthanalu,Beautiful Saviour,title-telugu-only,https://waytochurch.com/lyrics/song/3032
03033-song.json,3033,స్తుతి స్తుతి సదయుఁడైన యేసు న,ఫేనీ క్రాస్బీ,3,0,0,full,Andhra Kristava Keerthanalu,"Praise Him,Praise Him",unbroken-lines; title-telugu-only,https://waytochurch.com/lyrics/song/3033
03034-song.json,3034,పాపల్ హోసన్నా పాటల్ పాడిన రీత,తియోడల్ప్ అర్లియన్స్,3,0,0,full,Andhra Kristava Keerthanalu,"All glory, land, and honour",unbroken-lines; title-telugu-only,https://waytochurch.com/lyrics/song/3034
03035-song.json,3035,నా యాత్మ నీలో మేల్కొని దయాళున,ఎస్ మెడ్లే,3,0,0,full,Andhra Kristava Keerthanalu,Awake my soul is joyful lays,title-telugu-only,https://waytochurch.com/lyrics/song/3035
03036-song.json,3036,మమున్ సృజించిన దేవుండు ప్రాణమ,చార్లెస్ వెస్లీ,5,0,0,full,Andhra Kristava Keerthanalu,"Rejoice, the Lord is King",title-telugu-only,https://waytochurch.com/lyrics/song/3036
03037-song.json,3037,నమస్కరింప రండి దావీదు పుత్రున,జేమ్స్ మాంట్ గోమరీ,4,0,0,full,Andhra Kristava Keerthanalu,Hali to the Lord's Anointed,unbroken-lines; title-telugu-only,https://waytochurch.com/lyrics/song/3037
03038-neevu-naa-dhaevumdavai-yu-nnaa.json,3038,Neevu Naa Dhaevumdavai Yu Nnaa,,5,1,1,full,Andhra Kristava Keerthanalu,క్రీస్తును స్తుతించుట,,https://waytochurch.com/lyrics/song/3038
03039-mmgalamuaobaadare-kreesthunaku.json,3039,Mmgalamuaobaadare Kreesthunaku,పురుషోత్తము చౌధరి,3,1,1,full,Andhra Kristava Keerthanalu,క్రీస్తునకు మంగళార్చన,unbroken-lines,https://waytochurch.com/lyrics/song/3039
03041-vmdhanamae-yaesunaku-varusugun.json,3041,Vmdhanamae Yaesunaku Varusugun,పురుషోత్తము చౌధరి,5,1,1,full,Andhra Kristava Keerthanalu,క్రీస్తునకు మంగళార్చన,,https://waytochurch.com/lyrics/song/3041
03042-mmgalmbani-paadarae-kreesthuku.json,3042,Mmgalmbani Paadarae Kreesthuku,పురుషోత్తము చౌధరి,3,1,1,full,Andhra Kristava Keerthanalu,క్రీస్తునకు మంగళ స్తోత్రము,unbroken-lines,https://waytochurch.com/lyrics/song/3042
03043-kreesthuyaesuku-mmgalm-maa-kee.json,3043,Kreesthuyaesuku Mmgalm Maa Kee,రవివర్మ,5,1,1,full,Andhra Kristava Keerthanalu,క్రీస్తు యేసునకు మంగళహారతి,,https://waytochurch.com/lyrics/song/3043
03044-mmgalamu-kreesthunaku-mahitha.json,3044,Mmgalamu Kreesthunaku Mahitha,బేతాళ జాన్,6,1,1,full,Andhra Kristava Keerthanalu,మంగళార్చన,unbroken-lines,https://waytochurch.com/lyrics/song/3044
03045-prabhu-maargamulaymdhe-bhayabh.json,3045,Prabhu Maargamulaymdhe Bhayabh,బేతాళ జాన్,8,1,1,full,Andhra Kristava Keerthanalu,దైవాశీర్వాదము,,https://waytochurch.com/lyrics/song/3045
03046-koarukoni-yunnaamu-yaesu-prabh.json,3046,Koarukoni Yunnaamu Yaesu Prabh,విలియం డాసన్,4,1,1,full,Andhra Kristava Keerthanalu,వివాహము,unbroken-lines,https://waytochurch.com/lyrics/song/3046
03047-kaanaapurmbuloaao-gadu-vimthag.json,3047,Kaanaapurmbuloaao Gadu Vimthag,పులిపాక జగన్నాధము,5,1,1,full,"Andhra Kristava Keerthanalu, మంగళము",Marriage,unbroken-lines,https://waytochurch.com/lyrics/song/3047
03048-maanavula-maelu-koraku-jnyaani.json,3048,Maanavula Maelu Koraku Jnyaani,,4,1,1,full,"Andhra Kristava Keerthanalu, వివాహము",Marriage,,https://waytochurch.com/lyrics/song/3048
03050-song.json,3050,మానవ జ్ఞానంబును మించినట్టి మా,డోరతి ఫ్రాన్సెస్ గుర్నీ,3,0,0,full,Andhra Kristava Keerthanalu,O Perfect Love,title-telugu-only,https://waytochurch.com/lyrics/song/3050
03051-song.json,3051,ఏదేన్ వనంబునందు ఆది వివాహమున్,జాన్ కెబిల్,6,0,0,full,Andhra Kristava Keerthanalu,The voice that breathed o'er Eden,title-telugu-only,https://waytochurch.com/lyrics/song/3051
03052-dhaevaa-maa-gruhmbunu-sadhayu.json,3052,Dhaevaa Maa Gruhmbunu Sadhayu,దాసరి మోజెస్,8,1,1,full,Andhra Kristava Keerthanalu,దేవా! మా యింటిని దీవింపుము,unbroken-lines,https://waytochurch.com/lyrics/song/3052
03053-dheevimchu-dhaevaa-nee-biddala.json,3053,Dheevimchu Dhaevaa Nee Biddala,పి పి శుభామణి,7,1,1,full,Andhra Kristava Keerthanalu,గృహప్రవేశము,,https://waytochurch.com/lyrics/song/3053
03054-ilao-puchchukonuta-kanna-nemth.json,3054,Ilao Puchchukonuta Kanna Nemth,మల్లెల దావీదు,3,1,1,full,Andhra Kristava Keerthanalu,పుచ్చుకొనుటకన్న ఇచ్చుట ధన్యత,unbroken-lines,https://waytochurch.com/lyrics/song/3054
03055-iyyudi-meekiyyabadunani-iyyaga.json,3055,Iyyudi Meekiyyabadunani Iyyaga,జి జాన్ తాతయ్య,6,1,1,full,Andhra Kristava Keerthanalu,దాతృత్వము,,https://waytochurch.com/lyrics/song/3055
03056-dhashamu-bhaagamu-lella-dhaevu.json,3056,Dhashamu Bhaagamu Lella Dhaevu,కూచిపూడి రాజరత్నము,5,1,1,full,Andhra Kristava Keerthanalu,దశమ భాగము,unbroken-lines,https://waytochurch.com/lyrics/song/3056
03057-sthuthiyu-mahimayu-neeke-kshit.json,3057,Sthuthiyu Mahimayu Neeke Kshit,ముంగమూరి దేవదాసు,7,1,1,full,Andhra Kristava Keerthanalu,ఔదార్యము,unbroken-lines,https://waytochurch.com/lyrics/song/3057
03058-dhaathruthvamunu-galigi-perugu.json,3058,Dhaathruthvamunu Galigi Perugu,మోర్త ప్రకాశము,10,1,1,full,Andhra Kristava Keerthanalu,క్రైస్తవ దాతృత్వము,,https://waytochurch.com/lyrics/song/3058
03059-ichchunatti-vidhamu-theliymdi.json,3059,Ichchunatti Vidhamu Theliymdi,బన్యన్ జోసఫ్,3,1,1,full,Andhra Kristava Keerthanalu,క్రైస్తవ దాతృత్వము,unbroken-lines,https://waytochurch.com/lyrics/song/3059
03061-song.json,3061,మేమిచ్చు కానుకల్ నీవే మాకిచ్చ,విలియం వాల్షా హౌ,6,0,0,full,Andhra Kristava Keerthanalu,We give Thee but Thine own,title-telugu-only,https://waytochurch.com/lyrics/song/3061
03062-parama-thmdri-ninnu-mae-mee-pa.json,3062,Parama Thmdri Ninnu Mae Mee Pa,యెషయా వీరమార్టిన్,8,1,1,full,Andhra Kristava Keerthanalu,ఉత్సవ కీర్తన,,https://waytochurch.com/lyrics/song/3062
03064-aedhi-sakhuda-yaedhi-nee-madhi.json,3064,Aedhi Sakhuda Yaedhi Nee Madhi,చెట్టి భానుమూర్తి,5,1,1,full,Andhra Kristava Keerthanalu,కృతజ్ఞతార్పణల పండుగ,,https://waytochurch.com/lyrics/song/3064
03065-saarvajagathiki-smrakshkudu-sv.json,3065,Saarvajagathiki Smrakshkudu Sv,బండారు సుజ్ఞానము,3,1,1,full,Andhra Kristava Keerthanalu,ప్రథమ ఫలములు,,https://waytochurch.com/lyrics/song/3065
03066-koaaotha-yajamaanumda-sthoathr.json,3066,Koaaotha Yajamaanumda Sthoathr,కడియం గాబ్రియేలు,11,1,1,full,Andhra Kristava Keerthanalu,కోఁత యజమానుఁడు,,https://waytochurch.com/lyrics/song/3066
03067-nuthi-saeyanu-laevae-yoa-manas.json,3067,Nuthi Saeyanu Laevae Yoa Manas,వంతగాని పరదేశి,4,1,1,full,Andhra Kristava Keerthanalu,వందనార్పణము,unbroken-lines,https://waytochurch.com/lyrics/song/3067
03068-yehoava-sannidhini-nee-sthoath.json,3068,Yehoava Sannidhini Nee Sthoath,గుంజా వెంకటరత్నము,5,1,1,full,Andhra Kristava Keerthanalu,కోఁత పండుగ,,https://waytochurch.com/lyrics/song/3068
03069-sthuthiyimthumoa-prabhuvaa-shu.json,3069,Sthuthiyimthumoa Prabhuvaa Shu,బి ఇ దేవరాజు,4,1,1,full,Andhra Kristava Keerthanalu,ప్రభువా నిన్ను స్తుతింతుము,unbroken-lines,https://waytochurch.com/lyrics/song/3069
03070-ee-gudiymdhu-pravaeshimpan-yae.json,3070,Ee Gudiymdhu Pravaeshimpan Yae,సి ఎం రఫాయేలు,7,1,1,full,Andhra Kristava Keerthanalu,ఆలయ ప్రతిష్ఠ,,https://waytochurch.com/lyrics/song/3070
03071-yehoavaa-nee-mahima-sthavamu-y.json,3071,Yehoavaa Nee Mahima Sthavamu Y,పురుషోత్తము చౌదరి,5,1,1,full,Andhra Kristava Keerthanalu,మందిరార్పణము,unbroken-lines,https://waytochurch.com/lyrics/song/3071
03072-aalimchu-maa-praarthana-maa-ra.json,3072,Aalimchu Maa Praarthana Maa Ra,పులిపాక జగన్నాధము,5,1,1,full,Andhra Kristava Keerthanalu,మందిరార్పణము,unbroken-lines,https://waytochurch.com/lyrics/song/3072
03073-sukhulaaraa-smghmpu-badi-smbhmbunaku-naarumadi.json,3073,Sukhulaaraa SMghMpu Badi SMbhMbunaku Naarumadi,మల్లెల దావీదు,7,1,1,full,Andhra Kristava Keerthanalu,సంఘపు బడి ప్రాముఖ్యత,,https://waytochurch.com/lyrics/song/3073
03074-mana-dhaeshmbuna-kreesthu-suva.json,3074,Mana Dhaeshmbuna Kreesthu Suva,మల్లెల దావీదు,5,1,1,full,Andhra Kristava Keerthanalu,బైబిలు స్త్రీల సేవ,unbroken-lines,https://waytochurch.com/lyrics/song/3074
03075-paraloaka-bhooloakmbulakunu-br.json,3075,Paraloaka Bhooloakmbulakunu Br,మల్లెల దావీదు,5,1,1,full,Andhra Kristava Keerthanalu,అపోస్తలుల విశ్వాస ప్రమాణము,,https://waytochurch.com/lyrics/song/3075
03076-thryaeka-dhaevuaoda-yehoava-dh.json,3076,Thryaeka Dhaevuaoda Yehoava Dh,మార్తాండ జ్ఞాన ప్రకాశము,7,1,1,full,Andhra Kristava Keerthanalu,అపోస్తలుల విశ్వాస ప్రమాణము,unbroken-lines,https://waytochurch.com/lyrics/song/3076
03077-song.json,3077,విశ్వాకాశము లాదులను సృష్టించి,ఎస్ వి సైమన్,8,0,0,full,Andhra Kristava Keerthanalu,The Creed,unbroken-lines; title-telugu-only,https://waytochurch.com/lyrics/song/3077
03078-yaesuva-jayamuthoa-yerushlaemu.json,3078,Yaesuva Jayamuthoa Yerushlaemu,బన్యన్ జోసఫ్,6,1,1,full,Andhra Kristava Keerthanalu,మట్టలాదివారము,,https://waytochurch.com/lyrics/song/3078
03079-yaesuprabhuvu-yerooshlaemu-pra.json,3079,Yaesuprabhuvu Yerooshlaemu Pra,గేరా ప్రేమయ్య,7,1,1,full,Andhra Kristava Keerthanalu,మట్టలాదివారము,,https://waytochurch.com/lyrics/song/3079
03080-manoavilasithmbau-dhinmbu-mahi.json,3080,Manoavilasithmbau Dhinmbu Mahi,ఇ జి ఆనందము,6,1,1,full,Andhra Kristava Keerthanalu,మట్టలాదివారము,,https://waytochurch.com/lyrics/song/3080
03081-siluvaekadhaa-chimthasadhaamah.json,3081,Siluvaekadhaa Chimthasadhaamah,రావూరి రంగయ్య,8,1,1,full,Andhra Kristava Keerthanalu,Good Friday సిలువ ఘనత,,https://waytochurch.com/lyrics/song/3081
03084-jnyaanu-laaraadhimchiri-yaesu.json,3084,Jnyaanu Laaraadhimchiri Yaesu,బేతాళ జాన్,4,1,1,full,Andhra Kristava Keerthanalu,జ్ఞానులు క్రీస్తును ఆరాధించుట,unbroken-lines,https://waytochurch.com/lyrics/song/3084
03085-geethamulu-paaduaodee-yaesunik.json,3085,Geethamulu Paaduaodee Yaesunik,మురారి దావీదు,4,1,1,full,Andhra Kristava Keerthanalu,బాల యేసుకు గీతాంజలి,unbroken-lines,https://waytochurch.com/lyrics/song/3085
03086-raare-choothumu-raajasuthudee.json,3086,Raare Choothumu Raajasuthudee,చెట్టి భానుమూర్తి,4,1,1,full,Andhra Kristava Keerthanalu,Christmas రారాజు జన్మదినము,,https://waytochurch.com/lyrics/song/3086
03087-yaesunaadhuni-yoadhulmdharu-va.json,3087,Yaesunaadhuni Yoadhulmdharu Va,మత్తయి నమూయేలు,5,1,1,full,Andhra Kristava Keerthanalu,క్రిస్మసు వర్తమానము,unbroken-lines,https://waytochurch.com/lyrics/song/3087
03090-choodarae-maaraeaodu-putti-naa.json,3090,Choodarae Maaraeaodu Putti Naa,జాన్ చౌధరి,4,1,1,full,Andhra Kristava Keerthanalu,Christmas రక్షకుని రాక,,https://waytochurch.com/lyrics/song/3090
03092-laalilaali-laali-laalamma-laal.json,3092,Laalilaali Laali Laalamma Laal,తిరుకోవళ్లూరి స్టీవెన్,5,1,1,full,Andhra Kristava Keerthanalu,Christmas క్రీస్తుని మహిమ,,https://waytochurch.com/lyrics/song/3092
03093-raare-gollavaaralaaraa-naeti-r.json,3093,Raare Gollavaaralaaraa Naeti R,,2,1,1,full,Andhra Kristava Keerthanalu,గొల్లల గానము,unbroken-lines,https://waytochurch.com/lyrics/song/3093
03094-ishraayaeleeyula-dhaevumdae-ye.json,3094,Ishraayaeleeyula Dhaevumdae Ye,మల్లెల దావీదు,8,1,1,full,Andhra Kristava Keerthanalu,జెకర్యా పాట,,https://waytochurch.com/lyrics/song/3094
03095-naadhu-praanamu-prabhuni-migul.json,3095,Naadhu Praanamu Prabhuni Migul,భవవాసి నమూయేలు,9,1,1,full,Andhra Kristava Keerthanalu,కన్య మరియ పాట,,https://waytochurch.com/lyrics/song/3095
03096-nee-samaadhaanamu-dhaasuni-kip.json,3096,Nee Samaadhaanamu Dhaasuni Kip,నమూయేలు పాక్యవాధము,3,1,1,full,Andhra Kristava Keerthanalu,సుమెయోను పాట,,https://waytochurch.com/lyrics/song/3096
03101-song.json,3101,క్రైస్తవులారా లెండి యీనాడు క,జాన్ బైరొం,5,0,0,full,Andhra Kristava Keerthanalu,"Christians awake, salute the happy morn",unbroken-lines; title-telugu-only,https://waytochurch.com/lyrics/song/3101
03102-song.json,3102,హాయి లోకమా ప్రభువచ్చెన్ అంగ,ఐజక్ వాట్స్,4,0,0,full,Andhra Kristava Keerthanalu,"Joy to the world, The Lord is come",title-telugu-only,https://waytochurch.com/lyrics/song/3102
03103-song.json,3103,రండి పాడ దూతలారా నిండు సంతోషం,జేమ్సు మాంట్ గోమరీ,5,0,0,full,Andhra Kristava Keerthanalu,Angles from the realms of glory,unbroken-lines; title-telugu-only,https://waytochurch.com/lyrics/song/3103
03104-vachchigaabriyaelu-palkenu-mar.json,3104,Vachchigaabriyaelu Palkenu Mar,పురుషోత్తమ చౌదరి,3,1,1,full,Andhra Kristava Keerthanalu,దూత మరియను దర్శించుట,unbroken-lines,https://waytochurch.com/lyrics/song/3104
03106-song.json,3106,వేకువచుక్కల శ్రేష్ఠమౌ దానా మ,రెజినాల్డ్ హెబర్,5,0,0,full,Andhra Kristava Keerthanalu,Brightest and Best of the Sons,title-telugu-only,https://waytochurch.com/lyrics/song/3106
03107-udhayinchinaadu-kristhudu-nedu.json,3107,Udhayinchinaadu Kristhudu Nedu,పురుషోత్తమ చౌదరి,2,1,1,full,Andhra Kristava Keerthanalu,'నేడు రక్షకుడు మీకు పుట్టీయున్నడు'Christmas,unbroken-lines,https://waytochurch.com/lyrics/song/3107
03108-koniyaada-dharame-ninnu-koama.json,3108,Koniyaada Dharame Ninnu Koama,వంతగాని పరదేశి,6,1,1,full,Andhra Kristava Keerthanalu,"బాలయేసునకు స్వాగతము,Christmas",unbroken-lines,https://waytochurch.com/lyrics/song/3108
03110-putte-yaesuaodu-naeaodu-manaku.json,3110,Putte Yaesuaodu Naeaodu Manaku,ఫేలిక్స్ ఆండ్రు,3,1,1,full,Andhra Kristava Keerthanalu,Christmas మెస్సీయా జన్మము,,https://waytochurch.com/lyrics/song/3110
03111-raeaodu-messeeya-janmimchenu-s.json,3111,Raeaodu Messeeya Janmimchenu S,ఎస్  జేమ్స్,7,1,1,full,Andhra Kristava Keerthanalu,మెస్సీయా జన్మము,unbroken-lines,https://waytochurch.com/lyrics/song/3111
03113-emthoa-ghanamaguvaaralu-parish.json,3113,Emthoa Ghanamaguvaaralu Parish,బన్యన్ జోసఫ్,8,1,1,full,Andhra Kristava Keerthanalu,ఘనమగు పరిశుద్ధులు,unbroken-lines,https://waytochurch.com/lyrics/song/3113
03114-madhyapaana-priyulu-gaakumdi-p.json,3114,Madhyapaana Priyulu Gaakumdi P,నేలటూరి లూకర్,5,1,1,full,Andhra Kristava Keerthanalu,మద్యపానములోని మోసము,unbroken-lines,https://waytochurch.com/lyrics/song/3114
03115-parama-vaidhyuaoda-bhaaratheey.json,3115,Parama Vaidhyuaoda Bhaaratheey,మల్లెల దావీదు,8,1,1,full,Andhra Kristava Keerthanalu,క్రీస్తు అనుగ్రహించు స్వస్థత,,https://waytochurch.com/lyrics/song/3115
03116-dhyaanimpa-nae-chiththamaa-var.json,3116,Dhyaanimpa Nae Chiththamaa Var,పులిపాక జగన్నాధము,7,1,1,full,Andhra Kristava Keerthanalu,సంవత్సరాంత్య ధ్యానము,unbroken-lines,https://waytochurch.com/lyrics/song/3116
03118-ghanadhaeva-priya-thanayumdaa.json,3118,Ghanadhaeva Priya Thanayumdaa,గొల్లపల్లి అంద్రెయ్య,6,1,1,full,Andhra Kristava Keerthanalu,క్రొత్త వత్సరము,unbroken-lines,https://waytochurch.com/lyrics/song/3118
03120-dhaivapraema-manalanepudu-bmdh.json,3120,Dhaivapraema Manalanepudu Bmdh,ఎ చార్లెస్ కిన్సింగర్,4,1,1,full,Andhra Kristava Keerthanalu,ప్రభువు మీతో నుండుగాక,,https://waytochurch.com/lyrics/song/3120
03121-sthoathramu-saeyarae-soadharul.json,3121,Sthoathramu Saeyarae Soadharul,గొల్లపల్లి నతానియేలు,7,1,1,full,Andhra Kristava Keerthanalu,వీడ్కోలు శుభములు,,https://waytochurch.com/lyrics/song/3121
03122-song.json,3122,స్నేహంపు బంధమా శుభంబు నొందుమా,జాన్ ఫాసెట్,4,0,0,full,Andhra Kristava Keerthanalu,Blest be the tie that binds,title-telugu-only,https://waytochurch.com/lyrics/song/3122
03123-song.json,3123,ముందు కందరును జేరను ఎందు బోయి,జెర్మియా ఇ రేంకిన్,4,0,0,full,Andhra Kristava Keerthanalu,God be with you till we meet again,unbroken-lines; title-telugu-only,https://waytochurch.com/lyrics/song/3123
03124-dhaeshasaevaojaesi-dhaeva-dhaa.json,3124,Dhaeshasaevaojaesi Dhaeva Dhaa,మార్తాండ జ్ఞాన ప్రకాశము,5,1,1,full,Andhra Kristava Keerthanalu,మాతృదేశ సేవ,unbroken-lines,https://waytochurch.com/lyrics/song/3124
03125-song.json,3125,జనగణ మన అధినాయక జయహే భారత భాగ,,5,0,0,full,Andhra Kristava Keerthanalu,జాతీయ గీతము,title-telugu-only,https://waytochurch.com/lyrics/song/3125
03126-prabhuvaa-mammunudheevimchi-pm.json,3126,Prabhuvaa Mammunudheevimchi Pm,మొలతాటి విద్యానందము,3,1,1,full,Andhra Kristava Keerthanalu,ఆరాధన ముగింపు,unbroken-lines,https://waytochurch.com/lyrics/song/3126
03127-song.json,3127,పితా సుతా వరాత్మక త్రియేక,,1,0,0,full,Andhra Kristava Keerthanalu,,title-telugu-only,https://waytochurch.com/lyrics/song/3127
03128-song.json,3128,స్తోత్రించుడి సృష్టికర్తన్ తం,,1,0,0,full,Andhra Kristava Keerthanalu,,unbroken-lines; title-telugu-only,https://waytochurch.com/lyrics/song/3128
03129-yehoava-ninnu-aasheervadhimchi-kaa-paa.json,3129,Yehoava Ninnu Aasheervadhimchi Kaa Paa,వై వందనం విల్సన్,1,0,0,full,Andhra Kristava Keerthanalu,,unbroken-lines,https://waytochurch.com/lyrics/song/3129
03130-song.json,3130,ప్రియమైనట్టి నా యాత్మ స్తోత్ర,జె నియాండెర్,5,0,0,full,Andhra Kristava Keerthanalu,"Praise to the Lord, the Almighty",title-telugu-only,https://waytochurch.com/lyrics/song/3130
03131-song.json,3131,క్రీస్తు సిల్వ నాకు గొప్ప యౌన,జాన్ బౌరింగ్,4,0,0,full,Andhra Kristava Keerthanalu,In the cross of christ I Glory,title-telugu-only,https://waytochurch.com/lyrics/song/3131
03132-song.json,3132,దేవుండవైన యాత్మ రా నీ వారి న,మార్టిన్ లూధర్,6,0,0,full,Andhra Kristava Keerthanalu,"Come holy spirit, God and Lord",title-telugu-only,https://waytochurch.com/lyrics/song/3132
03133-song.json,3133,ఆత్మ శృంగారించు కొమ్ము పాప గ,జె ఫ్రాంక్,5,0,0,full,Andhra Kristava Keerthanalu,Deck thyself with joy and gladness,unbroken-lines; title-telugu-only,https://waytochurch.com/lyrics/song/3133
03134-song.json,3134,దేవుండు ప్రేమ రక్షించె నన్ను,ఎ రిస్పీ,7,0,0,full,Andhra Kristava Keerthanalu,Got Ist die Lie be,title-telugu-only,https://waytochurch.com/lyrics/song/3134
03135-mahima-noppu-janaka-neeku-mahi.json,3135,Mahima Noppu Janaka Neeku Mahi,యెషయా వీరమార్టిన్,2,1,1,full,Andhra Kristava Keerthanalu,త్ర్యేక దేవ మహిమ,,https://waytochurch.com/lyrics/song/3135
03136-kaluguaogaaka-dhaevaa-kaluguao.json,3136,Kaluguaogaaka Dhaevaa Kaluguao,పులిపాక జగన్నాధము,3,1,1,full,Andhra Kristava Keerthanalu,దైవాశీర్వాదము,,https://waytochurch.com/lyrics/song/3136
03137-dheevenathoa-selavimmu-karthaa.json,3137,Dheevenathoa Selavimmu Karthaa,,2,1,1,full,Andhra Kristava Keerthanalu,స్తుతిగానము,unbroken-lines,https://waytochurch.com/lyrics/song/3137
03139-maa-dhaevunakunu-sthoathamulu-mahimayu.json,3139,Maa Dhaevunakunu Sthoathamulu Mahimayu,మొలతాటి విద్యానందము,1,0,0,full,Andhra Kristava Keerthanalu,ముగింపు స్తుతి,unbroken-lines,https://waytochurch.com/lyrics/song/3139
03141-song.json,3141,మేళ్లన్ని యిచ్చు దేవునిన్ స్త,తామస్ కెన్,1,0,0,full,Andhra Kristava Keerthanalu,Praise God from whom all blessings flow,title-telugu-only,https://waytochurch.com/lyrics/song/3141
03142-song.json,3142,పితృ పుత్ర శుద్ధాత్మలై మేళ్లన,,1,0,0,full,Andhra Kristava Keerthanalu,Doxology,title-telugu-only,https://waytochurch.com/lyrics/song/3142
03143-amdhudaa-raavaa-aramarayaela-adugoanayya-ayyoa.json,3143,AMDhudaa Raavaa Aramarayaela Adugoanayya! Ayyoa,,6,1,1,full,Andhra Kristava Keerthanalu,,,https://waytochurch.com/lyrics/song/3143
03145-emthadhooramu-moayimchedharu-svaami-kimtha-siluv.json,3145,EMthadhooramu MoayiMchedharu Svaami KiMtha Siluvaneththi,,7,1,1,full,Andhra Kristava Keerthanalu,,,https://waytochurch.com/lyrics/song/3145
03147-aahaaaaamthyatheerpu-nmdh.json,3147,Aahaaaaamthyatheerpu Nmdh,,7,3,3,full,Andhra Kristava Keerthanalu,,,https://waytochurch.com/lyrics/song/3147
03150-katina-hrudhayamaa-karugava-dh.json,3150,Katina Hrudhayamaa Karugava Dh,,9,1,1,full,Andhra Kristava Keerthanalu,,,https://waytochurch.com/lyrics/song/3150
03151-kalvariloani-shraeshtudaa-karu.json,3151,Kalvariloani Shraeshtudaa Karu,,7,1,1,full,Andhra Kristava Keerthanalu,,,https://waytochurch.com/lyrics/song/3151
03152-kummaree-oa-kummaree-jagadhuth.json,3152,Kummaree Oa Kummaree Jagadhuth,,3,2,2,full,Andhra Kristava Keerthanalu,,unbroken-lines,https://waytochurch.com/lyrics/song/3152
03153-kraisthavakarshka-kadhiliraavayyaa-kannulu-thera.json,3153,KraisthavakarShka Kadhiliraavayyaa Kannulu Therachi Kaanavaemayyaa,,6,1,1,full,Andhra Kristava Keerthanalu,,unbroken-lines,https://waytochurch.com/lyrics/song/3153
03154-aanmdhamaanmdha-maayenu-naadhu.json,3154,Aanmdhamaanmdha Maayenu Naadhu,,7,1,1,full,Andhra Kristava Keerthanalu,,unbroken-lines,https://waytochurch.com/lyrics/song/3154
03155-kraisthavumdaa-kadhiliraavayya.json,3155,Kraisthavumdaa Kadhiliraavayya,,6,1,1,full,Andhra Kristava Keerthanalu,,unbroken-lines,https://waytochurch.com/lyrics/song/3155
03157-gaganamu-cheelchukoni-yaesu-gh.json,3157,Gaganamu Cheelchukoni Yaesu Gh,,3,1,1,full,Andhra Kristava Keerthanalu,EasterSecond Comming,,https://waytochurch.com/lyrics/song/3157
03161-reference-yehoavaa-maa-prabhuvaa-aakaashamulaloa.json,3161,"Reference: Yehoavaa Maa Prabhuvaa, Aakaashamulaloa",,0,1,1,full,Zion Songs Telugu,కీర్తనలు Zion,unbroken-lines,https://waytochurch.com/lyrics/song/3161
03162-reference-yehoavaa-naa-svaasthyabhaagamu-naa.json,3162,Reference: Yehoavaa Naa SvaasThyabhaagamu Naa,,0,1,1,full,Zion Songs Telugu,కీర్తనలు Zion,unbroken-lines,https://waytochurch.com/lyrics/song/3162
03164-reference-aapathkaalammdhu-yehoavaa-neekuththara.json,3164,Reference: AapathkaalamMdhu Yehoavaa Neekuththaramichchunu Gaaka!,,0,1,1,full,Zion Songs Telugu,కీర్తనలు Zion,unbroken-lines,https://waytochurch.com/lyrics/song/3164
03165-reference-neevu-ishraayaelu-chaeyu-sthoathramula.json,3165,Reference: Neevu Ishraayaelu Chaeyu Sthoathramula,,0,1,1,full,Zion Songs Telugu,కీర్తనలు Zion,unbroken-lines,https://waytochurch.com/lyrics/song/3165
03166-reference-yehoavaa-naa-kaapari-naaku.json,3166,Reference: Yehoavaa Naa Kaapari Naaku,,0,1,1,full,Zion Songs Telugu,కీర్తనలు Zion,unbroken-lines,https://waytochurch.com/lyrics/song/3166
03167-reference-naa-praanamunaku-aayana-saedhadheerchu.json,3167,Reference: Naa PraaNamunaku Aayana Saedhadheerchuchunnaadu.,,0,1,1,full,Zion Songs Telugu,కీర్తనలు Zion,unbroken-lines,https://waytochurch.com/lyrics/song/3167
03169-reference-yehoavaa-naa-kaapari-naaku.json,3169,Reference: Yehoavaa Naa Kaapari Naaku,,0,1,1,full,Zion Songs Telugu,కీర్తనలు Zion,unbroken-lines,https://waytochurch.com/lyrics/song/3169
03171-reference-sajeevula-dhaeshamuna-naenu-yehoavaa.json,3171,Reference: Sajeevula Dhaeshamuna Naenu Yehoavaa,,0,1,1,full,Zion Songs Telugu,కీర్తనలు Zion,unbroken-lines,https://waytochurch.com/lyrics/song/3171
03172-reference-yehoavaa-naaku-velugunu-rakshnayunai.json,3172,Reference: Yehoavaa Naaku Velugunu RakShNayunai,,0,1,1,full,Zion Songs Telugu,కీర్తనలు Zion,unbroken-lines,https://waytochurch.com/lyrics/song/3172
03173-reference-yehoavaa-bhakthulaaraa-aayananu-keerth.json,3173,"Reference: Yehoavaa Bhakthulaaraa, Aayananu KeerthiMchudi.",,1,1,1,full,Zion Songs Telugu,కీర్తనలు Zion,unbroken-lines,https://waytochurch.com/lyrics/song/3173
03174-reference-thana-athikramamulaku-parihaaramunomdh.json,3174,Reference: Thana Athikramamulaku ParihaaramunoMdhinavaadu Thana,,0,1,1,full,Zion Songs Telugu,కీర్తనలు Zion,unbroken-lines,https://waytochurch.com/lyrics/song/3174
03175-reference-naenellappudu-yehoavaanu-sannuthimched.json,3175,Reference: Naenellappudu Yehoavaanu SannuthiMchedhanu. Nithyamu,,0,1,1,full,Zion Songs Telugu,కీర్తనలు Zion,unbroken-lines,https://waytochurch.com/lyrics/song/3175
03177-reference-yehoavaaymdhu-nammikayumchi-maeluchaey.json,3177,Reference: YehoavaayMdhu NammikayuMchi Maeluchaeyumu. DhaeshamMdhu,,0,1,1,full,Zion Songs Telugu,కీర్తనలు Zion,unbroken-lines,https://waytochurch.com/lyrics/song/3177
03178-reference-naa-dhoashmulu-naa-thalameedhugaa.json,3178,Reference: Naa DhoaShmulu Naa Thalameedhugaa,,0,1,1,full,Zion Songs Telugu,కీర్తనలు Zion,unbroken-lines,https://waytochurch.com/lyrics/song/3178
03179-reference-naashanakaramaina-gumtaloanumdiyu-jiga.json,3179,Reference: Naashanakaramaina GuMtaloanuMdiyu Jigatagala DhoMga,,0,1,1,full,Zion Songs Telugu,కీర్తనలు Zion,unbroken-lines,https://waytochurch.com/lyrics/song/3179
03180-reference-dhuppi-neetivaagulakoraku-aashapadunat.json,3180,"Reference: Dhuppi Neetivaagulakoraku Aashapadunatlu Dhaevaa,",,0,1,1,full,Zion Songs Telugu,కీర్తనలు Zion,unbroken-lines,https://waytochurch.com/lyrics/song/3180
03181-reference-nee-velugunu-nee-sathyamunu.json,3181,Reference: Nee Velugunu Nee Sathyamunu,,0,3,3,full,Zion Songs Telugu,కీర్తనలు Zion,unbroken-lines,https://waytochurch.com/lyrics/song/3181
03182-reference-ee-raaju-nee-prabhuvu.json,3182,Reference: Ee Raaju Nee Prabhuvu.,,0,1,1,full,Zion Songs Telugu,కీర్తనలు Zion,unbroken-lines,https://waytochurch.com/lyrics/song/3182
03183-reference-dhaevudu-manaku-aashrayamunu-dhurgamun.json,3183,Reference: Dhaevudu Manaku Aashrayamunu Dhurgamunai,,0,1,1,full,Zion Songs Telugu,కీర్తనలు Zion,unbroken-lines,https://waytochurch.com/lyrics/song/3183
03184-reference-sarvajanulaaraa-chappatlu-kottudi-jaya.json,3184,Reference: Sarvajanulaaraa Chappatlu Kottudi. JayaDhvanulathoa,,0,1,1,full,Zion Songs Telugu,కీర్తనలు Zion,unbroken-lines,https://waytochurch.com/lyrics/song/3184
03185-reference-ee-dhaevudu-sadhaakaalamu-manaku.json,3185,Reference: Ee Dhaevudu Sadhaakaalamu Manaku,,0,1,1,full,Zion Songs Telugu,కీర్తనలు Zion,unbroken-lines,https://waytochurch.com/lyrics/song/3185
03186-reference-vaadu-kullu-choodaka-nithyamu.json,3186,Reference: Vaadu KuLlu Choodaka Nithyamu,,0,1,1,full,Zion Songs Telugu,కీర్తనలు Zion,unbroken-lines,https://waytochurch.com/lyrics/song/3186
03187-reference-dhaevaa-nee-krupachoppuna-nannu.json,3187,"Reference: Dhaevaa, Nee Krupachoppuna Nannu",,0,1,1,full,Zion Songs Telugu,కీర్తనలు Zion,unbroken-lines,https://waytochurch.com/lyrics/song/3187
03188-reference-dhaevaa-nee-krupachoppuna-nannu.json,3188,"Reference: Dhaevaa, Nee Krupachoppuna Nannu",,0,1,1,full,Zion Songs Telugu,కీర్తనలు Zion,unbroken-lines,https://waytochurch.com/lyrics/song/3188
03189-reference-dhaevaa-naa-dhaevudavu-neevae.json,3189,"Reference: Dhaevaa, Naa Dhaevudavu Neevae,",,0,1,1,full,Zion Songs Telugu,కీర్తనలు Zion,unbroken-lines,https://waytochurch.com/lyrics/song/3189
03190-reference-sarvaloakanivaasulaaraa-dhaevunigoorch.json,3190,"Reference: Sarvaloakanivaasulaaraa, Dhaevunigoorchi SMthoaSh Geethamu",,0,1,1,full,Zion Songs Telugu,కీర్తనలు Zion,unbroken-lines,https://waytochurch.com/lyrics/song/3190
03191-reference-aayana-thana-mukhakaamthi-maameedha.json,3191,Reference: Aayana Thana MukhakaaMthi Maameedha,,0,1,1,full,Zion Songs Telugu,కీర్తనలు Zion,unbroken-lines,https://waytochurch.com/lyrics/song/3191
03192-reference-athani-paeru-nithyamu-niluchunu.json,3192,Reference: Athani Paeru Nithyamu Niluchunu.,,0,1,1,full,Zion Songs Telugu,కీర్తనలు Zion,unbroken-lines,https://waytochurch.com/lyrics/song/3192
03193-reference-yoodhaaloa-dhaevudu-prasidhdhudu-ishra.json,3193,Reference: Yoodhaaloa Dhaevudu PrasidhDhudu. Ishraayaeluloa,,0,1,1,full,Zion Songs Telugu,కీర్తనలు Zion,unbroken-lines,https://waytochurch.com/lyrics/song/3193
03194-reference-naenu-elugeththi-dhaevuniki-morrapettu.json,3194,Reference: Naenu Elugeththi Dhaevuniki MoRRapettudhunu.,,0,1,1,full,Zion Songs Telugu,కీర్తనలు Zion,unbroken-lines,https://waytochurch.com/lyrics/song/3194
03195-reference-manaku-balamaiyunna-dhaevuniki-aanmdha.json,3195,Reference: Manaku Balamaiyunna Dhaevuniki AanMdha,,0,1,1,full,Zion Songs Telugu,కీర్తనలు Zion,unbroken-lines,https://waytochurch.com/lyrics/song/3195
03196-reference-nee-mmdhiramunmdhu-nivasimchuvaaru-dha.json,3196,Reference: Nee MMdhiramunMdhu NivasiMchuvaaru Dhanyulu.,,0,1,1,full,Zion Songs Telugu,కీర్తనలు Zion,unbroken-lines,https://waytochurch.com/lyrics/song/3196
03197-reference-nee-mmdhiramunmdhu-nivasimchuvaaru-dha.json,3197,Reference: Nee MMdhiramunMdhu NivasiMchuvaaru Dhanyulu.,,0,1,1,full,Zion Songs Telugu,కీర్తనలు Zion,unbroken-lines,https://waytochurch.com/lyrics/song/3197
03198-reference-krupaasathyamulu-kalisikoninavi-neethi.json,3198,Reference: Krupaasathyamulu Kalisikoninavi. Neethi SamaaDhaanamulu,,0,1,1,full,Zion Songs Telugu,కీర్తనలు Zion,unbroken-lines,https://waytochurch.com/lyrics/song/3198
03199-reference-parvathamulu-puttakamunupu-bhoomini-lo.json,3199,Reference: Parvathamulu Puttakamunupu Bhoomini Loakamunu,,0,1,1,full,Zion Songs Telugu,కీర్తనలు Zion,unbroken-lines,https://waytochurch.com/lyrics/song/3199
03200-reference-maaku-jnyaanahrudhayamu-kalugunatlugaa.json,3200,Reference: Maaku JnYaanahrudhayamu Kalugunatlugaa Chaeyumu.,,0,1,1,full,Zion Songs Telugu,కీర్తనలు Zion,unbroken-lines,https://waytochurch.com/lyrics/song/3200
03201-reference-aayanae-naaku-aashrayamu-naa.json,3201,Reference: Aayanae Naaku Aashrayamu Naa,,0,1,1,full,Zion Songs Telugu,కీర్తనలు Zion,unbroken-lines,https://waytochurch.com/lyrics/song/3201
03203-reference-aayana-thana-rekkalathoa-ninnu.json,3203,Reference: Aayana Thana Rekkalathoa Ninnu,,0,1,1,full,Zion Songs Telugu,కీర్తనలు Zion,unbroken-lines,https://waytochurch.com/lyrics/song/3203
03204-reference-yehoavaanu-sthuthimchuta-mmchidhi-maho.json,3204,"Reference: Yehoavaanu SthuthiMchuta MMchidhi. Mahoannathudaa,",,0,1,1,full,Zion Songs Telugu,కీర్తనలు Zion,unbroken-lines,https://waytochurch.com/lyrics/song/3204
03205-reference-rmdi-yehoavaanugoorchi-uthsaahadhvani-.json,3205,Reference: RMdi Yehoavaanugoorchi UthsaahaDhvani Chaeyudhamu.,,0,1,1,full,Zion Songs Telugu,కీర్తనలు Zion,unbroken-lines,https://waytochurch.com/lyrics/song/3205
03206-reference-yehoavaa-meedha-paadudi-aayana.json,3206,"Reference: Yehoavaa Meedha Paadudi, Aayana",,0,1,1,full,Zion Songs Telugu,కీర్తనలు Zion,unbroken-lines,https://waytochurch.com/lyrics/song/3206
03207-reference-yehoavaa-meedha-paadudi-aayana.json,3207,"Reference: Yehoavaa Meedha Paadudi, Aayana",,0,1,1,full,Zion Songs Telugu,కీర్తనలు Zion,unbroken-lines,https://waytochurch.com/lyrics/song/3207
03208-reference-yehoavaa-dhayaaludu-aayana-krupa.json,3208,Reference: Yehoavaa DhayaaLudu. Aayana Krupa,,0,1,1,full,Zion Songs Telugu,కీర్తనలు Zion,unbroken-lines,https://waytochurch.com/lyrics/song/3208
03210-reference-naa-praanamaa-yehoavaanu-sannuthimchum.json,3210,"Reference: Naa PraaNamaa, Yehoavaanu SannuthiMchumu.",,1,1,1,full,Zion Songs Telugu,కీర్తనలు Zion,unbroken-lines,https://waytochurch.com/lyrics/song/3210
03211-reference-janasamaajamuloa-vaaraayananu-ghanapar.json,3211,Reference: Janasamaajamuloa Vaaraayananu Ghanaparachudhurugaaka. Pedhdhala,,0,1,1,full,Zion Songs Telugu,కీర్తనలు Zion,unbroken-lines,https://waytochurch.com/lyrics/song/3211
03212-reference-dhaevaa-naa-hrudhayamu-nibbaramugaa.json,3212,"Reference: Dhaevaa, Naa Hrudhayamu Nibbaramugaa",,1,1,1,full,Zion Songs Telugu,కీర్తనలు Zion,unbroken-lines,https://waytochurch.com/lyrics/song/3212
03213-reference-yehoavaanu-sthuthimchudi-yathaarthavmt.json,3213,Reference: Yehoavaanu SthuthiMchudi. YaThaarThavMthula Sabhaloanu,,0,1,1,full,Zion Songs Telugu,కీర్తనలు Zion,unbroken-lines,https://waytochurch.com/lyrics/song/3213
03214-reference-naenu-nee-aajnylaymdhu-nammika.json,3214,Reference: Naenu Nee AajnYlayMdhu Nammika,,1,1,1,full,Zion Songs Telugu,కీర్తనలు Zion,unbroken-lines,https://waytochurch.com/lyrics/song/3214
03215-reference-naa-shramaloa-naenu-yehoavaaku.json,3215,Reference: Naa Shramaloa Naenu Yehoavaaku,,0,1,1,full,Zion Songs Telugu,కీర్తనలు Zion,unbroken-lines,https://waytochurch.com/lyrics/song/3215
03217-reference-yehoavaa-mmdhiramunaku-velludhamani-ja.json,3217,Reference: Yehoavaa MMdhiramunaku VeLludhamani Janulu,,0,1,1,full,Zion Songs Telugu,కీర్తనలు Zion,unbroken-lines,https://waytochurch.com/lyrics/song/3217
03218-reference-yehoavaa-mmdhiramunaku-velludhamani-ja.json,3218,Reference: Yehoavaa MMdhiramunaku VeLludhamani Janulu,,0,1,1,full,Zion Songs Telugu,కీర్తనలు Zion,unbroken-lines,https://waytochurch.com/lyrics/song/3218
03219-reference-yehoavaaymdhu-bhayabhakthulu-kaligi-aa.json,3219,Reference: YehoavaayMdhu Bhayabhakthulu Kaligi Aayana,,0,1,1,full,Zion Songs Telugu,కీర్తనలు Zion,unbroken-lines,https://waytochurch.com/lyrics/song/3219
03220-reference-yehoavaa-neevu-dhoashmulanu-kanipetti.json,3220,"Reference: Yehoavaa, Neevu DhoaShmulanu Kanipetti",,0,1,1,full,Zion Songs Telugu,కీర్తనలు Zion,unbroken-lines,https://waytochurch.com/lyrics/song/3220
03221-reference-sahoadharulu-aikyatha-kaligi-nivasimch.json,3221,Reference: Sahoadharulu Aikyatha Kaligi NivasiMchuta,,0,1,1,full,Zion Songs Telugu,కీర్తనలు Zion,unbroken-lines,https://waytochurch.com/lyrics/song/3221
03222-reference-yehoavaa-dhayaaludu-yehoavaanu-sthuthi.json,3222,Reference: Yehoavaa DhayaaLudu. Yehoavaanu SthuthiMchudi.,,0,1,1,full,Zion Songs Telugu,కీర్తనలు Zion,unbroken-lines,https://waytochurch.com/lyrics/song/3222
03223-reference-yehoavaa-dhayaaludu-aayanaku-kruthajny.json,3223,Reference: Yehoavaa DhayaaLudu. Aayanaku KruthajnYthaasthuthulu,,0,1,1,full,Zion Songs Telugu,కీర్తనలు Zion,unbroken-lines,https://waytochurch.com/lyrics/song/3223
03225-reference-yehoavaa-neevu-nannu-parishoadhimchi.json,3225,"Reference: Yehoavaa, Neevu Nannu ParishoaDhiMchi",,0,1,1,full,Zion Songs Telugu,కీర్తనలు Zion Easter,unbroken-lines,https://waytochurch.com/lyrics/song/3225
03226-reference-yehoavaa-amdhariki-upakaari-aayana.json,3226,Reference: Yehoavaa AMdhariki Upakaari. Aayana,,0,1,1,full,Zion Songs Telugu,కీర్తనలు Zion,unbroken-lines,https://waytochurch.com/lyrics/song/3226
03227-reference-yehoavaa-amdhariki-upakaari-aayana.json,3227,Reference: Yehoavaa AMdhariki Upakaari. Aayana,,0,1,1,full,Zion Songs Telugu,కీర్తనలు Zion,unbroken-lines,https://waytochurch.com/lyrics/song/3227
03229-reference-naa-jeevithakaalammthayu-naenu-yehoava.json,3229,Reference: Naa JeevithakaalamMthayu Naenu Yehoavaanu,,0,1,1,full,Zion Songs Telugu,కీర్తనలు Zion,unbroken-lines,https://waytochurch.com/lyrics/song/3229
03231-reference-yauvanulu-kanyalu-vrudhdhulu-baaluru.json,3231,Reference: Yauvanulu Kanyalu VrudhDhulu Baaluru,,1,1,1,full,Zion Songs Telugu,కీర్తనలు Zion,unbroken-lines,https://waytochurch.com/lyrics/song/3231
03232-reference-yauvanulu-kanyalu-vrudhdhulu-baaluru.json,3232,Reference: Yauvanulu Kanyalu VrudhDhulu Baaluru,,1,1,1,full,Zion Songs Telugu,కీర్తనలు Zion,unbroken-lines,https://waytochurch.com/lyrics/song/3232
03235-reference-yehoavaanu-sthuthimchudi-yehoavaaku-kr.json,3235,Reference: Yehoavaanu SthuthiMchudi. Yehoavaaku Kroththa,,0,1,1,full,Zion Songs Telugu,కీర్తనలు Zion,unbroken-lines,https://waytochurch.com/lyrics/song/3235
03238-reference-sooryachmdhrulaaraa-aayananu-sthuthimc.json,3238,"Reference: SooryachMdhrulaaraa, Aayananu SthuthiMchudi. KaaMthigala",,0,1,1,full,Zion Songs Telugu,కీర్తనలు Zion,unbroken-lines,https://waytochurch.com/lyrics/song/3238
03239-seeyoanuku-thirigi-prabhuvu-vaarini-rappimchinap.json,3239,Seeyoanuku Thirigi Prabhuvu Vaarini Rappimchinappudu,,0,1,1,full,Zion Songs Telugu,కీర్తనలు Zion,unbroken-lines,https://waytochurch.com/lyrics/song/3239
03240-reference-nithyudagu-thmdri-yeshyaa-isaiah.json,3240,Reference: Nithyudagu ThMdri YeShyaa Isaiah,,0,1,1,full,Zion Songs Telugu,ఆరాధన Zion,unbroken-lines,https://waytochurch.com/lyrics/song/3240
03241-reference-mana-dhaevuni-mmdhirapu-aavaranamulalo.json,3241,Reference: Mana Dhaevuni MMdhirapu AavaraNamulaloa,,0,1,1,full,Zion Songs Telugu,ఆరాధన Zion,unbroken-lines,https://waytochurch.com/lyrics/song/3241
03243-reference-naenu-siluva-vaeyabadina-yaesukreesthu.json,3243,Reference: Naenu Siluva Vaeyabadina Yaesukreesthunu,,0,1,1,full,Zion Songs Telugu,ఆరాధన Zion,unbroken-lines,https://waytochurch.com/lyrics/song/3243
03244-reference-dhaevuniymdhu-bhayabhakthulu-galavaara.json,3244,"Reference: DhaevuniyMdhu Bhayabhakthulu Galavaaralaaraa, MeerMdharu",,0,1,1,full,Zion Songs Telugu,ఆరాధన Zion,unbroken-lines,https://waytochurch.com/lyrics/song/3244
03247-reference-naa-prabhuvaa-naa-dhaevaa.json,3247,Reference: Naa Prabhuvaa Naa Dhaevaa,,0,1,1,full,Zion Songs Telugu,ఆరాధన Zion,unbroken-lines,https://waytochurch.com/lyrics/song/3247
03249-reference-aayana-dhanavmthudai-yumdiyu-meeru.json,3249,Reference: Aayana DhanavMthudai YuMdiyu Meeru,,0,1,1,full,Zion Songs Telugu,ఆరాధన Zion,unbroken-lines,https://waytochurch.com/lyrics/song/3249
03251-reference-yugayugamulu-jeevimchuchunna-vaaniki-m.json,3251,Reference: Yugayugamulu JeeviMchuchunna Vaaniki Mahimayu,,0,1,1,full,Zion Songs Telugu,ఆరాధన Zion,unbroken-lines,https://waytochurch.com/lyrics/song/3251
03252-reference-yugayugamulu-jeevimchuchunna-vaaniki-m.json,3252,Reference: Yugayugamulu JeeviMchuchunna Vaaniki Mahimayu,,0,1,1,full,Zion Songs Telugu,ఆరాధన Zion,unbroken-lines,https://waytochurch.com/lyrics/song/3252
03253-reference-naenu-koarukonnavaadu-ithadae-neevu.json,3253,"Reference: Naenu Koarukonnavaadu Ithadae, Neevu",,0,1,1,full,Zion Songs Telugu,ఆరాధన Zion,unbroken-lines,https://waytochurch.com/lyrics/song/3253
03254-reference-yehoavaanu-gaanamu-chaeyudi-nirgamakaa.json,3254,Reference: Yehoavaanu Gaanamu Chaeyudi. NirgamakaaMdamu,,0,1,1,full,Zion Songs Telugu,ఆరాధన Zion,unbroken-lines,https://waytochurch.com/lyrics/song/3254
03255-reference-idhigoa-eeyana-naa-priyakumaarudu.json,3255,"Reference: Idhigoa Eeyana Naa Priyakumaarudu,",,0,1,1,full,Zion Songs Telugu,ఆరాధన Zion,unbroken-lines,https://waytochurch.com/lyrics/song/3255
03257-reference-sakalapraanulu-yehoavaanu-sthuthimchud.json,3257,Reference: SakalapraaNulu Yehoavaanu SthuthiMchudhuru Gaaka.,,0,1,1,full,Zion Songs Telugu,ఆరాధన Zion,unbroken-lines,https://waytochurch.com/lyrics/song/3257
03258-reference-saagilapadi-aayananu-poojimchiri.json,3258,Reference: ... Saagilapadi Aayananu PoojiMchiri,,0,1,1,full,Zion Songs Telugu,ఆరాధన Zion,unbroken-lines,https://waytochurch.com/lyrics/song/3258
03259-reference-naa-priyudu-dhavalavarnudu-rathnavarnu.json,3259,Reference: Naa Priyudu DhavaLavarNudu RathnavarNudu,,0,1,1,full,Zion Songs Telugu,ఆరాధన Zion,unbroken-lines,https://waytochurch.com/lyrics/song/3259
03260-reference-nee-raaju-neethiparudunu-rakshnagalava.json,3260,Reference: Nee Raaju Neethiparudunu RakShNagalavaadunu,,0,1,1,full,Zion Songs Telugu,ఆరాధన Zion,unbroken-lines,https://waytochurch.com/lyrics/song/3260
03262-reference-saagilapadi-aayananu-poojimchiri-matht.json,3262,Reference: Saagilapadi Aayananu PoojiMchiri. Maththayi,,0,1,1,full,Zion Songs Telugu,ఆరాధన Zion,unbroken-lines,https://waytochurch.com/lyrics/song/3262
03263-reference-aashagala-praanamunu-aayana-thrupthipa.json,3263,Reference: Aashagala PraaNamunu Aayana Thrupthiparachi,,0,1,1,full,Zion Songs Telugu,ఆరాధన Zion,unbroken-lines,https://waytochurch.com/lyrics/song/3263
03264-reference-mana-prabhuvagu-yaesukreesthu-thmdriya.json,3264,Reference: Mana Prabhuvagu Yaesukreesthu ThMdriyaina,,0,1,1,full,Zion Songs Telugu,ఆరాధన Zion,unbroken-lines,https://waytochurch.com/lyrics/song/3264
03265-reference-nee-paeru-poayabadina-parimala.json,3265,Reference: Nee Paeru Poayabadina ParimaLa,,0,1,1,full,Zion Songs Telugu,ఆరాధన Zion,unbroken-lines,https://waytochurch.com/lyrics/song/3265
03266-reference-mariyu-sphatikamuvale-merayunatti-jeev.json,3266,Reference: Mariyu Sphatikamuvale Merayunatti Jeevajalamula,,0,1,1,full,Zion Songs Telugu,ఆరాధన Zion,unbroken-lines,https://waytochurch.com/lyrics/song/3266
03267-reference-dhaevudu-karunaasmpannudai-yumdi-manam.json,3267,"Reference: Dhaevudu KaruNaasMpannudai YuMdi, Manamu",,0,1,1,full,Zion Songs Telugu,ఆరాధన Zion,unbroken-lines,https://waytochurch.com/lyrics/song/3267
03268-reference-amjoorapu-chetlu-pooyakumdinanu-dhraak.json,3268,"Reference: AMjoorapu Chetlu PooyakuMdinanu, DhraakShchetlu",,0,1,1,full,Zion Songs Telugu,ఆరాధన Zion,unbroken-lines,https://waytochurch.com/lyrics/song/3268
03270-reference-dhaevadhaevuniki-kruthajnythaasthuthul.json,3270,Reference: Dhaevadhaevuniki KruthajnYthaasthuthulu ChelliMchudi. Aayana,,0,1,1,full,Zion Songs Telugu,ఆరాధన Zion,unbroken-lines,https://waytochurch.com/lyrics/song/3270
03271-reference-nee-paeru-poayabadina-parimala.json,3271,Reference: Nee Paeru Poayabadina ParimaLa,,0,3,3,full,Zion Songs Telugu,ఆరాధన Zion,unbroken-lines,https://waytochurch.com/lyrics/song/3271
03272-reference-naa-prabhuvaa-naa-dhaevaa.json,3272,Reference: Naa Prabhuvaa Naa Dhaevaa,,0,1,1,full,Zion Songs Telugu,ఆరాధన Zion,unbroken-lines,https://waytochurch.com/lyrics/song/3272
03273-reference-aayana-dhanavmthudai-yumdiyu-meeru.json,3273,Reference: Aayana DhanavMthudai YuMdiyu Meeru,,0,1,1,full,Zion Songs Telugu,ఆరాధన Zion,unbroken-lines,https://waytochurch.com/lyrics/song/3273
03274-yehoavaaku-paadudi-paatan-athi-shraeshta-kaaryam.json,3274,Yehoavaaku Paadudi Paatan Athi Shraeshta Kaaryamulanu Chaesina Vaadani,,0,1,1,full,Zion Songs Telugu,ఆరాధన Zion,unbroken-lines,https://waytochurch.com/lyrics/song/3274
03275-reference-nithyamu-aayana-koarthi-naa.json,3275,Reference: Nithyamu Aayana Koarthi Naa,,0,1,1,full,Zion Songs Telugu,ఆరాధన Zion,unbroken-lines,https://waytochurch.com/lyrics/song/3275
03276-reference-kreesthae-sarvamunu-amdhariloa-nunnava.json,3276,Reference: Kreesthae Sarvamunu AMdhariloa Nunnavaadai,,0,1,1,full,Zion Songs Telugu,ఆరాధన Zion,unbroken-lines,https://waytochurch.com/lyrics/song/3276
03277-prabhoa-needhu-mahimanu-paadi-ninu-sthuthimchuch.json,3277,Prabhoa Needhu Mahimanu Paadi Ninu Sthuthimchuchunnaamu,,0,1,1,full,Zion Songs Telugu,ఆరాధన Zion,unbroken-lines,https://waytochurch.com/lyrics/song/3277
03279-oa-praemagala-yaesu-praemimchinaavu-mammu.json,3279,Oa Praemagala Yaesu Praemimchinaavu Mammu,,0,1,1,full,Zion Songs Telugu,ఆరాధన Zion,unbroken-lines,https://waytochurch.com/lyrics/song/3279
03280-hallelooya-paadudi-hallelooya-paadudi.json,3280,Hallelooya Paadudi Hallelooya Paadudi,,0,2,2,full,Zion Songs Telugu,ఆరాధన Zion,unbroken-lines,https://waytochurch.com/lyrics/song/3280
03281-naenae-unnavaadananina-adhvitheeya-prabhu-aaraad.json,3281,Naenae Unnavaadananina Adhvitheeya Prabhu Aaraadhimthu,,0,1,1,full,Zion Songs Telugu,ఆరాధన Zion,unbroken-lines,https://waytochurch.com/lyrics/song/3281
03282-vmdhanamoa-vmdhana-maesayy.json,3282,Vmdhanamoa Vmdhana Maesayy,,0,1,1,full,Zion Songs Telugu,ఆరాధన Zion,unbroken-lines,https://waytochurch.com/lyrics/song/3282
03283-arpimthu-sthuthul-nee-siluvaloanaa.json,3283,Arpimthu Sthuthul Nee Siluvaloanaa,,0,1,1,full,Zion Songs Telugu,ఆరాధన Zion,unbroken-lines,https://waytochurch.com/lyrics/song/3283
03284-smthoashmae-smthoashmae-smthoashmuthoa-sthuthimc.json,3284,Smthoashmae Smthoashmae Smthoashmuthoa Sthuthimchedhan,,0,1,1,full,Zion Songs Telugu,ఆరాధన Zion,unbroken-lines,https://waytochurch.com/lyrics/song/3284
03285-raathrimbavallu-paadedhanu-yaesu-naamm-kreesthu-.json,3285,Raathrimbavallu Paadedhanu Yaesu Naamm Kreesthu Naamm,,0,1,1,full,Zion Songs Telugu,ఆరాధన Zion,unbroken-lines,https://waytochurch.com/lyrics/song/3285
03286-shaamthidhaayaka-yaesu-prabhoo.json,3286,Shaamthidhaayaka Yaesu Prabhoo,,0,1,1,full,Zion Songs Telugu,ఆరాధన Zion,unbroken-lines,https://waytochurch.com/lyrics/song/3286
03287-hrudhaya-marpimchedhamu-prabhunaku-sthuthi-prash.json,3287,Hrudhaya Marpimchedhamu Prabhunaku Sthuthi Prashmsalathoa,,0,1,1,full,Zion Songs Telugu,ఆరాధన Zion,unbroken-lines,https://waytochurch.com/lyrics/song/3287
03288-aanmdha-maanmdha-maanmdhamae-aanmdha-maanmdhamae.json,3288,Aanmdha Maanmdha Maanmdhamae Aanmdha Maanmdhamae,,0,1,1,full,Zion Songs Telugu,ఆరాధన Zion,unbroken-lines,https://waytochurch.com/lyrics/song/3288
03289-jai-prabhu-yaesu-jai-ghana-dhaevaa-jai-prabhu-ja.json,3289,Jai Prabhu Yaesu Jai Ghana Dhaevaa Jai Prabhu Jai Jai Raajaa,,0,1,1,full,Zion Songs Telugu,ఆరాధన Zion,unbroken-lines,https://waytochurch.com/lyrics/song/3289
03290-prabhuvaa-nee-goppathanamu-sthuthiki-yoagyamu.json,3290,Prabhuvaa Nee Goppathanamu Sthuthiki Yoagyamu,,0,1,1,full,Zion Songs Telugu,ఆరాధన Zion,unbroken-lines,https://waytochurch.com/lyrics/song/3290
03291-vmdhanamu-nimmu-prabhu-yaesunaku-jai-jai-yanipaa.json,3291,Vmdhanamu Nimmu Prabhu Yaesunaku Jai Jai Yanipaadu,,0,1,1,full,Zion Songs Telugu,ఆరాధన Zion,unbroken-lines,https://waytochurch.com/lyrics/song/3291
03292-oa-naa-hrudhayamaa-paadumaa-kroththa-geethm-prab.json,3292,Oa Naa Hrudhayamaa Paadumaa Kroththa Geethm Prabhunakae,,0,2,2,full,Zion Songs Telugu,ఆరాధన Zion,unbroken-lines,https://waytochurch.com/lyrics/song/3292
03294-sthuthulaku-paathrumdavu-srushtimchinaavu-rakshi.json,3294,Sthuthulaku Paathrumdavu Srushtimchinaavu Rakshimchinaavu Bhadhraparachuchunnaavu,,0,1,1,full,Zion Songs Telugu,ఆరాధన Zion,unbroken-lines,https://waytochurch.com/lyrics/song/3294
03295-yaesu-kreesthu-prabhuvaayanae-amdhariki-prabhuvu.json,3295,Yaesu Kreesthu Prabhuvaayanae Amdhariki Prabhuvu,,0,1,1,full,Zion Songs Telugu,ఆరాధన Zion,unbroken-lines,https://waytochurch.com/lyrics/song/3295
03296-hallelooya-sthuthi-prashmsa-paadedh.json,3296,Hallelooya Sthuthi Prashmsa Paadedh,,0,1,1,full,Zion Songs Telugu,ఆరాధన Zion,unbroken-lines,https://waytochurch.com/lyrics/song/3296
03297-sthoathra-geethamulanu-paaduchu-priya-prabhuni-p.json,3297,Sthoathra Geethamulanu Paaduchu Priya Prabhuni Poojimchudi,,0,1,1,full,Zion Songs Telugu,ఆరాధన Zion,unbroken-lines,https://waytochurch.com/lyrics/song/3297
03299-mahaaghanudu-mahoannathudu-parishudhdhudu-nithya.json,3299,Mahaaghanudu Mahoannathudu Parishudhdhudu Nithyanivaasi,,0,1,1,full,Zion Songs Telugu,ఆరాధన Zion,unbroken-lines,https://waytochurch.com/lyrics/song/3299
03300-kroththa-geethamuchae-naa-yullamuppomga-yaesuni-.json,3300,Kroththa Geethamuchae Naa Yullamuppomga Yaesuni Keerthimthunu,,0,1,1,full,Zion Songs Telugu,ఆరాధన Zion,unbroken-lines,https://waytochurch.com/lyrics/song/3300
03301-koniyaadi-paadi-keerthimchi-varnimchedha-ninu-na.json,3301,Koniyaadi Paadi Keerthimchi Varnimchedha Ninu Naa Prabhuvaa,,0,1,1,full,Zion Songs Telugu,ఆరాధన Zion,unbroken-lines,https://waytochurch.com/lyrics/song/3301
03302-dhaevaa-naaymdhu-neeku-emthoa-praemaa.json,3302,Dhaevaa Naaymdhu Neeku Emthoa Praemaa,,0,1,1,full,Zion Songs Telugu,ఆరాధన Zion,unbroken-lines,https://waytochurch.com/lyrics/song/3302
03303-adhymtha-rahitha-prabhuvaa.json,3303,Adhymtha Rahitha Prabhuvaa,,0,1,1,full,Zion Songs Telugu,ఆరాధన Zion,unbroken-lines,https://waytochurch.com/lyrics/song/3303
03304-nrupaa-vimoachakaa-prabhoo-vaelaadhi-noalla-nee.json,3304,Nrupaa Vimoachakaa Prabhoo Vaelaadhi Noalla Nee,,0,1,1,full,Zion Songs Telugu,ఆరాధన Zion,unbroken-lines,https://waytochurch.com/lyrics/song/3304
03306-shree-rakshkuni-naamamu-keerthimchi-kolvudi.json,3306,Shree Rakshkuni Naamamu Keerthimchi Kolvudi,,0,1,1,full,Zion Songs Telugu,ఆరాధన Zion,unbroken-lines,https://waytochurch.com/lyrics/song/3306
03307-rakshkuni-vichithra-praeman-paaduchumdhu-neppudu.json,3307,Rakshkuni Vichithra Praeman Paaduchumdhu Neppudun,,0,1,1,full,Zion Songs Telugu,ఆరాధన Zion,unbroken-lines,https://waytochurch.com/lyrics/song/3307
03308-yaesuni-naama-shabdhamu-vishvaasi-cheviki.json,3308,Yaesuni Naama Shabdhamu Vishvaasi Cheviki,,0,1,1,full,Zion Songs Telugu,ఆరాధన Zion,unbroken-lines,https://waytochurch.com/lyrics/song/3308
03309-kmtini-goppa-muthyamu-pomdhithi-harshmu.json,3309,Kmtini Goppa Muthyamu Pomdhithi Harshmu,,0,1,1,full,Zion Songs Telugu,ఆరాధన Zion,unbroken-lines,https://waytochurch.com/lyrics/song/3309
03310-bhakthulaaraa-dhuhkhakraamthudu-vachche-mahimath.json,3310,Bhakthulaaraa Dhuhkhakraamthudu Vachche Mahimathoad,,0,1,1,full,Zion Songs Telugu,ఆరాధన Zion,unbroken-lines,https://waytochurch.com/lyrics/song/3310
03312-raajaadhi-raajupai-kireetamumchudi.json,3312,Raajaadhi Raajupai Kireetamumchudi,,0,1,1,full,Zion Songs Telugu,ఆరాధన Zion,unbroken-lines,https://waytochurch.com/lyrics/song/3312
03314-sarvamupai-yaesu-raajyamaelun-paapi-mithrudu-gor.json,3314,Sarvamupai Yaesu Raajyamaelun Paapi Mithrudu Gorrepillaku,,0,1,1,full,Zion Songs Telugu,ఆరాధన Zion,unbroken-lines,https://waytochurch.com/lyrics/song/3314
03315-yaesu-prabhoo-gadhdhepainunna-neeku-maa-sthuthul.json,3315,Yaesu Prabhoo Gadhdhepainunna Neeku Maa Sthuthulanu Chellimchedhamu,,0,1,1,full,Zion Songs Telugu,ఆరాధన Zion,unbroken-lines,https://waytochurch.com/lyrics/song/3315
03318-athymtha-sumdharumdunu-ellari-kaamkshneeyudu.json,3318,Athymtha Sumdharumdunu Ellari Kaamkshneeyudu,,1,1,1,full,Zion Songs Telugu,ఆరాధన Zion,unbroken-lines,https://waytochurch.com/lyrics/song/3318
03319-aa-mumdla-kireetm-boayenu-ghanmbukalgenu.json,3319,Aa Mumdla Kireetm Boayenu Ghanmbukalgenu,,0,1,1,full,Zion Songs Telugu,ఆరాధన Zion,unbroken-lines,https://waytochurch.com/lyrics/song/3319
03320-namaskarimpa-rmdi-dhaaveedhu-puthruni.json,3320,Namaskarimpa Rmdi Dhaaveedhu Puthruni,,0,1,1,full,Zion Songs Telugu,ఆరాధన Zion,unbroken-lines,https://waytochurch.com/lyrics/song/3320
03323-shudhdhi-shudhdhi-shudhdhi-sarvashakthi-prabhu-p.json,3323,Shudhdhi Shudhdhi Shudhdhi Sarvashakthi Prabhu Praathhkaala Sthuthi Neekae Chellimthumu,,0,1,1,full,Zion Songs Telugu,ఆరాధన Zion,unbroken-lines,https://waytochurch.com/lyrics/song/3323
03325-yaesu-nmgeekarimchithi-dhaivaputhruda-naithini.json,3325,Yaesu Nmgeekarimchithi Dhaivaputhruda Naithini,,0,1,1,full,Zion Songs Telugu,ఆరాధన Zion,unbroken-lines,https://waytochurch.com/lyrics/song/3325
03326-vmdhana-marpimthu-krupanomdhithi-thana-raajyammd.json,3326,Vmdhana Marpimthu Krupanomdhithi Thana Raajyammdhuna Chaerithini,,0,1,1,full,Zion Songs Telugu,ఆరాధన Zion,unbroken-lines,https://waytochurch.com/lyrics/song/3326
03327-reference-oka-dhivyamaina-smgathithoa-naa.json,3327,Reference: Oka Dhivyamaina SMgathithoa Naa,,0,1,1,full,Zion Songs Telugu,ఆరాధన Zion,unbroken-lines,https://waytochurch.com/lyrics/song/3327
03328-prabhuyaesu-naakai-sarvamu-nichchithivi-praemanu.json,3328,Prabhuyaesu Naakai Sarvamu Nichchithivi Praemanubatti Arpimchu Komtivi Naakai,,0,1,1,full,Zion Songs Telugu,ఆరాధన Zion,unbroken-lines,https://waytochurch.com/lyrics/song/3328
03329-paavanudaa-maa-prabhuvaa-nee-rakshnakai-sthoathr.json,3329,Paavanudaa Maa Prabhuvaa Nee Rakshnakai Sthoathramulu,,0,1,1,full,Zion Songs Telugu,ఆరాధన Zion,unbroken-lines,https://waytochurch.com/lyrics/song/3329
03331-prabhuvaa-needhu-ghananaamamun-maemu.json,3331,Prabhuvaa Needhu Ghananaamamun Maemu,,0,1,1,full,Zion Songs Telugu,ఆరాధన Zion,unbroken-lines,https://waytochurch.com/lyrics/song/3331
03332-praema-nammakamugala-paraloaka-thmdri.json,3332,Praema Nammakamugala Paraloaka Thmdri,,0,1,1,full,Zion Songs Telugu,ఆరాధన Zion,unbroken-lines,https://waytochurch.com/lyrics/song/3332
03333-oa-prabhuvaa-yidhi-nee-krupayae-goppa-krayamu-dh.json,3333,Oa Prabhuvaa Yidhi Nee Krupayae Goppa Krayamu Dhvaaraa Kalige,,0,1,1,full,Zion Songs Telugu,ఆరాధన Zion,unbroken-lines,https://waytochurch.com/lyrics/song/3333
03338-sannuthimchedhanu-ellappudu-nithyamu-aayana-keer.json,3338,Sannuthimchedhanu Ellappudu Nithyamu Aayana Keerthi Naanoatanumdu,,0,1,1,full,Zion Songs Telugu,ఆరాధన Zion,unbroken-lines,https://waytochurch.com/lyrics/song/3338
03339-dhaevunikae-mahima-yugayugamulaku-kalugunu-gaak.json,3339,Dhaevunikae Mahima Yugayugamulaku Kalugunu Gaak,,0,1,1,full,Zion Songs Telugu,ఆరాధన Zion,unbroken-lines,https://waytochurch.com/lyrics/song/3339
03340-aashcharyakaruda-veevae-yehoavaa-neevae-dhanyuda.json,3340,Aashcharyakaruda Veevae Yehoavaa Neevae Dhanyudavu,,0,1,1,full,Zion Songs Telugu,ఆరాధన Zion,unbroken-lines,https://waytochurch.com/lyrics/song/3340
03341-naa-praanamaa-naa-sarvamaa-aayana-parishudhdha-n.json,3341,Naa Praanamaa Naa Sarvamaa Aayana Parishudhdha Naamamunaku,,0,1,1,full,Zion Songs Telugu,ఆరాధన Zion,unbroken-lines,https://waytochurch.com/lyrics/song/3341
03343-dhoothaganamulella-aaraadhimchirigaa-parishudhdh.json,3343,Dhoothaganamulella Aaraadhimchirigaa Parishudhdhudu Sainyamula Yehoavani,,1,1,1,full,Zion Songs Telugu,ఆరాధన Zion,unbroken-lines,https://waytochurch.com/lyrics/song/3343
03344-maa-prabhuyaesu-neevae-maa-sarvamu-mahin-maakepu.json,3344,Maa Prabhuyaesu Neevae Maa Sarvamu Mahin Maakepudu Neethoanae Snaehamu,,0,1,1,full,Zion Songs Telugu,ఆరాధన Zion,unbroken-lines,https://waytochurch.com/lyrics/song/3344
03345-pranuthimthumu-maa-yehoavaa-paripoorna-mahima-pr.json,3345,Pranuthimthumu Maa Yehoavaa Paripoorna Mahima Prabhaavaa,,0,1,1,full,Zion Songs Telugu,ఆరాధన Zion,unbroken-lines,https://waytochurch.com/lyrics/song/3345
03348-dhaaveedhu-vmsha-yaesu-kreesthuku-sthuthi-chelli.json,3348,Dhaaveedhu Vmsha Yaesu Kreesthuku Sthuthi Chellimchudi,,0,1,1,full,Zion Songs Telugu,స్తుత Zion,unbroken-lines,https://waytochurch.com/lyrics/song/3348
03349-dhaevaadhi-dhaevuni-bhoojanulaaraa.json,3349,Dhaevaadhi Dhaevuni Bhoojanulaaraa,,0,1,1,full,Zion Songs Telugu,స్తుత Zion,unbroken-lines,https://waytochurch.com/lyrics/song/3349
03350-sthoathramu-yaesunaathaa.json,3350,Sthoathramu Yaesunaathaa,,0,1,1,full,Zion Songs Telugu,స్తుత Zion,unbroken-lines,https://waytochurch.com/lyrics/song/3350
03351-sthuthiyimchu-priyudaa-sadhaa-yaesuni.json,3351,Sthuthiyimchu Priyudaa Sadhaa Yaesuni,,0,1,1,full,Zion Songs Telugu,స్తుత Zion,unbroken-lines,https://waytochurch.com/lyrics/song/3351
03352-sthoathramu-sthoathramu-sthoathramu-yaesu-dhaeva.json,3352,Sthoathramu Sthoathramu Sthoathramu Yaesu Dhaevaa,,0,1,1,full,Zion Songs Telugu,స్తుత Zion,unbroken-lines,https://waytochurch.com/lyrics/song/3352
03355-sthoathramu-paadi-pogadedhanu-dhaevaadhidhaevaa-.json,3355,Sthoathramu Paadi Pogadedhanu Dhaevaadhidhaevaa Ninu Raajaadhiraajaa Ninu,,0,1,1,full,Zion Songs Telugu,స్తుత Zion,unbroken-lines,https://waytochurch.com/lyrics/song/3355
03357-yehoavaa-mahaathmyamu-goppadhi-yemthoa.json,3357,Yehoavaa Mahaathmyamu Goppadhi Yemthoa,,0,1,1,full,Zion Songs Telugu,స్తుత Zion,unbroken-lines,https://waytochurch.com/lyrics/song/3357
03358-krupagala-dhaevuni-koniyaadedhamu-krupachaalu-ne.json,3358,Krupagala Dhaevuni Koniyaadedhamu Krupachaalu Neekanae Prabhuyaesu,,0,1,1,full,Zion Songs Telugu,స్తుత Zion,unbroken-lines,https://waytochurch.com/lyrics/song/3358
03360-bhajiyimpa-rmdi-prabhuyaesuni.json,3360,Bhajiyimpa Rmdi Prabhuyaesuni,,0,1,1,full,Zion Songs Telugu,స్తుత Zion,unbroken-lines,https://waytochurch.com/lyrics/song/3360
03361-anudhinamu-maa-bhaaramu.json,3361,Anudhinamu Maa Bhaaramu,,5,1,1,full,Zion Songs Telugu,స్తుత Zion,unbroken-lines,https://waytochurch.com/lyrics/song/3361
03363-yaesu-prabhunu-sthuthimchuta-yemthoa-yemthoa-mmc.json,3363,Yaesu Prabhunu Sthuthimchuta Yemthoa Yemthoa Mmchidhi,,0,1,1,full,Zion Songs Telugu,స్తుత Zion,unbroken-lines,https://waytochurch.com/lyrics/song/3363
03364-yaesu-dhivya-rakshkuni-sthuthimchu-bhoomee-dhivy.json,3364,Yaesu Dhivya Rakshkuni Sthuthimchu Bhoomee Dhivya Praemanu Chaatumu,,0,1,1,full,Zion Songs Telugu,స్తుత Zion,unbroken-lines,https://waytochurch.com/lyrics/song/3364
03366-naa-praanamemthoa-ninnu-paadunu-goppa-dhaevaa-go.json,3366,Naa Praanamemthoa Ninnu Paadunu Goppa Dhaevaa Goppa Dhaevaa,,0,1,1,full,Zion Songs Telugu,స్తుత Zion,unbroken-lines,https://waytochurch.com/lyrics/song/3366
03367-prabhu-naa-dhaevaa-nee-chaethi-kaaryamulanu.json,3367,Prabhu Naa Dhaevaa Nee Chaethi Kaaryamulanu,,0,1,1,full,Zion Songs Telugu,స్తుత Zion,unbroken-lines,https://waytochurch.com/lyrics/song/3367
03368-prabhaava-shakthulu-kalgina-raajunuthimpu.json,3368,Prabhaava Shakthulu Kalgina Raajunuthimpu,,0,1,1,full,Zion Songs Telugu,స్తుత Zion,unbroken-lines,https://waytochurch.com/lyrics/song/3368
03369-yaesu-prabhu-nee-mukha-dharshanamuchae-naa-prath.json,3369,Yaesu Prabhu Nee Mukha Dharshanamuchae Naa Prathi Yaashanu Theerchukomdhunu,,0,1,1,full,Zion Songs Telugu,స్తుత Zion,unbroken-lines,https://waytochurch.com/lyrics/song/3369
03370-jayamani-paadu-jayamani-paadu-prabhuyaesunakae.json,3370,Jayamani Paadu Jayamani Paadu Prabhuyaesunakae,,0,1,1,full,Zion Songs Telugu,స్తుత Zion,unbroken-lines,https://waytochurch.com/lyrics/song/3370
03371-oa-jagadhrakshkaa-vishvavidhaatha-rakshna-nosagi.json,3371,Oa Jagadhrakshkaa Vishvavidhaatha Rakshna Nosagithivi,,0,1,1,full,Zion Songs Telugu,స్తుత Zion,unbroken-lines,https://waytochurch.com/lyrics/song/3371
03373-shree-yaesu-naathuni-shirasaavahimchi-shishyula-.json,3373,Shree Yaesu Naathuni Shirasaavahimchi Shishyula Maesunu Ghanaparachedhamu,,0,1,1,full,Zion Songs Telugu,కృతజ్ఞతార్పణ Zion,unbroken-lines,https://waytochurch.com/lyrics/song/3373
03376-naadhu-praanamaa-naadhu-praanamaa-dhaevuni-kriya.json,3376,Naadhu Praanamaa Naadhu Praanamaa Dhaevuni Kriyalmaruvakumaa,,0,1,1,full,Zion Songs Telugu,కృతజ్ఞతార్పణ Zion,unbroken-lines,https://waytochurch.com/lyrics/song/3376
03377-prabhu-ninu-keerthimchuchunnaamu-yaesu-ninu-keer.json,3377,Prabhu Ninu Keerthimchuchunnaamu Yaesu Ninu Keerthimchuchunnaamu,,0,1,1,full,Zion Songs Telugu,కృతజ్ఞతార్పణ Zion,unbroken-lines,https://waytochurch.com/lyrics/song/3377
03378-jeevmbu-nichchina-dhaevudaa-nae-paadedha-neeku-n.json,3378,Jeevmbu Nichchina Dhaevudaa Nae Paadedha Neeku Nirmtharamu Hallelooya Hallelooy,,0,1,1,full,Zion Songs Telugu,కృతజ్ఞతార్పణ Zion,unbroken-lines,https://waytochurch.com/lyrics/song/3378
03379-sthoathrimchi-keerthimthumu-ghanaparachedhamu-ko.json,3379,Sthoathrimchi Keerthimthumu Ghanaparachedhamu Koniyaadedhamu,,0,1,1,full,Zion Songs Telugu,కృతజ్ఞతార్పణ Zion,unbroken-lines,https://waytochurch.com/lyrics/song/3379
03380-sthoathrimchi-keerthimchedhamu-hallelooy.json,3380,Sthoathrimchi Keerthimchedhamu Hallelooy,,0,1,1,full,Zion Songs Telugu,కృతజ్ఞతార్పణ Zion,unbroken-lines,https://waytochurch.com/lyrics/song/3380
03381-maa-dhaeva-maa-dhaeva-needhu-vishvaasyatha-chaal.json,3381,Maa Dhaeva Maa Dhaeva Needhu Vishvaasyatha Chaala Goppadhi,,0,1,1,full,Zion Songs Telugu,కృతజ్ఞతార్పణ Zion,unbroken-lines,https://waytochurch.com/lyrics/song/3381
03382-yehoavaa-goppa-kaaryamulu-chaesenu-veerikoraku.json,3382,Yehoavaa Goppa Kaaryamulu Chaesenu Veerikoraku,,0,1,1,full,Zion Songs Telugu,కృతజ్ఞతార్పణ Zion,unbroken-lines,https://waytochurch.com/lyrics/song/3382
03383-sthuthimthun-parishudhdhuni-aaraadhanathoa.json,3383,Sthuthimthun Parishudhdhuni Aaraadhanathoa,,0,1,1,full,Zion Songs Telugu,కృతజ్ఞతార్పణ Zion,unbroken-lines,https://waytochurch.com/lyrics/song/3383
03384-prabhu-goppa-kaaryamulu-chaesenani-manamuthsahim.json,3384,Prabhu Goppa Kaaryamulu Chaesenani Manamuthsahimchedhamu,,0,1,1,full,Zion Songs Telugu,కృతజ్ఞతార్పణ Zion,unbroken-lines,https://waytochurch.com/lyrics/song/3384
03386-dhaevuni-keerthimchedhamu-dhaivaputhruni-naamamm.json,3386,Dhaevuni Keerthimchedhamu Dhaivaputhruni Naamammdhu,,0,1,1,full,Zion Songs Telugu,కృతజ్ఞతార్పణ Zion,unbroken-lines,https://waytochurch.com/lyrics/song/3386
03387-dhanya-dhanya-dhanya-prabhuku-thaanae-rakshna-ma.json,3387,Dhanya Dhanya Dhanya Prabhuku Thaanae Rakshna Mana Kosagae,,0,1,1,full,Zion Songs Telugu,కృతజ్ఞతార్పణ Zion,unbroken-lines,https://waytochurch.com/lyrics/song/3387
03388-pagatiloa-maegha-sthmbhamugaa-raathriloa-yagni-s.json,3388,Pagatiloa Maegha Sthmbhamugaa Raathriloa Yagni Sthmbhamugaa,,0,1,1,full,Zion Songs Telugu,కృతజ్ఞతార్పణ Zion,unbroken-lines,https://waytochurch.com/lyrics/song/3388
03389-rakshnya-paatalu-paadi-rakshkudaesunu-sadhaa-kon.json,3389,Rakshnya Paatalu Paadi Rakshkudaesunu Sadhaa Koniyaadu,,0,1,1,full,Zion Songs Telugu,కృతజ్ఞతార్పణ Zion,unbroken-lines,https://waytochurch.com/lyrics/song/3389
03392-yehoava-mana-koraku-goppa-kaaryamulanu.json,3392,Yehoava Mana Koraku Goppa Kaaryamulanu,,0,1,1,full,Zion Songs Telugu,కృతజ్ఞతార్పణ Zion,unbroken-lines,https://waytochurch.com/lyrics/song/3392
03394-sthoathramu-sthoathyamayyaa-dhaevaa-sthoathramu-.json,3394,Sthoathramu Sthoathyamayyaa Dhaevaa Sthoathramu Sthoathyamayyaa,,0,1,1,full,Zion Songs Telugu,క్రొత్త సంవత్సరము Zion,unbroken-lines,https://waytochurch.com/lyrics/song/3394
03395-dhaevaa-smvathsaramunu-dhayaakireetamugaa-nichch.json,3395,Dhaevaa Smvathsaramunu Dhayaakireetamugaa Nichchi Yunnaavu,,0,1,1,full,Zion Songs Telugu,New Year క్రొత్త సంవత్సరము Zion,unbroken-lines,https://waytochurch.com/lyrics/song/3395
03396-sthuthulu-neekarpimthumu-sathathamu-maa-prabhuva.json,3396,Sthuthulu Neekarpimthumu Sathathamu Maa Prabhuvaa,,0,1,1,full,Zion Songs Telugu,క్రొత్త సంవత్సరము Zion,unbroken-lines,https://waytochurch.com/lyrics/song/3396
03397-prabhuvaa-paadedha-noka-sthuthi-geethm-praemimch.json,3397,Prabhuvaa Paadedha Noka Sthuthi Geethm Praemimchi Rakshimchithivi,,0,1,1,full,Zion Songs Telugu,క్రొత్త సంవత్సరము Zion,unbroken-lines,https://waytochurch.com/lyrics/song/3397
03398-oa-bhakthulaaraa-manammdharamu-nithyamu-yaesuni-.json,3398,Oa Bhakthulaaraa Manammdharamu Nithyamu Yaesuni Sthuthiyimchedhamu,,0,1,1,full,Zion Songs Telugu,క్రొత్త సంవత్సరము Zion,unbroken-lines,https://waytochurch.com/lyrics/song/3398
03400-bhayamu-laedhugaa-manaku-bhayamu-laedhugaa.json,3400,Bhayamu Laedhugaa Manaku Bhayamu Laedhugaa,,0,1,1,full,Zion Songs Telugu,క్రొత్త సంవత్సరము Zion,unbroken-lines,https://waytochurch.com/lyrics/song/3400
03401-dhaevasuthudu-yaesu-janmimche-nirathamu-sthuthiy.json,3401,Dhaevasuthudu Yaesu Janmimche Nirathamu Sthuthiyimthumu,,0,1,1,full,Zion Songs Telugu,క్రీస్తు జన్మము Zion,unbroken-lines,https://waytochurch.com/lyrics/song/3401
03402-mariyaku-suthuduga-dharanu-janmimchi-immaanuyael.json,3402,Mariyaku Suthuduga Dharanu Janmimchi Immaanuyaelaayen,,0,1,1,full,Zion Songs Telugu,క్రీస్తు జన్మము Zion,unbroken-lines,https://waytochurch.com/lyrics/song/3402
03407-vimtimayyaa-nee-svaramu-kmtimayyaa-nee-roopamunu.json,3407,Vimtimayyaa Nee Svaramu Kmtimayyaa Nee Roopamunu,,0,1,1,full,Zion Songs Telugu,క్రీస్తు జన్మము Zion,unbroken-lines,https://waytochurch.com/lyrics/song/3407
03409-niraakaara-suroopudaa-manoaharaa-karigithivaa-na.json,3409,Niraakaara Suroopudaa Manoaharaa Karigithivaa Naakai Vraelaaduchu Siluvaloa,,0,1,1,full,Zion Songs Telugu,Good Friday శ్రమలు మరియు మరణము Zion,unbroken-lines,https://waytochurch.com/lyrics/song/3409
03410-yaesuni-shramalathoada-aashathoa-paalu-pomdhedha.json,3410,Yaesuni Shramalathoada Aashathoa Paalu Pomdhedhanu,,0,1,1,full,Zion Songs Telugu,Good Friday శ్రమలు మరియు మరణము Zion,unbroken-lines,https://waytochurch.com/lyrics/song/3410
03411-manakai-yaesu-maranimche-mana-paapamula-korakai.json,3411,Manakai Yaesu Maranimche Mana Paapamula Korakai,,0,1,1,full,Zion Songs Telugu,Good Friday శ్రమలు మరియు మరణము Zion,unbroken-lines,https://waytochurch.com/lyrics/song/3411
03412-yaesu-prabhoo-naa-korakai-baligaanu-neevaithivi.json,3412,Yaesu Prabhoo Naa Korakai Baligaanu Neevaithivi,,0,1,1,full,Zion Songs Telugu,Good Friday శ్రమలు మరియు మరణము Zion,unbroken-lines,https://waytochurch.com/lyrics/song/3412
03416-adhigoa-kalvariloa-yaesu-rakshkudae-dheenudai-vr.json,3416,Adhigoa Kalvariloa Yaesu Rakshkudae Dheenudai Vraelaaduchunnaadae,,0,1,1,full,Zion Songs Telugu,Good Friday శ్రమలు మరియు మరణము Zion,unbroken-lines,https://waytochurch.com/lyrics/song/3416
03418-yaesuni-rakthamae-jai-jai-prabhu-yaesuni-raktham.json,3418,Yaesuni Rakthamae Jai Jai Prabhu Yaesuni Rakthamae Jai,,0,1,1,full,Zion Songs Telugu,Good Friday శ్రమలు మరియు మరణము Zion,unbroken-lines,https://waytochurch.com/lyrics/song/3418
03419-etuvmti-yaagamu-jaesithivi-yaesu-neevale-naenumd.json,3419,Etuvmti Yaagamu Jaesithivi Yaesu Neevale Naenumda Naa Korakai,,0,1,1,full,Zion Songs Telugu,Good Friday శ్రమలు మరియు మరణము Zion,unbroken-lines,https://waytochurch.com/lyrics/song/3419
03420-choodumadhae-nee-korakae-siluvapai-vraelaadu-shr.json,3420,Choodumadhae Nee Korakae Siluvapai Vraelaadu Shreeyaesu Rakshkun,,0,1,1,full,Zion Songs Telugu,Good Friday శ్రమలు మరియు మరణము Zion,unbroken-lines,https://waytochurch.com/lyrics/song/3420
03421-jeevapu-maarga-jyoathivi-siluva-moasina-yaesu.json,3421,Jeevapu Maarga Jyoathivi Siluva Moasina Yaesu,,0,1,1,full,Zion Songs Telugu,Good Friday శ్రమలు మరియు మరణము Zion,unbroken-lines,https://waytochurch.com/lyrics/song/3421
03422-yaesu-chaavomdhe-siluvapai-nee-korakae-naa-korak.json,3422,Yaesu Chaavomdhe Siluvapai Nee Korakae Naa Korakae,,0,1,1,full,Zion Songs Telugu,Good Friday శ్రమలు మరియు మరణము Zion,unbroken-lines,https://waytochurch.com/lyrics/song/3422
03425-kalvari-guttameedhanu-dhurmaargavairulu-dhvaeshi.json,3425,Kalvari Guttameedhanu Dhurmaargavairulu Dhvaeshimchi Silva Meedhanu Shree Yaesujmpiri,,0,1,1,full,Zion Songs Telugu,Good Friday శ్రమలు మరియు మరణము Zion,unbroken-lines,https://waytochurch.com/lyrics/song/3425
03426-dhaevaa-naadhaevaa-nannaela-vidachithivani-siluv.json,3426,Dhaevaa Naadhaevaa Nannaela Vidachithivani Siluvaloa Baliyaina Naa Yaesuvaa,,0,1,1,full,Zion Songs Telugu,Good Friday శ్రమలు మరియు మరణము Zion,unbroken-lines,https://waytochurch.com/lyrics/song/3426
03431-shraeshtageethamu-vinabaduchunnadhi-yaesu-laeche.json,3431,Shraeshtageethamu Vinabaduchunnadhi Yaesu Laechenu,,0,1,1,full,Zion Songs Telugu,పునరుత్థానము Zion Easter,unbroken-lines,https://waytochurch.com/lyrics/song/3431
03432-yaesu-samaadhiloa-parumdi-vaasigaa-moodava-naadu.json,3432,Yaesu Samaadhiloa Parumdi Vaasigaa Moodava Naadu Laechen,,0,1,1,full,Zion Songs Telugu,పునరుత్థానము Zion Easter,unbroken-lines,https://waytochurch.com/lyrics/song/3432
03433-kreesthulaeche-hallelooya-laeche-jayasheeludu.json,3433,Kreesthulaeche Hallelooya Laeche Jayasheeludu,,0,1,1,full,Zion Songs Telugu,పునరుత్థానము Zion Easter,unbroken-lines,https://waytochurch.com/lyrics/song/3433
03434-kreesthu-naedu-laechenu-marthya-dhootha-smghamaa.json,3434,Kreesthu Naedu Laechenu Marthya Dhootha Smghamaa,,0,1,1,full,Zion Songs Telugu,పునరుత్థానము Zion Easter,unbroken-lines,https://waytochurch.com/lyrics/song/3434
03435-yaesuraaju-vachchunu-dhoothalathoa-vachchunu.json,3435,Yaesuraaju Vachchunu Dhoothalathoa Vachchunu,,0,1,1,full,Zion Songs Telugu,రెండవ రాకడ Zion,unbroken-lines,https://waytochurch.com/lyrics/song/3435
03436-raajaadhiraajaa-raavae-raaju-yaesu-raajyamaela-r.json,3436,Raajaadhiraajaa Raavae Raaju Yaesu Raajyamaela Raavae,,0,5,5,full,Zion Songs Telugu,రెండవ రాకడ Zion,unbroken-lines,https://waytochurch.com/lyrics/song/3436
03437-maeghaa-roodumdai-prabhuyaesu-athi-vaegamugaa-na.json,3437,Maeghaa Roodumdai Prabhuyaesu Athi Vaegamugaa Naethemchun,,0,1,1,full,Zion Songs Telugu,రెండవ రాకడ Zion,unbroken-lines,https://waytochurch.com/lyrics/song/3437
03439-mahimayuthudu-maa-yaesuraaju.json,3439,Mahimayuthudu Maa Yaesuraaju,,0,1,1,full,Zion Songs Telugu,రెండవ రాకడ Zion,unbroken-lines,https://waytochurch.com/lyrics/song/3439
03440-maeghamu-meedha-yaesuraaju-vaega-milakuvachchun.json,3440,Maeghamu Meedha Yaesuraaju Vaega Milakuvachchun,,0,1,1,full,Zion Songs Telugu,రెండవ రాకడ Zion,unbroken-lines,https://waytochurch.com/lyrics/song/3440
03441-soadharulaaraa-lemdi-raakada-gurthulu-choodmdi.json,3441,Soadharulaaraa Lemdi Raakada Gurthulu Choodmdi,,0,1,1,full,Zion Songs Telugu,రెండవ రాకడ Zion,unbroken-lines,https://waytochurch.com/lyrics/song/3441
03442-yaesu-raagaanae-smghamu-maarpu-chaeyabadi-paiket.json,3442,Yaesu Raagaanae Smghamu Maarpu Chaeyabadi Paikeththabadunu,,0,1,1,full,Zion Songs Telugu,రెండవ రాకడ Zion,unbroken-lines,https://waytochurch.com/lyrics/song/3442
03443-raajula-raajuga-yaesu-prabhumdu.json,3443,Raajula Raajuga Yaesu Prabhumdu,,0,1,1,full,Zion Songs Telugu,రెండవ రాకడ Zion,unbroken-lines,https://waytochurch.com/lyrics/song/3443
03444-nee-dhaevuni-smdhimcha-neevu-aayaththamaa.json,3444,Nee Dhaevuni Smdhimcha Neevu Aayaththamaa,,0,1,1,full,Zion Songs Telugu,రెండవ రాకడ Zion,unbroken-lines,https://waytochurch.com/lyrics/song/3444
03445-parishudhdhulellaru-yaesun-pogadi-paadi-yaarbhat.json,3445,Parishudhdhulellaru Yaesun Pogadi Paadi Yaarbhatimchi Paramunanumd,,0,1,1,full,Zion Songs Telugu,రెండవ రాకడ Zion,unbroken-lines,https://waytochurch.com/lyrics/song/3445
03446-yaesu-sheeghramugaa-vachchun-aashathoa-kanipettu.json,3446,Yaesu Sheeghramugaa Vachchun Aashathoa Kanipettudi,,0,1,1,full,Zion Songs Telugu,రెండవ రాకడ Zion,unbroken-lines,https://waytochurch.com/lyrics/song/3446
03448-adhigoa-vachchunadhevaroa-choodumaa-mahima-galig.json,3448,Adhigoa Vachchunadhevaroa Choodumaa Mahima Galigina Mana Yaesae,,0,1,1,full,Zion Songs Telugu,రెండవ రాకడ Zion,unbroken-lines,https://waytochurch.com/lyrics/song/3448
03449-yaesu-sheeghramuga-thirigivachchun-sathyadhaevun.json,3449,Yaesu Sheeghramuga Thirigivachchun Sathyadhaevuni Vaakyamidhae,,0,1,1,full,Zion Songs Telugu,రెండవ రాకడ Zion,unbroken-lines,https://waytochurch.com/lyrics/song/3449
03450-idhigoa-naenu-vachchuchunnaanu-thvaragaa-vachchu.json,3450,Idhigoa Naenu Vachchuchunnaanu Thvaragaa Vachchuchunnaanu,,0,1,1,full,Zion Songs Telugu,రెండవ రాకడ Zion,unbroken-lines,https://waytochurch.com/lyrics/song/3450
03451-jayamani-paadu-prabhuyaesunakae-hoasanna-jai.json,3451,Jayamani Paadu Prabhuyaesunakae Hoasanna Jai,,0,1,1,full,Zion Songs Telugu,రెండవ రాకడ Zion,unbroken-lines,https://waytochurch.com/lyrics/song/3451
03452-kaalamu-sameepamu-prabhu-yaesu-vachchun-jeethamu.json,3452,Kaalamu Sameepamu Prabhu Yaesu Vachchun Jeethamu Pomdhunu Nija Dhaasudu,,0,1,1,full,Zion Songs Telugu,రెండవ రాకడ Zion,unbroken-lines,https://waytochurch.com/lyrics/song/3452
03453-prakaasha-vasthramuthoa-paraloaka-mahimathoa-loa.json,3453,Prakaasha Vasthramuthoa Paraloaka Mahimathoa Loakmbuna Kaethemchunu Maeghmbupai Prabhuvae,,0,1,1,full,Zion Songs Telugu,రెండవ రాకడ Zion,unbroken-lines,https://waytochurch.com/lyrics/song/3453
03454-raajularaaju-prabhuvula-prabhoo-ee-jagathiki-aru.json,3454,Raajularaaju Prabhuvula Prabhoo Ee Jagathiki Arudhemche Prabhoo,,0,1,1,full,Zion Songs Telugu,రెండవ రాకడ Zion,unbroken-lines,https://waytochurch.com/lyrics/song/3454
03456-seeyoanuraaju-vachchunu-madhin-sidhdhapadu.json,3456,Seeyoanuraaju Vachchunu Madhin Sidhdhapadu,,0,1,1,full,Zion Songs Telugu,రెండవ రాకడ Zion,unbroken-lines,https://waytochurch.com/lyrics/song/3456
03457-prabhuvu-dhigivachchunu-paramunumdi-vaegamae-vib.json,3457,Prabhuvu Dhigivachchunu Paramunumdi Vaegamae Vibhudu Thirigivachchunu Parama Vadhuvukai,,0,1,1,full,Zion Songs Telugu,రెండవ రాకడ Zion,unbroken-lines,https://waytochurch.com/lyrics/song/3457
03458-kreesthu-yaesu-vachchunu-aayaththamuga-numdudi.json,3458,Kreesthu Yaesu Vachchunu Aayaththamuga Numdudi,,0,1,1,full,Zion Songs Telugu,రెండవ రాకడ Zion,unbroken-lines,https://waytochurch.com/lyrics/song/3458
03459-praanapriyudaa-praanapriyudaa-rammu-maa-yaesu-pa.json,3459,Praanapriyudaa Praanapriyudaa Rammu Maa Yaesu Paadedhamu,,0,1,1,full,Zion Songs Telugu,రెండవ రాకడ Zion,unbroken-lines,https://waytochurch.com/lyrics/song/3459
03460-boora-shabdhmbu-dhvanimpa-gaamchedhamaesun-maa-e.json,3460,Boora Shabdhmbu Dhvanimpa Gaamchedhamaesun Maa Edhut,,0,1,1,full,Zion Songs Telugu,రెండవ రాకడ Zion,unbroken-lines,https://waytochurch.com/lyrics/song/3460
03461-yaesukreesthu-sheeghramuga-sheeghramuga-sheeghra.json,3461,Yaesukreesthu Sheeghramuga Sheeghramuga Sheeghramug,,0,1,1,full,Zion Songs Telugu,రెండవ రాకడ Zion,unbroken-lines,https://waytochurch.com/lyrics/song/3461
03462-komthasamayamae-migilinadhi-kreesthaesu-prabhuvu.json,3462,Komthasamayamae Migilinadhi Kreesthaesu Prabhuvu Thirigi Vachchun,,0,1,1,full,Zion Songs Telugu,రెండవ రాకడ Zion,unbroken-lines,https://waytochurch.com/lyrics/song/3462
03463-parama-thmdri-suthudu-praanamichchenae-paapi-kor.json,3463,Parama Thmdri Suthudu Praanamichchenae Paapi Korakai,,0,1,1,full,Zion Songs Telugu,సువార్త ప్రకటన Zion,unbroken-lines,https://waytochurch.com/lyrics/song/3463
03464-dhaeva-gorrepilla-siluvaloa-samasinapudu-paapa-p.json,3464,Dhaeva Gorrepilla Siluvaloa Samasinapudu Paapa Parihaaraartha Oota Therachen,,0,1,1,full,Zion Songs Telugu,సువార్త ప్రకటన Zion,unbroken-lines,https://waytochurch.com/lyrics/song/3464
03465-rakthammdhu-rakthammdhu-paapi-neevu-aa-rakthammd.json,3465,Rakthammdhu Rakthammdhu Paapi Neevu Aa Rakthammdhu Nilichiyunnaavaa,,0,1,1,full,Zion Songs Telugu,సువార్త ప్రకటన Zion,unbroken-lines,https://waytochurch.com/lyrics/song/3465
03466-mahaaraajaa-yaesu-neekae-mahima-kalugu-gaak.json,3466,Mahaaraajaa Yaesu Neekae Mahima Kalugu Gaak,,0,1,1,full,Zion Songs Telugu,సువార్త ప్రకటన Zion,unbroken-lines,https://waytochurch.com/lyrics/song/3466
03467-paraloaka-raajyamu-chaerutaku-prabhuyaesae-maarg.json,3467,Paraloaka Raajyamu Chaerutaku Prabhuyaesae Maargmbu,,0,1,1,full,Zion Songs Telugu,సువార్త ప్రకటన Zion,unbroken-lines,https://waytochurch.com/lyrics/song/3467
03468-praemadmkaa-jagamuna-vinabadu-naadhamu.json,3468,Praemadmkaa Jagamuna Vinabadu Naadhamu,,0,1,1,full,Zion Songs Telugu,సువార్త ప్రకటన Zion,unbroken-lines,https://waytochurch.com/lyrics/song/3468
03469-jayamani-paadudi-sarva-janamaa-mukthidhaatha-yae.json,3469,Jayamani Paadudi Sarva Janamaa Mukthidhaatha Yaesunaku,,0,1,1,full,Zion Songs Telugu,సువార్త ప్రకటన Zion,unbroken-lines,https://waytochurch.com/lyrics/song/3469
03470-jagathi-karudhemche-rakshnakartha-paapula-mora-v.json,3470,Jagathi Karudhemche Rakshnakartha Paapula Mora Vinenu Yaesu,,0,1,1,full,Zion Songs Telugu,సువార్త ప్రకటన Zion,unbroken-lines,https://waytochurch.com/lyrics/song/3470
03471-dhanya-dhanya-yaesu-naamamu-jayajaya-prabhu-naam.json,3471,Dhanya Dhanya Yaesu Naamamu Jayajaya Prabhu Naamamu,,0,1,1,full,Zion Songs Telugu,సువార్త ప్రకటన Zion,unbroken-lines,https://waytochurch.com/lyrics/song/3471
03472-eeyana-maata-vinudi-naedu-eeyanae-naa-priya-kuma.json,3472,Eeyana Maata Vinudi Naedu Eeyanae Naa Priya Kumaarudu,,0,1,1,full,Zion Songs Telugu,సువార్త ప్రకటన Zion,unbroken-lines,https://waytochurch.com/lyrics/song/3472
03473-paapamunaku-jeethamu-maranamu-oa-paapi-bhayapada.json,3473,Paapamunaku Jeethamu Maranamu Oa Paapi Bhayapadavaa,,0,1,1,full,Zion Songs Telugu,సువార్త ప్రకటన Zion,unbroken-lines,https://waytochurch.com/lyrics/song/3473
03475-parugidiraa-soadharudaa-prabhu-sannidhi-neevu-ja.json,3475,Parugidiraa Soadharudaa Prabhu Sannidhi Neevu Jaerutakai,,0,1,1,full,Zion Songs Telugu,సువార్త ప్రకటన Zion,unbroken-lines,https://waytochurch.com/lyrics/song/3475
03476-vinudi-soadharulaaraa-naa-yaesu-prabhu-yila-kaet.json,3476,Vinudi Soadharulaaraa Naa Yaesu Prabhu Yila Kaethemchen,,0,1,1,full,Zion Songs Telugu,సువార్త ప్రకటన Zion,unbroken-lines,https://waytochurch.com/lyrics/song/3476
03477-rmdi-rmdi-rayamuna-yaesuni-rakshkuniga-nmgeekari.json,3477,Rmdi Rmdi Rayamuna Yaesuni Rakshkuniga Nmgeekarimchudi,,0,1,1,full,Zion Songs Telugu,సువార్త ప్రకటన Zion,unbroken-lines,https://waytochurch.com/lyrics/song/3477
03478-iruku-maargmbuloa-pravaeshimchu-vaaru-komdharae.json,3478,Iruku Maargmbuloa Pravaeshimchu Vaaru Komdharae,,0,1,1,full,Zion Songs Telugu,సువార్త ప్రకటన Zion,unbroken-lines,https://waytochurch.com/lyrics/song/3478
03479-krupakaalamu-dhaatipoavuchunnadhi-krupapomdhanu-.json,3479,Krupakaalamu Dhaatipoavuchunnadhi Krupapomdhanu Parugidi Rmdu Vaevaeg,,0,1,1,full,Zion Songs Telugu,సువార్త ప్రకటన Zion,unbroken-lines,https://waytochurch.com/lyrics/song/3479
03480-prabhu-yaesukae-jayamani-paadu-paapa-parihaaramu.json,3480,Prabhu Yaesukae Jayamani Paadu Paapa Parihaaramunu Bomdhi,,0,1,1,full,Zion Songs Telugu,సువార్త ప్రకటన Zion,unbroken-lines,https://waytochurch.com/lyrics/song/3480
03481-kaluvariloa-vimukthi-kaligenoa-priyumdaa.json,3481,Kaluvariloa Vimukthi Kaligenoa Priyumdaa,,0,1,1,full,Zion Songs Telugu,సువార్త ప్రకటన Zion,unbroken-lines,https://waytochurch.com/lyrics/song/3481
03482-yaesu-prabhuvaegaaka-vasudhaloa-rakshkudae-laedu.json,3482,Yaesu Prabhuvaegaaka Vasudhaloa Rakshkudae Laedu,,0,1,1,full,Zion Songs Telugu,సువార్త ప్రకటన Zion,unbroken-lines,https://waytochurch.com/lyrics/song/3482
03483-prabhu-shree-yaesu-prabhu-shree-yaesu-jayashaale.json,3483,Prabhu Shree Yaesu Prabhu Shree Yaesu Jayashaalee,,0,1,1,full,Zion Songs Telugu,సువార్త ప్రకటన Zion,unbroken-lines,https://waytochurch.com/lyrics/song/3483
03484-paripoornmbagu-guruvu-yevaru-praemathoa-nimdina-.json,3484,Paripoornmbagu Guruvu Yevaru Praemathoa Nimdina Hrudhayumde,,0,1,1,full,Zion Songs Telugu,సువార్త ప్రకటన Zion,unbroken-lines,https://waytochurch.com/lyrics/song/3484
03485-prajalaaraa-vaegamae-raarae-nijadhaivamunu-kanug.json,3485,Prajalaaraa Vaegamae Raarae Nijadhaivamunu Kanugonarae,,0,1,1,full,Zion Songs Telugu,సువార్త ప్రకటన Zion,unbroken-lines,https://waytochurch.com/lyrics/song/3485
03486-praemaamrutha-dhaarala-chimdhina-mana-yaesuku-sa.json,3486,Praemaamrutha Dhaarala Chimdhina Mana Yaesuku Samamevaru,,0,1,1,full,Zion Songs Telugu,సువార్త ప్రకటన Zion,unbroken-lines,https://waytochurch.com/lyrics/song/3486
03487-rammanuchunnaa-daesu-raaju-rmdi-sarva-janulaaraa.json,3487,Rammanuchunnaa Daesu Raaju Rmdi Sarva Janulaaraa,,0,1,1,full,Zion Songs Telugu,సువార్త ప్రకటన Zion,unbroken-lines,https://waytochurch.com/lyrics/song/3487
03489-raarmdi-yaesu-paadhamula-chaera-paapa-vimukthi-p.json,3489,Raarmdi Yaesu Paadhamula Chaera Paapa Vimukthi Pomdh,,0,1,1,full,Zion Songs Telugu,సువార్త ప్రకటన Zion,unbroken-lines,https://waytochurch.com/lyrics/song/3489
03490-ilaloa-yaesunakae-jayamu.json,3490,Ilaloa Yaesunakae Jayamu,,0,1,1,full,Zion Songs Telugu,సువార్త ప్రకటన Zion,unbroken-lines,https://waytochurch.com/lyrics/song/3490
03491-kreesthae-sarvaadhikaari-kreesthae-alphaa-omaeg.json,3491,Kreesthae Sarvaadhikaari Kreesthae Alphaa Omaeg,,0,1,1,full,Zion Songs Telugu,సువార్త ప్రకటన Zion,unbroken-lines,https://waytochurch.com/lyrics/song/3491
03492-amdhakaaraloakamunaku-velugunivva-prabhuvu-vachc.json,3492,Amdhakaaraloakamunaku Velugunivva Prabhuvu Vachchenu,,0,1,1,full,Zion Songs Telugu,సువార్త ప్రకటన Zion,unbroken-lines,https://waytochurch.com/lyrics/song/3492
03493-maanava-roopamunu-dharimchi-arudhemche-yaesu-iha.json,3493,Maanava Roopamunu Dharimchi Arudhemche Yaesu Ihamunaku,,0,1,1,full,Zion Songs Telugu,సువార్త ప్రకటన Zion,unbroken-lines,https://waytochurch.com/lyrics/song/3493
03494-saati-laenidhi-yaesuni-rakthamu-paapamunu-kadugu.json,3494,Saati Laenidhi Yaesuni Rakthamu Paapamunu Kadugunu,,2,1,1,full,Zion Songs Telugu,సువార్త ప్రకటన Zion,unbroken-lines,https://waytochurch.com/lyrics/song/3494
03495-rakshna-nosagedu-yaesuni-praemanu-lakshyamu-chae.json,3495,Rakshna Nosagedu Yaesuni Praemanu Lakshyamu Chaeyumu Oa Priyudaa,,0,1,1,full,Zion Songs Telugu,సువార్త ప్రకటన Zion,unbroken-lines,https://waytochurch.com/lyrics/song/3495
03496-paapulakoraku-prabhuyaesu-siluvaloa-baliyaayenu.json,3496,Paapulakoraku Prabhuyaesu Siluvaloa Baliyaayenu,,0,1,1,full,Zion Songs Telugu,సువార్త ప్రకటన Zion,unbroken-lines,https://waytochurch.com/lyrics/song/3496
03497-dhaevudu-loakamunu-yemthoa-praemimchenu-adhvithe.json,3497,Dhaevudu Loakamunu Yemthoa Praemimchenu Adhvitheeya Kumaaruni Anugrahimchenu,,0,1,1,full,Zion Songs Telugu,సువార్త ప్రకటన Zion,unbroken-lines,https://waytochurch.com/lyrics/song/3497
03498-maaya-loakamu-moasapoakumu-yaesunmdhae-rakshna-d.json,3498,Maaya Loakamu Moasapoakumu Yaesunmdhae Rakshna Dhorukunu Neeku,,0,1,1,full,Zion Songs Telugu,సువార్త ప్రకటన Zion,unbroken-lines,https://waytochurch.com/lyrics/song/3498
03499-nyaayapeetamu-nee-mumdhu-vunnadhi-dhyaanimchicho.json,3499,Nyaayapeetamu Nee Mumdhu Vunnadhi Dhyaanimchichoodu Koorchunna Dhevaroa,,0,1,1,full,Zion Songs Telugu,సువార్త ప్రకటన Zion,unbroken-lines,https://waytochurch.com/lyrics/song/3499
03500-mahaavaidhyumdu-vachchenu-brajaali-broachu-yaesu.json,3500,Mahaavaidhyumdu Vachchenu Brajaali Broachu Yaesu,,0,1,1,full,Zion Songs Telugu,సువార్త ప్రకటన Zion,unbroken-lines,https://waytochurch.com/lyrics/song/3500
03501-maadhurympu-naamamu-moadhamichchugaanamu.json,3501,Maadhurympu Naamamu Moadhamichchugaanamu,,0,1,1,full,Zion Songs Telugu,సువార్త ప్రకటన Zion,unbroken-lines,https://waytochurch.com/lyrics/song/3501
03502-shubhavaartha-vimtimi-yaesu-rakshimchunu.json,3502,Shubhavaartha Vimtimi Yaesu Rakshimchunu,,0,1,1,full,Zion Songs Telugu,సువార్త ప్రకటన Zion,unbroken-lines,https://waytochurch.com/lyrics/song/3502
03503-immaanuyaeluni-rakthamu-nimdina-ootayae.json,3503,Immaanuyaeluni Rakthamu Nimdina Ootayae,,0,1,1,full,Zion Songs Telugu,సువార్త ప్రకటన Zion,unbroken-lines,https://waytochurch.com/lyrics/song/3503
03504-hallelooyaa-yaesuvaa-kalvaripaina-mruthudaa.json,3504,Hallelooyaa Yaesuvaa Kalvaripaina Mruthudaa,,0,1,1,full,Zion Songs Telugu,సువార్త ప్రకటన Zion,unbroken-lines,https://waytochurch.com/lyrics/song/3504
03505-daagunaedhi-maapunu-vaegayaesu-rakthadhaarae.json,3505,Daagunaedhi Maapunu Vaegayaesu Rakthadhaarae,,0,1,1,full,Zion Songs Telugu,సువార్త ప్రకటన Zion,unbroken-lines,https://waytochurch.com/lyrics/song/3505
03506-haa-dhivya-rakthamu-emthoa-yamoolyamu.json,3506,Haa Dhivya Rakthamu Emthoa Yamoolyamu,,0,1,1,full,Zion Songs Telugu,సువార్త ప్రకటన Zion,unbroken-lines,https://waytochurch.com/lyrics/song/3506
03507-mana-prabhuvaina-yaesunmdhu-ennoa-dheevenalu.json,3507,Mana Prabhuvaina Yaesunmdhu Ennoa Dheevenalu,,0,1,1,full,Zion Songs Telugu,సువార్త ప్రకటన Zion,unbroken-lines,https://waytochurch.com/lyrics/song/3507
03508-nee-jeevithamu-kshnabhmguramae-oka-gadiyaloanae-.json,3508,Nee Jeevithamu Kshnabhmguramae Oka Gadiyaloanae Gathiyimchedhavu,,0,1,1,full,Zion Songs Telugu,సువార్త ప్రకటన Zion,unbroken-lines,https://waytochurch.com/lyrics/song/3508
03509-emthoa-goppa-nithyamaina-poorna-rakshna-yidhae.json,3509,Emthoa Goppa Nithyamaina Poorna Rakshna Yidhae,,0,1,1,full,Zion Songs Telugu,సువార్త ప్రకటన Zion,unbroken-lines,https://waytochurch.com/lyrics/song/3509
03510-yaesu-laenichoa-paapikaashrayamae-laedhu.json,3510,Yaesu Laenichoa Paapikaashrayamae Laedhu,,0,2,2,full,Zion Songs Telugu,సువార్త ప్రకటన Zion,unbroken-lines,https://waytochurch.com/lyrics/song/3510
03511-maaru-manassu-pomdhumu-prabhuni-raajyamu-sameepi.json,3511,Maaru Manassu Pomdhumu Prabhuni Raajyamu Sameepimchenu,,0,1,1,full,Zion Songs Telugu,సువార్త ప్రకటన Zion,unbroken-lines,https://waytochurch.com/lyrics/song/3511
03512-vyarthm-vyarthm-sarvamu-vyarthm-nashimchu-loakm-.json,3512,Vyarthm Vyarthm Sarvamu Vyarthm Nashimchu Loakm Naashamu Thadhym,,0,1,1,full,Zion Songs Telugu,సువార్త ప్రకటన Zion,unbroken-lines,https://waytochurch.com/lyrics/song/3512
03513-kreesthu-prabhukae-sakala-mahima-shaashvathmbain.json,3513,Kreesthu Prabhukae Sakala Mahima Shaashvathmbainadhi Thana Raajym,,0,1,1,full,Zion Songs Telugu,సువార్త ప్రకటన Zion,unbroken-lines,https://waytochurch.com/lyrics/song/3513
03514-idhiyae-anukoola-samayamu-neeku-ghana-rakshna-dh.json,3514,Idhiyae Anukoola Samayamu Neeku Ghana Rakshna Dhinamu,,0,1,1,full,Zion Songs Telugu,సువార్త ఆహ్వానము Zion,unbroken-lines,https://waytochurch.com/lyrics/song/3514
03516-maayaloaka-maayaloa-naela-mumgi-thirigedhavu.json,3516,Maayaloaka Maayaloa Naela Mumgi Thirigedhavu,,0,1,1,full,Zion Songs Telugu,సువార్త ఆహ్వానము Zion,unbroken-lines,https://waytochurch.com/lyrics/song/3516
03517-maranamu-vachchun-maranamu-vachchun.json,3517,Maranamu Vachchun Maranamu Vachchun,,0,1,1,full,Zion Songs Telugu,సువార్త ఆహ్వానము Zion,unbroken-lines,https://waytochurch.com/lyrics/song/3517
03518-vinathi-vinathi-vinathi-thriyaekuniki.json,3518,Vinathi Vinathi Vinathi Thriyaekuniki,,0,1,1,full,Zion Songs Telugu,సువార్త ఆహ్వానము Zion,unbroken-lines,https://waytochurch.com/lyrics/song/3518
03519-kaalaviluva-neeku-theliyakapoayina-kanneeru-kaar.json,3519,Kaalaviluva Neeku Theliyakapoayina Kanneeru Kaarchedhavu,,0,1,1,full,Zion Songs Telugu,సువార్త ఆహ్వానము Zion,unbroken-lines,https://waytochurch.com/lyrics/song/3519
03520-prabhu-yaesu-pilupunu-oa-priyudaa-pedachevini-pe.json,3520,Prabhu Yaesu Pilupunu Oa Priyudaa Pedachevini Pettedhavaa,,0,1,1,full,Zion Songs Telugu,సువార్త ఆహ్వానము Zion,unbroken-lines,https://waytochurch.com/lyrics/song/3520
03522-immuga-nee-hrudhayamu-nimmu-immanen-nee-prabhu.json,3522,Immuga Nee Hrudhayamu Nimmu Immanen Nee Prabhu,,0,1,1,full,Zion Songs Telugu,సువార్త ఆహ్వానము Zion,unbroken-lines,https://waytochurch.com/lyrics/song/3522
03523-oapaapi-jeevapu-yootakuraa-paapabhaaramu-thoadar.json,3523,Oapaapi Jeevapu Yootakuraa Paapabhaaramu Thoadaraa,,0,1,1,full,Zion Songs Telugu,సువార్త ఆహ్వానము Zion,unbroken-lines,https://waytochurch.com/lyrics/song/3523
03524-thaamasamu-chaeyakumu-tharunamunu-veedakumu.json,3524,Thaamasamu Chaeyakumu Tharunamunu Veedakumu,,0,1,1,full,Zion Songs Telugu,సువార్త ఆహ్వానము Zion,unbroken-lines,https://waytochurch.com/lyrics/song/3524
03525-gadiya-naenu-thattuchunnaanu.json,3525,Gadiya Naenu Thattuchunnaanu,,0,1,1,full,Zion Songs Telugu,సువార్త ఆహ్వానము Zion,unbroken-lines,https://waytochurch.com/lyrics/song/3525
03526-yaesu-raajun-nee-yedhaloa-vasiyimpa-neeyavaa.json,3526,Yaesu Raajun Nee Yedhaloa Vasiyimpa Neeyavaa,,0,1,1,full,Zion Songs Telugu,సువార్త ఆహ్వానము Zion,unbroken-lines,https://waytochurch.com/lyrics/song/3526
03527-soadharudaa-paapakshmakai-vaedumaa-prabhu-yaesun.json,3527,Soadharudaa Paapakshmakai Vaedumaa Prabhu Yaesuni,,0,1,1,full,Zion Songs Telugu,సువార్త ఆహ్వానము Zion,unbroken-lines,https://waytochurch.com/lyrics/song/3527
03528-yaesu-prabhuvae-neeku-rakshna-nichchunu.json,3528,Yaesu Prabhuvae Neeku Rakshna Nichchunu,,1,1,1,full,Zion Songs Telugu,సువార్త ఆహ్వానము Zion,unbroken-lines,https://waytochurch.com/lyrics/song/3528
03529-oapaapee-smdhimchithivaa-nee-paapa-vimoachakuni.json,3529,Oapaapee Smdhimchithivaa Nee Paapa Vimoachakuni,,0,1,1,full,Zion Songs Telugu,సువార్త ఆహ్వానము Zion,unbroken-lines,https://waytochurch.com/lyrics/song/3529
03530-choodumu-soadharudaa-neevu-naedae-laechi-rakshna.json,3530,Choodumu Soadharudaa Neevu Naedae Laechi Rakshna Korakai,,0,1,1,full,Zion Songs Telugu,సువార్త ఆహ్వానము Zion,unbroken-lines,https://waytochurch.com/lyrics/song/3530
03531-prabhuthattu-kannu-leththu-yaesu-thattu-kannu-le.json,3531,Prabhuthattu Kannu Leththu Yaesu Thattu Kannu Leththu,,0,1,1,full,Zion Songs Telugu,సువార్త ఆహ్వానము Zion,unbroken-lines,https://waytochurch.com/lyrics/song/3531
03532-choodumu-neevu-maelukonumu-yaesu-vachchuchunnaad.json,3532,Choodumu Neevu Maelukonumu Yaesu Vachchuchunnaadu,,0,1,1,full,Zion Songs Telugu,సువార్త ఆహ్వానము Zion,unbroken-lines,https://waytochurch.com/lyrics/song/3532
03533-yaesuni-sveekarimchu-kreesthaesuni-sveekarimchu.json,3533,Yaesuni Sveekarimchu Kreesthaesuni Sveekarimchu,,0,1,1,full,Zion Songs Telugu,సువార్త ఆహ్వానము Zion,unbroken-lines,https://waytochurch.com/lyrics/song/3533
03534-jeevitha-mevvariki-nee-jeevitha-mevvariki.json,3534,Jeevitha Mevvariki Nee Jeevitha Mevvariki,,0,1,1,full,Zion Songs Telugu,సువార్త ఆహ్వానము Zion,unbroken-lines,https://waytochurch.com/lyrics/song/3534
03535-yaesu-ninnu-pilachenu-vaasigaa-svaramu-vinu.json,3535,Yaesu Ninnu Pilachenu Vaasigaa Svaramu Vinu,,0,1,1,full,Zion Songs Telugu,సువార్త ఆహ్వానము Zion,unbroken-lines,https://waytochurch.com/lyrics/song/3535
03536-choodumu-ee-kshnamae-kalvarini-praemaa-prabhuvu-.json,3536,Choodumu Ee Kshnamae Kalvarini Praemaa Prabhuvu Neekai Niluchumdenu,,0,1,1,full,Zion Songs Telugu,Good Friday సువార్త ఆహ్వానము Zion,unbroken-lines,https://waytochurch.com/lyrics/song/3536
03539-choochi-jeevimchu-yaesunaathuni-gaayamulanu-choo.json,3539,Choochi Jeevimchu Yaesunaathuni Gaayamulanu Choodumu,,0,1,1,full,Zion Songs Telugu,సువార్త ఆహ్వానము Zion,unbroken-lines,https://waytochurch.com/lyrics/song/3539
03540-yaesunaathuni-gaayamulanu-choodumu-nithyajeevamu.json,3540,Yaesunaathuni Gaayamulanu Choodumu Nithyajeevamu Pomdhedhavu,,0,1,1,full,Zion Songs Telugu,సువార్త ఆహ్వానము Zion,unbroken-lines,https://waytochurch.com/lyrics/song/3540
03541-nammirammu-nammirammu-immuga-brathukumu.json,3541,Nammirammu Nammirammu Immuga Brathukumu,,0,1,1,full,Zion Songs Telugu,సువార్త ఆహ్వానము Zion,unbroken-lines,https://waytochurch.com/lyrics/song/3541
03542-rakshnmpu-vaarthanu-vini-rakshkumdagu-yaesuni.json,3542,Rakshnmpu Vaarthanu Vini Rakshkumdagu Yaesuni,,0,1,1,full,Zion Songs Telugu,సువార్త ఆహ్వానము Zion,unbroken-lines,https://waytochurch.com/lyrics/song/3542
03543-prabhuyaesu-rammanuchumde-paapula-nellarini.json,3543,Prabhuyaesu Rammanuchumde Paapula Nellarini,,0,1,1,full,Zion Songs Telugu,సువార్త ఆహ్వానము Zion,unbroken-lines,https://waytochurch.com/lyrics/song/3543
03544-yerushlaemu-gummamulaaraa-raajunu-loaniki-raanim.json,3544,Yerushlaemu Gummamulaaraa Raajunu Loaniki Raanimmu,,0,1,1,full,Zion Songs Telugu,సువార్త ఆహ్వానము Zion,unbroken-lines,https://waytochurch.com/lyrics/song/3544
03545-theruvu-nee-hrudhaya-dhvaarmbu-naedae-prabhuyaes.json,3545,Theruvu Nee Hrudhaya Dhvaarmbu Naedae Prabhuyaesunmdhae Rakshna Kaladhu,,0,1,1,full,Zion Songs Telugu,సువార్త ఆహ్వానము Zion,unbroken-lines,https://waytochurch.com/lyrics/song/3545
03546-krupakaalamuloa-prabhuyaesuni-amgeekarimchumu-oa.json,3546,Krupakaalamuloa Prabhuyaesuni Amgeekarimchumu Oa Priyudaa,,0,1,1,full,Zion Songs Telugu,సువార్త ఆహ్వానము Zion,unbroken-lines,https://waytochurch.com/lyrics/song/3546
03547-kreesthu-chemthaku-rammu-priyudaa-yaesu-chemthak.json,3547,Kreesthu Chemthaku Rammu Priyudaa Yaesu Chemthaku Rammu Priyudaa,,0,1,1,full,Zion Songs Telugu,సువార్త ఆహ్వానము Zion,unbroken-lines,https://waytochurch.com/lyrics/song/3547
03548-theruvabadiyunnadhi-krupadhvaaramu.json,3548,Theruvabadiyunnadhi Krupadhvaaramu,,0,1,1,full,Zion Songs Telugu,సువార్త ఆహ్వానము Zion,unbroken-lines,https://waytochurch.com/lyrics/song/3548
03549-naa-maata-vinumani-prabhuvanenu-ninu-rakshimpanu.json,3549,Naa Maata Vinumani Prabhuvanenu Ninu Rakshimpanu Piluchu Chumde,,0,1,1,full,Zion Songs Telugu,సువార్త ఆహ్వానము Zion,unbroken-lines,https://waytochurch.com/lyrics/song/3549
03550-naadhu-hrudhayapu-dhvaaramu-therachedhanu-yaesu-.json,3550,Naadhu Hrudhayapu Dhvaaramu Therachedhanu Yaesu Paapapu Roagiki Neevae Gathi,,0,1,1,full,Zion Songs Telugu,సువార్త ఒప్పుకోలు Zion,unbroken-lines,https://waytochurch.com/lyrics/song/3550
03552-kanikarimchi-nannu-rakshimchu-maesayyaa.json,3552,Kanikarimchi Nannu Rakshimchu Maesayyaa,,0,1,1,full,Zion Songs Telugu,సువార్త ఒప్పుకోలు Zion,unbroken-lines,https://waytochurch.com/lyrics/song/3552
03553-yaesu-naa-hrudhayamunmdhuna-nivasimcharammu-hrud.json,3553,Yaesu Naa Hrudhayamunmdhuna Nivasimcharammu Hrudhayashudhdhi Nimmu,,0,1,1,full,Zion Songs Telugu,సువార్త ఒప్పుకోలు Zion,unbroken-lines,https://waytochurch.com/lyrics/song/3553
03554-rakshna-nosagumu-prabhuvaa-paapiki.json,3554,Rakshna Nosagumu Prabhuvaa Paapiki,,0,1,1,full,Zion Songs Telugu,సువార్త ఒప్పుకోలు Zion,unbroken-lines,https://waytochurch.com/lyrics/song/3554
03555-naenu-ghoarapaapini-chaeri-vaeduchumtini-kshmimc.json,3555,Naenu Ghoarapaapini Chaeri Vaeduchumtini Kshmimchumu,,0,1,1,full,Zion Songs Telugu,సువార్త ఒప్పుకోలు Zion,unbroken-lines,https://waytochurch.com/lyrics/song/3555
03556-prabhuvaa-nannu-karunimchumu-nae-ghoara-paapini.json,3556,Prabhuvaa Nannu Karunimchumu Nae Ghoara Paapini,,0,1,1,full,Zion Songs Telugu,సువార్త ఒప్పుకోలు Zion,unbroken-lines,https://waytochurch.com/lyrics/song/3556
03557-jeevapudhaatha-naa-hrudhayamuloaniki-raa.json,3557,Jeevapudhaatha Naa Hrudhayamuloaniki Raa,,0,1,1,full,Zion Songs Telugu,సువార్త ఒప్పుకోలు Zion,unbroken-lines,https://waytochurch.com/lyrics/song/3557
03559-paapini-naenu-thappithi-bhuviloa-rakshimchedi-va.json,3559,Paapini Naenu Thappithi Bhuviloa Rakshimchedi Vaarevaru,,0,1,1,full,Zion Songs Telugu,సువార్త ఒప్పుకోలు Zion,unbroken-lines,https://waytochurch.com/lyrics/song/3559
03560-naedu-nae-naarakshkuni-naamadhiloa-chaerchukonna.json,3560,Naedu Nae Naarakshkuni Naamadhiloa Chaerchukonnaanu,,0,1,1,full,Zion Songs Telugu,సువార్త ఒప్పుకోలు Zion,unbroken-lines,https://waytochurch.com/lyrics/song/3560
03562-oa-yaesu-rakshkaa-nee-pilpu-vimdhunu-kalvaripai-.json,3562,Oa Yaesu Rakshkaa Nee Pilpu Vimdhunu Kalvaripai Naa Paapamu Nivruththichaesithi,,0,1,1,full,Zion Songs Telugu,సువార్త ఒప్పుకోలు Zion,unbroken-lines,https://waytochurch.com/lyrics/song/3562
03563-unnattu-naenu-vachchedhan-paapinaina-nan-pilvaga.json,3563,Unnattu Naenu Vachchedhan Paapinaina Nan Pilvagan,,0,1,1,full,Zion Songs Telugu,సువార్త ఒప్పుకోలు Zion,unbroken-lines,https://waytochurch.com/lyrics/song/3563
03564-aakaashamu-bhuviloa-nella-yaesu-unnathudu.json,3564,Aakaashamu Bhuviloa Nella Yaesu Unnathudu,,0,1,1,full,Zion Songs Telugu,సువార్త ఒప్పుకోలు Zion,unbroken-lines,https://waytochurch.com/lyrics/song/3564
03565-nae-nammudhu-nae-nammudhu-yaesu-naakai-maranimch.json,3565,Nae Nammudhu Nae Nammudhu Yaesu Naakai Maranimchenani,,0,1,1,full,Zion Songs Telugu,సువార్త ఒప్పుకోలు Zion,unbroken-lines,https://waytochurch.com/lyrics/song/3565
03566-paapabhaaramu-dhushtaguna-samaethumdanai-dhuhkha.json,3566,Paapabhaaramu Dhushtaguna Samaethumdanai Dhuhkhanashta Dhaurjanyamuthoa Numd,,0,1,1,full,Zion Songs Telugu,సువార్త ఒప్పుకోలు Zion,unbroken-lines,https://waytochurch.com/lyrics/song/3566
03567-silvaloa-silvaloa-paapamella-boaye-silvaymdhun.json,3567,Silvaloa Silvaloa Paapamella Boaye Silvaymdhun,,0,1,1,full,Zion Songs Telugu,సువార్త ఒప్పుకోలు Zion,unbroken-lines,https://waytochurch.com/lyrics/song/3567
03568-dhayagalayaesu-paapikaashrayudaa-priya-prabhu-dh.json,3568,Dhayagalayaesu Paapikaashrayudaa Priya Prabhu Dhroahini Karunimchumu,,0,1,1,full,Zion Songs Telugu,సువార్త ఒప్పుకోలు Zion,unbroken-lines,https://waytochurch.com/lyrics/song/3568
03569-smghamokkatae-saarvathrika-smghamanedi-smgha-mok.json,3569,Smghamokkatae Saarvathrika Smghamanedi Smgha Mokkatae,,0,1,1,full,Zion Songs Telugu,సంఘము Zion,unbroken-lines,https://waytochurch.com/lyrics/song/3569
03570-parishudhdha-shree-yaesuvae-paraloakaraaju.json,3570,Parishudhdha Shree Yaesuvae Paraloakaraaju,,0,1,1,full,Zion Songs Telugu,సంఘము Zion,unbroken-lines,https://waytochurch.com/lyrics/song/3570
03571-jayimchuvaadu-dhaevakumaarudu-bhayamu-chemdhaka-.json,3571,Jayimchuvaadu Dhaevakumaarudu Bhayamu Chemdhaka Yumdudi,,0,1,1,full,Zion Songs Telugu,సంఘము Zion,unbroken-lines,https://waytochurch.com/lyrics/song/3571
03572-seeyoanupattanamaa-suvarna-nagaramaa-mahimaapura.json,3572,Seeyoanupattanamaa Suvarna Nagaramaa Mahimaapuramaa Mahaa Bhaagyamu Needhae,,0,1,1,full,Zion Songs Telugu,సంఘము Zion,unbroken-lines,https://waytochurch.com/lyrics/song/3572
03573-seeyoanu-puramaa-sarvoannathuni-shrumgaarapurama.json,3573,Seeyoanu Puramaa Sarvoannathuni Shrumgaarapuramaa Seeyoanupuramaa,,0,1,1,full,Zion Songs Telugu,సంఘము Zion,unbroken-lines,https://waytochurch.com/lyrics/song/3573
03574-prabhuyaesu-smghamu-nirmimchuchumda-garvisaathaa.json,3574,Prabhuyaesu Smghamu Nirmimchuchumda Garvisaathaanu Jayamomdha Laedu,,0,1,1,full,Zion Songs Telugu,సంఘము Zion,unbroken-lines,https://waytochurch.com/lyrics/song/3574
03575-bhakthula-smghamae-prabhuni-shareeramu-amdhaayan.json,3575,Bhakthula Smghamae Prabhuni Shareeramu Amdhaayana Thana Poornatha Nimpunu,,0,1,1,full,Zion Songs Telugu,సంఘము Zion,unbroken-lines,https://waytochurch.com/lyrics/song/3575
03576-smthasillunu-mee-hrudhayaalu-seeyoanu-mahimajooc.json,3576,Smthasillunu Mee Hrudhayaalu Seeyoanu Mahimajoochi,,0,1,1,full,Zion Songs Telugu,సంఘము Zion,unbroken-lines,https://waytochurch.com/lyrics/song/3576
03577-shakthigala-shaalaemuraajaa-shaaroanu-roajaa-sth.json,3577,Shakthigala Shaalaemuraajaa Shaaroanu Roajaa Sthuthiyimchedhamu Yaesu,,0,1,1,full,Zion Songs Telugu,సంఘము Zion,unbroken-lines,https://waytochurch.com/lyrics/song/3577
03578-dhaivadharshanamuna-yaakoabu-dhivyamuganu-chooch.json,3578,Dhaivadharshanamuna Yaakoabu Dhivyamuganu Choochi,,0,1,1,full,Zion Songs Telugu,సంఘము Zion,unbroken-lines,https://waytochurch.com/lyrics/song/3578
03579-immuga-nee-sudhinmbu-numdi-mimmu-naasheervaadhim.json,3579,Immuga Nee Sudhinmbu Numdi Mimmu Naasheervaadhimchedhanu Pommanina Oa Maa Prabhuvaa,,0,1,1,full,Zion Songs Telugu,సంఘము Zion,unbroken-lines,https://waytochurch.com/lyrics/song/3579
03580-reference-samasthamunu-meevi-1-korimthee.json,3580,Reference: Samasthamunu Meevi 1 KoriMThee,,0,1,1,full,Zion Songs Telugu,సంఘము Zion,unbroken-lines,https://waytochurch.com/lyrics/song/3580
03581-reference-aayana-manaku-amoolyamulunu-athyadhika.json,3581,Reference: Aayana Manaku Amoolyamulunu AthyaDhikamulunaina,,0,1,1,full,Zion Songs Telugu,సంఘము Zion,unbroken-lines,https://waytochurch.com/lyrics/song/3581
03583-reference-meerunu-sajeevamaina-raallavalenumdi-a.json,3583,Reference: Meerunu Sajeevamaina RaaLLavalenuMdi Aathma,,0,1,1,full,Zion Songs Telugu,సంఘము Zion,unbroken-lines,https://waytochurch.com/lyrics/song/3583
03584-reference-vaaru-yehoavaaku-kruthajnythaasthuthul.json,3584,Reference: Vaaru Yehoavaaku KruthajnYthaasthuthulu ChelliMchinMdhuna,,0,1,1,full,Zion Songs Telugu,సంఘము Zion,unbroken-lines,https://waytochurch.com/lyrics/song/3584
03585-reference-aayanaloa-meeru-kooda-aathmamoolamugaa.json,3585,Reference: Aayanaloa Meeru Kooda Aathmamoolamugaa,,0,1,1,full,Zion Songs Telugu,సంఘము Zion,unbroken-lines,https://waytochurch.com/lyrics/song/3585
03586-reference-naa-paadhamulu-bmdameedha-nilipi.json,3586,Reference: Naa Paadhamulu BMdameedha Nilipi,,0,1,1,full,Zion Songs Telugu,క్రైస్తవ జీవితము Zion,unbroken-lines,https://waytochurch.com/lyrics/song/3586
03587-reference-yehoavaa-chaesina-kaaryamulanu-poorvam.json,3587,"Reference: Yehoavaa Chaesina Kaaryamulanu, Poorvamu",,0,1,1,full,Zion Songs Telugu,క్రైస్తవ జీవితము Zion,unbroken-lines,https://waytochurch.com/lyrics/song/3587
03588-reference-yehoavaa-chaesina-kaaryamulanu-poorvam.json,3588,"Reference: Yehoavaa Chaesina Kaaryamulanu, Poorvamu",,0,1,1,full,Zion Songs Telugu,క్రైస్తవ జీవితము Zion,unbroken-lines,https://waytochurch.com/lyrics/song/3588
03589-reference-dhayagala-nee-aathma-samabhoomigala.json,3589,Reference: Dhayagala Nee Aathma Samabhoomigala,,0,1,1,full,Zion Songs Telugu,క్రైస్తవ జీవితము Zion,unbroken-lines,https://waytochurch.com/lyrics/song/3589
03592-reference-neevu-naaku-thoadai.json,3592,Reference: ... Neevu Naaku Thoadai,,0,1,1,full,Zion Songs Telugu,క్రైస్తవ జీవితము Zion,unbroken-lines,https://waytochurch.com/lyrics/song/3592
03593-reference-ishraayaelunaku-kaaparee-cheviyoggumu-.json,3593,"Reference: Ishraayaelunaku Kaaparee, Cheviyoggumu MMdhavale",,0,1,1,full,Zion Songs Telugu,క్రైస్తవ జీవితము Zion,unbroken-lines,https://waytochurch.com/lyrics/song/3593
03594-reference-naenu-yimkanu-nee-yodhdhanae.json,3594,Reference: Naenu YiMkanu Nee Yodhdhanae,,0,1,1,full,Zion Songs Telugu,క్రైస్తవ జీవితము Zion,unbroken-lines,https://waytochurch.com/lyrics/song/3594
03595-reference-nishchayamugaa-naa-prabhuvaina-yaesukr.json,3595,Reference: Nishchayamugaa Naa Prabhuvaina Yaesukreesthunu,,0,1,1,full,Zion Songs Telugu,క్రైస్తవ జీవితము Zion,unbroken-lines,https://waytochurch.com/lyrics/song/3595
03596-reference-nishchayamugaa-naa-prabhuvaina-yaesukr.json,3596,Reference: Nishchayamugaa Naa Prabhuvaina Yaesukreesthunu,,0,1,1,full,Zion Songs Telugu,క్రైస్తవ జీవితము Zion,unbroken-lines,https://waytochurch.com/lyrics/song/3596
03597-reference-naa-rakshnakarthavagu-dhaevaa-nannu.json,3597,Reference: Naa RakShNakarthavagu Dhaevaa Nannu,,0,1,1,full,Zion Songs Telugu,క్రైస్తవ జీవితము Zion,unbroken-lines,https://waytochurch.com/lyrics/song/3597
03598-reference-yehoavaa-naa-kaapari-laemi.json,3598,Reference: Yehoavaa Naa Kaapari Laemi,,0,1,1,full,Zion Songs Telugu,క్రైస్తవ జీవితము Zion,unbroken-lines,https://waytochurch.com/lyrics/song/3598
03599-reference-jnyaanamunaku-mimchina-kreesthu-praema.json,3599,Reference: JnYaanamunaku MiMchina Kreesthu Praema,,0,1,1,full,Zion Songs Telugu,క్రైస్తవ జీవితము Zion,unbroken-lines,https://waytochurch.com/lyrics/song/3599
03600-reference-neevu-balamu-pomdhi-dhairyamu.json,3600,Reference: Neevu Balamu PoMdhi Dhairyamu,,0,1,1,full,Zion Songs Telugu,క్రైస్తవ జీవితము Zion,unbroken-lines,https://waytochurch.com/lyrics/song/3600
03601-reference-meeymdhu-naa-smthoashmu-umdavalenaniyu.json,3601,"Reference: MeeyMdhu Naa SMthoaShmu UMdavalenaniyu,",,0,1,1,full,Zion Songs Telugu,క్రైస్తవ జీవితము Zion,unbroken-lines,https://waytochurch.com/lyrics/song/3601
03603-reference-kaavuna-ae-dhinamuna-mee.json,3603,Reference: Kaavuna Ae Dhinamuna Mee,,0,1,1,full,Zion Songs Telugu,క్రైస్తవ జీవితము Zion,unbroken-lines,https://waytochurch.com/lyrics/song/3603
03604-reference-naedu-naenu-meekaajnyaapimchu-mee.json,3604,Reference: Naedu Naenu MeekaajnYaapiMchu Mee,,0,1,1,full,Zion Songs Telugu,క్రైస్తవ జీవితము Zion,unbroken-lines,https://waytochurch.com/lyrics/song/3604
03605-reference-imtha-goppa-saakshi-samoohamu.json,3605,Reference: IMtha Goppa SaakShi Samoohamu,,0,1,1,full,Zion Songs Telugu,క్రైస్తవ జీవితము Zion,unbroken-lines,https://waytochurch.com/lyrics/song/3605
03606-reference-imtha-goppa-saakshi-samoohamu.json,3606,Reference: IMtha Goppa SaakShi Samoohamu,,0,1,1,full,Zion Songs Telugu,క్రైస్తవ జీవితము Zion,unbroken-lines,https://waytochurch.com/lyrics/song/3606
03607-reference-kroththa-aakaashamula-koraku-kroththa.json,3607,Reference: Kroththa Aakaashamula Koraku Kroththa,,0,1,1,full,Zion Songs Telugu,క్రైస్తవ జీవితము Zion,unbroken-lines,https://waytochurch.com/lyrics/song/3607
03608-reference-kreesthuyokka-rakthamu-mee-manassaaksh.json,3608,Reference: Kreesthuyokka Rakthamu Mee ManassaakShini,,0,1,1,full,Zion Songs Telugu,క్రైస్తవ జీవితము Zion,unbroken-lines,https://waytochurch.com/lyrics/song/3608
03610-reference-naaku-morrapettumu-naenu-neeku.json,3610,Reference: Naaku MoRRapettumu Naenu Neeku,,0,1,1,full,Zion Songs Telugu,క్రైస్తవ ప్రార్థన Zion,unbroken-lines,https://waytochurch.com/lyrics/song/3610
03611-reference-neethimmthulu-kharjooravrukshmuvale-mo.json,3611,Reference: NeethimMthulu KharjooravrukShmuvale Movvu Vaeyudhuru,,1,1,1,full,Zion Songs Telugu,క్రైస్తవ ప్రార్థన Zion,unbroken-lines,https://waytochurch.com/lyrics/song/3611
03612-reference-chetlulaeni-mettalameedha-naenu-nadhul.json,3612,Reference: Chetlulaeni Mettalameedha Naenu Nadhulanu,,0,1,1,full,Zion Songs Telugu,క్రైస్తవ ప్రార్థన Zion,unbroken-lines,https://waytochurch.com/lyrics/song/3612
03613-reference-naaku-morra-pettumu-naenu.json,3613,Reference: Naaku MoRRa Pettumu Naenu,,0,1,1,full,Zion Songs Telugu,క్రైస్తవ ప్రార్థన Zion,unbroken-lines,https://waytochurch.com/lyrics/song/3613
03615-reference-aathmapoornulai-yumdudi-ephesee-ephesi.json,3615,Reference: AathmapoorNulai YuMdudi Ephesee Ephesians,,0,1,1,full,Zion Songs Telugu,క్రైస్తవ ప్రార్థన Zion,unbroken-lines,https://waytochurch.com/lyrics/song/3615
03616-reference-aayana-parishudhdhaathmaloanu-agnithoa.json,3616,Reference: Aayana ParishudhDhaathmaloanu Agnithoanu Meeku,,0,1,1,full,Zion Songs Telugu,క్రైస్తవ ప్రార్థన Zion,unbroken-lines,https://waytochurch.com/lyrics/song/3616
03617-reference-aathmayu-pemdlikumaartheyu-rammani-che.json,3617,Reference: Aathmayu PeMdlikumaartheyu Rammani Cheppuchunnaaru,,0,1,1,full,Zion Songs Telugu,క్రైస్తవ ప్రార్థన Zion,unbroken-lines,https://waytochurch.com/lyrics/song/3617
03618-reference-kreesthuyokka-mmchi-raanuva-vaanivale.json,3618,Reference: Kreesthuyokka MMchi RaaNuva Vaanivale,,0,1,1,full,Zion Songs Telugu,క్రైస్తవ ప్రార్థన Zion,unbroken-lines,https://waytochurch.com/lyrics/song/3618
03619-paramaasheervaadhamu-koari-paraloaka-pithaa-arud.json,3619,Paramaasheervaadhamu Koari Paraloaka Pithaa Arudhemchithimi,,0,1,1,full,Zion Songs Telugu,క్రైస్తవ ప్రార్థన Zion,unbroken-lines,https://waytochurch.com/lyrics/song/3619
03620-shudhdha-aathma-dhigirammu-maa-pai-vaegamae-shud.json,3620,Shudhdha Aathma Dhigirammu Maa Pai Vaegamae Shudhdhi Yaesu Nee Eevula Maakeeyumaa,,0,1,1,full,Zion Songs Telugu,క్రైస్తవ ప్రార్థన Zion,unbroken-lines,https://waytochurch.com/lyrics/song/3620
03621-reference-yehoavaa-paraakrama-kaaryamulanu-evadu.json,3621,Reference: Yehoavaa Paraakrama Kaaryamulanu Evadu,,0,1,1,full,Zion Songs Telugu,క్రైస్తవ ప్రార్థన Zion,unbroken-lines,https://waytochurch.com/lyrics/song/3621
03622-reference-aathmapoornulai-yumdudi-ephesee-ephesi.json,3622,Reference: AathmapoorNulai YuMdudi Ephesee Ephesians,,0,1,1,full,Zion Songs Telugu,క్రైస్తవ ప్రార్థన Zion,unbroken-lines,https://waytochurch.com/lyrics/song/3622
03623-reference-neevu-nannu-aasheervadhimchithaenae-ga.json,3623,Reference: Neevu Nannu AasheervadhiMchithaenae Gaani,,0,1,1,full,Zion Songs Telugu,క్రైస్తవ ప్రార్థన Zion,unbroken-lines,https://waytochurch.com/lyrics/song/3623
03625-reference-vaaru-neeku-morrapetti-vidudhala.json,3625,Reference: Vaaru Neeku Morrapetti Vidudhala,,0,1,1,full,Zion Songs Telugu,క్రైస్తవ ప్రార్థన Zion,unbroken-lines,https://waytochurch.com/lyrics/song/3625
03627-reference-yehovaa-smvathsaramulu-jaruguchumdagaa.json,3627,"Reference: Yehovaa, SMvathsaramulu JaruguchuMdagaa Nee",,0,1,1,full,Zion Songs Telugu,క్రైస్తవ ప్రార్థన Zion,unbroken-lines,https://waytochurch.com/lyrics/song/3627
03628-reference-nee-prajalu-nee-ymdhu.json,3628,Reference: Nee Prajalu Nee YMdhu,,0,1,1,full,Zion Songs Telugu,క్రైస్తవ ప్రార్థన Zion,unbroken-lines,https://waytochurch.com/lyrics/song/3628
03629-reference-yehoavaa-koraku-edhuru-choochuvaaru.json,3629,Reference: Yehoavaa Koraku Edhuru Choochuvaaru,,0,1,1,full,Zion Songs Telugu,క్రైస్తవ ప్రార్థన Zion,unbroken-lines,https://waytochurch.com/lyrics/song/3629
03630-reference-meeru-dhaevuni-smpoornatha-ymdhu.json,3630,Reference: Meeru Dhaevuni SMpoorNatha YMdhu,,0,1,1,full,Zion Songs Telugu,క్రైస్తవ ప్రార్థన Zion,unbroken-lines,https://waytochurch.com/lyrics/song/3630
03631-reference-nee-velugunu-nee-sathyamunu.json,3631,Reference: Nee Velugunu Nee Sathyamunu,,0,1,1,full,Zion Songs Telugu,క్రైస్తవ ప్రార్థన Zion,unbroken-lines,https://waytochurch.com/lyrics/song/3631
03632-prabhu-kummarimchu-prabhu-kummarimchu-dheevenala.json,3632,Prabhu Kummarimchu Prabhu Kummarimchu Dheevenala Varshmu Kummarimchumu,,0,1,1,full,Zion Songs Telugu,క్రైస్తవ ప్రార్థన Zion,unbroken-lines,https://waytochurch.com/lyrics/song/3632
03633-reference-dhaevudu-thaanu-aerparachukoninavaaru-.json,3633,Reference: Dhaevudu Thaanu Aerparachukoninavaaru Dhivaaraathrulu,,0,1,1,full,Zion Songs Telugu,క్రైస్తవ ప్రార్థన Zion,unbroken-lines,https://waytochurch.com/lyrics/song/3633
03635-reference-adugudi-mee-kiyyabadunu-maththayi.json,3635,Reference: Adugudi Mee Kiyyabadunu Maththayi,,0,1,1,full,Zion Songs Telugu,క్రైస్తవ ప్రార్థన Zion,unbroken-lines,https://waytochurch.com/lyrics/song/3635
03636-reference-manamu-kanikarimpabadi-samayoachithama.json,3636,Reference: Manamu KanikariMpabadi Samayoachithamaina Sahaayamu,,0,1,1,full,Zion Songs Telugu,క్రైస్తవ ప్రార్థన Zion,unbroken-lines,https://waytochurch.com/lyrics/song/3636
03637-reference-visthaaramaina-varshmu-vachchunatlugaa.json,3637,Reference: Visthaaramaina VarShmu Vachchunatlugaa Dhvani,,0,1,1,full,Zion Songs Telugu,క్రైస్తవ ప్రార్థన Zion,unbroken-lines,https://waytochurch.com/lyrics/song/3637
03638-reference-simhaasanammdhu-aaseenudai-yumduvaani-.json,3638,Reference: SiMhaasanamMdhu Aaseenudai YuMduvaani Kudichaethiloa,,0,1,1,full,Zion Songs Telugu,క్రైస్తవ ప్రార్థన Zion,unbroken-lines,https://waytochurch.com/lyrics/song/3638
03639-reference-naenu-elugeththi-dhaevuniki-morra.json,3639,Reference: Naenu Elugeththi Dhaevuniki MoRRa,,0,1,1,full,Zion Songs Telugu,క్రైస్తవ ప్రార్థన Zion,unbroken-lines,https://waytochurch.com/lyrics/song/3639
03640-reference-naenu-elugeththi-dhaevuniki-morra.json,3640,Reference: Naenu Elugeththi Dhaevuniki MoRRa,,0,1,1,full,Zion Songs Telugu,క్రైస్తవ ప్రార్థన Zion,unbroken-lines,https://waytochurch.com/lyrics/song/3640
03641-reference-naenu-choodagaa-mmdhirapu-gadapakrimdh.json,3641,Reference: Naenu Choodagaa MMdhirapu GadapakriMdha,,0,1,1,full,Zion Songs Telugu,క్రైస్తవ ప్రార్థన Zion,unbroken-lines,https://waytochurch.com/lyrics/song/3641
03642-reference-naenu-choodagaa-mmdhirapu-gadapakrimdh.json,3642,Reference: Naenu Choodagaa MMdhirapu GadapakriMdha,,0,1,1,full,Zion Songs Telugu,క్రైస్తవ ప్రార్థన Zion,unbroken-lines,https://waytochurch.com/lyrics/song/3642
03645-reference-kadavari-vaanakaalamuna-varshmu-dhayac.json,3645,Reference: Kadavari Vaanakaalamuna VarShmu Dhayachaeyumani,,0,1,1,full,Zion Songs Telugu,క్రైస్తవ ప్రార్థన Zion,unbroken-lines,https://waytochurch.com/lyrics/song/3645
03647-reference-yehoavaa-smvathsaramulu-jaruguchumdaga.json,3647,"Reference: Yehoavaa, SMvathsaramulu JaruguchuMdagaa Nee",,0,1,1,full,Zion Songs Telugu,క్రైస్తవ ప్రార్థన Zion,unbroken-lines,https://waytochurch.com/lyrics/song/3647
03648-reference-yehoavaa-smvathsaramulu-jaruguchumdaga.json,3648,"Reference: Yehoavaa, SMvathsaramulu JaruguchuMdagaa Nee",,0,1,1,full,Zion Songs Telugu,క్రైస్తవ ప్రార్థన Zion,unbroken-lines,https://waytochurch.com/lyrics/song/3648
03649-reference-edathegaka-praarthana-chaeyudi-1.json,3649,Reference: Edathegaka PraarThana Chaeyudi 1,,0,1,1,full,Zion Songs Telugu,క్రైస్తవ ప్రార్థన Zion,unbroken-lines,https://waytochurch.com/lyrics/song/3649
03650-reference-yehoavaa-naa-kuththaramimmu-keerthana.json,3650,Reference: Yehoavaa Naa Kuththaramimmu Keerthana,,0,1,1,full,Zion Songs Telugu,క్రైస్తవ ప్రార్థన Zion,unbroken-lines,https://waytochurch.com/lyrics/song/3650
03651-reference-yehoavaa-naa-kuththaramimmu-keerthana.json,3651,Reference: Yehoavaa Naa Kuththaramimmu Keerthana,,0,1,1,full,Zion Songs Telugu,క్రైస్తవ ప్రార్థన Zion,unbroken-lines,https://waytochurch.com/lyrics/song/3651
03652-reference-vaaru-visugaka-nithyamu-praarthana.json,3652,Reference: Vaaru Visugaka Nithyamu PraarThana,,0,1,1,full,Zion Songs Telugu,క్రైస్తవ ప్రార్థన Zion,unbroken-lines,https://waytochurch.com/lyrics/song/3652
03653-reference-vaaru-visugaka-aeka-manassuthoa.json,3653,Reference: Vaaru Visugaka Aeka Manassuthoa,,0,1,1,full,Zion Songs Telugu,క్రైస్తవ ప్రార్థన Zion,unbroken-lines,https://waytochurch.com/lyrics/song/3653
03654-reference-gunavathiyaina-bhaarya-dhorukuta-arudh.json,3654,Reference: GuNavathiyaina Bhaarya Dhorukuta Arudhu.,,0,1,1,full,Zion Songs Telugu,క్రైస్తవ ప్రార్థన Zion,unbroken-lines,https://waytochurch.com/lyrics/song/3654
03655-reference-naenu-dhappigonakumdunatlu-aa.json,3655,Reference: Naenu DhappigonakuMdunatlu ... Aa,,0,1,1,full,Zion Songs Telugu,క్రైస్తవ ప్రార్థన Zion,unbroken-lines,https://waytochurch.com/lyrics/song/3655
03656-oa-yehoavaa-neevae-nannu-shoadhimchi-yerigithivi.json,3656,Oa Yehoavaa Neevae Nannu Shoadhimchi Yerigithivi,,0,1,1,full,Zion Songs Telugu,క్రైస్తవ ప్రార్థన Zion,unbroken-lines,https://waytochurch.com/lyrics/song/3656
03660-paapa-samudhrammdhu-pagile-naa-hrudhayanaav.json,3660,Paapa Samudhrammdhu Pagile Naa Hrudhayanaav,,0,1,1,full,Zion Songs Telugu,క్రైస్తవ సాక్ష్యము Zion,unbroken-lines,https://waytochurch.com/lyrics/song/3660
03661-neeli-gaganaana-veligae-thaarala-boali-loakaana-.json,3661,Neeli Gaganaana Veligae Thaarala Boali Loakaana Velugudhm,,0,1,1,full,Zion Songs Telugu,క్రైస్తవ సాక్ష్యము Zion,unbroken-lines,https://waytochurch.com/lyrics/song/3661
03662-vishvaasa-sahithamuganu-prakatimchudi-yaesuni.json,3662,Vishvaasa Sahithamuganu Prakatimchudi Yaesuni,,0,1,1,full,Zion Songs Telugu,క్రైస్తవ సాక్ష్యము Zion,unbroken-lines,https://waytochurch.com/lyrics/song/3662
03663-jeevimchuchunnaadu-yaesuprabhu-naa-hrudhayamuloa.json,3663,Jeevimchuchunnaadu Yaesuprabhu Naa Hrudhayamuloa Nunnaadu,,0,1,1,full,Zion Songs Telugu,క్రైస్తవ సాక్ష్యము Zion,unbroken-lines,https://waytochurch.com/lyrics/song/3663
03664-naa-paapamulanu-kshmimchen-prabhu-naa-naethramul.json,3664,Naa Paapamulanu Kshmimchen Prabhu Naa Naethramulanu Veligimchen,,0,1,1,full,Zion Songs Telugu,క్రైస్తవ సాక్ష్యము Zion,unbroken-lines,https://waytochurch.com/lyrics/song/3664
03671-bhaagyamau-dhinamu-prabhun-gaikonna-dhinamu.json,3671,Bhaagyamau Dhinamu Prabhun Gaikonna Dhinamu,,0,1,1,full,Zion Songs Telugu,క్రైస్తవ సాక్ష్యము Zion,unbroken-lines,https://waytochurch.com/lyrics/song/3671
03672-haayaanmdha-sudhinamu-naa-yaesun-nammudhinamu.json,3672,Haayaanmdha Sudhinamu Naa Yaesun Nammudhinamu,,0,1,1,full,Zion Songs Telugu,క్రైస్తవ సాక్ష్యము Zion,unbroken-lines,https://waytochurch.com/lyrics/song/3672
03673-padhivaelaloa-priyuni-choochi-thelisikomtivaa.json,3673,Padhivaelaloa Priyuni Choochi Thelisikomtivaa,,0,1,1,full,Zion Songs Telugu,క్రైస్తవ సాక్ష్యము Zion,unbroken-lines,https://waytochurch.com/lyrics/song/3673
03675-paramu-dhigenu-mahima-nimdenaaloa-siluva-yodhdha.json,3675,Paramu Dhigenu Mahima Nimdenaaloa Siluva Yodhdha Svasthatha Kaligenu,,0,1,1,full,Zion Songs Telugu,క్రైస్తవ సాక్ష్యము Zion,unbroken-lines,https://waytochurch.com/lyrics/song/3675
03676-haa-emtha-adhbhuthaashcharya-dhinamu-ennadu-maru.json,3676,Haa Emtha Adhbhuthaashcharya Dhinamu Ennadu Maruvani Dhinm,,0,1,1,full,Zion Songs Telugu,క్రైస్తవ సాక్ష్యము Zion,unbroken-lines,https://waytochurch.com/lyrics/song/3676
03677-maakanugrahimchina-dhaiva-vaakyamulachae-maa-man.json,3677,Maakanugrahimchina Dhaiva Vaakyamulachae Maa Manoanaethramulu Veligimpumayyaa,,0,1,1,full,Zion Songs Telugu,క్రైస్తవ సాక్ష్యము Zion,unbroken-lines,https://waytochurch.com/lyrics/song/3677
03678-suvaarthanu-chaatimpa-susamaymbidhi-yaenu.json,3678,Suvaarthanu Chaatimpa Susamaymbidhi Yaenu,,0,1,1,full,Zion Songs Telugu,క్రైస్తవ సేవ Zion,unbroken-lines,https://waytochurch.com/lyrics/song/3678
03680-siluva-veerulu-meerae-cheluvuga-chanudi.json,3680,Siluva Veerulu Meerae Cheluvuga Chanudi,,0,1,1,full,Zion Songs Telugu,క్రైస్తవ సేవ Zion,unbroken-lines,https://waytochurch.com/lyrics/song/3680
03682-siluvanu-moasi-eeloakamunu-thalakrimdhulu-chaeyu.json,3682,Siluvanu Moasi Eeloakamunu Thalakrimdhulu Chaeyu Tharunamidhae,,0,1,1,full,Zion Songs Telugu,క్రైస్తవ సేవ Zion,unbroken-lines,https://waytochurch.com/lyrics/song/3682
03683-karunan-aerparachithivi-sainyamula-yehoava-nan.json,3683,Karunan Aerparachithivi Sainyamula Yehoava Nan,,0,1,1,full,Zion Songs Telugu,క్రైస్తవ సేవ Zion,unbroken-lines,https://waytochurch.com/lyrics/song/3683
03684-loakamunaku-nannu-dhaevaa-naa-dhaevaa-uppugaa-ja.json,3684,Loakamunaku Nannu Dhaevaa Naa Dhaevaa Uppugaa Jaesithivi,,0,1,1,full,Zion Songs Telugu,క్రైస్తవ సేవ Zion,unbroken-lines,https://waytochurch.com/lyrics/song/3684
03685-laelemmu-soadharee-soadharudaa-rakshkudaesuni-sa.json,3685,Laelemmu Soadharee Soadharudaa Rakshkudaesuni Saevimp,,0,1,1,full,Zion Songs Telugu,క్రైస్తవ సేవ Zion,unbroken-lines,https://waytochurch.com/lyrics/song/3685
03686-jai-jai-jai-jai-yaesu-prabhu-maakai-raanunna-pra.json,3686,Jai Jai Jai Jai Yaesu Prabhu Maakai Raanunna Prabhuvaa,,0,1,1,full,Zion Songs Telugu,క్రైస్తవ సేవ Zion,unbroken-lines,https://waytochurch.com/lyrics/song/3686
03687-laelemmu-soadharee-soadharudaa-vaelaaye-yaesuni-.json,3687,Laelemmu Soadharee Soadharudaa Vaelaaye Yaesuni Saevimpanu,,0,1,1,full,Zion Songs Telugu,క్రైస్తవ సేవ Zion,unbroken-lines,https://waytochurch.com/lyrics/song/3687
03688-priyudaa-prabhu-yaesunaku-nee-veenula-nimmu.json,3688,Priyudaa Prabhu Yaesunaku Nee Veenula Nimmu,,0,1,1,full,Zion Songs Telugu,క్రైస్తవ సేవ Zion,unbroken-lines,https://waytochurch.com/lyrics/song/3688
03689-aalakimthunu-aa-pilupunu-saevimchedhanu-dhaevuni.json,3689,Aalakimthunu Aa Pilupunu Saevimchedhanu Dhaevuni,,0,1,1,full,Zion Songs Telugu,క్రైస్తవ సేవ Zion,unbroken-lines,https://waytochurch.com/lyrics/song/3689
03690-maelkonumu-oa-kaavali-yaesuni-yoadhudavu.json,3690,Maelkonumu Oa Kaavali Yaesuni Yoadhudavu,,0,1,1,full,Zion Songs Telugu,క్రైస్తవ సేవ Zion,unbroken-lines,https://waytochurch.com/lyrics/song/3690
03691-cheekati-kaalamu-vachchuchumde-krupakaalamu-nupa.json,3691,Cheekati Kaalamu Vachchuchumde Krupakaalamu Nupayoagimchu,,0,1,1,full,Zion Songs Telugu,క్రైస్తవ సేవ Zion,unbroken-lines,https://waytochurch.com/lyrics/song/3691
03694-mmdhaloa-chaerani-gorrelennoa-koatlakoladhigaa-k.json,3694,Mmdhaloa Chaerani Gorrelennoa Koatlakoladhigaa Kalavu Yil,,0,1,1,full,Zion Songs Telugu,క్రైస్తవ సేవ Zion,unbroken-lines,https://waytochurch.com/lyrics/song/3694
03695-jaagraththa-jaagraththa-yaesuditlu-pilchun.json,3695,Jaagraththa Jaagraththa Yaesuditlu Pilchun,,0,1,1,full,Zion Songs Telugu,క్రైస్తవ సేవ Zion,unbroken-lines,https://waytochurch.com/lyrics/song/3695
03698-raepu-maapu-gooda-ramyamaina-gimjal.json,3698,Raepu Maapu Gooda Ramyamaina Gimjal,,0,1,1,full,Zion Songs Telugu,క్రైస్తవ సేవ Zion,unbroken-lines,https://waytochurch.com/lyrics/song/3698
03700-odduchaeri-nee-yedhuta-nilchunapdu-rakshkaa.json,3700,Odduchaeri Nee Yedhuta Nilchunapdu Rakshkaa,,0,1,1,full,Zion Songs Telugu,క్రైస్తవ సేవ Zion,unbroken-lines,https://waytochurch.com/lyrics/song/3700
03701-aerparachina-paathranu-raajaadhi-raajuku.json,3701,Aerparachina Paathranu Raajaadhi Raajuku,,0,1,1,full,Zion Songs Telugu,క్రైస్తవ సేవ Zion,unbroken-lines,https://waytochurch.com/lyrics/song/3701
03703-yehoavaa-nee-krupaathishayamunu-nithyamu-keerthi.json,3703,Yehoavaa Nee Krupaathishayamunu Nithyamu Keerthimthun,,0,1,1,full,Zion Songs Telugu,క్రైస్తవ విజయము Zion,unbroken-lines,https://waytochurch.com/lyrics/song/3703
03704-aanmdhimchedhamu-prabhu-yaesuloa-amthayu-maralaa.json,3704,Aanmdhimchedhamu Prabhu Yaesuloa Amthayu Maralaarjimchu Komtimi,,0,1,1,full,Zion Songs Telugu,క్రైస్తవ విజయము Zion,unbroken-lines,https://waytochurch.com/lyrics/song/3704
03705-nashtamu-nmthatini-marala-maa-yaesuniloa-aarjimc.json,3705,Nashtamu Nmthatini Marala Maa Yaesuniloa Aarjimchithimi,,0,1,1,full,Zion Songs Telugu,క్రైస్తవ విజయము Zion,unbroken-lines,https://waytochurch.com/lyrics/song/3705
03706-jayamu-jayamani-chaatimchedhamu.json,3706,Jayamu Jayamani Chaatimchedhamu,,0,1,1,full,Zion Songs Telugu,క్రైస్తవ విజయము Zion,unbroken-lines,https://waytochurch.com/lyrics/song/3706
03707-mahimathoa-nimdina-maa-raajaa-mahimathoa-thirigi.json,3707,Mahimathoa Nimdina Maa Raajaa Mahimathoa Thirigi Vachchuvaadaa,,1,1,1,full,Zion Songs Telugu,క్రైస్తవ విజయము Zion,unbroken-lines,https://waytochurch.com/lyrics/song/3707
03708-prabhu-yaesunakae-jayamu-siluvashakthichae-jayam.json,3708,Prabhu Yaesunakae Jayamu Siluvashakthichae Jayamu Jai Jai Jai Jai,,0,1,1,full,Zion Songs Telugu,క్రైస్తవ విజయము Zion,unbroken-lines,https://waytochurch.com/lyrics/song/3708
03709-maelkonumaa-maelkonumaa-naa-praanamaa.json,3709,Maelkonumaa Maelkonumaa Naa Praanamaa,,0,1,1,full,Zion Songs Telugu,క్రైస్తవ విజయము Zion,unbroken-lines,https://waytochurch.com/lyrics/song/3709
03710-unnatha-sthalamulapai-nekkimchi-choopimchu-prabh.json,3710,Unnatha Sthalamulapai Nekkimchi Choopimchu Prabhu,,0,1,1,full,Zion Songs Telugu,క్రైస్తవ విజయము Zion,unbroken-lines,https://waytochurch.com/lyrics/song/3710
03712-jayaraaju-jemdaa-eththi-choopuchu-yudhdhamuchaey.json,3712,Jayaraaju Jemdaa Eththi Choopuchu Yudhdhamuchaeya Velledhamu,,0,1,1,full,Zion Songs Telugu,క్రైస్తవ విజయము Zion,unbroken-lines,https://waytochurch.com/lyrics/song/3712
03713-velludhaam-gelichedhm-rakshkuni-naamamunanu.json,3713,Velludhaam Gelichedhm Rakshkuni Naamamunanu,,0,1,1,full,Zion Songs Telugu,క్రైస్తవ విజయము Zion,unbroken-lines,https://waytochurch.com/lyrics/song/3713
03714-oa-yaesu-bhakthulaaraa-mee-raaju-dhvajamu.json,3714,Oa Yaesu Bhakthulaaraa Mee Raaju Dhvajamu,,0,1,1,full,Zion Songs Telugu,క్రైస్తవ విజయము Zion,unbroken-lines,https://waytochurch.com/lyrics/song/3714
03715-shoadhanaku-meeru-choateeyakudi-dhairyamu-vahimc.json,3715,Shoadhanaku Meeru Choateeyakudi Dhairyamu Vahimchi Poaraatamunu,,0,1,1,full,Zion Songs Telugu,క్రైస్తవ విజయము Zion,unbroken-lines,https://waytochurch.com/lyrics/song/3715
03716-yaesu-shakthini-goari-yella-kaalamu-vaedu-yaesud.json,3716,Yaesu Shakthini Goari Yella Kaalamu Vaedu Yaesudaashathoa Mimmu Daasi Nadupunu,,0,1,1,full,Zion Songs Telugu,క్రైస్తవ విజయము Zion,unbroken-lines,https://waytochurch.com/lyrics/song/3716
03717-adhikaaramu-pomdhi-yumtini-prabhoo.json,3717,Adhikaaramu Pomdhi Yumtini Prabhoo,,0,1,1,full,Zion Songs Telugu,క్రైస్తవ విజయము Zion,unbroken-lines,https://waytochurch.com/lyrics/song/3717
03718-svaasthyamugaa-nichchithivi-jayimchedu-vaanikann.json,3718,Svaasthyamugaa Nichchithivi Jayimchedu Vaanikanni,,0,1,1,full,Zion Songs Telugu,క్రైస్తవ విజయము Zion,unbroken-lines,https://waytochurch.com/lyrics/song/3718
03719-jayamu-pomdhumani-yaesu-cheppenu.json,3719,Jayamu Pomdhumani Yaesu Cheppenu,,0,1,1,full,Zion Songs Telugu,క్రైస్తవ విజయము Zion,unbroken-lines,https://waytochurch.com/lyrics/song/3719
03720-kreesthaesu-siluvapai-dhrushtinumchi-aayana-krup.json,3720,Kreesthaesu Siluvapai Dhrushtinumchi Aayana Krupaymdhae Niluchumdumu,,0,1,1,full,Zion Songs Telugu,క్రైస్తవ విజయము Zion,unbroken-lines,https://waytochurch.com/lyrics/song/3720
03721-kreesthae-ee-jeevithamuloa-emthaina-mmchikaapari.json,3721,Kreesthae Ee Jeevithamuloa Emthaina Mmchikaapari,,0,1,1,full,Zion Songs Telugu,క్రైస్తవ విజయము Zion,unbroken-lines,https://waytochurch.com/lyrics/song/3721
03722-mana-jeevitha-mmthayu-anukshnamu-yudhdhamae.json,3722,Mana Jeevitha Mmthayu Anukshnamu Yudhdhamae,,0,1,1,full,Zion Songs Telugu,క్రైస్తవ విజయము Zion,unbroken-lines,https://waytochurch.com/lyrics/song/3722
03723-yaesuloa-harshimchedhamu-mahimaloa-harshimthumu-.json,3723,Yaesuloa Harshimchedhamu Mahimaloa Harshimthumu Nirathm,,0,1,1,full,Zion Songs Telugu,క్రైస్తవ నిరీక్షణ Zion,unbroken-lines,https://waytochurch.com/lyrics/song/3723
03725-aanmdhamae-manakilaloa-mana-kaanmdhamae-prabhu-l.json,3725,Aanmdhamae Manakilaloa Mana Kaanmdhamae Prabhu Laechen,,0,1,1,full,Zion Songs Telugu,క్రైస్తవ నిరీక్షణ Zion,unbroken-lines,https://waytochurch.com/lyrics/song/3725
03726-reference-prabhuvaa-neevae-mahima-ghanatha.json,3726,"Reference: Prabhuvaa, Neevae Mahima Ghanatha",,0,1,1,full,Zion Songs Telugu,క్రైస్తవ నిరీక్షణ Zion,unbroken-lines,https://waytochurch.com/lyrics/song/3726
03727-dhappigonina-vaaralaaraa-dhappitheerchukona-rmdi.json,3727,Dhappigonina Vaaralaaraa Dhappitheerchukona Rmdi Rmdi,,0,1,1,full,Zion Songs Telugu,క్రైస్తవ నిరీక్షణ Zion,unbroken-lines,https://waytochurch.com/lyrics/song/3727
03728-dhaahamugala-vaarellaru-neellayodhaaku-raarmdi.json,3728,Dhaahamugala Vaarellaru Neellayodhaaku Raarmdi,,0,1,1,full,Zion Songs Telugu,క్రైస్తవ నిరీక్షణ Zion,unbroken-lines,https://waytochurch.com/lyrics/song/3728
03729-paapula-rakshkudu-yaesu-goppa-dhaevaadhi-dhaevud.json,3729,Paapula Rakshkudu Yaesu Goppa Dhaevaadhi Dhaevudu Yaesu,,0,1,1,full,Zion Songs Telugu,క్రైస్తవ నిరీక్షణ Zion,unbroken-lines,https://waytochurch.com/lyrics/song/3729
03730-dhaatumu-yordhaanun-yaathrikudaa-naalugu-ghadiya.json,3730,Dhaatumu Yordhaanun Yaathrikudaa Naalugu Ghadiyalakae Athithivi Neevichat,,0,1,1,full,Zion Songs Telugu,క్రైస్తవ నిరీక్షణ Zion,unbroken-lines,https://waytochurch.com/lyrics/song/3730
03731-dhanyudavu-neevu-dhanyudavu-oa-ishraayaelu-bahu-.json,3731,Dhanyudavu Neevu Dhanyudavu Oa Ishraayaelu Bahu Dhanyudavu,,0,1,1,full,Zion Songs Telugu,క్రైస్తవ నిరీక్షణ Zion,unbroken-lines,https://waytochurch.com/lyrics/song/3731
03732-noothana-aakaashamunu-bhoomi-naenu-choochithi.json,3732,Noothana Aakaashamunu Bhoomi Naenu Choochithi,,0,1,1,full,Zion Songs Telugu,క్రైస్తవ నిరీక్షణ Zion,unbroken-lines,https://waytochurch.com/lyrics/song/3732
03733-mana-prabhuyaesu-vachchedu-vaela-mana-smthoash-h.json,3733,Mana Prabhuyaesu Vachchedu Vaela Mana Smthoash Hrudhayaalu Chaala Velase,,0,1,1,full,Zion Songs Telugu,క్రైస్తవ నిరీక్షణ Zion,unbroken-lines,https://waytochurch.com/lyrics/song/3733
03734-nae-bhramimchi-nilchithi-praema-pravaahamu-thaer.json,3734,Nae Bhramimchi Nilchithi Praema Pravaahamu Thaerichoochi,,0,1,1,full,Zion Songs Telugu,క్రైస్తవ నిరీక్షణ Zion,unbroken-lines,https://waytochurch.com/lyrics/song/3734
03735-pavithra-rakthamuchaetha-naa-paapamella-theere.json,3735,Pavithra Rakthamuchaetha Naa Paapamella Theere,,0,1,1,full,Zion Songs Telugu,క్రైస్తవ నిరీక్షణ Zion,unbroken-lines,https://waytochurch.com/lyrics/song/3735
03736-prabhu-yaesukreesthuni-dharshanamae-naedu-prajal.json,3736,Prabhu Yaesukreesthuni Dharshanamae Naedu Prajalmdhari Kathyavasaramu,,0,1,1,full,Zion Songs Telugu,క్రైస్తవ నిరీక్షణ Zion,unbroken-lines,https://waytochurch.com/lyrics/song/3736
03737-yoardhaannadhi-dharini-bhramimpaku-manasaa-yoach.json,3737,Yoardhaannadhi Dharini Bhramimpaku Manasaa Yoachanachae Chimthapadaku Naa Demdhamaa,,0,1,1,full,Zion Songs Telugu,క్రైస్తవ నిరీక్షణ Zion,unbroken-lines,https://waytochurch.com/lyrics/song/3737
03738-krupaasimhaasanumdaa-alphaa-oamaegaa-neevaegaa-k.json,3738,Krupaasimhaasanumdaa Alphaa Oamaegaa Neevaegaa Krupaa Dhaapunajaeri Nuthimchedh,,0,1,1,full,Zion Songs Telugu,క్రైస్తవ నిరీక్షణ Zion,unbroken-lines,https://waytochurch.com/lyrics/song/3738
03740-karunaa-karudaa-nee-maargamu-parishudhdha-sthala.json,3740,Karunaa Karudaa Nee Maargamu Parishudhdha Sthalamuloa Galadhu,,0,1,1,full,Zion Songs Telugu,క్రైస్తవ నిరీక్షణ Zion,unbroken-lines,https://waytochurch.com/lyrics/song/3740
03741-unnatha-gruhamunu-thvaragaa-chaeri-smpannuni-dha.json,3741,Unnatha Gruhamunu Thvaragaa Chaeri Smpannuni Dharshimthunu,,0,1,1,full,Zion Songs Telugu,క్రైస్తవ నిరీక్షణ Zion,unbroken-lines,https://waytochurch.com/lyrics/song/3741
03742-mana-pattanmbadhigoa-mana-paurathvmbadhigoa.json,3742,Mana Pattanmbadhigoa Mana Paurathvmbadhigoa,,0,1,1,full,Zion Songs Telugu,క్రైస్తవ నిరీక్షణ Zion,unbroken-lines,https://waytochurch.com/lyrics/song/3742
03743-yaesuvaa-naa-priyamaina-aathma-mithrudaa-nannu-b.json,3743,Yaesuvaa Naa Priyamaina Aathma Mithrudaa Nannu Bhaasuramuga Vaegavachchi Kaugalimchavae,,0,1,1,full,Zion Songs Telugu,క్రైస్తవ నిరీక్షణ Zion,unbroken-lines,https://waytochurch.com/lyrics/song/3743
03744-ninnu-viduvanu-naenu-amdharu-ninnu-vidachinanu.json,3744,Ninnu Viduvanu Naenu Amdharu Ninnu Vidachinanu,,0,1,1,full,Zion Songs Telugu,క్రైస్తవ నిరీక్షణ Zion,unbroken-lines,https://waytochurch.com/lyrics/song/3744
03745-sarvoanna-thudu-sarvaadhikaari-sarvashakthimmthu.json,3745,Sarvoanna Thudu Sarvaadhikaari Sarvashakthimmthudu Aayanae,,0,1,1,full,Zion Songs Telugu,క్రైస్తవ నిరీక్షణ Zion,unbroken-lines,https://waytochurch.com/lyrics/song/3745
03746-velledhm-shraeshtadhaeshm-nijamu-vumdedhm-prabhu.json,3746,Velledhm Shraeshtadhaeshm Nijamu Vumdedhm Prabhuthoanae Nithyamu,,0,1,1,full,Zion Songs Telugu,క్రైస్తవ నిరీక్షణ Zion,unbroken-lines,https://waytochurch.com/lyrics/song/3746
03747-prakaashamaina-aashcharyadhaeshamu-priyuni-dhaes.json,3747,Prakaashamaina Aashcharyadhaeshamu Priyuni Dhaeshamu Naa Priya Dhaeshamu,,0,1,1,full,Zion Songs Telugu,క్రైస్తవ నిరీక్షణ Zion,unbroken-lines,https://waytochurch.com/lyrics/song/3747
03748-vaagdhaanamulu-pomdhudi-meeloa-prathivaadunu-vis.json,3748,Vaagdhaanamulu Pomdhudi Meeloa Prathivaadunu Vishvaasamu Chaethanu Oarputhoada Neppudu,,0,1,1,full,Zion Songs Telugu,క్రైస్తవ నిరీక్షణ Zion,unbroken-lines,https://waytochurch.com/lyrics/song/3748
03749-neethi-sooryumdu-udhayimchu-nippudu-athani-kiran.json,3749,Neethi Sooryumdu Udhayimchu Nippudu Athani Kiranamulu Aaroagyamichchunu,,0,1,1,full,Zion Songs Telugu,క్రైస్తవ నిరీక్షణ Zion,unbroken-lines,https://waytochurch.com/lyrics/song/3749
03750-neethi-sooryudu-neepai-nudhayimchunu-athani-rekk.json,3750,Neethi Sooryudu Neepai Nudhayimchunu Athani Rekkalu Naaroagyamu Nichchunu,,0,1,1,full,Zion Songs Telugu,క్రైస్తవ నిరీక్షణ Zion,unbroken-lines,https://waytochurch.com/lyrics/song/3750
03751-prabhuvaina-kreesthuni-dhinammdhu-meeru-abhayula.json,3751,Prabhuvaina Kreesthuni Dhinammdhu Meeru Abhayulai Niraparaadhulai Yumdhuru,,0,1,1,full,Zion Songs Telugu,క్రైస్తవ నిరీక్షణ Zion,unbroken-lines,https://waytochurch.com/lyrics/song/3751
03752-yaesu-maaradu-yaesu-maaradu-vishvammtha-maarinan.json,3752,Yaesu Maaradu Yaesu Maaradu Vishvammtha Maarinanu Maatathappadu,,0,1,1,full,Zion Songs Telugu,క్రైస్తవ నిరీక్షణ Zion,unbroken-lines,https://waytochurch.com/lyrics/song/3752
03753-yaesuni-nithyamu-sthuthiyimchedhamu-bhoomi-aakaa.json,3753,Yaesuni Nithyamu Sthuthiyimchedhamu Bhoomi Aakaashamu Srujimchinaadu,,0,1,1,full,Zion Songs Telugu,క్రైస్తవ నిరీక్షణ Zion,unbroken-lines,https://waytochurch.com/lyrics/song/3753
03754-anaadhi-dhaevudu-aashrayamu-thana-baahuvulu-nee-.json,3754,Anaadhi Dhaevudu Aashrayamu Thana Baahuvulu Nee Kaadhaaramae,,0,1,1,full,Zion Songs Telugu,క్రైస్తవ నిరీక్షణ Zion,unbroken-lines,https://waytochurch.com/lyrics/song/3754
03755-yaesuni-vaagdhaanamul-jnyaapakamunmdhumchukoni.json,3755,Yaesuni Vaagdhaanamul Jnyaapakamunmdhumchukoni,,0,1,1,full,Zion Songs Telugu,క్రైస్తవ నిరీక్షణ Zion,unbroken-lines,https://waytochurch.com/lyrics/song/3755
03757-prabhuvaa-neevae-nammakamaina-saamardhyudavu.json,3757,Prabhuvaa Neevae Nammakamaina Saamardhyudavu,,0,1,1,full,Zion Songs Telugu,క్రైస్తవ నిరీక్షణ Zion,unbroken-lines,https://waytochurch.com/lyrics/song/3757
03758-dhaevuni-krupa-nithyamumdunu-aayana-krupa-nithya.json,3758,Dhaevuni Krupa Nithyamumdunu Aayana Krupa Nithyamumdunu,,0,1,1,full,Zion Songs Telugu,క్రైస్తవ నిరీక్షణ Zion,unbroken-lines,https://waytochurch.com/lyrics/song/3758
03759-unnatha-dhurgamu-naa-dhaevudae-naa-rakshkudae-na.json,3759,Unnatha Dhurgamu Naa Dhaevudae Naa Rakshkudae Naakaashrayudu,,0,1,1,full,Zion Songs Telugu,క్రైస్తవ నిరీక్షణ Zion,unbroken-lines,https://waytochurch.com/lyrics/song/3759
03760-mimmununimpe-maelulathoada-aviyae-paraloaka-dhee.json,3760,Mimmununimpe Maelulathoada Aviyae Paraloaka Dheevenalu,,0,1,1,full,Zion Songs Telugu,క్రైస్తవ నిరీక్షణ Zion,unbroken-lines,https://waytochurch.com/lyrics/song/3760
03761-yaesae-manakila-svaasthyamu-vaerae-svaasthyamu-l.json,3761,Yaesae Manakila Svaasthyamu Vaerae Svaasthyamu Laedhikanu,,0,2,2,full,Zion Songs Telugu,క్రైస్తవ నిరీక్షణ Zion,unbroken-lines,https://waytochurch.com/lyrics/song/3761
03762-yehoavaaye-manakmdhariki-enniyoa-maelula-jaesen.json,3762,Yehoavaaye Manakmdhariki Enniyoa Maelula Jaesen,,0,1,1,full,Zion Songs Telugu,క్రైస్తవ నిరీక్షణ Zion,unbroken-lines,https://waytochurch.com/lyrics/song/3762
03763-mammun-srujimchina-dhaevumdu-praanamu.json,3763,Mammun Srujimchina Dhaevumdu Praanamu,,0,1,1,full,Zion Songs Telugu,క్రైస్తవ నిరీక్షణ Zion,unbroken-lines,https://waytochurch.com/lyrics/song/3763
03764-shree-yaesu-raajyamumdunu-sooryumdu-velgu-choate.json,3764,Shree Yaesu Raajyamumdunu Sooryumdu Velgu Choatell,,0,1,1,full,Zion Songs Telugu,క్రైస్తవ నిరీక్షణ Zion,unbroken-lines,https://waytochurch.com/lyrics/song/3764
03766-yaesu-neethi-rakthamaenu-naa-nireekshnmthayunu.json,3766,Yaesu Neethi Rakthamaenu Naa Nireekshnmthayunu,,0,1,1,full,Zion Songs Telugu,క్రైస్తవ నిరీక్షణ Zion,unbroken-lines,https://waytochurch.com/lyrics/song/3766
03767-yaesoo-neeraktha-neethulu-naa-sompu-naadhu-vasth.json,3767,Yaesoo Neeraktha Neethulu Naa Sompu Naadhu Vasthramu,,0,1,1,full,Zion Songs Telugu,క్రైస్తవ నిరీక్షణ Zion,unbroken-lines,https://waytochurch.com/lyrics/song/3767
03768-yaesu-naavaadani-nammudhun-emthemthoa-dhivya-sau.json,3768,Yaesu Naavaadani Nammudhun Emthemthoa Dhivya Saubhaagyamu,,0,1,1,full,Zion Songs Telugu,క్రైస్తవ నిరీక్షణ Zion,unbroken-lines,https://waytochurch.com/lyrics/song/3768
03770-idhae-naaku-aanmdhamu-aanmdhamu-aanmdhamu.json,3770,Idhae Naaku Aanmdhamu Aanmdhamu Aanmdhamu,,0,1,1,full,Zion Songs Telugu,క్రైస్తవ నిరీక్షణ Zion,unbroken-lines,https://waytochurch.com/lyrics/song/3770
03771-shrmgaara-dhaeshamu-chaeragaanae-naa-dhuhkha-baa.json,3771,Shrmgaara Dhaeshamu Chaeragaanae Naa Dhuhkha Baadhalanniyupoavun,,0,1,1,full,Zion Songs Telugu,క్రైస్తవ నిరీక్షణ Zion,unbroken-lines,https://waytochurch.com/lyrics/song/3771
03772-yaesuni-chaethulmdhu-yaesuni-rommunan.json,3772,Yaesuni Chaethulmdhu Yaesuni Rommunan,,0,1,1,full,Zion Songs Telugu,క్రైస్తవ నిరీక్షణ Zion,unbroken-lines,https://waytochurch.com/lyrics/song/3772
03773-amthyadhinammdhu-dhootha-boora-noodhuchumdagaa.json,3773,Amthyadhinammdhu Dhootha Boora Noodhuchumdagaa,,0,1,1,full,Zion Songs Telugu,క్రైస్తవ నిరీక్షణ Zion,unbroken-lines,https://waytochurch.com/lyrics/song/3773
03775-oahoa-yerooshlaemaa-bmgaaru-patnamaa.json,3775,Oahoa Yerooshlaemaa Bmgaaru Patnamaa,,0,1,1,full,Zion Songs Telugu,క్రైస్తవ నిరీక్షణ Zion,unbroken-lines,https://waytochurch.com/lyrics/song/3775
03776-shree-yaesu-svaami-thirigi-moakshmbu-jaeragaa.json,3776,Shree Yaesu Svaami Thirigi Moakshmbu Jaeragaa,,0,1,1,full,Zion Songs Telugu,క్రైస్తవ నిరీక్షణ Zion,unbroken-lines,https://waytochurch.com/lyrics/song/3776
03778-yaesu-ninnu-joothu-nimdhudhaetagaa-agoacharaarth.json,3778,Yaesu Ninnu Joothu Nimdhudhaetagaa Agoacharaarthamul Nae Muttudhun,,0,1,1,full,Zion Songs Telugu,క్రైస్తవ నిరీక్షణ Zion,unbroken-lines,https://waytochurch.com/lyrics/song/3778
03779-naenae-bhayapada-valadhani-palikenu-mana-rakshku.json,3779,Naenae Bhayapada Valadhani Palikenu Mana Rakshkudu Yaesuprabhu,,0,1,1,full,Zion Songs Telugu,క్రైస్తవ నిరీక్షణ Zion,unbroken-lines,https://waytochurch.com/lyrics/song/3779
03781-lemdee-rmdee-bhaavimahoannatha-saakshulaaraa-lem.json,3781,Lemdee Rmdee Bhaavimahoannatha Saakshulaaraa Lemdee,,0,1,1,full,Zion Songs Telugu,క్రైస్తవ నిరీక్షణ Zion,unbroken-lines,https://waytochurch.com/lyrics/song/3781
03782-yaesuprabhuvae-mahima-nireekshna-manaloa-vunnaad.json,3782,Yaesuprabhuvae Mahima Nireekshna Manaloa Vunnaadu,,0,1,1,full,Zion Songs Telugu,క్రైస్తవ నిరీక్షణ Zion,unbroken-lines,https://waytochurch.com/lyrics/song/3782
03783-prabhoo-nee-vaadanu-neevu-naa-prabhudavani-nee-k.json,3783,Prabhoo Nee Vaadanu Neevu Naa Prabhudavani Nee Korakai Jeevimthunu,,0,1,1,full,Zion Songs Telugu,క్రైస్తవ నిరీక్షణ Zion,unbroken-lines,https://waytochurch.com/lyrics/song/3783
03785-naa-koarikalu-theeripoaye-priya-yaesuloa.json,3785,Naa Koarikalu Theeripoaye Priya Yaesuloa,,0,1,1,full,Zion Songs Telugu,క్రైస్తవ నిరీక్షణ Zion,unbroken-lines,https://waytochurch.com/lyrics/song/3785
03786-edhuru-choochedhamu-dhrudapunaadhigala-pattmgamu.json,3786,Edhuru Choochedhamu Dhrudapunaadhigala Pattmgamunakai,,0,1,1,full,Zion Songs Telugu,క్రైస్తవ నిరీక్షణ Zion,unbroken-lines,https://waytochurch.com/lyrics/song/3786
03787-prabhuraajym-nishchalamainadhi-shubhapradhmbu-sh.json,3787,Prabhuraajym Nishchalamainadhi Shubhapradhmbu Shaashvathamainadhi,,0,1,1,full,Zion Songs Telugu,క్రైస్తవ నిరీక్షణ Zion,unbroken-lines,https://waytochurch.com/lyrics/song/3787
03788-nishchalamainadhi-yaesu-raajyamu-prakaashimchae-.json,3788,Nishchalamainadhi Yaesu Raajyamu Prakaashimchae Raajyamu,,0,1,1,full,Zion Songs Telugu,క్రైస్తవ నిరీక్షణ Zion,unbroken-lines,https://waytochurch.com/lyrics/song/3788
03789-jeevamunichchedha-jeevaadhipathiki.json,3789,Jeevamunichchedha Jeevaadhipathiki,,0,1,1,full,Zion Songs Telugu,క్రైస్తవ ప్రతిష్ఠత Zion,unbroken-lines,https://waytochurch.com/lyrics/song/3789
03791-yaesoo-naa-siluvan-moasi-ninu-nae-vembadimchedha.json,3791,Yaesoo Naa Siluvan Moasi Ninu Nae Vembadimchedhanu,,0,1,1,full,Zion Songs Telugu,క్రైస్తవ ప్రతిష్ఠత Zion,unbroken-lines,https://waytochurch.com/lyrics/song/3791
03792-siluvanu-veedanu-siluvanu-veedanu-siluvanu-veeda.json,3792,Siluvanu Veedanu Siluvanu Veedanu Siluvanu Veedanu,,0,1,1,full,Zion Songs Telugu,క్రైస్తవ ప్రతిష్ఠత Zion,unbroken-lines,https://waytochurch.com/lyrics/song/3792
03793-naa-yaesu-maargammdhuna-vella-naayaththamaa.json,3793,Naa Yaesu Maargammdhuna Vella Naayaththamaa,,0,1,1,full,Zion Songs Telugu,క్రైస్తవ ప్రతిష్ఠత Zion,unbroken-lines,https://waytochurch.com/lyrics/song/3793
03794-thrithvamarmamu-nerigina-mithrumdaa-praanamunimm.json,3794,Thrithvamarmamu Nerigina Mithrumdaa Praanamunimmu,,0,1,1,full,Zion Songs Telugu,క్రైస్తవ ప్రతిష్ఠత Zion,unbroken-lines,https://waytochurch.com/lyrics/song/3794
03795-dhaevayaathma-bhaasuraagni-thaejassugaa-nunnadhi.json,3795,Dhaevayaathma Bhaasuraagni Thaejassugaa Nunnadhi,,0,1,1,full,Zion Songs Telugu,క్రైస్తవ ప్రతిష్ఠత Zion,unbroken-lines,https://waytochurch.com/lyrics/song/3795
03796-prabhuni-dharshanm-yaesuni-dharshana-momdhi-saev.json,3796,Prabhuni Dharshanm Yaesuni Dharshana Momdhi Saeva Chaeyumu Dhaevuniki,,0,1,1,full,Zion Songs Telugu,క్రైస్తవ ప్రతిష్ఠత Zion,unbroken-lines,https://waytochurch.com/lyrics/song/3796
03797-priya-yaesuni-sainya-veerulamu-sainya-veerulamu.json,3797,Priya Yaesuni Sainya Veerulamu Sainya Veerulamu,,0,1,1,full,Zion Songs Telugu,క్రైస్తవ ప్రతిష్ఠత Zion,unbroken-lines,https://waytochurch.com/lyrics/song/3797
03798-yaajaka-dharmamu-nerigi-yaesunikae-saeva-praemat.json,3798,Yaajaka Dharmamu Nerigi Yaesunikae Saeva Praemathoa Nonarimpudu,,0,1,1,full,Zion Songs Telugu,క్రైస్తవ ప్రతిష్ఠత Zion,unbroken-lines,https://waytochurch.com/lyrics/song/3798
03799-yaesuni-nimdhanu-bharimchi-aayana-yodhdhaku-vell.json,3799,Yaesuni Nimdhanu Bharimchi Aayana Yodhdhaku Velludhamu,,0,1,1,full,Zion Songs Telugu,క్రైస్తవ ప్రతిష్ఠత Zion,unbroken-lines,https://waytochurch.com/lyrics/song/3799
03800-yaesuni-shishyulamu-yaegudhamu-pishaachi-loakamu.json,3800,Yaesuni Shishyulamu Yaegudhamu Pishaachi Loakamunu Kadhalimthumu,,0,1,1,full,Zion Songs Telugu,క్రైస్తవ ప్రతిష్ఠత Zion,unbroken-lines,https://waytochurch.com/lyrics/song/3800
03801-yaesukreesthae-sajjanudu-vairikanna-balavmthudu.json,3801,Yaesukreesthae Sajjanudu Vairikanna Balavmthudu,,0,1,1,full,Zion Songs Telugu,క్రైస్తవ ప్రతిష్ఠత Zion,unbroken-lines,https://waytochurch.com/lyrics/song/3801
03802-manassaara-kruthajnytha-liduchu-ghanmbu-chaeyu-p.json,3802,Manassaara Kruthajnytha Liduchu Ghanmbu Chaeyu Prabhun,,0,1,1,full,Zion Songs Telugu,క్రైస్తవ ప్రతిష్ఠత Zion,unbroken-lines,https://waytochurch.com/lyrics/song/3802
03803-ee-jagathiki-jyoathini-naenu-jeevana-jyoathi-jva.json,3803,Ee Jagathiki Jyoathini Naenu Jeevana Jyoathi Jvalimchedhanu,,0,1,1,full,Zion Songs Telugu,క్రైస్తవ ప్రతిష్ఠత Zion,unbroken-lines,https://waytochurch.com/lyrics/song/3803
03804-nee-siluvae-naaku-sharanu-yaesuprabhoa.json,3804,Nee Siluvae Naaku Sharanu Yaesuprabhoa,,0,1,1,full,Zion Songs Telugu,క్రైస్తవ ప్రతిష్ఠత Zion,unbroken-lines,https://waytochurch.com/lyrics/song/3804
03805-reference-naenu-naa-priyunidhaananu-paramageetha.json,3805,Reference: Naenu Naa Priyunidhaananu Paramageethamu,,0,1,1,full,Zion Songs Telugu,క్రైస్తవ ప్రతిష్ఠత Zion,unbroken-lines,https://waytochurch.com/lyrics/song/3805
03807-naadhu-praanamu-prabhoa-naenu-nee-karpimthunu.json,3807,Naadhu Praanamu Prabhoa Naenu Nee Karpimthunu,,0,1,1,full,Zion Songs Telugu,క్రైస్తవ ప్రతిష్ఠత Zion,unbroken-lines,https://waytochurch.com/lyrics/song/3807
03809-yaesu-prabhoa-neeku-naenu-naa-samasthamiththunu.json,3809,Yaesu Prabhoa Neeku Naenu Naa Samasthamiththunu,,0,1,1,full,Zion Songs Telugu,క్రైస్తవ ప్రతిష్ఠత Zion,unbroken-lines,https://waytochurch.com/lyrics/song/3809
03811-naa-rakshkuni-vembadimthu-nannitan-ghoaramaina-k.json,3811,Naa Rakshkuni Vembadimthu Nannitan Ghoaramaina Komdalaina Jmkomdhanu,,0,1,1,full,Zion Songs Telugu,క్రైస్తవ ప్రతిష్ఠత Zion,unbroken-lines,https://waytochurch.com/lyrics/song/3811
03813-silvaloa-silvaloaao-gaamchi-nae-choodaogan.json,3813,Silvaloa Silvaloaao Gaamchi Nae Choodaogan,,0,1,1,full,Zion Songs Telugu,క్రైస్తవ ప్రతిష్ఠత Zion,unbroken-lines,https://waytochurch.com/lyrics/song/3813
03814-naa-yaesu-noppukonanu-nae-siggunomdhanu.json,3814,Naa Yaesu Noppukonanu Nae Siggunomdhanu,,0,1,1,full,Zion Songs Telugu,క్రైస్తవ ప్రతిష్ఠత Zion,unbroken-lines,https://waytochurch.com/lyrics/song/3814
03815-silvachemtha-naesuvaa-chaerchi-nannu-numchu.json,3815,Silvachemtha Naesuvaa Chaerchi Nannu Numchu,,0,1,1,full,Zion Songs Telugu,క్రైస్తవ ప్రతిష్ఠత Zion,unbroken-lines,https://waytochurch.com/lyrics/song/3815
03816-silvakae-silvakae-chellu-naa-vimukthi.json,3816,Silvakae Silvakae Chellu Naa Vimukthi,,0,1,1,full,Zion Songs Telugu,క్రైస్తవ ప్రతిష్ఠత Zion,unbroken-lines,https://waytochurch.com/lyrics/song/3816
03817-prabhu-yaesuni-naenu-naenu-vembadimthunu-thana-a.json,3817,Prabhu Yaesuni Naenu Naenu Vembadimthunu Thana Adugu Jaadalaloa Nadichedhanu,,0,1,1,full,Zion Songs Telugu,క్రైస్తవ ప్రతిష్ఠత Zion,unbroken-lines,https://waytochurch.com/lyrics/song/3817
03818-naa-sarvamaina-prabhoo-arpimchukomdhu-neekai-amg.json,3818,Naa Sarvamaina Prabhoo Arpimchukomdhu Neekai Amgeekarimchu Naedae Nee Saeva Chaeyutakai,,0,1,1,full,Zion Songs Telugu,క్రైస్తవ ప్రతిష్ఠత Zion,unbroken-lines,https://waytochurch.com/lyrics/song/3818
03819-yauvanudaa-smthoashpadumaa-yauvana-kaalamun.json,3819,Yauvanudaa Smthoashpadumaa Yauvana Kaalamun,,0,1,1,full,Zion Songs Telugu,యౌవనస్థుల పాటలు Zion,unbroken-lines,https://waytochurch.com/lyrics/song/3819
03820-manaku-jeevamaiyunna-rakshkudu-prabhuyaesae.json,3820,Manaku Jeevamaiyunna Rakshkudu Prabhuyaesae,,0,1,1,full,Zion Songs Telugu,యౌవనస్థుల పాటలు Zion,unbroken-lines,https://waytochurch.com/lyrics/song/3820
03821-nee-dhaevuni-sannidhini-kanabadanu-neevu-sidhdha.json,3821,Nee Dhaevuni Sannidhini Kanabadanu Neevu Sidhdhapadumaa,,0,1,1,full,Zion Songs Telugu,యౌవనస్థుల పాటలు Zion,unbroken-lines,https://waytochurch.com/lyrics/song/3821
03822-reference-prabhuvaa-neevae-ayithae-neella.json,3822,Reference: Prabhuvaa! Neevae Ayithae NeeLLa,,0,1,1,full,Zion Songs Telugu,యౌవనస్థుల పాటలు Zion,unbroken-lines,https://waytochurch.com/lyrics/song/3822
03823-meeraemi-vedhakuchunnaaru.json,3823,Meeraemi Vedhakuchunnaaru,,0,1,1,full,Zion Songs Telugu,యౌవనస్థుల పాటలు Zion,unbroken-lines,https://waytochurch.com/lyrics/song/3823
03824-yauvanulaaraa-mee-yauvanamuloa-smthasimchudi.json,3824,Yauvanulaaraa Mee Yauvanamuloa Smthasimchudi,,0,1,1,full,Zion Songs Telugu,యౌవనస్థుల పాటలు Zion,unbroken-lines,https://waytochurch.com/lyrics/song/3824
03825-dhayagala-yaesu-prabhoo-ninnu-yeruga-krupanimmu.json,3825,Dhayagala Yaesu Prabhoo Ninnu Yeruga Krupanimmu,,0,1,1,full,Zion Songs Telugu,యౌవనస్థుల పాటలు Zion,unbroken-lines,https://waytochurch.com/lyrics/song/3825
03826-prabhuni-saeva-jaeyarammu-oa-yauvanudaa.json,3826,Prabhuni Saeva Jaeyarammu Oa Yauvanudaa,,0,1,1,full,Zion Songs Telugu,యౌవనస్థుల పాటలు Zion,unbroken-lines,https://waytochurch.com/lyrics/song/3826
03827-hallelooya-hoasannaa-sthuthi-ghanathaa-prabhukae.json,3827,Hallelooya Hoasannaa Sthuthi Ghanathaa Prabhukae,,0,1,1,full,Zion Songs Telugu,యౌవనస్థుల పాటలు Zion,unbroken-lines,https://waytochurch.com/lyrics/song/3827
03828-kreesthu-mimmulanu-svathmthrula-jaese-dhaasyapu-.json,3828,Kreesthu Mimmulanu Svathmthrula Jaese Dhaasyapu Kaadiki Chikkukonaku,,0,1,1,full,Zion Songs Telugu,యౌవనస్థుల పాటలు Zion,unbroken-lines,https://waytochurch.com/lyrics/song/3828
03829-evaru-jayimchedharoa-vaarae-samasthamunu-pomdhed.json,3829,Evaru Jayimchedharoa Vaarae Samasthamunu Pomdhedharu,,0,1,1,full,Zion Songs Telugu,యౌవనస్థుల పాటలు Zion,unbroken-lines,https://waytochurch.com/lyrics/song/3829
03830-mahaa-dhaevumdu-parishudhdhudagu-thanayuni.json,3830,Mahaa Dhaevumdu Parishudhdhudagu Thanayuni,,0,1,1,full,Zion Songs Telugu,యౌవనస్థుల పాటలు Zion,unbroken-lines,https://waytochurch.com/lyrics/song/3830
03831-sthoathrm-sthoathramu-dhaevaadhi-dhaevaa-paathra.json,3831,Sthoathrm Sthoathramu Dhaevaadhi Dhaevaa Paathralanugaa Maarchithivi Dhaevuni Paathralanug,,0,1,1,full,Zion Songs Telugu,యౌవనస్థుల పాటలు Zion,unbroken-lines,https://waytochurch.com/lyrics/song/3831
03832-prabhuvuku-thaginattu-pruthiviloa-priyudaa-padhi.json,3832,Prabhuvuku Thaginattu Pruthiviloa Priyudaa Padhilamugaa Jeevimchavaa,,0,1,1,full,Zion Songs Telugu,యౌవనస్థుల పాటలు Zion,unbroken-lines,https://waytochurch.com/lyrics/song/3832
03833-dhaevuni-nijapraema-parishudhdha-grmthammdhunnad.json,3833,Dhaevuni Nijapraema Parishudhdha Grmthammdhunnadhi,,0,1,1,full,Zion Songs Telugu,పల్లవులు Zion,unbroken-lines,https://waytochurch.com/lyrics/song/3833
03834-grmtha-vaagdhaanamulanni-naavi.json,3834,Grmtha Vaagdhaanamulanni Naavi,,0,1,1,full,Zion Songs Telugu,పల్లవులు Zion,,https://waytochurch.com/lyrics/song/3834
03838-reference-veeru-aposthalula-boadhaymdhunu-sahava.json,3838,"Reference: Veeru Aposthalula BoaDhayMdhunu, SahavaasamMdhunu,",,0,1,1,full,Zion Songs Telugu,పల్లవులు Zion,unbroken-lines,https://waytochurch.com/lyrics/song/3838
03839-patmpa-shraeshtagrmthamu-baibil.json,3839,Patmpa Shraeshtagrmthamu Baibil,,0,1,1,full,Zion Songs Telugu,పల్లవులు Zion,unbroken-lines,https://waytochurch.com/lyrics/song/3839
03841-snaehimpa-shraeshta-mithrudaesu-kreesthu.json,3841,Snaehimpa Shraeshta Mithrudaesu Kreesthu,,0,1,1,full,Zion Songs Telugu,పల్లవులు Zion,unbroken-lines,https://waytochurch.com/lyrics/song/3841
03842-chaeyanu-shraeshta-pani-dhaiva-saevayae.json,3842,Chaeyanu Shraeshta Pani Dhaiva Saevayae,,0,1,1,full,Zion Songs Telugu,పల్లవులు Zion,unbroken-lines,https://waytochurch.com/lyrics/song/3842
03843-ch-aanmdhm-naa-kaanmdhm-aanmdhm-paramaanmdhmch-a.json,3843,Ch:aanMdhM Naa KaanMdhM AanMdhM ParamaanMdhMch:aathmanu,,0,1,1,full,Zion Songs Telugu,పల్లవులు Zion,unbroken-lines,https://waytochurch.com/lyrics/song/3843
03844-reference-idhigoa-naenu-thalupunodhdha-niluchumd.json,3844,Reference: Idhigoa Naenu Thalupunodhdha NiluchuMdi,,0,1,1,full,Zion Songs Telugu,పల్లవులు Zion,unbroken-lines,https://waytochurch.com/lyrics/song/3844
03845-ch-vimthayaina-yaesu-rakshkumdu-thaanae.json,3845,Ch:viMthayaina Yaesu RakShkuMdu - Thaanae,,0,1,1,full,Zion Songs Telugu,పల్లవులు Zion,unbroken-lines,https://waytochurch.com/lyrics/song/3845
03846-reference-naa-praanamaa-yehoavaanu-sannuthimchum.json,3846,"Reference: Naa PraaNamaa, Yehoavaanu SannuthiMchumu.",,0,1,1,full,Zion Songs Telugu,పల్లవులు Zion,unbroken-lines,https://waytochurch.com/lyrics/song/3846
03847-ch-sthuthi-ghanatha-mahima-needhae-mahima.json,3847,Ch:sthuthi Ghanatha Mahima Needhae Mahima,,0,1,1,full,Zion Songs Telugu,పల్లవులు Zion,unbroken-lines,https://waytochurch.com/lyrics/song/3847
03848-ch-halle-looya-aa-aamen.json,3848,Ch:halle Looya Aa - Aamen,,0,1,1,full,Zion Songs Telugu,పల్లవులు Zion,unbroken-lines,https://waytochurch.com/lyrics/song/3848
03849-ch-naakaanmdhm-kaaranmbidhae-paapabhaarammtha-po.json,3849,Ch:naakaanMdhM KaaraNMbidhae PaapabhaaramMtha Poayenuch:sarvakaalamu PaaduchuMdhunu,,0,1,1,full,Zion Songs Telugu,పల్లవులు Zion,unbroken-lines,https://waytochurch.com/lyrics/song/3849
03850-ch-adhbhutha-shakthikaladhu-rakthamuloa-gorrepil.json,3850,Ch:adhbhutha Shakthikaladhu Rakthamuloa - GoRRepilla,,0,1,1,full,Zion Songs Telugu,పల్లవులు Zion,unbroken-lines,https://waytochurch.com/lyrics/song/3850
03851-ch-nee-jeevitha-naavaloa-kreesthunu.json,3851,Ch:nee Jeevitha Naavaloa Kreesthunu -,,0,1,1,full,Zion Songs Telugu,పల్లవులు Zion,unbroken-lines,https://waytochurch.com/lyrics/song/3851
03852-ch-yaesu-theerche-naa-appunmthayuch-paapadaagu.json,3852,Ch:yaesu Theerche Naa - AppunMthayuch:paapadaagu,,0,1,1,full,Zion Songs Telugu,పల్లవులు Zion,,https://waytochurch.com/lyrics/song/3852
03853-ch-krupachaetha-rakshimchenu-krupachaetha-rakshi.json,3853,Ch:krupachaetha RakShiMchenu Krupachaetha RakShiMchenuch:idhae Naa,,0,1,1,full,Zion Songs Telugu,పల్లవులు Zion,,https://waytochurch.com/lyrics/song/3853
03854-ch-poayenu-poayenu-naa-paapa-bhaaramella.json,3854,Ch:poayenu Poayenu Naa Paapa Bhaaramella,,0,1,1,full,Zion Songs Telugu,పల్లవులు Zion,,https://waytochurch.com/lyrics/song/3854
03855-reference-aakaashamunu-bhoomiyu-gathimchunu-gaan.json,3855,Reference: Aakaashamunu Bhoomiyu GathiMchunu Gaani,,0,1,1,full,Zion Songs Telugu,పల్లవులు Zion,unbroken-lines,https://waytochurch.com/lyrics/song/3855
03856-reference-naenu-nee-dharmashaasthramunmdhu-aashc.json,3856,Reference: Naenu Nee DharmashaasthramunMdhu Aashcharyamaina,,0,1,1,full,Zion Songs Telugu,పల్లవులు Zion,unbroken-lines,https://waytochurch.com/lyrics/song/3856
03857-ch-emtha-adhbhutha-dhanamu-anmtha-dhaivavaramuch.json,3857,Ch:eMtha Adhbhutha Dhanamu AnMtha Dhaivavaramuch:dhivya,,0,1,1,full,Zion Songs Telugu,పల్లవులు Zion,,https://waytochurch.com/lyrics/song/3857
03858-song.json,3858,ఆయనాశ్చర్య కరుడు నన్ను రక్షించి కాపాడి శుద్ధి చేయును,,1,0,0,full,Zion Songs Telugu,పల్లవులు Zion,unbroken-lines; title-telugu-only,https://waytochurch.com/lyrics/song/3858
03859-ch-paapamun-dhuhkhamunu-vemtanae.json,3859,Ch:paapamun DhuHkhamunu - VeMtanae -,,0,1,1,full,Zion Songs Telugu,పల్లవులు Zion,,https://waytochurch.com/lyrics/song/3859
03860-ch-dhaagiyumdhu-nee-aashrayammdhunch-keedu-thaak.json,3860,Ch:dhaagiyuMdhu Nee AashrayamMdhunch:keedu Thaakani Choatuloa,,0,1,1,full,Zion Songs Telugu,పల్లవులు Zion,unbroken-lines,https://waytochurch.com/lyrics/song/3860
03861-reference-manaku-anugrahimpabadina-parishudhdhaa.json,3861,Reference: Manaku AnugrahiMpabadina ParishudhDhaathma Dhvaaraa,,0,1,1,full,Zion Songs Telugu,పల్లవులు Zion,unbroken-lines,https://waytochurch.com/lyrics/song/3861
03862-ch-nithya-dhaeva-jeevaathma-naa-pai.json,3862,Ch:nithya Dhaeva Jeevaathma Naa Pai,,0,1,1,full,Zion Songs Telugu,పల్లవులు Zion,,https://waytochurch.com/lyrics/song/3862
03863-song.json,3863,బలము నిచ్చు యేసుచే,,1,0,0,full,Zion Songs Telugu,పల్లవులు Zion,unbroken-lines; title-telugu-only,https://waytochurch.com/lyrics/song/3863
03864-reference-yehoavaakoraku-edhuru-choochuvaaru-noo.json,3864,Reference: Yehoavaakoraku Edhuru Choochuvaaru Noothana,,0,1,1,full,Zion Songs Telugu,పల్లవులు Zion,unbroken-lines,https://waytochurch.com/lyrics/song/3864
03865-ch-aathmala-chemthaku-nadupu-boadhimpanu-naerpum.json,3865,Ch:aathmala CheMthaku Nadupu BoaDhiMpanu Naerpumu,,0,1,1,full,Zion Songs Telugu,పల్లవులు Zion,unbroken-lines,https://waytochurch.com/lyrics/song/3865
03866-song.json,3866,ఉజ్జీవము నిమ్ము,,1,0,0,full,Zion Songs Telugu,పల్లవులు Zion,unbroken-lines; title-telugu-only,https://waytochurch.com/lyrics/song/3866
03867-ch-chaethun-adhbhutha-manenu-chaethun-adhbhutha.json,3867,Ch:chaethun Adhbhutha Manenu Chaethun Adhbhutha,,0,1,1,full,Zion Songs Telugu,పల్లవులు Zion,,https://waytochurch.com/lyrics/song/3867
03868-ch-sthuthimchu-naa-praanamaa-mahima.json,3868,Ch:sthuthiMchu Naa PraaNamaa - Mahima,,0,1,1,full,Zion Songs Telugu,పల్లవులు Zion,,https://waytochurch.com/lyrics/song/3868
03869-ch-mahima-ghanatha-sthuthi-sthoathramu.json,3869,Ch:mahima Ghanatha Sthuthi Sthoathramu -,,0,1,1,full,Zion Songs Telugu,పల్లవులు Zion,,https://waytochurch.com/lyrics/song/3869
03870-reference-aashcharyakarudu-aaloachanakartha-bala.json,3870,Reference: Aashcharyakarudu Aaloachanakartha BalavMthudaina Dhaevudu,,0,1,1,full,Zion Songs Telugu,పల్లవులు Zion,unbroken-lines,https://waytochurch.com/lyrics/song/3870
03871-ch-aashcharya-maashcharya-maesu-naakuch-aaloacha.json,3871,Ch:aashcharya Maashcharya Maesu Naakuch:aaloachana Karthayu,,0,1,1,full,Zion Songs Telugu,పల్లవులు Zion,unbroken-lines,https://waytochurch.com/lyrics/song/3871
03872-reference-yaesukreesthu-ninna-naedu-okkataereeth.json,3872,"Reference: Yaesukreesthu Ninna, Naedu, Okkataereethigaa",,0,1,1,full,Zion Songs Telugu,పల్లవులు Zion,unbroken-lines,https://waytochurch.com/lyrics/song/3872
03873-ch-aanmdhaanmdhamu-mahadhaanmdhamuch-yaesu-prabh.json,3873,Ch:aanMdhaanMdhamu - MahadhaanMdhamuch:yaesu Prabhunaku -,,0,1,1,full,Zion Songs Telugu,పల్లవులు Zion,unbroken-lines,https://waytochurch.com/lyrics/song/3873
03874-ch-aashcharya-aashcharya-yaesu.json,3874,Ch:aashcharya - Aashcharya - Yaesu,,0,1,1,full,Zion Songs Telugu,పల్లవులు Zion,unbroken-lines,https://waytochurch.com/lyrics/song/3874
03875-reference-aa-ayidhu-rottelanu-remdu.json,3875,Reference: Aa Ayidhu Rottelanu ReMdu,,0,1,1,full,Zion Songs Telugu,పల్లవులు Zion,unbroken-lines,https://waytochurch.com/lyrics/song/3875
03876-reference-sarvajanamulaaraa-aayananu-koniyaadudi.json,3876,"Reference: Sarvajanamulaaraa, Aayananu Koniyaadudi. Keerthanalu",,0,1,1,full,Zion Songs Telugu,పల్లవులు Zion,unbroken-lines,https://waytochurch.com/lyrics/song/3876
03878-naedu-meeru-koarukonudi-mee-revarini-saevimchedh.json,3878,Naedu Meeru Koarukonudi Mee Revarini Saevimchedharoa,,0,1,1,full,Zion Songs Telugu,పల్లవులు Zion,unbroken-lines,https://waytochurch.com/lyrics/song/3878
03879-ch-yaesuni-sannidhi-emthoa-aanmdhmch-emthoa-aanm.json,3879,"Ch:yaesuni SanniDhi EMthoa AanMdhMch:eMthoa AanMdhM,",,0,1,1,full,Zion Songs Telugu,పల్లవులు Zion,unbroken-lines,https://waytochurch.com/lyrics/song/3879
03880-ch-thoorpuna-padamara-uththara-dhakshinamuch-kre.json,3880,"Ch:thoorpuna, Padamara, Uththara, DhakShiNamuch:kreesthu Su-vaarthathoa,",,0,1,1,full,Zion Songs Telugu,పల్లవులు Zion,unbroken-lines,https://waytochurch.com/lyrics/song/3880
03881-ch-naa-yedhaloan-naa-yedhaloan.json,3881,Ch:naa Yedhaloan Naa Yedhaloan -,,0,1,1,full,Zion Songs Telugu,పల్లవులు Zion,unbroken-lines,https://waytochurch.com/lyrics/song/3881
03882-ch-nallanidhi-naa-paapa-hrudhaym.json,3882,Ch:nallanidhi Naa Paapa HrudhayM -,,0,1,1,full,Zion Songs Telugu,పల్లవులు Zion,unbroken-lines,https://waytochurch.com/lyrics/song/3882
03883-ch-yaesu-kreesthu-aayanae-naa-sarva.json,3883,Ch:yaesu Kreesthu Aayanae Naa Sarva,,0,1,1,full,Zion Songs Telugu,పల్లవులు Zion,unbroken-lines,https://waytochurch.com/lyrics/song/3883
03884-ch-aahaa-aahaa-idhigoa-marala-vasthimich-aahaa.json,3884,Ch:aahaa Aahaa Idhigoa Marala Vasthimich:aahaa,,0,1,1,full,Zion Songs Telugu,పల్లవులు Zion,unbroken-lines,https://waytochurch.com/lyrics/song/3884
03885-reference-aa-ayidhu-rottelanu-remdu.json,3885,Reference: Aa Ayidhu Rottelanu ReMdu,,0,1,1,full,Zion Songs Telugu,పల్లవులు Zion,unbroken-lines,https://waytochurch.com/lyrics/song/3885
03887-reference-naashanakaramaina-gumtaloa-numdiyu-jig.json,3887,Reference: Naashanakaramaina GuMtaloa NuMdiyu Jigatagala,,0,1,1,full,Zion Songs Telugu,పల్లవులు Zion,unbroken-lines,https://waytochurch.com/lyrics/song/3887
03888-reference-vaaru-gorrepilla-rakthamunu-battiyu.json,3888,"Reference: Vaaru GoRRepilla Rakthamunu Battiyu,",,0,1,1,full,Zion Songs Telugu,పల్లవులు Zion,unbroken-lines,https://waytochurch.com/lyrics/song/3888
03889-reference-aayanaku-annitiloa-praamukhyamu-kalugu.json,3889,Reference: Aayanaku Annitiloa Praamukhyamu Kalugu,,0,1,1,full,Zion Songs Telugu,Zion,unbroken-lines,https://waytochurch.com/lyrics/song/3889
03890-reference-yehoavaa-mahaathmyamugalavaadu-aayana-.json,3890,Reference: Yehoavaa Mahaathmyamugalavaadu. Aayana ADhikasthoathramu,,0,1,1,full,Zion Songs Telugu,Zion,unbroken-lines,https://waytochurch.com/lyrics/song/3890
03892-reference-nannu-praemimchi-naa-koraku.json,3892,Reference: Nannu PraemiMchi Naa Koraku,,0,1,1,full,Zion Songs Telugu,Zion,unbroken-lines,https://waytochurch.com/lyrics/song/3892
03893-reference-kreesthunmdhu-prathi-aasheervaadhamu.json,3893,Reference: KreesthunMdhu ... Prathi Aasheervaadhamu,,0,1,1,full,Zion Songs Telugu,Zion,unbroken-lines,https://waytochurch.com/lyrics/song/3893
03894-pomdhithini-naenu-prabhuvaa-nee-numdi-prathi-shr.json,3894,Pomdhithini Naenu Prabhuvaa Nee Numdi Prathi Shraeshtayeevini Ee Bhuviymdhu,,0,1,1,full,Zion Songs Telugu,Zion,unbroken-lines,https://waytochurch.com/lyrics/song/3894
03895-reference-prabhuvunu-sthuthimchudi-prakatana-rev.json,3895,Reference: Prabhuvunu SthuthiMchudi Prakatana Revelation,,0,1,1,full,Zion Songs Telugu,Zion,unbroken-lines,https://waytochurch.com/lyrics/song/3895
03897-reference-athadu-yadhaartha-hrudhayudai.json,3897,Reference: Athadu YaDhaarTha Hrudhayudai ...,,0,1,1,full,Zion Songs Telugu,Zion,unbroken-lines,https://waytochurch.com/lyrics/song/3897
03898-reference-dhaevuni-praema-mana-hrudhayamulaloa.json,3898,Reference: Dhaevuni Praema Mana Hrudhayamulaloa,,0,1,1,full,Zion Songs Telugu,Zion,unbroken-lines,https://waytochurch.com/lyrics/song/3898
03899-reference-mana-prabhuvaina-yaesukreesthu-moolamu.json,3899,Reference: Mana Prabhuvaina Yaesukreesthu Moolamugaa,,0,1,1,full,Zion Songs Telugu,Zion Easter,unbroken-lines,https://waytochurch.com/lyrics/song/3899
03901-reference-mahima-gala-ee-raaju.json,3901,Reference: Mahima Gala Ee Raaju,,0,1,1,full,Zion Songs Telugu,Zion,unbroken-lines,https://waytochurch.com/lyrics/song/3901
03902-reference-appudu-maeghamu-mmdhiramunu.json,3902,Reference: Appudu Maeghamu ... MMdhiramunu,,0,1,1,full,Zion Songs Telugu,Zion,unbroken-lines,https://waytochurch.com/lyrics/song/3902
03903-reference-athadu-mmdhiramunakunu-balipeetamunaku.json,3903,"Reference: Athadu MMdhiramunakunu, BalipeeTamunakunu Chuttu",,0,1,1,full,Zion Songs Telugu,Zion,unbroken-lines,https://waytochurch.com/lyrics/song/3903
03904-reference-maa-dhvaaraa-prathi-sthalammdhunu.json,3904,Reference: Maa Dhvaaraa Prathi SThalamMdhunu,,0,1,1,full,Zion Songs Telugu,Zion,unbroken-lines,https://waytochurch.com/lyrics/song/3904
03905-reference-sarvamunu-aayanaymdhu-srujimpabadenu-k.json,3905,Reference: Sarvamunu AayanayMdhu SrujiMpabadenu Kolossa,,0,1,1,full,Zion Songs Telugu,Zion,unbroken-lines,https://waytochurch.com/lyrics/song/3905
03907-reference-mahaa-dhaevudunu-mana-rakshkudunaina.json,3907,Reference: Mahaa Dhaevudunu Mana RakShkudunaina,,0,1,1,full,Zion Songs Telugu,Zion,unbroken-lines,https://waytochurch.com/lyrics/song/3907
03908-reference-priyulaaraa-veetikoraku-meeru-kanipett.json,3908,"Reference: Priyulaaraa, Veetikoraku Meeru Kanipettuvaaru",,0,1,1,full,Zion Songs Telugu,Zion,unbroken-lines,https://waytochurch.com/lyrics/song/3908
03909-reference-priyulaaraa-veetikoraku-meeru-kanipett.json,3909,"Reference: Priyulaaraa, Veetikoraku Meeru Kanipettuvaaru",,0,1,1,full,Zion Songs Telugu,Zion,unbroken-lines,https://waytochurch.com/lyrics/song/3909
03911-reference-adugudi-meeku-dhorukunu-yoahaanu.json,3911,Reference: Adugudi Meeku Dhorukunu Yoahaanu,,0,1,1,full,Zion Songs Telugu,Zion,unbroken-lines,https://waytochurch.com/lyrics/song/3911
03912-reference-veeru-praarthana-chaeyuta.json,3912,Reference: Veeru ... PraarThana Chaeyuta,,0,1,1,full,Zion Songs Telugu,Zion,unbroken-lines,https://waytochurch.com/lyrics/song/3912
03913-reference-idhigoa-dhaevuni-nivaasamu-manushyulat.json,3913,Reference: Idhigoa Dhaevuni Nivaasamu ManuShyulathoa,,0,1,1,full,Zion Songs Telugu,Zion,unbroken-lines,https://waytochurch.com/lyrics/song/3913
03914-reference-aa-parishudhdha-pattanamu-prakatana.json,3914,Reference: Aa ParishudhDha PattaNamu Prakatana,,0,1,1,full,Zion Songs Telugu,Zion,unbroken-lines,https://waytochurch.com/lyrics/song/3914
03916-reference-naenu-vaariloa-nivasimchunatlu-vaaru.json,3916,Reference: Naenu Vaariloa NivasiMchunatlu Vaaru,,0,1,1,full,Zion Songs Telugu,Zion,unbroken-lines,https://waytochurch.com/lyrics/song/3916
03919-reference-veerikmte-neevu-nannu-ekkuvagaa.json,3919,Reference: VeerikMte Neevu Nannu Ekkuvagaa,,0,1,1,full,Zion Songs Telugu,Zion,unbroken-lines,https://waytochurch.com/lyrics/song/3919
03920-reference-maemu-dhaevuni-jatha-panivaaramai.json,3920,Reference: Maemu Dhaevuni Jatha Panivaaramai,,0,1,1,full,Zion Songs Telugu,Zion,unbroken-lines,https://waytochurch.com/lyrics/song/3920
03921-reference-ninnu-aasheervadhimchi.json,3921,Reference: Ninnu AasheervadhiMchi,,0,2,2,full,Zion Songs Telugu,Zion,unbroken-lines,https://waytochurch.com/lyrics/song/3921
03922-reference-vaaru-yaesuthoa-kooda-umdina.json,3922,Reference: Vaaru Yaesuthoa Kooda UMdina,,0,1,1,full,Zion Songs Telugu,Zion,unbroken-lines,https://waytochurch.com/lyrics/song/3922
03923-reference-neevu-garbhamu-numdi-bayata.json,3923,Reference: Neevu Garbhamu NuMdi Bayata,,0,1,1,full,Zion Songs Telugu,Zion,unbroken-lines,https://waytochurch.com/lyrics/song/3923
03924-reference-bhoomi-molakanu-molipimchunatlugaanu-t.json,3924,Reference: Bhoomi Molakanu MolipiMchunatlugaanu Thoataloa,,0,1,1,full,Zion Songs Telugu,Zion,unbroken-lines,https://waytochurch.com/lyrics/song/3924
03925-reference-seeyoanoo-lemmu-lemmu-nee.json,3925,"Reference: Seeyoanoo, Lemmu Lemmu, Nee",,0,1,1,full,Zion Songs Telugu,Zion,unbroken-lines,https://waytochurch.com/lyrics/song/3925
03926-reference-ajnyaanulavale-kaaka-jaagraththagaa.json,3926,Reference: AjnYaanulavale Kaaka ... Jaagraththagaa,,0,7,7,full,Zion Songs Telugu,Zion,unbroken-lines,https://waytochurch.com/lyrics/song/3926
03930-reference-vaaru-vadhimpabadina-gorrepilla-shakth.json,3930,"Reference: Vaaru VaDhiMpabadina Gorrepilla, Shakthiyu",,0,1,1,full,Zion Songs Telugu,Zion,unbroken-lines,https://waytochurch.com/lyrics/song/3930
03931-reference-chakkani-throavanu-aayana-vaarini.json,3931,Reference: Chakkani Throavanu Aayana Vaarini,,0,2,2,full,Zion Songs Telugu,Zion,unbroken-lines,https://waytochurch.com/lyrics/song/3931
03933-reference-atuvale-meeru-bahumaanamu-pomdhunatlug.json,3933,Reference: Atuvale Meeru Bahumaanamu PoMdhunatlugaa,,0,1,1,full,Zion Songs Telugu,Zion,unbroken-lines,https://waytochurch.com/lyrics/song/3933
03935-reference-kanneellu-viduchuchu-viththuvaaru-smth.json,3935,Reference: KanneeLlu Viduchuchu Viththuvaaru SMthoaShgaanamuthoa,,1,1,1,full,Zion Songs Telugu,Zion,unbroken-lines,https://waytochurch.com/lyrics/song/3935
03936-reference-aevaevi-naaku-laabhakaramulai-yumdenoa.json,3936,Reference: Aevaevi Naaku Laabhakaramulai YuMdenoa,,0,1,1,full,Zion Songs Telugu,Zion,unbroken-lines,https://waytochurch.com/lyrics/song/3936
03937-reference-idhigoa-naenu-thalupunodhdha-niluchumd.json,3937,Reference: Idhigoa Naenu Thalupunodhdha NiluchuMdi,,0,1,1,full,Zion Songs Telugu,Good Friday Zion,unbroken-lines,https://waytochurch.com/lyrics/song/3937
03938-reference-shakthi-chaethanainanu-balamu-chaethan.json,3938,Reference: Shakthi Chaethanainanu Balamu Chaethanainanu,,0,1,1,full,Zion Songs Telugu,Zion,unbroken-lines,https://waytochurch.com/lyrics/song/3938
03939-reference-rmdi-manamu-yehoavaa-veluguloa.json,3939,Reference: RMdi Manamu Yehoavaa Veluguloa,,0,1,1,full,Zion Songs Telugu,Zion,unbroken-lines,https://waytochurch.com/lyrics/song/3939
03940-reference-mee-ymdhunna-kreesthu-mahima.json,3940,"Reference: Mee YMdhunna Kreesthu, Mahima",,0,1,1,full,Zion Songs Telugu,Zion,unbroken-lines,https://waytochurch.com/lyrics/song/3940
03941-reference-yedathegaka-praarthana-chaeyudi-1.json,3941,Reference: Yedathegaka PraarThana Chaeyudi 1,,0,1,1,full,Zion Songs Telugu,Zion,unbroken-lines,https://waytochurch.com/lyrics/song/3941
03942-reference-yaesukreesthu-ninna-naedu-okkataereeth.json,3942,"Reference: Yaesukreesthu Ninna, Naedu, Okkataereethigaa",,0,1,1,full,Zion Songs Telugu,Zion,unbroken-lines,https://waytochurch.com/lyrics/song/3942
03943-reference-yehoavaa-ishraayaeleeyula-dhaevaa-hrud.json,3943,"Reference: Yehoavaa Ishraayaeleeyula Dhaevaa, Hrudhayapoorvakamugaa",,0,1,1,full,Zion Songs Telugu,Zion,unbroken-lines,https://waytochurch.com/lyrics/song/3943
03944-reference-raajulaku-raajunu-prabhuvulaku-prabhuv.json,3944,Reference: Raajulaku Raajunu Prabhuvulaku Prabhuvunu,,0,1,1,full,Zion Songs Telugu,సంఘము Zion,unbroken-lines,https://waytochurch.com/lyrics/song/3944
03945-reference-ee-punaadhi-yaesukreesthae-1.json,3945,Reference: Ee Punaadhi Yaesukreesthae 1,,0,1,1,full,Zion Songs Telugu,సంఘము Zion,unbroken-lines,https://waytochurch.com/lyrics/song/3945
03946-reference-dhaevuni-pattanamaa-manushyulu-ninnu.json,3946,Reference: Dhaevuni PattaNamaa ManuShyulu Ninnu,,0,1,1,full,Zion Songs Telugu,సంఘము Zion,unbroken-lines,https://waytochurch.com/lyrics/song/3946
03947-reference-ayinanu-dhaevuni-yokka-sthiramaina.json,3947,Reference: Ayinanu Dhaevuni Yokka SThiramaina,,0,1,1,full,Zion Songs Telugu,సంఘము Zion,unbroken-lines,https://waytochurch.com/lyrics/song/3947
03948-reference-kaabatti-meerika-meedhata-parajanulunu.json,3948,Reference: Kaabatti Meerika Meedhata Parajanulunu,,0,1,1,full,Zion Songs Telugu,సంఘము Zion,unbroken-lines,https://waytochurch.com/lyrics/song/3948
03949-reference-aa-smghamu-aayana-shareeramu.json,3949,Reference: Aa SMghamu Aayana Shareeramu,,0,1,1,full,Zion Songs Telugu,సంఘము Zion,unbroken-lines,https://waytochurch.com/lyrics/song/3949
03951-reference-laekhanamulannitiloa-thannu-goorchina-.json,3951,Reference: Laekhanamulannitiloa Thannu Goorchina Vachanamula,,0,1,1,full,Zion Songs Telugu,దేవుని వాక్యము Zion,unbroken-lines,https://waytochurch.com/lyrics/song/3951
03953-reference-dhuppi-neetivaagulakoraku-aashapadunat.json,3953,"Reference: Dhuppi Neetivaagulakoraku Aashapadunatlu Dhaevaa,",,0,1,1,full,Zion Songs Telugu,దేవుని వాక్యము Zion,unbroken-lines,https://waytochurch.com/lyrics/song/3953
03954-reference-aa-dhinamulaloa-yehoavaa-vaakku.json,3954,Reference: Aa Dhinamulaloa Yehoavaa Vaakku,,0,1,1,full,Zion Songs Telugu,దేవుని వాక్యము Zion,unbroken-lines,https://waytochurch.com/lyrics/song/3954
03955-reference-nee-vaakyamae-sathyamu-yoahaanu.json,3955,Reference: Nee Vaakyamae Sathyamu Yoahaanu,,0,1,1,full,Zion Songs Telugu,దేవుని వాక్యము Zion,unbroken-lines,https://waytochurch.com/lyrics/song/3955
03956-reference-nee-vaakyamae-sathyamu-yoahaanu.json,3956,Reference: Nee Vaakyamae Sathyamu Yoahaanu,,0,1,1,full,Zion Songs Telugu,దేవుని వాక్యము Zion,unbroken-lines,https://waytochurch.com/lyrics/song/3956
03957-reference-nee-sathyamu-maeghamulmtha-eththugaa.json,3957,Reference: Nee Sathyamu MaeghamulMtha Eththugaa,,0,1,1,full,Zion Songs Telugu,దేవుని వాక్యము Zion,unbroken-lines,https://waytochurch.com/lyrics/song/3957
03958-reference-naenu-dhappigalavaanimeedha-neellanu.json,3958,Reference: Naenu Dhappigalavaanimeedha NeeLLanu ...,,0,1,1,full,Zion Songs Telugu,దేవుని వాక్యము Zion,unbroken-lines,https://waytochurch.com/lyrics/song/3958
03960-reference-jeevaahaaramu-naenae-naayodhdhaku-vach.json,3960,Reference: Jeevaahaaramu Naenae; Naayodhdhaku Vachchuvaadu,,0,1,1,full,Zion Songs Telugu,దేవుని వాక్యము Zion,unbroken-lines,https://waytochurch.com/lyrics/song/3960
03961-reference-nee-dhaasudu-aalakimchuchunnaadu-aajny.json,3961,Reference: Nee Dhaasudu AalakiMchuchunnaadu AajnYnimmu,,0,1,1,full,Zion Songs Telugu,దేవుని వాక్యము Zion,unbroken-lines,https://waytochurch.com/lyrics/song/3961
03962-reference-naa-noatimaatalaku-cheviyoggudi-keerth.json,3962,Reference: Naa Noatimaatalaku Cheviyoggudi Keerthana,,0,1,1,full,Zion Songs Telugu,దేవుని వాక్యము Zion,unbroken-lines,https://waytochurch.com/lyrics/song/3962
03963-reference-neethimmthulu-kharjooravrukshmuvale-mo.json,3963,Reference: NeethimMthulu KharjooravrukShmuvale Movvuvaeyudhuru. Lebaanoanumeedhi,,0,1,1,full,Zion Songs Telugu,క్రైస్తవ జీవితము Zion,unbroken-lines,https://waytochurch.com/lyrics/song/3963
03964-reference-dhushtula-chaethiloa-numdi-ninnu.json,3964,Reference: DhuShtula Chaethiloa NuMdi Ninnu,,0,1,1,full,Zion Songs Telugu,క్రైస్తవ జీవితము Zion,unbroken-lines,https://waytochurch.com/lyrics/song/3964
03968-reference-yehoavaaymdhu-aanmdhimchuta-valana-mee.json,3968,Reference: YehoavaayMdhu AanMdhiMchuta Valana Meeru,,0,1,1,full,Zion Songs Telugu,క్రైస్తవ జీవితము Zion,unbroken-lines,https://waytochurch.com/lyrics/song/3968
03970-reference-ellappudu-smthoashmuga-umdudi-1.json,3970,Reference: Ellappudu SMthoaShmuga UMdudi 1,,0,1,1,full,Zion Songs Telugu,క్రైస్తవ జీవితము Zion,unbroken-lines,https://waytochurch.com/lyrics/song/3970
03971-reference-nadhivale-samaadhaanamunu-paarajaeyudh.json,3971,Reference: Nadhivale SamaaDhaanamunu Paarajaeyudhunu YeShyaa,,0,1,1,full,Zion Songs Telugu,క్రైస్తవ జీవితము Zion,unbroken-lines,https://waytochurch.com/lyrics/song/3971
03972-reference-nadhivale-samaadhaanamunu-paarajaeyudh.json,3972,Reference: Nadhivale SamaaDhaanamunu Paarajaeyudhunu YeShyaa,,0,1,1,full,Zion Songs Telugu,క్రైస్తవ జీవితము Zion,unbroken-lines,https://waytochurch.com/lyrics/song/3972
03974-reference-praema-shaashvatha-kaalamumdunu-1.json,3974,Reference: Praema Shaashvatha KaalamuMdunu 1,,0,1,1,full,Zion Songs Telugu,క్రైస్తవ జీవితము Zion,unbroken-lines,https://waytochurch.com/lyrics/song/3974
03975-reference-samastha-pravarthanaymdhu-parishudhdhu.json,3975,Reference: Samastha PravarthanayMdhu ParishudhDhulai YuMdudi,,0,1,1,full,Zion Songs Telugu,క్రైస్తవ జీవితము Zion,unbroken-lines,https://waytochurch.com/lyrics/song/3975
03976-reference-dhaevudu-praemayai-yunnaadu-1.json,3976,Reference: Dhaevudu Praemayai Yunnaadu 1,,0,1,1,full,Zion Songs Telugu,క్రైస్తవ జీవితము Zion,unbroken-lines,https://waytochurch.com/lyrics/song/3976
03977-reference-dhaevudevarini-mumdhu-erigenoa-vaaru.json,3977,"Reference: Dhaevudevarini MuMdhu Erigenoa, Vaaru",,0,1,1,full,Zion Songs Telugu,క్రైస్తవ జీవితము Zion,unbroken-lines,https://waytochurch.com/lyrics/song/3977
03980-reference-manushyulu-mee-sathkriyalanu-choochi.json,3980,Reference: ManuShyulu Mee Sathkriyalanu Choochi,,0,1,1,full,Zion Songs Telugu,క్రైస్తవ జీవితము Zion,unbroken-lines,https://waytochurch.com/lyrics/song/3980
03981-reference-rakshna-baavulu-yeshyaa-isaiah.json,3981,Reference: RakShNa Baavulu YeShyaa Isaiah,,0,1,1,full,Zion Songs Telugu,క్రైస్తవ జీవితము Zion,unbroken-lines,https://waytochurch.com/lyrics/song/3981
03982-reference-rakshna-baavulu-yeshyaa-isaiah.json,3982,Reference: RakShNa Baavulu YeShyaa Isaiah,,0,1,1,full,Zion Songs Telugu,క్రైస్తవ జీవితము Zion,unbroken-lines,https://waytochurch.com/lyrics/song/3982
03983-reference-dhairyamu-thechchukonudi-naenae-mathth.json,3983,Reference: Dhairyamu Thechchukonudi Naenae Maththayi,,0,1,1,full,Zion Songs Telugu,క్రైస్తవ జీవితము Zion,unbroken-lines,https://waytochurch.com/lyrics/song/3983
03984-reference-thmdrivalana-kaligina-adhvitheeya-kuma.json,3984,Reference: ThMdrivalana Kaligina Adhvitheeya Kumaaruni,,0,1,1,full,Zion Songs Telugu,క్రైస్తవ జీవితము Zion,unbroken-lines,https://waytochurch.com/lyrics/song/3984
03985-reference-dhaevaa-nee-thalmpulu-naa.json,3985,Reference: Dhaevaa Nee ThalMpulu Naa,,0,1,1,full,Zion Songs Telugu,క్రైస్తవ జీవితము Zion,unbroken-lines,https://waytochurch.com/lyrics/song/3985
03986-reference-anyadhaevathalanu-paaravaeyumu-aadhika.json,3986,Reference: Anyadhaevathalanu Paaravaeyumu AadhikaaMdamu Genesis,,0,1,1,full,Zion Songs Telugu,క్రైస్తవ జీవితము Zion,unbroken-lines,https://waytochurch.com/lyrics/song/3986
03988-reference-kaabatti-neevu-laechi-neevunu.json,3988,"Reference: Kaabatti Neevu Laechi, Neevunu",,0,1,1,full,Zion Songs Telugu,క్రైస్తవ జీవితము Zion,unbroken-lines,https://waytochurch.com/lyrics/song/3988
03989-reference-naenu-saathveekudanu-naayodhdha-naerch.json,3989,Reference: Naenu Saathveekudanu Naayodhdha Naerchukonudi,,0,1,1,full,Zion Songs Telugu,క్రైస్తవ జీవితము Zion,unbroken-lines,https://waytochurch.com/lyrics/song/3989
03990-reference-neeku-viroadhamugaa-roopimpabadina-yae.json,3990,Reference: Neeku ViroaDhamugaa RoopiMpabadina Yae,,0,1,1,full,Zion Songs Telugu,క్రైస్తవ జీవితము Zion,unbroken-lines,https://waytochurch.com/lyrics/song/3990
03991-reference-chinnammdhaa-bhayapadakudi-meeku-raajy.json,3991,"Reference: ChinnamMdhaa Bhayapadakudi, Meeku Raajyamu",,0,1,1,full,Zion Songs Telugu,క్రైస్తవ జీవితము Zion,unbroken-lines,https://waytochurch.com/lyrics/song/3991
03992-reference-manamu-aayana-mahimanu-kanugomtimi.json,3992,Reference: Manamu Aayana Mahimanu KanugoMtimi.,,0,1,1,full,Zion Songs Telugu,క్రైస్తవ జీవితము Zion,unbroken-lines,https://waytochurch.com/lyrics/song/3992
03993-reference-vaaru-aayana-thattuchoodagaa-velugu.json,3993,Reference: Vaaru Aayana Thattuchoodagaa Velugu,,0,1,1,full,Zion Songs Telugu,క్రైస్తవ జీవితము Zion,unbroken-lines,https://waytochurch.com/lyrics/song/3993
03994-reference-samasthamunu-meevae-1-korimthee.json,3994,Reference: Samasthamunu Meevae 1 KoriMThee,,0,1,1,full,Zion Songs Telugu,క్రైస్తవ జీవితము Zion,unbroken-lines,https://waytochurch.com/lyrics/song/3994
03995-reference-samasthamunu-meevi-1-korimthee.json,3995,Reference: Samasthamunu Meevi 1 KoriMThee,,0,1,1,full,Zion Songs Telugu,క్రైస్తవ జీవితము Zion,unbroken-lines,https://waytochurch.com/lyrics/song/3995
03996-reference-seeyoanu-numdi-ishraayaelunaku-poorna.json,3996,Reference: Seeyoanu NuMdi Ishraayaelunaku PoorNa,,0,1,1,full,Zion Songs Telugu,క్రైస్తవ జీవితము Zion,unbroken-lines,https://waytochurch.com/lyrics/song/3996
03997-reference-aayana-kreesthunmdhu-paraloaka-vishyam.json,3997,Reference: Aayana KreesthunMdhu Paraloaka ViShyamulaloa,,0,1,1,full,Zion Songs Telugu,Zion,unbroken-lines,https://waytochurch.com/lyrics/song/3997
03998-reference-nee-dhaevudaina-yehoavaa-neeku.json,3998,Reference: Nee Dhaevudaina Yehoavaa Neeku,,0,1,1,full,Zion Songs Telugu,Zion,unbroken-lines,https://waytochurch.com/lyrics/song/3998
03999-reference-abraamaa-bhayapadakumu-naenu-neeku.json,3999,"Reference: Abraamaa, Bhayapadakumu; Naenu Neeku",,1,1,1,full,Zion Songs Telugu,Zion,unbroken-lines,https://waytochurch.com/lyrics/song/3999
04000-reference-parvathamulu-tholagipoayinanu-mettalu-.json,4000,Reference: Parvathamulu Tholagipoayinanu Mettalu Thaththarillinanu,,0,1,1,full,Zion Songs Telugu,Zion,unbroken-lines,https://waytochurch.com/lyrics/song/4000
04001-reference-naa-priyudu-naavaadu-naenu.json,4001,Reference: Naa Priyudu Naavaadu. Naenu,,0,1,1,full,Zion Songs Telugu,Zion,unbroken-lines,https://waytochurch.com/lyrics/song/4001
04002-reference-noothanamaina-yerooshlaemanu-parishudh.json,4002,Reference: Noothanamaina YerooShlaemanu ParishudhDha PattaNamu,,0,1,1,full,Zion Songs Telugu,Zion,unbroken-lines,https://waytochurch.com/lyrics/song/4002
04003-reference-aelayanagaa-dhaevudu-dhaeniki-shilpiyu.json,4003,Reference: Aelayanagaa Dhaevudu Dhaeniki Shilpiyu,,0,1,1,full,Zion Songs Telugu,Zion,unbroken-lines,https://waytochurch.com/lyrics/song/4003
04004-reference-yehoavaa-nee-maargamulanu-naaku.json,4004,"Reference: Yehoavaa, Nee Maargamulanu Naaku",,1,1,1,full,Zion Songs Telugu,Zion,unbroken-lines,https://waytochurch.com/lyrics/song/4004
04006-reference-naa-poornahrudhayamuthoa-naenu-neeku.json,4006,Reference: Naa PoorNahrudhayamuthoa Naenu Neeku,,0,1,1,full,Zion Songs Telugu,Zion,unbroken-lines,https://waytochurch.com/lyrics/song/4006
04007-reference-jaagraththapadudi-melakuvagaa-numdi-pr.json,4007,Reference: Jaagraththapadudi; Melakuvagaa NuMdi PraarThana,,0,1,1,full,Zion Songs Telugu,Zion,unbroken-lines,https://waytochurch.com/lyrics/song/4007
04008-reference-nashimchipoavu-suvarnamu-agnipareekshv.json,4008,Reference: NashiMchipoavu SuvarNamu AgnipareekShvalana ShudhDhaparachabaduchunnadhi,,0,1,1,full,Zion Songs Telugu,Zion,unbroken-lines,https://waytochurch.com/lyrics/song/4008
04009-reference-yaesu-naenae-maargamunu.json,4009,"Reference: Yaesu ― Naenae Maargamunu,",,0,1,1,full,Zion Songs Telugu,Zion,unbroken-lines,https://waytochurch.com/lyrics/song/4009
04011-reference-shaashvathamaina-praemathoa-naenu-ninn.json,4011,Reference: Shaashvathamaina Praemathoa Naenu Ninnu,,1,1,1,full,Zion Songs Telugu,Zion,unbroken-lines,https://waytochurch.com/lyrics/song/4011
04014-reference-sthoathramunu-ghanathayu-mahimayu-prab.json,4014,Reference: Sthoathramunu Ghanathayu Mahimayu Prabhaavamu,,0,1,1,full,Zion Songs Telugu,Zion,unbroken-lines,https://waytochurch.com/lyrics/song/4014
04015-reference-aayana-thana-siluva-moasikoni.json,4015,Reference: Aayana Thana Siluva Moasikoni,,0,1,1,full,Zion Songs Telugu,Good Friday Zion,unbroken-lines,https://waytochurch.com/lyrics/song/4015
04016-reference-samastha-janulaaraa-naa-yodhdhaku.json,4016,Reference: Samastha Janulaaraa Naa Yodhdhaku,,0,1,1,full,Zion Songs Telugu,Zion,unbroken-lines,https://waytochurch.com/lyrics/song/4016
04017-reference-meeru-komthasaepu-kanabadi-amthaloa.json,4017,Reference: Meeru KoMthasaepu Kanabadi AMthaloa,,0,2,2,full,Zion Songs Telugu,Zion,unbroken-lines,https://waytochurch.com/lyrics/song/4017
04018-reference-anukoola-samayamunmdhu-neemoranaalakim.json,4018,"Reference: Anukoola SamayamunMdhu NeemoranaalakiMchithini, RakShNa",,0,1,1,full,Zion Songs Telugu,Zion,unbroken-lines,https://waytochurch.com/lyrics/song/4018
04019-reference-mari-evanivalananu-rakshna-kalugadhu.json,4019,Reference: Mari Evanivalananu RakShNa Kalugadhu;,,0,1,1,full,Zion Songs Telugu,Zion,unbroken-lines,https://waytochurch.com/lyrics/song/4019
04020-reference-yaesu-evadainanu-nannu.json,4020,Reference: Yaesu ― Evadainanu Nannu,,0,1,1,full,Zion Songs Telugu,Zion,unbroken-lines,https://waytochurch.com/lyrics/song/4020
04021-reference-ee-maatalu-vininappudu-naenu.json,4021,Reference: Ee Maatalu Vininappudu Naenu,,0,1,1,full,Zion Songs Telugu,Zion,unbroken-lines,https://waytochurch.com/lyrics/song/4021
04023-reference-aayananu-aaraadhimchuvaaru-aathmathoan.json,4023,Reference: Aayananu AaraaDhiMchuvaaru Aathmathoanu Sathyamuthoanu,,1,1,1,full,Zion Songs Telugu,Zion,unbroken-lines,https://waytochurch.com/lyrics/song/4023
04024-reference-pravakthayagu-aeleeyaa-dhaggaraku-vach.json,4024,Reference: Pravakthayagu Aeleeyaa Dhaggaraku Vachchi,,0,1,1,full,Zion Songs Telugu,Zion,unbroken-lines,https://waytochurch.com/lyrics/song/4024
04026-reference-sithaarathoanu-thmburathoanu-aayananu.json,4026,Reference: Sithaarathoanu ... ThMburathoanu Aayananu,,1,1,1,full,Zion Songs Telugu,Zion,unbroken-lines,https://waytochurch.com/lyrics/song/4026
04028-reference-ayinanu-modhata-neekumdina-praemanu.json,4028,Reference: Ayinanu Modhata NeekuMdina Praemanu,,0,1,1,full,Zion Songs Telugu,Zion,unbroken-lines,https://waytochurch.com/lyrics/song/4028
04029-reference-koatha-visthaaramae-gaani-panivaaru.json,4029,Reference: Koatha Visthaaramae Gaani Panivaaru,,0,1,1,full,Zion Songs Telugu,Zion,unbroken-lines,https://waytochurch.com/lyrics/song/4029
04030-reference-parishudhdha-pattanamu-dhaevuni-mahima.json,4030,Reference: ParishudhDha PattaNamu Dhaevuni Mahimagaladhai,,0,1,1,full,Zion Songs Telugu,Zion,unbroken-lines,https://waytochurch.com/lyrics/song/4030
04031-reference-meeraemi-vedhakuchunnaaru-yoahaanu-joh.json,4031,Reference: Meeraemi Vedhakuchunnaaru? Yoahaanu John,,0,1,1,full,Zion Songs Telugu,Zion,unbroken-lines,https://waytochurch.com/lyrics/song/4031
04033-reference-aa-priyuni-ymdhu-aayana.json,4033,Reference: Aa Priyuni YMdhu Aayana,,0,1,1,full,Zion Songs Telugu,Zion,unbroken-lines,https://waytochurch.com/lyrics/song/4033
04034-reference-parishudhdha-pattanamu-dhaevuni-mahima.json,4034,Reference: ParishudhDha PattaNamu Dhaevuni Mahimagaladhai,,0,1,1,full,Zion Songs Telugu,Zion,unbroken-lines,https://waytochurch.com/lyrics/song/4034
04035-reference-parishudhdha-pattanamu-dhaevuni-mahima.json,4035,Reference: ParishudhDha PattaNamu Dhaevuni Mahimagaladhi,,2,1,1,full,Zion Songs Telugu,Zion,unbroken-lines,https://waytochurch.com/lyrics/song/4035
04036-reference-nee-mmdhiramunmdhu-nivasimchuvaaru-dha.json,4036,Reference: Nee MMdhiramunMdhu NivasiMchuvaaru Dhanyulu.,,0,1,1,full,Zion Songs Telugu,Zion,unbroken-lines,https://waytochurch.com/lyrics/song/4036
04037-reference-vishvaasamunaku-karthayu-dhaanini-kona.json,4037,Reference: Vishvaasamunaku Karthayu Dhaanini KonasaagiMchuvaadunaina,,0,1,1,full,Zion Songs Telugu,Zion,unbroken-lines,https://waytochurch.com/lyrics/song/4037
04038-reference-aayana-nammadhaginavaadugaa-umdunu-2.json,4038,Reference: Aayana Nammadhaginavaadugaa UMdunu 2,,0,1,1,full,Zion Songs Telugu,Zion,unbroken-lines,https://waytochurch.com/lyrics/song/4038
04039-reference-neeku-kaligina-dhaanini-gattigaa.json,4039,Reference: Neeku Kaligina Dhaanini Gattigaa,,0,1,1,full,Zion Songs Telugu,Zion,unbroken-lines,https://waytochurch.com/lyrics/song/4039
04046-reference-adugudi-meekiyyabadunu-thattudi-meeku.json,4046,Reference: Adugudi Meekiyyabadunu. Thattudi Meeku,,0,1,1,full,Zion Songs Telugu,Zion,unbroken-lines,https://waytochurch.com/lyrics/song/4046
04049-reference-yehoavaanaina-naenu-maarpulaenivaadanu.json,4049,Reference: Yehoavaanaina Naenu Maarpulaenivaadanu Ganuka,,0,1,1,full,Zion Songs Telugu,Zion,unbroken-lines,https://waytochurch.com/lyrics/song/4049
04050-reference-yaesukreesthu-ninna-naedu-okatae.json,4050,"Reference: Yaesukreesthu Ninna, Naedu, Okatae",,0,1,1,full,Zion Songs Telugu,Zion,unbroken-lines,https://waytochurch.com/lyrics/song/4050
04051-reference-dhaasuni-roopamu-dharimchukoni-thannu.json,4051,"Reference: Dhaasuni Roopamu DhariMchukoni, Thannu",,0,1,1,full,Zion Songs Telugu,Zion,unbroken-lines,https://waytochurch.com/lyrics/song/4051
04052-reference-punaadhulu-gala-aa-pattanamu.json,4052,Reference: Punaadhulu Gala Aa PattaNamu,,0,1,1,full,Zion Songs Telugu,Zion,unbroken-lines,https://waytochurch.com/lyrics/song/4052
04054-reference-yeeyana-nijamugaa-loaka-rakshkudu.json,4054,Reference: Yeeyana Nijamugaa Loaka RakShkudu,,0,5,5,full,Zion Songs Telugu,Zion,unbroken-lines,https://waytochurch.com/lyrics/song/4054
04055-reference-idhigoa-thvaragaa-vachchuchunnaanu-pra.json,4055,Reference: Idhigoa Thvaragaa Vachchuchunnaanu Prakatana,,0,1,1,full,Zion Songs Telugu,Zion,unbroken-lines,https://waytochurch.com/lyrics/song/4055
04056-reference-thana-raajyamunakunu-mahimakunu-mimmun.json,4056,Reference: Thana Raajyamunakunu Mahimakunu Mimmunu,,1,1,1,full,Zion Songs Telugu,Zion,unbroken-lines,https://waytochurch.com/lyrics/song/4056
04057-reference-thana-raajyamunakunu-mahimakunu-mimmun.json,4057,Reference: Thana Raajyamunakunu Mahimakunu Mimmunu,,0,1,1,full,Zion Songs Telugu,Zion,unbroken-lines,https://waytochurch.com/lyrics/song/4057
04058-reference-gaddi-yemdipoavunu-dhaani-puvvu.json,4058,Reference: Gaddi YeMdipoavunu. Dhaani Puvvu,,0,1,1,full,Zion Songs Telugu,Zion,unbroken-lines,https://waytochurch.com/lyrics/song/4058
04059-reference-gaddi-yemdipoavunu-dhaani-puvvu.json,4059,Reference: Gaddi YeMdipoavunu. Dhaani Puvvu,,1,1,1,full,Zion Songs Telugu,Zion,unbroken-lines,https://waytochurch.com/lyrics/song/4059
04060-reference-aayana-kishtulaina-manushyulaku-bhoomi.json,4060,Reference: Aayana KiShtulaina ManuShyulaku Bhoomi,,0,1,1,full,Zion Songs Telugu,Zion,unbroken-lines,https://waytochurch.com/lyrics/song/4060
04061-reference-aayananu-aaraadhimchuvaaru-aathmathoan.json,4061,"Reference: Aayananu AaraaDhiMchuvaaru Aathmathoanu, Sathyamuthoanu",,0,1,1,full,Zion Songs Telugu,Zion,unbroken-lines,https://waytochurch.com/lyrics/song/4061
04062-reference-naa-sthuthiki-kaaranabhoothudavagu-dha.json,4062,"Reference: Naa Sthuthiki KaaraNabhoothudavagu Dhaevaa,",,0,1,1,full,Zion Songs Telugu,Zion,unbroken-lines,https://waytochurch.com/lyrics/song/4062
04063-reference-neevu-naaku-sahaayakudavai-yumtivi.json,4063,Reference: Neevu Naaku Sahaayakudavai YuMtivi.,,0,1,1,full,Zion Songs Telugu,Zion,unbroken-lines,https://waytochurch.com/lyrics/song/4063
04064-reference-neeku-upadhaeshamu-chaesedhanu-neevu.json,4064,Reference: Neeku Upadhaeshamu Chaesedhanu Neevu,,0,1,1,full,Zion Songs Telugu,Zion,unbroken-lines,https://waytochurch.com/lyrics/song/4064
04065-vasthunadosthunnado-oranna-raraaju-yesaiah.json,4065,Vasthunadosthunnado Oranna Raraaju Yesaiah,Rev  G  Samuel,0,1,1,full,,,unbroken-lines,https://waytochurch.com/lyrics/song/4065
05536-e-reethi-ni-runam.json,5536,E Reethi Ni Runam,,2,1,1,full,,,unbroken-lines,https://waytochurch.com/lyrics/song/5536
05547-aanmdha-smdhrmbuna-naa-jeevitha-naavanu.json,5547,Aanmdha Smdhrmbuna Naa Jeevitha Naavanu,,0,1,1,full,popular,,unbroken-lines,https://waytochurch.com/lyrics/song/5547
05549-ibaadhath-karoa.json,5549,Ibaadhath Karoa,,0,1,1,full,popular,,unbroken-lines,https://waytochurch.com/lyrics/song/5549
05550-idhi-mattalaadhi-vaarm-idhi-maha-parvadhinamu.json,5550,Idhi Mattalaadhi Vaarm Idhi Maha Parvadhinamu,,0,1,1,full,popular,,unbroken-lines,https://waytochurch.com/lyrics/song/5550
05551-unnaavu-dhaevaa-yugayugamulu-unnavaada-neevae-th.json,5551,Unnaavu Dhaevaa Yugayugamulu Unnavaada Neevae Tharatharamulu,,0,1,1,full,popular,,unbroken-lines,https://waytochurch.com/lyrics/song/5551
05553-oohalakmdhani-loakmloa.json,5553,Oohalakmdhani Loakmloa,,1,1,1,full,popular,,unbroken-lines,https://waytochurch.com/lyrics/song/5553
05554-evarainaa-unnaaraa-echatainaa-unnaaraa.json,5554,Evarainaa Unnaaraa Echatainaa Unnaaraa,,0,1,1,full,popular,,unbroken-lines,https://waytochurch.com/lyrics/song/5554
05557-aemi-thechchi-ninu-dharshimthunayaa.json,5557,Aemi Thechchi Ninu Dharshimthunayaa,,0,1,1,full,popular,,unbroken-lines,https://waytochurch.com/lyrics/song/5557
05560-oka-kshnamaina-ninu-veedinaa.json,5560,Oka Kshnamaina Ninu Veedinaa,,0,1,1,full,popular,,unbroken-lines,https://waytochurch.com/lyrics/song/5560
05563-kanneeti-baadhanu-viduchuchunna-nee-sannidhiloa.json,5563,Kanneeti Baadhanu Viduchuchunna Nee Sannidhiloa,,0,1,1,full,popular,,unbroken-lines,https://waytochurch.com/lyrics/song/5563
05564-kreesthuthoa-naa-jeevithm-adhi-emthoa-adhbhuthm.json,5564,Kreesthuthoa Naa Jeevithm Adhi Emthoa Adhbhuthm,,0,1,1,full,popular,,unbroken-lines,https://waytochurch.com/lyrics/song/5564
05565-kallumdi-choodalaeni-emdharoa-unnaaru.json,5565,Kallumdi Choodalaeni Emdharoa Unnaaru,,0,1,1,full,popular,,unbroken-lines,https://waytochurch.com/lyrics/song/5565
05569-kroththapaata-paadanu-raarae-kroththa-roopu-nomd.json,5569,Kroththapaata Paadanu Raarae Kroththa Roopu Nomdhanu Raarae,,0,1,1,full,popular,,unbroken-lines,https://waytochurch.com/lyrics/song/5569
05572-gaadaamdhakaaramuloa-naenu-thiriginanu-naenaela-.json,5572,GaaDaaMDhakaaramuloa Naenu Thiriginanu Naenaela Bhayapadadhoo,,0,1,1,full,popular,,unbroken-lines,https://waytochurch.com/lyrics/song/5572
05579-thalli-thmdri-evaru-marachinaa.json,5579,Thalli Thmdri Evaru Marachinaa,,0,1,1,full,popular,,unbroken-lines,https://waytochurch.com/lyrics/song/5579
05580-thellaga-thelavaarakamumdhae.json,5580,Thellaga Thelavaarakamumdhae,,1,1,1,full,popular,Easter,unbroken-lines,https://waytochurch.com/lyrics/song/5580
05581-thraahi-maam-kreesthu-naadhadhayaojooda-raavae-n.json,5581,Thraahi Maam Kreesthu Naadhadhayaojooda Raavae Naenudhaehi Yanuchu Nee,,0,1,1,full,popular,,unbroken-lines,https://waytochurch.com/lyrics/song/5581
05583-dhivyaathma-dhigirammu.json,5583,Dhivyaathma Dhigirammu,,0,1,1,full,popular,,unbroken-lines,https://waytochurch.com/lyrics/song/5583
05584-dhaevaa-naadhaevudavu-neevae.json,5584,Dhaevaa Naadhaevudavu Neevae,,0,2,2,full,popular,,unbroken-lines,https://waytochurch.com/lyrics/song/5584
05586-dhaeva-dhaevuni-sannidhi-memdugaa-mee-kaankeelaa.json,5586,Dhaeva Dhaevuni Sannidhi Memdugaa Mee Kaankeelaa,,0,1,1,full,popular,,unbroken-lines,https://waytochurch.com/lyrics/song/5586
05589-nadipimchu-chunnaadu-najaraeyudu.json,5589,Nadipimchu Chunnaadu Najaraeyudu,,0,1,1,full,popular,,unbroken-lines,https://waytochurch.com/lyrics/song/5589
05590-naa-praarthanalanni-aalakimchinaavu.json,5590,Naa Praarthanalanni Aalakimchinaavu,,0,1,1,full,popular,,unbroken-lines,https://waytochurch.com/lyrics/song/5590
05593-naaloani-aashaajyoathineevae-naa-prabhuvaa.json,5593,Naaloani Aashaajyoathineevae Naa Prabhuvaa,,0,1,1,full,popular,,unbroken-lines,https://waytochurch.com/lyrics/song/5593
05594-naathoa-maatlaadumayyaa-nannoo-dharshimchumayyaa.json,5594,Naathoa Maatlaadumayyaa Nannoo Dharshimchumayyaa,,1,6,6,full,popular,,unbroken-lines,https://waytochurch.com/lyrics/song/5594
05596-nuvvae-kaavaalayyaa-nee-praema-chaalayy.json,5596,Nuvvae Kaavaalayyaa Nee Praema Chaalayy,,0,2,2,full,popular,,unbroken-lines,https://waytochurch.com/lyrics/song/5596
05597-ninnae-ninnae-koluthunayaa.json,5597,Ninnae Ninnae Koluthunayaa,,0,1,1,full,popular,,unbroken-lines,https://waytochurch.com/lyrics/song/5597
05606-paramuna-prabhuvaa-varamula-naduga.json,5606,Paramuna Prabhuvaa Varamula Naduga,,1,1,1,full,popular,,unbroken-lines,https://waytochurch.com/lyrics/song/5606
05607-paramaathma-proakshnm-paripoorna-poashnm.json,5607,Paramaathma Proakshnm Paripoorna Poashnm,,1,1,1,full,popular,,unbroken-lines,https://waytochurch.com/lyrics/song/5607
05608-praemasaagaraa-ee-dharamarana-edaariloana.json,5608,Praemasaagaraa Ee Dharamarana Edaariloana,,1,1,1,full,popular,,unbroken-lines,https://waytochurch.com/lyrics/song/5608
05609-paadedha-naenokanoothana-geethmpaadedha-manasaar.json,5609,Paadedha Naenokanoothana Geethmpaadedha Manasaaraa,,0,1,1,full,popular,,unbroken-lines,https://waytochurch.com/lyrics/song/5609
05610-praardhanaloanae-gaduputayae-naakemthoa-bhaagyam.json,5610,Praardhanaloanae Gaduputayae Naakemthoa Bhaagyamu,,0,1,1,full,popular,,unbroken-lines,https://waytochurch.com/lyrics/song/5610
05614-maanasaveenanu-shruthichaesi.json,5614,Maanasaveenanu Shruthichaesi,,0,1,1,full,popular,,unbroken-lines,https://waytochurch.com/lyrics/song/5614
05616-musalamma-muchchatlu-katti-petti-parishudhdha-gr.json,5616,Musalamma Muchchatlu Katti Petti Parishudhdha Grmdhaanni Chaethapatti,,0,1,1,full,popular,,unbroken-lines,https://waytochurch.com/lyrics/song/5616
05617-yaesayya-manaku-sahaaym.json,5617,Yaesayya Manaku Sahaaym,,0,1,1,full,popular,,unbroken-lines,https://waytochurch.com/lyrics/song/5617
05618-yaesoo-neevae-kaavaalayyaa-naathoa.json,5618,Yaesoo Neevae Kaavaalayyaa - Naathoa,,3,1,1,full,popular,,unbroken-lines,https://waytochurch.com/lyrics/song/5618
05619-yaesu-chaavomdhae-siluvapai-neekorakae-naakoraka.json,5619,Yaesu Chaavomdhae Siluvapai Neekorakae Naakorakae,,0,1,1,full,popular,Good Friday,unbroken-lines,https://waytochurch.com/lyrics/song/5619
05624-raajaathi-raaja-ravikoati-thaejaa.json,5624,Raajaathi Raaja Ravikoati Thaejaa,,0,1,1,full,popular,,unbroken-lines,https://waytochurch.com/lyrics/song/5624
05627-lekka-pettalaenayyaa-neevu-naaku-chaesina.json,5627,Lekka Pettalaenayyaa Neevu Naaku Chaesina,,0,1,1,full,popular,,unbroken-lines,https://waytochurch.com/lyrics/song/5627
05632-vaelpulaloa-bahughanudaa-yaesayyaa.json,5632,Vaelpulaloa Bahughanudaa Yaesayyaa,,0,1,1,full,popular,,unbroken-lines,https://waytochurch.com/lyrics/song/5632
05635-shree-yaesae-kadha-nanu-gaachinadhi.json,5635,Shree Yaesae Kadha Nanu Gaachinadhi,,0,3,3,full,popular,,unbroken-lines,https://waytochurch.com/lyrics/song/5635
05636-sajeevudaesuni-rakthmloa-kadugabadina-janamaa.json,5636,Sajeevudaesuni Rakthmloa Kadugabadina Janamaa,,0,1,1,full,popular,Easter,unbroken-lines,https://waytochurch.com/lyrics/song/5636
05640-sthuthi-chaesi-naepaadanaasthoathrageethm.json,5640,Sthuthi Chaesi Naepaadanaasthoathrageethm,,0,1,1,full,popular,,unbroken-lines,https://waytochurch.com/lyrics/song/5640
05641-sthuthi-gaanamulathoa-naenu-naa-dhaevunee-sthuth.json,5641,Sthuthi Gaanamulathoa Naenu Naa Dhaevunee Sthuthimchedhanoo,,1,1,1,full,Venna Jesse,Praise Worship,unbroken-lines,https://waytochurch.com/lyrics/song/5641
05643-siluvapai-vraelaadu-shreeyaesudu.json,5643,Siluvapai Vraelaadu Shreeyaesudu,,0,1,1,full,popular,Good Friday,unbroken-lines,https://waytochurch.com/lyrics/song/5643
05644-siluva-chemthakuraa-siluva-chemthakuraa.json,5644,Siluva Chemthakuraa Siluva Chemthakuraa,,4,1,1,full,popular,Good Friday,unbroken-lines,https://waytochurch.com/lyrics/song/5644
05645-sthoathramu-saeyarae-soadharulaaraa-manaathmalat.json,5645,Sthoathramu Saeyarae Soadharulaaraa Manaathmalathoa Thmdrin,,0,1,1,full,popular,,unbroken-lines,https://waytochurch.com/lyrics/song/5645
05646-shaaronu-polamuloa-poochina-pushpamaa.json,5646,Shaaronu Polamuloa Poochina Pushpamaa,,0,1,1,full,popular,,unbroken-lines,https://waytochurch.com/lyrics/song/5646
05649-hallelooya-ani-paadisthuthimpanu.json,5649,Hallelooya Ani Paadisthuthimpanu,,0,1,1,full,popular,Gospel,unbroken-lines,https://waytochurch.com/lyrics/song/5649
05650-amdhamae-roopu-dhaalche-dhaiva-vaakkunakae.json,5650,Amdhamae Roopu Dhaalche Dhaiva Vaakkunakae,,0,1,1,full,popular,,unbroken-lines,https://waytochurch.com/lyrics/song/5650
05652-adavi-vrukshmulaloa-jaldharu-vrukshmu-metlunnadh.json,5652,Adavi Vrukshmulaloa Jaldharu Vrukshmu Metlunnadhoa,,0,1,1,full,popular,,unbroken-lines,https://waytochurch.com/lyrics/song/5652
05655-ilapai-prabhu-yaesu-immaanuyaelai-janmimche.json,5655,Ilapai Prabhu Yaesu Immaanuyaelai Janmimche,,0,1,1,full,popular,Christmas,unbroken-lines,https://waytochurch.com/lyrics/song/5655
05656-innaellu-ilaloa-unnaamu-manamu-challani-dhaevuni.json,5656,Innaellu Ilaloa Unnaamu Manamu Challani Dhaevuni Needaloa,,2,1,1,full,popular,,unbroken-lines,https://waytochurch.com/lyrics/song/5656
05658-oohalakmdhanidhi-nee-thyaagm-varnimpajaalanidhi.json,5658,Oohalakmdhanidhi Nee Thyaagm Varnimpajaalanidhi,,2,1,1,full,popular,,unbroken-lines,https://waytochurch.com/lyrics/song/5658
05661-ae-paatidhoa-naa-jeevithm-elaamtidhoa-aa-naa-gat.json,5661,Ae Paatidhoa Naa Jeevithm Elaamtidhoa Aa Naa Gathm,,0,2,2,full,popular,,unbroken-lines,https://waytochurch.com/lyrics/song/5661
05662-emthammchivaadavu-emtha-goppa-dhaevudavu.json,5662,Emthammchivaadavu Emtha Goppa Dhaevudavu,,3,1,1,full,popular,,unbroken-lines,https://waytochurch.com/lyrics/song/5662
05666-elaa-umdaganu-nee-praema-laekumdaa.json,5666,Elaa Umdaganu Nee Praema Laekumdaa,,0,1,1,full,popular,,unbroken-lines,https://waytochurch.com/lyrics/song/5666
05667-evarunnaarani-epudumtaarani.json,5667,Evarunnaarani Epudumtaarani,,0,1,1,full,popular,,unbroken-lines,https://waytochurch.com/lyrics/song/5667
05669-oa-yuvathee-yuvakaa-oa-yavvanumdaa.json,5669,Oa Yuvathee Yuvakaa Oa Yavvanumdaa,,0,1,1,full,popular,Good FridayGospel,unbroken-lines,https://waytochurch.com/lyrics/song/5669
05679-jayamunichchu-dhaevuniki-koatla-koatla-sthoathrm.json,5679,Jayamunichchu Dhaevuniki Koatla Koatla Sthoathrm,,0,1,1,full,popular,,unbroken-lines,https://waytochurch.com/lyrics/song/5679
05680-jayajemdaalu-pattukonuchu-vijayoathsaaha-geethaa.json,5680,Jayajemdaalu Pattukonuchu Vijayoathsaaha Geethaalathoa,,0,9,9,full,popular,,unbroken-lines,https://waytochurch.com/lyrics/song/5680
05681-thmbura-sithaarathoa-maa-prabhuni-aaraadhimchenu.json,5681,Thmbura Sithaarathoa Maa Prabhuni Aaraadhimchenuthana Nivaasamuga,,0,1,1,full,popular,,unbroken-lines,https://waytochurch.com/lyrics/song/5681
05682-dhigulu-padaku-saevakaa-dhigulu-padakumayaa.json,5682,Dhigulu Padaku Saevakaa Dhigulu Padakumayaa,,0,1,1,full,popular,,unbroken-lines,https://waytochurch.com/lyrics/song/5682
05683-dhootha-ganamulella-aaraadhimchirigaa-parishudhd.json,5683,Dhootha Ganamulella Aaraadhimchirigaa Parishudhdhudu Sainyamula Yehoavani,,0,1,1,full,popular,,unbroken-lines,https://waytochurch.com/lyrics/song/5683
05690-nee-balamunu-batti-athishayimchedha-naa-yaesayya.json,5690,Nee Balamunu Batti Athishayimchedha Naa Yaesayyaa,,0,1,1,full,popular,,unbroken-lines,https://waytochurch.com/lyrics/song/5690
05693-nannu-kaapaadu-naa-dhaevudu-kunukadu-kunukadu.json,5693,Nannu Kaapaadu Naa Dhaevudu Kunukadu Kunukadu,,2,1,1,full,popular,,unbroken-lines,https://waytochurch.com/lyrics/song/5693
05694-neevu-laeni-roajmthaa-roajaenaa-neevu-laeni-brat.json,5694,Neevu Laeni Roajmthaa Roajaenaa Neevu Laeni Brathukmthaa Brathukaenaa,,0,1,1,full,popular,,unbroken-lines,https://waytochurch.com/lyrics/song/5694
05695-ninu-sthuthiyimchuta-ninu-keerthimchut.json,5695,Ninu Sthuthiyimchuta Ninu Keerthimchut,,1,1,1,full,popular,,unbroken-lines,https://waytochurch.com/lyrics/song/5695
05697-noothana-geethamu-paadedhanu-naa-priya-yaesuni.json,5697,Noothana Geethamu Paadedhanu Naa Priya Yaesuni,,0,1,1,full,popular,New Year,unbroken-lines,https://waytochurch.com/lyrics/song/5697
05699-naaloani-aashaajyoathi-neevae-naa-prabhuvaa.json,5699,Naaloani Aashaajyoathi Neevae Naa Prabhuvaa,,0,1,1,full,popular,,unbroken-lines,https://waytochurch.com/lyrics/song/5699
05700-prabhuvaa-nee-kaluvari-thyaagamu-choopenae-nee-p.json,5700,Prabhuvaa Nee Kaluvari Thyaagamu Choopenae Nee Paripoornathanu,,0,1,1,full,popular,,unbroken-lines,https://waytochurch.com/lyrics/song/5700
05708-bhoodhigmtha-nivaasulaaraa-naedae-rakshna-pomdhm.json,5708,Bhoodhigmtha Nivaasulaaraa Naedae Rakshna Pomdhmdi,,1,1,1,full,popular,,unbroken-lines,https://waytochurch.com/lyrics/song/5708
05712-dhaevaathidhaevudu-mahoapakaarudu.json,5712,Dhaevaathidhaevudu Mahoapakaarudu,,0,4,4,full,popular,,unbroken-lines,https://waytochurch.com/lyrics/song/5712
05713-mattiviraa-vattiviraa-manuvuraa-mannavuraa.json,5713,Mattiviraa Vattiviraa Manuvuraa Mannavuraa,,6,1,1,full,popular,,,https://waytochurch.com/lyrics/song/5713
05714-maatlaadu-naa-prabhuvaa-naathoa-maataadu-naa-pra.json,5714,Maatlaadu Naa Prabhuvaa Naathoa Maataadu Naa Prabhuvaa,,0,1,1,full,popular,,unbroken-lines,https://waytochurch.com/lyrics/song/5714
05716-mahima-neekae-ghanatha-neekae-prabhaavm-neekae-p.json,5716,Mahima Neekae Ghanatha Neekae Prabhaavm Neekae Prabhu,,0,1,1,full,popular,,unbroken-lines,https://waytochurch.com/lyrics/song/5716
05717-mithramaa-naa-mithramaa-chiththamaa-idhi-nee-chi.json,5717,Mithramaa Naa Mithramaa Chiththamaa Idhi Nee Chithramaa,,0,1,1,full,popular,,unbroken-lines,https://waytochurch.com/lyrics/song/5717
05719-yaesuni-sthuthimchuvaaru-nithya-jeevamu-nomdhedh.json,5719,Yaesuni Sthuthimchuvaaru Nithya Jeevamu Nomdhedharu,,0,1,1,full,popular,,unbroken-lines,https://waytochurch.com/lyrics/song/5719
05720-yammaayi-dhaarulaloa-krumgina-vaelalaloa.json,5720,Yammaayi Dhaarulaloa Krumgina Vaelalaloa,,0,1,1,full,popular,,unbroken-lines,https://waytochurch.com/lyrics/song/5720
05722-yaesukae-vmdhanm-prabhu-yaesukae-vmdhanm.json,5722,Yaesukae Vmdhanm Prabhu Yaesukae Vmdhanm,,0,1,1,full,popular,,unbroken-lines,https://waytochurch.com/lyrics/song/5722
05723-yehoavaa-gadhdhe-mumdhatajanmbulaara-mrokkudi.json,5723,Yehoavaa Gadhdhe Mumdhatajanmbulaara Mrokkudi,,1,1,1,full,popular,,unbroken-lines,https://waytochurch.com/lyrics/song/5723
05724-yaesayyaa-nee-naama-gaanm-nae-paadedha-jeevithaa.json,5724,Yaesayyaa Nee Naama Gaanm Nae Paadedha Jeevithaamthm,,0,1,1,full,popular,,unbroken-lines,https://waytochurch.com/lyrics/song/5724
05726-yaesayyaa-naa-yaesayyaa-neevaenaa-mmchi-kaapari.json,5726,Yaesayyaa Naa Yaesayyaa Neevaenaa Mmchi Kaapari,,1,1,1,full,popular,,unbroken-lines,https://waytochurch.com/lyrics/song/5726
05729-ramyamainadhi-nee-mmdhiramu.json,5729,Ramyamainadhi Nee Mmdhiramu,,0,1,1,full,popular,,unbroken-lines,https://waytochurch.com/lyrics/song/5729
05730-raajulaku-raajuvu-prabhuvulaku-prabhudavu.json,5730,Raajulaku Raajuvu Prabhuvulaku Prabhudavu,,0,11,11,full,popular,,unbroken-lines,https://waytochurch.com/lyrics/song/5730
05731-raeyipagalu-nee-padhasaevae-jeevadhaayakamae-cha.json,5731,Raeyipagalu Nee Padhasaevae Jeevadhaayakamae Chaeyuta Maelu,,4,1,1,full,popular,,unbroken-lines,https://waytochurch.com/lyrics/song/5731
05732-raayabaarulm-maemu-raayabaarulm.json,5732,Raayabaarulm Maemu Raayabaarulm,,0,1,1,full,popular,,unbroken-lines,https://waytochurch.com/lyrics/song/5732
05734-shaashvathamainadhi-yaesuni-praema-unnathamainad.json,5734,Shaashvathamainadhi Yaesuni Praema Unnathamainadhi Naa Yaesu Pilupu,,0,3,3,full,popular,,unbroken-lines,https://waytochurch.com/lyrics/song/5734
05737-sthuthiyimthumu-ninnae-oa-pabhuvaa.json,5737,Sthuthiyimthumu Ninnae Oa Pabhuvaa,,2,4,4,full,popular,,unbroken-lines,https://waytochurch.com/lyrics/song/5737
05740-sidhdhapadudhaam-sidhdhapadudhaam-mana-dhaevuni.json,5740,Sidhdhapadudhaam Sidhdhapadudhaam Mana Dhaevuni,,0,1,1,full,popular,,unbroken-lines,https://waytochurch.com/lyrics/song/5740
05741-sarva-srushtaloani-jeevaraashi-ymtha-needhu.json,5741,Sarva SruShTaloani Jeevaraashi YMtha NeeDhu,,0,1,1,full,popular,,unbroken-lines,https://waytochurch.com/lyrics/song/5741
05745-aadhaarm-naaku-aadhaarm-naaku-thoadu-needaiyunna.json,5745,Aadhaarm Naaku Aadhaarm Naaku Thoadu Needaiyunna,,0,1,1,full,popular,,unbroken-lines,https://waytochurch.com/lyrics/song/5745
05748-mamathaanuraagaalae-maalalugaa.json,5748,Mamathaanuraagaalae Maalalugaa,Dr  A R  Stevenson,2,1,1,full,Kalyana Veduka,Marriage,unbroken-lines,https://waytochurch.com/lyrics/song/5748
05749-innaallu-thoadugaa-maathoa-nadichaavu.json,5749,Innaallu Thoadugaa Maathoa Nadichaavu,,0,1,1,full,popular,,unbroken-lines,https://waytochurch.com/lyrics/song/5749
05750-annivaelalaa-aadharimchedi-aathmaroopee-neekae-v.json,5750,Annivaelalaa Aadharimchedi Aathmaroopee Neekae Vmdhanm,,0,1,1,full,popular,,unbroken-lines,https://waytochurch.com/lyrics/song/5750
05751-shaashvathamainadhee-neethoa-naakunna-anubmdhamu.json,5751,Shaashvathamainadhee Neethoa Naakunna Anubmdhamu,,0,1,1,full,popular,,unbroken-lines,https://waytochurch.com/lyrics/song/5751
05752-nadhulai-pravahimche-nee-dhivya-vaakyamu.json,5752,Nadhulai Pravahimche Nee Dhivya Vaakyamu,,1,5,5,full,popular,,unbroken-lines,https://waytochurch.com/lyrics/song/5752
05756-raajaa-nee-bhavanamuloa-raeyimbagalu-vaechiyumdh.json,5756,Raajaa Nee Bhavanamuloa Raeyimbagalu Vaechiyumdhunu,,3,2,2,full,popular,,,https://waytochurch.com/lyrics/song/5756
05759-ninnu-vidichi-nee-praema-marachi.json,5759,Ninnu Vidichi Nee Praema Marachi,,3,1,1,full,popular,,unbroken-lines,https://waytochurch.com/lyrics/song/5759
05765-nanu-srujiyinchina.json,5765,Nanu Srujiyinchina,,0,1,0,none,,,no-english-lyrics; unbroken-lines,https://waytochurch.com/lyrics/song/5765
05766-naa-aadarana-neevenayya.json,5766,Naa Aadarana Neevenayya,,0,2,0,none,,,no-english-lyrics; unbroken-lines,https://waytochurch.com/lyrics/song/5766
05767-nee-margamu-entho-priyamu.json,5767,Nee Margamu Entho Priyamu,,0,1,0,none,,,no-english-lyrics; unbroken-lines,https://waytochurch.com/lyrics/song/5767
05768-ninu-namminacho.json,5768,Ninu Namminacho,,0,1,0,none,,,no-english-lyrics; unbroken-lines,https://waytochurch.com/lyrics/song/5768
05776-ananthuda-adarinche-yesayya.json,5776,Ananthuda Adarinche Yesayya,"krupa ministries, Guntur",0,1,0,none,Ganamina Yesaiah,,no-english-lyrics; unbroken-lines,https://waytochurch.com/lyrics/song/5776
05785-bharienchalenesayya-e-vedhana.json,5785,Bharienchalenesayya E Vedhana,,0,1,0,none,,,no-english-lyrics; unbroken-lines,https://waytochurch.com/lyrics/song/5785
05787-song.json,5787,ఉల్లసించి పాట పాడే పావురమా మృధు మధుర సుందర నారీమణీ,,0,1,0,none,,,no-english-lyrics; unbroken-lines; title-telugu-only,https://waytochurch.com/lyrics/song/5787
05788-song.json,5788,పేరుకే క్రైస్తవులారా,,0,1,0,none,,,no-english-lyrics; unbroken-lines; title-telugu-only,https://waytochurch.com/lyrics/song/5788
05789-thalavanchaku-nesthama.json,5789,Thalavanchaku Nesthama,,2,1,3,full,,,unbroken-lines,https://waytochurch.com/lyrics/song/5789
05792-neethone-na-jeevitham-prathi-dhinamu-anukshanamu.json,5792,Neethone Na Jeevitham Prathi Dhinamu Anukshanamu,,0,1,0,none,,,no-english-lyrics; unbroken-lines,https://waytochurch.com/lyrics/song/5792
05793-yesu-rakthame-jayamu.json,5793,Yesu Rakthame Jayamu,,0,1,0,none,,,no-english-lyrics; unbroken-lines,https://waytochurch.com/lyrics/song/5793
05794-sakala-sthuthulaku-pathruda.json,5794,Sakala Sthuthulaku Pathruda,,0,1,0,none,,,no-english-lyrics; unbroken-lines,https://waytochurch.com/lyrics/song/5794
05795-sooda-sakkanodamma-yesu-nadhudu.json,5795,Sooda Sakkanodamma Yesu Nadhudu,,0,1,0,none,,,no-english-lyrics; unbroken-lines,https://waytochurch.com/lyrics/song/5795
05796-yesundaga-neekandaga-dhigulela-nosodhara.json,5796,Yesundaga Neekandaga Dhigulela Nosodhara,,0,1,0,none,,,no-english-lyrics; unbroken-lines,https://waytochurch.com/lyrics/song/5796
05799-arambinchedha-yesu-neelo-prathi-dhinam.json,5799,Arambinchedha Yesu Neelo Prathi Dhinam,,0,1,0,none,,,no-english-lyrics; unbroken-lines,https://waytochurch.com/lyrics/song/5799
05800-song.json,5800,ఇంటి మీదనున్న ఒంటరి పిచ్చుకను నేను నా బలమా ఆలకించుమా,,0,1,0,none,,,no-english-lyrics; unbroken-lines; title-telugu-only,https://waytochurch.com/lyrics/song/5800
05801-song.json,5801,కోరితి నీ సన్నిదానం చేరితి నీ సన్నిదానం,,0,1,0,none,,,no-english-lyrics; unbroken-lines; title-telugu-only,https://waytochurch.com/lyrics/song/5801
05803-song.json,5803,తీర్పు తీర్చు గడియ వచ్చుచున్నది,,0,1,0,none,,,no-english-lyrics; unbroken-lines; title-telugu-only,https://waytochurch.com/lyrics/song/5803
05806-song.json,5806,మార్గము సత్యము జీవము నా దైవమా,,0,1,0,none,,,no-english-lyrics; unbroken-lines; title-telugu-only,https://waytochurch.com/lyrics/song/5806
05807-lechinadayya-maranapu-mullu.json,5807,Lechinadayya Maranapu Mullu,,0,1,0,none,,Easter,no-english-lyrics; unbroken-lines,https://waytochurch.com/lyrics/song/5807
05808-letha-mokkala-thandri-sannidhilo.json,5808,Letha Mokkala Thandri Sannidhilo,,0,1,0,none,,,no-english-lyrics; unbroken-lines,https://waytochurch.com/lyrics/song/5808
05809-devudu-prematho-devudu-prematho.json,5809,Devudu Prematho Devudu Prematho,,0,1,0,none,,,no-english-lyrics; unbroken-lines,https://waytochurch.com/lyrics/song/5809
05810-neellala-poyabadinanu-teegala-sagipoyanu.json,5810,Neellala Poyabadinanu Teegala Sagipoyanu,,0,1,0,none,,,no-english-lyrics; unbroken-lines,https://waytochurch.com/lyrics/song/5810
05811-ninu-choodani-kanulela-naku.json,5811,Ninu Choodani Kanulela Naku,,0,1,0,none,,,no-english-lyrics; unbroken-lines,https://waytochurch.com/lyrics/song/5811
05812-sarveswaruda-sthothrarhuda.json,5812,Sarveswaruda Sthothrarhuda,,0,1,0,none,,,no-english-lyrics; unbroken-lines,https://waytochurch.com/lyrics/song/5812
05813-kanneeru-vidiche-o-sodhara.json,5813,Kanneeru Vidiche O Sodhara,,0,1,0,none,,,no-english-lyrics; unbroken-lines,https://waytochurch.com/lyrics/song/5813
05815-song.json,5815,సిలువను గూర్చిన వార్త,,0,1,0,none,,,no-english-lyrics; unbroken-lines; title-telugu-only,https://waytochurch.com/lyrics/song/5815
05816-song.json,5816,యేసు పుట్టెను నేడు,,0,1,0,none,christmas songs,Christmas,no-english-lyrics; unbroken-lines; title-telugu-only,https://waytochurch.com/lyrics/song/5816
05817-randee-ani-thelipenu.json,5817,Randee Ani Thelipenu,,0,1,0,none,,,no-english-lyrics; unbroken-lines,https://waytochurch.com/lyrics/song/5817
05818-song.json,5818,నీ కృపయే చాలునయ్యా,,0,1,0,none,,,no-english-lyrics; unbroken-lines; title-telugu-only,https://waytochurch.com/lyrics/song/5818
05819-ascharyamou-anugraham.json,5819,Ascharyamou Anugraham,,0,1,0,none,,,no-english-lyrics; unbroken-lines,https://waytochurch.com/lyrics/song/5819
05820-song.json,5820,చిరకాలం నీ సన్నిధిలో,,0,1,0,none,,,no-english-lyrics; unbroken-lines; title-telugu-only,https://waytochurch.com/lyrics/song/5820
05821-janminchenu-sree-yesudu.json,5821,Janminchenu Sree Yesudu,,0,1,0,none,,,no-english-lyrics; unbroken-lines,https://waytochurch.com/lyrics/song/5821
05822-song.json,5822,నేనును నా కుటుంబమును,,0,1,0,none,,,no-english-lyrics; unbroken-lines; title-telugu-only,https://waytochurch.com/lyrics/song/5822
05823-dheva-nee-sannidhilo-sampoorna-samthosham-nee-ku.json,5823,Dheva Nee Sannidhilo Sampoorna Samthosham Nee Kudi Hasthaulo,,0,1,0,none,,,no-english-lyrics; unbroken-lines,https://waytochurch.com/lyrics/song/5823
05824-prema-mayuda-kaluvari-nadha.json,5824,Prema Mayuda Kaluvari Nadha,,0,1,0,none,,,no-english-lyrics; unbroken-lines,https://waytochurch.com/lyrics/song/5824
05825-song.json,5825,నీకు అసాధ్యమైనది లేనే లేదు,,0,1,0,none,,,no-english-lyrics; unbroken-lines; title-telugu-only,https://waytochurch.com/lyrics/song/5825
05826-e-roju-krotha-velugu-mana-jeevithalalo-aavelugu.json,5826,E Roju Krotha Velugu Mana Jeevithalalo Aavelugu,,0,1,0,none,christmas songs,,no-english-lyrics; unbroken-lines,https://waytochurch.com/lyrics/song/5826
05827-o-chakkani-chukka-nimgina-merise.json,5827,O Chakkani Chukka Nimgina Merise,,0,3,0,none,,,no-english-lyrics; unbroken-lines,https://waytochurch.com/lyrics/song/5827
05828-sheethakalamlo-christmas-kanthulatho.json,5828,Sheethakalamlo Christmas Kanthulatho,Rev  John Sandeep (jananna),2,3,1,full,,Christmas,unbroken-lines,https://waytochurch.com/lyrics/song/5828
05829-yesu-namam-annitikanna-srestamaina-namam.json,5829,Yesu Namam Annitikanna Srestamaina Namam,,0,1,0,none,,,no-english-lyrics; unbroken-lines,https://waytochurch.com/lyrics/song/5829
05830-song.json,5830,క్రిస్ట్మస్ వచ్చిందీ సంతోషం తెచ్చిందీ హ్యపీ క్రిస్ట్మస్ మెర్రీ క్రిస్ట్మస్ హ్యపీ క్రిస్ట్మస్ ॥॥,,0,1,0,none,christmas songs,,no-english-lyrics; unbroken-lines; title-telugu-only,https://waytochurch.com/lyrics/song/5830
05834-song.json,5834,ఈ దినం శుభ దినం,,0,1,0,none,,,no-english-lyrics; unbroken-lines; title-telugu-only,https://waytochurch.com/lyrics/song/5834
05835-song.json,5835,ప్రకటించరా ప్రభుయేసు వార్తను,,0,1,0,none,,,no-english-lyrics; unbroken-lines; title-telugu-only,https://waytochurch.com/lyrics/song/5835
05836-nanu-srujienchina-aadhevudu-yekkada-vunnado.json,5836,Nanu Srujienchina Aadhevudu Yekkada Vunnado,,0,1,0,none,,,no-english-lyrics; unbroken-lines,https://waytochurch.com/lyrics/song/5836
05837-amen-halleluya.json,5837,Amen Halleluya,,0,1,0,none,christmas songs,,no-english-lyrics; unbroken-lines,https://waytochurch.com/lyrics/song/5837
05838-puttinaroju-sri-yesuraju.json,5838,Puttinaroju Sri Yesuraju,,2,1,0,none,christmas songs,Christmas,no-english-lyrics; unbroken-lines; stanza-count-mismatch te=2 en=0,https://waytochurch.com/lyrics/song/5838
05839-bala-yesuku-jolalu-paada.json,5839,Bala Yesuku Jolalu Paada,,1,1,0,none,christmas songs,,no-english-lyrics; unbroken-lines; stanza-count-mismatch te=1 en=0,https://waytochurch.com/lyrics/song/5839
05840-song.json,5840,మనుజులార మంచి వార్త – మానుగాను దెచ్చినాడ,,1,1,0,none,christmas songs,,no-english-lyrics; unbroken-lines; stanza-count-mismatch te=1 en=0; title-telugu-only,https://waytochurch.com/lyrics/song/5840
05841-song.json,5841,యెహోవా పరమ పురవాసి – మహాత్ముడయ్యె పరదేశి,,1,1,0,none,christmas songs,,no-english-lyrics; unbroken-lines; stanza-count-mismatch te=1 en=0; title-telugu-only,https://waytochurch.com/lyrics/song/5841
05842-song.json,5842,లెండి లెండి మీరు క్రైస్తవులారా దండియౌ ప్రభుండు బుట్టె,,2,1,0,none,christmas songs,,no-english-lyrics; unbroken-lines; stanza-count-mismatch te=2 en=0; title-telugu-only,https://waytochurch.com/lyrics/song/5842
05843-song.json,5843,లాలి లాలి లాలమ్మ లాలి లాలనుచు బాడరే బాల యేసునకు || లాలి ||,,1,1,0,none,christmas songs,,no-english-lyrics; unbroken-lines; stanza-count-mismatch te=1 en=0; title-telugu-only,https://waytochurch.com/lyrics/song/5843
05844-song.json,5844,శ్రీ యేసు పుట్టె జగమందు సమస్త పాపులకు విందు,,5,1,0,none,christmas songs,Christmas,no-english-lyrics; stanza-count-mismatch te=5 en=0; title-telugu-only,https://waytochurch.com/lyrics/song/5844
05845-song.json,5845,శ్రీ యేసుండు జన్మించె నిశీధ రాత్రియందు బెత్లెహేము యూరిలో,,1,1,0,none,christmas songs,Christmas,no-english-lyrics; unbroken-lines; stanza-count-mismatch te=1 en=0; title-telugu-only,https://waytochurch.com/lyrics/song/5845
05846-song.json,5846,ఘనదేవ పుత్రుడగు ఘనమైన యేసుబిడ్డన్,,2,1,0,none,christmas songs,,no-english-lyrics; unbroken-lines; stanza-count-mismatch te=2 en=0; title-telugu-only,https://waytochurch.com/lyrics/song/5846
05848-aakasaana-sukkaelise.json,5848,Aakasaana Sukkaelise,madhu sudhakar babu,2,1,0,none,"padave kovila, music director:P J D Kumar",Christmas,no-english-lyrics; unbroken-lines; stanza-count-mismatch te=2 en=0,https://waytochurch.com/lyrics/song/5848
05850-song.json,5850,ధింతక్కు ధింతక్కు ధింతక్కు తయ్యారె,,0,1,0,none,sunday school,,no-english-lyrics; unbroken-lines; title-telugu-only,https://waytochurch.com/lyrics/song/5850
05851-song.json,5851,డింగ్ డింగ్ డింగ్ ఎద్దుల బండి,,0,1,0,none,sunday school,,no-english-lyrics; unbroken-lines; title-telugu-only,https://waytochurch.com/lyrics/song/5851
05852-song.json,5852,చిన్ని చిన్ని తమ్ముడు చిట్టి చెల్లెలు,,2,1,0,none,sunday school,,no-english-lyrics; stanza-count-mismatch te=2 en=0; title-telugu-only,https://waytochurch.com/lyrics/song/5852
05853-velisindi-gaganaana-o-vintha-thaara.json,5853,Velisindi Gaganaana O Vintha Thaara,Bishop Daniel Kalyanapu,0,1,1,full,,Christmas,unbroken-lines,https://waytochurch.com/lyrics/song/5853
05855-song.json,5855,ఛుక్ ఛుక్ బండి రైలు బండి,,0,1,0,none,sunday school,,no-english-lyrics; unbroken-lines; title-telugu-only,https://waytochurch.com/lyrics/song/5855
05857-song.json,5857,ఇదే దినం ఇదేదినం –,This is the day that the Lord has mad,0,1,0,none,sunday school,,no-english-lyrics; unbroken-lines; title-telugu-only,https://waytochurch.com/lyrics/song/5857
05858-idu-rottelu-rendu-chinni-chepalu.json,5858,Idu Rottelu Rendu Chinni Chepalu,,0,1,0,none,sunday school,,no-english-lyrics; unbroken-lines,https://waytochurch.com/lyrics/song/5858
05859-kattabadda-gaadida-pillanu-nenu-pattabaddanu.json,5859,Kattabadda Gaadida Pillanu Nenu Pattabaddanu,Dr  A R Stevenson,1,1,1,partial,"Chinnari swaralu, sunday school",,unbroken-lines; stanza-count-mismatch te=1 en=0,https://waytochurch.com/lyrics/song/5859
05860-keertintunu-aaraadhintunu.json,5860,Keertintunu Aaraadhintunu,,0,1,0,none,sunday school,,no-english-lyrics; unbroken-lines,https://waytochurch.com/lyrics/song/5860
05861-mana-tandri-devudu.json,5861,Mana Tandri Devudu,,4,1,0,none,sunday school,,no-english-lyrics; stanza-count-mismatch te=4 en=0,https://waytochurch.com/lyrics/song/5861
05862-song.json,5862,ముద్దులోలికే చిన్ని నోటితో – మృదువైన పెదవులతో,,1,1,0,none,sunday school,,no-english-lyrics; unbroken-lines; stanza-count-mismatch te=1 en=0; title-telugu-only,https://waytochurch.com/lyrics/song/5862
05863-naakai-yesu-kattenu-sundharamu.json,5863,Naakai Yesu Kattenu Sundharamu,,2,1,0,none,sunday school,,no-english-lyrics; stanza-count-mismatch te=2 en=0,https://waytochurch.com/lyrics/song/5863
05864-naakoka-snehitudunnadu.json,5864,Naakoka Snehitudunnadu,Dr A R Stevenson,0,1,1,full,"Chinnari swaralu-vol-2, sunday school",,unbroken-lines,https://waytochurch.com/lyrics/song/5864
05865-song.json,5865,నా తల్లి కంటెను నా తండ్రి కంటెను,,0,1,0,none,sunday school,,no-english-lyrics; unbroken-lines; title-telugu-only,https://waytochurch.com/lyrics/song/5865
05866-song.json,5866,నీ విశ్వాస నావలో యేసు వున్నాడా ఆయన కూర్చున్న నావలో నీవు వున్నావ,,0,1,0,none,sunday school,,no-english-lyrics; unbroken-lines; title-telugu-only,https://waytochurch.com/lyrics/song/5866
05867-nenu-loapala-bhayata-paina-krimdha.json,5867,NEnu Loapala Bhayata Paina KriMdha,,0,1,1,full,sunday school,,,https://waytochurch.com/lyrics/song/5867
05868-song.json,5868,నోవహు వోడను త్వరగ చేయుము,,0,1,0,none,sunday school,,no-english-lyrics; unbroken-lines; title-telugu-only,https://waytochurch.com/lyrics/song/5868
05869-song.json,5869,యేసుని ప్రేమ బహు కమ్మనైనది – జీవాహారం మధురాతి మధురమే,,1,1,0,none,sunday school,,no-english-lyrics; unbroken-lines; stanza-count-mismatch te=1 en=0; title-telugu-only,https://waytochurch.com/lyrics/song/5869
05870-song.json,5870,ఎవ్వరు చేసిరి పక్షులను పక్షులను,,0,1,0,none,sunday school,,no-english-lyrics; unbroken-lines; title-telugu-only,https://waytochurch.com/lyrics/song/5870
05872-song.json,5872,స్తుతులనందుకో స్తుతికి పాత్రుడా,,0,1,0,none,,,no-english-lyrics; unbroken-lines; title-telugu-only,https://waytochurch.com/lyrics/song/5872
05873-song.json,5873,స్తోత్రముల్ స్తుతి స్తోత్రముల్ వేలాది వందనాలు,,0,2,0,none,,,no-english-lyrics; unbroken-lines; title-telugu-only,https://waytochurch.com/lyrics/song/5873
05875-song.json,5875,స్వస్థపరచు యెహోవానీవే నీరక్తంతో మమ్ము కడుగు యేసయ్యా,,0,1,0,none,,,no-english-lyrics; unbroken-lines; title-telugu-only,https://waytochurch.com/lyrics/song/5875
05876-loyelella-poodchabadali.json,5876,Loyelella Poodchabadali,,4,1,0,none,,,no-english-lyrics; unbroken-lines; stanza-count-mismatch te=4 en=0,https://waytochurch.com/lyrics/song/5876
05877-song.json,5877,వెదకుడి వెదకుడి యెహోవాను వెదకుడి,,0,1,0,none,,,no-english-lyrics; unbroken-lines; title-telugu-only,https://waytochurch.com/lyrics/song/5877
05878-song.json,5878,వచ్చుచుండెన్ త్వరలోనే రాజుల రాజుగా యేసయ్యా,,0,1,0,none,,,no-english-lyrics; unbroken-lines; title-telugu-only,https://waytochurch.com/lyrics/song/5878
05879-song.json,5879,విజయం నీ రక్తంలో అభయం నీ హస్తంలో,,2,1,0,none,,,no-english-lyrics; unbroken-lines; stanza-count-mismatch te=2 en=0; title-telugu-only,https://waytochurch.com/lyrics/song/5879
05881-song.json,5881,శుభవేళలో నీ మోమును చూసి అర్పించెదను నన్నూ,,0,1,0,none,,,no-english-lyrics; unbroken-lines; title-telugu-only,https://waytochurch.com/lyrics/song/5881
05883-song.json,5883,శిలువాయే నాప్రాణ ధనము కలలోన మరువంగలేను,,0,1,0,none,,,no-english-lyrics; unbroken-lines; title-telugu-only,https://waytochurch.com/lyrics/song/5883
05884-sri-yesu-raajunake.json,5884,Sri Yesu Raajunake,,0,5,0,none,,,no-english-lyrics; unbroken-lines,https://waytochurch.com/lyrics/song/5884
05885-song.json,5885,సర్వశక్తుడు నా సొంతమయ్యెను మృత్యుంజయుడు నా జీవమయ్యెను,,0,2,0,none,,,no-english-lyrics; unbroken-lines; title-telugu-only,https://waytochurch.com/lyrics/song/5885
05886-song.json,5886,స్తుతించిన సాతాన్ పారిపోతాడు కునికితే తిరిగి వస్తాడు,,0,1,0,none,,,no-english-lyrics; unbroken-lines; title-telugu-only,https://waytochurch.com/lyrics/song/5886
05888-yesunu-sthuthiyinchuvaaru-nithyajeevamu-pondhedh.json,5888,Yesunu Sthuthiyinchuvaaru Nithyajeevamu Pondhedharu,,1,3,0,none,,,no-english-lyrics; unbroken-lines; stanza-count-mismatch te=1 en=0,https://waytochurch.com/lyrics/song/5888
05889-yesu-andhariki-prabhuvu.json,5889,Yesu Andhariki Prabhuvu,,1,3,0,none,,,no-english-lyrics; unbroken-lines; stanza-count-mismatch te=1 en=0,https://waytochurch.com/lyrics/song/5889
05890-song.json,5890,యేసు నీవు నన్ను ప్రేమిస్తున్నావు నీదు ప్రేమను నేను పొందుచున్నాను,,0,1,0,none,,,no-english-lyrics; unbroken-lines; title-telugu-only,https://waytochurch.com/lyrics/song/5890
05893-yehova-naa-kaapari-naakemi-lemi-kalugadhu.json,5893,Yehova Naa Kaapari Naakemi Lemi Kalugadhu,,0,1,0,none,,,no-english-lyrics; unbroken-lines,https://waytochurch.com/lyrics/song/5893
05894-yehova-ninnu-poliyunna-varevaru.json,5894,Yehova Ninnu Poliyunna Varevaru,,0,1,0,none,,,no-english-lyrics; unbroken-lines,https://waytochurch.com/lyrics/song/5894
05895-yehova-ninnu-sthuthiyinchuta-yentho-yentho-manch.json,5895,Yehova Ninnu Sthuthiyinchuta Yentho Yentho Manchidhi,,0,1,0,none,,,no-english-lyrics; unbroken-lines,https://waytochurch.com/lyrics/song/5895
05896-song.json,5896,రాలి పోదువో నీవు కూలిపోదువో,,0,1,0,none,,,no-english-lyrics; unbroken-lines; title-telugu-only,https://waytochurch.com/lyrics/song/5896
05897-raaja-nee-prasannam.json,5897,Raaja Nee Prasannam,,1,1,0,none,,,no-english-lyrics; unbroken-lines; stanza-count-mismatch te=1 en=0,https://waytochurch.com/lyrics/song/5897
05898-manchi-kaapari-maa-prabhuvu.json,5898,Manchi Kaapari Maa Prabhuvu,,0,2,0,none,,,no-english-lyrics; unbroken-lines,https://waytochurch.com/lyrics/song/5898
05899-manchigaa-pilachina-naa-yesaiah.json,5899,Manchigaa Pilachina Naa Yesaiah,,0,9,0,none,,,no-english-lyrics,https://waytochurch.com/lyrics/song/5899
05900-song.json,5900,మంచి దేవుడు భలే మంచి దేవుడు,,1,1,0,none,,,no-english-lyrics; unbroken-lines; stanza-count-mismatch te=1 en=0; title-telugu-only,https://waytochurch.com/lyrics/song/5900
05901-madhuram-madhuram-dhiva-vaakyam.json,5901,Madhuram Madhuram Dhiva Vaakyam,,0,1,0,none,,,no-english-lyrics; unbroken-lines,https://waytochurch.com/lyrics/song/5901
05902-madhuramina-ee-samayamuna.json,5902,Madhuramina Ee Samayamuna,,0,1,0,none,,,no-english-lyrics; unbroken-lines,https://waytochurch.com/lyrics/song/5902
05904-maayalokam-maayalokam-maaripoku.json,5904,Maayalokam Maayalokam Maaripoku,,0,1,0,none,,,no-english-lyrics; unbroken-lines,https://waytochurch.com/lyrics/song/5904
05908-nee-premalenidhe-ne-brathukalenaiah.json,5908,Nee Premalenidhe Ne Brathukalenaiah,,1,1,0,none,,,no-english-lyrics; unbroken-lines; stanza-count-mismatch te=1 en=0,https://waytochurch.com/lyrics/song/5908
05910-paapini-yesu-prabho.json,5910,Paapini Yesu Prabho,,0,1,0,none,,,no-english-lyrics; unbroken-lines,https://waytochurch.com/lyrics/song/5910
05913-prabhuyesu-ninnu-piluvaga.json,5913,Prabhuyesu Ninnu Piluvaga,,1,1,0,none,,,no-english-lyrics; unbroken-lines; stanza-count-mismatch te=1 en=0,https://waytochurch.com/lyrics/song/5913
05914-naa-thalampanthaa-neeve-yesaiah.json,5914,Naa Thalampanthaa Neeve Yesaiah,,2,1,0,none,,,no-english-lyrics; unbroken-lines; stanza-count-mismatch te=2 en=0,https://waytochurch.com/lyrics/song/5914
05915-kalyaana-veduka.json,5915,Kalyaana Veduka,Dr A R Stevenson,3,1,0,none,kalyana veduka,Marriage,no-english-lyrics; unbroken-lines; stanza-count-mismatch te=3 en=0,https://waytochurch.com/lyrics/song/5915
05916-mudhdha-bamthi-poosene-koyilamma.json,5916,Mudhdha BaMthi Poosene – Koyilamma,Dr A R stevenson,0,1,1,full,"Kalyaname Vaibhogam, singer: Hema john",Marriage,unbroken-lines,https://waytochurch.com/lyrics/song/5916
05917-o-sodara-anduko.json,5917,O Sodara Anduko,Dr A R Stevenson,1,1,0,none,Parinaya Swaraalu,Marriage,no-english-lyrics; unbroken-lines; stanza-count-mismatch te=1 en=0,https://waytochurch.com/lyrics/song/5917
05918-teepi-aashala-mandaaraalu.json,5918,Teepi Aashala Mandaaraalu,Dr A R Stevenson,2,1,0,none,"Kalyaname Vaibhogam, singer Prasanna",Marriage,no-english-lyrics; unbroken-lines; stanza-count-mismatch te=2 en=0,https://waytochurch.com/lyrics/song/5918
05919-yehova-kattina-illu-idi.json,5919,Yehova Kattina Illu Idi,Dr A R stevenson,1,1,0,none,Parinaya Swaraalu,Marriage,no-english-lyrics; unbroken-lines; stanza-count-mismatch te=1 en=0,https://waytochurch.com/lyrics/song/5919
05921-vachhindi-vachhindi.json,5921,Vachhindi Vachhindi,,1,1,0,none,,Marriage,no-english-lyrics; unbroken-lines; stanza-count-mismatch te=1 en=0,https://waytochurch.com/lyrics/song/5921
05924-manche-leni-na-paina-entho-prema.json,5924,Manche Leni Na Paina Entho Prema,,1,1,0,none,,,no-english-lyrics; unbroken-lines; stanza-count-mismatch te=1 en=0,https://waytochurch.com/lyrics/song/5924
05925-athikaankshaniyyuda-naa-yesayyaa.json,5925,Athikaankshaniyyuda Naa Yesayyaa,,0,1,0,none,,,no-english-lyrics; unbroken-lines,https://waytochurch.com/lyrics/song/5925
05926-yesu-premane-chupiddam.json,5926,Yesu Premane Chupiddam,,0,1,0,none,,,no-english-lyrics; unbroken-lines,https://waytochurch.com/lyrics/song/5926
05927-yesayya-o-yesayya.json,5927,Yesayya O Yesayya,,0,4,0,none,,,no-english-lyrics; unbroken-lines,https://waytochurch.com/lyrics/song/5927
05928-yesayya-ninnu-chudalani.json,5928,Yesayya Ninnu Chudalani,,0,1,0,none,,,no-english-lyrics; unbroken-lines,https://waytochurch.com/lyrics/song/5928
05929-yesayya-nee-bhavalu.json,5929,Yesayya Nee Bhavalu,,0,1,0,none,,,no-english-lyrics; unbroken-lines,https://waytochurch.com/lyrics/song/5929
05933-vunnavaadavu-ani-anuvaadavu.json,5933,Vunnavaadavu Ani Anuvaadavu,,0,1,0,none,,,no-english-lyrics; unbroken-lines,https://waytochurch.com/lyrics/song/5933
05934-verucheyajaluna.json,5934,Verucheyajaluna,,0,1,0,none,,,no-english-lyrics; unbroken-lines,https://waytochurch.com/lyrics/song/5934
05935-teliyaka-vaaru.json,5935,Teliyaka Vaaru,,0,1,0,none,,Good Friday,no-english-lyrics; unbroken-lines,https://waytochurch.com/lyrics/song/5935
05936-talachukunte-chalunu.json,5936,Talachukunte Chalunu,,0,1,0,none,,,no-english-lyrics; unbroken-lines,https://waytochurch.com/lyrics/song/5936
05938-sthutiyinchedam-keertinchedam.json,5938,Sthutiyinchedam Keertinchedam,,0,1,0,none,,,no-english-lyrics; unbroken-lines,https://waytochurch.com/lyrics/song/5938
05941-sainyamulaku-adhipatiyagu-devaa.json,5941,Sainyamulaku Adhipatiyagu Devaa,,0,2,0,none,,,no-english-lyrics; unbroken-lines,https://waytochurch.com/lyrics/song/5941
05942-sara-sarpamura.json,5942,Sara Sarpamura,,0,4,0,none,,,no-english-lyrics; unbroken-lines,https://waytochurch.com/lyrics/song/5942
05943-rajulaku-rajanta.json,5943,Rajulaku Rajanta,,0,1,0,none,,,no-english-lyrics; unbroken-lines,https://waytochurch.com/lyrics/song/5943
05944-rajula-rajuvayya-neeve.json,5944,Rajula Rajuvayya Neeve,,0,2,0,none,,,no-english-lyrics; unbroken-lines,https://waytochurch.com/lyrics/song/5944
05946-prabhuva-ninu-keerthinchutaku.json,5946,Prabhuva Ninu Keerthinchutaku,,0,6,0,none,,,no-english-lyrics; unbroken-lines,https://waytochurch.com/lyrics/song/5946
05947-prabhuva-na-prardhana.json,5947,Prabhuva Na Prardhana,,0,1,0,none,,,no-english-lyrics; unbroken-lines,https://waytochurch.com/lyrics/song/5947
05948-prabhuva-ani-pradhisthe.json,5948,Prabhuva Ani Pradhisthe,,0,1,0,none,,,no-english-lyrics; unbroken-lines,https://waytochurch.com/lyrics/song/5948
05949-paralokamunu-chudaliro.json,5949,Paralokamunu Chudaliro,,0,1,0,none,,,no-english-lyrics; unbroken-lines,https://waytochurch.com/lyrics/song/5949
05950-okka-korika-nannu-korani.json,5950,Okka Korika Nannu Korani,,0,1,0,none,,,no-english-lyrics; unbroken-lines,https://waytochurch.com/lyrics/song/5950
05951-ninnu-vidichi-poledu.json,5951,Ninnu Vidichi Poledu,,0,1,0,none,,,no-english-lyrics; unbroken-lines,https://waytochurch.com/lyrics/song/5951
05952-nee-mandirame.json,5952,Nee Mandirame,,0,1,0,none,,,no-english-lyrics; unbroken-lines,https://waytochurch.com/lyrics/song/5952
05953-nee-chittamu-naalo.json,5953,Nee Chittamu Naalo,,0,1,0,none,,,no-english-lyrics; unbroken-lines,https://waytochurch.com/lyrics/song/5953
05955-neeve-maa-thandrivi.json,5955,Neeve Maa Thandrivi,,0,1,0,none,,,no-english-lyrics; unbroken-lines,https://waytochurch.com/lyrics/song/5955
05959-naa-vedanalo-aavedanalo.json,5959,Naa Vedanalo Aavedanalo,,0,3,0,none,,,no-english-lyrics; unbroken-lines,https://waytochurch.com/lyrics/song/5959
05960-song.json,5960,మన్నించుమా మన్నించుమా,,0,1,0,none,,,no-english-lyrics; unbroken-lines; title-telugu-only,https://waytochurch.com/lyrics/song/5960
05961-mahonnathuda-ni-naamamune.json,5961,Mahonnathuda Ni Naamamune,,0,1,0,none,,,no-english-lyrics; unbroken-lines,https://waytochurch.com/lyrics/song/5961
05962-kavali-kavali-naa-yesuku-sontham.json,5962,Kavali Kavali Naa Yesuku Sontham,,0,1,0,none,,,no-english-lyrics; unbroken-lines,https://waytochurch.com/lyrics/song/5962
05963-idi-nyayama-idi-dharmama.json,5963,Idi Nyayama Idi Dharmama,,0,1,0,none,,,no-english-lyrics; unbroken-lines,https://waytochurch.com/lyrics/song/5963
05964-guruthu-chesuko-o-priyuda.json,5964,Guruthu Chesuko O Priyuda,,0,1,0,none,,,no-english-lyrics; unbroken-lines,https://waytochurch.com/lyrics/song/5964
05965-dinamulu-cheddaviga.json,5965,Dinamulu Cheddaviga,,0,1,0,none,,,no-english-lyrics; unbroken-lines,https://waytochurch.com/lyrics/song/5965
05966-daagunnava-neevu-dagunnava.json,5966,Daagunnava Neevu Dagunnava,,0,1,0,none,,,no-english-lyrics; unbroken-lines,https://waytochurch.com/lyrics/song/5966
05967-deva-nee-krupatho-nannu-karuninchuma.json,5967,Deva Nee Krupatho Nannu Karuninchuma,,0,1,0,none,,,no-english-lyrics; unbroken-lines,https://waytochurch.com/lyrics/song/5967
05968-bariyinchalenayya-nee-mounamu.json,5968,Bariyinchalenayya Nee Mounamu,,0,1,0,none,,,no-english-lyrics; unbroken-lines,https://waytochurch.com/lyrics/song/5968
05969-apathkalamandu-yehovah.json,5969,Apathkalamandu Yehovah,,0,1,0,none,,,no-english-lyrics; unbroken-lines,https://waytochurch.com/lyrics/song/5969
05970-aardhya-daivama-na-prana.json,5970,Aardhya Daivama Na Prana,,0,1,0,none,,,no-english-lyrics; unbroken-lines,https://waytochurch.com/lyrics/song/5970
05971-aaradinthu-aaradinthu-yesayya.json,5971,Aaradinthu Aaradinthu Yesayya,,0,1,0,none,,,no-english-lyrics; unbroken-lines,https://waytochurch.com/lyrics/song/5971
05972-stothramu-stothramu-rakshana-stothramu.json,5972,Stothramu Stothramu Rakshana Stothramu,,5,1,0,none,,,no-english-lyrics; unbroken-lines; stanza-count-mismatch te=5 en=0,https://waytochurch.com/lyrics/song/5972
05977-nee-krupa-leni-kshanamu-nee-daya-leni-kshanamu.json,5977,Nee Krupa Leni Kshanamu Nee Daya Leni Kshanamu,,0,1,1,full,,,unbroken-lines,https://waytochurch.com/lyrics/song/5977
05979-aa-halleluyaa.json,5979,Aa Halleluyaa,,0,1,0,none,,,no-english-lyrics; unbroken-lines,https://waytochurch.com/lyrics/song/5979
05982-aaraadhna-naa-yesuke.json,5982,Aaraadhna Naa Yesuke,,1,1,1,full,,,stanza-count-mismatch te=1 en=0,https://waytochurch.com/lyrics/song/5982
05984-adhaaram-neevenayyaa.json,5984,Adhaaram Neevenayyaa,,2,1,0,none,,,no-english-lyrics; unbroken-lines; stanza-count-mismatch te=2 en=0,https://waytochurch.com/lyrics/song/5984
05985-ambara-veedhilo-sambaram-gaanchiri.json,5985,Ambara Veedhilo Sambaram Gaanchiri,,0,1,0,none,,Christmas,no-english-lyrics; unbroken-lines,https://waytochurch.com/lyrics/song/5985
05986-anandame-paramaanandame.json,5986,Anandame Paramaanandame,,0,1,0,none,,,no-english-lyrics; unbroken-lines,https://waytochurch.com/lyrics/song/5986
05987-anchulanundi-jaarela.json,5987,Anchulanundi Jaarela,Dr A R stevenson,0,1,0,none,,,no-english-lyrics; unbroken-lines,https://waytochurch.com/lyrics/song/5987
05993-gaadaandhakaaramulo-nenu-tiriginanu-o.json,5993,Gaadaandhakaaramulo Nenu Tiriginanu O,,0,1,0,none,,,no-english-lyrics; unbroken-lines,https://waytochurch.com/lyrics/song/5993
05995-hosanna-paadudam-yesu-daasulara.json,5995,Hosanna Paadudam Yesu Daasulara,,5,1,1,full,,,,https://waytochurch.com/lyrics/song/5995
05996-hrudini-marchu-deva.json,5996,Hrudini Marchu Deva,,0,1,0,none,,,no-english-lyrics; unbroken-lines,https://waytochurch.com/lyrics/song/5996
05997-nee-prema-bahu-goppadhi-yesaiah.json,5997,Nee Prema Bahu Goppadhi Yesaiah,Rev  G Samuel,0,1,1,full,,,unbroken-lines,https://waytochurch.com/lyrics/song/5997
05998-sthothraalu-chellinthumu-sthuthiki-paathruda.json,5998,Sthothraalu Chellinthumu Sthuthiki Paathruda,Rev  G Samuel,3,1,1,full,,,unbroken-lines,https://waytochurch.com/lyrics/song/5998
06066-yesu-rakshakaa-shathakoti-sthothram-y-s.json,6066,Yesu Rakshakaa Shathakoti Sthothram Y S,Bro  Raj Prakash Paul,0,1,1,full,Calvary Ministries,,unbroken-lines,https://waytochurch.com/lyrics/song/6066
06085-nee-mukhamu-manoharamu-s.json,6085,Nee Mukhamu Manoharamu S,Bro  Yesanna,0,1,0,none,Hosanna ministries,Praise Worship,no-english-lyrics; unbroken-lines,https://waytochurch.com/lyrics/song/6085
06105-my-hu-dhanya-jeevi-iam-blessed.json,6105,My Hu Dhanya Jeevi Iam Blessed,Bro  Anil Kumar,0,1,0,none,Jesus The Everlasting Love 2017,,no-english-lyrics; unbroken-lines,https://waytochurch.com/lyrics/song/6105
06107-arambamayindhi-restoration-restoration.json,6107,Arambamayindhi Restoration Restoration,Bro  M  Anil Kumar,0,1,0,none,Jesus The Everlasting Love 2017,,no-english-lyrics; unbroken-lines,https://waytochurch.com/lyrics/song/6107
06109-ye-samacharam-namuthavu-nuvvu.json,6109,Ye Samacharam Namuthavu Nuvvu,Bro  M  Anil Kumar,0,2,0,none,Jesus The Everlasting Love 2017,,no-english-lyrics; unbroken-lines,https://waytochurch.com/lyrics/song/6109
06110-saswathamyna-prematho-annu-preminchavayya.json,6110,Saswathamyna Prematho Annu Preminchavayya,Bro  M  Anil Kumar,0,1,0,none,Jesus The Everlasting Love 2017,,no-english-lyrics; unbroken-lines,https://waytochurch.com/lyrics/song/6110
06111-yesudevude-naa-konda.json,6111,Yesudevude Naa Konda,Bro  M  Anil Kumar,0,1,0,none,Jesus The Everlasting Love 2017,,no-english-lyrics; unbroken-lines,https://waytochurch.com/lyrics/song/6111
06145-manasanthaa-neeve.json,6145,Manasanthaa Neeve,,0,1,0,none,,,no-english-lyrics; unbroken-lines,https://waytochurch.com/lyrics/song/6145
06148-naa-gundelona-neevu-vunte-chalu-yesayya.json,6148,Naa Gundelona Neevu Vunte Chalu Yesayya,,0,1,0,none,,,no-english-lyrics; unbroken-lines,https://waytochurch.com/lyrics/song/6148
11122-yahovaa-maaku-thodugaa-yesayya-maa-inta-undagaa.json,11122,Yahovaa Maaku Thodugaa Yesayya Maa Inta Undagaa,Dr P Satish Kumar,0,1,1,full,Nee Sannidhi Chaalunayaa,Gods Power,unbroken-lines,https://waytochurch.com/lyrics/song/11122
11123-neela-preminchevaarevaru-ilalo-leru.json,11123,Neela Preminchevaarevaru Ilalo Leru,Samuel Pammi,0,1,1,full,,Gods Love,unbroken-lines,https://waytochurch.com/lyrics/song/11123
11164-sramalalo-krungavaladu-jadivaanalo-bedaravaladu.json,11164,Sramalalo Krungavaladu Jadivaanalo Bedaravaladu,Dr  John Wesly,2,1,1,full,,Hope,unbroken-lines; stanza-count-mismatch te=1 en=2,https://waytochurch.com/lyrics/song/11164
11571-naa-jeevithaana-maro-noothana-samvathsaramunu.json,11571,Naa Jeevithaana Maro Noothana Samvathsaramunu,Bro Paul Emmanuel,0,1,1,full,,New Year,unbroken-lines,https://waytochurch.com/lyrics/song/11571
12406-sahodarulu-aikyatha-kaligi-nivasinchuta-p.json,12406,Sahodarulu Aikyatha Kaligi Nivasinchuta P,,0,1,1,full,,,unbroken-lines,https://waytochurch.com/lyrics/song/12406
12414-pavitra-parachumu-naa-hrudayam.json,12414,Pavitra Parachumu Naa Hrudayam,,1,1,0,none,,,no-english-lyrics; unbroken-lines; stanza-count-mismatch te=1 en=0,https://waytochurch.com/lyrics/song/12414
12415-prema-raju-prema-raju-yesu-prabhuvu.json,12415,Prema Raju Prema Raju Yesu Prabhuvu,,0,12,0,none,,,no-english-lyrics; unbroken-lines,https://waytochurch.com/lyrics/song/12415
12416-yesu-mahaa-dhevudu-entha-manchi-dhevudu.json,12416,Yesu Mahaa Dhevudu Entha Manchi Dhevudu,,1,1,0,none,,,no-english-lyrics; unbroken-lines; stanza-count-mismatch te=1 en=0,https://waytochurch.com/lyrics/song/12416
12417-enniyallo-enniyallo-yesu-dhevudochinaadu.json,12417,Enniyallo Enniyallo Yesu Dhevudochinaadu,,1,1,0,none,,,no-english-lyrics; unbroken-lines; stanza-count-mismatch te=1 en=0,https://waytochurch.com/lyrics/song/12417
12418-thoorpu-nundi-padamara-varaku-enth-dhooramo.json,12418,Thoorpu Nundi Padamara Varaku Enth Dhooramo,,0,1,0,none,,,no-english-lyrics; unbroken-lines,https://waytochurch.com/lyrics/song/12418
12419-yese-naa-dhevudu.json,12419,Yese Naa Dhevudu,,0,1,0,none,,,no-english-lyrics; unbroken-lines,https://waytochurch.com/lyrics/song/12419
12420-kristhuni-goorchi-meeku-emi.json,12420,Kristhuni Goorchi Meeku Emi,,3,1,0,none,,,no-english-lyrics; unbroken-lines; stanza-count-mismatch te=3 en=0,https://waytochurch.com/lyrics/song/12420
12421-rakshana-pondhithiva-nireekshana.json,12421,Rakshana Pondhithiva Nireekshana,,2,1,0,none,,,no-english-lyrics; unbroken-lines; stanza-count-mismatch te=2 en=0,https://waytochurch.com/lyrics/song/12421
12422-sthuthi-mahima-ganatha-prabhavamulu-neeke.json,12422,Sthuthi Mahima Ganatha Prabhavamulu Neeke,,2,1,0,none,,,no-english-lyrics; unbroken-lines; stanza-count-mismatch te=2 en=0,https://waytochurch.com/lyrics/song/12422
12423-idhi-rakshana-krupa-kaalam.json,12423,Idhi Rakshana Krupa Kaalam,,0,1,0,none,,,no-english-lyrics; unbroken-lines,https://waytochurch.com/lyrics/song/12423
12424-sthuthi-sthothramulu-chellinthumu.json,12424,Sthuthi Sthothramulu Chellinthumu,,1,1,0,none,,,no-english-lyrics; unbroken-lines; stanza-count-mismatch te=1 en=0,https://waytochurch.com/lyrics/song/12424
12425-o-sevaka-bhayapadaku.json,12425,O Sevaka Bhayapadaku,,2,1,0,none,,,no-english-lyrics; unbroken-lines; stanza-count-mismatch te=2 en=0,https://waytochurch.com/lyrics/song/12425
12428-kallu-theristhe-velugu-raa.json,12428,Kallu Theristhe Velugu Raa,,0,1,0,none,,,no-english-lyrics; unbroken-lines,https://waytochurch.com/lyrics/song/12428
12429-nadathunu-nadathunu-nadathunu.json,12429,Nadathunu Nadathunu Nadathunu,,0,1,0,none,,,no-english-lyrics; unbroken-lines,https://waytochurch.com/lyrics/song/12429
12430-elanti-vaadanyna.json,12430,Elanti Vaadanyna,,4,1,0,none,,,no-english-lyrics; unbroken-lines; stanza-count-mismatch te=4 en=0,https://waytochurch.com/lyrics/song/12430
12431-hosanna-neeke-vandhanaalu.json,12431,Hosanna Neeke Vandhanaalu,,0,1,0,none,,,no-english-lyrics; unbroken-lines,https://waytochurch.com/lyrics/song/12431
12432-endhamo-yesunemanukunnavu.json,12432,Endhamo Yesunemanukunnavu,,0,1,0,none,,,no-english-lyrics; unbroken-lines,https://waytochurch.com/lyrics/song/12432
12434-kallalo-kanneeru-endhuku.json,12434,Kallalo Kanneeru Endhuku,,4,1,0,none,,,no-english-lyrics; unbroken-lines; stanza-count-mismatch te=4 en=0,https://waytochurch.com/lyrics/song/12434
12435-yesuni-kutumbhamokatunnadhi.json,12435,Yesuni Kutumbhamokatunnadhi,,6,1,0,none,,,no-english-lyrics; unbroken-lines; stanza-count-mismatch te=6 en=0,https://waytochurch.com/lyrics/song/12435
12436-jagathi-kethenche-rakshana-kartha.json,12436,Jagathi Kethenche Rakshana Kartha,,6,1,0,none,,,no-english-lyrics; stanza-count-mismatch te=6 en=0,https://waytochurch.com/lyrics/song/12436
12437-yesu-kooda-vachunu.json,12437,Yesu Kooda Vachunu,,8,1,0,none,,,no-english-lyrics; stanza-count-mismatch te=8 en=0,https://waytochurch.com/lyrics/song/12437
12438-jaya-janda-pattukonedham.json,12438,Jaya Janda Pattukonedham,,6,1,0,none,,,no-english-lyrics; unbroken-lines; stanza-count-mismatch te=6 en=0,https://waytochurch.com/lyrics/song/12438
12440-prabhupi-bhaaramella-mopumaya.json,12440,Prabhupi Bhaaramella Mopumaya,,4,1,0,none,,,no-english-lyrics; stanza-count-mismatch te=4 en=0,https://waytochurch.com/lyrics/song/12440
12441-naaku-chaalinadhi-ni-prema.json,12441,Naaku Chaalinadhi Ni Prema,"Samson , Stalin",0,1,0,none,,,no-english-lyrics; unbroken-lines,https://waytochurch.com/lyrics/song/12441
12476-nuvvevaro-yesu-nuvvevaro.json,12476,Nuvvevaro Yesu Nuvvevaro,,0,1,1,full,,,unbroken-lines,https://waytochurch.com/lyrics/song/12476
12506-sundharamaina-dehaalenno-shithilam-kaaledhaa.json,12506,Sundharamaina Dehaalenno Shithilam Kaaledhaa,,0,1,1,full,,,unbroken-lines,https://waytochurch.com/lyrics/song/12506
12529-hosannaa-hosannaa-daaveedu-thanayaa-hosannaa.json,12529,Hosannaa Hosannaa Daaveedu Thanayaa Hosannaa,,0,1,1,full,karunamayudu movie,,unbroken-lines,https://waytochurch.com/lyrics/song/12529
12530-ardham-chesukune-apthudavu.json,12530,Ardham Chesukune Apthudavu,,0,1,0,none,,,no-english-lyrics; unbroken-lines,https://waytochurch.com/lyrics/song/12530
12531-ninne-namminanu-yesayya.json,12531,Ninne Namminanu Yesayya,,3,1,0,none,,,no-english-lyrics; unbroken-lines; stanza-count-mismatch te=3 en=0,https://waytochurch.com/lyrics/song/12531
12545-sarva-maanava-paapa-parihaaraardhamai-doshivaa-p.json,12545,Sarva Maanava Paapa Parihaaraardhamai Doshivaa Prabhu,,0,1,3,full,,Good Friday,unbroken-lines,https://waytochurch.com/lyrics/song/12545
13116-dhanya-maaye-na-jeevithame.json,13116,Dhanya Maaye Na Jeevithame,"Jonah Samuel, singer Harini",0,10,10,full,,,unbroken-lines,https://waytochurch.com/lyrics/song/13116
13222-kanti-papa-valey-nannu.json,13222,Kanti Papa Valey Nannu,,0,1,0,none,,,no-english-lyrics; unbroken-lines,https://waytochurch.com/lyrics/song/13222
13236-ananda-ganalatho.json,13236,Ananda Ganalatho,,0,1,0,none,,,no-english-lyrics; unbroken-lines,https://waytochurch.com/lyrics/song/13236
13259-anudinam-aa-prabhuni-varame.json,13259,Anudinam Aa Prabhuni Varame,,0,1,1,full,,,unbroken-lines,https://waytochurch.com/lyrics/song/13259
13262-ayyaa-naa-kosam-kalvarilo.json,13262,Ayyaa Naa Kosam Kalvarilo,,0,1,1,full,,Good Friday,unbroken-lines,https://waytochurch.com/lyrics/song/13262
13264-andaalu-chinde-shubha-vela-anduko-ee-vela.json,13264,Andaalu Chinde Shubha Vela Anduko Ee Vela,,0,1,1,full,,Marriage,unbroken-lines,https://waytochurch.com/lyrics/song/13264
13269-aakashaana-thaara-okati-velasindi.json,13269,Aakashaana Thaara Okati Velasindi,,0,1,1,full,,,unbroken-lines,https://waytochurch.com/lyrics/song/13269
13279-isuka-meeda-illu-kattaku-adi-koolipothundi.json,13279,Isuka Meeda Illu Kattaku Adi Koolipothundi,,0,1,1,full,,,unbroken-lines,https://waytochurch.com/lyrics/song/13279
13280-unnaadu-devudu-naaku-thodu.json,13280,Unnaadu Devudu Naaku Thodu,,0,1,1,full,,,unbroken-lines,https://waytochurch.com/lyrics/song/13280
13281-ullaasa-jeevitham-adi-oohaku-andanidi.json,13281,Ullaasa Jeevitham Adi Oohaku Andanidi,,0,1,1,full,,,unbroken-lines,https://waytochurch.com/lyrics/song/13281
13284-etu-choochinaa-yuddha-samaachaaraalu.json,13284,Etu Choochinaa Yuddha Samaachaaraalu,,0,2,2,full,,,unbroken-lines,https://waytochurch.com/lyrics/song/13284
13287-evari-kosamo-ee-praana-thyaagamu.json,13287,Evari Kosamo Ee Praana Thyaagamu,,0,1,1,full,,,unbroken-lines,https://waytochurch.com/lyrics/song/13287
13292-entha-dooramainaa-adi-entha-bhaaramainaa.json,13292,Entha Dooramainaa Adi Entha Bhaaramainaa,,0,1,1,full,,,unbroken-lines,https://waytochurch.com/lyrics/song/13292
13294-enthati-vaadanu-nenu-yesayyaa.json,13294,Enthati Vaadanu Nenu Yesayyaa,,0,1,1,full,,,unbroken-lines,https://waytochurch.com/lyrics/song/13294
13295-enthentha-bhaaramaaye-aa-siluva.json,13295,Enthentha Bhaaramaaye Aa Siluva,,0,1,1,full,,Good Friday,unbroken-lines,https://waytochurch.com/lyrics/song/13295
13296-entho-bhaagyambu-shree-yesu-dorikenu.json,13296,Entho Bhaagyambu Shree Yesu Dorikenu,,0,1,1,full,,,unbroken-lines,https://waytochurch.com/lyrics/song/13296
13297-entho-madhuram-naa-yesu-prema.json,13297,Entho Madhuram Naa Yesu Prema,,0,1,1,full,,,unbroken-lines,https://waytochurch.com/lyrics/song/13297
13300-enduko-devaa-inthati-premaa.json,13300,Enduko Devaa Inthati Premaa,,0,1,1,full,,,unbroken-lines,https://waytochurch.com/lyrics/song/13300
13301-ae-yogyathaa-leni-nannu-neevu-preminchinaavu-dev.json,13301,Ae Yogyathaa Leni Nannu Neevu Preminchinaavu Devaa,,0,1,1,full,,,unbroken-lines,https://waytochurch.com/lyrics/song/13301
13302-emani-ne-paadedan-etlu-ninnu-sthuthiyinthunu.json,13302,Emani Ne Paadedan Etlu Ninnu Sthuthiyinthunu,,0,1,1,full,,,unbroken-lines,https://waytochurch.com/lyrics/song/13302
13305-okasaari-nee-swaramu-vinagaane.json,13305,Okasaari Nee Swaramu Vinagaane,,0,1,1,full,,,unbroken-lines,https://waytochurch.com/lyrics/song/13305
13307-oke-oka-maargamu.json,13307,Oke Oka Maargamu,,0,1,1,full,,,unbroken-lines,https://waytochurch.com/lyrics/song/13307
13308-o-prabhuvaa-o-prabhuvaa.json,13308,O Prabhuvaa O Prabhuvaa,,0,1,1,full,,,unbroken-lines,https://waytochurch.com/lyrics/song/13308
13317-kanta-neerela-kalathalu-aela.json,13317,Kanta Neerela Kalathalu Aela,,0,1,1,full,,,unbroken-lines,https://waytochurch.com/lyrics/song/13317
13323-krungina-velalo-aapada-samayamulo.json,13323,Krungina Velalo Aapada Samayamulo,,0,1,1,full,,,unbroken-lines,https://waytochurch.com/lyrics/song/13323
13327-khaamosh-raatho-ki-thandi-hawaao-se.json,13327,Khaamosh Raatho Ki Thandi Hawaao Se,,0,1,1,full,,,unbroken-lines,https://waytochurch.com/lyrics/song/13327
13328-gatha-kaalamantha-ninu-kaachina-devudu.json,13328,Gatha Kaalamantha Ninu Kaachina Devudu,,0,1,1,full,,,unbroken-lines,https://waytochurch.com/lyrics/song/13328
13332-goodu-leni-guvvanai-koodu-leni-biddanai.json,13332,Goodu Leni Guvvanai Koodu Leni Biddanai,,0,1,1,full,,,unbroken-lines,https://waytochurch.com/lyrics/song/13332
13333-chaalaa-goppodu-chaalaa-chaalaa-goppodu.json,13333,Chaalaa Goppodu Chaalaa Chaalaa Goppodu,,0,1,1,full,,,unbroken-lines,https://waytochurch.com/lyrics/song/13333
13334-chali-raathiri-eduru-choose.json,13334,Chali Raathiri Eduru Choose,,0,1,1,full,,Christmas,unbroken-lines,https://waytochurch.com/lyrics/song/13334
13345-jeeva-naadha-mukthi-daatha.json,13345,Jeeva Naadha Mukthi Daatha,,0,1,1,full,,,unbroken-lines,https://waytochurch.com/lyrics/song/13345
13349-tharachi-tharachi-chooda-tharamaa.json,13349,Tharachi Tharachi Chooda Tharamaa,,0,1,1,full,,,unbroken-lines,https://waytochurch.com/lyrics/song/13349
13350-thalli-thana-biddanu-marachinaa-gaani.json,13350,Thalli Thana Biddanu Marachinaa Gaani,,0,1,1,full,,,unbroken-lines,https://waytochurch.com/lyrics/song/13350
13362-devudu-neeku-thelusu-neevu-devuniki-thelusaa.json,13362,Devudu Neeku Thelusu Neevu Devuniki Thelusaa,,0,1,1,full,,,unbroken-lines,https://waytochurch.com/lyrics/song/13362
13371-naa-devuni-gudaaramulo-naa-yesuni-nivaasamulo.json,13371,Naa Devuni Gudaaramulo Naa Yesuni Nivaasamulo,,0,1,1,full,,,unbroken-lines,https://waytochurch.com/lyrics/song/13371
13372-naa-naanna-intiki-nenu-vellaali.json,13372,Naa Naanna Intiki Nenu Vellaali,,0,1,1,full,,,unbroken-lines,https://waytochurch.com/lyrics/song/13372
13373-naa-praanamaa-aelane-krunginaavu-nireekshanaa-ne.json,13373,Naa Praanamaa Aelane Krunginaavu Nireekshanaa Neevunchumaa,,0,1,1,full,,,unbroken-lines,https://waytochurch.com/lyrics/song/13373
13374-naa-yedala-neekunna-thalampulanni.json,13374,Naa Yedala Neekunna Thalampulanni,,0,1,1,full,,,unbroken-lines,https://waytochurch.com/lyrics/song/13374
13375-naaku-jeevamai-unna-naa-jeevamaa.json,13375,Naaku Jeevamai Unna Naa Jeevamaa,,0,1,1,full,,,unbroken-lines,https://waytochurch.com/lyrics/song/13375
13376-naaku-balamu-unnantha-varaku.json,13376,Naaku Balamu Unnantha Varaku,,0,1,1,full,,,unbroken-lines,https://waytochurch.com/lyrics/song/13376
13380-nenu-chesina-paapamukai.json,13380,Nenu Chesina Paapamukai,Gideon (Army jawan),0,1,1,full,,,unbroken-lines,https://waytochurch.com/lyrics/song/13380
13382-ninnu-thalachi-nanu-nenu-marachi.json,13382,Ninnu Thalachi Nanu Nenu Marachi,,0,1,1,full,,,unbroken-lines,https://waytochurch.com/lyrics/song/13382
13384-ningilo-devudu-ninu-chooda-vachchaadu.json,13384,Ningilo Devudu Ninu Chooda Vachchaadu,,0,1,1,full,,,unbroken-lines,https://waytochurch.com/lyrics/song/13384
13386-nee-jeevitham-neetee-budagaa-vantidi.json,13386,Nee Jeevitham Neetee Budagaa Vantidi,,0,1,1,full,,,unbroken-lines,https://waytochurch.com/lyrics/song/13386
13388-nee-dayalo-nenunna-intha-kaalam.json,13388,Nee Dayalo Nenunna Intha Kaalam,,0,1,1,full,,,unbroken-lines,https://waytochurch.com/lyrics/song/13388
13389-nee-paadam-mrokkedan-nithyamu-sthuthinchi.json,13389,Nee Paadam Mrokkedan Nithyamu Sthuthinchi,,0,1,1,full,,,unbroken-lines,https://waytochurch.com/lyrics/song/13389
13390-nee-premaku-saati-lene-ledu.json,13390,Nee Premaku Saati Lene Ledu,,0,1,1,full,,,unbroken-lines,https://waytochurch.com/lyrics/song/13390
13392-neeku-entha-chesinaa-runamu-theeradayyaa.json,13392,Neeku Entha Chesinaa Runamu Theeradayyaa,,0,1,2,full,,,unbroken-lines,https://waytochurch.com/lyrics/song/13392
13393-neeku-saati-evaru-leru-yesayyaa.json,13393,Neeku Saati Evaru Leru Yesayyaa,,0,1,1,full,,,unbroken-lines,https://waytochurch.com/lyrics/song/13393
13397-vekuvane-naa-devuni-aaraadhinthunu.json,13397,Vekuvane Naa Devuni Aaraadhinthunu,,0,1,1,full,,,unbroken-lines,https://waytochurch.com/lyrics/song/13397
13398-nedu-ikkada-repu-ekkado.json,13398,Nedu Ikkada Repu Ekkado,,0,1,1,full,,,unbroken-lines,https://waytochurch.com/lyrics/song/13398
13400-nenunu-naa-inti-vaarunu.json,13400,Nenunu Naa Inti Vaarunu,,0,1,1,full,,,unbroken-lines,https://waytochurch.com/lyrics/song/13400
13404-paralokamlo-unnaa-maa-yesu.json,13404,Paralokamlo Unnaa Maa Yesu,,0,1,1,full,,,unbroken-lines,https://waytochurch.com/lyrics/song/13404
13408-prabhu-hastham-naapai-nundi.json,13408,Prabhu Hastham Naapai Nundi,,0,1,1,full,,,unbroken-lines,https://waytochurch.com/lyrics/song/13408
13421-pailam-kodukaa-paapam-cheyyakuraa.json,13421,Pailam Kodukaa Paapam Cheyyakuraa,,0,1,1,full,,,unbroken-lines,https://waytochurch.com/lyrics/song/13421
13424-baala-yesuni-janma-dinam.json,13424,Baala Yesuni Janma Dinam,,0,1,1,full,,,unbroken-lines,https://waytochurch.com/lyrics/song/13424
13426-mana-desham-bhaaratha-desham.json,13426,Mana Desham Bhaaratha Desham,,0,1,1,full,,,unbroken-lines,https://waytochurch.com/lyrics/song/13426
13427-mana-madhyane-unnadi-paraloka-raajyam.json,13427,Mana Madhyane Unnadi Paraloka Raajyam,,0,1,1,full,,,unbroken-lines,https://waytochurch.com/lyrics/song/13427
13434-manchi-snehithudaa-manchi-kaaparivi.json,13434,Manchi Snehithudaa Manchi Kaaparivi,,0,1,1,full,,,unbroken-lines,https://waytochurch.com/lyrics/song/13434
13438-maate-chaalayyaa-yesu-naaku.json,13438,Maate Chaalayyaa Yesu Naaku,,0,1,1,full,,,unbroken-lines,https://waytochurch.com/lyrics/song/13438
13443-mukthi-dhilaaye-yeeshu-naam.json,13443,Mukthi Dhilaaye Yeeshu Naam,,0,1,1,full,,,unbroken-lines,https://waytochurch.com/lyrics/song/13443
13444-meghaala-paina-mana-yesu.json,13444,Meghaala Paina Mana Yesu,,0,1,1,full,,,unbroken-lines,https://waytochurch.com/lyrics/song/13444
13445-yesu-rakthame-jayam-yesu-rakthame-jayam.json,13445,Yesu Rakthame Jayam Yesu Rakthame Jayam,,0,1,1,full,,,unbroken-lines,https://waytochurch.com/lyrics/song/13445
13449-yesu-vanti-sundarudu-evvaru-ee-bhuvilo.json,13449,Yesu Vanti Sundarudu Evvaru Ee Bhuvilo,,0,1,1,full,,,unbroken-lines,https://waytochurch.com/lyrics/song/13449
13451-yesuni-naamamlo-shakthi-undani-thelusuko.json,13451,Yesuni Naamamlo Shakthi Undani Thelusuko,,0,1,1,full,,,unbroken-lines,https://waytochurch.com/lyrics/song/13451
13453-randi-randi-randayo-rakshakudu-puttenu.json,13453,Randi Randi Randayo Rakshakudu Puttenu,,0,1,1,full,,Christmas,unbroken-lines,https://waytochurch.com/lyrics/song/13453
13455-raakadane-railu-bandi-vasthunnadi.json,13455,Raakadane Railu Bandi Vasthunnadi,,0,1,1,full,,,unbroken-lines,https://waytochurch.com/lyrics/song/13455
13457-raajulaku-raajaina-ee-mana-vibhuni.json,13457,Raajulaku Raajaina Ee Mana Vibhuni,,0,1,1,full,,,unbroken-lines,https://waytochurch.com/lyrics/song/13457
13460-medi-chettu-paiki-evvarekkaaru.json,13460,Medi Chettu Paiki Evvarekkaaru,,0,5,5,full,,,unbroken-lines,https://waytochurch.com/lyrics/song/13460
13469-yesayyaa-praana-naatha-entho-manchodivayyaa.json,13469,Yesayyaa Praana Naatha Entho Manchodivayyaa,,0,1,1,full,,,unbroken-lines,https://waytochurch.com/lyrics/song/13469
13472-yesu-okkade-ee-loka-rakshakudu.json,13472,Yesu Okkade Ee Loka Rakshakudu,,0,1,1,full,,,unbroken-lines,https://waytochurch.com/lyrics/song/13472
13474-yesu-goriya-pillanu-nenu.json,13474,Yesu Goriya Pillanu Nenu,,0,1,1,full,,,unbroken-lines,https://waytochurch.com/lyrics/song/13474
13480-varsha-dhaaragaa-raavaa-naa-yesayyaa.json,13480,Varsha Dhaaragaa Raavaa Naa Yesayyaa,,0,1,1,full,,,unbroken-lines,https://waytochurch.com/lyrics/song/13480
13483-vaadabaarani-vishwaasam-kopaginchani-vaathsalyam.json,13483,Vaadabaarani Vishwaasam Kopaginchani Vaathsalyam,,0,1,1,full,,,unbroken-lines,https://waytochurch.com/lyrics/song/13483
13491-shatha-koti-raagaalu-vallinchina.json,13491,Shatha Koti Raagaalu Vallinchina,,0,1,1,full,,,unbroken-lines,https://waytochurch.com/lyrics/song/13491
13492-shiramu-meeda-mulla-saakshigaa.json,13492,Shiramu Meeda Mulla Saakshigaa,,0,1,1,full,,Good Friday,unbroken-lines,https://waytochurch.com/lyrics/song/13492
13503-adi-thala-meeda-poyabadi.json,13503,Adi Thala Meeda Poyabadi,,0,1,1,full,,,unbroken-lines,https://waytochurch.com/lyrics/song/13503
13506-siluva-saakshigaa-yesu-siluvanu.json,13506,Siluva Saakshigaa Yesu Siluvanu,,0,1,1,full,,,unbroken-lines,https://waytochurch.com/lyrics/song/13506
13514-sthothra-gaanam-chesindi-praanam.json,13514,Sthothra Gaanam Chesindi Praanam,,0,1,1,full,,,unbroken-lines,https://waytochurch.com/lyrics/song/13514
14561-adigo-naa-naava-bayalu-deruchunnadi.json,14561,Adigo Naa Naava Bayalu Deruchunnadi,,0,1,1,full,,,unbroken-lines,https://waytochurch.com/lyrics/song/14561
14575-oka-kshanamaina-neevu-marachina-ne-brathakagalan.json,14575,Oka Kshanamaina Neevu Marachina Ne Brathakagalanaa Yesayyaa,,0,2,2,full,,,unbroken-lines,https://waytochurch.com/lyrics/song/14575
14576-oka-kshanamainaa-ninu-veedi.json,14576,Oka Kshanamainaa Ninu Veedi,,0,1,1,full,,,unbroken-lines,https://waytochurch.com/lyrics/song/14576
14585-nanu-cherina-nee-prema.json,14585,Nanu Cherina Nee Prema,,0,1,1,full,,,unbroken-lines,https://waytochurch.com/lyrics/song/14585
14586-naa-chinni-hrudayamu-ninne-preminchanee.json,14586,Naa Chinni Hrudayamu Ninne Preminchanee,,0,1,1,full,,,unbroken-lines,https://waytochurch.com/lyrics/song/14586
14587-naa-praanapriyudaa-naa-yesuraajaa.json,14587,Naa Praanapriyudaa Naa Yesuraajaa,,0,1,1,full,,,unbroken-lines,https://waytochurch.com/lyrics/song/14587
14588-naa-priyudu-yesu-naa-priyudu-yesu.json,14588,Naa Priyudu Yesu – Naa Priyudu Yesu,,0,1,1,full,,,unbroken-lines,https://waytochurch.com/lyrics/song/14588
14589-naa-sthuthula-paina-nivasinchuvaadaa.json,14589,Naa Sthuthula Paina Nivasinchuvaadaa,,0,1,1,full,,,unbroken-lines,https://waytochurch.com/lyrics/song/14589
14591-naalo-undi-nanu-nadipincheti-naa-antharangamaa.json,14591,Naalo Undi Nanu Nadipincheti Naa Antharangamaa,,0,3,3,full,,,unbroken-lines,https://waytochurch.com/lyrics/song/14591
14592-naaloni-aasha-naaloni-korika-ninnu-choodaalani.json,14592,Naaloni Aasha Naaloni Korika Ninnu Choodaalani,,0,2,3,full,,,unbroken-lines,https://waytochurch.com/lyrics/song/14592
14593-nee-challanaina-needalo-nannu-nivasinchanee-prab.json,14593,Nee Challanaina Needalo Nannu Nivasinchanee Prabhu,,0,1,1,full,,,unbroken-lines,https://waytochurch.com/lyrics/song/14593
14594-nee-pada-sevaye-chaalu.json,14594,Nee Pada Sevaye Chaalu,,0,1,1,full,,,unbroken-lines,https://waytochurch.com/lyrics/song/14594
14595-nee-raktha-dhaarale-maa-jeevanaadhaaraamu.json,14595,Nee Raktha Dhaarale – Maa Jeevanaadhaaraamu,,0,1,1,full,,,unbroken-lines,https://waytochurch.com/lyrics/song/14595
14598-nee-sannidhilo-nenunna-chaalu-chaalu.json,14598,Nee Sannidhilo Nenunna Chaalu – Chaalu,,0,1,1,full,,,unbroken-lines,https://waytochurch.com/lyrics/song/14598
14599-needu-premaku-haddu-ledayaa.json,14599,Needu Premaku Haddu Ledayaa,,0,2,1,full,,,unbroken-lines,https://waytochurch.com/lyrics/song/14599
14603-neevu-thadithe-thalupu-theeyanaa-prabhu.json,14603,Neevu Thadithe Thalupu Theeyanaa Prabhu,,0,1,1,full,,,unbroken-lines,https://waytochurch.com/lyrics/song/14603
14604-neevu-thodundagaa-naaku-digulundunaa.json,14604,Neevu Thodundagaa Naaku Digulundunaa,,0,1,1,full,,,unbroken-lines,https://waytochurch.com/lyrics/song/14604
14605-neevu-leni-chotedi-yesayyaa.json,14605,Neevu Leni Chotedi Yesayyaa,Victor Rampogu,0,1,1,full,"Music: K Y Ratnam, Sung by:Ramya Behra",Praise Worship,unbroken-lines,https://waytochurch.com/lyrics/song/14605
14606-neevu-leni-kshanamainaa-oohinchalenu.json,14606,Neevu Leni Kshanamainaa Oohinchalenu,,0,1,1,full,,,unbroken-lines,https://waytochurch.com/lyrics/song/14606
14607-neevu-lenide-nenu-lenu-prabhuvaa.json,14607,Neevu Lenide Nenu Lenu Prabhuvaa,,0,1,1,full,,,unbroken-lines,https://waytochurch.com/lyrics/song/14607
14609-nuvvu-leni-nannu-oohinchalenu.json,14609,Nuvvu Leni Nannu Oohinchalenu,,0,1,1,full,,,unbroken-lines,https://waytochurch.com/lyrics/song/14609
14612-nemmadi-ledaa-nemmadi-ledaa-ontarivainaavaa.json,14612,Nemmadi Ledaa Nemmadi Ledaa – Ontarivainaavaa,,0,1,1,full,,,unbroken-lines,https://waytochurch.com/lyrics/song/14612
14617-prathi-roju-choodaalani-naa-prabhuvaina-yesayyan.json,14617,Prathi Roju Choodaalani Naa Prabhuvaina Yesayyanu,,0,1,1,full,,,unbroken-lines,https://waytochurch.com/lyrics/song/14617
14618-prabhuvaa-neeve-naadu-sharanam.json,14618,Prabhuvaa Neeve Naadu Sharanam,,0,1,1,full,,,unbroken-lines,https://waytochurch.com/lyrics/song/14618
14619-putte-yesudu-nedu-manaku-punya-maargamu-joopanu.json,14619,Putte Yesudu Nedu – Manaku Punya Maargamu Joopanu,,0,1,1,full,,,unbroken-lines,https://waytochurch.com/lyrics/song/14619
14626-maaraa-gayaa-sulee-par.json,14626,Maaraa Gayaa Sulee Par,,0,1,1,full,,,unbroken-lines,https://waytochurch.com/lyrics/song/14626
14627-mosithivaa-naa-korakai-siluva-vedananu.json,14627,Mosithivaa Naa Korakai Siluva Vedananu,,0,1,1,full,,Good Friday,unbroken-lines,https://waytochurch.com/lyrics/song/14627
14628-yehovaa-nissy-yehovaa-nissy.json,14628,Yehovaa Nissy – Yehovaa Nissy,,0,1,1,full,,,unbroken-lines,https://waytochurch.com/lyrics/song/14628
14632-yese-daivamu-yese-jeevamu.json,14632,Yese Daivamu – Yese Jeevamu,,0,1,1,full,,,unbroken-lines,https://waytochurch.com/lyrics/song/14632
14636-raath-andheri-door-kahi.json,14636,Raath Andheri Door Kahi,,0,1,1,full,,Christmas,unbroken-lines,https://waytochurch.com/lyrics/song/14636
14637-vandanam-naa-prathi-avasaramu.json,14637,Vandanam Naa Prathi Avasaramu,,0,1,1,full,"Music: Bridge Music India ft. Sam Alex, Allen Ganta & John Erry",Thanks Giving,unbroken-lines,https://waytochurch.com/lyrics/song/14637
14639-sari-raarevvaru-naa-priyudaina-yesayyaku-2.json,14639,Sari Raarevvaru – Naa Priyudaina Yesayyaku (2),,0,1,1,full,,,unbroken-lines,https://waytochurch.com/lyrics/song/14639
16366-aascharya-karamaina.json,16366,Aascharya Karamaina,,2,1,1,full,,,unbroken-lines,https://waytochurch.com/lyrics/song/16366
16765-ee-loka-yatralo.json,16765,Ee Loka Yatralo,,3,1,1,full,,,,https://waytochurch.com/lyrics/song/16765
18857-yenduko-nanninthaga-neevu.json,18857,Yenduko Nanninthaga Neevu,,3,1,1,full,,,,https://waytochurch.com/lyrics/song/18857
18972-naa-paapame-ninu-lokamu-cherchenu.json,18972,Naa Paapame Ninu Lokamu Cherchenu,,0,1,1,full,,,unbroken-lines,https://waytochurch.com/lyrics/song/18972
18975-aela-varninchanayyaa-kalvari-yaagam.json,18975,Aela Varninchanayyaa Kalvari Yaagam,,0,1,1,full,,Good Friday,unbroken-lines,https://waytochurch.com/lyrics/song/18975
18976-shaalomu-raajuku-vandanam.json,18976,Shaalomu Raajuku Vandanam,,0,1,1,full,,,unbroken-lines,https://waytochurch.com/lyrics/song/18976
19014-neevalle-neevalle-naa-kintha-shanthoshamu.json,19014,Neevalle Neevalle Naa Kintha Shanthoshamu,,0,1,1,full,,,unbroken-lines,https://waytochurch.com/lyrics/song/19014
19016-pellante-dehamulu-varaina-daivame-thana-chittham.json,19016,Pellante Dehamulu Varaina Daivame Thana Chitthamuga,S Vijayprasad Reddy,0,2,0,none,"Mulloka Mahayodhudu, Music: Jonah Samuel , Narsapuram",Marriage,no-english-lyrics; unbroken-lines,https://waytochurch.com/lyrics/song/19016
19971-naadhu-rakshaka-ni-manase-uttamam.json,19971,Naadhu Rakshaka Ni Manase Uttamam,Dr  John Wesly,0,1,0,none,Blessie Wesly,Thanks Giving,no-english-lyrics; unbroken-lines,https://waytochurch.com/lyrics/song/19971
19997-naa-neeti-suryuda-bhuvinelu-yesayya.json,19997,Naa Neeti Suryuda Bhuvinelu Yesayya,Hosanna John Wesley,0,1,1,full,Hosanna Ministries 2019,,unbroken-lines,https://waytochurch.com/lyrics/song/19997
20001-saarepatu-vurilo-oka-vidhavaraalu-vundenu.json,20001,Saarepatu Vurilo Oka Vidhavaraalu Vundenu,,0,1,1,full,,Sunday School,unbroken-lines,https://waytochurch.com/lyrics/song/20001
20002-abednago-shadraku-mesheku-vacchipadene-pedda-chi.json,20002,"Abednago, Shadraku, Mesheku Vacchipadene Pedda Chikku",,0,1,1,full,,Sunday School,unbroken-lines,https://waytochurch.com/lyrics/song/20002
20003-chadavaali-chadavaali-vaakyam-chadavaali.json,20003,Chadavaali Chadavaali Vaakyam Chadavaali,,0,1,1,full,,Sunday School,unbroken-lines,https://waytochurch.com/lyrics/song/20003
20005-pillalam-yesu-biddalam.json,20005,Pillalam Yesu Biddalam,,0,1,1,full,,Sunday School,unbroken-lines,https://waytochurch.com/lyrics/song/20005
20006-kodi-kuyu-vela-parugulettedam.json,20006,Kodi Kuyu Vela Parugulettedam,,0,1,6,full,,Sunday School,unbroken-lines,https://waytochurch.com/lyrics/song/20006
20008-kalyaname-vaibhogam.json,20008,Kalyaname Vaibhogam,Dr  A  R  Stevenson,0,1,0,none,Kalyaname Vaibhogam,,no-english-lyrics; unbroken-lines,https://waytochurch.com/lyrics/song/20008
20009-koniyaadabadunu-yehova-yandu.json,20009,Koniyaadabadunu Yehova Yandu,Dr  A R Stevenson,3,1,1,full,kalKalyana Veduka,,unbroken-lines; stanza-count-mismatch te=3 en=0,https://waytochurch.com/lyrics/song/20009
20010-kurisindi-navvula-vaana-vivaaha-subha-samayaana.json,20010,Kurisindi Navvula Vaana – Vivaaha Subha Samayaana,Dr  A R Stevenson,0,1,1,full,parinaya Swaralu,,unbroken-lines,https://waytochurch.com/lyrics/song/20010
20766-nede-viraboosele-hrudhaya-nethrambule.json,20766,Nede Viraboosele Hrudhaya Nethrambule,"Rev  S  vijay Paul, Music: JK Christopher, Singer: Mrs  Grace Lezitha Joshua",2,1,0,none,paralokapu puramu,Christmas,no-english-lyrics; unbroken-lines; stanza-count-mismatch te=2 en=0,https://waytochurch.com/lyrics/song/20766
20767-raajugaa-raaraajugaa.json,20767,Raajugaa Raaraajugaa,Bro D Paul Jaya Kumar,0,1,1,full,Sinnodu,Christmas,unbroken-lines,https://waytochurch.com/lyrics/song/20767
20768-bethlehemu-puramulo-oka-vintha-jarigenu.json,20768,Bethlehemu Puramulo Oka Vintha Jarigenu,Sis  Hepsiba David,0,1,1,full,,Christmas,unbroken-lines,https://waytochurch.com/lyrics/song/20768
20769-bethlehemu-puramunandhuna.json,20769,Bethlehemu Puramunandhuna,Renikuntla Vidya Sagar,0,1,1,full,,Christmas,unbroken-lines,https://waytochurch.com/lyrics/song/20769
20770-nakai-dheenuniga-bhuviki-vacchinavaiya.json,20770,Nakai Dheenuniga Bhuviki Vacchinavaiya,Pastor Vinod Kumar,0,1,1,full,,Christmas,unbroken-lines,https://waytochurch.com/lyrics/song/20770
20771-emautano-ani-nikemi-chesanani.json,20771,Emautano Ani Nikemi Chesanani,Samuel Karmoji,0,1,1,full,Yesutho Prathikshanam,Gods Love,unbroken-lines,https://waytochurch.com/lyrics/song/20771
21745-nigilona-merise-nakshathram.json,21745,Nigilona Merise Nakshathram,K Y Ratnam,0,2,0,none,Singer : Satya Yamini,Christmas,no-english-lyrics; unbroken-lines,https://waytochurch.com/lyrics/song/21745
21746-paralokamu-nundi-bhuvikarudhenchenu-loka-rakshak.json,21746,Paralokamu Nundi Bhuvikarudhenchenu Loka Rakshakudu,Bro M Moses,0,1,1,full,,Christmas,unbroken-lines,https://waytochurch.com/lyrics/song/21746
21747-jeevamai-ethenchina-yesu-daivamaa.json,21747,Jeevamai Ethenchina Yesu Daivamaa,A R Stevenson,0,1,1,full,,Christmas,unbroken-lines,https://waytochurch.com/lyrics/song/21747
21748-jagamantha-divyakaanthitho.json,21748,Jagamantha Divyakaanthitho,Ps  R  Lazarus (Samarlakota),0,1,1,full,,Christmas,unbroken-lines,https://waytochurch.com/lyrics/song/21748
21786-raajulaku-raajaina-yesayya.json,21786,Raajulaku Raajaina Yesayya,Bro  Emmanuel,0,1,1,full,Christmas Santhosham,Christmas,unbroken-lines,https://waytochurch.com/lyrics/song/21786
21795-bethlehemulo-oka-chinna-oorilo.json,21795,Bethlehemulo Oka Chinna Oorilo,Sudharshan,0,1,1,full,,Christmas,unbroken-lines,https://waytochurch.com/lyrics/song/21795
21797-yesaiah-puttinaade.json,21797,Yesaiah Puttinaade,"Rev  Sam Paul Pilli, Roselyn Pilli",0,1,1,full,,Christmas,unbroken-lines,https://waytochurch.com/lyrics/song/21797
21798-gaganame-murisenu.json,21798,Gaganame Murisenu,Samuel Karmoji,0,1,1,full,,Christmas,unbroken-lines,https://waytochurch.com/lyrics/song/21798
21799-ela-ela-vivarinthunu-ela-ela-varninthunu.json,21799,Ela Ela Vivarinthunu Ela Ela Varninthunu,"Sheela Paul , Micheal Paul",0,1,1,full,,Christmas,unbroken-lines,https://waytochurch.com/lyrics/song/21799
21810-sanghamaa-saagumaa.json,21810,Sanghamaa Saagumaa,Bro Vasanth Bandela,0,1,1,full,,,unbroken-lines,https://waytochurch.com/lyrics/song/21810
21811-ninna-nedu-maarani-prema-needhai.json,21811,Ninna Nedu Maarani Prema Needhai,Pastor Ravinder Vottepu,0,1,1,full,Athi Parishudha Stalamu Nundi,,unbroken-lines,https://waytochurch.com/lyrics/song/21811
21812-ninne-ne-aaraadhinthunu.json,21812,Ninne Ne Aaraadhinthunu,"Pastor Ravinder Vottepu, Adimalla Sudheer Kumar, Suresh Garugula",0,1,1,full,Athi Parishudha Stalamu Nundi,,unbroken-lines,https://waytochurch.com/lyrics/song/21812
21815-naalugu-dhikkula-cheekati-cheelchi.json,21815,Naalugu Dhikkula Cheekati Cheelchi,Balaji Mangu,0,1,1,full,,,unbroken-lines,https://waytochurch.com/lyrics/song/21815
21819-ninnu-vidachi-kshanamaina-ne-manalenu.json,21819,Ninnu Vidachi Kshanamaina Ne Manalenu,Dr  Issac Raj Alanka,0,1,1,full,Neeve Na Paravasam,,unbroken-lines,https://waytochurch.com/lyrics/song/21819
21820-dushtula-aalochanalo-naduvaka.json,21820,Dushtula Aalochanalo Naduvaka,Dr  Issac Raj Alanka,0,1,1,full,Neeve Na Paravasam,,unbroken-lines,https://waytochurch.com/lyrics/song/21820
21825-we-give-glory-to-you.json,21825,We Give Glory To You,Bro  Vasanth Bandela,0,1,1,full,,,unbroken-lines,https://waytochurch.com/lyrics/song/21825
21826-yesayya-nee-krupalo-nenundute-dhanyamu.json,21826,Yesayya Nee Krupalo Nenundute Dhanyamu,Lois Raj,2,1,1,full,,,unbroken-lines,https://waytochurch.com/lyrics/song/21826
21827-naa-chenthanundumu-o-yesayya.json,21827,Naa Chenthanundumu O Yesayya,,0,1,1,full,Yesaiah Neekosam Jeevista,,unbroken-lines,https://waytochurch.com/lyrics/song/21827
21829-naa-hrudhayam-paadene-nee-premane.json,21829,Naa Hrudhayam Paadene Nee Premane,Samy Pachigalla,3,0,0,full,,,unbroken-lines,https://waytochurch.com/lyrics/song/21829
21832-aaraadhinchedhamu-aathmatho-sathyamutho.json,21832,Aaraadhinchedhamu Aathmatho Sathyamutho,Praveen VB,0,3,0,none,Manchi Godhumulatho,Praise WorshipPraise Worship,no-english-lyrics; unbroken-lines,https://waytochurch.com/lyrics/song/21832
21833-e-jeevithamannadhi-kshanakaalamainadhi.json,21833,E Jeevithamannadhi Kshanakaalamainadhi,Praveen VB,0,1,0,none,Manchi Godhumulatho,Gods LoveGods Love,no-english-lyrics; unbroken-lines,https://waytochurch.com/lyrics/song/21833
21834-sarvonathuda-sarvaadhikaari.json,21834,Sarvonathuda Sarvaadhikaari,Praveen VB,0,5,0,none,Yesutho Nadavaalani Aasha,Praise WorshipAdvent,no-english-lyrics; unbroken-lines,https://waytochurch.com/lyrics/song/21834
21840-vendi-bangaarukantey-sreshtamainadhi.json,21840,Vendi Bangaarukantey Sreshtamainadhi,,0,1,1,full,,Faith,unbroken-lines,https://waytochurch.com/lyrics/song/21840
21841-aalochinchavaa-oh-nestham-aalochinchavaa.json,21841,Aalochinchavaa Oh Nestham Aalochinchavaa,Joshua dean,0,5,1,full,,Gospel,unbroken-lines,https://waytochurch.com/lyrics/song/21841
21860-kaalamokati-raabothundi-ippude-adi-vacheyundi.json,21860,Kaalamokati Raabothundi Ippude Adi Vacheyundi,Godi Samuel,0,1,1,full,Entha Theeyanidhi,Second Comming,unbroken-lines,https://waytochurch.com/lyrics/song/21860
21868-sthuthiyincheda-ninne-poojincheda.json,21868,Sthuthiyincheda Ninne Poojincheda,Bro  Sam Prabhu Sandesh,0,1,1,full,,Praise Worship,unbroken-lines,https://waytochurch.com/lyrics/song/21868
21873-kalvari-giri-pai-naa-yessaiah-naa-korakai.json,21873,Kalvari Giri Pai Naa Yessaiah Naa Korakai,Bro SURESH NITTALA (Singapore),0,1,0,none,"ఇమ్మానుయేలైన నా దేవుడు -The ONE with me, MUSIC : Bro. K Y RATNAM ,SUNG BY : SHWETHA MOHAN",Good Friday,no-english-lyrics; unbroken-lines,https://waytochurch.com/lyrics/song/21873
21874-madhuraathi-madhuram-yesu-nee-namam.json,21874,Madhuraathi Madhuram Yesu Nee Namam,Joshua Shaik,0,1,0,none,"Nannenthaga Preminchithivo, Music: K.Y.Ratnam, sung by: Swetha Mohan, Rhythms: Pavan Gogi",Praise Worship,no-english-lyrics; unbroken-lines,https://waytochurch.com/lyrics/song/21874
21875-nee-thyaagame-ne-dhyaaninchuchuu.json,21875,Nee Thyaagame Ne Dhyaaninchuchuu,Pastor Suresh (Late),0,1,1,full,,Good Friday,unbroken-lines,https://waytochurch.com/lyrics/song/21875
21876-deva-nannela-vidichinaavayaa.json,21876,Deva Nannela Vidichinaavayaa,Dr  Issac Raj Alanka,0,1,1,full,Neeve Na Paravasam,Hope,unbroken-lines,https://waytochurch.com/lyrics/song/21876
21877-silvalo-kaarchinaa-nee-rathamu.json,21877,Silvalo Kaarchinaa Nee Rathamu,Praveen VB,0,1,0,none,Nee Krupatho,Good Friday,no-english-lyrics; unbroken-lines,https://waytochurch.com/lyrics/song/21877
21878-chedu-aalochanalanu-jayinche-sakthi.json,21878,Chedu Aalochanalanu Jayinche Sakthi,Praveen VB,0,1,0,none,Manchi Godhumulatho,Confession,no-english-lyrics; unbroken-lines,https://waytochurch.com/lyrics/song/21878
21884-nee-naavalo-yesu-undagaa-bhayamelaraa-sodharaa.json,21884,Nee Naavalo Yesu Undagaa Bhayamelaraa Sodharaa,Pastor Vinod Kumar,0,1,1,full,,Hope,unbroken-lines,https://waytochurch.com/lyrics/song/21884
21894-endhuko-e-gora-papini.json,21894,Endhuko E Gora Papini,,0,1,0,none,,Gods Love,no-english-lyrics; unbroken-lines,https://waytochurch.com/lyrics/song/21894
21905-parishuddame-yesuni-raktham-pravahinchenu-kalvar.json,21905,Parishuddame Yesuni Raktham Pravahinchenu Kalvarilo,"Late Bishop shantha vardhan garu, Guntur",0,1,1,full,,Good Friday,unbroken-lines,https://waytochurch.com/lyrics/song/21905
21907-yesuni-neevu-nammuko-rakshana-pondhuko.json,21907,Yesuni Neevu Nammuko Rakshana Pondhuko,Pastor Kasi Lazarus,0,1,1,full,,Gospel,unbroken-lines,https://waytochurch.com/lyrics/song/21907
21908-yesaiah-entho-entho-manchivadu.json,21908,Yesaiah Entho Entho Manchivadu,Rev  Daniel Pothuraj,0,1,1,full,Pranaamam,Gods Love,unbroken-lines,https://waytochurch.com/lyrics/song/21908
21927-kanipettuchuntini-prabhuvaa-nee-sannidhini.json,21927,Kanipettuchuntini Prabhuvaa Nee Sannidhini,Bro Augustine,2,1,1,partial,Sreshta Karmoji,Hope,unbroken-lines; stanza-count-mismatch te=2 en=0,https://waytochurch.com/lyrics/song/21927
22081-annivelala-vinuvaadu.json,22081,Annivelala Vinuvaadu,G Phinehas,0,1,1,full,,,unbroken-lines,https://waytochurch.com/lyrics/song/22081
22083-suvaartha-andhani-ooru-undaney-koodadu.json,22083,Suvaartha Andhani Ooru Undaney Koodadu,Dr  K John Mangacharyulu,0,1,1,full,,,unbroken-lines,https://waytochurch.com/lyrics/song/22083
22103-nannelu-nazareyuda-nanu-preminchu-pranapriyudaa.json,22103,Nannelu Nazareyuda Nanu Preminchu Pranapriyudaa,Joshua Shaik,0,1,1,full,,,unbroken-lines,https://waytochurch.com/lyrics/song/22103
22106-o-yesu-nee-naama-sankeerthana.json,22106,O Yesu Nee Naama Sankeerthana,Dr Vijaya Kumar Gudipati,0,1,1,full,,,unbroken-lines,https://waytochurch.com/lyrics/song/22106
22107-aaraadhinchedanu-aatmathoa-nirathamu.json,22107,Aaraadhinchedanu Aatmathoa Nirathamu,Pastor Raj Prakash Paul,0,1,1,full,,,unbroken-lines,https://waytochurch.com/lyrics/song/22107
22119-ah-ah-ah-ahahah.json,22119,Ah Ah Ah Ahahah,Franklin Sukumar,0,1,1,full,,,unbroken-lines,https://waytochurch.com/lyrics/song/22119
22153-ashirwadam-ashirvadham-yehova-dheevinchi-kaapadu.json,22153,Ashirwadam Ashirvadham Yehova Dheevinchi Kaapadunugaka,"Dr  Prasanna kaki, music: Issac pilli",0,1,1,full,"The Blessing, Telugu worship leaders and musicians",Benediction,unbroken-lines,https://waytochurch.com/lyrics/song/22153
22155-ratnavarnudaa-karunaa-sampannudaa.json,22155,Ratnavarnudaa Karunaa Sampannudaa,Pastor Praveen,0,1,1,full,Ratnavarnudu,,unbroken-lines,https://waytochurch.com/lyrics/song/22155
22156-yesulo-aanandam-yesulo-santhosham.json,22156,Yesulo Aanandam Yesulo Santhosham,Arun Alwyn,0,1,1,full,,,unbroken-lines,https://waytochurch.com/lyrics/song/22156
22157-prardhane-balamainadhi-vijayamutho-nadipinchedi.json,22157,Prardhane Balamainadhi Vijayamutho Nadipinchedi,Aruna Jalli,0,1,1,full,,,unbroken-lines,https://waytochurch.com/lyrics/song/22157
22158-aa-silvalo-ee-paapikai-nee-sareeramu-baliyaayane.json,22158,Aa Silvalo Ee Paapikai Nee Sareeramu Baliyaayane,Israel Dorababu,0,1,1,full,,,unbroken-lines,https://waytochurch.com/lyrics/song/22158
22168-naakantu-ee-jagaana-neeve-kada-na-yesayya.json,22168,Naakantu Ee Jagaana Neeve Kada Na Yesayya,Joshua Shaik,0,1,1,full,,,unbroken-lines,https://waytochurch.com/lyrics/song/22168
22170-vandanam-vandanam-vandanam-deva-vandanam.json,22170,Vandanam Vandanam Vandanam Deva Vandanam,Pastor Raj Prakash Paul,0,1,1,full,,,unbroken-lines,https://waytochurch.com/lyrics/song/22170
22171-yesayya-neeve-naaku-aadhaaramu.json,22171,Yesayya Neeve Naaku Aadhaaramu,Suresh Garugula,0,1,1,full,,,unbroken-lines,https://waytochurch.com/lyrics/song/22171
22172-noothana-geethamu-ne-paadedha-manoharudaa-yesayy.json,22172,Noothana Geethamu Ne Paadedha Manoharudaa Yesayyaa,Hosanna Ministries,0,1,1,full,Manoharuda,,unbroken-lines,https://waytochurch.com/lyrics/song/22172
22176-sthuthi-aaraadhana-parishuddhunake.json,22176,Sthuthi Aaraadhana Parishuddhunake,,0,1,1,full,Na Pranama,,unbroken-lines,https://waytochurch.com/lyrics/song/22176
22198-okasaari-choodaalani.json,22198,Okasaari Choodaalani,Bro Augustine Dandingi,0,1,1,full,,,unbroken-lines,https://waytochurch.com/lyrics/song/22198
22200-yesu-nee-premakai-vandhanam.json,22200,Yesu Nee Premakai Vandhanam,Kripal Mohan,0,1,1,full,Romans 8.38,,unbroken-lines,https://waytochurch.com/lyrics/song/22200
22201-paralokam-naa-dhesam.json,22201,Paralokam Naa Dhesam,Kripal Mohan,0,1,1,full,Romans 8.38,,unbroken-lines,https://waytochurch.com/lyrics/song/22201
22203-naa-jeevithamulo-velugai-nilichinaa.json,22203,Naa Jeevithamulo Velugai Nilichinaa,Kripal Mohan,0,1,1,full,Romans 8.38,,unbroken-lines,https://waytochurch.com/lyrics/song/22203
22204-devude-naa-aasrayam-rakshana-durgamu.json,22204,Devude Naa Aasrayam Rakshana Durgamu,Kripal Mohan,0,1,1,full,Romans 8.38,,unbroken-lines,https://waytochurch.com/lyrics/song/22204
22210-sthuthiyinchedaa-ninnu-keerthinchedaa.json,22210,Sthuthiyinchedaa Ninnu Keerthinchedaa,Bro Denny Israel,0,4,1,full,,,unbroken-lines,https://waytochurch.com/lyrics/song/22210
22212-nee-aathmatho-nannu-nadipinchayaa.json,22212,Nee Aathmatho Nannu Nadipinchayaa,Vijay Kondapuram,0,1,1,full,,,unbroken-lines,https://waytochurch.com/lyrics/song/22212
22216-neetipainaa-nadichenu.json,22216,Neetipainaa Nadichenu,Benny Joshua,0,1,1,full,,,unbroken-lines,https://waytochurch.com/lyrics/song/22216
22219-keerthaneeyamainadhi-kreesthu-gaanasudhaa.json,22219,Keerthaneeyamainadhi Kreesthu Gaanasudhaa,Veturi Sundara Rammoorthy,0,1,1,full,,,unbroken-lines,https://waytochurch.com/lyrics/song/22219
22220-enthadooramaina-yesutho-nee-payanam.json,22220,Enthadooramaina Yesutho Nee Payanam,Bro Santi Babu,0,1,1,full,,,unbroken-lines,https://waytochurch.com/lyrics/song/22220
22222-swaramethi-paadedhan-yesayya.json,22222,Swaramethi Paadedhan Yesayya,Raja Mandru,0,1,1,full,,,unbroken-lines,https://waytochurch.com/lyrics/song/22222
22225-paadedha-paadedha-paadedha-yesayya.json,22225,Paadedha Paadedha Paadedha Yesayya,Dr  Victor Rampogu,0,1,1,full,,,unbroken-lines,https://waytochurch.com/lyrics/song/22225
22230-devudu-ledani-vaadhamu-lendhuku.json,22230,Devudu Ledani Vaadhamu Lendhuku,Jasper Kunapo,0,1,1,full,,,unbroken-lines,https://waytochurch.com/lyrics/song/22230
22235-manninchina-aa-preme-naa-sonthamaa.json,22235,Manninchina Aa Preme Naa Sonthamaa,Yalagapaati Sunil Kumar,0,1,1,full,,,unbroken-lines,https://waytochurch.com/lyrics/song/22235
22236-madhuramaina-prematho-nannu-preminchithivi.json,22236,Madhuramaina Prematho Nannu Preminchithivi,Dr  Victor Rampogu,0,1,1,full,,,unbroken-lines,https://waytochurch.com/lyrics/song/22236
22253-booradhwanikai-yesuni-raakakai.json,22253,Booradhwanikai Yesuni Raakakai,Rayipati Srilekha Srikanth,0,1,1,full,Koniyaada tharama,Second Comming,unbroken-lines,https://waytochurch.com/lyrics/song/22253
22254-parishuddhaathmudaa-naa-manchi-snehithudaa.json,22254,Parishuddhaathmudaa Naa Manchi Snehithudaa,John Kennedy Bethapudi,0,1,1,full,Kshathriyudu,Holy Spirit,unbroken-lines,https://waytochurch.com/lyrics/song/22254
22255-deva-ninu-aaraadhincheydamu.json,22255,Deva Ninu Aaraadhincheydamu,Stanley Jones YJ,0,1,1,full,,Praise Worship,unbroken-lines,https://waytochurch.com/lyrics/song/22255
22263-bandhinaipoya-neelo-munigi-teelaaka.json,22263,Bandhinaipoya Neelo Munigi Teelaaka,John Vittney Kalavala,0,28,1,full,"John Vittney Kalavala , Allen Ganta, The Throne Room India",Praise Worship,,https://waytochurch.com/lyrics/song/22263
22265-maargamai-unna-yesu.json,22265,Maargamai Unna Yesu,Jonah Samuel,0,1,1,full,,Faith,unbroken-lines,https://waytochurch.com/lyrics/song/22265
22272-bolo-kreesthu-maharaaj-ki-jai.json,22272,Bolo Kreesthu Maharaaj Ki Jai,K Y Ratnam,0,1,1,full,Prema Swaroopi Yesu,Praise Worship,unbroken-lines,https://waytochurch.com/lyrics/song/22272
22284-ninne-nammukuntini-oh-deva.json,22284,Ninne Nammukuntini Oh Deva,Akhil chand,0,1,0,none,నమ్మదగిన దేవుడు,Faith,no-english-lyrics; unbroken-lines,https://waytochurch.com/lyrics/song/22284
22337-okka-kshanamaina.json,22337,Okka Kshanamaina,Sis  Prasanna Bold,4,1,1,full,,Christmas,unbroken-lines,https://waytochurch.com/lyrics/song/22337
22350-ontarini-nenu-ontarini.json,22350,Ontarini Nenu Ontarini,John Libni Bathuka,3,1,1,partial,,Gods Love,unbroken-lines,https://waytochurch.com/lyrics/song/22350
22352-swachamaina-thalli-premalaa.json,22352,Swachamaina Thalli Premalaa,KR John,0,1,1,full,,Gods Love,unbroken-lines,https://waytochurch.com/lyrics/song/22352
22353-naakunnaadu-oka-snehithudu.json,22353,Naakunnaadu Oka Snehithudu,Pastor J Arun Kumar,0,1,1,full,Yesayya 3,Faith,unbroken-lines,https://waytochurch.com/lyrics/song/22353
22358-ben-and-holly-ishtamaa.json,22358,Ben And Holly Ishtamaa,Dhanya Tryphosa,0,1,1,full,,,unbroken-lines,https://waytochurch.com/lyrics/song/22358
22359-lali-jo-naa-chinni-thandri-paraloka-raajaa.json,22359,Lali Jo Naa Chinni Thandri Paraloka Raajaa,Michael Kalyanapu,0,1,1,full,,Christmas,unbroken-lines,https://waytochurch.com/lyrics/song/22359
22360-thalli-mariya-vadilonaa-pavalinchagaa.json,22360,Thalli Mariya Vadilonaa Pavalinchagaa,Michael Kalyanapu,0,1,1,full,Na Sarwamu Nevenayya,Christmas,unbroken-lines,https://waytochurch.com/lyrics/song/22360
22361-kaluvari-naadhaa-karunanu-choopi.json,22361,Kaluvari Naadhaa Karunanu Choopi,Pastor Hannah Vimal,0,1,1,full,,Thanks Giving,unbroken-lines,https://waytochurch.com/lyrics/song/22361
22362-kotha-visthaarathanu-kanalevaa.json,22362,Kotha Visthaarathanu Kanalevaa,Jasper Kunapo,0,1,1,full,,Advent,unbroken-lines,https://waytochurch.com/lyrics/song/22362
22367-idi-kamaneeya-kalyaana-raagam.json,22367,Idi Kamaneeya Kalyaana Raagam,Pandit KVK Churchil,0,1,1,full,,Marriage,unbroken-lines,https://waytochurch.com/lyrics/song/22367
22374-naa-yesu-raajaa-sthothramu.json,22374,Naa Yesu Raajaa Sthothramu,Father S J Berchmans,0,1,1,full,Pastor M Jyothi Raju,Praise Worship,unbroken-lines,https://waytochurch.com/lyrics/song/22374
22380-thandrine-vidachi-intine-marachi.json,22380,Thandrine Vidachi Intine Marachi,C Y Joshua,0,1,1,full,,Gods Love,unbroken-lines,https://waytochurch.com/lyrics/song/22380
22382-janminche-lokarakshakudu.json,22382,Janminche Lokarakshakudu,Bishop Samuel Finny Pachigalla,2,1,1,full,,Christmas,unbroken-lines,https://waytochurch.com/lyrics/song/22382
22385-rajaadhi-raaju-prabhuvulaku-prabhuvu.json,22385,Rajaadhi Raaju Prabhuvulaku Prabhuvu,Sharon philip,0,1,1,full,,Christmas,unbroken-lines,https://waytochurch.com/lyrics/song/22385
22387-chorus.json,22387,Chorus,"Bro P Sunith , Bro Bobby Jeevan",0,1,1,full,,Christmas,unbroken-lines,https://waytochurch.com/lyrics/song/22387
22388-nakshathramaa-vekuva-nakshathramaa.json,22388,Nakshathramaa Vekuva Nakshathramaa,Pandit KVK Churchil,0,1,1,full,,Christmas,unbroken-lines,https://waytochurch.com/lyrics/song/22388
22389-christmas-nijamaina-christmas.json,22389,Christmas Nijamaina Christmas,Joshua Shaik,0,1,1,full,,Christmas,unbroken-lines,https://waytochurch.com/lyrics/song/22389
22401-evaro-ninnilaa-maarchinadhi.json,22401,Evaro Ninnilaa Maarchinadhi,Hosanna Ministries,0,1,1,full,Na Hrudaya Saradhi (31st Album by Hosanna Ministries),Gods Love,unbroken-lines,https://waytochurch.com/lyrics/song/22401
22408-naa-yeduta-neevu-therachina-thalupulu.json,22408,Naa Yeduta Neevu Therachina Thalupulu,Pastor John Wesley,0,1,1,full,Na Hrudaya Saradhi (31st Album by Hosanna Ministries),Gods Power,unbroken-lines,https://waytochurch.com/lyrics/song/22408
22416-neeve-hrudhaya-saaradhi-pragathiki-vaaradhi.json,22416,Neeve Hrudhaya Saaradhi Pragathiki Vaaradhi,Pastor John Wesley,0,1,1,full,Na Hrudaya Saaradhi (31st Album by Hosanna Ministries),Praise Worship,unbroken-lines,https://waytochurch.com/lyrics/song/22416
22417-amarudavu-neevu-naa-yesayya-aadhiyu-anthamu-neev.json,22417,Amarudavu Neevu Naa Yesayya Aadhiyu Anthamu Neevenayyaa,Hosanna Ministries,0,1,1,full,Na Hrudaya Saradhi (31st Album by Hosanna Ministries),Gods LoveEaster,unbroken-lines,https://waytochurch.com/lyrics/song/22417
22419-o-prema-moorthy-o-thyaaga-moorthy.json,22419,O Prema Moorthy O Thyaaga Moorthy,Pastor J Devanand Kumar,0,1,1,full,,Christmas,unbroken-lines,https://waytochurch.com/lyrics/song/22419
22439-maranapu-mullunu-virachi-jayinchina.json,22439,Maranapu Mullunu Virachi Jayinchina,Pastor Kamala Timothy Mallipudi,0,1,1,full,,Easter,unbroken-lines,https://waytochurch.com/lyrics/song/22439
22441-pasuvula-paakalo-deva-kumaarudu.json,22441,Pasuvula Paakalo Deva Kumaarudu,pastor Dr  Pammi Daniel,0,1,1,full,,Christmas,unbroken-lines,https://waytochurch.com/lyrics/song/22441
22442-thaara-choopina-maargamadey.json,22442,Thaara Choopina Maargamadey,Anil Kumar Vemula,0,1,1,full,,Christmas,unbroken-lines,https://waytochurch.com/lyrics/song/22442
22444-sthothrarhudavu-maa-prabhuva-deva.json,22444,Sthothrarhudavu Maa Prabhuva Deva,David Edison Thella,0,1,1,full,Jerusalem Arise (2000),Praise Worship,unbroken-lines,https://waytochurch.com/lyrics/song/22444
22449-oohakandani-upakaaramulu-krupa-vembadi-krupalu.json,22449,Oohakandani Upakaaramulu Krupa Vembadi Krupalu,Joshua Shaik,0,1,1,full,,Gods Love,unbroken-lines,https://waytochurch.com/lyrics/song/22449
22460-snehamai-praanamai-varinche-daivamai.json,22460,Snehamai Praanamai Varinche Daivamai,"Joshua Shaik, Passion For Christ Ministries",0,1,1,full,,Thanks Giving,unbroken-lines,https://waytochurch.com/lyrics/song/22460
22466-okapari-thalachina-yesuni-prema-amrutham-kadhaa.json,22466,Okapari Thalachina Yesuni Prema Amrutham Kadhaa,"Joshua Shaik, Passion For Christ Ministries",0,1,1,full,,Gods Love,unbroken-lines,https://waytochurch.com/lyrics/song/22466
22469-prabhuvaa-hithavathsaram-maaku-ichaavayyaa.json,22469,Prabhuvaa Hithavathsaram Maaku Ichaavayyaa,Pastor B Shalem Raju,0,1,1,full,,Thanks Giving,unbroken-lines,https://waytochurch.com/lyrics/song/22469
22474-ee-jaathilo-memu-okarimey.json,22474,Ee Jaathilo Memu Okarimey,Pastor Sandeep Dasari,0,3,1,full,,,unbroken-lines,https://waytochurch.com/lyrics/song/22474
22483-nee-krupayu-kanikaramu.json,22483,Nee Krupayu Kanikaramu,Dr P Satish Kumar,0,1,1,full,Nee Sannidhi Chaalunayaa,Thanks Giving,unbroken-lines,https://waytochurch.com/lyrics/song/22483
22486-gnanulu-aaradhinchirayya-ninu-karunagala-yesuvaa.json,22486,Gnanulu Aaradhinchirayya Ninu Karunagala Yesuvaa,Raja Babu garu,0,3,3,full,,Christmas,unbroken-lines,https://waytochurch.com/lyrics/song/22486
22487-aalanavai-paalanavai.json,22487,Aalanavai Paalanavai,Dr  Issac Raj Alanka,0,1,1,full,,New Year,unbroken-lines,https://waytochurch.com/lyrics/song/22487
22492-rando-raarando-yesuni-choodaganu.json,22492,Rando Raarando Yesuni Choodaganu,"Dr  John Wesly , Mrs  Blessie Wesly",0,1,1,full,,Christmas,unbroken-lines,https://waytochurch.com/lyrics/song/22492
22493-kreesthu-nedu-puttene-rakshana-dhorikene.json,22493,Kreesthu Nedu Puttene Rakshana Dhorikene,Samuel Karmoji,0,1,1,full,,Christmas,unbroken-lines,https://waytochurch.com/lyrics/song/22493
22495-neethone-nadichedhanayyaa.json,22495,Neethone Nadichedhanayyaa,Raja Mandru,0,1,1,full,,Faith,unbroken-lines,https://waytochurch.com/lyrics/song/22495
22496-neeve-naaku-chaalunu-yesu.json,22496,Neeve Naaku Chaalunu Yesu,"Apostle R Sudhakar Garu (Daiva sannidhi Ministries, Isukapalli)",4,1,1,partial,"Manna Church,Eluru",Hope,stanza-count-mismatch te=4 en=0,https://waytochurch.com/lyrics/song/22496
22498-dhinamulu-jaruguchundagaa.json,22498,Dhinamulu Jaruguchundagaa,Glory Rani,0,1,1,full,,New Year,unbroken-lines,https://waytochurch.com/lyrics/song/22498
22500-krupa-vembadi-krupa-nichina-devaa.json,22500,Krupa Vembadi Krupa Nichina Devaa,Pastor Yesaiah Bonam,0,1,1,full,,Praise Worship,unbroken-lines,https://waytochurch.com/lyrics/song/22500
22501-nadavaleni-velalo-endina-edaarilo.json,22501,Nadavaleni Velalo Endina Edaarilo,Dr  John Wesly,0,1,1,full,Tirigiraa Nestama,Gods Love,unbroken-lines,https://waytochurch.com/lyrics/song/22501
22505-vande-mataram-vande-mataram-vande-mataram.json,22505,Vande Mataram Vande Mataram Vande Mataram,Merlyn Salvadi,0,1,1,full,,Gospel,unbroken-lines,https://waytochurch.com/lyrics/song/22505
22512-nammutha-yesunu-nammuthaanu-yesunu.json,22512,Nammutha Yesunu Nammuthaanu Yesunu,Sis  Prasanna Bold,0,1,1,full,,Faith,unbroken-lines,https://waytochurch.com/lyrics/song/22512
22515-nannu-pilichina-devaa.json,22515,Nannu Pilichina Devaa,Benny Joshua,0,1,1,full,,Gods Love,unbroken-lines,https://waytochurch.com/lyrics/song/22515
22516-na-priyuniki-oka-thota-unnadhi.json,22516,Na Priyuniki Oka Thota Unnadhi,Pastor John David Raju Nethala,0,1,1,full,,Gods Love,unbroken-lines,https://waytochurch.com/lyrics/song/22516
22525-naadhu-rakshakaa-vimochakaa-prabhuvaa.json,22525,Naadhu Rakshakaa Vimochakaa Prabhuvaa,Sam Joel G,0,1,1,full,,Praise Worship,unbroken-lines,https://waytochurch.com/lyrics/song/22525
22526-thalli-thandrulla-kannaa-minna-ayina-prema-naa-y.json,22526,Thalli Thandrulla Kannaa Minna Ayina Prema Naa Yesuni Prema,Srimanth katamala,0,1,1,full,,Gods Love,unbroken-lines,https://waytochurch.com/lyrics/song/22526
22527-vivaaham-ghanamainadhi.json,22527,Vivaaham Ghanamainadhi,P Srinivas,0,1,1,full,Nijamaina Velugu 2020,Marriage,unbroken-lines,https://waytochurch.com/lyrics/song/22527
22529-paapame-aahaaramugaa.json,22529,Paapame Aahaaramugaa,Stephen Bob,0,1,1,full,,Gospel,unbroken-lines,https://waytochurch.com/lyrics/song/22529
22547-naatho-unnadu-nannu-viduvadu.json,22547,Naatho Unnadu Nannu Viduvadu,Merlyn Salvadi,0,1,1,full,,Gods Love,unbroken-lines,https://waytochurch.com/lyrics/song/22547
22559-ninne-ne-nammithi.json,22559,Ninne Ne Nammithi,Pastor Raj Prakash Paul,0,1,1,full,,Faith,unbroken-lines,https://waytochurch.com/lyrics/song/22559
22565-koteswarulaina-kadupedalaina.json,22565,Koteswarulaina Kadupedalaina,Dr  P Lazarus,0,1,1,full,,Gospel,unbroken-lines,https://waytochurch.com/lyrics/song/22565
22570-vadhimpabadina-devuni-gorrepilla.json,22570,Vadhimpabadina Devuni Gorrepilla,Anand Tirugulla,0,1,1,full,,Gods Love,unbroken-lines,https://waytochurch.com/lyrics/song/22570
22571-vinthaina-prema-ideyga-yesayya-prema-nijamgaa.json,22571,Vinthaina Prema Ideyga Yesayya Prema Nijamgaa,Joshua Shaik,2,1,1,full,,Gods Love,unbroken-lines,https://waytochurch.com/lyrics/song/22571
22572-manchi-hrudayam-naaku-dhayacheyi.json,22572,Manchi Hrudayam Naaku Dhayacheyi,Samuel Pammi,0,1,1,full,,Advent,unbroken-lines,https://waytochurch.com/lyrics/song/22572
22582-kanche-vesaavu-maa-intiki.json,22582,Kanche Vesaavu Maa Intiki,Pastor Prasad Nelapudi,0,1,1,full,,Gods Power,unbroken-lines,https://waytochurch.com/lyrics/song/22582
22583-aada-janmanu-devudu-enduku-chesaadu.json,22583,Aada Janmanu Devudu Enduku Chesaadu,Pastham Srinivas,0,1,1,full,Jagath Rakshakudu,Advent,unbroken-lines,https://waytochurch.com/lyrics/song/22583
22589-pilichenu-prabhu-yesu-naadhudu.json,22589,Pilichenu Prabhu Yesu Naadhudu,A J Emmanuel,2,1,1,full,,Gospel,,https://waytochurch.com/lyrics/song/22589
22590-ne-padipothini-nee-premaku-ilalo.json,22590,Ne Padipothini Nee Premaku Ilalo,Prudhvi Raj,2,1,1,partial,Sami Pachigalla,Praise Worship,unbroken-lines,https://waytochurch.com/lyrics/song/22590
22597-naa-thodu-neeve-devaa.json,22597,Naa Thodu Neeve Devaa,Joshua Shaik,2,1,1,full,,Gods Love,unbroken-lines,https://waytochurch.com/lyrics/song/22597
22598-kondalavaipu-kannuletthinaa.json,22598,Kondalavaipu Kannuletthinaa,Pastor K Shekar,0,1,1,full,,Thanks Giving,unbroken-lines,https://waytochurch.com/lyrics/song/22598
22605-parugetthi-ninu-cheri.json,22605,Parugetthi Ninu Cheri,"Guru Krishna Kadoni, Vishal Dass , Annoz Kamalakar",0,1,1,full,,Advent,unbroken-lines,https://waytochurch.com/lyrics/song/22605
22606-prabhuva-ma-deva-krupa-choopumayyaa.json,22606,Prabhuva Ma Deva Krupa Choopumayyaa,Harsha Singavarapu,1,1,1,full,,Advent,unbroken-lines,https://waytochurch.com/lyrics/song/22606
22607-kalla-yerugani-thella-paavuramaa-paipaikegiraava.json,22607,Kalla Yerugani Thella Paavuramaa Paipaikegiraavaa,,0,2,2,full,yudha ministries,Gospel,unbroken-lines,https://waytochurch.com/lyrics/song/22607
22633-yudha-saakshyamu-galavaarendharo.json,22633,Yudha Saakshyamu Galavaarendharo,A J Emmanuel,0,1,1,full,,Advent,unbroken-lines,https://waytochurch.com/lyrics/song/22633
22635-chejarithe-thirigi-raadhu-ee-samayam.json,22635,Chejarithe Thirigi Raadhu Ee Samayam,"L Aseervadam , Tune: Sis L Shanthi Aseervadam",2,1,1,partial,,Gospel,unbroken-lines; stanza-count-mismatch te=2 en=0,https://waytochurch.com/lyrics/song/22635
22638-na-aashrayam-na-aadharam-na-aanandham-neevenaya.json,22638,Na Aashrayam Na Aadharam Na Aanandham Neevenaya,"Moses Smiles, Anil Kumar Bussa",0,1,1,full,,Confession,unbroken-lines,https://waytochurch.com/lyrics/song/22638
22643-naalo-naalo-unnaadu-lokanneley-rakshakudu.json,22643,Naalo Naalo Unnaadu Lokanneley Rakshakudu,Samuel Karmoji,2,1,1,full,Yesu Naa Oopiri,Praise Worship,unbroken-lines,https://waytochurch.com/lyrics/song/22643
22644-nenu-odipoyinaa-ninne-sthuthinchedan.json,22644,Nenu Odipoyinaa Ninne Sthuthinchedan,Merlyn Salvadi,0,1,1,full,The Worship Studio,Praise Worship,unbroken-lines,https://waytochurch.com/lyrics/song/22644
22648-viraboosina-pushpama-jathakalise-bandhamaa-nedu-.json,22648,Viraboosina Pushpama Jathakalise Bandhamaa Nedu Santhasinchumaa,Sharon Philip,2,1,1,full,Parishuddha Parinayam,Marriage,unbroken-lines,https://waytochurch.com/lyrics/song/22648
22657-naa-premikudaa-naa-praana-naadhudaa.json,22657,Naa Premikudaa Naa Praana Naadhudaa,Hannah Grace,0,1,1,full,,Praise Worship,unbroken-lines,https://waytochurch.com/lyrics/song/22657
22658-dhevuni-sevakulaara-prabhu-yesuni-yaajakulaaraa.json,22658,Dhevuni Sevakulaara Prabhu Yesuni Yaajakulaaraa,A R Stevenson,0,1,1,full,Naa Kshemadhaarama,Advent,unbroken-lines,https://waytochurch.com/lyrics/song/22658
22670-samastha-desamulaaraa-yehovaaku-utsaahadhwani-ch.json,22670,Samastha Desamulaaraa Yehovaaku Utsaahadhwani Cheyudi,Dr Amit Kamle,0,1,1,full,Glorify Christ 6,Praise Worship,unbroken-lines,https://waytochurch.com/lyrics/song/22670
22676-yehovah-yireh-samasthamu-neeve.json,22676,Yehovah Yireh Samasthamu Neeve,Benny Joshua,0,1,1,full,,Faith,unbroken-lines,https://waytochurch.com/lyrics/song/22676
22679-juntte-thenelakantte.json,22679,Juntte Thenelakantte,Paul Bhaskar,0,1,1,full,,Gospel,unbroken-lines,https://waytochurch.com/lyrics/song/22679
22680-ghaadaandha-kaaramulo-neeve-naa-gudaaramu-neeve-.json,22680,Ghaadaandha Kaaramulo Neeve Naa Gudaaramu Neeve Aasrayamu,Asha Ashirwadh |  Original lyrics in Tamil : Pas John Jebaraj,0,1,1,full,Uyar Malaiyo Telugu Version,Thanks Giving,unbroken-lines,https://waytochurch.com/lyrics/song/22680
22682-nee-challani-chooputho-karuninchinandhuna.json,22682,Nee Challani Chooputho Karuninchinandhuna,Prasad Nelapudi,0,1,1,full,,Praise Worship,unbroken-lines,https://waytochurch.com/lyrics/song/22682
22708-stuthiyu-mahimayu-neeke-kshithikin-divikin-neeti.json,22708,Stuthiyu Mahimayu Neeke Kshithikin Divikin Neeti,Devadas Mungamuri,0,1,1,full,Srastha 3,Praise Worship,unbroken-lines,https://waytochurch.com/lyrics/song/22708
22710-song.json,22710,నిన్నారాధించెదను నా పూర్ణ హృదయముతో,"Sharon Philip , Philip Gariki",0,1,0,none,Sreshtaarpana,,no-english-lyrics; unbroken-lines; title-telugu-only,https://waytochurch.com/lyrics/song/22710
22721-emi-leni-nannu-korukunnaa.json,22721,Emi Leni Nannu Korukunnaa,A R Stevenson,0,1,1,full,,Christmas,unbroken-lines,https://waytochurch.com/lyrics/song/22721
22723-dhivine-vidachi-bhuvike-vachina-naa-yesayya.json,22723,Dhivine Vidachi Bhuvike Vachina Naa Yesayya,Kiran D,0,1,1,full,,Christmas,unbroken-lines,https://waytochurch.com/lyrics/song/22723
22726-mruthyunjayudaa-naa-vimochakaa.json,22726,Mruthyunjayudaa Naa Vimochakaa,Jessy Paul,0,1,1,full,,Praise Worship,unbroken-lines,https://waytochurch.com/lyrics/song/22726
22727-pasibaalude-raajugaa-janminchenu.json,22727,Pasibaalude Raajugaa Janminchenu,Samy Pachigalla,0,1,1,full,,Christmas,unbroken-lines,https://waytochurch.com/lyrics/song/22727
22728-niseedhi-reyilo.json,22728,Niseedhi Reyilo,Andrew Son,0,1,1,full,,Christmas,unbroken-lines,https://waytochurch.com/lyrics/song/22728
22729-naalo-unnavaadu-naakai-nilachuvaadu.json,22729,Naalo Unnavaadu Naakai Nilachuvaadu,"Sumanth Gudivada, Kranthi Sandeep Vedala",0,1,1,full,,Christmas,unbroken-lines,https://waytochurch.com/lyrics/song/22729
22730-ningi-nela-murisipoye.json,22730,Ningi Nela Murisipoye,Sis  Madhurya Kiran,0,1,1,full,,Christmas,unbroken-lines,https://waytochurch.com/lyrics/song/22730
22743-mattilona-muthyamalle-puttaduro.json,22743,Mattilona Muthyamalle Puttaduro,Joshua Shaik,2,1,1,full,,Christmas,unbroken-lines,https://waytochurch.com/lyrics/song/22743
22744-hrudhayam-loniki-thongi-choosi.json,22744,Hrudhayam Loniki Thongi Choosi,Suresh Vanguri,0,1,1,full,,,unbroken-lines,https://waytochurch.com/lyrics/song/22744
22762-gurine-nilupu-gamyam-koraku.json,22762,Gurine Nilupu Gamyam Koraku,Dr  Issac Raj Alanka,0,10,8,full,,,unbroken-lines,https://waytochurch.com/lyrics/song/22762
22763-evaru-leru-ilalo-prabhuva.json,22763,Evaru Leru Ilalo Prabhuva,Bishop Shulamite Finny Pachigalla,0,1,1,full,,,unbroken-lines,https://waytochurch.com/lyrics/song/22763
24823-ne-nilachu-bhoomi-kampinchi-kooli-poyina-nammedh.json,24823,Ne Nilachu Bhoomi Kampinchi Kooli Poyina Nammedhanu,"Pastor Reenukumar  Translated by Bro  Joseph D , John Erry",0,1,1,full,,Faith,unbroken-lines,https://waytochurch.com/lyrics/song/24823
24824-oohinchaledhayya-dheevisthaavani.json,24824,Oohinchaledhayya Dheevisthaavani,Raj Chikkala,2,1,1,partial,SAMY PACHIGALLA,Thanks Giving,unbroken-lines,https://waytochurch.com/lyrics/song/24824
24826-karuna-sampannuda-dheeruda-sukumaaruda.json,24826,Karuna Sampannuda Dheeruda Sukumaaruda,Pastor John Wesley,3,1,0,none,Hosanna Ministries,Praise Worship,no-english-lyrics; unbroken-lines; stanza-count-mismatch te=3 en=0,https://waytochurch.com/lyrics/song/24826
24831-mahadhaanandhamaina-needhu-sannidhi.json,24831,Mahadhaanandhamaina Needhu Sannidhi,,0,1,1,full,"Srikaruda Naa Yesayya , Hosanna Ministries",Praise Worship,unbroken-lines,https://waytochurch.com/lyrics/song/24831
24832-preme-saaswathamaina-parishuddhamaina-podharillu.json,24832,Preme Saaswathamaina Parishuddhamaina Podharillu,Hosanna Ministries,0,1,1,full,Srikaruda Naa Yesayya,Gods Love,unbroken-lines,https://waytochurch.com/lyrics/song/24832
24833-paadedha-stuti-gaanamu-koniyaadedha-nee-naamamu.json,24833,Paadedha Stuti Gaanamu Koniyaadedha Nee Naamamu,Hosanna Ministries,0,1,1,full,Srikaruda Naa Yesayya,Praise Worship,unbroken-lines,https://waytochurch.com/lyrics/song/24833
24834-krupaa-krupaa-sajeevulatho.json,24834,Krupaa Krupaa Sajeevulatho,Hosanna Ministries,0,1,1,full,Srikaruda Naa Yesayya,Gods Love,unbroken-lines,https://waytochurch.com/lyrics/song/24834
24835-athi-sundharudavu-yesayya-manoharudavu-neevayya.json,24835,Athi Sundharudavu Yesayya Manoharudavu Neevayya,Hosanna Ministries,0,1,1,full,Srikaruda Naa Yesayya,Praise Worship,unbroken-lines,https://waytochurch.com/lyrics/song/24835
24837-ne-paadedha-hallelujah-naa-sathruvula-edhuta.json,24837,Ne Paadedha Hallelujah Naa Sathruvula Edhuta,,0,1,1,full,"Raise Hallelujah , Bethel Music",Praise Worship,unbroken-lines,https://waytochurch.com/lyrics/song/24837
24843-praardhanalu-aalakinchu-deva.json,24843,Praardhanalu Aalakinchu Deva,"Sammy Thangiah, Derick Samuel, Samuel Joseph, Christy Zebulon, Hema Prasanna",0,1,1,full,,Thanks Giving,unbroken-lines,https://waytochurch.com/lyrics/song/24843
24849-ninu-chere-prathi-kshanam-prabhaathame-naalo.json,24849,Ninu Chere Prathi Kshanam Prabhaathame Naalo,Joshua Shaik,0,1,1,full,,Praise Worship,unbroken-lines,https://waytochurch.com/lyrics/song/24849
24851-srushtikarthavu-rakshanakarthavu.json,24851,Srushtikarthavu Rakshanakarthavu,Pastor J Devanand Kumar,3,1,1,full,,Praise Worship,unbroken-lines,https://waytochurch.com/lyrics/song/24851
24861-nee-pilupe-naa-dhari-chere-neethoti-naa-snehamaa.json,24861,Nee Pilupe Naa Dhari Chere Neethoti Naa Snehamaa,"Joshua Shaik, Passion For Christ Ministries",2,1,1,full,,Thanks Giving,unbroken-lines,https://waytochurch.com/lyrics/song/24861
24887-na-thodu-neevu-nilachithive.json,24887,Na Thodu Neevu Nilachithive,Pastor D  Chrisostam,2,1,1,full,Vocals - Dr.Shiny,Thanks Giving,unbroken-lines,https://waytochurch.com/lyrics/song/24887
24888-oohinchalenu-prabhu-nee-mamathanu.json,24888,Oohinchalenu Prabhu Nee Mamathanu,Joshua Shaik,2,1,1,full,Passion For Christ Ministries,Thanks Giving,unbroken-lines,https://waytochurch.com/lyrics/song/24888
24891-anjali-ghatiyinchinaamu.json,24891,Anjali Ghatiyinchinaamu,Late K Yohan Babu,0,3,1,full,A Carnatic Classical Fusion,Gospel,unbroken-lines,https://waytochurch.com/lyrics/song/24891
24899-yesu-nee-adbutha-prema-nenela-marichedha-devaa.json,24899,Yesu Nee Adbutha Prema Nenela Marichedha Devaa,Joel Kodali,2,0,0,full,,Gods LoveThanks Giving,unbroken-lines,https://waytochurch.com/lyrics/song/24899
24901-neeve-yesu-desamula-yokka-korika-yokka-korika.json,24901,Neeve Yesu Desamula Yokka Korika Yokka Korika,Julie Danelle,0,5,1,full,,Praise Worship,unbroken-lines,https://waytochurch.com/lyrics/song/24901
24904-samarpinchedhanu-samasthamu.json,24904,Samarpinchedhanu Samasthamu,Aneel Pagolu,0,1,1,full,,Faith,unbroken-lines,https://waytochurch.com/lyrics/song/24904
24908-nee-melulu-vivarimpa-tharamaa.json,24908,Nee Melulu Vivarimpa Tharamaa,Suresh Nittala,3,1,1,partial,"Sharon Sisters, Nittala Mary Susheela",Thanks Giving,unbroken-lines,https://waytochurch.com/lyrics/song/24908
24909-emmanuelai-cheekati-gadiyalalo.json,24909,EMMANUELAI Cheekati Gadiyalalo,ANU SAMUEL,0,11,1,full,Music : PRANITH PAUL,Christmas,unbroken-lines,https://waytochurch.com/lyrics/song/24909
24913-viswaasa-vanithalam-yehova-needana-nivaasulam.json,24913,Viswaasa Vanithalam Yehova Needana Nivaasulam,"Joshua Shaik, Passion For Christ Ministries",3,1,1,full,,Faith,unbroken-lines,https://waytochurch.com/lyrics/song/24913
24914-nee-sannidhilo-aanandhamey-nee-sevaloney-santhos.json,24914,Nee Sannidhilo Aanandhamey Nee Sevaloney Santhoshamey,Joshua Shaik,2,1,1,full,NEE SANNIDHILO,Praise Worship,unbroken-lines,https://waytochurch.com/lyrics/song/24914
24915-nee-krupa-nenemainaa.json,24915,Nee Krupa Nenemainaa,Timothy Vemulapally,3,9,1,full,,Gods Love,unbroken-lines; stanza-count-mismatch te=0 en=3,https://waytochurch.com/lyrics/song/24915
24916-ravikoti-thejudu-naa-devude-naaku-praana-snehith.json,24916,Ravikoti Thejudu Naa Devude Naaku Praana Snehithudu,Kranthi Chepuri,0,1,1,full,RAVIKOTI THEJUDU,Thanks Giving,unbroken-lines,https://waytochurch.com/lyrics/song/24916
24918-ninnu-nammi-vacchi-ne-siggu-chendhaledhu.json,24918,Ninnu Nammi Vacchi Ne Siggu Chendhaledhu,John Jebaraj,0,1,1,full,Levi ministries,Thanks Giving,unbroken-lines,https://waytochurch.com/lyrics/song/24918
24920-abrahamu-devudavu-neeve-yesayya.json,24920,Abrahamu Devudavu Neeve Yesayya,Sumanth Gudivada,2,1,1,full,Bhayamela [JOEL 2:21],Thanks Giving,unbroken-lines,https://waytochurch.com/lyrics/song/24920
24921-nee-thodu-unte-chaalu-maakentho-melu.json,24921,Nee Thodu Unte Chaalu Maakentho Melu,Pastor Prasad Nelapudi,2,1,1,full,,Hope,unbroken-lines,https://waytochurch.com/lyrics/song/24921
24923-sarwesvaruni-dharshanamukai.json,24923,Sarwesvaruni Dharshanamukai,Pastor Nithin Parvathaneni,0,1,1,full,,Praise Worship,unbroken-lines,https://waytochurch.com/lyrics/song/24923
24924-vellipove-gathamaa-chellubaatu-kaavu-neevika.json,24924,Vellipove Gathamaa Chellubaatu Kaavu Neevika,Sayaram Gattu,0,1,1,full,Vocals: Sis. Sreshta Karmoji,Gospel,unbroken-lines,https://waytochurch.com/lyrics/song/24924
24925-kanna-kalale-dhooramai-nenippudu.json,24925,Kanna Kalale Dhooramai Nenippudu,Reshma Reigna,0,3,1,full,,Confession,unbroken-lines,https://waytochurch.com/lyrics/song/24925
24927-ye-stithilonaina-ninnu-preminche-vaaniga.json,24927,Ye Stithilonaina Ninnu Preminche Vaaniga,Pastor Vinod Kumar,2,2,1,full,,Faith,unbroken-lines,https://waytochurch.com/lyrics/song/24927
24930-sathakoti-vandhanaalu-na-yesayya.json,24930,Sathakoti Vandhanaalu Na Yesayya,John Kennedy Bethapudi,0,1,1,full,,Christmas,unbroken-lines,https://waytochurch.com/lyrics/song/24930
24931-yesayya-janminche-nee-korake.json,24931,Yesayya Janminche Nee Korake,DBS Raju,0,1,1,full,,Christmas,unbroken-lines,https://waytochurch.com/lyrics/song/24931
24933-nannedhiyu-kadhapaledhayya.json,24933,Nannedhiyu Kadhapaledhayya,K Y Ratnam,0,1,2,full,,Faith,unbroken-lines,https://waytochurch.com/lyrics/song/24933
24934-eththana-paer-ennai-thuraththinaalum.json,24934,Eththana Paer Ennai Thuraththinaalum,A R Stevenson,0,1,1,full,,Christmas,unbroken-lines,https://waytochurch.com/lyrics/song/24934
24935-parisuthathil-neer-magathuvam-ullavarae.json,24935,Parisuthathil Neer Magathuvam Ullavarae,Sayaram Gattu,0,1,1,full,,Christmas,unbroken-lines,https://waytochurch.com/lyrics/song/24935
24936-ningi-nela-yekamayenu-raaraajuni-chooda.json,24936,Ningi Nela Yekamayenu Raaraajuni Chooda,KY Ratnam,0,1,1,full,,Christmas,unbroken-lines,https://waytochurch.com/lyrics/song/24936
24937-chettunaku-manchu-unnatlugaa.json,24937,Chettunaku Manchu Unnatlugaa,A R Stevenson,0,1,1,full,,ChristmasPraise Worship,unbroken-lines,https://waytochurch.com/lyrics/song/24937
24939-ravi-koti-thejudu-mahimalo-nivasinchu-sarvonnath.json,24939,Ravi Koti Thejudu Mahimalo Nivasinchu Sarvonnathudu,Prasad Nelapudi,0,1,1,full,RAVIKOTI THEJUDU,Christmas,unbroken-lines,https://waytochurch.com/lyrics/song/24939
24940-yesu-puttenu-rakshanochenu.json,24940,Yesu Puttenu Rakshanochenu,Philip gariki,2,1,1,partial,,Christmas,unbroken-lines; stanza-count-mismatch te=2 en=1,https://waytochurch.com/lyrics/song/24940
24941-mahimonnathudu-sarvasakthimanthudu.json,24941,Mahimonnathudu Sarvasakthimanthudu,Sukumar,0,1,1,full,,ChristmasPraise Worship,unbroken-lines,https://waytochurch.com/lyrics/song/24941
24942-naa-yesu-naadha-neeve.json,24942,Naa Yesu Naadha Neeve,Joshua Shaik,0,1,1,full,,Christmas,unbroken-lines,https://waytochurch.com/lyrics/song/24942
24943-aadhilo-emi-lenappudu.json,24943,Aadhilo Emi Lenappudu,Yohan Kadiyala,0,1,1,full,,ChristmasPraise Worship,unbroken-lines,https://waytochurch.com/lyrics/song/24943
24945-happy-happy-christmas-antu-aarbhatinchedham.json,24945,Happy Happy Christmas Antu Aarbhatinchedham,P Methushelah,0,1,1,full,,Christmas,unbroken-lines,https://waytochurch.com/lyrics/song/24945
24949-nee-aasheervaadham-pondhina-kutumbam.json,24949,Nee Aasheervaadham Pondhina Kutumbam,Pastor David Paluri,2,1,1,full,,Benediction,unbroken-lines,https://waytochurch.com/lyrics/song/24949
24951-randi-raarandooy-yesayyanu-chusoddaam.json,24951,Randi Raarandooy Yesayyanu Chusoddaam,David Marumulla,2,1,1,full,,Christmas,unbroken-lines; stanza-count-mismatch te=0 en=2,https://waytochurch.com/lyrics/song/24951
24952-yesuraju-puttinadule-halleluya-paadeddhama.json,24952,Yesuraju Puttinadule Halleluya Paadeddhama,KY Ratnam,0,1,1,full,Voice : Apphia Katikala,Christmas,unbroken-lines,https://waytochurch.com/lyrics/song/24952
24953-mahonnathuda-maaranivaada.json,24953,Mahonnathuda Maaranivaada,Victor Rampogu,0,1,1,full,,ChristmasPraise Worship,unbroken-lines,https://waytochurch.com/lyrics/song/24953
24954-udayinchinaadu-chudu-nesthamaa.json,24954,Udayinchinaadu Chudu Nesthamaa,Glory City Prabhakar,0,1,1,full,,Christmas,unbroken-lines,https://waytochurch.com/lyrics/song/24954
24955-anukshnnam-nii-krupaloo-pratidinam-nii-sannidilo.json,24955,Anukshnnam Nii Krupaloo Pratidinam Nii Sannidiloo,Glory City Prabhakar,0,1,1,full,,ChristmasNew Year,unbroken-lines,https://waytochurch.com/lyrics/song/24955
24959-nee-chethilo-oka-kalamuga-chithrinche-kunchega.json,24959,Nee Chethilo Oka Kalamuga Chithrinche Kunchega,Dr Noah R Ajay Kumar,2,1,1,full,,Thanks Giving,unbroken-lines,https://waytochurch.com/lyrics/song/24959
24960-telugu-christmas-mashup-nara-janmamethi.json,24960,Telugu Christmas Mashup Nara Janmamethi,,0,1,1,full,"Kenny Salvadi , Vocals: Merlyn Salvadi, Blessy Simon, Hoglah Leena, Hemanth , Sundeep, Kenny Salvadi, Daniel Prem",Christmas,unbroken-lines,https://waytochurch.com/lyrics/song/24960
24963-song.json,24963,వచ్చావయ్యా భువికేతెంచావయ్యా,Pastor A Yesu Babu,2,1,0,none,,Christmas,no-english-lyrics; unbroken-lines; stanza-count-mismatch te=2 en=0; title-telugu-only,https://waytochurch.com/lyrics/song/24963
24964-maa-thoduga-neevundutaku.json,24964,Maa Thoduga Neevundutaku,Johnson Nakiekanti,0,1,1,full,,Christmas,unbroken-lines,https://waytochurch.com/lyrics/song/24964
24965-neevenayya-neevenayya-na-sarwamu-neevenayya.json,24965,Neevenayya Neevenayya Na Sarwamu Neevenayya,"David Parla , Prasanth Geddam",2,1,1,full,"Ft. David Parla,Sammy Thangiah,Rev Paul Emmanuel",Praise Worship,unbroken-lines,https://waytochurch.com/lyrics/song/24965
24966-kreesthu-nedu-puttenu.json,24966,Kreesthu Nedu Puttenu,Moses Undru,0,1,1,full,,Christmas,unbroken-lines,https://waytochurch.com/lyrics/song/24966
24970-srushtikartha-devudu-manakai-ila-srushtigaa-maar.json,24970,Srushtikartha Devudu Manakai Ila Srushtigaa Maarenu,,0,1,1,full,"Dr John Wesly, Mrs Blessie Wesly",Christmas,unbroken-lines,https://waytochurch.com/lyrics/song/24970
24972-sainyamulaku-adhipathivi-raajulake-raajuvu.json,24972,Sainyamulaku Adhipathivi Raajulake Raajuvu,Sam K Kiran,2,1,1,full,"Vocals - PHILIP GARIKI, Sharon Philip, Lillian Christopher & Hana Joyce",Christmas,unbroken-lines,https://waytochurch.com/lyrics/song/24972
24974-na-sarwamu-nevenaya.json,24974,Na Sarwamu Nevenaya,,2,1,1,full,"Ft. David Parla,Sammy Thangiah,Rev Paul Emmanuel,Joel Sastry",Praise Worship,unbroken-lines,https://waytochurch.com/lyrics/song/24974
24977-loka-rakshakudu-mana-korakudhayinchenu.json,24977,Loka Rakshakudu Mana Korakudhayinchenu,Samuel Karmoji,0,1,1,full,Yesu Nee Maata Chalu,Christmas,unbroken-lines,https://waytochurch.com/lyrics/song/24977
24981-sarvonnathamaina-sthalamulalo-devuniki-mahimayu.json,24981,Sarvonnathamaina Sthalamulalo Devuniki Mahimayu,"Pastor Freddy Paul, Hosanna Ministries",0,1,1,full,,Christmas,unbroken-lines,https://waytochurch.com/lyrics/song/24981
24983-poorna-hrudhayamutho-poorna-aathmatho.json,24983,Poorna Hrudhayamutho Poorna Aathmatho,Joel Kodali,2,1,1,full,,Praise Worship,unbroken-lines,https://waytochurch.com/lyrics/song/24983
24984-janminchinaadu-sri-yesuraaju-bethlehemandhuna.json,24984,Janminchinaadu Sri Yesuraaju Bethlehemandhuna,pastor Dr  Pammi Daniel,0,1,1,full,,Christmas,unbroken-lines,https://waytochurch.com/lyrics/song/24984
24985-gnaanulu-choodavelliri-bethlehemu-puramunaku.json,24985,Gnaanulu Choodavelliri Bethlehemu Puramunaku,Samy Pachigalla,2,1,1,full,,Christmas,unbroken-lines,https://waytochurch.com/lyrics/song/24985
24986-chukkallo-chakkani-chukka-puttindi-hey-hey-hey.json,24986,Chukkallo Chakkani Chukka Puttindi Hey Hey Hey,Pastor Pandu Prem Kumar,0,9,1,full,,Christmas,unbroken-lines,https://waytochurch.com/lyrics/song/24986
24990-yeduru-choosing-koala-pratyaksha-parichenu-divam.json,24990,Yeduru Choosing Koala Pratyaksha Parichenu Divam,Pappula Yesu Daasu,5,1,1,full,,Christmas,unbroken-lines,https://waytochurch.com/lyrics/song/24990
24991-ooru-vaada-sambaramenanta.json,24991,Ooru Vaada Sambaramenanta,Raju Richards,0,1,1,full,,Christmas,unbroken-lines,https://waytochurch.com/lyrics/song/24991
24993-sandhadi-5.json,24993,Sandhadi 5,"Azuba Daniel kalyanapu, Dr Shalem Raj kalyanapu",3,1,1,full,,Christmas,unbroken-lines; stanza-count-mismatch te=0 en=3,https://waytochurch.com/lyrics/song/24993
24994-saricheyunu-kanumarugu-cheyudhunanevaaredhuta.json,24994,Saricheyunu - Kanumarugu Cheyudhunanevaaredhuta,Pastor John Jebaraj (Tamil),0,1,1,full,"JESUS Calls Telugu : Paul Dhinakaran, Evangeline Paul Dhinakaran, Samuel Dhinakar",Faith,unbroken-lines,https://waytochurch.com/lyrics/song/24994
25000-kanyaka-garbhamu-dharinchunanumaata-pravachanamu.json,25000,Kanyaka Garbhamu Dharinchunanumaata Pravachanamu,Vijay Prasad Reddy,2,1,1,full,,Christmas,unbroken-lines,https://waytochurch.com/lyrics/song/25000
25002-puttinadammaa-yesayya-puttinadammaa.json,25002,Puttinadammaa Yesayya Puttinadammaa,Dr  John Wesly,0,4,1,full,,Christmas,unbroken-lines,https://waytochurch.com/lyrics/song/25002
25005-alankarinchunu-naa-manassaa-aayana-marachunaa.json,25005,Alankarinchunu - Naa Manassaa Aayana Marachunaa,Ps  John Jebaraj,0,1,1,full,"JESUS Calls Telugu : Dr. Paul Dhinakaran, Samuel Dhinakaran, Stella Ramola, Br.Allen Ganta, Pr. Enosh Kumar ,Br.Jonah Samuel, Br.John Erry, Sis.Merlyn Salvadi, Srestha Karmoji, Anu Samuel",Faith,unbroken-lines,https://waytochurch.com/lyrics/song/25005
25007-jeevamaina-yesu-naalo-pravahinchaali.json,25007,Jeevamaina Yesu Naalo Pravahinchaali,N Ravi vincent,0,1,0,none,,GospelFaith,no-english-lyrics; unbroken-lines,https://waytochurch.com/lyrics/song/25007
25042-neethi-surya-thejomayudaa.json,25042,Neethi Surya Thejomayudaa,Jeeva R Pakerla featuring Elfe Choir,3,1,1,full,Srastha 3,Praise Worship,unbroken-lines,https://waytochurch.com/lyrics/song/25042
25043-krupa-kaligina-devaa-naa-yehovaa.json,25043,Krupa Kaligina Devaa Naa Yehovaa,King Joshua,2,1,1,full,,Praise Worship,unbroken-lines,https://waytochurch.com/lyrics/song/25043
26848-devaa-neevu-chesina-melulenno.json,26848,Devaa Neevu Chesina Melulenno,"Raja Mandru , Bro  Bharath",0,1,1,full,,,unbroken-lines,https://waytochurch.com/lyrics/song/26848
26849-daya-choopumayaa-ee-dhaatripaina.json,26849,Daya Choopumayaa Ee Dhaatripaina,M Paul Bhaskar,0,1,1,full,,,unbroken-lines,https://waytochurch.com/lyrics/song/26849
26851-devaa-maa-praarthana-vinavaa.json,26851,Devaa Maa Praarthana Vinavaa,Pastor John Wesley,0,1,1,full,,,unbroken-lines,https://waytochurch.com/lyrics/song/26851
26906-naaku-aadharamaina-yesayya.json,26906,Naaku Aadharamaina Yesayya,"Pastor K Solomon Raju , Christ Gospel Ministries, Guntur",0,1,1,full,Naa Jeevadaatha (2004),Thanks Giving,unbroken-lines,https://waytochurch.com/lyrics/song/26906
26908-yehova-raapha-soukhyamicchuvaadu.json,26908,Yehova Raapha Soukhyamicchuvaadu,"David Parla , Pastor Benjamin",2,0,0,full,,Praise Worship,unbroken-lines,https://waytochurch.com/lyrics/song/26908
26909-anni-saadhyame-yesulo-nannu-balaparachu-yesu-nan.json,26909,ANNI SAADHYAME YESULO Nannu Balaparachu Yesu Nande Nenu,Kranthi Chepuri,0,1,2,full,Music : Hadlee Xavier,Faith,unbroken-lines,https://waytochurch.com/lyrics/song/26909
26910-emmanuelu-deva-naatho-unnavaadaa.json,26910,Emmanuelu Deva Naatho Unnavaadaa,Deepak Dinakar,0,1,1,full,,Faith,unbroken-lines,https://waytochurch.com/lyrics/song/26910
26918-bahu-soundharya-seeyonulo-sthuthi-simhaasanaasee.json,26918,Bahu Soundharya Seeyonulo Sthuthi Simhaasanaaseenudaa,,0,1,1,full,Adviteeyuda,Praise Worship,unbroken-lines,https://waytochurch.com/lyrics/song/26918
26921-naa-korika-nee-pranaalika-parimalinchaalani.json,26921,Naa Korika Nee Pranaalika Parimalinchaalani,,0,1,1,full,Adviteeyuda,Faith,unbroken-lines,https://waytochurch.com/lyrics/song/26921
26923-jeevapradhaathavu-nanu-roopinchina-silpivi-neeve.json,26923,Jeevapradhaathavu Nanu Roopinchina Silpivi Neeve Prabhu,,0,1,1,full,Adviteeyuda,Praise Worship,unbroken-lines,https://waytochurch.com/lyrics/song/26923
26926-nen-emathramu-inthavaraku-neevu-nannu-nadipinchu.json,26926,NEN EMATHRAMU Inthavaraku Neevu Nannu Nadipinchutaku,Ps  BENNY JOSHUA,0,1,1,full,Music: STANLEY STEPHEN,Thanks Giving,unbroken-lines,https://waytochurch.com/lyrics/song/26926
26928-adviteeyuda-nannelu-daivamaa.json,26928,Adviteeyuda Nannelu Daivamaa,Hosanna Ministries Guntur,0,1,1,full,Adviteeyuda,Praise Worship,unbroken-lines,https://waytochurch.com/lyrics/song/26928
26929-pelli-kuthuru-andhamaina-manasuku-nenoka-chakkan.json,26929,Pelli Kuthuru Andhamaina Manasuku Nenoka Chakkani Roopam,Bro  Sayaram Gattu,0,1,1,full,Music : Prasanth Penumaka,Marriage,unbroken-lines,https://waytochurch.com/lyrics/song/26929
26931-maranamu-jayinchenu.json,26931,Maranamu Jayinchenu,Dr  Jaya Paul Ravela,0,7,1,full,,Easter,,https://waytochurch.com/lyrics/song/26931
26932-nija-snehithuda-naa-chelimi-kori-nee-kalimi-veed.json,26932,NIJA SNEHITHUDA Naa Chelimi Kori Nee Kalimi Veedi,JOSHUA KATTA,0,1,1,full,Music: HADLEE XAVIER,Good Friday,unbroken-lines,https://waytochurch.com/lyrics/song/26932
26934-siluvapaina-prema-chupa-maranamaayenu.json,26934,Siluvapaina Prema Chupa Maranamaayenu,Jeeva R Pakerla,2,1,1,full,Srastha 3,Good Friday,unbroken-lines,https://waytochurch.com/lyrics/song/26934
26940-bhayamedhainaa-ippudu-neelo-unnadhaa.json,26940,Bhayamedhainaa Ippudu Neelo Unnadhaa,Susanna Esther Geddam,2,1,1,full,Prerana,Gods Power,unbroken-lines,https://waytochurch.com/lyrics/song/26940
26943-endhukani-nenante-intha-prema.json,26943,Endhukani Nenante Intha Prema,Joshua Shaik,2,1,1,full,,Gods Love,unbroken-lines,https://waytochurch.com/lyrics/song/26943
26946-sadha-neevu-na-thoduga-yesaiyah.json,26946,Sadha Neevu Na Thoduga Yesaiyah,Joshua Shaik,2,1,1,full,,,unbroken-lines,https://waytochurch.com/lyrics/song/26946
26948-naa-pourasthithi-paramandhunnadhi.json,26948,Naa Pourasthithi Paramandhunnadhi,A R Stevenson,0,1,1,full,,,unbroken-lines,https://waytochurch.com/lyrics/song/26948
26949-kantiki-reppalaa-nanu-kaachinaavayyaa.json,26949,Kantiki Reppalaa Nanu Kaachinaavayyaa,Manoj David,0,1,1,full,,,unbroken-lines,https://waytochurch.com/lyrics/song/26949
26950-ye-bhayamu-naku-lene-ledhu-ga-neevu-thodundaga.json,26950,Ye Bhayamu Naku Lene Ledhu Ga Neevu Thodundaga,Pastor Vinod Kumar,0,3,1,full,,,unbroken-lines,https://waytochurch.com/lyrics/song/26950
27520-o-priya-sodharuda-o-priya-sodhari-etu.json,27520,O Priya Sodharuda O Priya Sodhari Etu,,1,1,0,none,Zion Youth Songs Telugu,Zion SongsGospelGospel,no-english-lyrics; unbroken-lines; stanza-count-mismatch te=1 en=0,https://waytochurch.com/lyrics/song/27520
27529-saripodhu-aradhana.json,27529,Saripodhu Aradhana,Syaram Gattu,0,1,1,full,"Music: Prasanth Penumaka, Vocals: Bro. Nissy John Burre & Bro. Surya Prakash Injarapu",Praise Worship,unbroken-lines,https://waytochurch.com/lyrics/song/27529
27535-ebenejaru-ebenesare-ebinejare-ebinesare-nenu-naa.json,27535,Ebenejaru Ebenesare Ebinejare Ebinesare - Nenu Naa Illu Naa Intivaarandharu,John Jebaraj,0,6,1,full,"Samuel Joseph, John Jebaraj",Praise Worship,unbroken-lines,https://waytochurch.com/lyrics/song/27535
27553-ninu-poli-nenu.json,27553,Ninu Poli Nenu,Annie Margaret,0,1,1,full,Music: Bro Enosh Jagan,Gods Love,unbroken-lines,https://waytochurch.com/lyrics/song/27553
27559-aakaasha-veedhullo-aanandham-aa-ningi-thaarallo-.json,27559,Aakaasha Veedhullo Aanandham Aa Ningi Thaarallo Ullaasam,Joshua Shaik,2,1,1,full,,,unbroken-lines,https://waytochurch.com/lyrics/song/27559
27570-nii-chitthamu-sampuurthigaa-naalo.json,27570,Nii Chitthamu Sampuurthigaa Naalo,,2,1,1,full,,,unbroken-lines; stanza-count-mismatch te=0 en=2,https://waytochurch.com/lyrics/song/27570
27571-akasa-gaganana-mersindhi-taraka.json,27571,Akasa Gaganana Mersindhi Taraka,Ch Usha,0,1,0,none,Vocals: John Hosanna,Christmas,no-english-lyrics; unbroken-lines,https://waytochurch.com/lyrics/song/27571
27572-sakalaaseervaadhamula-kaarannabhuutuhdaa.json,27572,Sakalaaseervaadhamula Kaarannabhuutuhdaa,A R Stevenson,3,1,1,full,,,unbroken-lines,https://waytochurch.com/lyrics/song/27572
27573-veladi-duuthalathoo-nithyamu-ninu-stuthinthunu.json,27573,Veladi Duuthalathoo Nithyamu Ninu Stuthinthunu,Ephraim Palutla,0,1,1,full,,,unbroken-lines,https://waytochurch.com/lyrics/song/27573
27574-mariyaa-tanayudai-manujaavathaarudai.json,27574,Mariyaa Tanayudai Manujaavathaarudai,Suresh Nittala,3,1,1,full,,,unbroken-lines,https://waytochurch.com/lyrics/song/27574
27575-chakkani-baaludamma-chuudachakkangaa-unnaadammaa.json,27575,Chakkani Baaludamma Chuudachakkangaa Unnaadammaa,Suneel,0,1,1,full,,,unbroken-lines,https://waytochurch.com/lyrics/song/27575
27579-paata-paadaala-vaadyamu-mrogaala.json,27579,Paata Paadaala Vaadyamu Mrogaala,A R Stevenson,3,1,1,full,,,unbroken-lines,https://waytochurch.com/lyrics/song/27579
27580-chandamaama-chandamaama.json,27580,Chandamaama Chandamaama,Asha Ashirwadh Shaik,2,1,1,full,,,unbroken-lines,https://waytochurch.com/lyrics/song/27580
27584-aanandam-aanandamea-raaraaju-putteanani.json,27584,Aanandam Aanandamea Raaraaju Putteanani,Teja Emmanuel,2,1,1,full,,,unbroken-lines,https://waytochurch.com/lyrics/song/27584
27588-bethelehemulo-panduga-panduga.json,27588,Bethelehemulo Panduga Panduga,,0,1,1,full,,,unbroken-lines,https://waytochurch.com/lyrics/song/27588
27589-bethlahahemulo-vintha.json,27589,BETHLAHAHeMULO VINTHA,,2,1,0,none,,Christmas,no-english-lyrics; unbroken-lines; stanza-count-mismatch te=2 en=0,https://waytochurch.com/lyrics/song/27589
27590-samrakshakaa-vimochakaa.json,27590,Samrakshakaa Vimochakaa,Pastor Dr  Pammi Daniel,0,1,1,full,,Christmas,unbroken-lines,https://waytochurch.com/lyrics/song/27590
27594-asalaina-christmas-mana-jeevithamey.json,27594,Asalaina Christmas Mana Jeevithamey,Jonah Samuel,0,1,1,full,,Christmas,unbroken-lines,https://waytochurch.com/lyrics/song/27594
27597-ninu-vidichi-na-hrudhayam-parithapinche-nee-kosa.json,27597,Ninu Vidichi Na Hrudhayam Parithapinche Nee Kosamu,,0,2,3,full,,,unbroken-lines,https://waytochurch.com/lyrics/song/27597
27598-oka-aasa-undayyaa-naa-koorika-theerchayyaa.json,27598,Oka Aasa Undayyaa Naa Koorika Theerchayyaa,Pastor Anand Babu,3,1,1,full,,Christmas,unbroken-lines,https://waytochurch.com/lyrics/song/27598
27601-aa-raatrilo-ningilo-oka-taara-goppa-tejamutho-pr.json,27601,Aa Raatrilo Ningilo Oka Taara Goppa Tejamutho Prabhavinchenu Aa Reyi,M Prasanna kumar,3,1,1,full,,Christmas,unbroken-lines,https://waytochurch.com/lyrics/song/27601
27602-aa-madhya-raathrilo-bethlehemu-puramulo.json,27602,Aa Madhya Raathrilo Bethlehemu Puramulo,Medidi Prasanna kumar,0,1,1,full,,Christmas,unbroken-lines,https://waytochurch.com/lyrics/song/27602
27603-mary-thelusa-ni-kumaarudu.json,27603,Mary Thelusa Ni Kumaarudu,,0,1,1,full,,Christmas,unbroken-lines,https://waytochurch.com/lyrics/song/27603
27606-nuuthanaparachumu-mamu-nadipinchumu.json,27606,Nuuthanaparachumu Mamu Nadipinchumu,Prabhod Kumar Adusumilli,0,1,1,full,,Christmas,unbroken-lines,https://waytochurch.com/lyrics/song/27606
27607-janminchea-yeasayya-naa-loonaa.json,27607,Janminchea Yeasayya Naa Loonaa,Jyothi Manohar,3,1,1,full,,Christmas,unbroken-lines,https://waytochurch.com/lyrics/song/27607
27612-nannerigina-devudavu.json,27612,Nannerigina Devudavu,"Dr  Paul Dhinakaran, Evangeline Dhinakara , Daniel Davidson",3,1,1,full,,ChristmasGods Love,unbroken-lines,https://waytochurch.com/lyrics/song/27612
27613-sambaramaascharyaalatho-bhoomi-oopiri-bigabatten.json,27613,Sambaramaascharyaalatho Bhoomi Oopiri Bigabatteney,"Dr Shalem Raj, Azuba Daniel kalyanapu",0,1,1,full,Sandhadi 6,Christmas,unbroken-lines,https://waytochurch.com/lyrics/song/27613
27614-ninu-sthuthiyinchi-ganaparachi.json,27614,Ninu Sthuthiyinchi Ganaparachi,,0,6,0,none,,Thanks Giving,no-english-lyrics; unbroken-lines,https://waytochurch.com/lyrics/song/27614
27615-naa-thodugaa-neevu-nee-needalo-nenu.json,27615,Naa Thodugaa Neevu Nee Needalo Nenu,"Pastor Anand Jaykumar from Hosanna Ministries, Nellore",0,1,1,full,,Christmas,unbroken-lines,https://waytochurch.com/lyrics/song/27615
27619-nanu-yedabaayaka-padipooneeyaka-podiginchithivi-.json,27619,Nanu Yedabaayaka Padipooneeyaka Podiginchithivi Naa Jeevamu,A R Stevenson,3,1,1,partial,,Praise Worship,unbroken-lines; stanza-count-mismatch te=3 en=2,https://waytochurch.com/lyrics/song/27619
27620-naakai-dheenunigaa-bhuviki-vachinaavayaa.json,27620,Naakai Dheenunigaa Bhuviki Vachinaavayaa,Pastor Vinod Kumar,0,1,1,full,,Praise Worship,unbroken-lines,https://waytochurch.com/lyrics/song/27620
27621-dhevuni-aanandam-ninu-kammunu.json,27621,Dhevuni Aanandam Ninu Kammunu,Ps  John Jebaraj  | Concept: Dr  Paul Dhinakaran,2,1,1,full,"JESUS Calls Ministries , Music: Isaac D , Vocals - Dr. Paul Dhinakaran, Samuel Dhinakaran, Stella Ramola, Daniel Davidson, Sreshta karmoji, Pr Susanna Gedda, Br Samy Pachigala m,Akshaya, Br Hanok",New Year,unbroken-lines,https://waytochurch.com/lyrics/song/27621
27622-dinamulu-gaduchuchundagaa-nee-melutho-thrupthi-p.json,27622,Dinamulu Gaduchuchundagaa Nee Melutho Thrupthi Parachithivi,Tony Bandela,0,1,1,full,Neevey Naa Jeevam,New Year,unbroken-lines,https://waytochurch.com/lyrics/song/27622
27623-inthakaalam-nee-krupaloo.json,27623,Inthakaalam Nee Krupaloo,Sampath Kareti,2,1,1,full,Singer -Lillian Christopher,New Year,unbroken-lines; stanza-count-mismatch te=0 en=2,https://waytochurch.com/lyrics/song/27623
27628-neeve-neeve-neeve-maa-praanam.json,27628,Neeve Neeve Neeve Maa Praanam,Joshua Shaik,2,1,1,full,"Vocals : Haricharan, Sawai Bhatt",Praise Worship,unbroken-lines,https://waytochurch.com/lyrics/song/27628
27629-anni-veallalandu-mammu-kaapaadu-deavaa.json,27629,Anni Veallalandu Mammu Kaapaadu Deavaa,Pastor John Wesley,2,1,1,full,Vocals: Dr John Wesly & Mrs Blessie Wesly,New Year,unbroken-lines,https://waytochurch.com/lyrics/song/27629
27638-naa-sannidhi-neeku-thoduga-undunu-chettuku-manch.json,27638,Naa Sannidhi Neeku Thoduga Undunu Chettuku Manchu Vale,sister Sharon Praveen,3,1,1,full,Calvary Pastor Praveen,Gods Love,unbroken-lines; stanza-count-mismatch te=0 en=3,https://waytochurch.com/lyrics/song/27638
27639-nee-krupatho-nimpina-naa-jeevitham.json,27639,Nee Krupatho Nimpina Naa Jeevitham,"Pr William Carey , Esther",3,2,1,full,Noah Ministries - Tenali,Gods Love,unbroken-lines,https://waytochurch.com/lyrics/song/27639
27640-nannu-inthagaa-preminchina-naa-yesu-raajaa.json,27640,Nannu Inthagaa Preminchina Naa Yesu Raajaa,Sister Krupa Jeba,3,2,1,full,Hosanna Pentecostal Faith Ministries,New Year,unbroken-lines,https://waytochurch.com/lyrics/song/27640
27643-oohakandhanantha-unnatham.json,27643,Oohakandhanantha Unnatham,Dr A R Stevenson,0,1,0,none,Calvary Pastor Praveen,Gods Love,no-english-lyrics; unbroken-lines,https://waytochurch.com/lyrics/song/27643
27646-aagadhu-naa-payanam-siyonu-cherakundaa.json,27646,Aagadhu Naa Payanam Siyonu Cherakundaa,Pastor Jafanya Sastry,0,1,1,full,,,unbroken-lines,https://waytochurch.com/lyrics/song/27646
27648-mahoopakaaryamulu-ennoo-cheysina-mahoonnthudaa-n.json,27648,Mahoopakaaryamulu Ennoo Cheysina Mahoonnthudaa Naa Yesayya,John Wesley Pakalapati,0,1,1,full,,,unbroken-lines,https://waytochurch.com/lyrics/song/27648
27650-phaliyinchuta-nerpayya-naa-yesayyaa.json,27650,Phaliyinchuta Nerpayya Naa Yesayyaa,Pas  Daniel Raj,0,1,1,full,,,unbroken-lines,https://waytochurch.com/lyrics/song/27650
27653-yehovaa-naa-devaa-nee-dhayalo-kaayumaa.json,27653,Yehovaa Naa Devaa Nee Dhayalo Kaayumaa,P James,0,1,1,full,,,unbroken-lines,https://waytochurch.com/lyrics/song/27653
27654-maruvalenayaa-nee-madhurapremanu-mahoopakaari.json,27654,Maruvalenayaa Nee Madhurapremanu Mahoopakaari,Chandra Mohan,0,2,1,full,,,unbroken-lines,https://waytochurch.com/lyrics/song/27654
27655-pathi-udhayamu-nee-krupapondhi.json,27655,Pathi Udhayamu Nee Krupapondhi,Pastor Paul Praveen,0,1,1,full,,,unbroken-lines,https://waytochurch.com/lyrics/song/27655
27660-kunukavu-nidurapovu.json,27660,Kunukavu Nidurapovu,Pastor Jyothi Raju,0,1,1,full,,Praise Worship,unbroken-lines,https://waytochurch.com/lyrics/song/27660
27662-neelone-anandham-naa-deva.json,27662,Neelone Anandham Naa Deva,Bharat Mandru,2,1,1,full,Velpula Evan Mark Ronald,Praise Worship,unbroken-lines,https://waytochurch.com/lyrics/song/27662
27663-ne-namme-nammakamu-eppatiki-neeve.json,27663,Ne Namme Nammakamu Eppatiki Neeve,Benny Joshua,0,1,1,full,,,unbroken-lines,https://waytochurch.com/lyrics/song/27663
27664-kaapaadunu-nannu-kaapaadunu.json,27664,Kaapaadunu Nannu Kaapaadunu,Mohan C Lazarus,0,1,1,full,,,unbroken-lines,https://waytochurch.com/lyrics/song/27664
27665-andam-soundaryam-sirisampadhalu.json,27665,Andam Soundaryam Sirisampadhalu,Ch Shiva,0,1,1,full,,,unbroken-lines,https://waytochurch.com/lyrics/song/27665
27667-prathi-dhinamu-noothana-vaathsalyam-choope-yesay.json,27667,Prathi Dhinamu Noothana Vaathsalyam Choope Yesayya,P J Stephen Paul,0,1,1,full,,,unbroken-lines,https://waytochurch.com/lyrics/song/27667
27672-veyyendloka-yugamaina-gadichindhi-kshannamegaa.json,27672,Veyyendloka Yugamaina Gadichindhi Kshannamegaa,Lazarus Prasanna Babu,0,1,1,full,2024 JAYASHALI SONGS,,unbroken-lines,https://waytochurch.com/lyrics/song/27672
27673-balulu-arpinchutakante-nee.json,27673,Balulu Arpinchutakante Nee,Amara Kumari,2,1,1,full,,,unbroken-lines,https://waytochurch.com/lyrics/song/27673
27679-vinare-narularaa-vinthaina-dhevuni-prema.json,27679,Vinare Narularaa Vinthaina Dhevuni Prema,Lazarus Prassana Babu,0,1,1,full,,,unbroken-lines,https://waytochurch.com/lyrics/song/27679
27680-nanu-kalugajesina-vidhamu-thalaposina.json,27680,Nanu Kalugajesina Vidhamu Thalaposina,A R Stevenson,0,1,1,full,,,unbroken-lines,https://waytochurch.com/lyrics/song/27680
27683-saathwikamunu-kanaparachavalenu.json,27683,Saathwikamunu Kanaparachavalenu,A R Stevenson,3,1,1,full,,Gospel,unbroken-lines,https://waytochurch.com/lyrics/song/27683
27687-inti-peru-thallidhandrulevarainaa-inti-peredhi-n.json,27687,Inti Peru Thallidhandrulevarainaa Inti Peredhi Neekunnaa,,2,1,1,full,,Gospel,unbroken-lines,https://waytochurch.com/lyrics/song/27687
27691-sarvonathuda-vijayaveeruda.json,27691,Sarvonathuda Vijayaveeruda,Pastor A Moses,0,1,1,full,,,unbroken-lines,https://waytochurch.com/lyrics/song/27691
27692-parishuddhudu-athiparishuddhudu-nannu-nadupuchun.json,27692,Parishuddhudu Athiparishuddhudu Nannu Nadupuchunna Naa Goppa Dhevudu,Bishop Dr Daniel Paul,0,1,1,full,,,unbroken-lines,https://waytochurch.com/lyrics/song/27692
27693-chudaali-ninne-nenu-yesayyaa.json,27693,Chudaali Ninne Nenu Yesayyaa,,0,1,1,full,,,unbroken-lines,https://waytochurch.com/lyrics/song/27693
27694-chaalayyaa-chaalayyaa-nee-krupa-chaalayyaa.json,27694,Chaalayyaa Chaalayyaa Nee Krupa Chaalayyaa,Amara Kumari,0,1,1,full,,,unbroken-lines,https://waytochurch.com/lyrics/song/27694
27698-kalyaana-raagam-saagindhi-mangalavaadhyam-mrogin.json,27698,Kalyaana Raagam Saagindhi Mangalavaadhyam Mrogindhi,A R Stevenson,0,1,1,full,,,unbroken-lines,https://waytochurch.com/lyrics/song/27698
27704-taragani-nee-prema-virivigi-naloo-sirulukuripich.json,27704,Taragani Nee Prema Virivigi Naloo Sirulukuripichene,Ps Subhakar Rao,0,1,1,full,,,unbroken-lines,https://waytochurch.com/lyrics/song/27704
27707-neelaa-nenuntaanayyaa-naalo-nee-vuntenayyaa.json,27707,Neelaa Nenuntaanayyaa Naalo Nee Vuntenayyaa,Pastor J Kumar,0,1,1,full,,,unbroken-lines,https://waytochurch.com/lyrics/song/27707
27709-dheva-dheva-dheva-dhivinunna-dhevaa.json,27709,Dheva Dheva Dheva Dhivinunna Dhevaa,Devadas Mungamuri,0,1,1,full,Srastha 3,,unbroken-lines,https://waytochurch.com/lyrics/song/27709
27710-ninnu-nenu-viduvannayya-dhevaanannu-dheevinchuva.json,27710,Ninnu Nenu Viduvannayya Dhevaanannu Dheevinchuvarakoo,Raja Mandru,0,1,1,full,,,unbroken-lines,https://waytochurch.com/lyrics/song/27710
27712-noothana-kriyalu-cheyuchunnaavani-neevu-selaviyy.json,27712,Noothana Kriyalu Cheyuchunnaavani Neevu Selaviyyagaa,Pastor Praveen,0,1,1,full,,,unbroken-lines,https://waytochurch.com/lyrics/song/27712
27715-preminchi-nannu-naa-priya-yesu.json,27715,Preminchi Nannu Naa Priya Yesu,Joshua Shaik,0,1,1,full,,,unbroken-lines,https://waytochurch.com/lyrics/song/27715
27716-siluva-veeruda-suvartha-yodhuda.json,27716,Siluva Veeruda Suvartha Yodhuda,Dr  Issac Raj Alanka,0,1,1,full,,,unbroken-lines,https://waytochurch.com/lyrics/song/27716
27717-chethakaakapoyinaa-phalithamemi-thekunnaa.json,27717,Chethakaakapoyinaa Phalithamemi Thekunnaa,Pastor Jafanya Sastry,0,1,1,full,,,unbroken-lines,https://waytochurch.com/lyrics/song/27717
27718-ennenno-melulatho-nanu-dheevinchaavu.json,27718,Ennenno Melulatho Nanu Dheevinchaavu,Sayaram Gattu,0,1,1,full,,,unbroken-lines,https://waytochurch.com/lyrics/song/27718
27720-oh-krottha-paatapaadi-naa-yesayya-edhuta.json,27720,Oh Krottha Paatapaadi Naa Yesayya Edhuta,Daniel M,0,1,1,full,,,unbroken-lines,https://waytochurch.com/lyrics/song/27720
27725-amruthamu-nee-prema-abhisakthudaa.json,27725,Amruthamu Nee Prema Abhisakthudaa,"Keerthana , Samkeertha",0,1,1,full,,,unbroken-lines,https://waytochurch.com/lyrics/song/27725
27728-siluvalo-vrelaade-nee-korake.json,27728,Siluvalo Vrelaade Nee Korake,Hosanna Ministries featuring Bro  Yesanna,0,1,1,full,,,unbroken-lines,https://waytochurch.com/lyrics/song/27728
27729-sthuthi-sthrotham-yesayya.json,27729,Sthuthi Sthrotham Yesayya,Hosanna Ministries featuring Pastor Freddy Paul,0,1,1,full,,,unbroken-lines,https://waytochurch.com/lyrics/song/27729
27730-manchi-snehithudu-manchi-snehithudu.json,27730,Manchi Snehithudu Manchi Snehithudu,Suresh Vanguri,0,1,1,full,,,unbroken-lines,https://waytochurch.com/lyrics/song/27730
27731-parimala-thailam-neeve.json,27731,Parimala Thailam Neeve,Hosanna Ministries featuring Pastor John Wesley,0,1,1,full,,,unbroken-lines,https://waytochurch.com/lyrics/song/27731
27732-neeve-sraavya-sadhanamu.json,27732,Neeve Sraavya Sadhanamu,Hosanna Ministries,0,1,1,full,,,unbroken-lines,https://waytochurch.com/lyrics/song/27732
27733-neeke-naa-sthuthi-maalika.json,27733,Neeke Naa Sthuthi Maalika,Hosanna Ministries featuring Pastor Ramesh,0,1,1,full,,,unbroken-lines,https://waytochurch.com/lyrics/song/27733
27734-karunaasaagara-yesayya.json,27734,Karunaasaagara Yesayya,Hosanna Ministries featuring Pastor Abraham,0,1,1,full,,,unbroken-lines,https://waytochurch.com/lyrics/song/27734
27735-ontari-vela-naaku-thodai-nilichaavu.json,27735,Ontari Vela Naaku Thodai Nilichaavu,,0,1,1,full,,,unbroken-lines,https://waytochurch.com/lyrics/song/27735
27738-naa-praaname-neevaina-vela-nee-thalapule-madhilo.json,27738,Naa Praaname Neevaina Vela Nee Thalapule Madhilo Medhilene,Prabhavathi Ramesh,0,1,1,full,,,unbroken-lines,https://waytochurch.com/lyrics/song/27738
27743-neelone-labhimchindi-jeevam.json,27743,Neelone Labhimchindi Jeevam,A R Stevenson,0,1,1,full,,,unbroken-lines,https://waytochurch.com/lyrics/song/27743
27744-nee-krupa-naaku-aadhaaramai.json,27744,Nee Krupa Naaku Aadhaaramai,Edurumondi John Chakravarthi,0,1,1,full,,Gods Love,unbroken-lines,https://waytochurch.com/lyrics/song/27744
27745-ennallu-ennallu-ee-parugulu.json,27745,Ennallu Ennallu Ee Parugulu,Joel Kodali,0,1,1,full,,,unbroken-lines,https://waytochurch.com/lyrics/song/27745
27752-kaluvari-premanu-kanugonavela.json,27752,Kaluvari Premanu Kanugonavela,A R Stevenson,0,1,1,full,,,unbroken-lines,https://waytochurch.com/lyrics/song/27752
27757-bhayamelaa-oh-sodharaa-dhigulela-oh-sodhari.json,27757,Bhayamelaa Oh Sodharaa Dhigulela Oh Sodhari,Pastor Ratna Babu,0,1,1,full,,,unbroken-lines,https://waytochurch.com/lyrics/song/27757
27762-sthothra-geethamulu-yehovaaku-paadedham.json,27762,Sthothra Geethamulu Yehovaaku Paadedham,Jeevan Wesley Olesu,3,1,1,full,,Praise Worship,unbroken-lines,https://waytochurch.com/lyrics/song/27762
27767-nee-swarame-vinnaa-nee-mamathe-kannaa.json,27767,Nee Swarame Vinnaa Nee Mamathe Kannaa,Joshua Shaik,0,1,1,full,,Gods Love,unbroken-lines,https://waytochurch.com/lyrics/song/27767
27769-saranamu-neeve-yesayya-naa-aadhaaramainaavayyaa.json,27769,Saranamu Neeve Yesayya Naa Aadhaaramainaavayyaa,John Reinhard Blessy,0,6,7,full,,,unbroken-lines,https://waytochurch.com/lyrics/song/27769
27775-neevanti-vaaru-naaku-evaru-lerayya.json,27775,Neevanti Vaaru Naaku Evaru Lerayya,Mohan C Lazarus,0,1,1,full,,,unbroken-lines,https://waytochurch.com/lyrics/song/27775
27778-akshayamainadhi-yesuni-rakthamu.json,27778,Akshayamainadhi Yesuni Rakthamu,Jasper Kunapo,0,1,1,full,,,unbroken-lines,https://waytochurch.com/lyrics/song/27778
27779-aadhainchumayyaa-aadhukonevaadaa.json,27779,Aadhainchumayyaa Aadhukonevaadaa,Dr P Satish Kumar,0,1,1,full,,,unbroken-lines,https://waytochurch.com/lyrics/song/27779
27780-raava-yesu-deva-neeve-naa-varamuga.json,27780,Raava Yesu Deva Neeve Naa Varamuga,Joshua Shaik,2,1,1,full,,,unbroken-lines,https://waytochurch.com/lyrics/song/27780
27781-madhuramu-yesuni-naamamu.json,27781,Madhuramu Yesuni Naamamu,Jasper Kunapo,0,1,1,full,,,unbroken-lines,https://waytochurch.com/lyrics/song/27781
27782-ninne-namminaa-nee-sannidhi-cherinaa.json,27782,Ninne Namminaa Nee Sannidhi Cherinaa,Dr P Satish Kumar,0,1,1,full,,,unbroken-lines,https://waytochurch.com/lyrics/song/27782
27783-nee-vasamoudhunu-swaadheenamoudhunu.json,27783,Nee Vasamoudhunu Swaadheenamoudhunu,"Pastor T Jafanya Sastry, Visakhapatnam",0,1,1,full,,,unbroken-lines,https://waytochurch.com/lyrics/song/27783
27784-neelanti-dhaivam-evaru-viswamuna-lene-leru.json,27784,Neelanti Dhaivam Evaru Viswamuna Lene Leru,Pastor Raj Prakash Paul,0,1,1,full,,,unbroken-lines,https://waytochurch.com/lyrics/song/27784
27790-oohinchani-kaaryamulu-choochedhanu.json,27790,Oohinchani Kaaryamulu Choochedhanu,Pastor Vinod Kumar,0,1,1,full,,,unbroken-lines,https://waytochurch.com/lyrics/song/27790
27791-aaraadhanaku-yogyudaa-neeve-maa-sthuthula-sthoth.json,27791,Aaraadhanaku Yogyudaa Neeve Maa Sthuthula Sthothraahudaa,Prudhvi Raj,0,1,1,full,,,unbroken-lines,https://waytochurch.com/lyrics/song/27791
27794-nee-dhayalo-ne-jeevinthunu.json,27794,Nee Dhayalo Ne Jeevinthunu,"Pastor Sammy Thangiah , Pastor Paul Thangiah featuring Benji PK, Sudheer Daniel , Jyotsna",0,1,1,full,,,unbroken-lines,https://waytochurch.com/lyrics/song/27794
27797-neeve-aasa-neeve-swaasa-neevegaa-athisreshtudaa.json,27797,Neeve Aasa Neeve Swaasa Neevegaa Athisreshtudaa,Joshua Shaik,0,1,1,full,,,unbroken-lines,https://waytochurch.com/lyrics/song/27797
27798-nee-sannidhi-naatho-ventarani.json,27798,Nee Sannidhi Naatho Ventarani,M S Suneeth Vardhan,0,1,1,full,,,unbroken-lines,https://waytochurch.com/lyrics/song/27798
27799-dhuramayyaanani-dhaari-thappanani-padipoyaananee.json,27799,Dhuramayyaanani Dhaari Thappanani Padipoyaananee ‌,Sis  Prasanna Bold,0,1,1,full,,,unbroken-lines,https://waytochurch.com/lyrics/song/27799
27801-nindalalo-nispruhalo.json,27801,Nindalalo Nispruhalo,Kiran Paul,2,1,1,full,,,unbroken-lines,https://waytochurch.com/lyrics/song/27801
27803-mana-madhyana-dooram-entho-etthainadi.json,27803,Mana Madhyana Dooram Entho Etthainadi,,0,1,1,full,,,unbroken-lines,https://waytochurch.com/lyrics/song/27803
27804-paapiga-nanu-choodaleka-paapamugaa.json,27804,Paapiga Nanu Choodaleka – Paapamugaa,,0,1,1,full,,,unbroken-lines,https://waytochurch.com/lyrics/song/27804
27805-yoodhaa-raaja-simham-thirigi-lechenu.json,27805,Yoodhaa Raaja Simham Thirigi Lechenu,,0,1,1,full,,,unbroken-lines,https://waytochurch.com/lyrics/song/27805
27961-siluvalo-naa-kosamu-baliyaina-naa-yesayya.json,27961,Siluvalo Naa Kosamu Baliyaina Naa Yesayya,Raja Mandru,0,1,1,full,,,unbroken-lines,https://waytochurch.com/lyrics/song/27961
27962-sarva-sakthimanthudu-advithiyadhevudu.json,27962,Sarva Sakthimanthudu Advithiyadhevudu,Bro Philip Gariki,0,1,1,full,Ashatheera,,unbroken-lines,https://waytochurch.com/lyrics/song/27962
27963-siyonu-kumari-prakaarama-nadi-pravaahamu-valenu.json,27963,Siyonu Kumari Prakaarama Nadi Pravaahamu Valenu,Anne Deborah K Mohanty,2,1,1,full,Prema Anudinamu,,,https://waytochurch.com/lyrics/song/27963
27965-sannidhi-sanidhiye.json,27965,Sannidhi Sanidhiye,"Pastor Sammy Thangiah, John Jebaraj , Derrick Samuel",0,1,1,full,,,unbroken-lines,https://waytochurch.com/lyrics/song/27965
27966-siddhapadudhaam-siddhapadudhaam.json,27966,Siddhapadudhaam Siddhapadudhaam,"Sharon Sisters, Bro Philip Gariki",0,1,1,full,Nee Raajyam,,unbroken-lines,https://waytochurch.com/lyrics/song/27966
27968-sthothram-stuthi-sthothram-mahima-ghanatha-neeke.json,27968,Sthothram Stuthi Sthothram Mahima Ghanatha Neeke,,0,1,1,full,,,unbroken-lines,https://waytochurch.com/lyrics/song/27968
27969-sajeevudaina-vaarini-meerela-mruthulalo-vedakuch.json,27969,Sajeevudaina Vaarini Meerela Mruthulalo Vedakuchunnaaru,Anne Deborah K Mohanty,2,1,1,full,Prema Anudinamu,,unbroken-lines,https://waytochurch.com/lyrics/song/27969
27970-sagam-lokam-sagam-sangham.json,27970,Sagam Lokam Sagam Sangham,K Y Ratnam,0,1,1,full,,,unbroken-lines,https://waytochurch.com/lyrics/song/27970
27971-sambaraalu-santhoshaalu.json,27971,Sambaraalu Santhoshaalu,Joshua Shaik,0,1,1,full,,,unbroken-lines,https://waytochurch.com/lyrics/song/27971
27972-santhosha-sambaraaluro.json,27972,Santhosha Sambaraaluro,Joshua Gariki,2,1,1,full,,,unbroken-lines,https://waytochurch.com/lyrics/song/27972
27973-shaalemu-raajaa-shaanthiki-raajaa.json,27973,Shaalemu Raajaa Shaanthiki Raajaa,Philip Gariki,0,1,1,full,Premaku Prathiroopam Yesayye,,unbroken-lines,https://waytochurch.com/lyrics/song/27973
27974-subhadinam-ee-dinam.json,27974,Subhadinam Ee Dinam,Shoba Rani,0,1,1,full,,,unbroken-lines,https://waytochurch.com/lyrics/song/27974
27975-saswathamainadi-ennadu-maaranidhi.json,27975,Saswathamainadi Ennadu Maaranidhi,"Bro P Sunith , Bro Bobby Jeevan",0,1,1,full,,,unbroken-lines,https://waytochurch.com/lyrics/song/27975
27976-sreemanthudaa-sreekarunda-sree-yesu-raajaa.json,27976,Sreemanthudaa Sreekarunda Sree Yesu Raajaa,Praveen VB,0,1,1,full,,,unbroken-lines,https://waytochurch.com/lyrics/song/27976
27977-srama-kaliginaa-bhayapadaku.json,27977,Srama Kaliginaa Bhayapadaku,A R Stevenson,0,1,1,full,Neevu Lekapothe,,unbroken-lines,https://waytochurch.com/lyrics/song/27977
27978-seethakaalamlo-sri-yesuni-subhavaartha.json,27978,Seethakaalamlo Sri Yesuni Subhavaartha,JD Cyril Babu,0,1,1,full,,,unbroken-lines,https://waytochurch.com/lyrics/song/27978
27979-sathakoti-vandhanaalu-yesu-swami-neeku.json,27979,Sathakoti Vandhanaalu Yesu Swami Neeku,Samuel Karmoji,0,1,1,full,,,unbroken-lines,https://waytochurch.com/lyrics/song/27979
27981-vedhana-tholaginchu-vadu-yese.json,27981,Vedhana Tholaginchu Vadu Yese,Joel Kodali,0,1,1,full,Lerevaru,,unbroken-lines,https://waytochurch.com/lyrics/song/27981
27982-vijaya-seeludaa-naa-yesayya.json,27982,Vijaya Seeludaa Naa Yesayya,,9,1,0,none,,,no-english-lyrics; unbroken-lines; stanza-count-mismatch te=9 en=0,https://waytochurch.com/lyrics/song/27982
27983-vachaadu-maharaju-mari-manakosame-andagaa-thodug.json,27983,Vachaadu Maharaju Mari Manakosame Andagaa Thodugaa,Sangeetha Rao,0,2,1,full,,,unbroken-lines,https://waytochurch.com/lyrics/song/27983
27984-vaakyamey-shareeradhari-ayye.json,27984,Vaakyamey Shareeradhari Ayye,Elohim Music,0,1,1,full,,,unbroken-lines,https://waytochurch.com/lyrics/song/27984
27985-lokaaniki-aanandame.json,27985,Lokaaniki Aanandame,Philip Gariki,0,1,1,full,,,unbroken-lines,https://waytochurch.com/lyrics/song/27985
27986-lokaanaa-unnadi-okade-devudu.json,27986,Lokaanaa Unnadi Okade Devudu,Joel Kodali,0,1,1,full,Lerevaru,,unbroken-lines,https://waytochurch.com/lyrics/song/27986
27987-lekkimpa-sakyamu-kaavu-devaa-ne-kaaryamulu.json,27987,Lekkimpa Sakyamu Kaavu Devaa Ne Kaaryamulu,Heaven Babu,0,1,1,full,,,unbroken-lines,https://waytochurch.com/lyrics/song/27987
27988-raaraju-puttinaadu-nedu-ilalo.json,27988,Raaraju Puttinaadu Nedu Ilalo,Bro  Sayaram Gattu,0,1,1,full,,,unbroken-lines,https://waytochurch.com/lyrics/song/27988
27989-raajula-raaju-puttaadandi.json,27989,Raajula Raaju Puttaadandi,Manoj David,0,1,1,full,,,unbroken-lines,https://waytochurch.com/lyrics/song/27989
27990-yehovaa-raaphaa-swasthaparachu-devaa.json,27990,Yehovaa Raaphaa Swasthaparachu Devaa,Bro Jyothi Raju,0,1,1,full,,,unbroken-lines,https://waytochurch.com/lyrics/song/27990
27991-yehovah-maa-deva-sarvaloka-dhaivamaa.json,27991,Yehovah Maa Deva Sarvaloka Dhaivamaa,Pastor Samuel Finny Pachigalla featuring Samy Pachigalla,0,1,1,full,,,unbroken-lines,https://waytochurch.com/lyrics/song/27991
27992-yeasu-vaipu-choochuchu.json,27992,Yeasu Vaipu Choochuchu,Joel Kodali,0,1,1,full,Lerevaru,,unbroken-lines,https://waytochurch.com/lyrics/song/27992
27993-yesu-leni-jeevitham-ela-gadapanu.json,27993,Yesu Leni Jeevitham Ela Gadapanu,Gabriel Shama,0,3,1,full,,,unbroken-lines,https://waytochurch.com/lyrics/song/27993
27994-yesu-rakthamu-shuddhi-chesey-rakthamu.json,27994,Yesu Rakthamu Shuddhi Chesey Rakthamu,Pastor Sunder,0,1,1,full,,,unbroken-lines,https://waytochurch.com/lyrics/song/27994
27995-yesayye-premaku-prathiroopamu.json,27995,Yesayye Premaku Prathiroopamu,Sharon Philip,0,1,1,full,,,unbroken-lines,https://waytochurch.com/lyrics/song/27995
27996-yesayya-neeve-aasrayapuramu.json,27996,Yesayya Neeve Aasrayapuramu,Apostle Yanamala Isaac,0,1,1,full,,,unbroken-lines,https://waytochurch.com/lyrics/song/27996
27997-yesayya-ninne-sevinthunu.json,27997,Yesayya Ninne Sevinthunu,John Vittney Kalavala,0,1,1,full,,,unbroken-lines,https://waytochurch.com/lyrics/song/27997
27999-yesey-naaku-samasthamu.json,27999,Yesey Naaku Samasthamu,,0,1,1,full,,,unbroken-lines,https://waytochurch.com/lyrics/song/27999
28000-yaahweh-raaphah-elohim-sheddai-yire-adoonaai-kan.json,28000,Yaahweh Raaphah Elohim Sheddai Yire Adoonaai Kanabarachunu,,0,4,0,none,,,no-english-lyrics; unbroken-lines,https://waytochurch.com/lyrics/song/28000
28001-ye-roopamu-leni-nannu-pindamunai-ne-unna.json,28001,Ye Roopamu Leni Nannu Pindamunai Ne Unna,Uday Kanthi Shanmukha,0,1,1,full,,,unbroken-lines,https://waytochurch.com/lyrics/song/28001
28002-muttedan-ninu-muttedan.json,28002,Muttedan Ninu Muttedan,Anne Deborah K Mohanty,3,1,0,full,Prema Anudinamu,,unbroken-lines; stanza-count-mismatch te=0 en=3,https://waytochurch.com/lyrics/song/28002
28003-munduku-saagedhanu.json,28003,Munduku Saagedhanu,Raja Mandru,0,1,1,full,,,unbroken-lines,https://waytochurch.com/lyrics/song/28003
28005-manasunu-munchetthe-ee-soundaryam.json,28005,Manasunu Munchetthe Ee Soundaryam,Rajesh Tatapudi,0,1,1,full,,,unbroken-lines,https://waytochurch.com/lyrics/song/28005
28006-manishini-praanamgaa-preminchina-devudu.json,28006,Manishini Praanamgaa Preminchina Devudu,Dr P Satish Kumar,0,1,1,full,,,unbroken-lines,https://waytochurch.com/lyrics/song/28006
28007-mandhira-mandhuna-cherinaanu.json,28007,Mandhira Mandhuna Cherinaanu,A J Emmanuel,0,1,1,full,Prasthuthi,,unbroken-lines,https://waytochurch.com/lyrics/song/28007
28008-maa-ooru-maa-veedhi.json,28008,Maa Ooru Maa Veedhi,Eileen Sharon,0,1,1,full,,,unbroken-lines,https://waytochurch.com/lyrics/song/28008
28009-praardhinchu-neevu-praardhinchu.json,28009,Praardhinchu Neevu Praardhinchu,Joshua Jessi,0,1,1,full,,,unbroken-lines,https://waytochurch.com/lyrics/song/28009
28010-prema-mayuda-naa-yesayya.json,28010,Prema Mayuda Naa Yesayya,,9,1,0,none,,,no-english-lyrics; unbroken-lines; stanza-count-mismatch te=9 en=0,https://waytochurch.com/lyrics/song/28010
28011-prema-gala-thandri-krupa-gala-prabhuva-sthuti-ma.json,28011,Prema Gala Thandri Krupa Gala Prabhuva Sthuti Mahimalu Neeke,Anne Deborah K Mohanty,3,1,1,full,Prema Anudinamu,,,https://waytochurch.com/lyrics/song/28011
28012-premantu-edhaina-unte-yesele-adhi-yesele.json,28012,Premantu Edhaina Unte Yesele Adhi Yesele,Jonah Samuel,0,1,1,full,,,unbroken-lines,https://waytochurch.com/lyrics/song/28012
28013-prabhu-aathma-naalo-nindiporlinappudu.json,28013,Prabhu Aathma Naalo Nindiporlinappudu,,0,1,1,full,Pastor V Shanti Kiran,,unbroken-lines,https://waytochurch.com/lyrics/song/28013
28014-prakasinchenu-oh-divya-thaara.json,28014,Prakasinchenu Oh Divya Thaara,"Bro P Sunith , Bro Bobby Jeevan",0,1,1,full,,,unbroken-lines,https://waytochurch.com/lyrics/song/28014
28015-paapaanni-pogotti-syaapaani-naa-sarvam-yesayya.json,28015,Paapaanni Pogotti Syaapaani Naa Sarvam Yesayya,,2,1,0,none,,,no-english-lyrics; unbroken-lines; stanza-count-mismatch te=2 en=0,https://waytochurch.com/lyrics/song/28015
28016-poddhuguke-bethlemulo.json,28016,Poddhuguke Bethlemulo,"Kiran Kumar , Priya Arif",0,1,1,full,,,unbroken-lines,https://waytochurch.com/lyrics/song/28016
28017-nuthanamaina-krupa-nava-nuthanamaina-krupa.json,28017,Nuthanamaina Krupa Nava Nuthanamaina Krupa,Hosanna Ministries featuring Pastor John Wesley,0,1,1,full,,,unbroken-lines,https://waytochurch.com/lyrics/song/28017
28018-nuvivvakunte-edhi-ledayya.json,28018,Nuvivvakunte Edhi Ledayya,M V Ratnam,0,1,1,full,,,unbroken-lines,https://waytochurch.com/lyrics/song/28018
28019-neevuleni-kshanamaina.json,28019,Neevuleni Kshanamaina,,0,1,0,none,,,no-english-lyrics; unbroken-lines,https://waytochurch.com/lyrics/song/28019
28020-song.json,28020,నీవు లేని బ్రతుకును ఊహించలేను,Fr Dr C Babu Raj (Germany),0,1,0,none,,,no-english-lyrics; unbroken-lines; title-telugu-only,https://waytochurch.com/lyrics/song/28020
28021-neevantivaaru-leru.json,28021,Neevantivaaru Leru,"Pastor Sanjeev Kumar featuring Vandana Kilimi, Rajesh Yelsatti, Jermiah John Sunith",0,1,1,full,,,unbroken-lines,https://waytochurch.com/lyrics/song/28021
28022-neepai-velugu-virajille-samvatsaram.json,28022,Neepai Velugu Virajille Samvatsaram,sister Sharon Praveen,0,1,1,full,,,unbroken-lines,https://waytochurch.com/lyrics/song/28022
28023-ninupolina-vaarevaru.json,28023,Ninupolina Vaarevaru,Benny Joshua,0,1,1,full,,,unbroken-lines,https://waytochurch.com/lyrics/song/28023
28024-nenu-nadiche-darulalo-na-thodu-neevundaga.json,28024,Nenu Nadiche Darulalo Na Thodu Neevundaga,Gyan Swaroop,0,1,1,full,,,unbroken-lines,https://waytochurch.com/lyrics/song/28024
28025-ninu-asheervadhinthunu.json,28025,Ninu Asheervadhinthunu,"Daniel Davidson , Stella Ramola",0,1,1,full,,,unbroken-lines,https://waytochurch.com/lyrics/song/28025
28027-ninupolina-varevaru.json,28027,Ninupolina Varevaru,,0,1,0,none,,,no-english-lyrics; unbroken-lines,https://waytochurch.com/lyrics/song/28027
28028-ninnu-kolicheda-raavayya-naa-yesanna.json,28028,Ninnu Kolicheda Raavayya Naa Yesanna,Devadas Mungamuri,0,1,1,full,Srastha-2,,unbroken-lines,https://waytochurch.com/lyrics/song/28028
28029-nenentha-dhanyudano-priyudaa-yesayya.json,28029,Nenentha Dhanyudano Priyudaa Yesayya,Pastor Akshay,0,1,1,full,,,unbroken-lines,https://waytochurch.com/lyrics/song/28029
28030-neethodu-chaalayya-naa-balamu-neevayyaa.json,28030,Neethodu Chaalayya Naa Balamu Neevayyaa,John Zechariah,0,1,1,full,,,unbroken-lines,https://waytochurch.com/lyrics/song/28030
28031-needanu-polinaa-dhinamulu-tharuguchunnavi.json,28031,Needanu Polinaa Dhinamulu Tharuguchunnavi,Vijay Prasad Reddy,0,4,1,full,,,unbroken-lines,https://waytochurch.com/lyrics/song/28031
28032-nedaina-nijamaina-rakshakuni-cherumaa.json,28032,Nedaina Nijamaina Rakshakuni Cherumaa,A R Stevenson,0,1,1,full,,,unbroken-lines,https://waytochurch.com/lyrics/song/28032
28033-nee-snehamu-nanu-manishini-chesindhi.json,28033,Nee Snehamu Nanu Manishini Chesindhi,Jesus Chanan featuring Bro Prakash,0,1,1,full,,,unbroken-lines,https://waytochurch.com/lyrics/song/28033
28034-nee-mandhiraanaa-nenundiponaa.json,28034,Nee Mandhiraanaa Nenundiponaa,Dr  K Wilson,0,1,1,full,,,unbroken-lines,https://waytochurch.com/lyrics/song/28034
28035-nee-premanu-nee-karunanu.json,28035,Nee Premanu Nee Karunanu,Joel Kodali,0,1,1,full,Lerevaru,,unbroken-lines,https://waytochurch.com/lyrics/song/28035
28036-naa-nireekshana-neelo-undagaa.json,28036,Naa Nireekshana Neelo Undagaa,"B Ezra Sastri , Nirmala Sastri",0,1,1,full,,,unbroken-lines,https://waytochurch.com/lyrics/song/28036
28038-na-jeevithamu-ne-maata-thone-aarambhinchedan.json,28038,Na Jeevithamu Ne Maata Thone Aarambhinchedan,John Vittney Kalavala,0,1,1,full,,,unbroken-lines,https://waytochurch.com/lyrics/song/28038
28039-song.json,28039,నా జీవితానికి యజమానుడా,"John J, Fire Gospel Ministries",0,1,0,none,,,no-english-lyrics; unbroken-lines; title-telugu-only,https://waytochurch.com/lyrics/song/28039
28040-naa-gaanam-neevayya-naa-hrudayapu-pilupu-neeve-d.json,28040,Naa Gaanam Neevayya Naa Hrudayapu Pilupu Neeve Deva,Anne Deborah K Mohanty,2,1,1,full,Prema Anudinamu,,unbroken-lines,https://waytochurch.com/lyrics/song/28040
28041-nee-kantipaapavale-nannu-kaachutaku.json,28041,Nee Kantipaapavale Nannu Kaachutaku,Joel Kodali,0,1,1,full,,,unbroken-lines,https://waytochurch.com/lyrics/song/28041
28043-desama-na-desama-desama-bhaartha-desama.json,28043,Desama Na Desama Desama Bhaartha Desama,Abhishek Devadas,2,3,2,full,,,unbroken-lines,https://waytochurch.com/lyrics/song/28043
28044-devaloka-mahimanthaa-bhuvi-paiki-thechaadu.json,28044,Devaloka Mahimanthaa Bhuvi Paiki Thechaadu,A R Stevenson,0,1,1,full,,,unbroken-lines,https://waytochurch.com/lyrics/song/28044
28045-daiva-istame-gaalike-undi-thelusunaa.json,28045,Daiva Istame Gaalike Undi Thelusunaa,,0,1,1,full,,,unbroken-lines,https://waytochurch.com/lyrics/song/28045
28046-dheenudaa-ajeyudaa-aadharana-kiranamaa.json,28046,Dheenudaa Ajeyudaa Aadharana Kiranamaa,Na Hrudaya Saaradhi - Hosanna Ministries Telugu Christian Album Lyrics,0,1,1,full,Na Hrudaya Saaradhi - Hosanna Ministries Telugu Christian Album Lyrics,,unbroken-lines,https://waytochurch.com/lyrics/song/28046
28047-dhigivachenu-maraninchutakai.json,28047,Dhigivachenu Maraninchutakai,Joel Kodali,0,1,1,full,Lerevaru,,unbroken-lines,https://waytochurch.com/lyrics/song/28047
28048-tharinchiponi-nee-premalone.json,28048,Tharinchiponi Nee Premalone,Father Johnson Chettur,0,1,1,full,,,unbroken-lines,https://waytochurch.com/lyrics/song/28048
28049-thaara-velisenu-choodu-aakasamlona.json,28049,Thaara Velisenu Choodu Aakasamlona,Asha Ashirwadh,0,1,1,full,,,unbroken-lines,https://waytochurch.com/lyrics/song/28049
28050-thandri-thanayuni-bhoomiki-pampina-ee-vela-shuba.json,28050,Thandri Thanayuni Bhoomiki Pampina Ee Vela Shubavela,Davidson Gajulavarthi,0,1,1,full,,,unbroken-lines,https://waytochurch.com/lyrics/song/28050
28051-jeevadaatha-sthuthipaathrudaa.json,28051,Jeevadaatha Sthuthipaathrudaa,Joshua Shaik,2,1,1,full,,,unbroken-lines,https://waytochurch.com/lyrics/song/28051
28052-jeevitha-naava-nadupumu-deva.json,28052,Jeevitha Naava Nadupumu Deva,A J Emmanuel,0,1,1,full,Prasthuthi,,unbroken-lines,https://waytochurch.com/lyrics/song/28052
28053-jola-prabhu-yesu-odilona-jola.json,28053,Jola Prabhu Yesu Odilona Jola,John Kunapo,0,1,1,full,,,unbroken-lines,https://waytochurch.com/lyrics/song/28053
28054-jayamu-praardhana-jayamu.json,28054,Jayamu Praardhana Jayamu,Raja Mandru,0,1,1,full,,,unbroken-lines,https://waytochurch.com/lyrics/song/28054
28055-jyothirmayuni-jananam-sarvalokaaniki.json,28055,Jyothirmayuni Jananam Sarvalokaaniki,Param Jyothi Gummalla,0,1,1,full,Neethi Suryudu Na Yesaiah,,unbroken-lines,https://waytochurch.com/lyrics/song/28055
28056-gnaapakam-cheasukoa-yesayyaa.json,28056,Gnaapakam Cheasukoa Yesayyaa,Rev Pandu PremKumar,0,1,1,full,,,unbroken-lines,https://waytochurch.com/lyrics/song/28056
28058-cheri-jeevinchudi.json,28058,Cheri Jeevinchudi,Devadas Mungamuri,0,1,1,full,Srastha 2,,unbroken-lines,https://waytochurch.com/lyrics/song/28058
28059-gathakaalam-anthaa-kaachaavu-nee-krupalo.json,28059,Gathakaalam Anthaa Kaachaavu Nee Krupalo,Simha Kopparthi (Moses),0,1,1,full,,,unbroken-lines,https://waytochurch.com/lyrics/song/28059
28060-krupa-chuputalo-mahadaiswaryudaa.json,28060,Krupa Chuputalo Mahadaiswaryudaa,,9,1,0,none,,,no-english-lyrics; unbroken-lines; stanza-count-mismatch te=9 en=0,https://waytochurch.com/lyrics/song/28060
28061-kaliseti-andhaala-anubhandhame.json,28061,Kaliseti Andhaala Anubhandhame,Joshua Shaik,2,1,1,full,,,unbroken-lines,https://waytochurch.com/lyrics/song/28061
28062-kaligiyunna-samasthamu-needenayya.json,28062,Kaligiyunna Samasthamu Needenayya,Bro Sudheer Nelaturi,0,1,1,full,,,unbroken-lines,https://waytochurch.com/lyrics/song/28062
28063-kaachithivi-gathakaalam.json,28063,Kaachithivi Gathakaalam,Nazaresh,2,1,1,full,,,unbroken-lines,https://waytochurch.com/lyrics/song/28063
28064-kondalathattu-kannuletthi-choosaanu-yesayya.json,28064,Kondalathattu Kannuletthi Choosaanu Yesayya,Dr  Victor Rampogu,0,1,1,full,,,unbroken-lines,https://waytochurch.com/lyrics/song/28064
28065-okamaata-chaalu-thandri.json,28065,Okamaata Chaalu Thandri,Kollabathula Ruben,0,1,1,full,,,unbroken-lines,https://waytochurch.com/lyrics/song/28065
28066-okkate-aasa-jeevitha-abhilaasha.json,28066,Okkate Aasa Jeevitha Abhilaasha,Samuel Karmoji,0,1,1,full,Yesu Na Oopiri,,unbroken-lines,https://waytochurch.com/lyrics/song/28066
28067-okka-punya-kaaryamuche-maanavuniki-krupaadaaname.json,28067,Okka Punya Kaaryamuche Maanavuniki Krupaadaanamey,Anne Deborah K Mohanty,2,1,1,full,Prema Anudinamu,,unbroken-lines,https://waytochurch.com/lyrics/song/28067
28068-ontari-payanamlo-evaru-lekunnaa.json,28068,Ontari Payanamlo Evaru Lekunnaa,Pastor Shadrak,0,1,1,full,,,unbroken-lines,https://waytochurch.com/lyrics/song/28068
28070-edho-aasha-naalo-neethone-jeevinchani.json,28070,Edho Aasha Naalo Neethone Jeevinchani,Pastor Ramesh,0,1,1,full,,,unbroken-lines,https://waytochurch.com/lyrics/song/28070
28071-ey-reethigaa-ninnu-sthuthinchagalanu.json,28071,Ey Reethigaa Ninnu Sthuthinchagalanu,Pastor Ravindra Donepati,0,1,1,full,,,unbroken-lines,https://waytochurch.com/lyrics/song/28071
28072-ye-reethiga-kolichedha-nee-premalo-nilichedha.json,28072,Ye Reethiga Kolichedha Nee Premalo Nilichedha,Joshua Shaik,2,1,1,full,,,unbroken-lines,https://waytochurch.com/lyrics/song/28072
28073-yerugani-reethigaa.json,28073,Yerugani Reethigaa,Gottipaati Yesu Das,0,1,1,full,Prema Swaroopi,,unbroken-lines,https://waytochurch.com/lyrics/song/28073
28074-endhuko-nanninthaga-preminchinaavani.json,28074,Endhuko Nanninthaga Preminchinaavani,,8,1,0,none,,,no-english-lyrics; unbroken-lines; stanza-count-mismatch te=8 en=0,https://waytochurch.com/lyrics/song/28074
28075-entha-kaalamo-ee-loka-aasalapai-dhyaasa.json,28075,Entha Kaalamo Ee Loka Aasalapai Dhyaasa,Pastor Ramesh,0,1,1,full,,,unbroken-lines,https://waytochurch.com/lyrics/song/28075
28076-oohinchalenu-nee-premanu-naa-ooha-chaaladhaya.json,28076,Oohinchalenu Nee Premanu Naa Ooha Chaaladhaya,Sampath Kareti,0,1,1,full,,,unbroken-lines,https://waytochurch.com/lyrics/song/28076
28077-unnaanayaa-nenunnaanayya.json,28077,Unnaanayaa Nenunnaanayya,"Sister Nissy Paul, wife of Bro Paul Emmanuel",0,1,1,full,,,unbroken-lines,https://waytochurch.com/lyrics/song/28077
28078-unnathudaa-athyunnathudaa.json,28078,Unnathudaa Athyunnathudaa,Bro Paul Emmanuel,0,1,1,full,,,unbroken-lines,https://waytochurch.com/lyrics/song/28078
28079-ee-reyi-challanidi.json,28079,Ee Reyi Challanidi,Dr  K  Wilson,0,1,1,full,,,unbroken-lines,https://waytochurch.com/lyrics/song/28079
28080-aanandhageethamu-ne-padedha-christmas-subhavelal.json,28080,Aanandhageethamu Ne Padedha Christmas Subhavelalo,Suresh Nittala,0,1,1,full,,,unbroken-lines,https://waytochurch.com/lyrics/song/28080
28081-aanandamtho-sandadi-cheddam.json,28081,Aanandamtho Sandadi Cheddam,Padaala Suresh Babu,0,1,1,full,,,unbroken-lines,https://waytochurch.com/lyrics/song/28081
28082-aanandam-aarbhatame-ilalo.json,28082,Aanandam Aarbhatame Ilalo,Hepsi Bhaskar,3,1,1,full,,,,https://waytochurch.com/lyrics/song/28082
28084-alasitivaa-prabhuu-mokarinchitivaa.json,28084,Alasitivaa Prabhuu Mokarinchitivaa,Josely Komanapalli,1,1,1,full,Samasthamu Saadhyame,,unbroken-lines,https://waytochurch.com/lyrics/song/28084
28085-ammanu-minchina-preme-needhayya.json,28085,Ammanu Minchina Preme Needhayya,Samuel Karmoji,0,1,1,full,,,unbroken-lines,https://waytochurch.com/lyrics/song/28085
28086-anudinamu-noothanamuga-vaatsalyatha-neeku-kalugu.json,28086,Anudinamu Noothanamuga Vaatsalyatha Neeku Kalugunu,Anne Deborah K Mohanty,2,1,1,partial,Prema Anudinamu,,,https://waytochurch.com/lyrics/song/28086
28087-adbhutha-vijayam-manade-manade-yesuni-naamamlo.json,28087,Adbhutha Vijayam Manade Manade Yesuni Naamamlo,P J Stephen Paul,0,1,1,full,Ashatheera,,unbroken-lines,https://waytochurch.com/lyrics/song/28087
28089-adavi-pushpama-santhoshinchuma-kasturi-pushpama-.json,28089,Adavi Pushpama Santhoshinchuma Kasturi Pushpama Ullasinchuma,Anne Deborah K Mohanty,2,1,1,full,Prema Anudinamu,,unbroken-lines,https://waytochurch.com/lyrics/song/28089
28090-andhaala-chinni-gootilona-puttina-pichukanu.json,28090,Andhaala Chinni Gootilona Puttina Pichukanu,Sreshta Karmoji,0,1,1,full,,,unbroken-lines,https://waytochurch.com/lyrics/song/28090
28477-hrudayamaa-na-hrudayamaa.json,28477,Hrudayamaa Na Hrudayamaa,Smt  Jayaleela Yesu Ratnam,0,1,1,full,,,unbroken-lines,https://waytochurch.com/lyrics/song/28477
28478-santhoshamey-na-yesunilo.json,28478,Santhoshamey Na Yesunilo,Davidson Gajulavarthi,0,2,2,full,,,unbroken-lines,https://waytochurch.com/lyrics/song/28478
28508-na-yesayya-nee-krupaye.json,28508,Na Yesayya Nee Krupaye,,12,1,0,none,,,no-english-lyrics; unbroken-lines; stanza-count-mismatch te=12 en=0,https://waytochurch.com/lyrics/song/28508
28532-manchivada-manchivada.json,28532,Manchivada Manchivada,,0,1,1,full,,Gods Love,unbroken-lines,https://waytochurch.com/lyrics/song/28532
28561-oohakandananta-vunnatam-naa-pat.json,28561,OOhakandananta Vunnatam Naa Pat,,3,1,1,full,,,unbroken-lines,https://waytochurch.com/lyrics/song/28561
28580-yesayya-janminchea-ee-nea.json,28580,Yesayya Janminchea Ee Nea,,0,1,1,full,,Christmas,unbroken-lines,https://waytochurch.com/lyrics/song/28580
28624-neeve-naaku-thandrivani-neeve-naa-dhevudani.json,28624,Neeve Naaku Thandrivani Neeve Naa Dhevudani,Aronkumar Nakrekanti,0,1,1,full,,Gods Love,unbroken-lines,https://waytochurch.com/lyrics/song/28624
28627-raajula-raaju-puttenu-bethelehemulo.json,28627,Raajula Raaju Puttenu Bethelehemulo,Shyam Joseph,3,0,0,full,,Christmas,unbroken-lines,https://waytochurch.com/lyrics/song/28627
28628-bangaaramu-veedhulunna-nagaramulona.json,28628,Bangaaramu Veedhulunna Nagaramulona,Sayaram Gattu,0,1,1,full,,Gospel,unbroken-lines,https://waytochurch.com/lyrics/song/28628
28631-christmas-subhavelalo-mana-andhari-hrudhayaalalo.json,28631,Christmas Subhavelalo Mana Andhari Hrudhayaalalo,Suresh Nittala,0,1,1,full,,Christmas,unbroken-lines,https://waytochurch.com/lyrics/song/28631
28632-idi-ascharyame.json,28632,Idi Ascharyame,Ps  Philip Gariki,2,1,1,partial,"Sharon sisters, Music: Dr. JK Christopher",Christmas,unbroken-lines; stanza-count-mismatch te=2 en=1,https://waytochurch.com/lyrics/song/28632
28643-merise-ningilo-merise-o-thaara.json,28643,Merise Ningilo Merise O Thaara,Dr. Visranth Christian,0,2,3,full,,Christmas,unbroken-lines,https://waytochurch.com/lyrics/song/28643
28644-devude-maanavunigaa-janminchenu.json,28644,Devude Maanavunigaa Janminchenu,"Late Dr. Joseph Moses K, Founder & Director, Gospel Torch Charitable Mission",0,2,2,full,,Christmas,unbroken-lines,https://waytochurch.com/lyrics/song/28644
28645-aakaasa-veedhilo-oka-thaara-velisindhi.json,28645,Aakaasa Veedhilo Oka Thaara Velisindhi,Kishore Babu Thappeta,0,1,1,full,,Christmas,unbroken-lines,https://waytochurch.com/lyrics/song/28645
28656-emmanuel-natho-vunna-vaada.json,28656,Emmanuel Natho Vunna Vaada,Rev Paul Thangaiah,0,1,1,full,"Vocals: Sammy Thangiah, David Parla",Christmas,unbroken-lines,https://waytochurch.com/lyrics/song/28656
28659-maha-devuda-mahonnathuda.json,28659,Maha Devuda Mahonnathuda,Dr Negala Joshua,0,1,0,none,Muisc: Pranam Kamalakar,Praise Worship,no-english-lyrics; unbroken-lines,https://waytochurch.com/lyrics/song/28659
28661-jagamantha-sambarame-2.json,28661,Jagamantha Sambarame 2,DAVIDSON GAJULAVARTHI,0,2,0,none,,Christmas,no-english-lyrics; unbroken-lines,https://waytochurch.com/lyrics/song/28661
28669-naa-devudu-goppavadu.json,28669,Naa Devudu Goppavadu,M. Vinod Kumar,1,1,0,none,Jesus My Only Hope,Faith,no-english-lyrics; unbroken-lines; stanza-count-mismatch te=1 en=0,https://waytochurch.com/lyrics/song/28669
28677-kruthagnatha-yemi-chesi-ne-runamu-theerthumayya.json,28677,Kruthagnatha Yemi Chesi Ne Runamu Theerthumayya,Bro Subhash Raj T,0,33,24,full,Music : Sudhasreenivasp,Praise Worship,unbroken-lines,https://waytochurch.com/lyrics/song/28677
28687-chesevanni-adbhuthale.json,28687,CHESEVANNI ADBHUTHALE,Samuel Karmoji,0,1,0,none,Music: Jonah Samuel,Praise Worship,no-english-lyrics; unbroken-lines,https://waytochurch.com/lyrics/song/28687
28738-etthaina-konda-paina-ekaanthamuga-cheri.json,28738,Etthaina Konda Paina Ekaanthamuga Cheri,,0,1,1,full,,,unbroken-lines,https://waytochurch.com/lyrics/song/28738
29501-evariki-evaru-ee-lokamulo.json,29501,Evariki Evaru Ee Lokamulo,Bharat Mandru,0,1,1,full,,,unbroken-lines,https://waytochurch.com/lyrics/song/29501
29506-sukumaruda-jagamulanele-paripalaka.json,29506,Sukumaruda Jagamulanele Paripalaka,Ps Abraham,0,1,0,none,Hosanna Ministries,Praise Worship,no-english-lyrics; unbroken-lines,https://waytochurch.com/lyrics/song/29506
29508-ashrayuda-naa-yesayya.json,29508,Ashrayuda Naa Yesayya,Ps Ramesh,0,1,0,none,Hosanna Ministries,Praise Worship,no-english-lyrics; unbroken-lines,https://waytochurch.com/lyrics/song/29508
29530-yesayya-naa-praanamaa-ghanamaina-stutigaanamaa.json,29530,Yesayya Naa Praanamaa Ghanamaina Stutigaanamaa,Hosanna Ministries featuring Pastor Ramesh,0,1,1,full,,,unbroken-lines,https://waytochurch.com/lyrics/song/29530
29536-jeevaadhipathivi-neeve-naa.json,29536,Jeevaadhipathivi Neeve Naa,,0,1,1,full,,,unbroken-lines,https://waytochurch.com/lyrics/song/29536
29537-jeevithamante-maata.json,29537,Jeevithamante Maata,,0,1,1,full,,,unbroken-lines,https://waytochurch.com/lyrics/song/29537
29541-siluva-baruvaayena-rudhiram-dhaaralaayenaa.json,29541,Siluva Baruvaayena Rudhiram Dhaaralaayenaa,Pastor Edurumondi John Chakravarthy,0,1,1,full,,,unbroken-lines,https://waytochurch.com/lyrics/song/29541
29544-minnayaina-prema-chupina-yesayya.json,29544,Minnayaina Prema Chupina Yesayya,Prabhod Kumar Adusumilli,0,1,1,full,,,unbroken-lines,https://waytochurch.com/lyrics/song/29544
29547-padana-sthothra-keerthana.json,29547,Padana Sthothra Keerthana,WCM Kiran Paul,2,1,1,full,,,unbroken-lines; stanza-count-mismatch te=0 en=2,https://waytochurch.com/lyrics/song/29547
29549-jai-jai-yesu-raajaa.json,29549,Jai Jai Yesu Raajaa,,0,1,1,full,,Praise Worship,unbroken-lines,https://waytochurch.com/lyrics/song/29549
29550-jai-jai-jai-yesayyaa.json,29550,Jai Jai Jai Yesayyaa,,0,1,1,full,,Christmas,unbroken-lines,https://waytochurch.com/lyrics/song/29550
29554-ishraayelu-devaa-naa.json,29554,Ishraayelu Devaa Naa,,0,1,1,full,,,unbroken-lines,https://waytochurch.com/lyrics/song/29554
29555-immaanuye.json,29555,Immaanuye,,0,1,1,full,,,unbroken-lines,https://waytochurch.com/lyrics/song/29555
29556-innaallu-thodugaa-maatho.json,29556,Innaallu Thodugaa Maatho,,0,1,1,full,,,unbroken-lines,https://waytochurch.com/lyrics/song/29556
29557-neeku-kaligina-korikakai.json,29557,Neeku Kaligina Korikakai,Praveen Paul,0,1,1,full,,,unbroken-lines,https://waytochurch.com/lyrics/song/29557
29559-idigo-nenuoka-noothana.json,29559,Idigo Nenuoka Noothana,,0,1,1,full,,,unbroken-lines,https://waytochurch.com/lyrics/song/29559
29560-inna-yellaaga-maatho-undi-nadipinchavayya.json,29560,Inna Yellaaga Maatho Undi Nadipinchavayya,Sister Nissy Paul,2,2,1,full,,,unbroken-lines; stanza-count-mismatch te=0 en=2,https://waytochurch.com/lyrics/song/29560
29561-idi-shubhodayam.json,29561,Idi Shubhodayam,,0,1,1,full,,,unbroken-lines,https://waytochurch.com/lyrics/song/29561
29564-inthavaraku-neevu.json,29564,Inthavaraku Neevu,,0,1,1,full,,,unbroken-lines,https://waytochurch.com/lyrics/song/29564
29566-inti-meeda-nunna-ontari.json,29566,Inti Meeda Nunna Ontari,,0,1,1,full,,,unbroken-lines,https://waytochurch.com/lyrics/song/29566
29576-neetho-unte-jeevitham.json,29576,Neetho Unte Jeevitham,Raj Prakash paul,0,1,1,full,Worship conference,Praise Worship,unbroken-lines,https://waytochurch.com/lyrics/song/29576
29577-pindamunai-nenu-naa-thalli-gharbamuna.json,29577,Pindamunai Nenu Naa Thalli Gharbamuna,Surya Teja,0,1,1,full,,,unbroken-lines,https://waytochurch.com/lyrics/song/29577
29578-nee-raktam-challindi-o-devaa.json,29578,Nee Raktam Challindi O Devaa,Raj Prakash Paul,0,1,1,full,,,unbroken-lines,https://waytochurch.com/lyrics/song/29578
29579-ey-reethigaa-ninu-paadedhanu.json,29579,Ey Reethigaa Ninu Paadedhanu,Paul Moses,0,1,1,full,,,unbroken-lines,https://waytochurch.com/lyrics/song/29579
29581-samardhuda-naa-yesaya.json,29581,Samardhuda Naa Yesaya,Akshay Ezra Sastry Sonti,0,1,0,none,Nissy John,Gods Power,no-english-lyrics; unbroken-lines,https://waytochurch.com/lyrics/song/29581
29583-neevu-thodaiyundagaa-yesu-bhayamu-ledu-ilalo.json,29583,Neevu Thodaiyundagaa Yesu Bhayamu Ledu Ilalo,,0,1,1,full,,,unbroken-lines,https://waytochurch.com/lyrics/song/29583
29584-nee-thyaagam-naa-viluvanu-penchindhi.json,29584,Nee Thyaagam Naa Viluvanu Penchindhi,Pastor John Wesly,2,1,1,full,,,unbroken-lines,https://waytochurch.com/lyrics/song/29584
29590-el-roi-vai-nanu-chudaga.json,29590,El Roi Vai Nanu Chudaga,Ps Nehemiah David,0,1,0,none,"Nehemiah David, Kathryn",Thanks Giving,no-english-lyrics; unbroken-lines,https://waytochurch.com/lyrics/song/29590
29595-visheshamaina-krupa-naa-yedala-choopuchunnavaa-p.json,29595,Visheshamaina Krupa Naa Yedala Choopuchunnavaa Prabhuvaa,,0,1,1,full,,,unbroken-lines,https://waytochurch.com/lyrics/song/29595
29596-balavanthudaa-dhanavanthudaa.json,29596,Balavanthudaa Dhanavanthudaa,A.R.Stevenson,3,1,1,full,,,unbroken-lines; stanza-count-mismatch te=0 en=3,https://waytochurch.com/lyrics/song/29596
29597-prathi-udhayam-nee-krupanu.json,29597,Prathi Udhayam Nee Krupanu,Daniel Surya Avula,0,1,1,full,,,unbroken-lines,https://waytochurch.com/lyrics/song/29597
29598-walk-justly-fill-your-heart-with-love.json,29598,Walk Justly Fill Your Heart With Love,K.SatyaVeda Sagar,0,1,1,full,,,unbroken-lines,https://waytochurch.com/lyrics/song/29598
29599-pallavi.json,29599,Pallavi,Pastor. Samuel Nethala,0,1,1,full,,,unbroken-lines,https://waytochurch.com/lyrics/song/29599
29600-nee-udaya-kaantilo-ne-nadachivellada.json,29600,Nee Udaya Kaantilo Ne Nadachivellada,Lillian Christopher,0,1,1,full,,,unbroken-lines,https://waytochurch.com/lyrics/song/29600
29601-oo-oo-oo-oo-oo.json,29601,Oo Oo Oo Oo Oo,,0,10,10,full,,,unbroken-lines,https://waytochurch.com/lyrics/song/29601
29602-tappipoyina-gorrenu-nenu.json,29602,Tappipoyina Gorrenu Nenu,Shyam Joseph,2,1,1,full,,,unbroken-lines,https://waytochurch.com/lyrics/song/29602
29603-jaalari-jaalari-jaalari-jaalari-jaalarivaa.json,29603,Jaalari Jaalari Jaalari Jaalari Jaalarivaa,Pastor B.Issac,0,1,1,full,,,unbroken-lines,https://waytochurch.com/lyrics/song/29603
29605-krupa-kaligina-vaadaa-neelo-nilichedanu.json,29605,Krupa Kaligina Vaadaa Neelo Nilichedanu,Bro.T.Vijayanand,0,1,1,full,,,unbroken-lines,https://waytochurch.com/lyrics/song/29605
29606-evaremanakuntunna-nin-aaradhistunna.json,29606,Evaremanakuntunna Nin Aaradhistunna,Saahus Prince,0,1,1,full,,,unbroken-lines,https://waytochurch.com/lyrics/song/29606
29607-ela-paadanu-emi-cheppanu.json,29607,Ela Paadanu Emi Cheppanu,,2,1,1,full,,,unbroken-lines,https://waytochurch.com/lyrics/song/29607
29608-pallavi.json,29608,Pallavi,Joshua Shaik,0,1,1,full,,,unbroken-lines,https://waytochurch.com/lyrics/song/29608
29651-naa-baagaswamini-yeshua-jerusha.json,29651,Naa Baagaswamini Yeshua Jerusha,Joshi Ennam James & Prathima Ennam,0,2,2,full,,Marriage,unbroken-lines,https://waytochurch.com/lyrics/song/29651
29657-susadhyamega.json,29657,Susadhyamega,,0,1,1,full,,,unbroken-lines,https://waytochurch.com/lyrics/song/29657
29659-dhavala-simhaasanam.json,29659,Dhavala Simhaasanam,Prem Kodali,0,1,1,full,,,unbroken-lines,https://waytochurch.com/lyrics/song/29659
29660-gauravaneeyudaa-galileyavaada-yesayya-ninnu-ghan.json,29660,Gauravaneeyudaa Galileyavaada Yesayya Ninnu Ghanaparachedhanayya,John Sandeep,2,1,1,full,,,unbroken-lines,https://waytochurch.com/lyrics/song/29660
29662-evarunna-lekunna-naakemunna-lekunna.json,29662,Evarunna Lekunna Naakemunna Lekunna,M. Manoj Kumar,2,1,1,partial,,,unbroken-lines; stanza-count-mismatch te=2 en=0,https://waytochurch.com/lyrics/song/29662
29698-kruthagnatha-sthrotharpanalu-neeke-chelinthunu.json,29698,Kruthagnatha Sthrotharpanalu Neeke Chelinthunu,Suneeth Bobby,3,1,1,full,,Offering,unbroken-lines,https://waytochurch.com/lyrics/song/29698
29699-antha-nee-krupa.json,29699,Antha Nee Krupa,Prakash Halmidi,0,1,1,full,,,unbroken-lines,https://waytochurch.com/lyrics/song/29699
29705-asamanudu-avamanaparachadu-ninnu.json,29705,Asamanudu Avamanaparachadu Ninnu,Pastor David Varma,3,1,1,full,,Gods Power,unbroken-lines; stanza-count-mismatch te=3 en=0,https://waytochurch.com/lyrics/song/29705
29709-sthiraparachuvaadavu-balaparachuvaadavu.json,29709,Sthiraparachuvaadavu Balaparachuvaadavu,,0,2,2,full,,,unbroken-lines,https://waytochurch.com/lyrics/song/29709
29710-adonai-suryodayamu-modhalokuni.json,29710,Adonai Suryodayamu Modhalokuni,,0,1,1,full,,,unbroken-lines,https://waytochurch.com/lyrics/song/29710
29716-kaaparivai-nanu-kachave.json,29716,Kaaparivai Nanu Kachave,Ameeth Evans,0,1,1,full,,,unbroken-lines,https://waytochurch.com/lyrics/song/29716
29720-yese-nee-adharamu-digulu-chendaku.json,29720,Yese Nee Adharamu Digulu Chendaku,Anu Roy Samuel featuring Rufus Ganta,0,1,1,full,,,unbroken-lines,https://waytochurch.com/lyrics/song/29720
29722-nee-sannidhi-anandhamu-aadyanthamu.json,29722,Nee Sannidhi Anandhamu Aadyanthamu,Kishore Kathula,0,1,1,full,,Praise Worship,unbroken-lines,https://waytochurch.com/lyrics/song/29722
29723-na-kosam-pranam-pettina.json,29723,Na Kosam Pranam Pettina,Pastor Paul Raju,0,1,1,full,,Gods Love,unbroken-lines,https://waytochurch.com/lyrics/song/29723
29730-meriseti-taaralaa-nanu-veliginchu.json,29730,Meriseti Taaralaa Nanu Veliginchu,"Joshua Shaik, Deva Prasad",2,1,1,partial,,,unbroken-lines; stanza-count-mismatch te=2 en=0,https://waytochurch.com/lyrics/song/29730
29732-naa-balamuga-kreesthu-naakundaga.json,29732,Naa Balamuga Kreesthu Naakundaga,Gersson Edinbaro,0,1,1,full,,,unbroken-lines,https://waytochurch.com/lyrics/song/29732
29737-naa-kosam.json,29737,Naa Kosam,Nathanael,0,1,1,full,,Gods Love,unbroken-lines,https://waytochurch.com/lyrics/song/29737
29740-lokamloni-premalanni-sasvatham-kaavu.json,29740,Lokamloni Premalanni Sasvatham Kaavu,,0,1,0,none,,Gods Love,no-english-lyrics; unbroken-lines,https://waytochurch.com/lyrics/song/29740
29747-aapatkalamuna-tana-parnashalalo.json,29747,Aapatkalamuna Tana Parnashalalo,,5,1,0,none,,,no-english-lyrics; stanza-count-mismatch te=5 en=0,https://waytochurch.com/lyrics/song/29747
29753-ashaga-unnadi.json,29753,Ashaga Unnadi,,0,1,0,none,,,no-english-lyrics; unbroken-lines,https://waytochurch.com/lyrics/song/29753
29758-song.json,29758,జగములలో నీవే మా ప్రభు,,0,10,0,none,,,no-english-lyrics; unbroken-lines; title-telugu-only,https://waytochurch.com/lyrics/song/29758
29760-yesayya-naa-nireekshana.json,29760,Yesayya Naa Nireekshana,,0,1,0,none,,,no-english-lyrics; unbroken-lines,https://waytochurch.com/lyrics/song/29760
29769-neetho-naduthumu-ninne-koluthumu.json,29769,Neetho Naduthumu Ninne Koluthumu,,0,7,7,full,,,unbroken-lines,https://waytochurch.com/lyrics/song/29769
29773-e-reethi-sthuthinthunu.json,29773,E Reethi Sthuthinthunu,,0,1,0,none,,Thanks Giving,no-english-lyrics; unbroken-lines,https://waytochurch.com/lyrics/song/29773
29776-abba-ninne-premisthuna.json,29776,Abba Ninne Premisthuna,,0,1,0,none,,,no-english-lyrics; unbroken-lines,https://waytochurch.com/lyrics/song/29776
29777-ascharyakaruda-naa-yesaiah.json,29777,Ascharyakaruda Naa Yesaiah,,0,1,0,none,,,no-english-lyrics; unbroken-lines,https://waytochurch.com/lyrics/song/29777
29781-oohakandadayya-nee-karyamu.json,29781,Oohakandadayya Nee Karyamu,,0,1,0,none,,,no-english-lyrics; unbroken-lines,https://waytochurch.com/lyrics/song/29781
29786-song.json,29786,నీ ప్రేమ నాకు కావాలయ్యా,,0,1,0,none,,,no-english-lyrics; unbroken-lines; title-telugu-only,https://waytochurch.com/lyrics/song/29786
29793-nee-krupaye-naa-jeevithamu.json,29793,Nee Krupaye Naa Jeevithamu,Sirisha Grace,3,1,0,none,,Thanks Giving,no-english-lyrics; unbroken-lines; stanza-count-mismatch te=3 en=0,https://waytochurch.com/lyrics/song/29793
29794-song.json,29794,ముందుకే వెళ్లెదను,,0,1,0,none,,,no-english-lyrics; unbroken-lines; title-telugu-only,https://waytochurch.com/lyrics/song/29794
29800-song.json,29800,తల్లి వడిలో పవలించె బిడ్డవలే,,0,1,0,none,,,no-english-lyrics; unbroken-lines; title-telugu-only,https://waytochurch.com/lyrics/song/29800
29801-doothalu-digivache.json,29801,Doothalu Digivache,,0,1,0,none,,,no-english-lyrics; unbroken-lines,https://waytochurch.com/lyrics/song/29801
29805-nenaithe-nee-krupayandhu.json,29805,Nenaithe Nee Krupayandhu,,0,1,0,none,,,no-english-lyrics; unbroken-lines,https://waytochurch.com/lyrics/song/29805
29808-naa-hrudayam-neetho-nindene.json,29808,Naa Hrudayam Neetho Nindene,,0,1,0,none,,,no-english-lyrics; unbroken-lines,https://waytochurch.com/lyrics/song/29808
29809-abraham-gari-viswasam.json,29809,Abraham Gari Viswasam,,0,1,0,none,,,no-english-lyrics; unbroken-lines,https://waytochurch.com/lyrics/song/29809
29816-jeevahaaramu-kreesthe-kreesthe-jeevadhipathi.json,29816,Jeevahaaramu Kreesthe Kreesthe Jeevadhipathi,,0,1,0,none,,,no-english-lyrics; unbroken-lines,https://waytochurch.com/lyrics/song/29816
29822-raraju-puttenu-nigilo-thara-velisenu.json,29822,Raraju Puttenu Nigilo Thara Velisenu,PREM EVAN D,0,2,0,none,,Christmas,no-english-lyrics; unbroken-lines,https://waytochurch.com/lyrics/song/29822
29823-neevu-leka-kshanamaina.json,29823,NEEVU LEKA KSHANAMAINA,PREM EVAN D,0,9,0,none,,Praise Worship,no-english-lyrics; unbroken-lines,https://waytochurch.com/lyrics/song/29823
29831-santhosha-sambarame.json,29831,Santhosha Sambarame,,2,1,0,none,,Christmas,no-english-lyrics; unbroken-lines; stanza-count-mismatch te=2 en=0,https://waytochurch.com/lyrics/song/29831
29832-dharanilo-velasindu-la.json,29832,Dharanilo Velasindu La,,0,1,0,none,,Christmas,no-english-lyrics; unbroken-lines,https://waytochurch.com/lyrics/song/29832
29833-parisaraana-sasyamantha-hymnal.json,29833,Parisaraana Sasyamantha Hymnal,Translated : Kollkapu gopal Rao | Original Lyrics: O J Thompson,3,0,0,none,far and near feilds are teaming,Harvest,no-english-lyrics; unbroken-lines; stanza-count-mismatch te=3 en=0,https://waytochurch.com/lyrics/song/29833
29842-preme-naa-maargam-dheva.json,29842,Preme Naa Maargam Dheva,,0,1,0,none,,,no-english-lyrics; unbroken-lines,https://waytochurch.com/lyrics/song/29842
29852-karunathmude-kadilochchade.json,29852,Karunathmude Kadilochchade,,2,1,0,none,,Christmas,no-english-lyrics; unbroken-lines; stanza-count-mismatch te=2 en=0,https://waytochurch.com/lyrics/song/29852
29856-sarvalokana-santhosham.json,29856,Sarvalokana Santhosham,,0,4,0,none,SHARJAH UAE JLFGM,CHRISTMAS,no-english-lyrics; unbroken-lines,https://waytochurch.com/lyrics/song/29856
29857-endamavule-jeevanadhulai.json,29857,Endamavule Jeevanadhulai,,0,1,0,none,Shalem Cinemas,Praise Worship,no-english-lyrics; unbroken-lines,https://waytochurch.com/lyrics/song/29857
29860-kanikara-poornuda-na-yesaiah.json,29860,Kanikara Poornuda Na Yesaiah,,0,1,0,none,Holy tunes Telugu,Praise Worship,no-english-lyrics; unbroken-lines,https://waytochurch.com/lyrics/song/29860
29875-0.json,29875,లోకమునకు వెలుగుగా 0,,0,1,0,none,MARANATHA TEMPLE KUNCHANAPALLI,CHRISTMAS,no-english-lyrics; unbroken-lines; title-telugu-only,https://waytochurch.com/lyrics/song/29875
29876-janminchenu-emmanuelu.json,29876,Janminchenu Emmanuelu,Ps.Divya David,0,1,1,full,Divya David,CHRISTMAS,unbroken-lines,https://waytochurch.com/lyrics/song/29876
29878-song.json,29878,నీవు లేని క్షణము,,0,1,0,none,Bro. Paul Govada,,no-english-lyrics; unbroken-lines; title-telugu-only,https://waytochurch.com/lyrics/song/29878
29893-song.json,29893,చక్కనివాడమ్మ,Karipothu Veerraju,0,1,0,none,KARIPOTHU VEERRAJU,CHRISTMAS,no-english-lyrics; unbroken-lines; title-telugu-only,https://waytochurch.com/lyrics/song/29893
29894-song.json,29894,యూదుల రాజుగ,,0,1,0,none,SHARJAH UAE JLFGM,,no-english-lyrics; unbroken-lines; title-telugu-only,https://waytochurch.com/lyrics/song/29894
29895-song.json,29895,యేసు యేసు గొప్ప రాజు,,0,1,0,none,Living Bread,CHRISTMAS,no-english-lyrics; unbroken-lines; title-telugu-only,https://waytochurch.com/lyrics/song/29895
29908-nuthana-samvatsaramulo-naidoinchu-prabhuva.json,29908,Nuthana Samvatsaramulo Naidoinchu Prabhuva,Sis. Swaroopa Pradeep,0,1,0,none,waytoparadise worship,New Year,no-english-lyrics; unbroken-lines,https://waytochurch.com/lyrics/song/29908
29911-pravachana-saramu-prabavinchenu-ilalona.json,29911,Pravachana Saramu Prabavinchenu Ilalona,,0,1,0,none,Singer sruthi,CHRISTMAS,no-english-lyrics; unbroken-lines,https://waytochurch.com/lyrics/song/29911
29917-jalari-panduga.json,29917,JALARI PANDUGA,DR. R. SANTHI JYOTHI KUMAR,0,1,0,none,Samuel Karmoji,,no-english-lyrics; unbroken-lines,https://waytochurch.com/lyrics/song/29917
29918-song.json,29918,చేప కడుపులో యోనా,,0,1,0,none,grace studio,Praise Worship,no-english-lyrics; unbroken-lines; title-telugu-only,https://waytochurch.com/lyrics/song/29918
29925-viswadhipathi-vani-pogadi.json,29925,Viswadhipathi Vani Pogadi,BRO.PRAKASH GARU,0,1,0,none,JESUS CHANAN,Christmas,no-english-lyrics; unbroken-lines,https://waytochurch.com/lyrics/song/29925
29926-gathinchina-kaalamantha.json,29926,Gathinchina Kaalamantha,BRO.CH.SIVA,0,1,0,none,Son Of God Songs Telugu,New Year,no-english-lyrics; unbroken-lines,https://waytochurch.com/lyrics/song/29926
29929-yesu-raju-janminchinadu-nee-kosam.json,29929,Yesu Raju Janminchinadu Nee Kosam,,0,1,0,none,Singer prabhu,CHRISTMAS,no-english-lyrics; unbroken-lines,https://waytochurch.com/lyrics/song/29929
29932-bhayamesthunchi-yessaya.json,29932,Bhayamesthunchi Yessaya,,0,1,0,none,AI JESUS SONGS,"Gods Guidance, Prayer",no-english-lyrics; unbroken-lines,https://waytochurch.com/lyrics/song/29932
29933-lokanike-shubavartha.json,29933,Lokanike Shubavartha,,0,1,0,none,Angel Grace Kavala Ministries,,no-english-lyrics; unbroken-lines,https://waytochurch.com/lyrics/song/29933
29934-neelanti-prema-evvaru-chupaleru.json,29934,Neelanti Prema Evvaru Chupaleru,,0,1,0,none,Heaven Tune Worship,"Praise Worship, Gods Love",no-english-lyrics; unbroken-lines,https://waytochurch.com/lyrics/song/29934
29935-aaradhananku-arhuda.json,29935,Aaradhananku Arhuda,Sis. Priscilla Robert,0,1,0,none,UNITED CHURCH OFFICIAL,Christmas,no-english-lyrics; unbroken-lines,https://waytochurch.com/lyrics/song/29935
29938-andukonuma-swagatham.json,29938,Andukonuma Swagatham,,0,1,0,none,Nycil KK,Christmas,no-english-lyrics; unbroken-lines,https://waytochurch.com/lyrics/song/29938
29939-dhevude-yesu-dhevude-nazareyudaina-yesu.json,29939,Dhevude Yesu Dhevude Nazareyudaina Yesu,,0,1,0,none,Living in Christ,Gospel,no-english-lyrics; unbroken-lines,https://waytochurch.com/lyrics/song/29939
29940-yesu-kristhu-prabhuvu-andhariki-prabhuvu.json,29940,Yesu Kristhu Prabhuvu Andhariki Prabhuvu,,0,1,0,none,EVANGELIST UDAY PAUL,New Year,no-english-lyrics; unbroken-lines,https://waytochurch.com/lyrics/song/29940
29966-inthakaalam-mammunu.json,29966,Inthakaalam Mammunu,Pastor Daniel Raju P,0,1,0,none,Daniel Raju P,New Year,no-english-lyrics; unbroken-lines,https://waytochurch.com/lyrics/song/29966
29971-naa-vijaya-saaradhi-neeve.json,29971,NAA VIJAYA SAARADHI NEEVE,,0,1,0,none,Emmanuel Ministries Hyderabad,New Year,no-english-lyrics; unbroken-lines,https://waytochurch.com/lyrics/song/29971
29972-nutan-vatsar-subhavelalo.json,29972,Nutan Vatsar Subhavelalo,,0,1,0,none,Telugu Christian Songs,New Year,no-english-lyrics; unbroken-lines,https://waytochurch.com/lyrics/song/29972
29973-song.json,29973,ప్రభువా దృష్టించుము నాకు ఇబ్బంది కలిగెను,,0,1,0,none,Petra Christian Music,,no-english-lyrics; unbroken-lines; title-telugu-only,https://waytochurch.com/lyrics/song/29973
29977-song.json,29977,ప్రేమస్వరూపుడా,,0,1,0,none,Bro. Paul Govada,New Year,no-english-lyrics; unbroken-lines; title-telugu-only,https://waytochurch.com/lyrics/song/29977
29978-song.json,29978,సార్వభౌముడా నా యేసయ్యా,,0,1,0,none,HOLY RUNNING MINISTRIES,Praise Worship,no-english-lyrics; unbroken-lines; title-telugu-only,https://waytochurch.com/lyrics/song/29978
29979-vachindhi-kotha-samvacharam.json,29979,Vachindhi Kotha Samvacharam,,0,1,0,none,Everlight Music Telugu,New Year,no-english-lyrics; unbroken-lines,https://waytochurch.com/lyrics/song/29979
29988-aadharanakartha.json,29988,AADHARANAKARTHA,,0,1,0,none,Aadharanakartha Ministries Official,New Year,no-english-lyrics; unbroken-lines,https://waytochurch.com/lyrics/song/29988
29989-na-sthiraadharudaina-yessaya.json,29989,Na Sthiraadharudaina Yessaya,PS. John Halleluia Garu,0,1,0,none,HALLELUIA MINISTRIES OFFICIAL Mancha Elia Markapur,,no-english-lyrics; unbroken-lines,https://waytochurch.com/lyrics/song/29989
29990-song.json,29990,మరణమా జీవమా ఏది కోరుకుంది,,0,1,0,none,Kreesthu Sotthu Ministries,,no-english-lyrics; unbroken-lines; title-telugu-only,https://waytochurch.com/lyrics/song/29990
29991-song.json,29991,నా దేవా నే నీతో ఉంటా ప్రతిక్షణం,,0,1,0,none,Kreesthu Sotthu Ministries,,no-english-lyrics; unbroken-lines; title-telugu-only,https://waytochurch.com/lyrics/song/29991
30002-yesayya-naa-rajadhiraja.json,30002,Yesayya Naa Rajadhiraja,Kurinela Pavan,0,1,0,none,Worship Songs by Pavan,Praise Worship,no-english-lyrics; unbroken-lines,https://waytochurch.com/lyrics/song/30002
30008-na-gaanam-neevaiah.json,30008,Na Gaanam Neevaiah,,0,1,0,none,Living in Christ,Praise Worship,no-english-lyrics; unbroken-lines,https://waytochurch.com/lyrics/song/30008
30009-nee-krupa-lenidhe-ne-brathukagalana.json,30009,Nee Krupa Lenidhe Ne Brathukagalana,Naresh Rapaka,0,1,0,none,Naresh Rapaka Official,,no-english-lyrics; unbroken-lines,https://waytochurch.com/lyrics/song/30009
30010-song.json,30010,అనుభవించే ప్రతి యివి,,0,1,0,none,Cdm Eliah,New Year,no-english-lyrics; unbroken-lines; title-telugu-only,https://waytochurch.com/lyrics/song/30010
30011-song.json,30011,ఆదరించే వారు లేక,,0,1,0,none,Brother Manoj Official,New Year,no-english-lyrics; unbroken-lines; title-telugu-only,https://waytochurch.com/lyrics/song/30011
30019-yesu-na-sonthamai.json,30019,Yesu Na Sonthamai,,3,1,0,none,KVS SONGS,,no-english-lyrics; stanza-count-mismatch te=3 en=0,https://waytochurch.com/lyrics/song/30019
30024-song.json,30024,నా పక్షమందు,Pas.Ch.Kishore Babu Garu,0,1,0,none,KISHORE BABU VANUKURU,,no-english-lyrics; unbroken-lines; title-telugu-only,https://waytochurch.com/lyrics/song/30024
30054-song.json,30054,ప్రేమే జగతికి మూలం – యేసు క్రీస్తు ప్రేమ,,0,1,0,none,God's Revival Telugu,,no-english-lyrics; unbroken-lines; title-telugu-only,https://waytochurch.com/lyrics/song/30054
30058-vacchestunnadu-yesu-vacchestunnadu.json,30058,Vacchestunnadu Yesu Vacchestunnadu,,0,1,0,none,JOY WITH JESUS,Second Comming,no-english-lyrics; unbroken-lines,https://waytochurch.com/lyrics/song/30058
30066-song.json,30066,యేసు చెప్పెను నేనే మార్గము సత్యము జీవము,,2,1,0,none,JRR TELUGU CHRISTIAN SONGS,,no-english-lyrics; unbroken-lines; stanza-count-mismatch te=2 en=0; title-telugu-only,https://waytochurch.com/lyrics/song/30066
30067-i-naresh-rapaka.json,30067,I Naresh Rapaka,,0,1,0,none,Naresh Rapaka Official,,no-english-lyrics; unbroken-lines,https://waytochurch.com/lyrics/song/30067
30083-song.json,30083,స్తుతి కీర్తనలకు పాత్రుడైన,,0,1,0,none,"Beloveds Church, Fremont CA",,no-english-lyrics; unbroken-lines; title-telugu-only,https://waytochurch.com/lyrics/song/30083
30084-song.json,30084,పిలచిన వాడవు,BROTHER JOHN BANIAN { 90106 17955 },0,1,0,none,John Banian,,no-english-lyrics; unbroken-lines; title-telugu-only,https://waytochurch.com/lyrics/song/30084
30089-song.json,30089,యేసయ్యా… నన్ను వదలవు నీవు,,0,1,0,none,Yesu Aaradhana Telugu,Praise Worship,no-english-lyrics; unbroken-lines; title-telugu-only,https://waytochurch.com/lyrics/song/30089
30095-song.json,30095,దేవుని ఇష్టం,Br. Pastham Srinivas garu,0,1,0,none,Spirits Protection,,no-english-lyrics; unbroken-lines; title-telugu-only,https://waytochurch.com/lyrics/song/30095
30120-song.json,30120,నాకష్ట కాలములో ట్రాక్,,2,1,0,none,SFC MINISTRIES,,no-english-lyrics; unbroken-lines; stanza-count-mismatch te=2 en=0; title-telugu-only,https://waytochurch.com/lyrics/song/30120
30121-song.json,30121,బ్రతికించుకుంటాను,Sirivella Hanoch,0,1,0,none,SIRIVELLA HANOK OFFICIAL,,no-english-lyrics; unbroken-lines; title-telugu-only,https://waytochurch.com/lyrics/song/30121
30125-song.json,30125,విరిగిన నన్ను విలువగా మార్చిన యేసయ్యా,,0,1,0,none,Bells Of Joy,Praise Worship,no-english-lyrics; unbroken-lines; title-telugu-only,https://waytochurch.com/lyrics/song/30125
30126-song.json,30126,యేసయ్యా… నువ్వే నా ఆశ,,0,1,0,none,Rt Worship Telugu,Hope,no-english-lyrics; unbroken-lines; title-telugu-only,https://waytochurch.com/lyrics/song/30126
30133-song.json,30133,దావీదు వలెనే నాట్యమాడి,- Jesus songs Telugu,0,1,0,none,Jesus Songs telugu,,no-english-lyrics; unbroken-lines; title-telugu-only,https://waytochurch.com/lyrics/song/30133
30134-song.json,30134,కృప కలుగును గాక,Jonah Samuel,0,1,0,none,Jonah Samuel Official,,no-english-lyrics; unbroken-lines; title-telugu-only,https://waytochurch.com/lyrics/song/30134
30135-paripoornuda-na-yessaiah.json,30135,Paripoornuda Na Yessaiah,Pastor.Vatam Samuel,11,1,0,none,Samuel Vatam Official,,no-english-lyrics; stanza-count-mismatch te=11 en=0,https://waytochurch.com/lyrics/song/30135
30141-asayam-neeve-yessaiah-adharam-neve-messaiah.json,30141,Asayam Neeve Yessaiah Adharam Neve Messaiah,Bro N Pradeep Reddy (WayToParadise),0,1,0,none,WayToParadise Worship,Praise Worship,no-english-lyrics; unbroken-lines,https://waytochurch.com/lyrics/song/30141
30147-shalemu-raja-na-yessaiah.json,30147,Shalemu Raja Na Yessaiah,Sister Angel,3,1,0,none,Sister Angel,Thanks Giving,no-english-lyrics; stanza-count-mismatch te=3 en=0,https://waytochurch.com/lyrics/song/30147
30148-na-hrudhayam-nee-padhala-dhagare.json,30148,Na Hrudhayam Nee Padhala Dhagare,,0,1,0,none,Yesu Aaradhana Telugu,Praise Worship,no-english-lyrics; unbroken-lines,https://waytochurch.com/lyrics/song/30148
30153-entha-kalamo-e-andhakaramu.json,30153,Entha Kalamo E Andhakaramu,,0,1,0,none,Devotional Tunes,Confession,no-english-lyrics; unbroken-lines,https://waytochurch.com/lyrics/song/30153
30154-kalataleni-nidu-prema.json,30154,Kalataleni Nidu Prema,,0,1,0,none,WayToParadise Worship,"Praise Worship, Confession",no-english-lyrics; unbroken-lines,https://waytochurch.com/lyrics/song/30154
30155-song.json,30155,సిలువ వరకు వచ్చిన ప్రేమ,,0,1,0,none,Glory Tone Telugu Songs,,no-english-lyrics; unbroken-lines; title-telugu-only,https://waytochurch.com/lyrics/song/30155
30164-song.json,30164,వ్యర్థము వ్యర్థం సర్వము,,8,1,0,none,"Beloveds Church, Fremont CA",,no-english-lyrics; stanza-count-mismatch te=8 en=0; title-telugu-only,https://waytochurch.com/lyrics/song/30164
30165-song.json,30165,అంతము సమీపమైయున్నది,,3,1,0,none,KVS SONGS,,no-english-lyrics; unbroken-lines; stanza-count-mismatch te=3 en=0; title-telugu-only,https://waytochurch.com/lyrics/song/30165
30166-song.json,30166,పరిశుద్ధాత్మునిచే రేపబడుదాం రారాజు సైన్యమా మేల్కొనుము,,0,1,0,none,Dr V N Satish Kumar Songs,,no-english-lyrics; unbroken-lines; title-telugu-only,https://waytochurch.com/lyrics/song/30166
30168-song.json,30168,ఎన్ని తలచినా ఏదిఅడిగినా కన్నీరు తెప్పించే ఆరాధన గీతం,,0,1,0,none,The Songs of God,Praise Worship,no-english-lyrics; unbroken-lines; title-telugu-only,https://waytochurch.com/lyrics/song/30168
30169-song.json,30169,నీవే నా దిక్కు,,0,1,0,none,Pastor Anil,,no-english-lyrics; unbroken-lines; title-telugu-only,https://waytochurch.com/lyrics/song/30169
30170-song.json,30170,నీ సిలువే నా ఆశ,,0,1,0,none,B Satish Babu,Praise Worship,no-english-lyrics; unbroken-lines; title-telugu-only,https://waytochurch.com/lyrics/song/30170
30185-song.json,30185,ఏముంది నాలో నీ పరిశుద్ధత లేదే –,,0,1,0,none,WayToParadise Worship,Praise Worship,no-english-lyrics; unbroken-lines; title-telugu-only,https://waytochurch.com/lyrics/song/30185
30186-song.json,30186,దేవుని కంఠస్వరము సంఘమా గుర్తుపట్టాలి,,0,1,0,none,Dr V N Satish Kumar Songs,Praise Worship,no-english-lyrics; unbroken-lines; title-telugu-only,https://waytochurch.com/lyrics/song/30186
30187-song.json,30187,। ద్రాక్ష తోట నీది ।,,2,1,0,none,Nithya Suvartha Official,,no-english-lyrics; stanza-count-mismatch te=2 en=0; title-telugu-only,https://waytochurch.com/lyrics/song/30187
30188-song.json,30188,ప్రార్థన చేయాలని ఆశగా ఉందయ్యా,,0,8,0,none,Grace Melodies Telugu,,no-english-lyrics; unbroken-lines; title-telugu-only,https://waytochurch.com/lyrics/song/30188
30196-song.json,30196,యోగ్యుడనా నేను అర్హుడనా☦,Bro. Solomanraju,0,1,0,none,SOLOMAN RAJU SONGS,,no-english-lyrics; unbroken-lines; title-telugu-only,https://waytochurch.com/lyrics/song/30196
30201-song.json,30201,కలువరి గిరిలోన,Nagaraju Bandela,0,1,0,none,BANDELA NAGARAJU,Good Friday,no-english-lyrics; unbroken-lines; title-telugu-only,https://waytochurch.com/lyrics/song/30201
30203-deva-neeke-na-stuthi-padedan.json,30203,Deva Neeke Na Stuthi Padedan,,3,1,1,full,Messiah Ministries Guntur,,unbroken-lines,https://waytochurch.com/lyrics/song/30203
30204-song.json,30204,ధవళ వర్ణుడు,Bro.Murali,0,1,0,none,JS Melodies 🎶,,no-english-lyrics; unbroken-lines; title-telugu-only,https://waytochurch.com/lyrics/song/30204
30230-song.json,30230,మానవ జాతికి మనసుననీతి,,0,1,0,none,Nycil KK,,no-english-lyrics; unbroken-lines; title-telugu-only,https://waytochurch.com/lyrics/song/30230
30231-song.json,30231,పస్కాబలియాగం,Elder T.Solomon Raj garu,0,1,0,none,"A.O.Y Ministry, T. Solomon Raj",,no-english-lyrics; unbroken-lines; title-telugu-only,https://waytochurch.com/lyrics/song/30231
30232-song.json,30232,మా నిధులు నీ మహిమలో,,0,1,0,none,Pastor Krupakar m. sc,,no-english-lyrics; unbroken-lines; title-telugu-only,https://waytochurch.com/lyrics/song/30232
30233-song.json,30233,యేసయ్య ఓ నా యేసయ్య,,0,2,0,none,SCRIPTURE IN SONG,,no-english-lyrics; unbroken-lines; title-telugu-only,https://waytochurch.com/lyrics/song/30233
30236-song.json,30236,కనికర కాపరి క్రీస్తు కనికరము కొరకు కనిపెట్టుచు,,0,1,0,none,Dr V N Satish Kumar Songs,,no-english-lyrics; unbroken-lines; title-telugu-only,https://waytochurch.com/lyrics/song/30236
30237-divya-sakhuda.json,30237,Divya Sakhuda,,0,1,0,none,HOSANNA MINISTRIES OFFICIAL,,no-english-lyrics; unbroken-lines,https://waytochurch.com/lyrics/song/30237
30242-song.json,30242,అంతరంగ పురుషుడు సాధుగుణం,,0,1,0,none,Dr V N Satish Kumar Songs,Praise Worship,no-english-lyrics; unbroken-lines; title-telugu-only,https://waytochurch.com/lyrics/song/30242
30243-song.json,30243,పంపుము దేవా పనివారలను – పంటను కోయుటకు,Ps. D. John Augustine Garu 🙏,0,1,0,none,WayToParadise Worship,Praise Worship,no-english-lyrics; unbroken-lines; title-telugu-only,https://waytochurch.com/lyrics/song/30243
30244-song.json,30244,యేసయ్యా నీ ప్రేమ గొప్పది,,0,1,0,none,Bethel Prayer Ministries Intl,,no-english-lyrics; unbroken-lines; title-telugu-only,https://waytochurch.com/lyrics/song/30244
30251-ninu-matrame-ne-nammanaya.json,30251,Ninu Matrame Ne Nammanaya,John J,3,1,1,full,,Faith,unbroken-lines,https://waytochurch.com/lyrics/song/30251
30257-song.json,30257,గడచిన కాలం కృపలో మమ్ము,,0,1,0,none,Sion Pentecostal,,no-english-lyrics; unbroken-lines; title-telugu-only,https://waytochurch.com/lyrics/song/30257
30258-song.json,30258,ఏ క్షణమున ఏమౌనో,,0,1,0,none,K.Selvaraj,,no-english-lyrics; unbroken-lines; title-telugu-only,https://waytochurch.com/lyrics/song/30258
30263-song.json,30263,ఎలోహీం ఎల్షద్దాయి అదోనై,,0,1,0,none,Jesus Songs telugu,Praise Worship,no-english-lyrics; unbroken-lines; title-telugu-only,https://waytochurch.com/lyrics/song/30263
30265-song.json,30265,భవిష్యద్ జ్ఞానము పై నుండి వచ్చు జ్ఞానము,,0,1,0,none,Dr V N Satish Kumar Songs,,no-english-lyrics; unbroken-lines; title-telugu-only,https://waytochurch.com/lyrics/song/30265
30270-song.json,30270,ఆనంద గీతాలు నే పాడుతు,,0,1,0,none,Calvary Nestham,Praise Worship,no-english-lyrics; unbroken-lines; title-telugu-only,https://waytochurch.com/lyrics/song/30270
30271-song.json,30271,ఆ పసిపిల్లలు చేసిన తప్పేంటి,Vikas Ravuri,0,1,0,none,Zion rhythms Telugu,,no-english-lyrics; unbroken-lines; title-telugu-only,https://waytochurch.com/lyrics/song/30271
30275-song.json,30275,నీవే కావాలేసయ్యా,,0,1,0,none,HADASSA MINISTRIES,,no-english-lyrics; unbroken-lines; title-telugu-only,https://waytochurch.com/lyrics/song/30275
30276-song.json,30276,వర్ధిల్లేదన్,,1,1,0,none,JRR TELUGU CHRISTIAN SONGS,,no-english-lyrics; unbroken-lines; stanza-count-mismatch te=1 en=0; title-telugu-only,https://waytochurch.com/lyrics/song/30276
30277-song.json,30277,యేసయ్య నన్ను కనికరించావా,,0,1,0,none,Latest Christian Songs Telugu,,no-english-lyrics; unbroken-lines; title-telugu-only,https://waytochurch.com/lyrics/song/30277
30278-song.json,30278,దావీదు కుమారుడా,,0,1,0,none,VALLEY OF BERACHAH MINISTRIES,,no-english-lyrics; unbroken-lines; title-telugu-only,https://waytochurch.com/lyrics/song/30278
30283-song.json,30283,జీవజలపు ఊటవు నీవే,,0,1,0,none,Jesus Melody Hub,Praise Worship,no-english-lyrics; unbroken-lines; title-telugu-only,https://waytochurch.com/lyrics/song/30283
30284-song.json,30284,దేవుని వారసులము క్రీస్తులో నిత్యజీవ రాజ్య వారసులము,,0,1,0,none,Dr V N Satish Kumar Songs,,no-english-lyrics; unbroken-lines; title-telugu-only,https://waytochurch.com/lyrics/song/30284
30290-song.json,30290,నీకిష్టమైది కావాలి దేవునికి,,0,1,0,none,Andrew telugu christian music lyrics ♪,,no-english-lyrics; unbroken-lines; title-telugu-only,https://waytochurch.com/lyrics/song/30290
30291-song.json,30291,లోకాన్ని మోసింది యేసయ్య సిలువ,Anand Kumar Kattula,0,1,0,none,HopeMinute,Hope,no-english-lyrics; unbroken-lines; title-telugu-only,https://waytochurch.com/lyrics/song/30291
30298-song.json,30298,నా భారాన్ని నీ పాదాల దగ్గర ఉంచాను యేసయ్య,,0,1,0,none,కృపా గాన ధార,,no-english-lyrics; unbroken-lines; title-telugu-only,https://waytochurch.com/lyrics/song/30298
30303-song.json,30303,సృష్టికర్త దేవుడు కృపకలిగిన దేవుడు,,0,1,0,none,Murali Christian Songs,Praise Worship,no-english-lyrics; unbroken-lines; title-telugu-only,https://waytochurch.com/lyrics/song/30303
30305-song.json,30305,క్షమించుమో ప్రభో,Sis. Prasanthi Mortha,0,1,0,none,Prasanthi Mortha Official,,no-english-lyrics; unbroken-lines; title-telugu-only,https://waytochurch.com/lyrics/song/30305
30306-song.json,30306,సిలువ పై నివేదన,,0,1,0,none,Ravi kalam,,no-english-lyrics; unbroken-lines; title-telugu-only,https://waytochurch.com/lyrics/song/30306
30307-song.json,30307,జ్ఞాపకార్థ గీతం ప్రథమ వర్ధంతి,,0,1,0,none,Joycee Worship Telugu,,no-english-lyrics; unbroken-lines; title-telugu-only,https://waytochurch.com/lyrics/song/30307
30315-song.json,30315,శరణం ప్రభువా,Ps. Abhishek Devadas,0,1,0,none,FACE OF GOD - (Official) Abhishek Devadas,,no-english-lyrics; unbroken-lines; title-telugu-only,https://waytochurch.com/lyrics/song/30315
30316-song.json,30316,నాలోనే నీవు ఉన్నావు యేసయ్య,,0,1,0,none,Bro Ezekiel Official,,no-english-lyrics; unbroken-lines; title-telugu-only,https://waytochurch.com/lyrics/song/30316
30321-song.json,30321,పరవశమై సర్వశక్తుని దర్శన భాగ్యము పొందుము,,0,1,0,none,Dr V N Satish Kumar Songs,Praise Worship,no-english-lyrics; unbroken-lines; title-telugu-only,https://waytochurch.com/lyrics/song/30321
30322-song.json,30322,అద్భుత కృప నన్ను కాపాడెను,,0,1,0,none,truth Way 1M,Praise Worship,no-english-lyrics; unbroken-lines; title-telugu-only,https://waytochurch.com/lyrics/song/30322
30323-song.json,30323,సమస్త జనులరా యెహోవాకు ఉత్సాహధ్వని చేయుడి,,0,1,0,none,Murali Christian Songs,Praise Worship,no-english-lyrics; unbroken-lines; title-telugu-only,https://waytochurch.com/lyrics/song/30323
30326-song.json,30326,నా సహాయకుడు,PASTOR KORNELI,0,1,0,none,Bro Korneli,,no-english-lyrics; unbroken-lines; title-telugu-only,https://waytochurch.com/lyrics/song/30326
30329-kaluvarilo-chindinpabadenu-yesu-raktamu.json,30329,Kaluvarilo Chindinpabadenu Yesu Raktamu,,0,1,0,none,WayToParadise Worship,"Praise Worship, Good Friday",no-english-lyrics; unbroken-lines,https://waytochurch.com/lyrics/song/30329
30333-song.json,30333,కరములే కరములు యేసయ్యా,,0,1,0,none,Pastor Roshan Kumar Official,,no-english-lyrics; unbroken-lines; title-telugu-only,https://waytochurch.com/lyrics/song/30333
30335-song.json,30335,👉 దేవుని ఉగ్రత 🔥 నా మహిమను దోచుకున్నవాడా… మేలుకో,,0,1,0,none,Dr V N Satish Kumar Songs,,no-english-lyrics; unbroken-lines; title-telugu-only,https://waytochurch.com/lyrics/song/30335
30350-song.json,30350,జగములనేలె పరిపాలకతెలుగు క్రిస్టియన్ సాంగ్,,0,1,0,none,Rapha Church of Nations,,no-english-lyrics; unbroken-lines; title-telugu-only,https://waytochurch.com/lyrics/song/30350
30351-song.json,30351,కుమ్మరించుము నీ ఆత్మను నాపై,,0,1,0,none,Penuel Baptist Church Official,,no-english-lyrics; unbroken-lines; title-telugu-only,https://waytochurch.com/lyrics/song/30351
30352-song.json,30352,సమానులెవరు ప్రభో ఆంధ్ర క్రైస్తవ కీర్తనలు,,0,1,0,none,Balavari Gospel Studio,,no-english-lyrics; unbroken-lines; title-telugu-only,https://waytochurch.com/lyrics/song/30352
30353-song.json,30353,నోరు తెరువని ప్రేమ,,2,1,0,none,WayToParadise Worship,"Praise Worship, Good Friday",no-english-lyrics; unbroken-lines; stanza-count-mismatch te=2 en=0; title-telugu-only,https://waytochurch.com/lyrics/song/30353
30357-chupinava-nidhu-prema.json,30357,Chupinava Nidhu Prema,,0,1,0,none,Bro.Rambabu rayalam,Good Friday,no-english-lyrics; unbroken-lines,https://waytochurch.com/lyrics/song/30357
30358-yesulone-sampoornatha.json,30358,Yesulone Sampoornatha,,0,1,0,none,Dr V N Satish Kumar Songs,Good Friday,no-english-lyrics; unbroken-lines,https://waytochurch.com/lyrics/song/30358
30359-annivelala-anandame.json,30359,Annivelala Anandame,Pastor P.V. Moses Rao,0,1,0,none,PV Moses Rao,Second Comming,no-english-lyrics; unbroken-lines,https://waytochurch.com/lyrics/song/30359
30361-maranamu-gelachina-na-dhivama.json,30361,Maranamu Gelachina Na Dhivama,Bro. Nissi Samuel Lingibheri,0,1,0,none,WayToParadise Worship,"Praise Worship, Easter",no-english-lyrics; unbroken-lines,https://waytochurch.com/lyrics/song/30361
30362-song.json,30362,మరణాన్ని గెలిచినోడు,MARANAANNI GELACHINODU,0,1,0,none,Joel N Bob - SAMARPAN D Worship Band,,no-english-lyrics; unbroken-lines; title-telugu-only,https://waytochurch.com/lyrics/song/30362
30371-song.json,30371,ఇశ్రాయేలు కాపరి,,0,1,0,none,Syam Ezekiel,,no-english-lyrics; unbroken-lines; title-telugu-only,https://waytochurch.com/lyrics/song/30371
30374-song.json,30374,ప్రేమకు ప్రతిఫలముప్రాణ త్యాగమా,,0,1,0,none,Dr Satish Kumar,,no-english-lyrics; unbroken-lines; title-telugu-only,https://waytochurch.com/lyrics/song/30374
30384-song.json,30384,ఇమ్మానుయేలనువాడా ఉన్నావు నాతోడు,Dr. M.Moses,0,1,0,none,Sthuthi Ganam,,no-english-lyrics; unbroken-lines; title-telugu-only,https://waytochurch.com/lyrics/song/30384
30388-song.json,30388,దివ్య తేజోమయ యేసయ్య,,0,1,0,none,Rapha Church of Nations,,no-english-lyrics; unbroken-lines; title-telugu-only,https://waytochurch.com/lyrics/song/30388
30396-rajadhi-raju-mahimaanvithudu.json,30396,Rajadhi Raju Mahimaanvithudu,"Pr. P. P. Mathew, Paippad",0,1,1,full,Music: Grace Tracks,Second Comming,unbroken-lines,https://waytochurch.com/lyrics/song/30396
30398-aaradhana-chethunu-anni-veylalaa.json,30398,Aaradhana Chethunu Anni Veylalaa,Bro Palaparthi Prabhudas,0,1,1,full,,Praise Worship,unbroken-lines,https://waytochurch.com/lyrics/song/30398
